cutoff,encoder_cutoff,role,state,n,role_n,up_n,up_rate,share,supported,mean_market5_outside_any,mean_market5_outside_fraction,mean_market5_mean_squared_raw_z,mean_decoded25_outside_any,mean_decoded25_outside_fraction,mean_decoded25_mean_squared_raw_z,mean_outside_trend60,mean_outside_volatility20,mean_outside_range20,mean_outside_volume_change20,mean_outside_order60,mean_trend60,mean_volatility20,mean_range20,mean_volume_change20,mean_order60
2020-12-31,2020-12-31,annual,negative_low,102,1212,66,0.6470588235294118,0.08415841584158416,True,0.00980392156862745,0.00196078431372549,0.6271005270627921,0.33986928104575154,0.0261437908496732,1.1363817305037645,0.0,0.0,0.0,0.00980392156862745,0.0,-0.3379396591309766,0.0072108384675195,0.01041764877110361,-0.07368899732162155,-0.029622244377977187
2020-12-31,2020-12-31,annual,negative_high,353,1212,199,0.5637393767705382,0.29125412541254125,True,0.11048158640226628,0.029461756373937678,1.3582481572912195,0.2880075542965061,0.02190745986779981,1.0618051515416602,0.036827195467422094,0.036827195467422094,0.036827195467422094,0.0084985835694051,0.028328611898016998,-0.691204814928565,0.015492051345127529,0.01841690745901095,-0.06200404258250762,-0.04902610393559642
2020-12-31,2020-12-31,annual,nonnegative_low,504,1212,276,0.5476190476190477,0.4158415841584158,True,0.08134920634920635,0.021031746031746033,0.7805918616226097,0.24669312169312171,0.019365079365079366,0.9768695272099891,0.017857142857142856,0.025793650793650792,0.025793650793650792,0.013888888888888888,0.021825396825396824,0.8395772684586006,0.006994279156288254,0.010089530656912229,0.05478437338787034,0.022986727647744596
2020-12-31,2020-12-31,annual,nonnegative_high,253,1212,135,0.5335968379446641,0.20874587458745875,True,0.07905138339920949,0.016600790513833997,1.0875725235494027,0.2766798418972332,0.02308300395256917,0.9641098282902537,0.015810276679841896,0.0,0.0,0.05928853754940711,0.007905138339920948,0.9609009847806069,0.014488236209639268,0.01696805241572548,0.013165584607050558,-0.00016524865456332046
2020-12-31,2020-12-31,added,negative_low,0,0,0,,,False,,,,,,,,,,,,,,,,
2020-12-31,2020-12-31,added,negative_high,0,0,0,,,False,,,,,,,,,,,,,,,,
2020-12-31,2020-12-31,added,nonnegative_low,0,0,0,,,False,,,,,,,,,,,,,,,,
2020-12-31,2020-12-31,added,nonnegative_high,0,0,0,,,False,,,,,,,,,,,,,,,,
2020-12-31,2020-12-31,removed,negative_low,0,0,0,,,False,,,,,,,,,,,,,,,,
2020-12-31,2020-12-31,removed,negative_high,0,0,0,,,False,,,,,,,,,,,,,,,,
2020-12-31,2020-12-31,removed,nonnegative_low,0,0,0,,,False,,,,,,,,,,,,,,,,
2020-12-31,2020-12-31,removed,nonnegative_high,0,0,0,,,False,,,,,,,,,,,,,,,,
2020-12-31,2020-12-31,retained,negative_low,102,1212,66,0.6470588235294118,0.08415841584158416,True,0.00980392156862745,0.00196078431372549,0.6271005270627921,0.33986928104575154,0.0261437908496732,1.1363817305037645,0.0,0.0,0.0,0.00980392156862745,0.0,-0.3379396591309766,0.0072108384675195,0.01041764877110361,-0.07368899732162155,-0.029622244377977187
2020-12-31,2020-12-31,retained,negative_high,353,1212,199,0.5637393767705382,0.29125412541254125,True,0.11048158640226628,0.029461756373937678,1.3582481572912195,0.2880075542965061,0.02190745986779981,1.0618051515416602,0.036827195467422094,0.036827195467422094,0.036827195467422094,0.0084985835694051,0.028328611898016998,-0.691204814928565,0.015492051345127529,0.01841690745901095,-0.06200404258250762,-0.04902610393559642
2020-12-31,2020-12-31,retained,nonnegative_low,504,1212,276,0.5476190476190477,0.4158415841584158,True,0.08134920634920635,0.021031746031746033,0.7805918616226097,0.24669312169312171,0.019365079365079366,0.9768695272099891,0.017857142857142856,0.025793650793650792,0.025793650793650792,0.013888888888888888,0.021825396825396824,0.8395772684586006,0.006994279156288254,0.010089530656912229,0.05478437338787034,0.022986727647744596
2020-12-31,2020-12-31,retained,nonnegative_high,253,1212,135,0.5335968379446641,0.20874587458745875,True,0.07905138339920949,0.016600790513833997,1.0875725235494027,0.2766798418972332,0.02308300395256917,0.9641098282902537,0.015810276679841896,0.0,0.0,0.05928853754940711,0.007905138339920948,0.9609009847806069,0.014488236209639268,0.01696805241572548,0.013165584607050558,-0.00016524865456332046
2020-12-31,2020-12-31,both,negative_low,102,1212,66,0.6470588235294118,0.08415841584158416,True,0.00980392156862745,0.00196078431372549,0.6271005270627921,0.33986928104575154,0.0261437908496732,1.1363817305037645,0.0,0.0,0.0,0.00980392156862745,0.0,-0.3379396591309766,0.0072108384675195,0.01041764877110361,-0.07368899732162155,-0.029622244377977187
2020-12-31,2020-12-31,both,negative_high,353,1212,199,0.5637393767705382,0.29125412541254125,True,0.11048158640226628,0.029461756373937678,1.3582481572912195,0.2880075542965061,0.02190745986779981,1.0618051515416602,0.036827195467422094,0.036827195467422094,0.036827195467422094,0.0084985835694051,0.028328611898016998,-0.691204814928565,0.015492051345127529,0.01841690745901095,-0.06200404258250762,-0.04902610393559642
2020-12-31,2020-12-31,both,nonnegative_low,504,1212,276,0.5476190476190477,0.4158415841584158,True,0.08134920634920635,0.021031746031746033,0.7805918616226097,0.24669312169312171,0.019365079365079366,0.9768695272099891,0.017857142857142856,0.025793650793650792,0.025793650793650792,0.013888888888888888,0.021825396825396824,0.8395772684586006,0.006994279156288254,0.010089530656912229,0.05478437338787034,0.022986727647744596
2020-12-31,2020-12-31,both,nonnegative_high,253,1212,135,0.5335968379446641,0.20874587458745875,True,0.07905138339920949,0.016600790513833997,1.0875725235494027,0.2766798418972332,0.02308300395256917,0.9641098282902537,0.015810276679841896,0.0,0.0,0.05928853754940711,0.007905138339920948,0.9609009847806069,0.014488236209639268,0.01696805241572548,0.013165584607050558,-0.00016524865456332046
2021-03-31,2020-12-31,annual,negative_low,102,1212,66,0.6470588235294118,0.08415841584158416,True,0.00980392156862745,0.00196078431372549,0.6271005270627921,0.33986928104575154,0.0261437908496732,1.1363817305037645,0.0,0.0,0.0,0.00980392156862745,0.0,-0.3379396591309766,0.0072108384675195,0.01041764877110361,-0.07368899732162155,-0.029622244377977187
2021-03-31,2020-12-31,annual,negative_high,353,1212,199,0.5637393767705382,0.29125412541254125,True,0.11048158640226628,0.029461756373937678,1.3582481572912195,0.2880075542965061,0.02190745986779981,1.0618051515416602,0.036827195467422094,0.036827195467422094,0.036827195467422094,0.0084985835694051,0.028328611898016998,-0.691204814928565,0.015492051345127529,0.01841690745901095,-0.06200404258250762,-0.04902610393559642
2021-03-31,2020-12-31,annual,nonnegative_low,504,1212,276,0.5476190476190477,0.4158415841584158,True,0.08134920634920635,0.021031746031746033,0.7805918616226097,0.24669312169312171,0.019365079365079366,0.9768695272099891,0.017857142857142856,0.025793650793650792,0.025793650793650792,0.013888888888888888,0.021825396825396824,0.8395772684586006,0.006994279156288254,0.010089530656912229,0.05478437338787034,0.022986727647744596
2021-03-31,2020-12-31,annual,nonnegative_high,253,1212,135,0.5335968379446641,0.20874587458745875,True,0.07905138339920949,0.016600790513833997,1.0875725235494027,0.2766798418972332,0.02308300395256917,0.9641098282902537,0.015810276679841896,0.0,0.0,0.05928853754940711,0.007905138339920948,0.9609009847806069,0.014488236209639268,0.01696805241572548,0.013165584607050558,-0.00016524865456332046
2021-03-31,2020-12-31,added,negative_low,0,58,0,,0.0,False,,,,,,,,,,,,,,,,
2021-03-31,2020-12-31,added,negative_high,4,58,4,1.0,0.06896551724137931,False,0.0,0.0,1.2018565428587742,0.25,0.02,1.0173097204787134,0.0,0.0,0.0,0.0,0.0,-0.04473083315813319,0.01816801497300795,0.023589239821279362,-0.10662214078272747,-0.048870056497175136
2021-03-31,2020-12-31,added,nonnegative_low,12,58,10,0.8333333333333334,0.20689655172413793,False,0.0,0.0,0.6660646586103485,0.47222222222222215,0.04222222222222222,1.0732617872827792,0.0,0.0,0.0,0.0,0.0,1.5332318252702326,0.009103960987256373,0.013266302628822802,0.06845170654989079,0.057062146892655374
2021-03-31,2020-12-31,added,nonnegative_high,42,58,13,0.30952380952380953,0.7241379310344828,True,0.0,0.0,0.87847418094163,0.25396825396825395,0.01746031746031746,0.8251208832833855,0.0,0.0,0.0,0.0,0.0,1.1975266359021053,0.01467638199862303,0.020000588641174082,0.1083493955040734,-0.02746838848533764
2021-03-31,2020-12-31,removed,negative_low,0,59,0,,0.0,False,,,,,,,,,,,,,,,,
2021-03-31,2020-12-31,removed,negative_high,56,59,32,0.5714285714285714,0.9491525423728814,True,0.44642857142857145,0.1357142857142857,4.12127885906358,0.36309523809523814,0.02619047619047619,1.1693740971509186,0.017857142857142856,0.23214285714285715,0.23214285714285715,0.017857142857142856,0.17857142857142858,-0.9616643619882215,0.023534425564618038,0.026988831694366947,-0.038694574249039375,-0.21638418079096042
2021-03-31,2020-12-31,removed,nonnegative_low,0,59,0,,0.0,False,,,,,,,,,,,,,,,,
2021-03-31,2020-12-31,removed,nonnegative_high,3,59,0,0.0,0.05084745762711865,False,0.0,0.0,1.0670318753539336,0.4444444444444444,0.035555555555555556,1.0367955681423688,0.0,0.0,0.0,0.0,0.0,0.17098424910652377,0.020572591015318675,0.02048297312608378,0.07717563779661181,-0.055367231638418085
2021-03-31,2020-12-31,retained,negative_low,102,1153,66,0.6470588235294118,0.08846487424111014,True,0.00980392156862745,0.00196078431372549,0.6271005270627921,0.33986928104575154,0.0261437908496732,1.1363817305037645,0.0,0.0,0.0,0.00980392156862745,0.0,-0.3379396591309766,0.0072108384675195,0.01041764877110361,-0.07368899732162155,-0.029622244377977187
2021-03-31,2020-12-31,retained,negative_high,297,1153,167,0.5622895622895623,0.2575888985255854,True,0.04713804713804714,0.009427609427609427,0.8372726714351516,0.2738496071829405,0.021099887766554436,1.041522791426783,0.04040404040404041,0.0,0.0,0.006734006734006734,0.0,-0.6402090754156331,0.013975644084886895,0.01680065238433103,-0.06639909385077099,-0.017470372272632158
2021-03-31,2020-12-31,retained,nonnegative_low,504,1153,276,0.5476190476190477,0.4371205550737207,True,0.08134920634920635,0.021031746031746033,0.7805918616226097,0.24669312169312171,0.019365079365079366,0.9768695272099891,0.017857142857142856,0.025793650793650792,0.025793650793650792,0.013888888888888888,0.021825396825396824,0.8395772684586006,0.006994279156288254,0.010089530656912229,0.05478437338787034,0.022986727647744596
2021-03-31,2020-12-31,retained,nonnegative_high,250,1153,135,0.54,0.2168256721595837,True,0.08,0.016800000000000002,1.0878190113277484,0.2746666666666666,0.02293333333333333,0.9632375994120282,0.016,0.0,0.0,0.06,0.008,0.970379985608696,0.014415223951971114,0.016925873367201177,0.012397463968775824,0.0004971751412429341
2021-03-31,2020-12-31,both,negative_low,102,1211,66,0.6470588235294118,0.08422791081750619,True,0.00980392156862745,0.00196078431372549,0.6271005270627921,0.33986928104575154,0.0261437908496732,1.1363817305037645,0.0,0.0,0.0,0.00980392156862745,0.0,-0.3379396591309766,0.0072108384675195,0.01041764877110361,-0.07368899732162155,-0.029622244377977187
2021-03-31,2020-12-31,both,negative_high,301,1211,171,0.5681063122923588,0.24855491329479767,True,0.046511627906976744,0.009302325581395349,0.8421176398261633,0.27353266888150607,0.02108527131782946,1.0412010230420912,0.03986710963455149,0.0,0.0,0.006644518272425249,0.0,-0.63229574329261,0.014031356654828705,0.016890866170868546,-0.066933619391395,-0.01788764382378888
2021-03-31,2020-12-31,both,nonnegative_low,516,1211,286,0.5542635658914729,0.42609413707679605,True,0.07945736434108527,0.020542635658914732,0.7779284382967432,0.25193798449612403,0.019896640826873382,0.979111207676798,0.01744186046511628,0.025193798449612403,0.025193798449612403,0.013565891472868217,0.02131782945736434,0.8557087697798016,0.007043341524450303,0.010163409074863638,0.05510221834512663,0.02377917925809136
2021-03-31,2020-12-31,both,nonnegative_high,292,1211,148,0.5068493150684932,0.24112303881090008,True,0.0684931506849315,0.014383561643835616,1.057707768600978,0.27168949771689493,0.02214611872146119,0.9433714964072233,0.0136986301369863,0.0,0.0,0.05136986301369863,0.00684931506849315,1.003051764075556,0.014452787780599129,0.017368126934005503,0.026198769189606296,-0.003525268942032351
2021-06-30,2020-12-31,annual,negative_low,102,1212,66,0.6470588235294118,0.08415841584158416,True,0.00980392156862745,0.00196078431372549,0.6271005270627921,0.33986928104575154,0.0261437908496732,1.1363817305037645,0.0,0.0,0.0,0.00980392156862745,0.0,-0.3379396591309766,0.0072108384675195,0.01041764877110361,-0.07368899732162155,-0.029622244377977187
2021-06-30,2020-12-31,annual,negative_high,353,1212,199,0.5637393767705382,0.29125412541254125,True,0.11048158640226628,0.029461756373937678,1.3582481572912195,0.2880075542965061,0.02190745986779981,1.0618051515416602,0.036827195467422094,0.036827195467422094,0.036827195467422094,0.0084985835694051,0.028328611898016998,-0.691204814928565,0.015492051345127529,0.01841690745901095,-0.06200404258250762,-0.04902610393559642
2021-06-30,2020-12-31,annual,nonnegative_low,504,1212,276,0.5476190476190477,0.4158415841584158,True,0.08134920634920635,0.021031746031746033,0.7805918616226097,0.24669312169312171,0.019365079365079366,0.9768695272099891,0.017857142857142856,0.025793650793650792,0.025793650793650792,0.013888888888888888,0.021825396825396824,0.8395772684586006,0.006994279156288254,0.010089530656912229,0.05478437338787034,0.022986727647744596
2021-06-30,2020-12-31,annual,nonnegative_high,253,1212,135,0.5335968379446641,0.20874587458745875,True,0.07905138339920949,0.016600790513833997,1.0875725235494027,0.2766798418972332,0.02308300395256917,0.9641098282902537,0.015810276679841896,0.0,0.0,0.05928853754940711,0.007905138339920948,0.9609009847806069,0.014488236209639268,0.01696805241572548,0.013165584607050558,-0.00016524865456332046
2021-06-30,2020-12-31,added,negative_low,11,118,7,0.6363636363636364,0.09322033898305085,False,0.0,0.0,0.482381915611473,0.4242424242424242,0.019393939393939394,1.0896237532217279,0.0,0.0,0.0,0.0,0.0,-0.5856085088159155,0.009461104029486717,0.01428969403118625,0.00809971770825222,-0.11484334874165382
2021-06-30,2020-12-31,added,negative_high,37,118,23,0.6216216216216216,0.3135593220338983,True,0.0,0.0,0.6132338010240188,0.29729729729729726,0.016936936936936937,0.9275323847821912,0.0,0.0,0.0,0.0,0.0,-0.5021053245188566,0.01253604997624575,0.01666960041265211,-0.11597747319186323,-0.07671400213773094
2021-06-30,2020-12-31,added,nonnegative_low,17,118,13,0.7647058823529411,0.1440677966101695,False,0.0,0.0,0.5221183711555817,0.37254901960784315,0.03294117647058824,1.056684741907877,0.0,0.0,0.0,0.0,0.0,1.1568445063230168,0.009189010992703334,0.013521768212028808,0.06058689082237583,0.0128946493851778
2021-06-30,2020-12-31,added,nonnegative_high,53,118,16,0.3018867924528302,0.4491525423728814,True,0.0,0.0,0.7892814186219681,0.27044025157232704,0.017861635220125783,0.8441795965863982,0.0,0.0,0.0,0.0,0.0,0.9927068397616923,0.014312576893068078,0.019390308940718953,0.04755419564230619,-0.035689158938279494
2021-06-30,2020-12-31,removed,negative_low,4,120,2,0.5,0.03333333333333333,False,0.25,0.05,0.6798105361707774,0.49999999999999994,0.07333333333333333,1.4632058810297797,0.0,0.0,0.0,0.25,0.0,-0.14578368009897907,0.009393346709032127,0.013126128481263488,-0.5361832765466463,-0.07570621468926553
2021-06-30,2020-12-31,removed,negative_high,77,120,50,0.6493506493506493,0.6416666666666667,True,0.3246753246753247,0.09870129870129869,3.159880030944183,0.3636363636363637,0.029090909090909094,1.183542368837857,0.012987012987012988,0.16883116883116883,0.16883116883116883,0.012987012987012988,0.12987012987012986,-0.7777583917974842,0.020270785430237023,0.023472218336515683,0.017188034488775327,-0.19567099567099563
2021-06-30,2020-12-31,removed,nonnegative_low,16,120,7,0.4375,0.13333333333333333,False,0.0,0.0,0.3300204109522487,0.5208333333333333,0.03666666666666667,1.3290806517206324,0.0,0.0,0.0,0.0,0.0,0.5144078046460152,0.00895051436010663,0.012825999618774002,-0.2298962874182664,-0.07846045197740113
2021-06-30,2020-12-31,removed,nonnegative_high,23,120,6,0.2608695652173913,0.19166666666666668,True,0.08695652173913043,0.017391304347826087,0.5533328759464934,0.36231884057971014,0.032463768115942024,1.1092641617118497,0.0,0.0,0.0,0.08695652173913043,0.0,0.21468443799294262,0.012137135519155467,0.014985409069233896,-0.23576394115107885,-0.09236059936133628
2021-06-30,2020-12-31,retained,negative_low,98,1092,64,0.6530612244897959,0.08974358974358974,True,0.0,0.0,0.6249490981196089,0.3333333333333333,0.02421768707482993,1.1230419692578046,0.0,0.0,0.0,0.0,0.0,-0.34578276031595606,0.0071217564984781675,0.010307098578852189,-0.05481167980223279,-0.027741265997924595
2021-06-30,2020-12-31,retained,negative_high,276,1092,149,0.5398550724637681,0.25274725274725274,True,0.050724637681159424,0.010144927536231883,0.8556189751489074,0.26690821256038644,0.01990338164251208,1.0278422322235183,0.043478260869565216,0.0,0.0,0.007246376811594203,0.0,-0.6670576213818012,0.01415885379239771,0.017006548989562168,-0.08409748437413365,-0.00811430442970605
2021-06-30,2020-12-31,retained,nonnegative_low,488,1092,269,0.5512295081967213,0.4468864468864469,True,0.08401639344262295,0.02172131147540984,0.7953646960708182,0.23770491803278684,0.018797814207650275,0.9653216214883287,0.018442622950819672,0.02663934426229508,0.02663934426229508,0.014344262295081968,0.022540983606557378,0.8502385623540952,0.006930140297146669,0.009999810363080695,0.0641181655454486,0.026312864684634618
2021-06-30,2020-12-31,retained,nonnegative_high,230,1092,129,0.5608695652173913,0.21062271062271062,True,0.0782608695652174,0.01652173913043478,1.1409964883096935,0.2681159420289855,0.022144927536231887,0.9495943949480941,0.017391304347826087,0.0,0.0,0.05652173913043478,0.008695652173913044,1.0355226394593735,0.014723346278687648,0.01716631675037464,0.0380585371828635,0.00905428641611397
2021-06-30,2020-12-31,both,negative_low,109,1210,71,0.6513761467889908,0.09008264462809917,True,0.0,0.0,0.6105615842885126,0.3425076452599389,0.023730886850152903,1.1196694887404026,0.0,0.0,0.0,0.0,0.0,-0.36998535878842903,0.007357837441974444,0.010709011881381313,-0.0484628231727343,-0.03653138443995231
2021-06-30,2020-12-31,both,negative_high,313,1210,172,0.549520766773163,0.25867768595041324,True,0.04472843450479233,0.008945686900958467,0.8269664146293517,0.2705005324813632,0.019552715654952074,1.0159845186282177,0.038338658146964855,0.0,0.0,0.006389776357827476,0.0,-0.6475584680785139,0.013967020753427668,0.01696671800762711,-0.08786604535258731,-0.016223533871229764
2021-06-30,2020-12-31,both,nonnegative_low,505,1210,282,0.5584158415841585,0.41735537190082644,True,0.08118811881188119,0.02099009900990099,0.7861663049350577,0.2422442244224422,0.019273927392739275,0.9683972116806698,0.01782178217821782,0.02574257425742574,0.02574257425742574,0.013861386138613862,0.02178217821782178,0.8605599505669105,0.007006181488878279,0.01011837132037202,0.06399929095081051,0.025861162387425186
2021-06-30,2020-12-31,both,nonnegative_high,283,1210,145,0.5123674911660777,0.23388429752066114,True,0.0636042402826855,0.01342756183745583,1.0751275883328404,0.26855123674911663,0.021342756183745586,0.9298524009086244,0.014134275618374558,0.0,0.0,0.045936395759717315,0.007067137809187279,1.0275041328022105,0.014646417736504477,0.017582824121711204,0.0398368760462927,0.0006747719151144954
2021-09-30,2020-12-31,annual,negative_low,102,1212,66,0.6470588235294118,0.08415841584158416,True,0.00980392156862745,0.00196078431372549,0.6271005270627921,0.33986928104575154,0.0261437908496732,1.1363817305037645,0.0,0.0,0.0,0.00980392156862745,0.0,-0.3379396591309766,0.0072108384675195,0.01041764877110361,-0.07368899732162155,-0.029622244377977187
2021-09-30,2020-12-31,annual,negative_high,353,1212,199,0.5637393767705382,0.29125412541254125,True,0.11048158640226628,0.029461756373937678,1.3582481572912195,0.2880075542965061,0.02190745986779981,1.0618051515416602,0.036827195467422094,0.036827195467422094,0.036827195467422094,0.0084985835694051,0.028328611898016998,-0.691204814928565,0.015492051345127529,0.01841690745901095,-0.06200404258250762,-0.04902610393559642
2021-09-30,2020-12-31,annual,nonnegative_low,504,1212,276,0.5476190476190477,0.4158415841584158,True,0.08134920634920635,0.021031746031746033,0.7805918616226097,0.24669312169312171,0.019365079365079366,0.9768695272099891,0.017857142857142856,0.025793650793650792,0.025793650793650792,0.013888888888888888,0.021825396825396824,0.8395772684586006,0.006994279156288254,0.010089530656912229,0.05478437338787034,0.022986727647744596
2021-09-30,2020-12-31,annual,nonnegative_high,253,1212,135,0.5335968379446641,0.20874587458745875,True,0.07905138339920949,0.016600790513833997,1.0875725235494027,0.2766798418972332,0.02308300395256917,0.9641098282902537,0.015810276679841896,0.0,0.0,0.05928853754940711,0.007905138339920948,0.9609009847806069,0.014488236209639268,0.01696805241572548,0.013165584607050558,-0.00016524865456332046
2021-09-30,2020-12-31,added,negative_low,13,182,9,0.6923076923076923,0.07142857142857142,False,0.0,0.0,0.45680408452337196,0.3589743589743589,0.01641025641025641,1.0538287612470614,0.0,0.0,0.0,0.0,0.0,-0.5099183930664012,0.00950608916875833,0.014025029296098446,0.006739438375299154,-0.1156019122120817
2021-09-30,2020-12-31,added,negative_high,79,182,45,0.569620253164557,0.4340659340659341,True,0.0,0.0,0.6351598619860803,0.3502109704641351,0.027172995780590722,1.1480445929203258,0.0,0.0,0.0,0.0,0.0,-0.5535123446409611,0.012678694326562451,0.01656752702023141,0.046460553769555164,-0.09236930558535363
2021-09-30,2020-12-31,added,nonnegative_low,25,182,16,0.64,0.13736263736263737,True,0.0,0.0,0.45824101535950235,0.4,0.03679999999999999,1.1197675173953714,0.0,0.0,0.0,0.0,0.0,0.9299562097750403,0.00870047810131181,0.013315386334845622,0.00533268011784088,-0.021197740112994346
2021-09-30,2020-12-31,added,nonnegative_high,65,182,18,0.27692307692307694,0.35714285714285715,True,0.0,0.0,0.7309820371944268,0.30769230769230776,0.025230769230769234,0.9365057215552179,0.0,0.0,0.0,0.0,0.0,0.8438433316635584,0.013564896086141885,0.01817471925860396,0.07754709532080842,-0.056479791395045637
2021-09-30,2020-12-31,removed,negative_low,9,184,6,0.6666666666666666,0.04891304347826087,False,0.1111111111111111,0.022222222222222223,0.6194861985320953,0.3333333333333333,0.04296296296296296,1.2513932859954309,0.0,0.0,0.0,0.1111111111111111,0.0,-0.1617836163949966,0.008695082803778882,0.012702967387697446,-0.16298473788760623,-0.045951035781544254
2021-09-30,2020-12-31,removed,negative_high,81,184,54,0.6666666666666666,0.44021739130434784,True,0.30864197530864196,0.09382716049382715,3.019800294609898,0.38271604938271603,0.03242798353909465,1.233037467626907,0.012345679012345678,0.16049382716049382,0.16049382716049382,0.012345679012345678,0.12345679012345678,-0.7443565486559046,0.01977033370561223,0.022968194990638964,0.033531065058794524,-0.1898165585547883
2021-09-30,2020-12-31,removed,nonnegative_low,65,184,30,0.46153846153846156,0.3532608695652174,True,0.06153846153846154,0.015384615384615385,0.6880372084791407,0.38461538461538464,0.04205128205128204,1.2528930690399578,0.0,0.0,0.0,0.015384615384615385,0.06153846153846154,0.5886023242322032,0.007872996087753804,0.011171412966688807,-0.19808933173925714,0.06159061277705346
2021-09-30,2020-12-31,removed,nonnegative_high,29,184,7,0.2413793103448276,0.15760869565217392,True,0.06896551724137931,0.013793103448275864,0.6131046521680984,0.3678160919540231,0.038620689655172416,1.161571653261131,0.0,0.0,0.0,0.06896551724137931,0.0,0.38588155204379365,0.011675694121647665,0.014645191888246008,-0.06441323395800644,-0.05618546658873952
2021-09-30,2020-12-31,retained,negative_low,93,1028,60,0.6451612903225806,0.09046692607003891,True,0.0,0.0,0.6278373975657627,0.34050179211469533,0.02451612903225807,1.1252515799723128,0.0,0.0,0.0,0.0,0.0,-0.3549870181054263,0.007067201918849237,0.010196488904981628,-0.0650474740410424,-0.028042038758277144
2021-09-30,2020-12-31,retained,negative_high,272,1028,145,0.5330882352941176,0.26459143968871596,True,0.051470588235294115,0.010294117647058825,0.8634477046338188,0.2598039215686274,0.01877450980392157,1.0108131750603917,0.04411764705882353,0.0,0.0,0.007352941176470588,0.0,-0.6753765412818205,0.014218004024542015,0.017061560804371725,-0.09045383566686598,-0.007099534729145896
2021-09-30,2020-12-31,retained,nonnegative_low,439,1028,246,0.5603644646924829,0.4270428015564202,True,0.08428246013667426,0.021867881548974948,0.7942958535459023,0.22627182991647682,0.016006074411541383,0.9360004378729776,0.02050113895216401,0.029612756264236904,0.029612756264236904,0.01366742596810934,0.015945330296127564,0.8767375677176344,0.006864173004704517,0.009929343071182211,0.09222581036569105,0.017270890441810485
2021-09-30,2020-12-31,retained,nonnegative_high,224,1028,128,0.5714285714285714,0.2178988326848249,True,0.08035714285714286,0.016964285714285713,1.1489991676121607,0.2648809523809524,0.02107142857142857,0.9385455741645597,0.017857142857142856,0.0,0.0,0.05803571428571429,0.008928571428571428,1.0353454649117124,0.014852359962102466,0.017268779894729518,0.02320927093913383,0.0070873688458434215
2021-09-30,2020-12-31,both,negative_low,106,1210,69,0.6509433962264151,0.08760330578512397,True,0.0,0.0,0.6068616138907525,0.34276729559748426,0.02352201257861635,1.1164921776758199,0.0,0.0,0.0,0.0,0.0,-0.3739880357893194,0.007366310732517333,0.010666026877477088,-0.05624341874469862,-0.03878051380449846
2021-09-30,2020-12-31,both,negative_high,351,1210,190,0.5413105413105413,0.2900826446280992,True,0.039886039886039885,0.007977207977207978,0.8120666802202253,0.2801519468186135,0.020664767331434,1.0417000183963883,0.03418803418803419,0.0,0.0,0.005698005698005698,0.0,-0.6479484172515415,0.013871549705053738,0.01695036801534869,-0.05963834630653188,-0.026291306517295214
2021-09-30,2020-12-31,both,nonnegative_low,464,1210,262,0.5646551724137931,0.3834710743801653,True,0.07974137931034483,0.020689655172413796,0.7761894506263765,0.23563218390804597,0.017126436781609196,0.9459016813817273,0.01939655172413793,0.028017241379310345,0.028017241379310345,0.01293103448275862,0.015086206896551725,0.8796049514491757,0.0069631118568924105,0.010111780747026145,0.08754406843423358,0.015198227157607639
2021-09-30,2020-12-31,both,nonnegative_high,289,1210,146,0.5051903114186851,0.23884297520661157,True,0.06228373702422145,0.013148788927335642,1.0549814739195909,0.2745098039215686,0.022006920415224916,0.9380867837852959,0.01384083044982699,0.0,0.0,0.04498269896193772,0.006920415224913495,0.9922740508593593,0.014562791962318944,0.017472537883144186,0.035430580921171365,-0.007209743319062424
2021-12-31,2021-12-31,annual,negative_low,161,1211,104,0.6459627329192547,0.1329479768786127,True,0.037267080745341616,0.007453416149068323,0.7337142865325106,0.24016563146997932,0.02600414078674948,1.069473983161544,0.0,0.0,0.0,0.0,0.037267080745341616,-0.40045886472719217,0.007873632276224547,0.011454906444098835,-0.08837383719378525,-0.059255360213355805
2021-12-31,2021-12-31,annual,negative_high,329,1211,175,0.5319148936170213,0.27167630057803466,True,0.0851063829787234,0.017629179331306994,0.9913659175696864,0.18743667679837892,0.01564336372847011,0.9884603421618892,0.03951367781155015,0.0121580547112462,0.02127659574468085,0.015197568389057751,0.0,-0.6535333272474712,0.014135233162296356,0.01717874869342796,-0.06676705874629739,-0.02748956777085158
2021-12-31,2021-12-31,annual,nonnegative_low,445,1211,244,0.5483146067415731,0.3674649050371594,True,0.09213483146067415,0.02426966292134831,0.9067140095874672,0.17602996254681647,0.021423220973782773,0.9727591296706725,0.020224719101123594,0.029213483146067417,0.029213483146067417,0.0044943820224719105,0.038202247191011236,0.8604766649588764,0.007074725206674771,0.010317130431073294,0.07351908695771064,0.007234177616961853
2021-12-31,2021-12-31,annual,nonnegative_high,276,1211,138,0.5,0.22791081750619324,True,0.12681159420289856,0.029710144927536236,1.316032169280494,0.22342995169082125,0.025845410628019323,1.0574163499980178,0.014492753623188406,0.03260869565217391,0.021739130434782608,0.06884057971014493,0.010869565217391304,1.0155511958270105,0.014782326588326893,0.017673658089845036,0.041339468940223334,-0.009563579792024894
2021-12-31,2021-12-31,added,negative_low,0,0,0,,,False,,,,,,,,,,,,,,,,
2021-12-31,2021-12-31,added,negative_high,0,0,0,,,False,,,,,,,,,,,,,,,,
2021-12-31,2021-12-31,added,nonnegative_low,0,0,0,,,False,,,,,,,,,,,,,,,,
2021-12-31,2021-12-31,added,nonnegative_high,0,0,0,,,False,,,,,,,,,,,,,,,,
2021-12-31,2021-12-31,removed,negative_low,0,0,0,,,False,,,,,,,,,,,,,,,,
2021-12-31,2021-12-31,removed,negative_high,0,0,0,,,False,,,,,,,,,,,,,,,,
2021-12-31,2021-12-31,removed,nonnegative_low,0,0,0,,,False,,,,,,,,,,,,,,,,
2021-12-31,2021-12-31,removed,nonnegative_high,0,0,0,,,False,,,,,,,,,,,,,,,,
2021-12-31,2021-12-31,retained,negative_low,161,1211,104,0.6459627329192547,0.1329479768786127,True,0.037267080745341616,0.007453416149068323,0.7337142865325106,0.24016563146997932,0.02600414078674948,1.069473983161544,0.0,0.0,0.0,0.0,0.037267080745341616,-0.40045886472719217,0.007873632276224547,0.011454906444098835,-0.08837383719378525,-0.059255360213355805
2021-12-31,2021-12-31,retained,negative_high,329,1211,175,0.5319148936170213,0.27167630057803466,True,0.0851063829787234,0.017629179331306994,0.9913659175696864,0.18743667679837892,0.01564336372847011,0.9884603421618892,0.03951367781155015,0.0121580547112462,0.02127659574468085,0.015197568389057751,0.0,-0.6535333272474712,0.014135233162296356,0.01717874869342796,-0.06676705874629739,-0.02748956777085158
2021-12-31,2021-12-31,retained,nonnegative_low,445,1211,244,0.5483146067415731,0.3674649050371594,True,0.09213483146067415,0.02426966292134831,0.9067140095874672,0.17602996254681647,0.021423220973782773,0.9727591296706725,0.020224719101123594,0.029213483146067417,0.029213483146067417,0.0044943820224719105,0.038202247191011236,0.8604766649588764,0.007074725206674771,0.010317130431073294,0.07351908695771064,0.007234177616961853
2021-12-31,2021-12-31,retained,nonnegative_high,276,1211,138,0.5,0.22791081750619324,True,0.12681159420289856,0.029710144927536236,1.316032169280494,0.22342995169082125,0.025845410628019323,1.0574163499980178,0.014492753623188406,0.03260869565217391,0.021739130434782608,0.06884057971014493,0.010869565217391304,1.0155511958270105,0.014782326588326893,0.017673658089845036,0.041339468940223334,-0.009563579792024894
2021-12-31,2021-12-31,both,negative_low,161,1211,104,0.6459627329192547,0.1329479768786127,True,0.037267080745341616,0.007453416149068323,0.7337142865325106,0.24016563146997932,0.02600414078674948,1.069473983161544,0.0,0.0,0.0,0.0,0.037267080745341616,-0.40045886472719217,0.007873632276224547,0.011454906444098835,-0.08837383719378525,-0.059255360213355805
2021-12-31,2021-12-31,both,negative_high,329,1211,175,0.5319148936170213,0.27167630057803466,True,0.0851063829787234,0.017629179331306994,0.9913659175696864,0.18743667679837892,0.01564336372847011,0.9884603421618892,0.03951367781155015,0.0121580547112462,0.02127659574468085,0.015197568389057751,0.0,-0.6535333272474712,0.014135233162296356,0.01717874869342796,-0.06676705874629739,-0.02748956777085158
2021-12-31,2021-12-31,both,nonnegative_low,445,1211,244,0.5483146067415731,0.3674649050371594,True,0.09213483146067415,0.02426966292134831,0.9067140095874672,0.17602996254681647,0.021423220973782773,0.9727591296706725,0.020224719101123594,0.029213483146067417,0.029213483146067417,0.0044943820224719105,0.038202247191011236,0.8604766649588764,0.007074725206674771,0.010317130431073294,0.07351908695771064,0.007234177616961853
2021-12-31,2021-12-31,both,nonnegative_high,276,1211,138,0.5,0.22791081750619324,True,0.12681159420289856,0.029710144927536236,1.316032169280494,0.22342995169082125,0.025845410628019323,1.0574163499980178,0.014492753623188406,0.03260869565217391,0.021739130434782608,0.06884057971014493,0.010869565217391304,1.0155511958270105,0.014782326588326893,0.017673658089845036,0.041339468940223334,-0.009563579792024894
2022-03-31,2021-12-31,annual,negative_low,161,1211,104,0.6459627329192547,0.1329479768786127,True,0.037267080745341616,0.007453416149068323,0.7337142865325106,0.24016563146997932,0.02600414078674948,1.069473983161544,0.0,0.0,0.0,0.0,0.037267080745341616,-0.40045886472719217,0.007873632276224547,0.011454906444098835,-0.08837383719378525,-0.059255360213355805
2022-03-31,2021-12-31,annual,negative_high,329,1211,175,0.5319148936170213,0.27167630057803466,True,0.0851063829787234,0.017629179331306994,0.9913659175696864,0.18743667679837892,0.01564336372847011,0.9884603421618892,0.03951367781155015,0.0121580547112462,0.02127659574468085,0.015197568389057751,0.0,-0.6535333272474712,0.014135233162296356,0.01717874869342796,-0.06676705874629739,-0.02748956777085158
2022-03-31,2021-12-31,annual,nonnegative_low,445,1211,244,0.5483146067415731,0.3674649050371594,True,0.09213483146067415,0.02426966292134831,0.9067140095874672,0.17602996254681647,0.021423220973782773,0.9727591296706725,0.020224719101123594,0.029213483146067417,0.029213483146067417,0.0044943820224719105,0.038202247191011236,0.8604766649588764,0.007074725206674771,0.010317130431073294,0.07351908695771064,0.007234177616961853
2022-03-31,2021-12-31,annual,nonnegative_high,276,1211,138,0.5,0.22791081750619324,True,0.12681159420289856,0.029710144927536236,1.316032169280494,0.22342995169082125,0.025845410628019323,1.0574163499980178,0.014492753623188406,0.03260869565217391,0.021739130434782608,0.06884057971014493,0.010869565217391304,1.0155511958270105,0.014782326588326893,0.017673658089845036,0.041339468940223334,-0.009563579792024894
2022-03-31,2021-12-31,added,negative_low,19,58,3,0.15789473684210525,0.3275862068965517,False,0.0,0.0,0.43639270427189014,0.28070175438596484,0.03017543859649123,1.035614901984238,0.0,0.0,0.0,0.0,0.0,-0.4463524557552858,0.008821031910669505,0.011945160018986233,-0.07688577077110974,-0.08783823966696402
2022-03-31,2021-12-31,added,negative_high,33,58,10,0.30303030303030304,0.5689655172413793,True,0.2727272727272727,0.05454545454545455,1.1849229913529347,0.4545454545454545,0.06787878787878789,1.7386551200941087,0.2727272727272727,0.0,0.0,0.0,0.0,-1.1557742923237746,0.012741112646887303,0.015918023002937275,0.03355163307907708,-0.12011641842150317
2022-03-31,2021-12-31,added,nonnegative_low,6,58,1,0.16666666666666666,0.10344827586206896,False,0.0,0.0,0.38140568347566445,0.3333333333333333,0.06666666666666667,1.0283259314633866,0.0,0.0,0.0,0.0,0.0,0.16995310793511212,0.008905328566462584,0.011042579228191822,-0.05778323065827292,-0.11468926553672316
2022-03-31,2021-12-31,added,nonnegative_high,0,58,0,,0.0,False,,,,,,,,,,,,,,,,
2022-03-31,2021-12-31,removed,negative_low,20,59,13,0.65,0.3389830508474576,True,0.0,0.0,1.04561158918075,0.05,0.002666666666666667,0.5752261292497491,0.0,0.0,0.0,0.0,0.0,-0.2516548705240961,0.005078456175560778,0.0077609705155161956,0.1021277735459476,-0.06474576271186441
2022-03-31,2021-12-31,removed,negative_high,0,59,0,,0.0,False,,,,,,,,,,,,,,,,
2022-03-31,2021-12-31,removed,nonnegative_low,39,59,25,0.6410256410256411,0.6610169491525424,True,0.02564102564102564,0.005128205128205128,0.9483882718406926,0.1111111111111111,0.006495726495726497,0.6455553129868024,0.0,0.0,0.0,0.02564102564102564,0.0,0.4439530365604064,0.0052452179380840834,0.008030097515696083,-0.113205007124014,-0.054469071418223956
2022-03-31,2021-12-31,removed,nonnegative_high,0,59,0,,0.0,False,,,,,,,,,,,,,,,,
2022-03-31,2021-12-31,retained,negative_low,141,1152,91,0.6453900709219859,0.12239583333333333,True,0.0425531914893617,0.00851063829787234,0.6894735343838242,0.26713947990543735,0.029314420803782503,1.1395800617305931,0.0,0.0,0.0,0.0,0.0425531914893617,-0.42156581425954637,0.008270111155751323,0.011978868987160203,-0.11539534226325089,-0.05847657971711343
2022-03-31,2021-12-31,retained,negative_high,329,1152,175,0.5319148936170213,0.2855902777777778,True,0.0851063829787234,0.017629179331306994,0.9913659175696864,0.18743667679837892,0.01564336372847011,0.9884603421618892,0.03951367781155015,0.0121580547112462,0.02127659574468085,0.015197568389057751,0.0,-0.6535333272474712,0.014135233162296356,0.01717874869342796,-0.06676705874629739,-0.02748956777085158
2022-03-31,2021-12-31,retained,nonnegative_low,406,1152,219,0.5394088669950738,0.3524305555555556,True,0.09852216748768473,0.026108374384236455,0.9027108169079703,0.18226600985221675,0.022857142857142857,1.0041900381698619,0.022167487684729065,0.03201970443349754,0.03201970443349754,0.0024630541871921183,0.04187192118226601,0.9004875553715372,0.007250466052672399,0.010536820785013466,0.09145563786703888,0.013161337007041272
2022-03-31,2021-12-31,retained,nonnegative_high,276,1152,138,0.5,0.23958333333333334,True,0.12681159420289856,0.029710144927536236,1.316032169280494,0.22342995169082125,0.025845410628019323,1.0574163499980178,0.014492753623188406,0.03260869565217391,0.021739130434782608,0.06884057971014493,0.010869565217391304,1.0155511958270105,0.014782326588326893,0.017673658089845036,0.041339468940223334,-0.009563579792024894
2022-03-31,2021-12-31,both,negative_low,160,1210,94,0.5875,0.1322314049586777,True,0.0375,0.0075000000000000015,0.659420185808032,0.26875,0.029416666666666667,1.1272341990107133,0.0,0.0,0.0,0.0,0.0375,-0.42450922793716545,0.008335532995397858,0.011974866047189545,-0.11082233064855913,-0.06196327683615819
2022-03-31,2021-12-31,both,negative_high,362,1210,185,0.511049723756906,0.2991735537190083,True,0.10220994475138122,0.020994475138121547,1.0090106231908114,0.21178637200736647,0.020405156537753225,1.0568482639070917,0.06077348066298342,0.011049723756906077,0.019337016574585635,0.013812154696132596,0.0,-0.6993177246163055,0.014008144828018732,0.017063820660869422,-0.0576219846296196,-0.035933451946187224
2022-03-31,2021-12-31,both,nonnegative_low,412,1210,220,0.5339805825242718,0.34049586776859503,True,0.0970873786407767,0.02572815533980583,0.8951189945764317,0.18446601941747576,0.023495145631067964,1.0045415317615152,0.021844660194174758,0.03155339805825243,0.03155339805825243,0.0024271844660194173,0.0412621359223301,0.8898487041952787,0.007274565992193615,0.010544186199234513,0.08928225628657316,0.01129943502824859
2022-03-31,2021-12-31,both,nonnegative_high,276,1210,138,0.5,0.228099173553719,True,0.12681159420289856,0.029710144927536236,1.316032169280494,0.22342995169082125,0.025845410628019323,1.0574163499980178,0.014492753623188406,0.03260869565217391,0.021739130434782608,0.06884057971014493,0.010869565217391304,1.0155511958270105,0.014782326588326893,0.017673658089845036,0.041339468940223334,-0.009563579792024894
2022-06-30,2021-12-31,annual,negative_low,161,1211,104,0.6459627329192547,0.1329479768786127,True,0.037267080745341616,0.007453416149068323,0.7337142865325106,0.24016563146997932,0.02600414078674948,1.069473983161544,0.0,0.0,0.0,0.0,0.037267080745341616,-0.40045886472719217,0.007873632276224547,0.011454906444098835,-0.08837383719378525,-0.059255360213355805
2022-06-30,2021-12-31,annual,negative_high,329,1211,175,0.5319148936170213,0.27167630057803466,True,0.0851063829787234,0.017629179331306994,0.9913659175696864,0.18743667679837892,0.01564336372847011,0.9884603421618892,0.03951367781155015,0.0121580547112462,0.02127659574468085,0.015197568389057751,0.0,-0.6535333272474712,0.014135233162296356,0.01717874869342796,-0.06676705874629739,-0.02748956777085158
2022-06-30,2021-12-31,annual,nonnegative_low,445,1211,244,0.5483146067415731,0.3674649050371594,True,0.09213483146067415,0.02426966292134831,0.9067140095874672,0.17602996254681647,0.021423220973782773,0.9727591296706725,0.020224719101123594,0.029213483146067417,0.029213483146067417,0.0044943820224719105,0.038202247191011236,0.8604766649588764,0.007074725206674771,0.010317130431073294,0.07351908695771064,0.007234177616961853
2022-06-30,2021-12-31,annual,nonnegative_high,276,1211,138,0.5,0.22791081750619324,True,0.12681159420289856,0.029710144927536236,1.316032169280494,0.22342995169082125,0.025845410628019323,1.0574163499980178,0.014492753623188406,0.03260869565217391,0.021739130434782608,0.06884057971014493,0.010869565217391304,1.0155511958270105,0.014782326588326893,0.017673658089845036,0.041339468940223334,-0.009563579792024894
2022-06-30,2021-12-31,added,negative_low,20,117,4,0.2,0.17094017094017094,True,0.0,0.0,0.41927858092151327,0.28333333333333327,0.029333333333333333,1.0143502637628332,0.0,0.0,0.0,0.0,0.0,-0.4281677473490224,0.00887959543467176,0.012114766611622916,-0.06589599576569789,-0.0851412429378531
2022-06-30,2021-12-31,added,negative_high,84,117,38,0.4523809523809524,0.717948717948718,True,0.20238095238095238,0.04047619047619048,1.3784012368766074,0.30158730158730157,0.036825396825396824,1.2426496197226269,0.20238095238095238,0.0,0.0,0.0,0.0,-1.1514190366029677,0.014981351339134022,0.01810711470143535,-0.016860779879497766,-0.08253968253968254
2022-06-30,2021-12-31,added,nonnegative_low,7,117,2,0.2857142857142857,0.05982905982905983,False,0.0,0.0,0.37123875484053004,0.2857142857142857,0.05714285714285715,0.9881661557655835,0.0,0.0,0.0,0.0,0.0,0.15030044853876157,0.008923539167208576,0.01188585256177677,-0.037296979290451206,-0.11283292978208233
2022-06-30,2021-12-31,added,nonnegative_high,6,117,5,0.8333333333333334,0.05128205128205128,False,0.0,0.0,0.5874347108647232,0.16666666666666666,0.02,1.0297876703042859,0.0,0.0,0.0,0.0,0.0,0.22020137963990694,0.010609905225026453,0.01686980571476653,0.41139785714207733,-0.10753295668549906
2022-06-30,2021-12-31,removed,negative_low,33,119,25,0.7575757575757576,0.2773109243697479,True,0.0,0.0,1.067277175014183,0.09090909090909091,0.007676767676767676,0.6943065427422894,0.0,0.0,0.0,0.0,0.0,-0.2960637988118969,0.0048877384042087125,0.008385010949202723,-0.05653094626128534,-0.009690121554528336
2022-06-30,2021-12-31,removed,negative_high,0,119,0,,0.0,False,,,,,,,,,,,,,,,,
2022-06-30,2021-12-31,removed,nonnegative_low,86,119,42,0.4883720930232558,0.7226890756302521,True,0.011627906976744186,0.002325581395348837,0.9690734933327694,0.12015503875968993,0.007596899224806201,0.7025158833751755,0.0,0.0,0.0,0.011627906976744186,0.0,0.6111208393479519,0.005580314776191819,0.008693873015283194,-0.010565744847519562,-0.009880436210747606
2022-06-30,2021-12-31,removed,nonnegative_high,0,119,0,,0.0,False,,,,,,,,,,,,,,,,
2022-06-30,2021-12-31,retained,negative_low,128,1092,79,0.6171875,0.11721611721611722,True,0.046875,0.009375000000000001,0.6477176043458295,0.27864583333333337,0.030729166666666665,1.166196838894633,0.0,0.0,0.0,0.0,0.046875,-0.42737321765847935,0.008643433040103631,0.012246363876376738,-0.09658333251232037,-0.07203389830508475
2022-06-30,2021-12-31,retained,negative_high,329,1092,175,0.5319148936170213,0.30128205128205127,True,0.0851063829787234,0.017629179331306994,0.9913659175696864,0.18743667679837892,0.01564336372847011,0.9884603421618892,0.03951367781155015,0.0121580547112462,0.02127659574468085,0.015197568389057751,0.0,-0.6535333272474712,0.014135233162296356,0.01717874869342796,-0.06676705874629739,-0.02748956777085158
2022-06-30,2021-12-31,retained,nonnegative_low,359,1092,202,0.5626740947075209,0.32875457875457875,True,0.11142061281337047,0.029526462395543178,0.8917755260161693,0.1894150417827298,0.02473537604456824,1.037497066109148,0.025069637883008356,0.036211699164345405,0.036211699164345405,0.002785515320334262,0.04735376044568245,0.920210929589906,0.007432717677486843,0.01070598875351883,0.0936619714570137,0.011334057252569127
2022-06-30,2021-12-31,retained,nonnegative_high,276,1092,138,0.5,0.25274725274725274,True,0.12681159420289856,0.029710144927536236,1.316032169280494,0.22342995169082125,0.025845410628019323,1.0574163499980178,0.014492753623188406,0.03260869565217391,0.021739130434782608,0.06884057971014493,0.010869565217391304,1.0155511958270105,0.014782326588326893,0.017673658089845036,0.041339468940223334,-0.009563579792024894
2022-06-30,2021-12-31,both,negative_low,148,1209,83,0.5608108108108109,0.12241521918941274,True,0.04054054054054054,0.008108108108108109,0.6168474660452461,0.27927927927927926,0.030540540540540544,1.1456770314443898,0.0,0.0,0.0,0.0,0.04054054054054054,-0.4274805865355798,0.008675346877207429,0.012228580462220818,-0.09243639511412814,-0.07380516109329668
2022-06-30,2021-12-31,both,negative_high,413,1209,213,0.5157384987893463,0.3416046319272126,True,0.1089588377723971,0.02227602905569007,1.0700849655643145,0.2106537530266344,0.019951573849878935,1.0401598562420393,0.07263922518159806,0.009685230024213076,0.01694915254237288,0.012106537530266344,0.0,-0.7547982172858773,0.014307324994873508,0.017367568898446414,-0.056616629146270345,-0.03868620128315618
2022-06-30,2021-12-31,both,nonnegative_low,366,1209,204,0.5573770491803278,0.3027295285359802,True,0.1092896174863388,0.028961748633879784,0.8818199047095312,0.19125683060109294,0.025355191256830605,1.0365535787528506,0.02459016393442623,0.03551912568306011,0.03551912568306011,0.00273224043715847,0.04644808743169399,0.9054858657446655,0.007461230656798462,0.010728554454769666,0.09115729207113321,0.008959278812015683
2022-06-30,2021-12-31,both,nonnegative_high,282,1209,143,0.5070921985815603,0.23325062034739455,True,0.12411347517730496,0.029078014184397167,1.3005300956971797,0.2222222222222222,0.025721040189125296,1.056828505749215,0.014184397163120567,0.031914893617021274,0.02127659574468085,0.0673758865248227,0.010638297872340425,0.9986288593123912,0.01469355166570348,0.017656554847822085,0.04921305166792236,-0.011648034619545623
2022-09-30,2021-12-31,annual,negative_low,161,1211,104,0.6459627329192547,0.1329479768786127,True,0.037267080745341616,0.007453416149068323,0.7337142865325106,0.24016563146997932,0.02600414078674948,1.069473983161544,0.0,0.0,0.0,0.0,0.037267080745341616,-0.40045886472719217,0.007873632276224547,0.011454906444098835,-0.08837383719378525,-0.059255360213355805
2022-09-30,2021-12-31,annual,negative_high,329,1211,175,0.5319148936170213,0.27167630057803466,True,0.0851063829787234,0.017629179331306994,0.9913659175696864,0.18743667679837892,0.01564336372847011,0.9884603421618892,0.03951367781155015,0.0121580547112462,0.02127659574468085,0.015197568389057751,0.0,-0.6535333272474712,0.014135233162296356,0.01717874869342796,-0.06676705874629739,-0.02748956777085158
2022-09-30,2021-12-31,annual,nonnegative_low,445,1211,244,0.5483146067415731,0.3674649050371594,True,0.09213483146067415,0.02426966292134831,0.9067140095874672,0.17602996254681647,0.021423220973782773,0.9727591296706725,0.020224719101123594,0.029213483146067417,0.029213483146067417,0.0044943820224719105,0.038202247191011236,0.8604766649588764,0.007074725206674771,0.010317130431073294,0.07351908695771064,0.007234177616961853
2022-09-30,2021-12-31,annual,nonnegative_high,276,1211,138,0.5,0.22791081750619324,True,0.12681159420289856,0.029710144927536236,1.316032169280494,0.22342995169082125,0.025845410628019323,1.0574163499980178,0.014492753623188406,0.03260869565217391,0.021739130434782608,0.06884057971014493,0.010869565217391304,1.0155511958270105,0.014782326588326893,0.017673658089845036,0.041339468940223334,-0.009563579792024894
2022-09-30,2021-12-31,added,negative_low,38,182,7,0.18421052631578946,0.2087912087912088,True,0.47368421052631576,0.11578947368421055,1.6269159148620378,0.21929824561403505,0.024210526315789474,1.0601144513246568,0.10526315789473684,0.0,0.0,0.0,0.47368421052631576,-0.6539819328765575,0.008636648965721012,0.012065897176897307,-0.051316807852420106,-0.20871245911388642
2022-09-30,2021-12-31,added,negative_high,85,182,38,0.4470588235294118,0.46703296703296704,True,0.21176470588235294,0.042352941176470586,1.3920577989975458,0.30196078431372547,0.03670588235294118,1.2413445461801604,0.2,0.0,0.0,0.0,0.011764705882352941,-1.1382056414059079,0.014924870751613367,0.018049696296508908,-0.011821652839744576,-0.08555666334330342
2022-09-30,2021-12-31,added,nonnegative_low,33,182,13,0.3939393939393939,0.1813186813186813,True,0.6060606060606061,0.1272727272727273,1.489953844550996,0.1616161616161616,0.017777777777777774,0.8611380423948358,0.0,0.0,0.0,0.030303030303030304,0.6060606060606061,0.5086810632145005,0.00905549788636749,0.01374253613024563,-0.13535825305235638,-0.23174114021571646
2022-09-30,2021-12-31,added,nonnegative_high,26,182,6,0.23076923076923078,0.14285714285714285,True,0.11538461538461539,0.02307692307692308,0.72794574456166,0.11538461538461539,0.008205128205128205,0.7709206586968905,0.0,0.0,0.0,0.0,0.11538461538461539,0.3773930510186073,0.010539524396159305,0.016817069036909358,-0.031452786906562426,-0.13263798348544112
2022-09-30,2021-12-31,removed,negative_low,33,184,25,0.7575757575757576,0.1793478260869565,True,0.0,0.0,1.067277175014183,0.09090909090909091,0.007676767676767676,0.6943065427422894,0.0,0.0,0.0,0.0,0.0,-0.2960637988118969,0.0048877384042087125,0.008385010949202723,-0.05653094626128534,-0.009690121554528336
2022-09-30,2021-12-31,removed,negative_high,0,184,0,,0.0,False,,,,,,,,,,,,,,,,
2022-09-30,2021-12-31,removed,nonnegative_low,151,184,81,0.5364238410596026,0.8206521739130435,True,0.039735099337748346,0.010596026490066223,0.9969952560637815,0.09050772626931566,0.005739514348785872,0.7168342432127675,0.0,0.033112582781456956,0.013245033112582781,0.006622516556291391,0.0,0.9505235852535026,0.00585565270296722,0.009118665331637361,0.02093594144606179,0.016934186403262615
2022-09-30,2021-12-31,removed,nonnegative_high,0,184,0,,0.0,False,,,,,,,,,,,,,,,,
2022-09-30,2021-12-31,retained,negative_low,128,1027,79,0.6171875,0.124634858812074,True,0.046875,0.009375000000000001,0.6477176043458295,0.27864583333333337,0.030729166666666665,1.166196838894633,0.0,0.0,0.0,0.0,0.046875,-0.42737321765847935,0.008643433040103631,0.012246363876376738,-0.09658333251232037,-0.07203389830508475
2022-09-30,2021-12-31,retained,negative_high,329,1027,175,0.5319148936170213,0.32035053554040893,True,0.0851063829787234,0.017629179331306994,0.9913659175696864,0.18743667679837892,0.01564336372847011,0.9884603421618892,0.03951367781155015,0.0121580547112462,0.02127659574468085,0.015197568389057751,0.0,-0.6535333272474712,0.014135233162296356,0.01717874869342796,-0.06676705874629739,-0.02748956777085158
2022-09-30,2021-12-31,retained,nonnegative_low,294,1027,163,0.5544217687074829,0.2862706913339825,True,0.11904761904761904,0.03129251700680272,0.8603450700707209,0.21995464852607707,0.029478458049886618,1.10420354414395,0.030612244897959183,0.027210884353741496,0.03741496598639456,0.003401360544217687,0.05782312925170068,0.8142280766442899,0.007700847478987153,0.010932668628402633,0.10052607665927178,0.0022522003151543074
2022-09-30,2021-12-31,retained,nonnegative_high,276,1027,138,0.5,0.26874391431353456,True,0.12681159420289856,0.029710144927536236,1.316032169280494,0.22342995169082125,0.025845410628019323,1.0574163499980178,0.014492753623188406,0.03260869565217391,0.021739130434782608,0.06884057971014493,0.010869565217391304,1.0155511958270105,0.014782326588326893,0.017673658089845036,0.041339468940223334,-0.009563579792024894
2022-09-30,2021-12-31,both,negative_low,166,1209,86,0.5180722891566265,0.13730355665839536,True,0.14457831325301204,0.03373493975903616,0.871871434463998,0.26506024096385544,0.02923694779116466,1.1419129188484942,0.024096385542168676,0.0,0.0,0.0,0.14457831325301204,-0.4792475018650274,0.008641880059220862,0.012205052222279036,-0.08622111602390947,-0.10332176162276224
2022-09-30,2021-12-31,both,negative_high,414,1209,213,0.5144927536231884,0.3424317617866005,True,0.1111111111111111,0.022705314009661838,1.073633574384585,0.21095008051529793,0.019967793880837355,1.0403810120690222,0.07246376811594203,0.00966183574879227,0.016908212560386472,0.012077294685990338,0.0024154589371980675,-0.7530433434394208,0.014297356821938738,0.017357566438021877,-0.05548599714712592,-0.0394115559922487
2022-09-30,2021-12-31,both,nonnegative_low,327,1209,176,0.5382262996941896,0.2704714640198511,True,0.16819571865443425,0.04097859327217125,0.9238835702476292,0.21406727828746172,0.02829765545361876,1.0796739980958743,0.027522935779816515,0.024464831804281346,0.03363914373088685,0.0061162079510703364,0.11314984709480122,0.7833930569403661,0.007837555318264067,0.011216233238680366,0.0767212360461717,-0.021361806527410637
2022-09-30,2021-12-31,both,nonnegative_high,302,1209,144,0.4768211920529801,0.24979321753515302,True,0.12582781456953643,0.02913907284768212,1.2654022121854949,0.21412803532008826,0.024326710816777043,1.0327511580316955,0.013245033112582781,0.029801324503311258,0.019867549668874173,0.06291390728476821,0.019867549668874173,0.9606104283931746,0.0144170522274118,0.01759991201243998,0.035072585986526544,-0.020159389381524298
2022-12-31,2022-12-31,annual,negative_low,257,1209,128,0.4980544747081712,0.21257237386269645,True,0.0933852140077821,0.019455252918287938,0.7581489678114269,0.21530479896238652,0.017328145265888457,0.9817834353021582,0.0311284046692607,0.007782101167315175,0.011673151750972763,0.0,0.04669260700389105,-0.5819938079202394,0.009225145889017567,0.012820448883643726,-0.06186623655420943,-0.08653960298094043
2022-12-31,2022-12-31,annual,negative_high,382,1209,199,0.5209424083769634,0.3159636062861869,True,0.0549738219895288,0.011518324607329844,0.9378287374455255,0.22862129144851656,0.01867364746945899,0.9554215000488897,0.013089005235602094,0.010471204188481676,0.01832460732984293,0.015706806282722512,0.0,-0.8114201488182878,0.01500024874496147,0.017937005080482862,-0.04678094371110679,-0.03893572337089952
2022-12-31,2022-12-31,annual,nonnegative_low,348,1209,173,0.49712643678160917,0.2878411910669975,True,0.06609195402298851,0.014367816091954023,0.9193809088214736,0.27681992337164746,0.02701149425287356,1.1001307057147964,0.0,0.031609195402298854,0.028735632183908046,0.005747126436781609,0.005747126436781609,0.607283450018498,0.008655844859287467,0.01212105941860989,0.07950242257945057,-0.05266251055263328
2022-12-31,2022-12-31,annual,nonnegative_high,222,1209,108,0.4864864864864865,0.18362282878411912,True,0.21621621621621623,0.051351351351351354,1.5133359517945926,0.3213213213213213,0.02258258258258258,1.0529535924573235,0.05855855855855856,0.04054054054054054,0.02702702702702703,0.08108108108108109,0.04954954954954955,1.1033740762076816,0.01583833073844996,0.018679366091997995,0.05070550301717859,-0.01451112129078231
2022-12-31,2022-12-31,added,negative_low,0,0,0,,,False,,,,,,,,,,,,,,,,
2022-12-31,2022-12-31,added,negative_high,0,0,0,,,False,,,,,,,,,,,,,,,,
2022-12-31,2022-12-31,added,nonnegative_low,0,0,0,,,False,,,,,,,,,,,,,,,,
2022-12-31,2022-12-31,added,nonnegative_high,0,0,0,,,False,,,,,,,,,,,,,,,,
2022-12-31,2022-12-31,removed,negative_low,0,0,0,,,False,,,,,,,,,,,,,,,,
2022-12-31,2022-12-31,removed,negative_high,0,0,0,,,False,,,,,,,,,,,,,,,,
2022-12-31,2022-12-31,removed,nonnegative_low,0,0,0,,,False,,,,,,,,,,,,,,,,
2022-12-31,2022-12-31,removed,nonnegative_high,0,0,0,,,False,,,,,,,,,,,,,,,,
2022-12-31,2022-12-31,retained,negative_low,257,1209,128,0.4980544747081712,0.21257237386269645,True,0.0933852140077821,0.019455252918287938,0.7581489678114269,0.21530479896238652,0.017328145265888457,0.9817834353021582,0.0311284046692607,0.007782101167315175,0.011673151750972763,0.0,0.04669260700389105,-0.5819938079202394,0.009225145889017567,0.012820448883643726,-0.06186623655420943,-0.08653960298094043
2022-12-31,2022-12-31,retained,negative_high,382,1209,199,0.5209424083769634,0.3159636062861869,True,0.0549738219895288,0.011518324607329844,0.9378287374455255,0.22862129144851656,0.01867364746945899,0.9554215000488897,0.013089005235602094,0.010471204188481676,0.01832460732984293,0.015706806282722512,0.0,-0.8114201488182878,0.01500024874496147,0.017937005080482862,-0.04678094371110679,-0.03893572337089952
2022-12-31,2022-12-31,retained,nonnegative_low,348,1209,173,0.49712643678160917,0.2878411910669975,True,0.06609195402298851,0.014367816091954023,0.9193809088214736,0.27681992337164746,0.02701149425287356,1.1001307057147964,0.0,0.031609195402298854,0.028735632183908046,0.005747126436781609,0.005747126436781609,0.607283450018498,0.008655844859287467,0.01212105941860989,0.07950242257945057,-0.05266251055263328
2022-12-31,2022-12-31,retained,nonnegative_high,222,1209,108,0.4864864864864865,0.18362282878411912,True,0.21621621621621623,0.051351351351351354,1.5133359517945926,0.3213213213213213,0.02258258258258258,1.0529535924573235,0.05855855855855856,0.04054054054054054,0.02702702702702703,0.08108108108108109,0.04954954954954955,1.1033740762076816,0.01583833073844996,0.018679366091997995,0.05070550301717859,-0.01451112129078231
2022-12-31,2022-12-31,both,negative_low,257,1209,128,0.4980544747081712,0.21257237386269645,True,0.0933852140077821,0.019455252918287938,0.7581489678114269,0.21530479896238652,0.017328145265888457,0.9817834353021582,0.0311284046692607,0.007782101167315175,0.011673151750972763,0.0,0.04669260700389105,-0.5819938079202394,0.009225145889017567,0.012820448883643726,-0.06186623655420943,-0.08653960298094043
2022-12-31,2022-12-31,both,negative_high,382,1209,199,0.5209424083769634,0.3159636062861869,True,0.0549738219895288,0.011518324607329844,0.9378287374455255,0.22862129144851656,0.01867364746945899,0.9554215000488897,0.013089005235602094,0.010471204188481676,0.01832460732984293,0.015706806282722512,0.0,-0.8114201488182878,0.01500024874496147,0.017937005080482862,-0.04678094371110679,-0.03893572337089952
2022-12-31,2022-12-31,both,nonnegative_low,348,1209,173,0.49712643678160917,0.2878411910669975,True,0.06609195402298851,0.014367816091954023,0.9193809088214736,0.27681992337164746,0.02701149425287356,1.1001307057147964,0.0,0.031609195402298854,0.028735632183908046,0.005747126436781609,0.005747126436781609,0.607283450018498,0.008655844859287467,0.01212105941860989,0.07950242257945057,-0.05266251055263328
2022-12-31,2022-12-31,both,nonnegative_high,222,1209,108,0.4864864864864865,0.18362282878411912,True,0.21621621621621623,0.051351351351351354,1.5133359517945926,0.3213213213213213,0.02258258258258258,1.0529535924573235,0.05855855855855856,0.04054054054054054,0.02702702702702703,0.08108108108108109,0.04954954954954955,1.1033740762076816,0.01583833073844996,0.018679366091997995,0.05070550301717859,-0.01451112129078231
2023-03-31,2022-12-31,annual,negative_low,257,1209,128,0.4980544747081712,0.21257237386269645,True,0.0933852140077821,0.019455252918287938,0.7581489678114269,0.21530479896238652,0.017328145265888457,0.9817834353021582,0.0311284046692607,0.007782101167315175,0.011673151750972763,0.0,0.04669260700389105,-0.5819938079202394,0.009225145889017567,0.012820448883643726,-0.06186623655420943,-0.08653960298094043
2023-03-31,2022-12-31,annual,negative_high,382,1209,199,0.5209424083769634,0.3159636062861869,True,0.0549738219895288,0.011518324607329844,0.9378287374455255,0.22862129144851656,0.01867364746945899,0.9554215000488897,0.013089005235602094,0.010471204188481676,0.01832460732984293,0.015706806282722512,0.0,-0.8114201488182878,0.01500024874496147,0.017937005080482862,-0.04678094371110679,-0.03893572337089952
2023-03-31,2022-12-31,annual,nonnegative_low,348,1209,173,0.49712643678160917,0.2878411910669975,True,0.06609195402298851,0.014367816091954023,0.9193809088214736,0.27681992337164746,0.02701149425287356,1.1001307057147964,0.0,0.031609195402298854,0.028735632183908046,0.005747126436781609,0.005747126436781609,0.607283450018498,0.008655844859287467,0.01212105941860989,0.07950242257945057,-0.05266251055263328
2023-03-31,2022-12-31,annual,nonnegative_high,222,1209,108,0.4864864864864865,0.18362282878411912,True,0.21621621621621623,0.051351351351351354,1.5133359517945926,0.3213213213213213,0.02258258258258258,1.0529535924573235,0.05855855855855856,0.04054054054054054,0.02702702702702703,0.08108108108108109,0.04954954954954955,1.1033740762076816,0.01583833073844996,0.018679366091997995,0.05070550301717859,-0.01451112129078231
2023-03-31,2022-12-31,added,negative_low,4,59,4,1.0,0.06779661016949153,False,0.5,0.1,0.8268816741495542,0.08333333333333333,0.006666666666666667,0.9080975419652595,0.0,0.0,0.0,0.5,0.0,-0.04938667657793269,0.009200817276682413,0.01171633150988529,-0.3561373884610193,0.00480225988700565
2023-03-31,2022-12-31,added,negative_high,0,59,0,,0.0,False,,,,,,,,,,,,,,,,
2023-03-31,2022-12-31,added,nonnegative_low,55,59,31,0.5636363636363636,0.9322033898305084,True,0.0,0.0,0.8587968596543323,0.2121212121212121,0.020363636363636365,1.0394055978111798,0.0,0.0,0.0,0.0,0.0,0.8663543573256315,0.008420399243787782,0.011373079447368609,0.08804452667378378,-0.01696969696969697
2023-03-31,2022-12-31,added,nonnegative_high,0,59,0,,0.0,False,,,,,,,,,,,,,,,,
2023-03-31,2022-12-31,removed,negative_low,8,59,3,0.375,0.13559322033898305,False,0.0,0.0,0.4533899871282331,0.041666666666666664,0.0016666666666666668,0.9376705970217165,0.0,0.0,0.0,0.0,0.0,-0.3337337980671705,0.009890734434358228,0.013369802850919254,0.05389286567315521,0.050564971751412426
2023-03-31,2022-12-31,removed,negative_high,10,59,7,0.7,0.1694915254237288,False,0.1,0.02,0.8465161637740296,0.13333333333333333,0.005333333333333334,0.611553276532108,0.0,0.0,0.0,0.1,0.0,-0.35199446095086806,0.014837856473387872,0.01794148876461235,-0.37713014856959004,0.0009039548022598875
2023-03-31,2022-12-31,removed,nonnegative_low,30,59,14,0.4666666666666667,0.5084745762711864,True,0.3,0.060000000000000005,1.1767737046776987,0.12222222222222222,0.008,0.8301394876185093,0.0,0.26666666666666666,0.0,0.03333333333333333,0.0,0.8938542928215363,0.007309649336147329,0.011249629251827965,0.362415777132653,-0.02998116760828625
2023-03-31,2022-12-31,removed,nonnegative_high,11,59,7,0.6363636363636364,0.1864406779661017,False,0.09090909090909091,0.018181818181818184,0.7083724000324783,0.1818181818181818,0.008484848484848486,0.8246407901421956,0.0,0.0,0.0,0.09090909090909091,0.0,0.1405999268489909,0.015363459877483774,0.01755176778977062,-0.47107039778929116,0.005855161787365176
2023-03-31,2022-12-31,retained,negative_low,249,1150,125,0.5020080321285141,0.2165217391304348,True,0.0963855421686747,0.020080321285140562,0.7679404210060676,0.22088353413654618,0.017831325301204817,0.9832007152469114,0.0321285140562249,0.008032128514056224,0.012048192771084338,0.0,0.04819277108433735,-0.5899700331364023,0.009203761518082929,0.01280279895698427,-0.06558540449725729,-0.09094456923740157
2023-03-31,2022-12-31,retained,negative_high,372,1150,192,0.5161290322580645,0.3234782608695652,True,0.053763440860215055,0.011290322580645162,0.9402833765227163,0.23118279569892472,0.01903225806451613,0.9646652694982656,0.013440860215053764,0.010752688172043012,0.01881720430107527,0.013440860215053764,0.0,-0.8237703017179496,0.015004614128605919,0.0179368845513396,-0.03790058874179272,-0.04000668246157585
2023-03-31,2022-12-31,retained,nonnegative_low,318,1150,159,0.5,0.27652173913043476,True,0.0440251572327044,0.010062893081761008,0.8950985695897542,0.29140461215932917,0.028805031446540882,1.1256015753465216,0.0,0.009433962264150943,0.031446540880503145,0.0031446540880503146,0.006289308176100629,0.5802484648484,0.008782844436942197,0.012203269811702522,0.052812483470657895,-0.05480225988700565
2023-03-31,2022-12-31,retained,nonnegative_high,211,1150,101,0.4786729857819905,0.18347826086956523,True,0.22274881516587677,0.05308056872037915,1.5553008762940392,0.3285939968404423,0.023317535545023697,1.064856155611193,0.061611374407582936,0.04265402843601896,0.02843601895734597,0.08056872037914692,0.052132701421800945,1.1535660934728265,0.015863087039258622,0.018738150837611742,0.07790709026301351,-0.01557287064556725
2023-03-31,2022-12-31,both,negative_low,253,1209,129,0.5098814229249012,0.20926385442514475,True,0.10276679841897234,0.021343873517786563,0.7688722985261229,0.21870882740447958,0.017654808959156786,0.9820133132977944,0.03162055335968379,0.007905138339920948,0.011857707509881422,0.007905138339920948,0.04743083003952569,-0.5814232607006953,0.009203714968811774,0.012785621606041993,-0.07017911175360135,-0.08943078537772715
2023-03-31,2022-12-31,both,negative_high,372,1209,192,0.5161290322580645,0.3076923076923077,True,0.053763440860215055,0.011290322580645162,0.9402833765227163,0.23118279569892472,0.01903225806451613,0.9646652694982656,0.013440860215053764,0.010752688172043012,0.01881720430107527,0.013440860215053764,0.0,-0.8237703017179496,0.015004614128605919,0.0179368845513396,-0.03790058874179272,-0.04000668246157585
2023-03-31,2022-12-31,both,nonnegative_low,373,1209,190,0.5093833780160858,0.30851943755169564,True,0.03753351206434316,0.008579088471849867,0.8897457705376143,0.2797140303842717,0.027560321715817692,1.1128917127072622,0.0,0.00804289544235925,0.02680965147453083,0.002680965147453083,0.005361930294906166,0.6224356607900831,0.008729400775753208,0.012080855682913337,0.058007556865220695,-0.04922373184289847
2023-03-31,2022-12-31,both,nonnegative_high,211,1209,101,0.4786729857819905,0.17452440033085195,True,0.22274881516587677,0.05308056872037915,1.5553008762940392,0.3285939968404423,0.023317535545023697,1.064856155611193,0.061611374407582936,0.04265402843601896,0.02843601895734597,0.08056872037914692,0.052132701421800945,1.1535660934728265,0.015863087039258622,0.018738150837611742,0.07790709026301351,-0.01557287064556725
2023-06-30,2022-12-31,annual,negative_low,257,1209,128,0.4980544747081712,0.21257237386269645,True,0.0933852140077821,0.019455252918287938,0.7581489678114269,0.21530479896238652,0.017328145265888457,0.9817834353021582,0.0311284046692607,0.007782101167315175,0.011673151750972763,0.0,0.04669260700389105,-0.5819938079202394,0.009225145889017567,0.012820448883643726,-0.06186623655420943,-0.08653960298094043
2023-06-30,2022-12-31,annual,negative_high,382,1209,199,0.5209424083769634,0.3159636062861869,True,0.0549738219895288,0.011518324607329844,0.9378287374455255,0.22862129144851656,0.01867364746945899,0.9554215000488897,0.013089005235602094,0.010471204188481676,0.01832460732984293,0.015706806282722512,0.0,-0.8114201488182878,0.01500024874496147,0.017937005080482862,-0.04678094371110679,-0.03893572337089952
2023-06-30,2022-12-31,annual,nonnegative_low,348,1209,173,0.49712643678160917,0.2878411910669975,True,0.06609195402298851,0.014367816091954023,0.9193809088214736,0.27681992337164746,0.02701149425287356,1.1001307057147964,0.0,0.031609195402298854,0.028735632183908046,0.005747126436781609,0.005747126436781609,0.607283450018498,0.008655844859287467,0.01212105941860989,0.07950242257945057,-0.05266251055263328
2023-06-30,2022-12-31,annual,nonnegative_high,222,1209,108,0.4864864864864865,0.18362282878411912,True,0.21621621621621623,0.051351351351351354,1.5133359517945926,0.3213213213213213,0.02258258258258258,1.0529535924573235,0.05855855855855856,0.04054054054054054,0.02702702702702703,0.08108108108108109,0.04954954954954955,1.1033740762076816,0.01583833073844996,0.018679366091997995,0.05070550301717859,-0.01451112129078231
2023-06-30,2022-12-31,added,negative_low,46,118,20,0.43478260869565216,0.3898305084745763,True,0.30434782608695654,0.06956521739130438,1.0998622255642703,0.18840579710144925,0.01536231884057971,1.0849216593595936,0.0,0.043478260869565216,0.06521739130434782,0.08695652173913043,0.15217391304347827,-0.5851612726119844,0.008077197997544196,0.01122884143193762,-0.13480677392472729,0.08555637435519528
2023-06-30,2022-12-31,added,negative_high,0,118,0,,0.0,False,,,,,,,,,,,,,,,,
2023-06-30,2022-12-31,added,nonnegative_low,72,118,43,0.5972222222222222,0.6101694915254238,True,0.08333333333333333,0.027777777777777776,0.8975000794565609,0.19444444444444445,0.017777777777777774,1.0137748816640164,0.0,0.06944444444444445,0.06944444444444445,0.0,0.0,0.7864928345067694,0.008041328411764116,0.010926757401479545,0.09128495003446238,-0.008380414312617704
2023-06-30,2022-12-31,added,nonnegative_high,0,118,0,,0.0,False,,,,,,,,,,,,,,,,
2023-06-30,2022-12-31,removed,negative_low,45,119,13,0.28888888888888886,0.37815126050420167,True,0.0,0.0,0.5386577316496418,0.1185185185185185,0.006814814814814815,0.8478339534142633,0.0,0.0,0.0,0.0,0.0,-0.7148116208899007,0.009886771229990043,0.012559352997080775,-0.08543077089646253,0.0221217827997489
2023-06-30,2022-12-31,removed,negative_high,31,119,17,0.5483870967741935,0.2605042016806723,True,0.03225806451612903,0.0064516129032258064,0.6863604628300765,0.12903225806451613,0.006021505376344086,0.8022327956618068,0.0,0.0,0.0,0.03225806451612903,0.0,-0.9473567489540511,0.012767958405947695,0.016112046502262747,-0.12347785990776251,0.02697284490614179
2023-06-30,2022-12-31,removed,nonnegative_low,32,119,14,0.4375,0.2689075630252101,True,0.28125,0.05625,1.132104724775454,0.11458333333333331,0.0075,0.8231813297513033,0.0,0.25,0.0,0.03125,0.0,0.8416184261793791,0.007458975130244204,0.011344148285780373,0.3143531940516351,-0.02733050847457627
2023-06-30,2022-12-31,removed,nonnegative_high,11,119,7,0.6363636363636364,0.09243697478991597,False,0.09090909090909091,0.018181818181818184,0.7083724000324783,0.1818181818181818,0.008484848484848486,0.8246407901421956,0.0,0.0,0.0,0.09090909090909091,0.0,0.1405999268489909,0.015363459877483774,0.01755176778977062,-0.47107039778929116,0.005855161787365176
2023-06-30,2022-12-31,retained,negative_low,212,1090,115,0.5424528301886793,0.1944954128440367,True,0.11320754716981132,0.02358490566037736,0.8047390886948247,0.2358490566037736,0.019559748427672954,1.0102161083444001,0.03773584905660377,0.009433962264150943,0.014150943396226415,0.0,0.05660377358490566,-0.5538013476200755,0.00908470654777341,0.012875870180319824,-0.05686433067967458,-0.10960451977401128
2023-06-30,2022-12-31,retained,negative_high,351,1090,182,0.5185185185185185,0.3220183486238532,True,0.05698005698005698,0.011965811965811963,0.9600381862007363,0.23741690408357075,0.019791073124406457,0.9689509867611391,0.014245014245014245,0.011396011396011397,0.019943019943019943,0.014245014245014245,0.0,-0.7994143522251007,0.015197402592566675,0.018098183758331363,-0.04000714199573264,-0.044756708033544194
2023-06-30,2022-12-31,retained,nonnegative_low,316,1090,159,0.5031645569620253,0.28990825688073396,True,0.04430379746835443,0.010126582278481011,0.8978392565729693,0.2932489451476793,0.028987341772151898,1.1281762121414793,0.0,0.00949367088607595,0.03164556962025317,0.0031645569620253164,0.006329113924050633,0.5835533258503075,0.008777046857165266,0.012199733963706546,0.0557200659746724,-0.055227776585854246
2023-06-30,2022-12-31,retained,nonnegative_high,211,1090,101,0.4786729857819905,0.19357798165137616,True,0.22274881516587677,0.05308056872037915,1.5553008762940392,0.3285939968404423,0.023317535545023697,1.064856155611193,0.061611374407582936,0.04265402843601896,0.02843601895734597,0.08056872037914692,0.052132701421800945,1.1535660934728265,0.015863087039258622,0.018738150837611742,0.07790709026301351,-0.01557287064556725
2023-06-30,2022-12-31,both,negative_low,258,1208,135,0.5232558139534884,0.21357615894039736,True,0.14728682170542637,0.03178294573643412,0.8573579425552686,0.22739018087855295,0.01881136950904393,1.02353570271145,0.031007751937984496,0.015503875968992248,0.023255813953488372,0.015503875968992248,0.07364341085271318,-0.5593926520759972,0.008905073240368202,0.012582213891848578,-0.070761045366777,-0.07480839136337757
2023-06-30,2022-12-31,both,negative_high,351,1208,182,0.5185185185185185,0.2905629139072848,True,0.05698005698005698,0.011965811965811963,0.9600381862007363,0.23741690408357075,0.019791073124406457,0.9689509867611391,0.014245014245014245,0.011396011396011397,0.019943019943019943,0.014245014245014245,0.0,-0.7994143522251007,0.015197402592566675,0.018098183758331363,-0.04000714199573264,-0.044756708033544194
2023-06-30,2022-12-31,both,nonnegative_low,388,1208,202,0.520618556701031,0.3211920529801324,True,0.05154639175257732,0.013402061855670104,0.897776316489512,0.274914089347079,0.02690721649484536,1.1069470992693728,0.0,0.020618556701030927,0.03865979381443299,0.002577319587628866,0.005154639175257732,0.621212203745321,0.008640521784822785,0.011963511508860299,0.062319735181643736,-0.04653445162793406
2023-06-30,2022-12-31,both,nonnegative_high,211,1208,101,0.4786729857819905,0.17466887417218543,True,0.22274881516587677,0.05308056872037915,1.5553008762940392,0.3285939968404423,0.023317535545023697,1.064856155611193,0.061611374407582936,0.04265402843601896,0.02843601895734597,0.08056872037914692,0.052132701421800945,1.1535660934728265,0.015863087039258622,0.018738150837611742,0.07790709026301351,-0.01557287064556725
2023-09-30,2022-12-31,annual,negative_low,257,1209,128,0.4980544747081712,0.21257237386269645,True,0.0933852140077821,0.019455252918287938,0.7581489678114269,0.21530479896238652,0.017328145265888457,0.9817834353021582,0.0311284046692607,0.007782101167315175,0.011673151750972763,0.0,0.04669260700389105,-0.5819938079202394,0.009225145889017567,0.012820448883643726,-0.06186623655420943,-0.08653960298094043
2023-09-30,2022-12-31,annual,negative_high,382,1209,199,0.5209424083769634,0.3159636062861869,True,0.0549738219895288,0.011518324607329844,0.9378287374455255,0.22862129144851656,0.01867364746945899,0.9554215000488897,0.013089005235602094,0.010471204188481676,0.01832460732984293,0.015706806282722512,0.0,-0.8114201488182878,0.01500024874496147,0.017937005080482862,-0.04678094371110679,-0.03893572337089952
2023-09-30,2022-12-31,annual,nonnegative_low,348,1209,173,0.49712643678160917,0.2878411910669975,True,0.06609195402298851,0.014367816091954023,0.9193809088214736,0.27681992337164746,0.02701149425287356,1.1001307057147964,0.0,0.031609195402298854,0.028735632183908046,0.005747126436781609,0.005747126436781609,0.607283450018498,0.008655844859287467,0.01212105941860989,0.07950242257945057,-0.05266251055263328
2023-09-30,2022-12-31,annual,nonnegative_high,222,1209,108,0.4864864864864865,0.18362282878411912,True,0.21621621621621623,0.051351351351351354,1.5133359517945926,0.3213213213213213,0.02258258258258258,1.0529535924573235,0.05855855855855856,0.04054054054054054,0.02702702702702703,0.08108108108108109,0.04954954954954955,1.1033740762076816,0.01583833073844996,0.018679366091997995,0.05070550301717859,-0.01451112129078231
2023-09-30,2022-12-31,added,negative_low,103,182,45,0.4368932038834951,0.5659340659340659,True,0.21359223300970873,0.046601941747572824,0.9601671175317967,0.24595469255663427,0.021359223300970877,1.1008555164356373,0.0,0.019417475728155338,0.07766990291262135,0.038834951456310676,0.0970873786407767,-0.5507853233128637,0.008626894593479576,0.011250914157378054,-0.10149086270077434,0.07745049640721846
2023-09-30,2022-12-31,added,negative_high,2,182,1,0.5,0.01098901098901099,False,0.0,0.0,0.42701249829856863,0.5,0.1,2.3790914313621605,0.0,0.0,0.0,0.0,0.0,-0.3688180012766862,0.011245390940536327,0.012408154816758943,0.22602438865524732,0.05649717514124293
2023-09-30,2022-12-31,added,nonnegative_low,77,182,43,0.5584415584415584,0.4230769230769231,True,0.09090909090909091,0.028571428571428574,0.8941135704396923,0.19480519480519481,0.018701298701298698,1.0097837790014639,0.0,0.06493506493506493,0.06493506493506493,0.0,0.012987012987012988,0.7412817335364387,0.008126138160582804,0.011011799512628885,0.09305460922768376,-0.0020544427324088346
2023-09-30,2022-12-31,added,nonnegative_high,0,182,0,,0.0,False,,,,,,,,,,,,,,,,
2023-09-30,2022-12-31,removed,negative_low,47,183,15,0.3191489361702128,0.2568306010928962,True,0.0,0.0,0.5468011011979619,0.12056737588652479,0.006808510638297872,0.862227225815998,0.0,0.0,0.0,0.0,0.0,-0.727291504547241,0.009923909879830406,0.012628947990680548,-0.09071382100696944,0.02531554273350162
2023-09-30,2022-12-31,removed,negative_high,90,183,47,0.5222222222222223,0.4918032786885246,True,0.022222222222222223,0.0044444444444444444,0.7655635518682609,0.16296296296296295,0.01037037037037037,0.8090068360894239,0.0,0.0,0.0,0.022222222222222223,0.0,-1.0635705235162314,0.013410565513656006,0.017854550227483428,-0.07779231651117059,0.012592592592592593
2023-09-30,2022-12-31,removed,nonnegative_low,32,183,14,0.4375,0.17486338797814208,True,0.28125,0.05625,1.132104724775454,0.11458333333333331,0.0075,0.8231813297513033,0.0,0.25,0.0,0.03125,0.0,0.8416184261793791,0.007458975130244204,0.011344148285780373,0.3143531940516351,-0.02733050847457627
2023-09-30,2022-12-31,removed,nonnegative_high,14,183,7,0.5,0.07650273224043716,False,0.07142857142857142,0.014285714285714287,0.6090827294993986,0.14285714285714285,0.006666666666666667,0.8295955944146989,0.0,0.0,0.0,0.07142857142857142,0.0,0.1398764809032016,0.014702923666016176,0.01704907690361464,-0.3371740414792456,0.016222760290556897
2023-09-30,2022-12-31,retained,negative_low,210,1026,113,0.5380952380952381,0.2046783625730994,True,0.11428571428571428,0.023809523809523808,0.8054506331963452,0.23650793650793653,0.019682539682539683,1.0085412536157274,0.0380952380952381,0.009523809523809525,0.014285714285714285,0.0,0.05714285714285714,-0.5494747996275294,0.009068755852978503,0.012863308607306912,-0.055409872414782194,-0.11157384987893462
2023-09-30,2022-12-31,retained,negative_high,292,1026,152,0.5205479452054794,0.28460038986354774,True,0.06506849315068493,0.0136986301369863,0.9909241713563264,0.24885844748858443,0.021232876712328767,1.0005493074336564,0.017123287671232876,0.0136986301369863,0.023972602739726026,0.0136986301369863,0.0,-0.7337025675757709,0.015490219603925484,0.01796241924750324,-0.03722264387547069,-0.05481773856512654
2023-09-30,2022-12-31,retained,nonnegative_low,316,1026,159,0.5031645569620253,0.3079922027290448,True,0.04430379746835443,0.010126582278481011,0.8978392565729693,0.2932489451476793,0.028987341772151898,1.1281762121414793,0.0,0.00949367088607595,0.03164556962025317,0.0031645569620253164,0.006329113924050633,0.5835533258503075,0.008777046857165266,0.012199733963706546,0.0557200659746724,-0.055227776585854246
2023-09-30,2022-12-31,retained,nonnegative_high,208,1026,101,0.4855769230769231,0.20272904483430798,True,0.22596153846153846,0.05384615384615385,1.5741991494490768,0.33333333333333337,0.023653846153846154,1.0679873038640388,0.0625,0.04326923076923077,0.028846153846153848,0.08173076923076923,0.052884615384615384,1.1682248758916367,0.015914752368325312,0.01878909709506226,0.07681278005059176,-0.01657974793568014
2023-09-30,2022-12-31,both,negative_low,313,1208,158,0.5047923322683706,0.2591059602649007,True,0.14696485623003194,0.031309904153354634,0.8563637254856472,0.23961661341853036,0.02023429179978701,1.0389194295596595,0.025559105431309903,0.012779552715654952,0.03514376996805112,0.012779552715654952,0.07028753993610223,-0.5499060582204669,0.008923351029565117,0.012332712350621057,-0.07057390436192977,-0.0493709499828523
2023-09-30,2022-12-31,both,negative_high,294,1208,153,0.5204081632653061,0.2433774834437086,True,0.06462585034013606,0.013605442176870748,0.9870880375260015,0.25056689342403626,0.0217687074829932,1.0099271450114014,0.017006802721088437,0.013605442176870748,0.023809523809523808,0.013605442176870748,0.0,-0.7312203596417635,0.015461343218460249,0.017924635135729467,-0.03543184773580594,-0.05406049425419886
2023-09-30,2022-12-31,both,nonnegative_low,393,1208,202,0.5139949109414759,0.3253311258278146,True,0.05343511450381679,0.013740458015267177,0.8971092875341338,0.27396098388464796,0.026972010178117047,1.104979730330331,0.0,0.020356234096692113,0.03816793893129771,0.002544529262086514,0.007633587786259542,0.6144568561094224,0.008649515127809414,0.01196698344784655,0.0630349764848044,-0.04480959158148962
2023-09-30,2022-12-31,both,nonnegative_high,208,1208,101,0.4855769230769231,0.17218543046357615,True,0.22596153846153846,0.05384615384615385,1.5741991494490768,0.33333333333333337,0.023653846153846154,1.0679873038640388,0.0625,0.04326923076923077,0.028846153846153848,0.08173076923076923,0.052884615384615384,1.1682248758916367,0.015914752368325312,0.01878909709506226,0.07681278005059176,-0.01657974793568014
2023-12-31,2023-12-31,annual,negative_low,287,1208,132,0.45993031358885017,0.23758278145695363,True,0.11846689895470383,0.02578397212543554,0.8486049237513132,0.1614401858304297,0.011986062717770035,0.8608250948043732,0.024390243902439025,0.020905923344947737,0.017421602787456445,0.010452961672473868,0.05574912891986063,-0.7060235498644265,0.008155089641870306,0.0114007638138536,-0.09334390967625895,-0.042764621350814006
2023-12-31,2023-12-31,annual,negative_high,322,1208,172,0.5341614906832298,0.26655629139072845,True,0.052795031055900624,0.011801242236024845,0.9543357753384862,0.18633540372670807,0.014451345755693585,0.8861127039126769,0.018633540372670808,0.006211180124223602,0.018633540372670808,0.012422360248447204,0.003105590062111801,-0.7210352996467189,0.013898618758851896,0.016779229792782034,-0.022345860865335136,-0.059809804540828855
2023-12-31,2023-12-31,annual,nonnegative_low,317,1208,169,0.5331230283911672,0.26241721854304634,True,0.0473186119873817,0.011987381703470032,0.768794949409081,0.29652996845425866,0.030872765509989485,1.1466247060450816,0.0,0.022082018927444796,0.025236593059936908,0.006309148264984227,0.006309148264984227,0.6410193497436514,0.008227513161930166,0.011369724174883493,0.06396131525908645,-0.04444206811741431
2023-12-31,2023-12-31,annual,nonnegative_high,282,1208,134,0.475177304964539,0.23344370860927152,True,0.1595744680851064,0.03900709219858157,1.466121518658521,0.32269503546099293,0.02879432624113475,1.2034529907691929,0.04609929078014184,0.03900709219858156,0.024822695035460994,0.06028368794326241,0.024822695035460994,0.9967138541022428,0.014446101059229003,0.01763601200862053,0.07372144937469056,-0.02471450895540329
2023-12-31,2023-12-31,added,negative_low,0,0,0,,,False,,,,,,,,,,,,,,,,
2023-12-31,2023-12-31,added,negative_high,0,0,0,,,False,,,,,,,,,,,,,,,,
2023-12-31,2023-12-31,added,nonnegative_low,0,0,0,,,False,,,,,,,,,,,,,,,,
2023-12-31,2023-12-31,added,nonnegative_high,0,0,0,,,False,,,,,,,,,,,,,,,,
2023-12-31,2023-12-31,removed,negative_low,0,0,0,,,False,,,,,,,,,,,,,,,,
2023-12-31,2023-12-31,removed,negative_high,0,0,0,,,False,,,,,,,,,,,,,,,,
2023-12-31,2023-12-31,removed,nonnegative_low,0,0,0,,,False,,,,,,,,,,,,,,,,
2023-12-31,2023-12-31,removed,nonnegative_high,0,0,0,,,False,,,,,,,,,,,,,,,,
2023-12-31,2023-12-31,retained,negative_low,287,1208,132,0.45993031358885017,0.23758278145695363,True,0.11846689895470383,0.02578397212543554,0.8486049237513132,0.1614401858304297,0.011986062717770035,0.8608250948043732,0.024390243902439025,0.020905923344947737,0.017421602787456445,0.010452961672473868,0.05574912891986063,-0.7060235498644265,0.008155089641870306,0.0114007638138536,-0.09334390967625895,-0.042764621350814006
2023-12-31,2023-12-31,retained,negative_high,322,1208,172,0.5341614906832298,0.26655629139072845,True,0.052795031055900624,0.011801242236024845,0.9543357753384862,0.18633540372670807,0.014451345755693585,0.8861127039126769,0.018633540372670808,0.006211180124223602,0.018633540372670808,0.012422360248447204,0.003105590062111801,-0.7210352996467189,0.013898618758851896,0.016779229792782034,-0.022345860865335136,-0.059809804540828855
2023-12-31,2023-12-31,retained,nonnegative_low,317,1208,169,0.5331230283911672,0.26241721854304634,True,0.0473186119873817,0.011987381703470032,0.768794949409081,0.29652996845425866,0.030872765509989485,1.1466247060450816,0.0,0.022082018927444796,0.025236593059936908,0.006309148264984227,0.006309148264984227,0.6410193497436514,0.008227513161930166,0.011369724174883493,0.06396131525908645,-0.04444206811741431
2023-12-31,2023-12-31,retained,nonnegative_high,282,1208,134,0.475177304964539,0.23344370860927152,True,0.1595744680851064,0.03900709219858157,1.466121518658521,0.32269503546099293,0.02879432624113475,1.2034529907691929,0.04609929078014184,0.03900709219858156,0.024822695035460994,0.06028368794326241,0.024822695035460994,0.9967138541022428,0.014446101059229003,0.01763601200862053,0.07372144937469056,-0.02471450895540329
2023-12-31,2023-12-31,both,negative_low,287,1208,132,0.45993031358885017,0.23758278145695363,True,0.11846689895470383,0.02578397212543554,0.8486049237513132,0.1614401858304297,0.011986062717770035,0.8608250948043732,0.024390243902439025,0.020905923344947737,0.017421602787456445,0.010452961672473868,0.05574912891986063,-0.7060235498644265,0.008155089641870306,0.0114007638138536,-0.09334390967625895,-0.042764621350814006
2023-12-31,2023-12-31,both,negative_high,322,1208,172,0.5341614906832298,0.26655629139072845,True,0.052795031055900624,0.011801242236024845,0.9543357753384862,0.18633540372670807,0.014451345755693585,0.8861127039126769,0.018633540372670808,0.006211180124223602,0.018633540372670808,0.012422360248447204,0.003105590062111801,-0.7210352996467189,0.013898618758851896,0.016779229792782034,-0.022345860865335136,-0.059809804540828855
2023-12-31,2023-12-31,both,nonnegative_low,317,1208,169,0.5331230283911672,0.26241721854304634,True,0.0473186119873817,0.011987381703470032,0.768794949409081,0.29652996845425866,0.030872765509989485,1.1466247060450816,0.0,0.022082018927444796,0.025236593059936908,0.006309148264984227,0.006309148264984227,0.6410193497436514,0.008227513161930166,0.011369724174883493,0.06396131525908645,-0.04444206811741431
2023-12-31,2023-12-31,both,nonnegative_high,282,1208,134,0.475177304964539,0.23344370860927152,True,0.1595744680851064,0.03900709219858157,1.466121518658521,0.32269503546099293,0.02879432624113475,1.2034529907691929,0.04609929078014184,0.03900709219858156,0.024822695035460994,0.06028368794326241,0.024822695035460994,0.9967138541022428,0.014446101059229003,0.01763601200862053,0.07372144937469056,-0.02471450895540329
2024-03-31,2023-12-31,annual,negative_low,287,1208,132,0.45993031358885017,0.23758278145695363,True,0.11846689895470383,0.02578397212543554,0.8486049237513132,0.1614401858304297,0.011986062717770035,0.8608250948043732,0.024390243902439025,0.020905923344947737,0.017421602787456445,0.010452961672473868,0.05574912891986063,-0.7060235498644265,0.008155089641870306,0.0114007638138536,-0.09334390967625895,-0.042764621350814006
2024-03-31,2023-12-31,annual,negative_high,322,1208,172,0.5341614906832298,0.26655629139072845,True,0.052795031055900624,0.011801242236024845,0.9543357753384862,0.18633540372670807,0.014451345755693585,0.8861127039126769,0.018633540372670808,0.006211180124223602,0.018633540372670808,0.012422360248447204,0.003105590062111801,-0.7210352996467189,0.013898618758851896,0.016779229792782034,-0.022345860865335136,-0.059809804540828855
2024-03-31,2023-12-31,annual,nonnegative_low,317,1208,169,0.5331230283911672,0.26241721854304634,True,0.0473186119873817,0.011987381703470032,0.768794949409081,0.29652996845425866,0.030872765509989485,1.1466247060450816,0.0,0.022082018927444796,0.025236593059936908,0.006309148264984227,0.006309148264984227,0.6410193497436514,0.008227513161930166,0.011369724174883493,0.06396131525908645,-0.04444206811741431
2024-03-31,2023-12-31,annual,nonnegative_high,282,1208,134,0.475177304964539,0.23344370860927152,True,0.1595744680851064,0.03900709219858157,1.466121518658521,0.32269503546099293,0.02879432624113475,1.2034529907691929,0.04609929078014184,0.03900709219858156,0.024822695035460994,0.06028368794326241,0.024822695035460994,0.9967138541022428,0.014446101059229003,0.01763601200862053,0.07372144937469056,-0.02471450895540329
2024-03-31,2023-12-31,added,negative_low,19,58,6,0.3157894736842105,0.3275862068965517,False,0.0,0.0,0.7854723867291858,0.1754385964912281,0.010526315789473684,0.6970865216172678,0.0,0.0,0.0,0.0,0.0,-1.4772998284702847,0.008490259151264055,0.012471217277701901,0.052160326388495735,0.011953612845673504
2024-03-31,2023-12-31,added,negative_high,24,58,18,0.75,0.41379310344827586,True,0.0,0.0,1.018916579453909,0.26388888888888884,0.011666666666666667,0.8140339387876653,0.0,0.0,0.0,0.0,0.0,-0.9687318697620145,0.01173796743063983,0.01853125402602134,0.40364308200312243,-0.04778719397363466
2024-03-31,2023-12-31,added,nonnegative_low,7,58,2,0.2857142857142857,0.1206896551724138,False,0.0,0.0,0.630293513444882,0.42857142857142855,0.047619047619047616,1.0935084089272207,0.0,0.0,0.0,0.0,0.0,0.7512945992347898,0.008219995245537685,0.013114300111258423,-0.23397132097088708,0.07667473769168684
2024-03-31,2023-12-31,added,nonnegative_high,8,58,7,0.875,0.13793103448275862,False,0.0,0.0,0.5851364281668181,0.3333333333333333,0.025,1.1626551026650598,0.0,0.0,0.0,0.0,0.0,0.4111406898537195,0.011202061867136088,0.018037380834415487,-0.10648658190755622,0.09096045197740113
2024-03-31,2023-12-31,removed,negative_low,6,58,6,1.0,0.10344827586206896,False,0.0,0.0,0.4269924367991713,0.2222222222222222,0.015555555555555557,0.8412525743069578,0.0,0.0,0.0,0.0,0.0,-0.46667376553941226,0.00930948468817897,0.013759710705771718,-0.040889402355897886,0.04331450094161959
2024-03-31,2023-12-31,removed,negative_high,11,58,10,0.9090909090909091,0.1896551724137931,False,0.0,0.0,0.5374067531753709,0.2727272727272727,0.02181818181818182,0.8772572888566049,0.0,0.0,0.0,0.0,0.0,-0.19341429736843588,0.010123165054581345,0.014875173573316754,0.3158845619899182,0.08700564971751412
2024-03-31,2023-12-31,removed,nonnegative_low,7,58,7,1.0,0.1206896551724138,False,0.0,0.0,0.3407432474215388,0.47619047619047616,0.047619047619047616,1.1313231223393354,0.0,0.0,0.0,0.0,0.0,0.33126896406377887,0.00931236672220161,0.013226978664326731,0.11463232218440364,0.009685230024213074
2024-03-31,2023-12-31,removed,nonnegative_high,34,58,25,0.7352941176470589,0.5862068965517241,True,0.2647058823529412,0.05294117647058824,2.300131712665671,0.3137254901960784,0.02588235294117647,1.11239521573147,0.0,0.0,0.0,0.2647058823529412,0.0,1.3242863707707813,0.01592556246149945,0.01860767281293411,0.5399792698860205,-0.04489863742107012
2024-03-31,2023-12-31,retained,negative_low,281,1150,126,0.4483985765124555,0.24434782608695652,True,0.12099644128113879,0.026334519572953737,0.8576073256079425,0.1601423487544484,0.011909845788849347,0.8612430133915068,0.02491103202846975,0.021352313167259787,0.017793594306049824,0.010676156583629894,0.05693950177935943,-0.7111342214158503,0.00813044063732279,0.01135039484107243,-0.09446393474359763,-0.04460260972716489
2024-03-31,2023-12-31,retained,negative_high,311,1150,162,0.5209003215434084,0.27043478260869563,True,0.05466237942122187,0.01221864951768489,0.9690824610098506,0.1832797427652733,0.014190782422293678,0.8864259179500299,0.01929260450160772,0.006430868167202572,0.01929260450160772,0.012861736334405145,0.003215434083601286,-0.7396971357401629,0.01403215570659137,0.016846575832698808,-0.034308994792691366,-0.06500263411266735
2024-03-31,2023-12-31,retained,nonnegative_low,310,1150,162,0.5225806451612903,0.26956521739130435,True,0.04838709677419355,0.012258064516129033,0.7784606330023481,0.29247311827956984,0.030494623655913978,1.1469702256771468,0.0,0.02258064516129032,0.025806451612903226,0.0064516129032258064,0.0064516129032258064,0.6480137132912613,0.008203016468633714,0.01132778617028316,0.06281713123174058,-0.045664297430289776
2024-03-31,2023-12-31,retained,nonnegative_high,248,1150,109,0.43951612903225806,0.21565217391304348,True,0.14516129032258066,0.037096774193548385,1.3517814114156053,0.32392473118279574,0.029193548387096768,1.2159367179921068,0.05241935483870968,0.04435483870967742,0.028225806451612902,0.03225806451612903,0.028225806451612902,0.9518047187525238,0.01424327167343386,0.017502800446738832,0.009799006240072758,-0.0219473300528522
2024-03-31,2023-12-31,both,negative_low,300,1208,132,0.44,0.24834437086092714,True,0.11333333333333333,0.024666666666666667,0.8530387794789547,0.1611111111111111,0.011822222222222222,0.8508464355791383,0.023333333333333334,0.02,0.016666666666666666,0.01,0.05333333333333334,-0.7596580431959644,0.008153229143205737,0.011421380262058965,-0.08517773153856505,-0.04102071563088512
2024-03-31,2023-12-31,both,negative_high,335,1208,180,0.5373134328358209,0.277317880794702,True,0.050746268656716415,0.011343283582089553,0.9726526665103206,0.18905472636815918,0.014009950248756222,0.8812396269055619,0.01791044776119403,0.005970149253731343,0.01791044776119403,0.011940298507462687,0.0029850746268656717,-0.7561055942969521,0.013867795949508276,0.016967269195802513,-0.00293332361925993,-0.06376928914748292
2024-03-31,2023-12-31,both,nonnegative_low,317,1208,164,0.5173501577287066,0.26241721854304634,True,0.0473186119873817,0.011987381703470032,0.7751888038638551,0.29547844374342797,0.03087276550998948,1.1457896808277792,0.0,0.022082018927444796,0.025236593059936908,0.006309148264984227,0.006309148264984227,0.6502943637695097,0.008203391394306671,0.011367236004941921,0.05626344301275512,-0.04296280454116095
2024-03-31,2023-12-31,both,nonnegative_high,256,1208,116,0.453125,0.2119205298013245,True,0.140625,0.035937500000000004,1.3278237556890806,0.32421875,0.029062499999999998,1.2142716675131364,0.05078125,0.04296875,0.02734375,0.03125,0.02734375,0.9349089678494362,0.014148233866987055,0.017519506083853727,0.0061650816104593525,-0.018418961864406783
2024-06-30,2023-12-31,annual,negative_low,287,1208,132,0.45993031358885017,0.23758278145695363,True,0.11846689895470383,0.02578397212543554,0.8486049237513132,0.1614401858304297,0.011986062717770035,0.8608250948043732,0.024390243902439025,0.020905923344947737,0.017421602787456445,0.010452961672473868,0.05574912891986063,-0.7060235498644265,0.008155089641870306,0.0114007638138536,-0.09334390967625895,-0.042764621350814006
2024-06-30,2023-12-31,annual,negative_high,322,1208,172,0.5341614906832298,0.26655629139072845,True,0.052795031055900624,0.011801242236024845,0.9543357753384862,0.18633540372670807,0.014451345755693585,0.8861127039126769,0.018633540372670808,0.006211180124223602,0.018633540372670808,0.012422360248447204,0.003105590062111801,-0.7210352996467189,0.013898618758851896,0.016779229792782034,-0.022345860865335136,-0.059809804540828855
2024-06-30,2023-12-31,annual,nonnegative_low,317,1208,169,0.5331230283911672,0.26241721854304634,True,0.0473186119873817,0.011987381703470032,0.768794949409081,0.29652996845425866,0.030872765509989485,1.1466247060450816,0.0,0.022082018927444796,0.025236593059936908,0.006309148264984227,0.006309148264984227,0.6410193497436514,0.008227513161930166,0.011369724174883493,0.06396131525908645,-0.04444206811741431
2024-06-30,2023-12-31,annual,nonnegative_high,282,1208,134,0.475177304964539,0.23344370860927152,True,0.1595744680851064,0.03900709219858157,1.466121518658521,0.32269503546099293,0.02879432624113475,1.2034529907691929,0.04609929078014184,0.03900709219858156,0.024822695035460994,0.06028368794326241,0.024822695035460994,0.9967138541022428,0.014446101059229003,0.01763601200862053,0.07372144937469056,-0.02471450895540329
2024-06-30,2023-12-31,added,negative_low,27,117,7,0.25925925925925924,0.23076923076923078,True,0.14814814814814814,0.02962962962962963,0.7656562341738655,0.24691358024691357,0.022222222222222223,0.8986318786621107,0.0,0.14814814814814814,0.0,0.0,0.0,-1.1074728176278186,0.0077585268704877565,0.011620790126800222,-0.00884489840129882,0.004059426658296714
2024-06-30,2023-12-31,added,negative_high,24,117,18,0.75,0.20512820512820512,True,0.0,0.0,1.018916579453909,0.26388888888888884,0.011666666666666667,0.8140339387876653,0.0,0.0,0.0,0.0,0.0,-0.9687318697620145,0.01173796743063983,0.01853125402602134,0.40364308200312243,-0.04778719397363466
2024-06-30,2023-12-31,added,nonnegative_low,58,117,25,0.43103448275862066,0.49572649572649574,True,0.15517241379310345,0.03103448275862069,0.9506826625420464,0.3448275862068966,0.03172413793103448,1.0187918970861718,0.0,0.0,0.0,0.0,0.15517241379310345,0.8782909112615477,0.008041627931089156,0.010890124708910117,-0.06431844972171964,0.0967270601987142
2024-06-30,2023-12-31,added,nonnegative_high,8,117,7,0.875,0.06837606837606838,False,0.0,0.0,0.5851364281668181,0.3333333333333333,0.025,1.1626551026650598,0.0,0.0,0.0,0.0,0.0,0.4111406898537195,0.011202061867136088,0.018037380834415487,-0.10648658190755622,0.09096045197740113
2024-06-30,2023-12-31,removed,negative_low,6,118,6,1.0,0.05084745762711865,False,0.0,0.0,0.4269924367991713,0.2222222222222222,0.015555555555555557,0.8412525743069578,0.0,0.0,0.0,0.0,0.0,-0.46667376553941226,0.00930948468817897,0.013759710705771718,-0.040889402355897886,0.04331450094161959
2024-06-30,2023-12-31,removed,negative_high,31,118,23,0.7419354838709677,0.2627118644067797,True,0.0,0.0,0.6677341107625103,0.30107526881720426,0.025376344086021504,0.8882726260201691,0.0,0.0,0.0,0.0,0.0,-0.20693984495207488,0.013003191481287682,0.016114630992506672,-0.03705956369205364,-0.035793694186258426
2024-06-30,2023-12-31,removed,nonnegative_low,7,118,7,1.0,0.059322033898305086,False,0.0,0.0,0.3407432474215388,0.47619047619047616,0.047619047619047616,1.1313231223393354,0.0,0.0,0.0,0.0,0.0,0.33126896406377887,0.00931236672220161,0.013226978664326731,0.11463232218440364,0.009685230024213074
2024-06-30,2023-12-31,removed,nonnegative_high,74,118,44,0.5945945945945946,0.6271186440677966,True,0.22972972972972974,0.04594594594594595,1.9197887157786233,0.4054054054054054,0.035315315315315315,1.3437074610180062,0.06756756756756757,0.0,0.0,0.16216216216216217,0.0,1.3562956186064845,0.016018594623880184,0.01866820526828965,0.10990864209837482,-0.08265384028095893
2024-06-30,2023-12-31,retained,negative_low,281,1090,126,0.4483985765124555,0.25779816513761467,True,0.12099644128113879,0.026334519572953737,0.8576073256079425,0.1601423487544484,0.011909845788849347,0.8612430133915068,0.02491103202846975,0.021352313167259787,0.017793594306049824,0.010676156583629894,0.05693950177935943,-0.7111342214158503,0.00813044063732279,0.01135039484107243,-0.09446393474359763,-0.04460260972716489
2024-06-30,2023-12-31,retained,negative_high,291,1090,149,0.5120274914089347,0.26697247706422017,True,0.058419243986254296,0.013058419243986255,0.9848672241421128,0.17411225658648338,0.013287514318442155,0.8858826091177205,0.020618556701030927,0.006872852233676976,0.020618556701030927,0.013745704467353952,0.003436426116838488,-0.7758014821055984,0.013994007919004781,0.01685002897769109,-0.02077842173259193,-0.06236822179509581
2024-06-30,2023-12-31,retained,nonnegative_low,310,1090,162,0.5225806451612903,0.28440366972477066,True,0.04838709677419355,0.012258064516129033,0.7784606330023481,0.29247311827956984,0.030494623655913978,1.1469702256771468,0.0,0.02258064516129032,0.025806451612903226,0.0064516129032258064,0.0064516129032258064,0.6480137132912613,0.008203016468633714,0.01132778617028316,0.06281713123174058,-0.045664297430289776
2024-06-30,2023-12-31,retained,nonnegative_high,208,1090,90,0.4326923076923077,0.1908256880733945,True,0.1346153846153846,0.03653846153846154,1.304720688913869,0.2932692307692307,0.026474358974358975,1.1535547657768268,0.038461538461538464,0.052884615384615384,0.03365384615384615,0.02403846153846154,0.03365384615384615,0.868785726345926,0.013886656233343488,0.01726878940662286,0.060847159655687516,-0.004101477618426774
2024-06-30,2023-12-31,both,negative_low,308,1207,133,0.4318181818181818,0.2551781275890638,True,0.12337662337662338,0.026623376623376625,0.849546677982228,0.16774891774891773,0.012813852813852816,0.86452060872367,0.022727272727272728,0.032467532467532464,0.016233766233766232,0.00974025974025974,0.05194805194805195,-0.7458781892656007,0.008097837807113225,0.011374098323912205,-0.08695836986943507,-0.04033678186220559
2024-06-30,2023-12-31,both,negative_high,315,1207,167,0.5301587301587302,0.2609776304888152,True,0.05396825396825397,0.012063492063492063,0.9874614607372972,0.18095238095238095,0.013164021164021163,0.8804084247116212,0.01904761904761905,0.006349206349206349,0.01904761904761905,0.012698412698412698,0.0031746031746031746,-0.790500940212754,0.013822119119891263,0.016978122314706728,0.011558454742510117,-0.061257286342032105
2024-06-30,2023-12-31,both,nonnegative_low,368,1207,187,0.5081521739130435,0.30488815244407624,True,0.06521739130434782,0.015217391304347825,0.8056043224406702,0.30072463768115937,0.030688405797101453,1.1267682064970475,0.0,0.019021739130434784,0.021739130434782608,0.005434782608695652,0.029891304347826088,0.6843074021017957,0.008177580231738105,0.011258806918218931,0.04277945814668436,-0.023222181282240243
2024-06-30,2023-12-31,both,nonnegative_high,216,1207,97,0.44907407407407407,0.17895608947804473,True,0.12962962962962962,0.03518518518518519,1.2780694199973115,0.29475308641975306,0.026419753086419754,1.1538918152912059,0.037037037037037035,0.05092592592592592,0.032407407407407406,0.023148148148148147,0.032407407407407406,0.8518359101795481,0.013787226812372844,0.017297255755800368,0.054649613671863675,-0.0005806654111738858
2024-09-30,2023-12-31,annual,negative_low,287,1208,132,0.45993031358885017,0.23758278145695363,True,0.11846689895470383,0.02578397212543554,0.8486049237513132,0.1614401858304297,0.011986062717770035,0.8608250948043732,0.024390243902439025,0.020905923344947737,0.017421602787456445,0.010452961672473868,0.05574912891986063,-0.7060235498644265,0.008155089641870306,0.0114007638138536,-0.09334390967625895,-0.042764621350814006
2024-09-30,2023-12-31,annual,negative_high,322,1208,172,0.5341614906832298,0.26655629139072845,True,0.052795031055900624,0.011801242236024845,0.9543357753384862,0.18633540372670807,0.014451345755693585,0.8861127039126769,0.018633540372670808,0.006211180124223602,0.018633540372670808,0.012422360248447204,0.003105590062111801,-0.7210352996467189,0.013898618758851896,0.016779229792782034,-0.022345860865335136,-0.059809804540828855
2024-09-30,2023-12-31,annual,nonnegative_low,317,1208,169,0.5331230283911672,0.26241721854304634,True,0.0473186119873817,0.011987381703470032,0.768794949409081,0.29652996845425866,0.030872765509989485,1.1466247060450816,0.0,0.022082018927444796,0.025236593059936908,0.006309148264984227,0.006309148264984227,0.6410193497436514,0.008227513161930166,0.011369724174883493,0.06396131525908645,-0.04444206811741431
2024-09-30,2023-12-31,annual,nonnegative_high,282,1208,134,0.475177304964539,0.23344370860927152,True,0.1595744680851064,0.03900709219858157,1.466121518658521,0.32269503546099293,0.02879432624113475,1.2034529907691929,0.04609929078014184,0.03900709219858156,0.024822695035460994,0.06028368794326241,0.024822695035460994,0.9967138541022428,0.014446101059229003,0.01763601200862053,0.07372144937469056,-0.02471450895540329
2024-09-30,2023-12-31,added,negative_low,89,181,28,0.3146067415730337,0.49171270718232046,True,0.30337078651685395,0.06067415730337079,0.947036264906138,0.1835205992509363,0.012883895131086143,0.8548330593575177,0.0,0.30337078651685395,0.0,0.0,0.0,-1.1514756729604967,0.0069805992877441944,0.010805838921447675,-0.04576938106746733,0.009229987938805306
2024-09-30,2023-12-31,added,negative_high,24,181,18,0.75,0.13259668508287292,True,0.0,0.0,1.018916579453909,0.26388888888888884,0.011666666666666667,0.8140339387876653,0.0,0.0,0.0,0.0,0.0,-0.9687318697620145,0.01173796743063983,0.01853125402602134,0.40364308200312243,-0.04778719397363466
2024-09-30,2023-12-31,added,nonnegative_low,60,181,25,0.4166666666666667,0.3314917127071823,True,0.18333333333333332,0.03666666666666667,0.9414178569375251,0.3444444444444444,0.032,1.0218127302781237,0.0,0.03333333333333333,0.0,0.0,0.15,0.8506031392957485,0.007967483317594183,0.010874881749604099,-0.0570696918886723,0.09463276836158192
2024-09-30,2023-12-31,added,nonnegative_high,8,181,7,0.875,0.04419889502762431,False,0.0,0.0,0.5851364281668181,0.3333333333333333,0.025,1.1626551026650598,0.0,0.0,0.0,0.0,0.0,0.4111406898537195,0.011202061867136088,0.018037380834415487,-0.10648658190755622,0.09096045197740113
2024-09-30,2023-12-31,removed,negative_low,18,183,14,0.7777777777777778,0.09836065573770492,False,0.0,0.0,0.6784995131924374,0.18518518518518517,0.012592592592592593,0.7647362229237029,0.0,0.0,0.0,0.0,0.0,-0.30634627388849434,0.008506304207458123,0.011736709933014197,-0.07716217795672876,0.07250470809792844
2024-09-30,2023-12-31,removed,negative_high,50,183,31,0.62,0.273224043715847,True,0.0,0.0,0.5307763047881241,0.26,0.022666666666666665,1.0545217958788264,0.0,0.0,0.0,0.0,0.0,-0.2760581229631704,0.012472515707738406,0.015045451320185558,-0.05285791328242254,-0.022508474576271188
2024-09-30,2023-12-31,removed,nonnegative_low,31,183,16,0.5161290322580645,0.16939890710382513,True,0.0,0.0,0.6467905714141506,0.27956989247311825,0.025806451612903222,0.868179887012887,0.0,0.0,0.0,0.0,0.0,0.44640008304747075,0.008735986658213934,0.01133247465711177,0.10011618150452425,0.06677601603790777
2024-09-30,2023-12-31,removed,nonnegative_high,84,183,54,0.6428571428571429,0.45901639344262296,True,0.20238095238095238,0.04047619047619048,1.755767465846839,0.36507936507936506,0.032063492063492065,1.289105179347035,0.05952380952380952,0.0,0.0,0.14285714285714285,0.0,1.2610393422915704,0.015377325104829946,0.01783234403511223,0.1092916458176431,-0.06190476190476192
2024-09-30,2023-12-31,retained,negative_low,269,1025,118,0.43866171003717475,0.2624390243902439,True,0.12639405204460966,0.0275092936802974,0.8599874419299741,0.15985130111524162,0.011945477075588599,0.8672548334432285,0.026022304832713755,0.022304832713754646,0.01858736059479554,0.011152416356877323,0.05947955390334572,-0.7327677542048232,0.008131588295474095,0.011378284147887465,-0.09442670213332789,-0.05047781068195659
2024-09-30,2023-12-31,retained,negative_high,272,1025,141,0.5183823529411765,0.2653658536585366,True,0.0625,0.013970588235294117,1.0321959721308323,0.17279411764705882,0.012941176470588235,0.8551551502424288,0.022058823529411766,0.007352941176470588,0.022058823529411766,0.014705882352941176,0.003676470588235294,-0.8028325747723712,0.014160770055012465,0.017097939070832853,-0.016737027700429365,-0.06666666666666667
2024-09-30,2023-12-31,retained,nonnegative_low,286,1025,153,0.534965034965035,0.27902439024390246,True,0.05244755244755245,0.013286713286713287,0.7820192001707693,0.29836829836829837,0.03142191142191142,1.1768057878282916,0.0,0.024475524475524476,0.027972027972027972,0.006993006993006993,0.006993006993006993,0.6621144450848458,0.008172398901843464,0.011373761710026579,0.06004243115555998,-0.05649717514124294
2024-09-30,2023-12-31,retained,nonnegative_high,198,1025,80,0.40404040404040403,0.19317073170731708,True,0.1414141414141414,0.03838383838383839,1.3432414198513556,0.30471380471380477,0.02740740740740741,1.1671156986452602,0.04040404040404041,0.05555555555555555,0.03535353535353535,0.025252525252525252,0.03535353535353535,0.8845757682037404,0.014051036312610423,0.017552719633745262,0.05863106300495313,-0.008936825885978425
2024-09-30,2023-12-31,both,negative_low,358,1206,146,0.40782122905027934,0.296849087893864,True,0.17039106145251395,0.03575418994413408,0.8816280711056125,0.16573556797020483,0.012178770949720669,0.8641667387682891,0.019553072625698324,0.09217877094972067,0.013966480446927373,0.008379888268156424,0.0446927374301676,-0.8368599462977142,0.00784544857008873,0.011235972345783718,-0.08233032901918938,-0.03563425180696273
2024-09-30,2023-12-31,both,negative_high,296,1206,159,0.5371621621621622,0.24543946932006633,True,0.057432432432432436,0.012837837837837839,1.0311192646164873,0.18018018018018017,0.012837837837837837,0.8518209979623127,0.02027027027027027,0.006756756756756757,0.02027027027027027,0.013513513513513514,0.0033783783783783786,-0.8162838689607206,0.013964326598982252,0.01721415379692922,0.01734784605931808,-0.06513589861047488
2024-09-30,2023-12-31,both,nonnegative_low,346,1206,178,0.5144508670520231,0.28689883913764513,True,0.07514450867052024,0.017341040462427747,0.8096605857372587,0.3063583815028902,0.03152215799614643,1.149928379004563,0.0,0.02601156069364162,0.023121387283236993,0.005780346820809248,0.031791907514450865,0.6948003458150602,0.008136864407464976,0.011287250734230774,0.03973397051205149,-0.03028967048757389
2024-09-30,2023-12-31,both,nonnegative_high,206,1206,87,0.4223300970873786,0.17081260364842454,True,0.13592233009708737,0.03689320388349515,1.3138004493004998,0.30582524271844663,0.02731391585760518,1.1669424716169026,0.038834951456310676,0.05339805825242718,0.03398058252427184,0.024271844660194174,0.03398058252427184,0.8661899399183026,0.013940396528320156,0.01757154142794605,0.052218727280195484,-0.005057319949536505
2024-12-31,2024-12-31,annual,negative_low,330,1206,127,0.38484848484848483,0.2736318407960199,True,0.1303030303030303,0.02666666666666667,0.7882932559964686,0.1444444444444444,0.013292929292929294,0.9658888428813299,0.021212121212121213,0.03939393939393939,0.024242424242424242,0.012121212121212121,0.03636363636363636,-0.8823821720888613,0.007751028107790398,0.011184215514401371,-0.09508359719334221,-0.03249101181304571
2024-12-31,2024-12-31,annual,negative_high,319,1206,173,0.542319749216301,0.2645107794361526,True,0.034482758620689655,0.006896551724137932,0.8351018644443858,0.29153605015673983,0.033814002089864154,1.3042681968567298,0.018808777429467086,0.0,0.0,0.012539184952978056,0.003134796238244514,-0.786604403906684,0.013675083194790754,0.01689053093169866,0.02571794448397898,-0.06339018472273879
2024-12-31,2024-12-31,annual,nonnegative_low,273,1206,144,0.5274725274725275,0.2263681592039801,True,0.06227106227106227,0.012454212454212455,0.7927904248919017,0.13308913308913306,0.010402930402930402,0.7527554986711475,0.01098901098901099,0.0,0.018315018315018316,0.007326007326007326,0.02564102564102564,0.7307833185646097,0.008177772049075042,0.01143053308879287,0.027438738849204718,-0.03255727323523934
2024-12-31,2024-12-31,annual,nonnegative_high,284,1206,126,0.44366197183098594,0.23548922056384744,True,0.13028169014084506,0.039436619718309855,1.630401213971539,0.2546948356807512,0.028122065727699534,0.9986153271313923,0.035211267605633804,0.045774647887323945,0.045774647887323945,0.056338028169014086,0.014084507042253521,0.8753001294682853,0.01483975915162384,0.0183348840373373,0.0862110316223207,-0.004965385533540228
2024-12-31,2024-12-31,added,negative_low,0,0,0,,,False,,,,,,,,,,,,,,,,
2024-12-31,2024-12-31,added,negative_high,0,0,0,,,False,,,,,,,,,,,,,,,,
2024-12-31,2024-12-31,added,nonnegative_low,0,0,0,,,False,,,,,,,,,,,,,,,,
2024-12-31,2024-12-31,added,nonnegative_high,0,0,0,,,False,,,,,,,,,,,,,,,,
2024-12-31,2024-12-31,removed,negative_low,0,0,0,,,False,,,,,,,,,,,,,,,,
2024-12-31,2024-12-31,removed,negative_high,0,0,0,,,False,,,,,,,,,,,,,,,,
2024-12-31,2024-12-31,removed,nonnegative_low,0,0,0,,,False,,,,,,,,,,,,,,,,
2024-12-31,2024-12-31,removed,nonnegative_high,0,0,0,,,False,,,,,,,,,,,,,,,,
2024-12-31,2024-12-31,retained,negative_low,330,1206,127,0.38484848484848483,0.2736318407960199,True,0.1303030303030303,0.02666666666666667,0.7882932559964686,0.1444444444444444,0.013292929292929294,0.9658888428813299,0.021212121212121213,0.03939393939393939,0.024242424242424242,0.012121212121212121,0.03636363636363636,-0.8823821720888613,0.007751028107790398,0.011184215514401371,-0.09508359719334221,-0.03249101181304571
2024-12-31,2024-12-31,retained,negative_high,319,1206,173,0.542319749216301,0.2645107794361526,True,0.034482758620689655,0.006896551724137932,0.8351018644443858,0.29153605015673983,0.033814002089864154,1.3042681968567298,0.018808777429467086,0.0,0.0,0.012539184952978056,0.003134796238244514,-0.786604403906684,0.013675083194790754,0.01689053093169866,0.02571794448397898,-0.06339018472273879
2024-12-31,2024-12-31,retained,nonnegative_low,273,1206,144,0.5274725274725275,0.2263681592039801,True,0.06227106227106227,0.012454212454212455,0.7927904248919017,0.13308913308913306,0.010402930402930402,0.7527554986711475,0.01098901098901099,0.0,0.018315018315018316,0.007326007326007326,0.02564102564102564,0.7307833185646097,0.008177772049075042,0.01143053308879287,0.027438738849204718,-0.03255727323523934
2024-12-31,2024-12-31,retained,nonnegative_high,284,1206,126,0.44366197183098594,0.23548922056384744,True,0.13028169014084506,0.039436619718309855,1.630401213971539,0.2546948356807512,0.028122065727699534,0.9986153271313923,0.035211267605633804,0.045774647887323945,0.045774647887323945,0.056338028169014086,0.014084507042253521,0.8753001294682853,0.01483975915162384,0.0183348840373373,0.0862110316223207,-0.004965385533540228
2024-12-31,2024-12-31,both,negative_low,330,1206,127,0.38484848484848483,0.2736318407960199,True,0.1303030303030303,0.02666666666666667,0.7882932559964686,0.1444444444444444,0.013292929292929294,0.9658888428813299,0.021212121212121213,0.03939393939393939,0.024242424242424242,0.012121212121212121,0.03636363636363636,-0.8823821720888613,0.007751028107790398,0.011184215514401371,-0.09508359719334221,-0.03249101181304571
2024-12-31,2024-12-31,both,negative_high,319,1206,173,0.542319749216301,0.2645107794361526,True,0.034482758620689655,0.006896551724137932,0.8351018644443858,0.29153605015673983,0.033814002089864154,1.3042681968567298,0.018808777429467086,0.0,0.0,0.012539184952978056,0.003134796238244514,-0.786604403906684,0.013675083194790754,0.01689053093169866,0.02571794448397898,-0.06339018472273879
2024-12-31,2024-12-31,both,nonnegative_low,273,1206,144,0.5274725274725275,0.2263681592039801,True,0.06227106227106227,0.012454212454212455,0.7927904248919017,0.13308913308913306,0.010402930402930402,0.7527554986711475,0.01098901098901099,0.0,0.018315018315018316,0.007326007326007326,0.02564102564102564,0.7307833185646097,0.008177772049075042,0.01143053308879287,0.027438738849204718,-0.03255727323523934
2024-12-31,2024-12-31,both,nonnegative_high,284,1206,126,0.44366197183098594,0.23548922056384744,True,0.13028169014084506,0.039436619718309855,1.630401213971539,0.2546948356807512,0.028122065727699534,0.9986153271313923,0.035211267605633804,0.045774647887323945,0.045774647887323945,0.056338028169014086,0.014084507042253521,0.8753001294682853,0.01483975915162384,0.0183348840373373,0.0862110316223207,-0.004965385533540228
2025-03-31,2024-12-31,annual,negative_low,330,1206,127,0.38484848484848483,0.2736318407960199,True,0.1303030303030303,0.02666666666666667,0.7882932559964686,0.1444444444444444,0.013292929292929294,0.9658888428813299,0.021212121212121213,0.03939393939393939,0.024242424242424242,0.012121212121212121,0.03636363636363636,-0.8823821720888613,0.007751028107790398,0.011184215514401371,-0.09508359719334221,-0.03249101181304571
2025-03-31,2024-12-31,annual,negative_high,319,1206,173,0.542319749216301,0.2645107794361526,True,0.034482758620689655,0.006896551724137932,0.8351018644443858,0.29153605015673983,0.033814002089864154,1.3042681968567298,0.018808777429467086,0.0,0.0,0.012539184952978056,0.003134796238244514,-0.786604403906684,0.013675083194790754,0.01689053093169866,0.02571794448397898,-0.06339018472273879
2025-03-31,2024-12-31,annual,nonnegative_low,273,1206,144,0.5274725274725275,0.2263681592039801,True,0.06227106227106227,0.012454212454212455,0.7927904248919017,0.13308913308913306,0.010402930402930402,0.7527554986711475,0.01098901098901099,0.0,0.018315018315018316,0.007326007326007326,0.02564102564102564,0.7307833185646097,0.008177772049075042,0.01143053308879287,0.027438738849204718,-0.03255727323523934
2025-03-31,2024-12-31,annual,nonnegative_high,284,1206,126,0.44366197183098594,0.23548922056384744,True,0.13028169014084506,0.039436619718309855,1.630401213971539,0.2546948356807512,0.028122065727699534,0.9986153271313923,0.035211267605633804,0.045774647887323945,0.045774647887323945,0.056338028169014086,0.014084507042253521,0.8753001294682853,0.01483975915162384,0.0183348840373373,0.0862110316223207,-0.004965385533540228
2025-03-31,2024-12-31,added,negative_low,23,57,16,0.6956521739130435,0.40350877192982454,True,0.0,0.0,0.36037166223864253,0.17391304347826086,0.009855072463768117,0.9559828656482835,0.0,0.0,0.0,0.0,0.0,-0.2920430022677772,0.008233898143690676,0.012259895739951275,0.05470676192996223,-0.09398182264799804
2025-03-31,2024-12-31,added,negative_high,19,57,14,0.7368421052631579,0.3333333333333333,False,0.0,0.0,0.24963858186272206,0.15789473684210525,0.008421052631578947,0.6417564079825958,0.0,0.0,0.0,0.0,0.0,-0.345394661081662,0.010699836826212882,0.013749758787100278,-0.11314509997659472,-0.1275646743978591
2025-03-31,2024-12-31,added,nonnegative_low,15,57,3,0.2,0.2631578947368421,False,0.0,0.0,0.4439429462625752,0.24444444444444446,0.018666666666666665,1.072652736706897,0.0,0.0,0.0,0.0,0.0,0.3493361924693993,0.00839027716462701,0.011746825422139898,-0.0011636978795747173,-0.12617702448210924
2025-03-31,2024-12-31,added,nonnegative_high,0,57,0,,0.0,False,,,,,,,,,,,,,,,,
2025-03-31,2024-12-31,removed,negative_low,0,58,0,,0.0,False,,,,,,,,,,,,,,,,
2025-03-31,2024-12-31,removed,negative_high,20,58,14,0.7,0.3448275862068966,True,0.0,0.0,1.894797994430607,0.4999999999999999,0.04733333333333333,1.1649639103276581,0.0,0.0,0.0,0.0,0.0,-0.4541702312544008,0.021014131056259523,0.020705403366426255,-0.16798534264282666,-0.04677966101694916
2025-03-31,2024-12-31,removed,nonnegative_low,15,58,6,0.4,0.25862068965517243,False,0.0,0.0,1.0526271378924907,0.15555555555555553,0.010666666666666666,0.9707045490812305,0.0,0.0,0.0,0.0,0.0,1.0916676952002824,0.00787342686034585,0.010090374265833238,0.16672630464197222,-0.1295668549905838
2025-03-31,2024-12-31,removed,nonnegative_high,23,58,12,0.5217391304347826,0.39655172413793105,True,0.0,0.0,1.1987044023109958,0.33333333333333337,0.034782608695652174,1.1340920352130914,0.0,0.0,0.0,0.0,0.0,0.3879968604172266,0.019461593293198107,0.01702647242454982,0.3269228889269788,-0.06391549987718004
2025-03-31,2024-12-31,retained,negative_low,330,1148,127,0.38484848484848483,0.2874564459930314,True,0.1303030303030303,0.02666666666666667,0.7882932559964686,0.1444444444444444,0.013292929292929294,0.9658888428813299,0.021212121212121213,0.03939393939393939,0.024242424242424242,0.012121212121212121,0.03636363636363636,-0.8823821720888613,0.007751028107790398,0.011184215514401371,-0.09508359719334221,-0.03249101181304571
2025-03-31,2024-12-31,retained,negative_high,299,1148,159,0.5317725752508361,0.2604529616724739,True,0.03678929765886288,0.007357859531772576,0.7642191801643713,0.27759197324414714,0.032909698996655516,1.3135862093335908,0.020066889632107024,0.0,0.0,0.013377926421404682,0.0033444816053511705,-0.8088408034151978,0.013184176983321274,0.016635355518004505,0.03867468609781213,-0.06450125654252405
2025-03-31,2024-12-31,retained,nonnegative_low,258,1148,138,0.5348837209302325,0.22473867595818817,True,0.06589147286821706,0.01317829457364341,0.7776836392523325,0.13178294573643412,0.010387596899224805,0.7400840422519567,0.011627906976744186,0.0,0.01937984496124031,0.007751937984496124,0.027131782945736434,0.7098016687602101,0.008195466536791856,0.01150844929943006,0.01934062455892754,-0.026917181272719307
2025-03-31,2024-12-31,retained,nonnegative_high,261,1148,114,0.4367816091954023,0.2273519163763066,True,0.1417624521072797,0.04291187739463602,1.6684434617423913,0.24776500638569607,0.027535121328224776,0.9866767666490969,0.038314176245210725,0.04980842911877394,0.04980842911877394,0.06130268199233716,0.01532567049808429,0.9182425631394514,0.0144324710855081,0.018450184677544626,0.06499887561463052,0.00022945212892612195
2025-03-31,2024-12-31,both,negative_low,353,1205,143,0.40509915014164305,0.2929460580912863,True,0.12181303116147309,0.02492917847025496,0.7604116790660719,0.14636449480642114,0.013068932955618508,0.9652434109369674,0.019830028328611898,0.036827195467422094,0.0226628895184136,0.0113314447592068,0.0339943342776204,-0.8439181468597255,0.007782489894832059,0.011254302327964113,-0.08532388540910424,-0.03649749523855252
2025-03-31,2024-12-31,both,negative_high,318,1205,173,0.5440251572327044,0.26390041493775934,True,0.03459119496855346,0.006918238993710692,0.7334737985048387,0.27044025157232704,0.031446540880503145,1.2734454350390343,0.018867924528301886,0.0,0.0,0.012578616352201259,0.0031446540880503146,-0.7811506250996721,0.013035741565129265,0.016462945650434758,0.02960369259022179,-0.06826919660306292
2025-03-31,2024-12-31,both,nonnegative_low,273,1205,141,0.5164835164835165,0.22655601659751037,True,0.06227106227106227,0.012454212454212455,0.7593462385386096,0.13797313797313793,0.010842490842490844,0.7583570474417886,0.01098901098901099,0.0,0.018315018315018316,0.007326007326007326,0.02564102564102564,0.6899958733596162,0.008206170417442139,0.01152154688858994,0.01821401343593291,-0.032371018811696774
2025-03-31,2024-12-31,both,nonnegative_high,261,1205,114,0.4367816091954023,0.216597510373444,True,0.1417624521072797,0.04291187739463602,1.6684434617423913,0.24776500638569607,0.027535121328224776,0.9866767666490969,0.038314176245210725,0.04980842911877394,0.04980842911877394,0.06130268199233716,0.01532567049808429,0.9182425631394514,0.0144324710855081,0.018450184677544626,0.06499887561463052,0.00022945212892612195
2025-06-30,2024-12-31,annual,negative_low,330,1206,127,0.38484848484848483,0.2736318407960199,True,0.1303030303030303,0.02666666666666667,0.7882932559964686,0.1444444444444444,0.013292929292929294,0.9658888428813299,0.021212121212121213,0.03939393939393939,0.024242424242424242,0.012121212121212121,0.03636363636363636,-0.8823821720888613,0.007751028107790398,0.011184215514401371,-0.09508359719334221,-0.03249101181304571
2025-06-30,2024-12-31,annual,negative_high,319,1206,173,0.542319749216301,0.2645107794361526,True,0.034482758620689655,0.006896551724137932,0.8351018644443858,0.29153605015673983,0.033814002089864154,1.3042681968567298,0.018808777429467086,0.0,0.0,0.012539184952978056,0.003134796238244514,-0.786604403906684,0.013675083194790754,0.01689053093169866,0.02571794448397898,-0.06339018472273879
2025-06-30,2024-12-31,annual,nonnegative_low,273,1206,144,0.5274725274725275,0.2263681592039801,True,0.06227106227106227,0.012454212454212455,0.7927904248919017,0.13308913308913306,0.010402930402930402,0.7527554986711475,0.01098901098901099,0.0,0.018315018315018316,0.007326007326007326,0.02564102564102564,0.7307833185646097,0.008177772049075042,0.01143053308879287,0.027438738849204718,-0.03255727323523934
2025-06-30,2024-12-31,annual,nonnegative_high,284,1206,126,0.44366197183098594,0.23548922056384744,True,0.13028169014084506,0.039436619718309855,1.630401213971539,0.2546948356807512,0.028122065727699534,0.9986153271313923,0.035211267605633804,0.045774647887323945,0.045774647887323945,0.056338028169014086,0.014084507042253521,0.8753001294682853,0.01483975915162384,0.0183348840373373,0.0862110316223207,-0.004965385533540228
2025-06-30,2024-12-31,added,negative_low,60,117,34,0.5666666666666667,0.5128205128205128,True,0.48333333333333334,0.13000000000000003,0.6610029729949035,0.1722222222222222,0.013555555555555555,0.8081163760401906,0.0,0.16666666666666666,0.45,0.03333333333333333,0.0,-0.23762648227273128,0.0068228478634107794,0.009994412564996056,-0.08630935266597159,-0.06583804143126176
2025-06-30,2024-12-31,added,negative_high,36,117,28,0.7777777777777778,0.3076923076923077,True,0.0,0.0,0.4721167450763731,0.24074074074074073,0.024444444444444446,0.9142704059788433,0.0,0.0,0.0,0.0,0.0,-0.25251767848533346,0.01395042691656929,0.013276804996406556,-0.042717197674733635,-0.12548650345260512
2025-06-30,2024-12-31,added,nonnegative_low,18,117,3,0.16666666666666666,0.15384615384615385,False,0.1111111111111111,0.044444444444444446,0.5143628229709019,0.20370370370370366,0.015555555555555557,1.0116238237613864,0.0,0.1111111111111111,0.1111111111111111,0.0,0.0,0.2989321016142556,0.007976186674962683,0.011317775926573646,-0.04291686128167053,-0.1224105461393597
2025-06-30,2024-12-31,added,nonnegative_high,3,117,3,1.0,0.02564102564102564,False,0.0,0.0,0.5866452137230521,0.1111111111111111,0.022222222222222223,1.3100897041995514,0.0,0.0,0.0,0.0,0.0,0.08428635749305684,0.017543112050230115,0.01276812988065427,0.08539157780799655,-0.10696798493408662
2025-06-30,2024-12-31,removed,negative_low,20,117,12,0.6,0.17094017094017094,True,0.0,0.0,0.41508933127653025,0.08333333333333333,0.004,0.6295847972645652,0.0,0.0,0.0,0.0,0.0,-0.3723483904809724,0.008247423947379897,0.011540265972325653,-0.09173075307601675,-0.13480225988700567
2025-06-30,2024-12-31,removed,negative_high,36,117,24,0.6666666666666666,0.3076923076923077,True,0.027777777777777776,0.005555555555555556,1.5807770056957615,0.4722222222222221,0.04555555555555555,1.1224844005345809,0.0,0.0,0.0,0.027777777777777776,0.0,-0.5127895235814823,0.01887893448323459,0.0195457576868331,-0.28523407142278284,-0.06494036409290647
2025-06-30,2024-12-31,removed,nonnegative_low,34,117,19,0.5588235294117647,0.2905982905982906,True,0.0,0.0,0.8517377301068678,0.17647058823529413,0.01607843137254902,0.9247683290567609,0.0,0.0,0.0,0.0,0.0,0.8484130182881353,0.0083703877716407,0.010745517501471204,0.17679862674442995,-0.13094051179793953
2025-06-30,2024-12-31,removed,nonnegative_high,27,117,16,0.5925925925925926,0.23076923076923078,True,0.0,0.0,1.1882691878070137,0.32098765432098764,0.034074074074074076,1.088240952874674,0.0,0.0,0.0,0.0,0.0,0.4938954538362801,0.018067530699359853,0.016191925561873714,0.3059326197955197,-0.08930738648252773
2025-06-30,2024-12-31,retained,negative_low,310,1089,115,0.3709677419354839,0.2846648301193756,True,0.13870967741935483,0.02838709677419355,0.8123709285590452,0.14838709677419354,0.013892473118279569,0.9875858780824116,0.02258064516129032,0.041935483870967745,0.025806451612903226,0.012903225806451613,0.03870967741935484,-0.9152875773538864,0.007719002569752366,0.011161244517115934,-0.09529990971704062,-0.025890286130854753
2025-06-30,2024-12-31,retained,negative_high,283,1089,149,0.5265017667844523,0.2598714416896235,True,0.0353356890459364,0.007067137809187279,0.7402456627304302,0.26855123674911663,0.03232037691401649,1.3273926373782752,0.02120141342756184,0.0,0.0,0.01060070671378092,0.0035335689045936395,-0.8214359787890417,0.013013109179299669,0.01655276357062149,0.06527367795621723,-0.06319298876045598
2025-06-30,2024-12-31,retained,nonnegative_low,239,1089,125,0.5230125523012552,0.2194674012855831,True,0.07112970711297072,0.014225941422594144,0.7844046157818227,0.12691771269177127,0.009595536959553697,0.728285054181144,0.012552301255230125,0.0,0.02092050209205021,0.008368200836820083,0.029288702928870293,0.7140493863863675,0.008150370649212145,0.011527983004980888,0.006190888688377699,-0.01856133134765855
2025-06-30,2024-12-31,retained,nonnegative_high,257,1089,110,0.4280155642023346,0.2359963269054178,True,0.14396887159533073,0.043579766536964985,1.6768508820899912,0.2477302204928664,0.02749675745784695,0.9891994053606974,0.038910505836575876,0.05058365758754864,0.05058365758754864,0.0622568093385214,0.01556420233463035,0.9153698813829317,0.014500654747776088,0.01856001975265838,0.06312744064692626,0.0038954472509837544
2025-06-30,2024-12-31,both,negative_low,370,1206,149,0.4027027027027027,0.3067993366500829,True,0.1945945945945946,0.04486486486486487,0.7878247736026979,0.15225225225225225,0.013837837837837836,0.9584827155890784,0.01891891891891892,0.062162162162162166,0.0945945945945946,0.016216216216216217,0.032432432432432434,-0.8053965889623477,0.007573680184940218,0.010972028524880278,-0.093841981546597,-0.03236830050389373
2025-06-30,2024-12-31,both,negative_high,319,1206,177,0.554858934169279,0.2645107794361526,True,0.03134796238244514,0.006269592476489028,0.7099865999230757,0.2654127481713689,0.03143155694879833,1.2807706927689348,0.018808777429467086,0.0,0.0,0.009404388714733543,0.003134796238244514,-0.7572320326732627,0.013118887983505644,0.01618306291647811,0.05308661989128234,-0.07022297787931919
2025-06-30,2024-12-31,both,nonnegative_low,257,1206,128,0.4980544747081712,0.2131011608623549,True,0.07392996108949416,0.01634241245136187,0.765491182822303,0.13229571984435798,0.010012970168612191,0.7481297929066084,0.011673151750972763,0.007782101167315175,0.027237354085603113,0.007782101167315175,0.027237354085603113,0.6849750240287876,0.008138170993428137,0.011513260330228632,0.0027514353830824924,-0.02583481720855592
2025-06-30,2024-12-31,both,nonnegative_high,260,1206,113,0.4346153846153846,0.2155887230514096,True,0.1423076923076923,0.04307692307692308,1.6642715859165265,0.24615384615384617,0.027435897435897433,0.9929019857319149,0.038461538461538464,0.05,0.05,0.06153846153846154,0.015384615384615385,0.9057804561072793,0.014535760024342865,0.018493190254135254,0.0633843345372463,0.002616253802694481
2025-09-30,2024-12-31,annual,negative_low,330,1206,127,0.38484848484848483,0.2736318407960199,True,0.1303030303030303,0.02666666666666667,0.7882932559964686,0.1444444444444444,0.013292929292929294,0.9658888428813299,0.021212121212121213,0.03939393939393939,0.024242424242424242,0.012121212121212121,0.03636363636363636,-0.8823821720888613,0.007751028107790398,0.011184215514401371,-0.09508359719334221,-0.03249101181304571
2025-09-30,2024-12-31,annual,negative_high,319,1206,173,0.542319749216301,0.2645107794361526,True,0.034482758620689655,0.006896551724137932,0.8351018644443858,0.29153605015673983,0.033814002089864154,1.3042681968567298,0.018808777429467086,0.0,0.0,0.012539184952978056,0.003134796238244514,-0.786604403906684,0.013675083194790754,0.01689053093169866,0.02571794448397898,-0.06339018472273879
2025-09-30,2024-12-31,annual,nonnegative_low,273,1206,144,0.5274725274725275,0.2263681592039801,True,0.06227106227106227,0.012454212454212455,0.7927904248919017,0.13308913308913306,0.010402930402930402,0.7527554986711475,0.01098901098901099,0.0,0.018315018315018316,0.007326007326007326,0.02564102564102564,0.7307833185646097,0.008177772049075042,0.01143053308879287,0.027438738849204718,-0.03255727323523934
2025-09-30,2024-12-31,annual,nonnegative_high,284,1206,126,0.44366197183098594,0.23548922056384744,True,0.13028169014084506,0.039436619718309855,1.630401213971539,0.2546948356807512,0.028122065727699534,0.9986153271313923,0.035211267605633804,0.045774647887323945,0.045774647887323945,0.056338028169014086,0.014084507042253521,0.8753001294682853,0.01483975915162384,0.0183348840373373,0.0862110316223207,-0.004965385533540228
2025-09-30,2024-12-31,added,negative_low,62,183,36,0.5806451612903226,0.33879781420765026,True,0.5,0.13870967741935486,0.6707357130172082,0.16666666666666666,0.013118279569892474,0.8091595601016601,0.0,0.1935483870967742,0.46774193548387094,0.03225806451612903,0.0,-0.23509889252088895,0.006752636001011839,0.009918473296414378,-0.07534015844661072,-0.06489885183160196
2025-09-30,2024-12-31,added,negative_high,36,183,28,0.7777777777777778,0.19672131147540983,True,0.0,0.0,0.4721167450763731,0.24074074074074073,0.024444444444444446,0.9142704059788433,0.0,0.0,0.0,0.0,0.0,-0.25251767848533346,0.01395042691656929,0.013276804996406556,-0.042717197674733635,-0.12548650345260512
2025-09-30,2024-12-31,added,nonnegative_low,69,183,43,0.6231884057971014,0.3770491803278688,True,0.5217391304347826,0.15072463768115937,1.2539642444991386,0.14975845410628014,0.012946859903381642,0.9294901370384973,0.30434782608695654,0.13043478260869565,0.3188405797101449,0.0,0.0,1.3305784025520881,0.006591535440058506,0.010013060205320327,0.19585118192272497,-0.051469745353312044
2025-09-30,2024-12-31,added,nonnegative_high,16,183,12,0.75,0.08743169398907104,False,0.6875,0.1375,1.146949973458702,0.49999999999999994,0.04833333333333334,1.4527611115795123,0.6875,0.0,0.0,0.0,0.0,1.8083368425435515,0.012903966070818527,0.015812431335943,0.046169853503005065,-0.02090395480225989
2025-09-30,2024-12-31,removed,negative_low,20,183,12,0.6,0.1092896174863388,True,0.0,0.0,0.41508933127653025,0.08333333333333333,0.004,0.6295847972645652,0.0,0.0,0.0,0.0,0.0,-0.3723483904809724,0.008247423947379897,0.011540265972325653,-0.09173075307601675,-0.13480225988700567
2025-09-30,2024-12-31,removed,negative_high,39,183,27,0.6923076923076923,0.21311475409836064,True,0.05128205128205128,0.010256410256410256,1.5241806151183301,0.4358974358974358,0.04205128205128205,1.0967546955862053,0.0,0.0,0.0,0.05128205128205128,0.0,-0.4919662847875866,0.018275824965204406,0.019143996322335377,-0.31243836861806873,-0.05623641894828335
2025-09-30,2024-12-31,removed,nonnegative_low,37,183,22,0.5945945945945946,0.20218579234972678,True,0.05405405405405406,0.010810810810810811,0.9236515131523677,0.19819819819819823,0.016936936936936937,0.9333306782163522,0.05405405405405406,0.0,0.0,0.0,0.0,0.9579601694649821,0.008391886346019917,0.010793701983448981,0.20396318945398872,-0.12722553061536113
2025-09-30,2024-12-31,removed,nonnegative_high,87,183,46,0.5287356321839081,0.47540983606557374,True,0.13793103448275862,0.0367816091954023,1.8416471725701418,0.32567049808429116,0.03019157088122605,1.1048336413610114,0.09195402298850575,0.0,0.0,0.05747126436781609,0.034482758620689655,1.2275703374692823,0.016140208733306224,0.018316951950781424,0.07924912503565719,0.04161309175920515
2025-09-30,2024-12-31,retained,negative_low,310,1023,115,0.3709677419354839,0.30303030303030304,True,0.13870967741935483,0.02838709677419355,0.8123709285590452,0.14838709677419354,0.013892473118279569,0.9875858780824116,0.02258064516129032,0.041935483870967745,0.025806451612903226,0.012903225806451613,0.03870967741935484,-0.9152875773538864,0.007719002569752366,0.011161244517115934,-0.09529990971704062,-0.025890286130854753
2025-09-30,2024-12-31,retained,negative_high,280,1023,146,0.5214285714285715,0.27370478983382207,True,0.03214285714285714,0.006428571428571428,0.7391230384576579,0.2714285714285714,0.03266666666666667,1.3331718631051241,0.02142857142857143,0.0,0.0,0.007142857142857143,0.0035714285714285713,-0.8276432847839867,0.013034265591054571,0.01657665539514569,0.07281828809462135,-0.0643866020984665
2025-09-30,2024-12-31,retained,nonnegative_low,236,1023,122,0.5169491525423728,0.23069403714565004,True,0.0635593220338983,0.012711864406779664,0.7722740678341168,0.1228813559322034,0.009378531073446328,0.7244449832339757,0.00423728813559322,0.0,0.0211864406779661,0.00847457627118644,0.029661016949152543,0.6951666088895512,0.008144203282181144,0.011530375253613733,-0.00023670467781650257,-0.017715215934118542
2025-09-30,2024-12-31,retained,nonnegative_high,197,1023,80,0.40609137055837563,0.19257086999022482,True,0.12690355329949238,0.04060913705583756,1.5371098515447448,0.2233502538071066,0.027208121827411173,0.9517067315071441,0.01015228426395939,0.06598984771573604,0.06598984771573604,0.05583756345177665,0.005076142131979695,0.7197290223815505,0.014265448930271717,0.018342803283684313,0.08928557920120257,-0.02553557601307752
2025-09-30,2024-12-31,both,negative_low,372,1206,151,0.40591397849462363,0.30845771144278605,True,0.1989247311827957,0.04677419354838711,0.7887650593020724,0.1514336917562724,0.013763440860215052,0.9578481584189531,0.01881720430107527,0.06720430107526881,0.09946236559139784,0.016129032258064516,0.03225806451612903,-0.8019227965483867,0.00755794147496228,0.01095411598033234,-0.0919732845053023,-0.032391713747645955
2025-09-30,2024-12-31,both,negative_high,316,1206,174,0.5506329113924051,0.2620232172470978,True,0.028481012658227847,0.005696202531645569,0.7087045999711826,0.26793248945147674,0.03172995780590718,1.2854489122932693,0.0189873417721519,0.0,0.0,0.006329113924050633,0.0031645569620253164,-0.7621226460917351,0.013138638400290425,0.016200723071238696,0.059656017563935335,-0.07134735035400128
2025-09-30,2024-12-31,both,nonnegative_low,305,1206,165,0.5409836065573771,0.25290215588723053,True,0.16721311475409836,0.04393442622950819,0.8812465996042363,0.12896174863387977,0.010185792349726776,0.7708322475372937,0.07213114754098361,0.029508196721311476,0.08852459016393442,0.006557377049180328,0.022950819672131147,0.8389155064722237,0.007792943999864872,0.011187113816458833,0.044124161471158455,-0.02535148652403446
2025-09-30,2024-12-31,both,nonnegative_high,213,1206,92,0.431924882629108,0.17661691542288557,True,0.16901408450704225,0.047887323943661964,1.5078020672753707,0.24413145539906103,0.028794992175273867,0.9893446192121108,0.06103286384976526,0.06103286384976526,0.06103286384976526,0.051643192488262914,0.004694835680751174,0.8015023797646116,0.014163177917355042,0.01815272839559107,0.08604683924265252,-0.025187660804753192
2025-12-31,2025-12-31,annual,negative_low,353,1206,144,0.40793201133144474,0.29270315091210614,True,0.12464589235127478,0.025495750708215296,0.7813556920317163,0.2190745986779981,0.019792256846081206,1.0627366309389907,0.019830028328611898,0.0169971671388102,0.036827195467422094,0.019830028328611898,0.0339943342776204,-0.8150533854720687,0.00745523578304635,0.01084617115705693,-0.09437603103548377,-0.031980922200348906
2025-12-31,2025-12-31,annual,negative_high,334,1206,181,0.5419161676646707,0.2769485903814262,True,0.029940119760479042,0.005988023952095809,0.8147955602019576,0.2744510978043912,0.02574850299401198,1.1077005781456937,0.017964071856287425,0.0,0.0,0.008982035928143712,0.0029940119760479044,-0.7521452272860137,0.012920143724867203,0.01601540449526025,0.05506233168024454,-0.07054704151019994
2025-12-31,2025-12-31,annual,nonnegative_low,250,1206,129,0.516,0.20729684908789386,True,0.092,0.0184,0.8629077924291575,0.29866666666666664,0.020106666666666665,0.993315632563846,0.04,0.028,0.0,0.008,0.016,0.8123092410137103,0.0074448829913454995,0.010758082507436375,0.013644313280111774,-0.044745762711864416
2025-12-31,2025-12-31,annual,nonnegative_high,269,1206,124,0.46096654275092935,0.2230514096185738,True,0.11524163568773234,0.038661710037174724,1.644285410773462,0.26270136307311026,0.020024783147459726,0.893254905942601,0.011152416356877323,0.048327137546468404,0.048327137546468404,0.05204460966542751,0.03345724907063197,0.9484066874226863,0.013220131449218311,0.017244505317955326,0.05951755541559154,-0.05312414676663936
2025-12-31,2025-12-31,added,negative_low,0,0,0,,,False,,,,,,,,,,,,,,,,
2025-12-31,2025-12-31,added,negative_high,0,0,0,,,False,,,,,,,,,,,,,,,,
2025-12-31,2025-12-31,added,nonnegative_low,0,0,0,,,False,,,,,,,,,,,,,,,,
2025-12-31,2025-12-31,added,nonnegative_high,0,0,0,,,False,,,,,,,,,,,,,,,,
2025-12-31,2025-12-31,removed,negative_low,0,0,0,,,False,,,,,,,,,,,,,,,,
2025-12-31,2025-12-31,removed,negative_high,0,0,0,,,False,,,,,,,,,,,,,,,,
2025-12-31,2025-12-31,removed,nonnegative_low,0,0,0,,,False,,,,,,,,,,,,,,,,
2025-12-31,2025-12-31,removed,nonnegative_high,0,0,0,,,False,,,,,,,,,,,,,,,,
2025-12-31,2025-12-31,retained,negative_low,353,1206,144,0.40793201133144474,0.29270315091210614,True,0.12464589235127478,0.025495750708215296,0.7813556920317163,0.2190745986779981,0.019792256846081206,1.0627366309389907,0.019830028328611898,0.0169971671388102,0.036827195467422094,0.019830028328611898,0.0339943342776204,-0.8150533854720687,0.00745523578304635,0.01084617115705693,-0.09437603103548377,-0.031980922200348906
2025-12-31,2025-12-31,retained,negative_high,334,1206,181,0.5419161676646707,0.2769485903814262,True,0.029940119760479042,0.005988023952095809,0.8147955602019576,0.2744510978043912,0.02574850299401198,1.1077005781456937,0.017964071856287425,0.0,0.0,0.008982035928143712,0.0029940119760479044,-0.7521452272860137,0.012920143724867203,0.01601540449526025,0.05506233168024454,-0.07054704151019994
2025-12-31,2025-12-31,retained,nonnegative_low,250,1206,129,0.516,0.20729684908789386,True,0.092,0.0184,0.8629077924291575,0.29866666666666664,0.020106666666666665,0.993315632563846,0.04,0.028,0.0,0.008,0.016,0.8123092410137103,0.0074448829913454995,0.010758082507436375,0.013644313280111774,-0.044745762711864416
2025-12-31,2025-12-31,retained,nonnegative_high,269,1206,124,0.46096654275092935,0.2230514096185738,True,0.11524163568773234,0.038661710037174724,1.644285410773462,0.26270136307311026,0.020024783147459726,0.893254905942601,0.011152416356877323,0.048327137546468404,0.048327137546468404,0.05204460966542751,0.03345724907063197,0.9484066874226863,0.013220131449218311,0.017244505317955326,0.05951755541559154,-0.05312414676663936
2025-12-31,2025-12-31,both,negative_low,353,1206,144,0.40793201133144474,0.29270315091210614,True,0.12464589235127478,0.025495750708215296,0.7813556920317163,0.2190745986779981,0.019792256846081206,1.0627366309389907,0.019830028328611898,0.0169971671388102,0.036827195467422094,0.019830028328611898,0.0339943342776204,-0.8150533854720687,0.00745523578304635,0.01084617115705693,-0.09437603103548377,-0.031980922200348906
2025-12-31,2025-12-31,both,negative_high,334,1206,181,0.5419161676646707,0.2769485903814262,True,0.029940119760479042,0.005988023952095809,0.8147955602019576,0.2744510978043912,0.02574850299401198,1.1077005781456937,0.017964071856287425,0.0,0.0,0.008982035928143712,0.0029940119760479044,-0.7521452272860137,0.012920143724867203,0.01601540449526025,0.05506233168024454,-0.07054704151019994
2025-12-31,2025-12-31,both,nonnegative_low,250,1206,129,0.516,0.20729684908789386,True,0.092,0.0184,0.8629077924291575,0.29866666666666664,0.020106666666666665,0.993315632563846,0.04,0.028,0.0,0.008,0.016,0.8123092410137103,0.0074448829913454995,0.010758082507436375,0.013644313280111774,-0.044745762711864416
2025-12-31,2025-12-31,both,nonnegative_high,269,1206,124,0.46096654275092935,0.2230514096185738,True,0.11524163568773234,0.038661710037174724,1.644285410773462,0.26270136307311026,0.020024783147459726,0.893254905942601,0.011152416356877323,0.048327137546468404,0.048327137546468404,0.05204460966542751,0.03345724907063197,0.9484066874226863,0.013220131449218311,0.017244505317955326,0.05951755541559154,-0.05312414676663936
2026-03-31,2025-12-31,annual,negative_low,353,1206,144,0.40793201133144474,0.29270315091210614,True,0.12464589235127478,0.025495750708215296,0.7813556920317163,0.2190745986779981,0.019792256846081206,1.0627366309389907,0.019830028328611898,0.0169971671388102,0.036827195467422094,0.019830028328611898,0.0339943342776204,-0.8150533854720687,0.00745523578304635,0.01084617115705693,-0.09437603103548377,-0.031980922200348906
2026-03-31,2025-12-31,annual,negative_high,334,1206,181,0.5419161676646707,0.2769485903814262,True,0.029940119760479042,0.005988023952095809,0.8147955602019576,0.2744510978043912,0.02574850299401198,1.1077005781456937,0.017964071856287425,0.0,0.0,0.008982035928143712,0.0029940119760479044,-0.7521452272860137,0.012920143724867203,0.01601540449526025,0.05506233168024454,-0.07054704151019994
2026-03-31,2025-12-31,annual,nonnegative_low,250,1206,129,0.516,0.20729684908789386,True,0.092,0.0184,0.8629077924291575,0.29866666666666664,0.020106666666666665,0.993315632563846,0.04,0.028,0.0,0.008,0.016,0.8123092410137103,0.0074448829913454995,0.010758082507436375,0.013644313280111774,-0.044745762711864416
2026-03-31,2025-12-31,annual,nonnegative_high,269,1206,124,0.46096654275092935,0.2230514096185738,True,0.11524163568773234,0.038661710037174724,1.644285410773462,0.26270136307311026,0.020024783147459726,0.893254905942601,0.011152416356877323,0.048327137546468404,0.048327137546468404,0.05204460966542751,0.03345724907063197,0.9484066874226863,0.013220131449218311,0.017244505317955326,0.05951755541559154,-0.05312414676663936
2026-03-31,2025-12-31,added,negative_low,6,56,4,0.6666666666666666,0.10714285714285714,False,0.16666666666666666,0.03333333333333333,0.7639505993231527,0.2222222222222222,0.013333333333333334,1.088681443085355,0.0,0.0,0.0,0.16666666666666666,0.0,-0.09355487584637594,0.006956552843445222,0.012755117188214286,0.2670974959780927,-0.13069679849340868
2026-03-31,2025-12-31,added,negative_high,1,56,1,1.0,0.017857142857142856,False,0.0,0.0,1.0735875118529272,0.0,0.0,0.7015086070686395,0.0,0.0,0.0,0.0,0.0,-0.5212366223880397,0.010670495170033933,0.012418056483986728,0.550629187998851,-0.207909604519774
2026-03-31,2025-12-31,added,nonnegative_low,44,56,15,0.3409090909090909,0.7857142857142857,True,0.0,0.0,0.7335778403892758,0.24999999999999997,0.01696969696969697,1.0287991933147422,0.0,0.0,0.0,0.0,0.0,0.369121147179221,0.007804675831817825,0.011364263854649398,0.19914701867560156,-0.14948638931689778
2026-03-31,2025-12-31,added,nonnegative_high,5,56,5,1.0,0.08928571428571429,False,0.0,0.0,0.5507201744191713,0.2,0.018666666666666668,0.8424770003718534,0.0,0.0,0.0,0.0,0.0,0.3369212077797731,0.009641256866409927,0.011647025007531706,-0.18155741665504763,-0.17740112994350285
2026-03-31,2025-12-31,removed,negative_low,0,58,0,,0.0,False,,,,,,,,,,,,,,,,
2026-03-31,2025-12-31,removed,negative_high,6,58,6,1.0,0.10344827586206896,False,0.0,0.0,1.8337190554355483,0.2222222222222222,0.013333333333333334,0.8210756722074959,0.0,0.0,0.0,0.0,0.0,-0.06223760102412843,0.017917165929778538,0.022922082813041825,-0.22075010867086084,-0.04067796610169491
2026-03-31,2025-12-31,removed,nonnegative_low,0,58,0,,0.0,False,,,,,,,,,,,,,,,,
2026-03-31,2025-12-31,removed,nonnegative_high,52,58,20,0.38461538461538464,0.896551724137931,True,0.0,0.0,1.3695509905207452,0.33974358974358976,0.03128205128205128,0.9465513809699786,0.0,0.0,0.0,0.0,0.0,1.1658948136892853,0.0142795538435193,0.019406397674484543,0.11391041972793693,-0.014167753150803998
2026-03-31,2025-12-31,retained,negative_low,353,1148,144,0.40793201133144474,0.3074912891986063,True,0.12464589235127478,0.025495750708215296,0.7813556920317163,0.2190745986779981,0.019792256846081206,1.0627366309389907,0.019830028328611898,0.0169971671388102,0.036827195467422094,0.019830028328611898,0.0339943342776204,-0.8150533854720687,0.00745523578304635,0.01084617115705693,-0.09437603103548377,-0.031980922200348906
2026-03-31,2025-12-31,retained,negative_high,328,1148,175,0.5335365853658537,0.2857142857142857,True,0.03048780487804878,0.006097560975609756,0.7961567157769529,0.27540650406504064,0.02597560975609756,1.1129437166689533,0.018292682926829267,0.0,0.0,0.009146341463414634,0.003048780487804878,-0.7647654887420239,0.012828734782094434,0.015889062818715462,0.060107681198862326,-0.07109342703596527
2026-03-31,2025-12-31,retained,nonnegative_low,250,1148,129,0.516,0.21777003484320556,True,0.092,0.0184,0.8629077924291575,0.29866666666666664,0.020106666666666665,0.993315632563846,0.04,0.028,0.0,0.008,0.016,0.8123092410137103,0.0074448829913454995,0.010758082507436375,0.013644313280111774,-0.044745762711864416
2026-03-31,2025-12-31,retained,nonnegative_high,217,1148,104,0.4792626728110599,0.18902439024390244,True,0.14285714285714285,0.047926267281105994,1.7101203870552188,0.24423963133640553,0.017327188940092164,0.8804834004060863,0.013824884792626729,0.059907834101382486,0.059907834101382486,0.06451612903225806,0.041474654377880185,0.8962897170730864,0.012966260645054021,0.016726448163395326,0.04648332064949956,-0.06245931943034185
2026-03-31,2025-12-31,both,negative_low,359,1204,148,0.41225626740947074,0.29817275747508304,True,0.12534818941504178,0.02562674094707521,0.781064799117367,0.21912720519962858,0.019684308263695452,1.0631702489692922,0.019498607242339833,0.016713091922005572,0.036211699164345405,0.022284122562674095,0.033426183844011144,-0.8029949145591045,0.007446901249236859,0.01087807554754981,-0.0883346907511343,-0.033630769714996143
2026-03-31,2025-12-31,both,negative_high,329,1204,176,0.5349544072948328,0.27325581395348836,True,0.030395136778115502,0.0060790273556231,0.7969999704762721,0.2745694022289767,0.025896656534954408,1.1116931540257913,0.0182370820668693,0.0,0.0,0.00911854103343465,0.00303951367781155,-0.7640252794217991,0.012822174783273582,0.01587851264748529,0.06159862802804162,-0.0715092816787732
2026-03-31,2025-12-31,both,nonnegative_low,294,1204,144,0.4897959183673469,0.2441860465116279,True,0.0782312925170068,0.01564625850340136,0.8435522894027807,0.2913832199546485,0.01963718820861678,0.9986260974381298,0.034013605442176874,0.023809523809523808,0.0,0.006802721088435374,0.013605442176870748,0.7459817711881404,0.007498729538899181,0.010848803525386624,0.041406622931137456,-0.06042123063914831
2026-03-31,2025-12-31,both,nonnegative_high,222,1204,109,0.49099099099099097,0.18438538205980065,True,0.13963963963963963,0.04684684684684685,1.684007769653506,0.24324324324324326,0.017357357357357356,0.8796274004053153,0.013513513513513514,0.05855855855855856,0.05855855855855856,0.06306306306306306,0.04054054054054054,0.8836913272241379,0.012891373172562037,0.016612046740965968,0.04134726800750525,-0.06504809894640404
2026-06-30,2025-12-31,annual,negative_low,353,1206,144,0.40793201133144474,0.29270315091210614,True,0.12464589235127478,0.025495750708215296,0.7813556920317163,0.2190745986779981,0.019792256846081206,1.0627366309389907,0.019830028328611898,0.0169971671388102,0.036827195467422094,0.019830028328611898,0.0339943342776204,-0.8150533854720687,0.00745523578304635,0.01084617115705693,-0.09437603103548377,-0.031980922200348906
2026-06-30,2025-12-31,annual,negative_high,334,1206,181,0.5419161676646707,0.2769485903814262,True,0.029940119760479042,0.005988023952095809,0.8147955602019576,0.2744510978043912,0.02574850299401198,1.1077005781456937,0.017964071856287425,0.0,0.0,0.008982035928143712,0.0029940119760479044,-0.7521452272860137,0.012920143724867203,0.01601540449526025,0.05506233168024454,-0.07054704151019994
2026-06-30,2025-12-31,annual,nonnegative_low,250,1206,129,0.516,0.20729684908789386,True,0.092,0.0184,0.8629077924291575,0.29866666666666664,0.020106666666666665,0.993315632563846,0.04,0.028,0.0,0.008,0.016,0.8123092410137103,0.0074448829913454995,0.010758082507436375,0.013644313280111774,-0.044745762711864416
2026-06-30,2025-12-31,annual,nonnegative_high,269,1206,124,0.46096654275092935,0.2230514096185738,True,0.11524163568773234,0.038661710037174724,1.644285410773462,0.26270136307311026,0.020024783147459726,0.893254905942601,0.011152416356877323,0.048327137546468404,0.048327137546468404,0.05204460966542751,0.03345724907063197,0.9484066874226863,0.013220131449218311,0.017244505317955326,0.05951755541559154,-0.05312414676663936
2026-06-30,2025-12-31,added,negative_low,6,116,4,0.6666666666666666,0.05172413793103448,False,0.16666666666666666,0.03333333333333333,0.7639505993231527,0.2222222222222222,0.013333333333333334,1.088681443085355,0.0,0.0,0.0,0.16666666666666666,0.0,-0.09355487584637594,0.006956552843445222,0.012755117188214286,0.2670974959780927,-0.13069679849340868
2026-06-30,2025-12-31,added,negative_high,19,116,17,0.8947368421052632,0.16379310344827586,False,0.0,0.0,1.2661210263349318,0.21052631578947367,0.016140350877192983,0.9008820261557167,0.0,0.0,0.0,0.0,0.0,-0.35397535908482247,0.012598568919130223,0.013465898303037937,-0.256659890084451,-0.271781147784716
2026-06-30,2025-12-31,added,nonnegative_low,55,116,22,0.4,0.47413793103448276,True,0.0,0.0,0.8740050142788857,0.24848484848484848,0.017454545454545452,1.0033070847941532,0.0,0.0,0.0,0.0,0.0,0.39549914050992535,0.007845066138173191,0.011367631428615906,0.21485317724280434,-0.1783256291730867
2026-06-30,2025-12-31,added,nonnegative_high,36,116,25,0.6944444444444444,0.3103448275862069,True,0.0,0.0,0.9248335301924013,0.28703703703703703,0.028888888888888895,1.0132793383899619,0.0,0.0,0.0,0.0,0.0,0.4025884091682056,0.01067776270802561,0.013768520478220652,0.07112787519039711,-0.24048964218455737
2026-06-30,2025-12-31,removed,negative_low,2,118,2,1.0,0.01694915254237288,False,0.0,0.0,0.23570814935960754,0.3333333333333333,0.03333333333333333,0.8119275526634067,0.0,0.0,0.0,0.0,0.0,-0.914004455795979,0.008956793419623974,0.014147229736258104,-0.12729466961290647,-0.1016949152542373
2026-06-30,2025-12-31,removed,negative_high,46,118,28,0.6086956521739131,0.3898305084745763,True,0.0,0.0,0.5409242647679552,0.4130434782608694,0.037391304347826095,0.9170391375974182,0.0,0.0,0.0,0.0,0.0,-0.5041648194039307,0.01195635666535215,0.016210160655188273,-0.08581478856700765,-0.08474576271186439
2026-06-30,2025-12-31,removed,nonnegative_low,8,118,2,0.25,0.06779661016949153,False,0.0,0.0,0.25832550101113827,0.5416666666666666,0.03833333333333333,1.0116893138372993,0.0,0.0,0.0,0.0,0.0,0.44831004472676006,0.007744985204737518,0.01322476923573318,-0.14680847106038186,-0.09392655367231639
2026-06-30,2025-12-31,removed,nonnegative_high,62,118,23,0.3709677419354839,0.5254237288135594,True,0.0,0.0,1.170281874819885,0.33870967741935476,0.030967741935483874,0.9497706276320959,0.0,0.0,0.0,0.0,0.0,1.0229904541593058,0.013618864014644313,0.018628614130735206,0.08560122162993805,-0.028212137780207768
2026-06-30,2025-12-31,retained,negative_low,351,1088,142,0.4045584045584046,0.3226102941176471,True,0.12535612535612536,0.02564102564102564,0.7844647948389648,0.2184235517568851,0.019715099715099715,1.0641657424961166,0.019943019943019943,0.017094017094017096,0.037037037037037035,0.019943019943019943,0.03418803418803419,-0.8144895617095393,0.007446679899077246,0.01082736170646319,-0.09418846044529904,-0.031583691470697124
2026-06-30,2025-12-31,retained,negative_high,288,1088,153,0.53125,0.2647058823529412,True,0.034722222222222224,0.006944444444444444,0.8585388921115552,0.25231481481481477,0.02388888888888889,1.1381534471221544,0.020833333333333332,0.0,0.0,0.010416666666666666,0.003472222222222222,-0.7917532091005133,0.013074081935761967,0.015984297608605078,0.07756353838640288,-0.06827919020715631
2026-06-30,2025-12-31,retained,nonnegative_low,242,1088,127,0.5247933884297521,0.22242647058823528,True,0.09504132231404959,0.019008264462809916,0.8828939838809927,0.29063360881542694,0.019504132231404958,0.992708238141583,0.04132231404958678,0.028925619834710745,0.0,0.008264462809917356,0.01652892561983471,0.8243422722959233,0.00743496225701849,0.010676539144517473,0.01894853755583057,-0.04311995144044451
2026-06-30,2025-12-31,retained,nonnegative_high,207,1088,101,0.48792270531400966,0.19025735294117646,True,0.1497584541062802,0.0502415458937198,1.7862574843440986,0.23993558776167467,0.01674718196457327,0.8763274917167618,0.014492753623188406,0.06280193236714976,0.06280193236714976,0.06763285024154589,0.043478260869565216,0.9260675882068872,0.013100704304018254,0.01682994132572174,0.05170505635622205,-0.06058571467561887
2026-06-30,2025-12-31,both,negative_low,357,1204,146,0.40896358543417366,0.29651162790697677,True,0.12605042016806722,0.0257703081232493,0.7841200184437411,0.2184873949579832,0.0196078431372549,1.0645777710774482,0.0196078431372549,0.01680672268907563,0.036414565826330535,0.022408963585434174,0.03361344537815126,-0.8023730123673012,0.007438442469570826,0.010859760958257327,-0.08811642756423363,-0.03324945797528051
2026-06-30,2025-12-31,both,negative_high,307,1204,170,0.5537459283387622,0.2549833887043189,True,0.03257328990228013,0.006514657980456026,0.8837638450439468,0.24972855591748097,0.023409337676438657,1.1234688966388893,0.019543973941368076,0.0,0.0,0.009771986970684038,0.003257328990228013,-0.7646594659399332,0.013044652791410167,0.015828435762332196,0.05687870079374417,-0.0808737739008815
2026-06-30,2025-12-31,both,nonnegative_low,297,1204,149,0.5016835016835017,0.24667774086378738,True,0.07744107744107744,0.015488215488215487,0.8812478783991211,0.2828282828282828,0.019124579124579124,0.9946709875216888,0.03367003367003367,0.02356902356902357,0.0,0.006734006734006734,0.013468013468013467,0.7449268775207386,0.007510907420195288,0.010804519197128295,0.05522717453489979,-0.06815803990945234
2026-06-30,2025-12-31,both,nonnegative_high,243,1204,126,0.5185185185185185,0.20182724252491693,True,0.12757201646090535,0.04279835390946503,1.6586391207660691,0.24691358024691357,0.018545953360768173,0.8966166541868655,0.012345679012345678,0.053497942386831275,0.053497942386831275,0.05761316872427984,0.037037037037037035,0.8485151172381936,0.012741749993500825,0.01637639749646232,0.054582510998322065,-0.08723814838064681
