cutoff,anchor,date,daily_return,high_probability,prior_high_probability
2014-12-31,1212,2015-01-05,0.03005835855820216,0.9999985903392401,0.5772552195737669
2014-12-31,1213,2015-01-06,-0.0001318210531113806,0.308027001954223,0.5770771353161106
2014-12-31,1214,2015-01-07,0.0007495007111462115,0.5009681535379472,0.7531370130612294
2014-12-31,1215,2015-01-08,-0.02347169066951338,0.9997870477889687,0.7040465646526275
2014-12-31,1216,2015-01-09,-0.003529425362131633,0.35148523160190726,0.5771309585599602
2014-12-31,1217,2015-01-12,-0.00938777201706742,0.7907412605480069,0.7420798385656007
2014-12-31,1218,2015-01-13,0.00013091203014781172,0.3574236065080095,0.6303189454116653
2014-12-31,1219,2015-01-14,-0.0033122145991999474,0.525456597869602,0.7405689245663523
2014-12-31,1220,2015-01-15,0.028623477388993734,0.9999968454139047,0.6978159150312151
2014-12-31,1221,2015-01-16,0.008572740079456409,0.5871029312017257,0.5770775792813634
2014-12-31,1222,2015-01-19,-0.08015091630722537,1.0,0.6821311006659039
2014-12-31,1223,2015-01-20,0.012163589146000575,0.8218528470335008,0.5770767766529729
2014-12-31,1224,2015-01-21,0.04397183009022143,0.9999999999999009,0.6224031549297517
2014-12-31,1225,2015-01-22,0.005261025273171072,0.4080233244047283,0.5770767766529982
2014-12-31,1226,2015-01-23,0.0011541684405997898,0.4709311213242499,0.7276947252547512
2014-12-31,1227,2015-01-26,0.010100758326503367,0.8015202172120371,0.7116889538896077
2014-12-31,1228,2015-01-27,-0.009205235043220128,0.677166628934155,0.6275764313773562
2014-12-31,1229,2015-01-28,-0.01397438324888256,0.9325218504218337,0.6592159927652279
2014-12-31,1230,2015-01-29,-0.012421810843328274,0.8455421247224532,0.5942453930595017
2014-12-31,1231,2015-01-30,-0.013710075235254138,0.9109120086739049,0.6163758390633285
2014-12-31,1232,2015-02-02,-0.02369758893576268,0.9997143357762435,0.5997436333920437
2014-12-31,1233,2015-02-03,0.024588180160893813,0.9998410575516894,0.5771494588398646
2014-12-31,1234,2015-02-04,-0.010434033033991597,0.7132755647164747,0.5771172167353228
2014-12-31,1235,2015-02-05,-0.010288594344540769,0.7634924601188441,0.6500287155329663
2014-12-31,1236,2015-02-06,-0.01632824997651916,0.9748439716709671,0.6372519186041865
2014-12-31,1237,2015-02-09,0.010062653056250426,0.6936293165253865,0.5834772811628458
2014-12-31,1238,2015-02-10,0.01807283458891007,0.9908386626923449,0.6550273543683351
2014-12-31,1239,2015-02-11,0.007946178813204696,0.549328863504754,0.5794077161791634
2014-12-31,1240,2015-02-12,0.00254471933848599,0.44774427703653125,0.6917420411326739
2014-12-31,1241,2015-02-13,0.0078001755300292075,0.6843442092306059,0.7175884345028485
2014-12-31,1242,2015-02-16,0.008508784624781995,0.6627626396366196,0.657389784968968
2014-12-31,1243,2015-02-17,0.006505477385104541,0.5559349855640071,0.6628808319541961
2014-12-31,1244,2015-02-25,-0.012452578764156286,0.8938813694678038,0.6900612307328771
2014-12-31,1245,2015-02-26,0.024858555096336943,0.9998848920185345,0.6040767769876433
2014-12-31,1246,2015-02-27,0.0018349579956833395,0.31945126575913857,0.5771060638339561
2014-12-31,1247,2015-03-02,0.007922986484416583,0.7254463667234019,0.7502303120888445
2014-12-31,1248,2015-03-03,-0.026266216394107644,0.999969267100802,0.6469320711773783
2014-12-31,1249,2015-03-04,0.006512570754306779,0.4652555627005424,0.5770845960932018
2014-12-31,1250,2015-03-05,-0.009813431517549986,0.787919403121163,0.7131329989547489
2014-12-31,1251,2015-03-06,-0.005109791099258132,0.457341279540307,0.6310369169034484
2014-12-31,1252,2015-03-09,0.01688401588059918,0.9866920054755657,0.7151466477071252
2014-12-31,1253,2015-03-10,-0.004856661799715667,0.39581792502576935,0.5804627594423427
2014-12-31,1254,2015-03-11,0.001146870503806241,0.47478541435257404,0.7308001722970281
2014-12-31,1255,2015-03-12,0.01916183555284867,0.9962494575251418,0.7107082975003123
2014-12-31,1256,2015-03-13,0.006884431878347641,0.4858590677021086,0.578031035557074
2014-12-31,1257,2015-03-16,0.024036671120585495,0.9998632215087234,0.7078908031296822
2014-12-31,1258,2015-03-17,0.01378862735349351,0.8998625523551371,0.5771115775101996
2014-12-31,1259,2015-03-18,0.023393941142392904,0.9996460903863893,0.6025549712580571
2014-12-31,1260,2015-03-19,-0.0016419916281122937,0.3172040654627052,0.5771668226669292
2014-12-31,1261,2015-03-20,0.013664951891549038,0.9495017169692178,0.7508020722826152
2014-12-31,1262,2015-03-23,0.02021524394347729,0.996673737172867,0.5899251676649331
2014-12-31,1263,2015-03-24,0.0002492098926580866,0.30891740706914755,0.5779230851380653
2014-12-31,1264,2015-03-25,-0.008249282892087706,0.7444835858523657,0.7529104652978407
2014-12-31,1265,2015-03-26,0.0024308001034434312,0.3911253525946978,0.6420883889674268
2014-12-31,1266,2015-03-27,,0.7319941139882654,0.7319941139882655
2014-12-31,1267,2015-03-30,,0.645266113206982,0.645266113206982
2014-12-31,1268,2015-03-31,-0.009086749715542908,0.7069952084617369,0.6673325122773084
2014-12-31,1269,2015-04-01,0.017786184030434526,0.989078837801269,0.6516266406110545
2014-12-31,1270,2015-04-02,0.0002133674729378754,0.3105561432108881,0.5798554723592962
2014-12-31,1271,2015-04-03,0.01103283879861472,0.8716395077287978,0.7524935179988269
2014-12-31,1272,2015-04-07,0.02123302607890487,0.9984249836049607,0.6097358235790394
2014-12-31,1273,2015-04-08,0.008359251279468793,0.5735877319251821,0.5774775115944237
2014-12-31,1274,2015-04-09,-0.007866419623130838,0.6541135083230618,0.6855698030234423
2014-12-31,1275,2015-04-10,0.019120881475910068,0.9952484009985919,0.6650814497645611
2014-12-31,1276,2015-04-13,0.01748948519978022,0.9825392049185292,0.5782857366064216
2014-12-31,1277,2015-04-14,0.0038626342576062456,0.3645713322495103,0.5815193657693136
2014-12-31,1278,2015-04-15,-0.013079226532092036,0.9323263010084917,0.7387503127312316
2014-12-31,1279,2015-04-16,0.029918827606092435,0.9999985001090357,0.5942951471337787
2014-12-31,1280,2015-04-17,0.018132837221052966,0.9877205425597299,0.5770771582735831
2014-12-31,1281,2015-04-20,-0.016280138381000953,0.967470094728658,0.580201066453304
2014-12-31,1282,2015-04-21,0.021276187968656046,0.9983069037437731,0.5853534331534217
2014-12-31,1283,2015-04-22,0.025784180134499124,0.9999387528811805,0.5775075549174067
2014-12-31,1284,2015-04-23,0.00022783127926651048,0.3081566478278949,0.5770923598942975
2014-12-31,1285,2015-04-24,-0.008100828646584901,0.7373187847337695,0.7531040269718406
2014-12-31,1286,2015-04-27,0.022071865906315935,0.9992330104653693,0.6439113453289043
2014-12-31,1287,2015-04-28,-0.013766455254852872,0.8990486506984094,0.5772719235144417
2014-12-31,1288,2015-04-29,0.006824186152075029,0.5081638370464269,0.6027620540755967
2014-12-31,1289,2015-04-30,-0.005132190067953957,0.5383691897634506,0.7022157508156719
2014-12-31,1290,2015-05-04,0.00793702391490747,0.6674567887088068,0.6945305354168447
2014-12-31,1291,2015-05-05,-0.04068937288800889,0.9999999999932381,0.6616864891146361
2014-12-31,1292,2015-05-06,-0.00951027750071809,0.6502118688934855,0.5770767766546935
2014-12-31,1293,2015-05-07,-0.018450290758870835,0.9929715330982382,0.6660741526045431
2014-12-31,1294,2015-05-08,0.019563142110532894,0.9947644067795951,0.5788650451949628
2014-12-31,1295,2015-05-11,0.028573897708527696,0.9999944469202452,0.578408880337257
2014-12-31,1296,2015-05-12,0.012055730118092356,0.8157278281460861,0.5770781895354655
2014-12-31,1297,2015-05-13,-0.006123076095203572,0.49464711456207616,0.6239615571743029
2014-12-31,1298,2015-05-14,-0.003749784099516873,0.4940510983254239,0.7056548407263771
2014-12-31,1299,2015-05-15,-0.017881516345452653,0.9919077548773372,0.7058064864695266
2014-12-31,1300,2015-05-18,-0.009209636695777235,0.6316856284533588,0.5791357046651832
2014-12-31,1301,2015-05-19,0.033545798012319494,0.999999971645441,0.6707878253646891
2014-12-31,1302,2015-05-20,0.004996774095952006,0.39771670530015807,0.5770767838672868
2014-12-31,1303,2015-05-21,0.017937308110759886,0.9930458593813041,0.7303170613881627
2014-12-31,1304,2015-05-22,0.02253904778822502,0.9992740859157343,0.578846134192648
2014-12-31,1305,2015-05-25,0.02948626834900203,0.9999975848479431,0.5772614725958042
2014-12-31,1306,2015-05-26,0.019308416000219708,0.9938381010336587,0.5770773911455084
2014-12-31,1307,2015-05-27,-0.0033698317592421034,0.34893676807403295,0.5786445623784298
2014-12-31,1308,2015-05-28,-0.06940472899007943,1.0,0.742728249836651
2014-12-31,1309,2015-05-29,0.0014098426701938394,0.31470404508933547,0.5770767766529729
2014-12-31,1310,2015-06-01,0.047472816586795474,0.9999999999999997,0.7514381580535976
2014-12-31,1311,2015-06-02,0.016739906725780074,0.9739076645739485,0.577076776652973
2014-12-31,1312,2015-06-03,-0.0035476376934671094,0.35814105236973104,0.5837155078701268
2014-12-31,1313,2015-06-04,0.007327870729774588,0.6848862206117152,0.7403863832123088
2014-12-31,1314,2015-06-05,0.009437285093131464,0.7187757264951864,0.6572518798019117
2014-12-31,1315,2015-06-08,0.023280814875901612,0.9996840317699351,0.6486292970790982
2014-12-31,1316,2015-06-09,-0.006801504215404819,0.48048497287124353,0.577157169155917
2014-12-31,1317,2015-06-10,-0.0015715328122816175,0.4527416234658795,0.7092581460882579
2014-12-31,1318,2015-06-11,-0.0004747685121735401,0.45249563296122,0.7163169484820793
2014-12-31,1319,2015-06-12,0.005361933064115476,0.564781072476144,0.7163795363959529
2014-12-31,1320,2015-06-15,-0.02158986276127095,0.999122141500748,0.6878105010693827
2014-12-31,1321,2015-06-16,-0.030402915647194106,0.9999989860201746,0.5773001321528952
2014-12-31,1322,2015-06-17,0.014506828033860941,0.9253090852969126,0.577077034642126
2014-12-31,1323,2015-06-18,-0.04137488339893203,0.9999999999963168,0.5960805530103048
2014-12-31,1324,2015-06-19,-0.061372155513245374,1.0,0.57707677665391
2014-12-31,1325,2015-06-23,0.031635405971925934,0.9999996969253329,0.5770767766529729
2014-12-31,1326,2015-06-24,0.019458064697653654,0.994374952779391,0.5770768537649377
2014-12-31,1327,2015-06-25,-0.03622307741612829,0.9999999978022877,0.5785079699889337
2014-12-31,1328,2015-06-26,-0.08195269907286473,1.0,0.5770767772121417
2014-12-31,1329,2015-06-29,-0.033925488437144935,0.9999999717575893,0.5770767766529729
2014-12-31,1330,2015-06-30,0.06498873052235155,1.0,0.5770767838387525
2014-12-31,1331,2015-07-01,-0.05043000562737454,1.0,0.5770767766529729
2014-12-31,1332,2015-07-02,-0.034693026757024015,0.9999999877153646,0.5770767766529729
2014-12-31,1333,2015-07-03,-0.055576528044538165,1.0,0.5770767797785801
2014-12-31,1334,2015-07-06,0.028569530469402693,0.999994394447279,0.5770767766529729
2014-12-31,1335,2015-07-07,-0.017798903998958338,0.9851941995354928,0.5770782028862798
2014-12-31,1336,2015-07-08,-0.0698369867442441,1.0,0.5808438495551762
2014-12-31,1337,2015-07-09,0.06207527236012389,1.0,0.5770767766529729
2014-12-31,1338,2015-07-10,0.05221701896586062,1.0,0.5770767766529729
2014-12-31,1339,2015-07-13,0.02530678896854255,0.9999097869030591,0.5770767766529729
2014-12-31,1340,2015-07-14,-0.023946477955743006,0.9997399357744123,0.577099729772848
2014-12-31,1341,2015-07-15,-0.03599636550243268,0.9999999971371741,0.5771429453751161
2014-12-31,1342,2015-07-16,0.007684502639685675,0.5308983375863261,0.577076777381368
2014-12-31,1343,2015-07-17,0.03783557149593619,0.9999999998008838,0.6964313610331483
2014-12-31,1344,2015-07-20,0.002191983418804,0.32438557660028106,0.5770767767036344
2014-12-31,1345,2015-07-21,0.0012970450812090917,0.4998308513762266,0.7489748643536629
2014-12-31,1346,2015-07-22,-0.0021265943949888566,0.4548963601047774,0.7043359309834318
2014-12-31,1347,2015-07-23,0.02227740418701707,0.9995230107170553,0.7157687140233457
2014-12-31,1348,2015-07-24,-0.01768865487096072,0.9842721514148596,0.577198138102273
2014-12-31,1349,2015-07-27,-0.08950299153285002,1.0,0.5810784483192275
2014-12-31,1350,2015-07-28,-0.002002669146445868,0.3216407942190755,0.5770767766529729
2014-12-31,1351,2015-07-29,0.03082087585701565,0.9999996914142815,0.7496732254693266
2014-12-31,1352,2015-07-30,-0.02968798384572935,0.9999979985949142,0.5770768551671269
2014-12-31,1353,2015-07-31,0.0003380454454369186,0.30835368385787404,0.5770772858749419
2014-12-31,1354,2015-08-03,0.003280175163217436,0.5410610686208189,0.7530538946543702
2014-12-31,1355,2015-08-04,0.03058329751740807,0.9999994864760753,0.6938456346629872
2014-12-31,1356,2015-08-05,-0.02079649514796067,0.9975918745249995,0.5770769073100127
2014-12-31,1357,2015-08-06,-0.009105437158758889,0.623248421082865,0.5776894813995839
2014-12-31,1358,2015-08-07,0.01940930315581113,0.9961492573252934,0.6729345228925836
2014-12-31,1359,2015-08-10,0.04440802684301559,0.999999999999935,0.5780565297178624
2014-12-31,1360,2015-08-11,-0.0043405625482915156,0.37476289505881144,0.5770767766529893
2014-12-31,1361,2015-08-12,-0.012505730359453793,0.9151084918174427,0.7361572506281687
2014-12-31,1362,2015-08-13,0.014664871374110433,0.9357645092702971,0.5986759128069615
2014-12-31,1363,2015-08-14,-0.0004712234717221264,0.32326938629079394,0.5934203561215516
2014-12-31,1364,2015-08-17,0.0010623929865545279,0.4980208562036789,0.7492588591487197
2014-12-31,1365,2015-08-18,-0.0639091421957918,1.0,0.7047964521004069
2014-12-31,1366,2015-08-19,0.015750725992443648,0.9573717543487192,0.5770767766529729
2014-12-31,1367,2015-08-20,-0.03261185570869962,0.9999998924685182,0.5879227764654356
2014-12-31,1368,2015-08-21,-0.046780460774710875,0.9999999999999979,0.5770768040124481
2014-12-31,1369,2015-08-24,-0.09154437253073944,1.0,0.5770767766529734
2014-12-31,1370,2015-08-25,-0.07365882101949417,1.0,0.5770767766529729
2014-12-31,1371,2015-08-26,-0.005681702389695786,0.42570883201706744,0.5770767766529729
2014-12-31,1372,2015-08-27,0.057772593779462866,1.0,0.7231949620269635
2014-12-31,1373,2015-08-28,0.04174444236995711,0.9999999999975486,0.5770767766529729
2014-12-31,1374,2015-08-31,0.007229309913817872,0.5041117811564811,0.5770767766535965
2014-12-31,1375,2015-09-01,-0.001325680645711813,0.44279282529776387,0.703246724451837
2014-12-31,1376,2015-09-02,0.001114759379461816,0.459582804389443,0.7188482434349217
2014-12-31,1377,2015-09-07,-0.03486883523480877,0.9999999944814525,0.7145763315300946
2014-12-31,1378,2015-09-08,0.02537302890297255,0.9999144486224236,0.5770767780570693
2014-12-31,1379,2015-09-09,0.019390744961643946,0.9941394603693383,0.5770985436811714
2014-12-31,1380,2015-09-10,-0.012355008377596732,0.8333069750803779,0.5785678868491341
2014-12-31,1381,2015-09-11,-0.003093331822649148,0.38182827604066466,0.61948885553154
2014-12-31,1382,2015-09-14,-0.01993331261177289,0.997927364913255,0.7343595899542805
2014-12-31,1383,2015-09-15,-0.04007773638384293,0.999999999978884,0.5776041218303005
2014-12-31,1384,2015-09-16,0.048611438735111534,0.9999999999999998,0.5770767766583454
2014-12-31,1385,2015-09-17,-0.02207460266763661,0.9989857419491868,0.5770767766529729
2014-12-31,1386,2015-09-18,0.004398714297897399,0.37689530261169896,0.5773348365956432
2014-12-31,1387,2015-09-21,0.017373659429017252,0.990750693729001,0.735614697408693
2014-12-31,1388,2015-09-22,0.009260996976099278,0.6354472216672978,0.5794300983191122
2014-12-31,1389,2015-09-23,-0.023024134084943526,0.9996530857140794,0.6698307547963458
2014-12-31,1390,2015-09-24,0.006710440374396498,0.47564020916689576,0.5771650428300709
2014-12-31,1391,2015-09-25,-0.01628098169442005,0.9814239032205871,0.7104908101452927
2014-12-31,1392,2015-09-28,0.003336064996492638,0.3510727879843964,0.5818031344729492
2014-12-31,1393,2015-09-29,-0.019902239072472128,0.9979702159369722,0.742184777516989
2014-12-31,1394,2015-09-30,0.007552763973722065,0.523517353429614,0.5775932191485668
2014-12-31,1395,2015-10-08,0.02878297237211669,0.999997276838018,0.6983093213281687
2014-12-31,1396,2015-10-09,0.013151501974908442,0.8726122296447377,0.5770774695131621
2014-12-31,1397,2015-10-12,0.03169770708005615,0.9999997510543246,0.6094883317679956
2014-12-31,1398,2015-10-13,-0.0007689261382832768,0.30996350362651764,0.5770768399927774
2014-12-31,1399,2015-10-14,-0.011364637761374752,0.8843011404598365,0.7526443046127899
2014-12-31,1400,2015-10-15,0.023416400443013075,0.9996576360973727,0.6065142960653406
2014-12-31,1401,2015-10-16,0.01346007357174095,0.8863918836148431,0.5771638850658797
2014-12-31,1402,2015-10-19,3.3954704427685556e-05,0.3340448791671872,0.6059823436117348
2014-12-31,1403,2015-10-20,0.012238829460908818,0.9111137825922997,0.7465172264136405
2014-12-31,1404,2015-10-21,-0.029629380800574978,0.9999980740933181,0.5996922956030346
2014-12-31,1405,2015-10-22,0.01465633899438501,0.9299348579625014,0.5770772666657141
2014-12-31,1406,2015-10-23,0.013165780377699221,0.8811831105612133,0.5949036073326925
2014-12-31,1407,2015-10-26,0.00503317870023956,0.42947528403510027,0.607307623381045
2014-12-31,1408,2015-10-27,0.0010080561800656085,0.4628747284094462,0.7222366552222356
2014-12-31,1409,2015-10-28,-0.019096368327989666,0.9961556289117675,0.7137387599444451
2014-12-31,1410,2015-10-29,0.0023773676832874457,0.32821016896034877,0.5780549085808757
2014-12-31,1411,2015-10-30,0.0002179022250210494,0.4920790318459519,0.7480017647717712
2014-12-31,1412,2015-11-02,-0.01658231102247143,0.9837520226805964,0.7063082437513414
2014-12-31,1413,2015-11-03,-0.0030166630718273524,0.3432525230368371,0.5812107858355406
2014-12-31,1414,2015-11-04,0.045976326729100236,0.9999999999999967,0.7441745050053893
2014-12-31,1415,2015-11-05,0.021114669334947322,0.9980486348710127,0.5770767766529736
2014-12-31,1416,2015-11-06,0.023309773214910123,0.9995824456587774,0.5775732668439175
2014-12-31,1417,2015-11-09,0.012308702215237943,0.8299847032739875,0.5771830159372174
2014-12-31,1418,2015-11-10,-0.001853109700844513,0.36004370308969064,0.6203341485723053
2014-12-31,1419,2015-11-11,0.00010695340624167216,0.48131402754127944,0.7399022875373266
2014-12-31,1420,2015-11-12,-0.010048623216473374,0.7967944380769284,0.7090472078556765
2014-12-31,1421,2015-11-13,-0.013016058459193403,0.8893804690608687,0.6287788219245165
2014-12-31,1422,2015-11-16,0.0047640885433732905,0.4171702876735715,0.6052219511374048
2014-12-31,1423,2015-11-17,-0.0015260846402558315,0.4719384775552364,0.7253674429473806
2014-12-31,1424,2015-11-18,-0.011455884406279537,0.8648659333503286,0.7114326499923811
2014-12-31,1425,2015-11-19,0.015857645843533774,0.9646940195653692,0.6114592392466596
2014-12-31,1426,2015-11-20,-0.00015630484775464026,0.3159744355370478,0.586059756161568
2014-12-31,1427,2015-11-23,-0.005592684858214625,0.6174026790679802,0.7511149297727447
2014-12-31,1428,2015-11-24,0.0001491897136460807,0.4032804267287888,0.6744218680982907
2014-12-31,1429,2015-11-25,0.007357209219504668,0.6735328377683217,0.728901471310514
2014-12-31,1430,2015-11-26,-0.005882494711396902,0.5225989114260197,0.660140546372842
2014-12-31,1431,2015-11-27,-0.05535266856084675,1.0,0.6985430025798025
2014-12-31,1432,2015-11-30,0.002644805989014287,0.3320183173345732,0.5770767766529729
2014-12-31,1433,2015-12-01,0.007066140427602008,0.6795365700060764,0.7470328490699488
2014-12-31,1434,2015-12-02,0.03562478323095064,0.9999999969154652,0.6586130033616318
2014-12-31,1435,2015-12-03,0.0073187446392157796,0.5092522157240554,0.5770767774377779
2014-12-31,1436,2015-12-04,-0.019311509549750028,0.9964272413473767,0.7019388321962661
2014-12-31,1437,2015-12-07,0.002720905387979755,0.33427986884840777,0.5779858016218473
2014-12-31,1438,2015-12-08,-0.01767061954473448,0.9925710533322799,0.7464574374638606
2014-12-31,1439,2015-12-09,0.0035597423441551257,0.3539794148986741,0.5789669401568623
2014-12-31,1440,2015-12-10,-0.0035431817115387787,0.5328296707082306,0.7414452379350638
2014-12-31,1441,2015-12-11,-0.004154261043517238,0.4951004490329292,0.6959399676305357
2014-12-31,1442,2015-12-14,0.02821737671365021,0.9999956210211458,0.7055394978237843
2014-12-31,1443,2015-12-15,-0.004572155672557088,0.38243947385225396,0.5770778908063494
2014-12-31,1444,2015-12-16,-0.0024255313165451042,0.49715742624765946,0.7342040815290898
2014-12-31,1445,2015-12-17,0.01893535294378168,0.9955844099503696,0.7050161365138277
2014-12-31,1446,2015-12-18,0.0031951966363514828,0.3444197040982289,0.5782002450978622
2014-12-31,1447,2015-12-21,0.025692149718878454,0.9999689326701183,0.7438775365193644
2014-12-31,1448,2015-12-22,0.0027793939909273035,0.33458963721956336,0.5770846811831482
2014-12-31,1449,2015-12-23,-0.0026733460235206508,0.5179758247614845,0.746378622404875
2014-12-31,1450,2015-12-24,-0.009610535807855314,0.7659260152679971,0.6997192648521637
2014-12-31,1451,2015-12-25,0.002295373745042184,0.383111525689402,0.6366327437287471
2014-12-31,1452,2015-12-28,-0.029230863731203982,0.9999984853816268,0.7340330898781714
2014-12-31,1453,2015-12-29,0.009143531223768875,0.6252372349736293,0.5770771620207107
2014-12-31,1454,2015-12-30,0.0008794946794203895,0.4039569734844267,0.6724285045294844
2014-12-31,1455,2015-12-31,-0.00911937463497381,0.76535458929416,0.7287293360074383
2015-12-31,1456,2016-01-04,-0.07240355164048218,0.9999783223392009,0.04225528528808259
2015-12-31,1457,2016-01-05,0.0024089150095196743,0.7023990757316536,0.8562104982665524
2015-12-31,1458,2016-01-06,0.017391395780830265,0.5866851997457043,0.6077981479572878
2015-12-31,1459,2016-01-07,-0.07185506702413669,0.9999988565589546,0.511202850318896
2015-12-31,1460,2016-01-08,0.02018716557738287,0.8800774153046333,0.8562276397636457
2015-12-31,1461,2016-01-11,-0.0516165048473507,0.9995529628034867,0.7561199628538111
2015-12-31,1462,2016-01-12,0.007259526026651031,0.7287492156416913,0.8558554178528548
2015-12-31,1463,2016-01-13,-0.018780793674380902,0.6423213325001969,0.6297946422042907
2015-12-31,1464,2016-01-14,0.02060143892165911,0.6196790647969896,0.5576466217082655
2015-12-31,1465,2016-01-15,-0.03244295069723613,0.8989317984809149,0.5387453743914353
2015-12-31,1466,2016-01-18,0.0038403365244938925,0.5790023057907769,0.7718591707852985
2015-12-31,1467,2016-01-19,0.02908363033640171,0.8124003076629038,0.5047893461304223
2015-12-31,1468,2016-01-20,-0.01523749684703013,0.6362873441803583,0.6996246609701188
2015-12-31,1469,2016-01-21,-0.029744525042056935,0.8541493197505615,0.5526095862383608
2015-12-31,1470,2016-01-22,0.010366835326573565,0.5936560170528735,0.7344757815842602
2015-12-31,1471,2016-01-25,0.004943661097335905,0.30902508360147796,0.5170219292049115
2015-12-31,1472,2016-01-26,-0.06209527337292453,0.9998763567263796,0.2794185346287127
2015-12-31,1473,2016-01-27,-0.0034611658744330143,0.7058883553632556,0.8561253797046217
2015-12-31,1474,2016-01-28,-0.02648444680291817,0.8159304434599404,0.6107109188042266
2015-12-31,1475,2016-01-29,0.031841444455047,0.9416136259613695,0.7025715376097026
2015-12-31,1476,2016-02-01,-0.015406127045172191,0.7617216263118395,0.807488984358613
2015-12-31,1477,2016-02-02,0.02056575131755256,0.7117281729966165,0.6573192566500552
2015-12-31,1478,2016-02-03,-0.004294444642757966,0.3967858672138613,0.6155858650251702
2015-12-31,1479,2016-02-04,0.012175294500510248,0.24406379037699258,0.35267922995833795
2015-12-31,1480,2016-02-05,-0.007050486880682882,0.1153606794088034,0.22519033251787895
2015-12-31,1481,2016-02-15,-0.005779560965751607,0.05409607834277733,0.11775191854176438
2015-12-31,1482,2016-02-16,0.030194063113538228,0.26745136771721545,0.06660963051237792
2015-12-31,1483,2016-02-17,0.008615938263682565,0.1347957580438864,0.2447137472766591
2015-12-31,1484,2016-02-18,-0.0031453249886190804,0.05840786818258347,0.13397587776346873
2015-12-31,1485,2016-02-19,-0.0006944808707238792,0.028639145260640892,0.07020901407274575
2015-12-31,1486,2016-02-22,0.02181126745783679,0.06628054046048365,0.04535876490030402
2015-12-31,1487,2016-02-23,-0.00950680701508233,0.04017442410036649,0.07678094086556725
2015-12-31,1488,2016-02-24,0.006514071471819705,0.024938941238852565,0.05498815189793979
2015-12-31,1489,2016-02-25,-0.0633225787530467,0.9992970085469425,0.04226991919565562
2015-12-31,1490,2016-02-26,0.009981708231014075,0.7538171344377748,0.8556417530924096
2015-12-31,1491,2016-02-29,-0.024225714823300493,0.7920802809153692,0.6507207675859759
2015-12-31,1492,2016-03-01,0.01832645434217106,0.6840715760391722,0.6826619673002903
2015-12-31,1493,2016-03-02,0.04033967095917301,0.9824887632007855,0.5924987703098072
2015-12-31,1494,2016-03-03,0.0023208816015447553,0.6777973844978225,0.8416106142323797
2015-12-31,1495,2016-03-04,0.011530756090577299,0.4467694916591663,0.5872612186833233
2015-12-31,1496,2016-03-07,0.003532985430826585,0.20826849653020452,0.39440441666737275
2015-12-31,1497,2016-03-08,0.0009110649949057859,0.08664285051851651,0.1953092397472588
2015-12-31,1498,2016-03-09,-0.011573731280718036,0.05562312518675354,0.09377893167610526
2015-12-31,1499,2016-03-10,-0.019313474804125264,0.07528272627344162,0.0678843742986768
2015-12-31,1500,2016-03-11,0.0017010895383222646,0.03492531514139891,0.08429575972881552
2015-12-31,1501,2016-03-14,0.015585533685582575,0.03963189706878981,0.05060631577061665
2015-12-31,1502,2016-03-15,0.002960687582545418,0.02253526179674583,0.05453526273797089
2015-12-31,1503,2016-03-16,0.004947445616799939,0.01722690476238841,0.04026338256243648
2015-12-31,1504,2016-03-17,0.010997450814381082,0.019982141636396607,0.03583208749660645
2015-12-31,1505,2016-03-18,0.015171442937839785,0.02875639006802113,0.038132096234896495
2015-12-31,1506,2016-03-21,0.024132980450051633,0.0877169860566493,0.045456638184462494
2015-12-31,1507,2016-03-22,-0.007304792312721631,0.04526177505073539,0.09467559546103034
2015-12-31,1508,2016-03-23,0.003187929433275727,0.02464353762095491,0.05923495613861279
2015-12-31,1509,2016-03-24,-0.016903022282173552,0.03690957513859161,0.042023323010443175
2015-12-31,1510,2016-03-25,0.005006539008412858,0.02255859122038118,0.05226273064210585
2015-12-31,1511,2016-03-28,-0.008822916889311472,0.01998240783658654,0.040282857431812244
2015-12-31,1512,2016-03-29,-0.010886463727212359,0.021144942430223846,0.03813231845272784
2015-12-31,1513,2016-03-30,0.025465465170496415,0.0900989006537295,0.039102775747762684
2015-12-31,1514,2016-03-31,0.0005626036574657434,0.04008808107288308,0.09666396329931906
2015-12-31,1515,2016-04-01,0.001180128025559668,0.022240745405691292,0.05491607471300674
2015-12-31,1516,2016-04-05,0.013135404497164771,0.025775271563081053,0.04001752701390441
2015-12-31,1517,2016-04-06,-0.0021343088926624176,0.017424161937189143,0.042968068625916456
2015-12-31,1518,2016-04-07,-0.014919510614399556,0.026571956575823088,0.03599675327544095
2015-12-31,1519,2016-04-08,-0.0073682667425369885,0.020315776690425873,0.04363312305671962
2015-12-31,1520,2016-04-11,0.013831634373625334,0.026036616981063777,0.03841060714875155
2015-12-31,1521,2016-04-12,-0.0036132193049827066,0.017932828318052523,0.04318623380465039
2015-12-31,1522,2016-04-13,0.01325054148776772,0.023624816734633205,0.03642137633848749
2015-12-31,1523,2016-04-14,0.004420853402034908,0.01738603847004997,0.04117291810968053
2015-12-31,1524,2016-04-15,-0.0011056744823765285,0.01438707020462379,0.035964928676844296
2015-12-31,1525,2016-04-18,-0.013463451713926489,0.022024732005996167,0.03346145854641578
2015-12-31,1526,2016-04-19,0.0030463548513726124,0.0163362035635732,0.039837203967427556
2015-12-31,1527,2016-04-20,-0.01784345702845691,0.03366752281232365,0.035088550503541975
2015-12-31,1528,2016-04-21,-0.006443160726210095,0.02234830734513051,0.04955633949630134
2015-12-31,1529,2016-04-22,0.00451425279278439,0.01696445278046075,0.040107317261324306
2015-12-31,1530,2016-04-25,-0.004061909377345074,0.01486164976158162,0.03561299858359513
2015-12-31,1531,2016-04-26,0.005402784546376438,0.014621550109666778,0.033857626708330986
2015-12-31,1532,2016-04-27,-0.004173318292689743,0.014064774565562278,0.033657197009282575
2015-12-31,1533,2016-04-28,-0.0016881376015707161,0.013315339261992977,0.03319241351687686
2015-12-31,1534,2016-04-29,-0.0012125377237701684,0.013009200755538186,0.03256680206282976
2015-12-31,1535,2016-05-03,0.017830115902246035,0.030958739830467232,0.03231124463812502
2015-12-31,1536,2016-05-04,-0.0012704345473331102,0.019074515803041363,0.04729510940491625
2015-12-31,1537,2016-05-05,0.0013886772125353275,0.01499344875190804,0.03737443094393442
2015-12-31,1538,2016-05-06,-0.026346556517287567,0.08869742409784012,0.033967649491601734
2015-12-31,1539,2016-05-09,-0.020894986605339838,0.12375293918526634,0.09549404271809335
2015-12-31,1540,2016-05-10,0.001137784507713846,0.052836206578258875,0.12475758509695414
2015-12-31,1541,2016-05-11,0.004453901431586971,0.0281184958874573,0.06555791837290517
2015-12-31,1542,2016-05-12,0.0023748786058952476,0.01829446665470159,0.04492413870928422
2015-12-31,1543,2016-05-13,-0.004931008453676,0.01567208191304433,0.03672326375232117
2015-12-31,1544,2016-05-16,0.006602673798621339,0.015529381372780588,0.03453415693618169
2015-12-31,1545,2016-05-17,-0.0030058278702469465,0.01405625231093958,0.034415033788309526
2015-12-31,1546,2016-05-18,-0.005843313571700648,0.014524409794444798,0.03318529933359663
2015-12-31,1547,2016-05-19,-0.0018073453588218769,0.013488108268508152,0.033576106495447455
2015-12-31,1548,2016-05-20,0.005119931975382741,0.0140003807772346,0.03271102567875158
2015-12-31,1549,2016-05-23,0.0029195017363292664,0.013505107188917813,0.033138659054876715
2015-12-31,1550,2016-05-24,-0.007693371149288808,0.01535230378417323,0.03272521598879445
2015-12-31,1551,2016-05-25,-0.001414388121050436,0.013723163817865692,0.03426721346658171
2015-12-31,1552,2016-05-26,0.0016265370765236042,0.013191103856270899,0.032907244676328884
2015-12-31,1553,2016-05-27,-0.0005582115178963676,0.012925133499996083,0.032463093187029876
2015-12-31,1554,2016-05-30,0.0013737498509893697,0.012891450722734869,0.03224106721556838
2015-12-31,1555,2016-05-31,0.03298745127173852,0.21892701366778303,0.032212949603336385
2015-12-31,1556,2016-06-01,-0.0028467139068943936,0.09286644051224668,0.2042067261248935
2015-12-31,1557,2016-06-02,0.002070279594942548,0.04155180626881141,0.09897424228774429
2015-12-31,1558,2016-06-03,0.006994520707497287,0.025936323229554175,0.05613795903549437
2015-12-31,1559,2016-06-06,-0.0033102421513770963,0.01779333909591769,0.04310251087431214
2015-12-31,1560,2016-06-07,-0.0005475279564830515,0.0144889072281891,0.03630493392555598
2015-12-31,1561,2016-06-08,-0.0041192039371029665,0.014000067236322643,0.03354646976497606
2015-12-31,1562,2016-06-13,-0.03134922137024354,0.17649931669203792,0.03313839731809318
2015-12-31,1563,2016-06-14,0.0031388816977635514,0.07528415620639753,0.16878905488569626
2015-12-31,1564,2016-06-15,0.013045313264449021,0.05485551197991862,0.08429695340414876
2015-12-31,1565,2016-06-16,-0.006987586070692942,0.03125685959627927,0.06724358834665854
2015-12-31,1566,2016-06-17,0.005057198253554773,0.020492760310562748,0.04754397296829734
2015-12-31,1567,2016-06-20,0.0007424036542005297,0.015420646207601257,0.038558349027748996
2015-12-31,1568,2016-06-21,-0.0020421329530311283,0.013829807439701755,0.03432426415886999
2015-12-31,1569,2016-06-22,0.008858634790358977,0.016334116711359065,0.03299626833321288
2015-12-31,1570,2016-06-23,-0.0053237222779696225,0.015127620258244717,0.03508680844703377
2015-12-31,1571,2016-06-24,-0.012966564644493417,0.021637478090497753,0.0340796527969854
2015-12-31,1572,2016-06-27,0.01399897008033335,0.02713944374529082,0.039513933254123085
2015-12-31,1573,2016-06-28,0.005069581606244711,0.018978901635318197,0.04410684836903532
2015-12-31,1574,2016-06-29,0.004767979973276937,0.01585152554862911,0.03729461442313282
2015-12-31,1575,2016-06-30,0.0008024982548935355,0.013841274252696467,0.034683952379821754
2015-12-31,1576,2016-07-01,8.877446851940363e-05,0.013134545263857487,0.03300584056648871
2015-12-31,1577,2016-07-04,0.01588358417606095,0.025942041334323845,0.032415879367411166
2015-12-31,1578,2016-07-05,0.0008359222455283088,0.017296070887338907,0.04310728421741769
2015-12-31,1579,2016-07-06,0.002932672108018508,0.014654140579217248,0.03588982579609007
2015-12-31,1580,2016-07-07,-0.0021317159043032774,0.01358076528915256,0.0336844027880155
2015-12-31,1581,2016-07-08,-0.0055199656579283385,0.014201397153246979,0.03278837364079305
2015-12-31,1582,2016-07-11,0.003455498692128245,0.013704690017326814,0.033306462928920866
2015-12-31,1583,2016-07-12,0.02157109569307636,0.04701855879454247,0.032891823170080305
2015-12-31,1584,2016-07-13,0.0029560503828136575,0.025177746631585292,0.06070147903548593
2015-12-31,1585,2016-07-14,-0.0018629104894731796,0.017164805354321896,0.042469268476734684
2015-12-31,1586,2016-07-15,-0.00014649689330781257,0.014263786830840801,0.035780248330782624
2015-12-31,1587,2016-07-18,-0.00436199703605844,0.014000095994113502,0.03335854440510848
2015-12-31,1588,2016-07-19,-0.004236402787670457,0.013864125830951481,0.03313842132443938
2015-12-31,1589,2016-07-20,-0.0032779180206858882,0.013541339341399316,0.03302491654146788
2015-12-31,1590,2016-07-21,0.004597765922163433,0.013823089438415955,0.032755461761163666
2015-12-31,1591,2016-07-22,-0.008447519081499877,0.01601168542874281,0.03299066029936035
2015-12-31,1592,2016-07-25,0.001775079655381262,0.013993112834887607,0.03481765018535711
2015-12-31,1593,2016-07-26,0.011906953709589274,0.01955002973567283,0.033132591942801826
2015-12-31,1594,2016-07-27,-0.015829968511173576,0.0301208627232211,0.03777137910129556
2015-12-31,1595,2016-07-28,0.0009007078930132195,0.01874246665068218,0.04659566875556264
2015-12-31,1596,2016-07-29,-0.005357152889930106,0.016029289675517838,0.03709724390452866
2015-12-31,1597,2016-08-01,-0.008500632625404236,0.016964450733090032,0.034832345808007766
2015-12-31,1598,2016-08-02,0.0038455181495571367,0.014791079364094673,0.03561299687449687
2015-12-31,1599,2016-08-03,0.0013975585739665064,0.013529823244187318,0.0337987161542455
2015-12-31,1600,2016-08-04,0.0024332281974484005,0.013245411321547532,0.03274584838655023
2015-12-31,1601,2016-08-05,0.001192557583893361,0.012983673007572518,0.03250842781719143
2015-12-31,1602,2016-08-08,0.009029007076595263,0.01611443015096593,0.0322899346578675
2015-12-31,1603,2016-08-09,0.007024967421921602,0.01595180929325217,0.03490341913000055
2015-12-31,1604,2016-08-10,-0.00419672262889037,0.014546473395522341,0.03476766695663996
2015-12-31,1605,2016-08-11,-0.0030818187962520227,0.013731913977869296,0.033594524685097576
2015-12-31,1606,2016-08-12,0.01865060901025828,0.03422371169362504,0.032914549109809565
2015-12-31,1607,2016-08-15,0.029665809163013535,0.19767228397139996,0.05002063325601427
2015-12-31,1608,2016-08-16,-0.004480438467110659,0.08641029303081624,0.18646376380726282
2015-12-31,1609,2016-08-17,-0.001540444367243765,0.03895060312707353,0.09358479800327617
2015-12-31,1610,2016-08-18,-0.0025409881368343434,0.02215072249335027,0.05396653413460695
2015-12-31,1611,2016-08-19,0.000157515183452972,0.015964607464502324,0.03994237794524032
2015-12-31,1612,2016-08-22,-0.00842463960256623,0.01687730316079481,0.034778350577343194
2015-12-31,1613,2016-08-23,0.0015092941226608758,0.014255244700124264,0.03554024807395248
2015-12-31,1614,2016-08-24,-0.0035883000690084543,0.013759357137861784,0.03335141362971963
2015-12-31,1615,2016-08-25,-0.00629329835127912,0.014634567920909123,0.03293745803222726
2015-12-31,1616,2016-08-26,-0.0005683140874186421,0.013415371298264797,0.03366806398042878
2015-12-31,1617,2016-08-29,0.00020862088068440698,0.012991476783069222,0.03265030651927217
2015-12-31,1618,2016-08-30,0.0012719476862770307,0.012904347865326043,0.03229644907120285
2015-12-31,1619,2016-08-31,0.004759202811690955,0.013651681028697746,0.03222371584305193
2015-12-31,1620,2016-09-01,-0.00790727823759596,0.015554363575158499,0.0328475724785318
2015-12-31,1621,2016-09-02,0.003787969201230368,0.014274530084596846,0.0344358883595854
2015-12-31,1622,2016-09-05,0.001679281770735841,0.013385921175101262,0.03336751262767754
2015-12-31,1623,2016-09-06,0.00688952954093125,0.014813897077495565,0.032625722229892615
2015-12-31,1624,2016-09-07,-0.0005416364435291143,0.013475165019500007,0.033817763859618835
2015-12-31,1625,2016-09-08,-0.00037722405460272057,0.013015324074228495,0.03270022095045347
2015-12-31,1626,2016-09-09,-0.006464814632964888,0.014441155096163862,0.03231635624454547
2015-12-31,1627,2016-09-12,-0.01684982363061316,0.029253122114431047,0.033506607377111655
2015-12-31,1628,2016-09-13,-0.0006960062706902193,0.018426023665907145,0.045871298738010276
2015-12-31,1629,2016-09-14,-0.0066471395961809066,0.016612053866109044,0.03683308453695516
2015-12-31,1630,2016-09-19,0.0075025152548011675,0.016459561723395518,0.035318824028216976
2015-12-31,1631,2016-09-20,-0.0017544617506732862,0.01414378504208468,0.03519152707452477
2015-12-31,1632,2016-09-21,0.0028326025524680887,0.013536028958203888,0.03325836965594145
2015-12-31,1633,2016-09-22,0.007465998667781193,0.015218087570605504,0.0327510287747049
2015-12-31,1634,2016-09-23,-0.004705504061350396,0.01446613867484107,0.034155172840623874
2015-12-31,1635,2016-09-26,-0.0170541160186648,0.02983225573929026,0.03352746309729071
2015-12-31,1636,2016-09-27,0.006336472200459298,0.02078739476646809,0.046354746244966744
2015-12-31,1637,2016-09-28,-0.003047143422453047,0.015902758050532415,0.03880430313411873
2015-12-31,1638,2016-09-29,0.004169709899736418,0.01451984936802062,0.03472672010087459
2015-12-31,1639,2016-09-30,0.002736367204596135,0.013646046044488741,0.03357229955575204
2015-12-31,1640,2016-10-10,0.012399447101557826,0.02002948265862855,0.03284286852256958
2015-12-31,1641,2016-10-11,0.0038452087623994657,0.015878271099570327,0.03817161543770632
2015-12-31,1642,2016-10-12,-0.0019828752729793564,0.013977746385963555,0.034706278954155706
2015-12-31,1643,2016-10-13,0.0007996777482670581,0.013204032281949293,0.033119764382625344
2015-12-31,1644,2016-10-14,0.0009684497995330332,0.012952105378326039,0.03247388554115127
2015-12-31,1645,2016-10-17,-0.008496754354727187,0.015689084021360485,0.03226358272283101
2015-12-31,1646,2016-10-18,0.013168433154367776,0.02226087740215177,0.034548349907416
2015-12-31,1647,2016-10-19,-0.001533694107251904,0.016106088096417805,0.0400343327441903
2015-12-31,1648,2016-10-20,0.0007113962354878822,0.01392257272927204,0.03489645537362193
2015-12-31,1649,2016-10-21,0.0027503876604946242,0.013442149205503143,0.03307370667567789
2015-12-31,1650,2016-10-24,0.011900990609072792,0.019267310090716954,0.032672660103903066
2015-12-31,1651,2016-10-25,-3.860413391265638e-05,0.01497903117873699,0.0375353712066499
2015-12-31,1652,2016-10-26,-0.0037636252540860227,0.014064147218724229,0.033955614031205866
2015-12-31,1653,2016-10-27,-0.0027162168778023243,0.01348414325336982,0.03319188982208203
2015-12-31,1654,2016-10-28,-0.0016662108634655226,0.013114273757262387,0.03270771577478229
2015-12-31,1655,2016-10-31,-0.001153314558798968,0.012935752403035,0.03239895717725508
2015-12-31,1656,2016-11-01,0.0068017820738717205,0.01459130808500772,0.03224993163300231
2015-12-31,1657,2016-11-02,-0.007680391588488433,0.015776782983199695,0.03363195165864301
2015-12-31,1658,2016-11-03,0.009473932646271166,0.0176985354845956,0.03462155899534306
2015-12-31,1659,2016-11-04,-0.0032473890948079287,0.014874628308977482,0.03622579403870296
2015-12-31,1660,2016-11-07,0.0007212298174579246,0.01350432052869041,0.033868460902915995
2015-12-31,1661,2016-11-08,0.0043194556814594165,0.01371468372542056,0.03272455930282521
2015-12-31,1662,2016-11-09,-0.0053746539718204644,0.0141880934156085,0.032900165689070365
2015-12-31,1663,2016-11-10,0.011139466815873078,0.018708189229085005,0.03329535727295746
2015-12-31,1664,2016-11-11,0.007817508815268326,0.017524835347855827,0.03706862989680276
2015-12-31,1665,2016-11-14,0.0038057897960115383,0.014976952195245547,0.036080793136561845
2015-12-31,1666,2016-11-15,-0.0001107852341917237,0.01351995876452277,0.03395387854332742
2015-12-31,1667,2016-11-16,-8.16390795055355e-05,0.013025586042799537,0.03273761374449778
2015-12-31,1668,2016-11-17,0.002021520848275671,0.013005123208693518,0.03232492270124765
2015-12-31,1669,2016-11-18,-0.005564656268582269,0.014008634103964631,0.03230784079526055
2015-12-31,1670,2016-11-21,0.0068965086705734535,0.015058372491064896,0.033145548743301737
2015-12-31,1671,2016-11-22,0.007887766003458196,0.016106927495074867,0.034021846344435655
2015-12-31,1672,2016-11-23,0.001834918397218388,0.014034194408722481,0.03489715608442628
2015-12-31,1673,2016-11-24,0.004023861351747371,0.01380860279553747,0.033166885901224887
2015-12-31,1674,2016-11-25,0.0092896001025089,0.016683653884723544,0.032978567181152135
2015-12-31,1675,2016-11-28,0.003905690316324595,0.01471071321804481,0.03537859408647535
2015-12-31,1676,2016-11-29,0.008158802963162515,0.016161103192909244,0.03373162833325954
2015-12-31,1677,2016-11-30,-0.007333137152544467,0.01616749199665176,0.03494238071814017
2015-12-31,1678,2016-12-01,0.007613678262073265,0.016359443376638454,0.034947713945411345
2015-12-31,1679,2016-12-02,-0.010174897726543009,0.018650200021565227,0.03510795056806295
2015-12-31,1680,2016-12-05,-0.017015825589338007,0.03283600711030827,0.037020221832407205
2015-12-31,1681,2016-12-06,-0.0029616565345627066,0.020120501613609582,0.04886220920256781
2015-12-31,1682,2016-12-07,0.004787388918293445,0.016274215390328268,0.03824759597998974
2015-12-31,1683,2016-12-08,-0.0016153441012942693,0.014061886526935468,0.035036804194003596
2015-12-31,1684,2016-12-09,0.006766407582517786,0.015004587152660709,0.03319000264827211
2015-12-31,1685,2016-12-12,-0.024489553378881368,0.06940194560952334,0.03397694757384772
2015-12-31,1686,2016-12-13,-0.0012151062071339425,0.03266174709542796,0.0793866185066663
2015-12-31,1687,2016-12-14,-0.007691676617353593,0.02305507379367837,0.04871674092695774
2015-12-31,1688,2016-12-15,-0.011465469128397743,0.023415327832406404,0.04069730973091023
2015-12-31,1689,2016-12-16,0.0016750272369332464,0.016524494156683663,0.04099804156449424
2015-12-31,1690,2016-12-19,-0.005108617689218775,0.015103022976004575,0.03524573118502069
2015-12-31,1691,2016-12-20,-0.00600178962332798,0.014992512309389552,0.03405911954823855
2015-12-31,1692,2016-12-21,0.008869424531434689,0.016832054087495316,0.03396686777080097
2015-12-31,1693,2016-12-22,-0.0008600269325942378,0.01417891816114715,0.03550247518227476
2015-12-31,1694,2016-12-23,-0.008450707874326113,0.016160823055705258,0.03328769798034411
2015-12-31,1695,2016-12-26,0.004464562468532662,0.014715682195762147,0.034942146866008196
2015-12-31,1696,2016-12-27,-0.0018105713968399328,0.013554030766805647,0.033735776322232125
2015-12-31,1697,2016-12-28,-0.004381810138074371,0.013753181146757224,0.03276605627287744
2015-12-31,1698,2016-12-29,-0.001251581686641856,0.01316171756610014,0.03293230245607986
2015-12-31,1699,2016-12-30,0.0037289081683411496,0.013413724405661962,0.032438562183973015
2016-12-31,1700,2017-01-03,0.009665890589179327,0.017665775317988557,0.03319271276859773
2016-12-31,1701,2017-01-04,0.007772886029378867,0.017621263384643142,0.0366080674098928
2016-12-31,1702,2017-01-05,-0.0001543920075501859,0.014595964419166866,0.03656970854890698
2016-12-31,1703,2017-01-06,-0.005992161431192855,0.015129305496864275,0.033962609424348214
2016-12-31,1704,2017-01-09,0.004836433691801645,0.014753627275466337,0.03442222451450088
2016-12-31,1705,2017-01-10,-0.0016750547267907478,0.013706716506213747,0.03409847787878015
2016-12-31,1706,2017-01-11,-0.007103217335794554,0.015464322433220525,0.0331962860024874
2016-12-31,1707,2017-01-12,-0.005075084704055044,0.014989589035435987,0.034710930646177106
2016-12-31,1708,2017-01-13,0.0006900157410534291,0.013690687252582706,0.03430182164905423
2016-12-31,1709,2017-01-16,-0.00013856757299990363,0.013215916199095052,0.03318247254021947
2016-12-31,1710,2017-01-17,0.0020795064830636534,0.013225557851809764,0.032773331092700204
2016-12-31,1711,2017-01-18,0.0039035534053244447,0.013685589657150204,0.032781639939078254
2016-12-31,1712,2017-01-19,-0.0030230983966390568,0.013594229518838924,0.03317807960691235
2016-12-31,1713,2017-01-20,0.00765991495492635,0.015816540713165968,0.033099348566003994
2016-12-31,1714,2017-01-23,0.0027355400398771934,0.01428906431458497,0.03501446030713899
2016-12-31,1715,2017-01-24,0.00010997944584545394,0.01342530571971781,0.03369813341615427
2016-12-31,1716,2017-01-25,0.0033974529553049138,0.0136017401654903,0.03295377581639098
2016-12-31,1717,2017-01-26,0.003566014902744996,0.013715713947718653,0.033105820984278396
2016-12-31,1718,2017-02-03,-0.006951578912689271,0.015366038364578621,0.03320403968968935
2016-12-31,1719,2017-02-06,0.002588421826027698,0.01409292710726779,0.034626232799042506
2016-12-31,1720,2017-02-07,-0.0022347903390365076,0.013565083432010551,0.03352910908258414
2016-12-31,1721,2017-02-08,0.005218585936919595,0.014334682017831911,0.03307423146573665
2016-12-31,1722,2017-02-09,0.0038350505291617765,0.014069533532296287,0.033737445191802454
2016-12-31,1723,2017-02-10,0.005051568942397111,0.01444960206720329,0.03350894930018759
2016-12-31,1724,2017-02-13,0.0066513524512199496,0.015466986554919382,0.03383647935785658
2016-12-31,1725,2017-02-14,-0.00013678556846130618,0.013838747995409791,0.03471322649509256
2016-12-31,1726,2017-02-15,-0.004109369094043913,0.01398210276337259,0.03331006622183937
2016-12-31,1727,2017-02-16,0.0056013575686897354,0.014681121708044047,0.033433604455356834
2016-12-31,1728,2017-02-17,-0.005680268596547577,0.014992244293293272,0.03403599506187199
2016-12-31,1729,2017-02-20,0.014493575030043004,0.02617026254365929,0.03430410985941433
2016-12-31,1730,2017-02-21,0.003287220343514363,0.018215252208972844,0.043936943482600785
2016-12-31,1731,2017-02-22,0.001990655479541914,0.01498716522971799,0.037081587791778385
2016-12-31,1732,2017-02-23,-0.004722057063256457,0.014650236385983943,0.03429973289622762
2016-12-31,1733,2017-02-24,0.0001525801156532225,0.013552403053228862,0.034009379148197516
2016-12-31,1734,2017-02-27,-0.007985510790078365,0.016050611610058017,0.033063303949217436
2016-12-31,1735,2017-02-28,0.0019104140739454323,0.014202995929393152,0.035216174596316985
2016-12-31,1736,2017-03-01,0.0016292280688290361,0.013505643755828823,0.0336239626270037
2016-12-31,1737,2017-03-02,-0.006771583014421267,0.01516401908479376,0.03302300838679277
2016-12-31,1738,2017-03-03,-0.0021098775705485906,0.013922947579226363,0.03445213949670067
2016-12-31,1739,2017-03-06,0.005417260576663807,0.014566247010891323,0.033382626541914
2016-12-31,1740,2017-03-07,0.0021679785433246224,0.013721005511504958,0.033936999978807975
2016-12-31,1741,2017-03-08,-0.0015153515515837768,0.013320534776972625,0.0332085997782863
2016-12-31,1742,2017-03-09,-0.006338312615239872,0.014825656771769018,0.03286348780313105
2016-12-31,1743,2017-03-10,0.00027717682453953785,0.013616191306286062,0.0341605504338883
2016-12-31,1744,2017-03-13,0.008774393753705922,0.016750447721667096,0.03311827448290695
2016-12-31,1745,2017-03-14,-0.0004078215013159081,0.014296082439755406,0.035819269409336024
2016-12-31,1746,2017-03-15,0.00200857541087629,0.013596748042868305,0.03370418139627018
2016-12-31,1747,2017-03-16,0.005146048518986035,0.014313268619032577,0.03310151894383016
2016-12-31,1748,2017-03-17,-0.010307107525832748,0.018676021448753074,0.033718991857470654
2016-12-31,1749,2017-03-20,0.001102180979458467,0.015022679522895351,0.037478662955378134
2016-12-31,1750,2017-03-21,0.004840985977946133,0.01471545695853345,0.034330337898810376
2016-12-31,1751,2017-03-22,-0.004713443461184852,0.014544533071904401,0.034065584005812395
2016-12-31,1752,2017-03-23,0.0034519560379475678,0.014024309381622708,0.033918287649226816
2016-12-31,1753,2017-03-24,0.007946436735407403,0.01622020968674684,0.033469976674680005
2016-12-31,1754,2017-03-27,-0.0033181997367055516,0.014593112523984578,0.035362328415264474
2016-12-31,1755,2017-03-28,-0.002369079312094513,0.013769559247952324,0.033960151758670246
2016-12-31,1756,2017-03-29,-0.0013323722230591528,0.013316068858835552,0.03325044172687734
2016-12-31,1757,2017-03-30,-0.00823829810245158,0.016154169146729267,0.03285963922770152
2016-12-31,1758,2017-03-31,0.00559715133882932,0.015517647855654458,0.0353054169377444
2016-12-31,1759,2017-04-05,0.013747461457572996,0.02485705834532465,0.034756884670467184
2016-12-31,1760,2017-04-06,0.0028954385754467182,0.01760129981982271,0.04280526904152414
2016-12-31,1761,2017-04-07,0.0009699197661188208,0.014630544930218028,0.036552504631885765
2016-12-31,1762,2017-04-10,-0.00350867560137047,0.014072843826743458,0.03399240972544808
2016-12-31,1763,2017-04-11,0.0034717164312976223,0.01385871164523392,0.03351180199866591
2016-12-31,1764,2017-04-12,-0.0022456984691050508,0.013483796634122495,0.03332727021211387
2016-12-31,1765,2017-04-13,0.0014607043304710743,0.013230169377404668,0.033004181284901464
2016-12-31,1766,2017-04-14,-0.008018817241250531,0.01593978647873581,0.03278561399403235
2016-12-31,1767,2017-04-17,-0.00188331542048914,0.014159117624346245,0.03512066929051202
2016-12-31,1768,2017-04-18,-0.004954869067669065,0.014440083547898578,0.033586149805203164
2016-12-31,1769,2017-04-19,-0.004880868674534966,0.014513414175285403,0.033828276623637715
2016-12-31,1770,2017-04-20,0.004537151120326044,0.014395589982626822,0.03389147044899026
2016-12-31,1771,2017-04-21,0.0015126281328896596,0.013558252631687145,0.03378993359162923
2016-12-31,1772,2017-04-24,-0.010301553108194028,0.018303661774510305,0.03306834491576377
2016-12-31,1773,2017-04-25,0.002825867720266828,0.01520738595623074,0.03715777613003707
2016-12-31,1774,2017-04-26,0.0012227443562888851,0.01381088084165725,0.03448951158251712
2016-12-31,1775,2017-04-27,0.0004469014424568485,0.013265469515239927,0.03328605126233247
2016-12-31,1776,2017-04-28,-0.0020242598544797374,0.01323380482517901,0.032816034444869545
2016-12-31,1777,2017-05-02,-0.003836115115516847,0.013666422554913207,0.032788746898521466
2016-12-31,1778,2017-05-03,-0.003932920353902247,0.013857275272134319,0.03316156205409107
2016-12-31,1779,2017-05-04,-0.002563983615177179,0.013547614661288985,0.03332603239492844
2016-12-31,1780,2017-05-05,-0.00643591232163665,0.014973441348394996,0.03305917747689951
2016-12-31,1781,2017-05-08,-0.0070431183429349176,0.01594040025113937,0.034287906124926326
2016-12-31,1782,2017-05-09,-0.0018714598971012464,0.014157377196343147,0.03512119821856649
2016-12-31,1783,2017-05-10,-0.004433337654955238,0.014221454005730704,0.03358464996390648
2016-12-31,1784,2017-05-11,0.005661505782173393,0.014804573077812938,0.03363986916556727
2016-12-31,1785,2017-05-12,0.008522707227278659,0.017046028315518144,0.03414238122790811
2016-12-31,1786,2017-05-15,0.0040710079114454345,0.015152673003125689,0.0360739906505289
2016-12-31,1787,2017-05-16,0.008629429751254136,0.017296262397689117,0.03444236183177513
2016-12-31,1788,2017-05-17,-0.005463104093950122,0.015886143449825006,0.036289633819685904
2016-12-31,1789,2017-05-18,-0.003484098893467902,0.014522587912350914,0.03507444156382848
2016-12-31,1790,2017-05-19,0.0016877492259688154,0.01362681142822863,0.03389937606167362
2016-12-31,1791,2017-05-22,0.0021687176241158568,0.013387139040978971,0.03312742654058295
2016-12-31,1792,2017-05-23,0.0037890858347697787,0.013707302675968584,0.03292088507869436
2016-12-31,1793,2017-05-24,-5.84081444365836e-06,0.013220948702528032,0.033196791143523745
2016-12-31,1794,2017-05-25,0.017798302772369823,0.03464422084209409,0.03277766793194954
2016-12-31,1795,2017-05-26,-0.0015015599806105229,0.020782527825692,0.05123951077049815
2016-12-31,1796,2017-05-31,0.003570761439968706,0.016342431741138308,0.03929397806765839
2016-12-31,1797,2017-06-01,0.0013904348349615958,0.014230559324451088,0.035467655199374754
2016-12-31,1798,2017-06-02,-0.0032158097656456164,0.013842242690261646,0.03364771581766203
2016-12-31,1799,2017-06-05,-0.005106937368145381,0.014388602130882997,0.03331307783027637
2016-12-31,1800,2017-06-06,0.006932312298829402,0.01562645479220762,0.03378391170011644
2016-12-31,1801,2017-06-07,0.011666976897297232,0.021179823685571045,0.03485065076508158
2016-12-31,1802,2017-06-08,0.007642200171247282,0.018991426777676696,0.03963635404447972
2016-12-31,1803,2017-06-09,0.004256607451225136,0.015949153680556494,0.03775046847486618
2016-12-31,1804,2017-06-12,-0.0004978631147114498,0.014018002036464222,0.03512874162450114
2016-12-31,1805,2017-06-13,0.0022021454657519257,0.013532326823920887,0.03346454122045593
2016-12-31,1806,2017-06-14,-0.013198516305175545,0.0225698723258072,0.03304600294179617
2016-12-31,1807,2017-06-15,-0.0018431253970234707,0.016513304920296294,0.04083425039601707
2016-12-31,1808,2017-06-16,-0.002846381159928413,0.01456742265560136,0.03561490785799695
2016-12-31,1809,2017-06-19,0.009872217477980172,0.01829576714103025,0.03393801310918924
2016-12-31,1810,2017-06-20,-0.0020224903234460356,0.015021809783927881,0.03715097280505351
2016-12-31,1811,2017-06-21,0.011625413887735192,0.020796514102219173,0.03432958838753015
2016-12-31,1812,2017-06-22,0.0006631096742157894,0.015735211534306945,0.03930603096216764
2016-12-31,1813,2017-06-23,0.009022384105469072,0.017933911841957216,0.03494437360383327
2016-12-31,1814,2017-06-26,0.012401800983299793,0.02366047977868819,0.03683913829078039
2016-12-31,1815,2017-06-27,0.001805848660593412,0.01689612022445055,0.04177409857898687
2016-12-31,1816,2017-06-28,-0.0077996376765394615,0.017318157452542202,0.03594480498741045
2016-12-31,1817,2017-06-29,0.006195508539262207,0.01632107144762505,0.036308502228722846
2016-12-31,1818,2017-06-30,-0.000553463043205582,0.01415129323889051,0.035449247629361275
2016-12-31,1819,2017-07-03,-0.004359329910327503,0.01419047000855722,0.033579407017563116
2016-12-31,1820,2017-07-04,-0.00849151623461708,0.016749640034676116,0.03361316821705668
2016-12-31,1821,2017-07-05,0.010907210936371925,0.02065438114504933,0.03581857337232576
2016-12-31,1822,2017-07-06,0.00011475754748424549,0.015664236088949783,0.03918354564338193
2016-12-31,1823,2017-07-07,-0.0011399626441068733,0.013963457755443684,0.034883209393760994
2016-12-31,1824,2017-07-10,-0.0006128909765799051,0.013326248175901317,0.03341753682554452
2016-12-31,1825,2017-07-11,0.004674730337109523,0.01400760255367957,0.03286841141481876
2016-12-31,1826,2017-07-12,-0.0032716551025906426,0.013777095933797553,0.03345557930205609
2016-12-31,1827,2017-07-13,0.007650730101040892,0.01588626600035268,0.033256936584837964
2016-12-31,1828,2017-07-14,0.004376185094731255,0.014842344504708501,0.035074547173679624
2016-12-31,1829,2017-07-17,-0.010732253989422347,0.01946334398981546,0.03417493135109148
2016-12-31,1830,2017-07-18,0.0009876220665976376,0.01528973752182028,0.03815715057956769
2016-12-31,1831,2017-07-19,0.016918232949645784,0.03328317833967701,0.03456047934372175
2016-12-31,1832,2017-07-20,0.004849139507022926,0.021667668725192938,0.0500666109159609
2016-12-31,1833,2017-07-21,-0.0051575187086196905,0.017398127623089506,0.040056762205865626
2016-12-31,1834,2017-07-24,0.003980160686522183,0.01524826151919402,0.036377417785169966
2016-12-31,1835,2017-07-25,-0.006407607046163832,0.01563257013707674,0.034524736743942
2016-12-31,1836,2017-07-26,-0.003816865353416077,0.014539501905698556,0.0348559207600264
2016-12-31,1837,2017-07-27,0.0018334825926906717,0.013654559373841177,0.03391395196235407
2016-12-31,1838,2017-07-28,0.0026096048212487233,0.013485046058352781,0.033151338770594035
2016-12-31,1839,2017-07-31,0.00428432669237111,0.013914990137438518,0.033005257995948584
2016-12-31,1840,2017-08-01,0.008659861663860013,0.016778764482520213,0.033375769090880046
2016-12-31,1841,2017-08-02,-0.0025307964533247684,0.01458597472743141,0.035843671824856926
2016-12-31,1842,2017-08-03,-0.008818700757787568,0.017222010693063537,0.033954000649851775
2016-12-31,1843,2017-08-04,-0.005446922245402774,0.01584885896370106,0.036225646241487705
2016-12-31,1844,2017-08-07,0.005167900643565204,0.015180376109724478,0.035042311069539284
2016-12-31,1845,2017-08-08,0.0014532781750702384,0.013827850363404434,0.034466235421058526
2016-12-31,1846,2017-08-09,-0.0003135363305748484,0.013267233139166957,0.03330067501548749
2016-12-31,1847,2017-08-10,-0.004060722973328268,0.013754294046943956,0.03281755427561972
2016-12-31,1848,2017-08-11,-0.018625415682942403,0.038493437468821515,0.03323728669901421
2016-12-31,1849,2017-08-14,0.01289307061998457,0.0366291702990433,0.05455663394156241
2016-12-31,1850,2017-08-15,0.003075370562738655,0.021982193523351394,0.05295007228873507
2016-12-31,1851,2017-08-16,-0.0012527878865320474,0.016211249669976117,0.04032780891407148
2016-12-31,1852,2017-08-17,0.005351165314738893,0.015410391291161653,0.03535460697941779
2016-12-31,1853,2017-08-18,0.0009105621805751696,0.013853736998619333,0.034664454633441616
2016-12-31,1854,2017-08-21,0.004372024977255862,0.014084800144753223,0.03332298323189079
2016-12-31,1855,2017-08-22,0.003018703023263569,0.013736940544315861,0.033522105544388794
2016-12-31,1856,2017-08-23,0.0010095374166461113,0.01327333423194647,0.03322233204427562
2016-12-31,1857,2017-08-24,-0.0057244166923844375,0.01447031959154781,0.03282281198860143
2016-12-31,1858,2017-08-25,0.01622791375226207,0.030402815322760558,0.03385433301139562
2016-12-31,1859,2017-08-28,0.012295827076414412,0.030439846614735814,0.04758441263225108
2016-12-31,1860,2017-08-29,-0.0021283670804344013,0.01940522634134051,0.04761632493248709
2016-12-31,1861,2017-08-30,-6.259095249916413e-05,0.015223221897137491,0.038107066778862525
2016-12-31,1862,2017-08-31,-0.003189495402116549,0.014194125419813117,0.0345031584544943
2016-12-31,1863,2017-09-01,0.002208391999669601,0.013596138214157318,0.03361631832539107
2016-12-31,1864,2017-09-04,0.003929052911804121,0.013830153849549897,0.033100993414314994
2016-12-31,1865,2017-09-05,0.002967804252158146,0.013632266424048151,0.033302660081023755
2016-12-31,1866,2017-09-06,-0.00197236163337422,0.013355265780278552,0.03313212746931357
2016-12-31,1867,2017-09-07,-0.005099420894035589,0.014200454276368063,0.03289341779330631
2016-12-31,1868,2017-09-08,-0.001013602738867192,0.013436599874651938,0.033621772317400496
2016-12-31,1869,2017-09-11,-8.886983711242635e-05,0.01312645689316446,0.03296350873263411
2016-12-31,1870,2017-09-12,0.003204771271443363,0.013440063742624018,0.0326962381240922
2016-12-31,1871,2017-09-13,0.0012186644634883947,0.013188126159291713,0.032966493775520994
2016-12-31,1872,2017-09-14,-0.0032974639429124153,0.01348759699238,0.03274938258735593
2016-12-31,1873,2017-09-15,0.0003498119144023093,0.0131489975729269,0.03300745630360183
2016-12-31,1874,2017-09-18,0.0030855696034617353,0.013416889345698645,0.03271566291058313
2016-12-31,1875,2017-09-19,-0.0028715659332654297,0.013460009696457435,0.03294652287326446
2016-12-31,1876,2017-09-20,0.002689406616223522,0.013433119712326056,0.03298368251599624
2016-12-31,1877,2017-09-21,-0.0012030844156978304,0.01318413600928935,0.0329605096478307
2016-12-31,1878,2017-09-22,-2.3451088196679848e-05,0.013037756822670431,0.032745944012624394
2016-12-31,1879,2017-09-25,-0.005209324799029247,0.01412972260085641,0.03261979943860285
2016-12-31,1880,2017-09-26,0.0007828690848441511,0.013394456789425042,0.03356081817983943
2016-12-31,1881,2017-09-27,0.00010991915718783218,0.013111869173539764,0.03292719126389629
2016-12-31,1882,2017-09-28,0.00035061370840061556,0.0130174117457961,0.03268366692650252
2016-12-31,1883,2017-09-29,0.003645369513465724,0.013527019534872377,0.0326022667475487
2016-12-31,1884,2017-10-09,0.011844086475001347,0.02032523872310186,0.03304142930170636
2016-12-31,1885,2017-10-10,0.00196858815490053,0.015735512226042355,0.03889990196720089
2016-12-31,1886,2017-10-11,0.0032928916960734966,0.014409582782371004,0.03494463272968136
2016-12-31,1887,2017-10-12,0.0026255062653230965,0.01375876495537051,0.03380199210762368
2016-12-31,1888,2017-10-13,0.0020551580833121363,0.0134140113694397,0.03324113957490445
2016-12-31,1889,2017-10-16,-0.0019273854162662474,0.013270667987985004,0.032944042731807094
2016-12-31,1890,2017-10-17,-9.710573800347788e-05,0.0130684141999326,0.032820514310792685
2016-12-31,1891,2017-10-18,0.007913771712926732,0.015788660562854554,0.032646218917250606
2016-12-31,1892,2017-10-19,-0.0032785624022366733,0.014424651758667898,0.034990434147642385
2016-12-31,1893,2017-10-20,-0.0011198636972906684,0.013524964657547676,0.03381497803574515
2016-12-31,1894,2017-10-23,0.0010053897368109688,0.013198509974750527,0.033039658478744585
2016-12-31,1895,2017-10-24,0.007249531129160047,0.015356370294743621,0.03275833100419049
2016-12-31,1896,2017-10-25,0.004422695220556605,0.014663734318208577,0.034617901187294166
2016-12-31,1897,2017-10-26,0.004172877871704728,0.014309987909887283,0.03402101120429768
2016-12-31,1898,2017-10-27,0.007083760619451596,0.01569756995301531,0.03371616465459311
2016-12-31,1899,2017-10-30,-0.0030504189028484063,0.014327193276523842,0.03491193537714814
2016-12-31,1900,2017-10-31,-0.0007484619457134301,0.013461593718246522,0.03373099165080333
2016-12-31,1901,2017-11-01,-0.002523947592299791,0.01339770287653107,0.03298504757176981
2016-12-31,1902,2017-11-02,0.00012759968742948047,0.013113177219226354,0.032929988630685136
2016-12-31,1903,2017-11-03,-0.0011089098150929289,0.013062764202811541,0.0326847941555147
2016-12-31,1904,2017-11-06,0.007035577383451397,0.015156090841672763,0.03264134994307114
2016-12-31,1905,2017-11-07,0.008262442455412966,0.016968760671087903,0.034445307208078646
2016-12-31,1906,2017-11-08,-0.001540311279502049,0.01447169487786597,0.03600740403861066
2016-12-31,1907,2017-11-09,0.006866178864951777,0.015615925900230265,0.03385551818608315
2016-12-31,1908,2017-11-10,0.008796059551007929,0.017658390911642168,0.03484157732626776
2016-12-31,1909,2017-11-13,0.003922344646023035,0.015322607599606828,0.036601703781193366
2016-12-31,1910,2017-11-14,-0.006981560843183132,0.01603996820400088,0.03458880565196415
2016-12-31,1911,2017-11-15,-0.006284111505580725,0.01587032241082131,0.03520700247318781
2016-12-31,1912,2017-11-16,0.007663865903953848,0.016774736897222507,0.03506080753380142
2016-12-31,1913,2017-11-17,0.003851273806906974,0.014971226771437309,0.03584020098966888
2016-12-31,1914,2017-11-20,0.0055610281877616075,0.015041833635688511,0.03428599767828566
2016-12-31,1915,2017-11-21,0.017669474822147535,0.035798972650075096,0.03434684425777344
2016-12-31,1916,2017-11-22,0.0023374041312340665,0.021410233720579954,0.05223463636371237
2016-12-31,1917,2017-11-23,-0.030055191598908237,0.2181599429536407,0.03983491352815928
2016-12-31,1918,2017-11-24,0.00043867132036723433,0.09371298318315868,0.20938708028994882
2016-12-31,1919,2017-11-27,-0.013306304261298862,0.07197807156662087,0.10214294885894334
2016-12-31,1920,2017-11-28,0.0014483512426668455,0.03451124848822439,0.08341254578325362
2016-12-31,1921,2017-11-29,-0.0005105079665046475,0.02060733393988503,0.051124919746166245
2016-12-31,1922,2017-11-30,-0.011824179151156855,0.024102246760272762,0.03914300197189806
2016-12-31,1923,2017-12-01,-0.0019889465143698715,0.017090883590123822,0.042154798246719305
2016-12-31,1924,2017-12-04,0.005169027350509836,0.015654453526296665,0.03611264539126388
2016-12-31,1925,2017-12-05,0.005288489971301047,0.015165556611842039,0.034874779116019876
2016-12-31,1926,2017-12-06,-0.0060452096278549305,0.015382745490703141,0.03445346448489764
2016-12-31,1927,2017-12-07,-0.01120849908865651,0.020379884420418264,0.03464063042862893
2016-12-31,1928,2017-12-08,0.00810594272921783,0.019080218214125838,0.03894699375920567
2016-12-31,1929,2017-12-11,0.016381137476578544,0.034505501342391554,0.03782698589640916
2016-12-31,1930,2017-12-12,-0.013228779328249729,0.03520773211478224,0.05111996705255133
2016-12-31,1931,2017-12-13,0.008447740637050671,0.025960426956362265,0.05172512550228813
2016-12-31,1932,2017-12-14,-0.005928518746072697,0.019556311144054307,0.04375611435391426
2016-12-31,1933,2017-12-15,-0.011312707991338655,0.022693903124692435,0.03823726649181132
2016-12-31,1934,2017-12-18,0.0011122061363799673,0.01644713164126502,0.04094113589423795
2016-12-31,1935,2017-12-19,0.012478000271640255,0.022960372709974326,0.035557881990537124
2016-12-31,1936,2017-12-20,-0.001200126107679722,0.016552178523900018,0.04117077026440691
2016-12-31,1937,2017-12-21,0.009226647693450829,0.018514013993548857,0.03564840779935159
2016-12-31,1938,2017-12-22,-0.003262565298182807,0.0154099042485067,0.03733905047427963
2016-12-31,1939,2017-12-25,-0.0032262315938194064,0.01427215338093824,0.03466403491674788
2016-12-31,1940,2017-12-26,0.00298450159518282,0.013795656713514256,0.03368356015221937
2016-12-31,1941,2017-12-27,-0.015515865979642385,0.02788162613864572,0.03327293162965923
2016-12-31,1942,2017-12-28,0.006913790272433218,0.02112482727486508,0.04541173806693981
2016-12-31,1943,2017-12-29,0.0029690384865261876,0.016268384032707407,0.03958896001967701
2017-12-31,1944,2018-01-02,0.013931799259660593,0.030737468737084852,0.03614375510685908
2017-12-31,1945,2018-01-03,0.005852099752662099,0.022336815271264382,0.047717170070252765
2017-12-31,1946,2018-01-04,0.004228059015725094,0.017591292014797175,0.040156729274741024
2017-12-31,1947,2018-01-05,0.002404580018634306,0.014975806218495697,0.03588584156699051
2017-12-31,1948,2018-01-08,0.005159725192687148,0.015127880606183182,0.033531950218550294
2017-12-31,1949,2018-01-09,0.0069801204660802085,0.016522800818280923,0.033668814500513934
2017-12-31,1950,2018-01-10,0.004408666786680726,0.015343191191485878,0.03492421822844258
2017-12-31,1951,2018-01-11,-0.0005277295864978271,0.013821292972394763,0.03386259025134703
2017-12-31,1952,2018-01-12,0.00460466807086668,0.0143511666888188,0.032492908543959836
2017-12-31,1953,2018-01-15,5.680312040112767e-05,0.01343542368214365,0.03296978559625358
2017-12-31,1954,2018-01-16,0.007833876910584792,0.016539169973739005,0.03214563294979096
2017-12-31,1955,2018-01-17,-0.0024334087118980108,0.014580054170580463,0.03493895018128611
2017-12-31,1956,2018-01-18,0.005469792522125871,0.015153080807643646,0.03317578031579935
2017-12-31,1957,2018-01-19,0.0032675719341384024,0.014305760035370443,0.03369149423988802
2017-12-31,1958,2018-01-22,0.011876734363491792,0.02292118963308116,0.03292892040445448
2017-12-31,1959,2018-01-23,0.01055380637914105,0.02538999952297425,0.04068265595210091
2017-12-31,1960,2018-01-24,0.0016597324984193307,0.01777568893313064,0.04290454155705456
2017-12-31,1961,2018-01-25,-0.005667653095967395,0.016632072174111855,0.03605179555968968
2017-12-31,1962,2018-01-26,0.0037089672742585122,0.015058229056492683,0.035022560532379565
2017-12-31,1963,2018-01-29,-0.018260804168635403,0.04797530033713378,0.03360612932728388
2017-12-31,1964,2018-01-30,-0.010731431831283444,0.040376455519008786,0.0632309162074341
2017-12-31,1965,2018-01-31,0.004641358543045371,0.02528734021705498,0.05639208913339003
2017-12-31,1966,2018-02-01,-0.007040795121191934,0.02117962224964573,0.042812149982081396
2017-12-31,1967,2018-02-02,0.0059480305406314216,0.018301074366082942,0.039115275849180314
2017-12-31,1968,2018-02-05,0.0006834102435817613,0.014942899829503382,0.036524633235570675
2017-12-31,1969,2018-02-06,-0.02974442362333818,0.2971991150120984,0.0335023350455423
2017-12-31,1970,2018-02-07,-0.02400049829823203,0.5989168401203455,0.2875279787333468
2017-12-31,1971,2018-02-08,-0.009537997654215147,0.4185441900593744,0.5590686400543403
2017-12-31,1972,2018-02-09,-0.043660709525916275,0.9976004429482689,0.3967364182261257
2017-12-31,1973,2018-02-12,0.012793241132532884,0.8936556025201235,0.9178768908155136
2017-12-31,1974,2018-02-13,0.011636106465497065,0.7597852300052675,0.8243283573289995
2017-12-31,1975,2018-02-14,0.007929087588761874,0.5475917956699584,0.7038473697737272
2017-12-31,1976,2018-02-22,0.021390669811566454,0.7113777949444555,0.5128770001452585
2017-12-31,1977,2018-02-23,0.004520048760108253,0.45655907675349844,0.6602815271486376
2017-12-31,1978,2018-02-26,0.011558817795989995,0.33640467729335527,0.4309491495771316
2017-12-31,1979,2018-02-27,-0.014537884140112922,0.30115385469256395,0.3228122972316865
2017-12-31,1980,2018-02-28,-0.008744744947932759,0.18059929612634656,0.2910871750908055
2017-12-31,1981,2018-03-01,0.006305198938848733,0.09423683421214785,0.1825901865675537
2017-12-31,1982,2018-03-02,-0.008091246850854716,0.05683990809397393,0.10486548539834936
2017-12-31,1983,2018-03-05,0.0004082364243398473,0.029732526838967818,0.07120890772841612
2017-12-31,1984,2018-03-06,0.011988279131882607,0.0330554952276122,0.04681273998578897
2017-12-31,1985,2018-03-07,-0.007382293149696295,0.025192766959828115,0.049803353260092054
2017-12-31,1986,2018-03-08,0.010093439974486529,0.02574951865257902,0.04272703570912494
2017-12-31,1987,2018-03-09,0.007639471488994687,0.022112739344085756,0.043228102468749106
2017-12-31,1988,2018-03-12,0.004565031590585633,0.017698867652259073,0.039955064869938925
2017-12-31,1989,2018-03-13,-0.00886253629002276,0.01979679499377451,0.03598265775413348
2017-12-31,1990,2018-03-14,-0.004387245098042669,0.016654288098083413,0.03787075556977927
2017-12-31,1991,2018-03-15,0.005586647739075801,0.016101448442964524,0.03504255447434943
2017-12-31,1992,2018-03-16,-0.009749138250507272,0.020218445893540403,0.034545008479987996
2017-12-31,1993,2018-03-19,0.004385869450182156,0.016824116183806893,0.038250233985003115
2017-12-31,1994,2018-03-20,0.0008464232989595644,0.014401029019788965,0.03519539677319577
2017-12-31,1995,2018-03-21,-0.0040915431061900875,0.014340203308609226,0.03301466081968233
2017-12-31,1996,2018-03-22,-0.010072597349093826,0.019751671192587254,0.03295991874633168
2017-12-31,1997,2018-03-23,-0.029126545260803383,0.29415968757208594,0.03783014494005472
2017-12-31,1998,2018-03-26,-0.006435615538999073,0.15729941809895673,0.2847925473403053
2017-12-31,1999,2018-03-27,0.008566538896673137,0.09276575251051117,0.16162070495693223
2017-12-31,2000,2018-03-28,-0.018192892431191154,0.14220590915278314,0.10354153766549302
2017-12-31,2001,2018-03-29,0.013269297951334025,0.12053857003078305,0.1480368116028779
2017-12-31,2002,2018-03-30,0.0011421166328666743,0.05590212060171129,0.1285365863769874
2017-12-31,2003,2018-04-02,-0.002974793534495035,0.030336233492034227,0.07036491543152276
2017-12-31,2004,2018-04-03,-0.006307606016092038,0.0226319790459138,0.04735606538623975
2017-12-31,2005,2018-04-04,-0.0019747743332096945,0.016794819610890063,0.04042237149558685
2017-12-31,2006,2018-04-09,-0.0005007920662958298,0.014364508397516922,0.03516903037134973
2017-12-31,2007,2018-04-10,0.019085166884751814,0.052733659683272975,0.03298179290010602
2017-12-31,2008,2018-04-11,0.0028402500305890754,0.028970968220563238,0.06751335617078065
2017-12-31,2009,2018-04-12,-0.010131540362126046,0.02791872104640643,0.04612735058481132
2017-12-31,2010,2018-04-13,-0.007078737063835661,0.022424511649528446,0.045180346581512626
2017-12-31,2011,2018-04-16,-0.016219105539640566,0.04423346432731055,0.040235654477231986
2017-12-31,2012,2018-04-17,-0.01593682423096965,0.06355782303203279,0.05986332941982466
2017-12-31,2013,2018-04-18,0.00469466937736307,0.035135486804381326,0.0772549133594218
2017-12-31,2014,2018-04-19,0.012024235279787021,0.03666150738664373,0.051675309202008794
2017-12-31,2015,2018-04-20,-0.01346701651033122,0.04315406644615769,0.053048700963955545
2017-12-31,2016,2018-04-23,0.0014560568415209474,0.02458156809087759,0.05889189025637621
2017-12-31,2017,2018-04-24,0.020279755483892714,0.07935649042530074,0.042176967445770756
2017-12-31,2018,2018-04-25,-0.0038554880212426923,0.040854028967796954,0.09147343694937424
2017-12-31,2019,2018-04-26,-0.019306550608082063,0.09224286299246823,0.05682189686201042
2017-12-31,2020,2018-04-27,0.0003700563246642474,0.0439088111392661,0.10307094626925917
2017-12-31,2021,2018-05-02,0.001800405510975267,0.024980886091138143,0.0595711472440843
2017-12-31,2022,2018-05-03,0.007768031492021876,0.0219146785229527,0.04253634664309576
2017-12-31,2023,2018-05-04,-0.004862845884860079,0.017806873604360368,0.03977681360434637
2017-12-31,2024,2018-05-07,0.015663783172515267,0.03715498025304733,0.03607986121690541
2017-12-31,2025,2018-05-08,0.011536689571943981,0.036383284176709996,0.05349281788959896
2017-12-31,2026,2018-05-09,-0.0018218654639934329,0.022055001876538638,0.0527983049542642
2017-12-31,2027,2018-05-10,0.005522456685630672,0.018335172747233987,0.03990310216169857
2017-12-31,2028,2018-05-11,-0.005207392753453277,0.01655129097435209,0.03655532118061735
2017-12-31,2029,2018-05-14,0.00936768379630415,0.019901759163612965,0.03494985886926978
2017-12-31,2030,2018-05-15,0.0037812537473467245,0.016385564261297038,0.03796522148185891
2017-12-31,2031,2018-05-16,-0.007998057203677078,0.018106834867356113,0.03480070773389854
2017-12-31,2032,2018-05-17,-0.007423112149377076,0.01830152691782885,0.03634982109312854
2017-12-31,2033,2018-05-18,0.01004500464533642,0.02187455636466333,0.036525040524205514
2017-12-31,2034,2018-05-21,0.004647069441816143,0.017652297459377127,0.03974070436551524
2017-12-31,2035,2018-05-22,-0.003840335862149047,0.015519846606390148,0.03594074539724934
2017-12-31,2036,2018-05-23,-0.013305542786614666,0.027128114553981616,0.03402157702672402
2017-12-31,2037,2018-05-24,-0.007123360590556516,0.022115979326513817,0.0444688146033344
2017-12-31,2038,2018-05-25,-0.0028049188165866212,0.01684931866405201,0.03995798079730404
2017-12-31,2039,2018-05-28,0.004381843826934073,0.015461057529346242,0.035218078563436075
2017-12-31,2040,2018-05-29,-0.0076598425918561475,0.017314930078225526,0.033968667888378816
2017-12-31,2041,2018-05-30,-0.021426601320330363,0.0800573129002091,0.03563712067068357
2017-12-31,2042,2018-05-31,0.020998014296800704,0.18213244814368418,0.09210416488634565
2017-12-31,2043,2018-06-01,-0.008395698578917532,0.10574294964567821,0.1839699964960029
2017-12-31,2044,2018-06-04,0.009762328839610035,0.06992179842588757,0.11522078750377122
2017-12-31,2045,2018-06-05,0.009863007733462936,0.05000822545282278,0.0829823796077434
2017-12-31,2046,2018-06-06,-0.002074800260613685,0.02748524006559472,0.06506051315979147
2017-12-31,2047,2018-06-07,-0.001653548201852928,0.018576935392279337,0.04479022130081374
2017-12-31,2048,2018-06-08,-0.013505000522046728,0.02993318745737516,0.03677290332132445
2017-12-31,2049,2018-06-11,9.524313462883072e-05,0.01931651305210134,0.04699333102333528
2017-12-31,2050,2018-06-12,0.012088083841630848,0.026599347567748507,0.03743851024506169
2017-12-31,2051,2018-06-13,-0.009878874030164297,0.026102036167075817,0.043992933588803566
2017-12-31,2052,2018-06-14,-0.003959427049471387,0.018954947566593723,0.043545362049635016
2017-12-31,2053,2018-06-15,-0.00529841277787213,0.016870349927307116,0.037113107648941886
2017-12-31,2054,2018-06-19,-0.035886718345373936,0.6790726538432039,0.03523700633153674
2017-12-31,2055,2018-06-20,0.003946778801145356,0.4206491009491369,0.6312074666984115
2017-12-31,2056,2018-06-21,-0.011750990524184601,0.3110446499859437,0.3986308011127222
2017-12-31,2057,2018-06-22,0.004423858242335044,0.15585103978324644,0.2999887173982432
2017-12-31,2058,2018-06-25,-0.013507649534583166,0.13371971650956863,0.16031718987325638
2017-12-31,2059,2018-06-26,-0.008283098126678823,0.07838187532922489,0.14039938704782703
2017-12-31,2060,2018-06-27,-0.02055757574578365,0.1692623128210754,0.0905963004549011
2017-12-31,2061,2018-06-28,-0.010382510860740268,0.11205455782525316,0.17238710041146543
2017-12-31,2062,2018-06-29,0.025223018284806997,0.39102805335320917,0.12090112417761395
2017-12-31,2063,2018-07-02,-0.029781328978286226,0.8793317993316648,0.37197237774587116
2017-12-31,2064,2018-07-03,0.0003872534974558306,0.6323349853416106,0.8114371856584243
2017-12-31,2065,2018-07-04,-0.013444702247465301,0.5352614319596202,0.589144384693631
2017-12-31,2066,2018-07-05,-0.00635534386188219,0.31984214500597724,0.5017798890456955
2017-12-31,2067,2018-07-06,0.006762544482175059,0.17495636168131584,0.307906308633067
2017-12-31,2068,2018-07-09,0.0275679430831417,0.619171044456894,0.1775116445281527
2017-12-31,2069,2018-07-10,0.002408074272072014,0.35810212318232976,0.5772970687557158
2017-12-31,2070,2018-07-11,-0.017451952376106306,0.4028605551748404,0.3423396180198663
2017-12-31,2071,2018-07-12,0.021349156448692952,0.5903161558945486,0.3826214218766886
2017-12-31,2072,2018-07-13,0.0033353678527809905,0.338792985513214,0.5513281750828242
2017-12-31,2073,2018-07-16,-0.005915494838722779,0.18041517777590454,0.32496173274538104
2017-12-31,2074,2018-07-17,-0.00656221337259133,0.0952376631104727,0.18242448328107153
2017-12-31,2075,2018-07-18,-0.005249477952329329,0.04992834758611294,0.10576621385513059
2017-12-31,2076,2018-07-19,-0.0008688477818044049,0.027089724156749647,0.0649886244805847
2017-12-31,2077,2018-07-20,0.01865329475988453,0.0665245994861752,0.04443426391908473
2017-12-31,2078,2018-07-23,0.009363705815923495,0.046431460292402804,0.07992496013927326
2017-12-31,2079,2018-07-24,0.015747160413498662,0.06423931376959167,0.061841487241768654
2017-12-31,2080,2018-07-25,-0.0011062287948622185,0.0327786822862384,0.07786824307180273
2017-12-31,2081,2018-07-26,-0.011667267575209195,0.034042594505301275,0.04955422646737252
2017-12-31,2082,2018-07-27,-0.004256483242532028,0.022364493307892815,0.05069172529907983
2017-12-31,2083,2018-07-30,-0.0017480757857679663,0.016638901548401638,0.04018163902231206
2017-12-31,2084,2018-07-31,0.0007337112180287875,0.014321641607123963,0.035028706849472444
2017-12-31,2085,2018-08-01,-0.020178572826209162,0.06159354270381366,0.03294321354051474
2017-12-31,2086,2018-08-02,-0.02241985273079372,0.1853534160121005,0.0754870955119517
2017-12-31,2087,2018-08-03,-0.016655485640416856,0.21146070047553137,0.18686881109090167
2017-12-31,2088,2018-08-06,-0.012752599383702545,0.16631864612037933,0.21036490925998316
2017-12-31,2089,2018-08-07,0.028787891319828063,0.6676413850611083,0.1697378520044359
2017-12-31,2090,2018-08-08,-0.016267576821004326,0.6452994546143533,0.6209195252666821
2017-12-31,2091,2018-08-09,0.024738897285182304,0.8648659327491398,0.6008121796789382
2017-12-31,2092,2018-08-10,0.002202116273098298,0.6171500922841462,0.7984181594245798
2017-12-31,2093,2018-08-13,-0.004320601950945857,0.3678787280276123,0.575478247242034
2017-12-31,2094,2018-08-14,-0.005154338103380951,0.19324260012854053,0.3511383909265943
2017-12-31,2095,2018-08-15,-0.02428666578279781,0.48434302339875923,0.19396893844169827
2017-12-31,2096,2018-08-16,-0.004643233572092953,0.2667781850907243,0.4559542143059425
2017-12-31,2097,2018-08-17,-0.014481490635349203,0.24004240990687783,0.26014967530127
2017-12-31,2098,2018-08-20,0.01158416924022454,0.17173808291440817,0.23608794650576598
2017-12-31,2099,2018-08-21,0.01801713912766445,0.22855864925374,0.17461525007745252
2017-12-31,2100,2018-08-22,-0.005637129448492928,0.1163607209828202,0.2257527633106577
2017-12-31,2101,2018-08-23,0.0036451568579707327,0.05655558904317038,0.12477659550148909
2017-12-31,2102,2018-08-24,0.0015950982711991912,0.029886193312572265,0.07095302556884578
2017-12-31,2103,2018-08-27,0.02413700266764529,0.15752065430509782,0.0469510371171572
2017-12-31,2104,2018-08-28,-0.0018804895988377979,0.07250768906093838,0.16181981366260126
2017-12-31,2105,2018-08-29,-0.00400782060438587,0.03812803910445711,0.08530963583007353
2017-12-31,2106,2018-08-30,-0.010531943718826042,0.03405564450260455,0.054368553791164786
2017-12-31,2107,2018-08-31,-0.004962922958721805,0.02292694550032206,0.0507034700677927
2017-12-31,2108,2018-09-03,-0.0038099175935073504,0.017603458774022133,0.040687836131676064
2017-12-31,2109,2018-09-04,0.012588189656092652,0.026704132492132823,0.0358967914369224
2017-12-31,2110,2018-09-05,-0.01974234194669755,0.07670719523536304,0.04408723818311794
2017-12-31,2111,2018-09-06,-0.010748432244211514,0.05753813812316909,0.08908911773958267
2017-12-31,2112,2018-09-07,0.004513410265900575,0.0323647023523085,0.07183730250970982
2017-12-31,2113,2018-09-10,-0.014619842401440764,0.045066649091218915,0.049181651786874
2017-12-31,2114,2018-09-11,-0.0018158498268388001,0.025439572890769726,0.0606131810956355
2017-12-31,2115,2018-09-12,-0.006906098348315126,0.02109847251355863,0.04294915671869368
2017-12-31,2116,2018-09-13,0.01073226642051317,0.024701784211978287,0.03904224250983902
2017-12-31,2117,2018-09-14,0.0017040564980259632,0.01752235309887987,0.042285159846510274
2017-12-31,2118,2018-09-17,-0.011531054507081251,0.02420916416274692,0.03582379775165875
2017-12-31,2119,2018-09-18,0.019928528725802863,0.07488066865586311,0.04184181044136587
2017-12-31,2120,2018-09-19,0.013081495769798224,0.06903441441337335,0.08744527585014827
2017-12-31,2121,2018-09-20,-0.0007096900160608044,0.0345962377099881,0.08218374955868897
2017-12-31,2122,2018-09-21,0.029868512444744866,0.4037932136160827,0.051189994473960415
2017-12-31,2123,2018-09-25,-0.009039439840362817,0.25410952754806965,0.3834607981176128
2017-12-31,2124,2018-09-26,0.011016671570107661,0.1745125368862028,0.24874810568534023
2017-12-31,2125,2018-09-27,-0.0040024507933225095,0.08379738035865957,0.17711220999598393
2017-12-31,2126,2018-09-28,0.010309264189526601,0.059772277733877575,0.095470160008735
2017-12-31,2127,2018-10-08,-0.04397893751429649,0.9825000361622799,0.073847988978851
2017-12-31,2128,2018-10-09,-0.0006717744063422515,0.7908118420162592,0.9042867895265941
2017-12-31,2129,2018-10-10,-0.0021582008562788246,0.5259560461192596,0.7317707764645073
2017-12-31,2130,2018-10-11,-0.0491816657108366,0.9997760053726127,0.4934052049795473
2017-12-31,2131,2018-10-12,0.014812402664448499,0.914535178245415,0.9198348588442049
2017-12-31,2132,2018-10-15,-0.014063669715939753,0.8217540983279552,0.8431196093129963
2017-12-31,2133,2018-10-16,-0.008183209800749935,0.6204997405025396,0.7596182645052818
2017-12-31,2134,2018-10-17,0.0055569812507787475,0.3818317075727531,0.5784928718952225
2017-12-31,2135,2018-10-18,-0.02397139433746176,0.6777869458578498,0.36369582782138243
2017-12-31,2136,2018-10-19,0.029312672308162036,0.9495634699661932,0.6300503520592783
2017-12-31,2137,2018-10-22,0.04225932531350374,0.9996390800635289,0.8746444575644285
2017-12-31,2138,2018-10-23,-0.026913318452262303,0.986873850232098,0.9197116284673126
2017-12-31,2139,2018-10-24,0.0014972623617861558,0.7994860465986626,0.9082231454850892
2017-12-31,2140,2018-10-25,0.0019146078475280603,0.5350005200672667,0.73957740846763
2017-12-31,2141,2018-10-26,-0.0064919079435235005,0.321114150143099,0.5015450729182348
2017-12-31,2142,2018-10-29,-0.030959847526794704,0.8788906251293216,0.3090510909491004
2017-12-31,2143,2018-10-30,0.01078697738830492,0.7288412016564078,0.8110401366132642
2017-12-31,2144,2018-10-31,0.01390809254253611,0.6376724273124844,0.6759982869305817
2017-12-31,2145,2018-11-01,0.007332381587968229,0.4183321280934059,0.5939479888637655
2017-12-31,2146,2018-11-02,0.03501675161886908,0.9677369846259019,0.3965455661757219
2017-12-31,2147,2018-11-05,-0.008365567954058406,0.8105740117390382,0.8910003020460664
2017-12-31,2148,2018-11-06,-0.006052902053706788,0.5793554388121851,0.7495563826423872
2017-12-31,2149,2018-11-07,-0.006570728320776098,0.35786999158744814,0.5414637219287065
2017-12-31,2150,2018-11-08,-0.0028408580215355528,0.17648689485905483,0.34213070365540516
2017-12-31,2151,2018-11-09,-0.014209802732056076,0.1595911883425504,0.17888909754689022
2017-12-31,2152,2018-11-12,0.011832080515720378,0.11839157589794225,0.16368325798499161
2017-12-31,2153,2018-11-13,0.010008589535758006,0.07857198562640372,0.12660432930964166
2017-12-31,2154,2018-11-14,-0.010070991253074979,0.05572197979120707,0.09076739638836456
2017-12-31,2155,2018-11-15,0.01161117443496451,0.04832528858502452,0.0702027918612298
2017-12-31,2156,2018-11-16,0.0047076720317917875,0.02868158321723553,0.06354589949273075
2017-12-31,2157,2018-11-19,0.011272548615421485,0.030421975918267934,0.04586690915681172
2017-12-31,2158,2018-11-20,-0.023397315748150405,0.14161399986458922,0.04743323206617019
2017-12-31,2159,2018-11-21,0.002507410272716726,0.06612944374300181,0.1475041036239199
2017-12-31,2160,2018-11-22,-0.0037448110188371686,0.03517109777431568,0.07956932690033247
2017-12-31,2161,2018-11-23,-0.022319581550712897,0.1299292432742617,0.05170735845043392
2017-12-31,2162,2018-11-26,-0.0007128400612437247,0.05973298145118662,0.13698802761024176
2017-12-31,2163,2018-11-27,-0.0012741939262976842,0.031038975526336398,0.07381262301357493
2017-12-31,2164,2018-11-28,0.01320122968502524,0.037985097885521624,0.04798852089300194
2017-12-31,2165,2018-11-29,-0.013070550103204681,0.04244961503629657,0.05423990920090796
2017-12-31,2166,2018-11-30,0.011105696409961396,0.0382754996433765,0.05825789634158858
2017-12-31,2167,2018-12-03,0.027438755479607835,0.2970006565907378,0.05450126569015101
2017-12-31,2168,2018-12-04,0.0020708698004980874,0.14070731984901355,0.2873493696345223
2017-12-31,2169,2018-12-05,-0.004819242084543873,0.06986467851439751,0.14668810751050756
2017-12-31,2170,2018-12-06,-0.021863975507574906,0.18641265876039473,0.08293097268912421
2017-12-31,2171,2018-12-07,-3.457363634851163e-05,0.08456121675308939,0.18782211098824142
2017-12-31,2172,2018-12-10,-0.011634066906838214,0.06690084496783712,0.09615759936818961
2017-12-31,2173,2018-12-11,0.004777488316303646,0.03667579084256467,0.08026357447448629
2017-12-31,2174,2018-12-12,0.0034089344480765504,0.022874770945616813,0.05306155582379293
2017-12-31,2175,2018-12-13,0.015361083230638783,0.040414798874510646,0.04064087994743562
2017-12-31,2176,2018-12-14,-0.016844547612327787,0.06673781631581009,0.05642659748090757
2017-12-31,2177,2018-12-17,-0.0014888316688104197,0.03389835867681517,0.08011685154672389
2017-12-31,2178,2018-12-18,-0.01042042108279162,0.03134829159809915,0.050561915582931244
2017-12-31,2179,2018-12-19,-0.011994561413766647,0.03411677832619444,0.04826689993305846
2017-12-31,2180,2018-12-20,-0.007699902458881525,0.02615610691208679,0.05075848943690907
2017-12-31,2181,2018-12-21,-0.012472237282455723,0.032145432683405674,0.04359402477189679
2017-12-31,2182,2018-12-24,0.0029006546806371603,0.02081140594871527,0.04898431293023192
2017-12-31,2183,2018-12-25,-0.006909471496248543,0.019013579533147047,0.03878388763581647
2017-12-31,2184,2018-12-26,-0.005067036796063462,0.01674158518152763,0.037165875390600844
2017-12-31,2185,2018-12-27,-0.003844785079808233,0.015160568410283019,0.03512112031850503
2017-12-31,2186,2018-12-28,0.0067120608721698005,0.016308377308386267,0.03369823295095206
2018-12-31,2187,2019-01-02,-0.013748943627227561,0.03025553547290714,0.03584907655283355
2018-12-31,2188,2019-01-03,-0.0015839905711132474,0.020315114399147908,0.04749851358573696
2018-12-31,2189,2019-01-04,0.02367497102412841,0.11988310790157057,0.03855791444106749
2018-12-31,2190,2019-01-07,0.0060523946818609176,0.0649608252231219,0.128111215145216
2018-12-31,2191,2019-01-08,-0.0021632260156501104,0.03458075890839461,0.07871309509631005
2018-12-31,2192,2019-01-09,0.010048760894095565,0.03160168979910388,0.05138869979222524
2018-12-31,2193,2019-01-10,-0.0018825692380524117,0.020927795288907126,0.04870926976277244
2018-12-31,2194,2019-01-11,0.007163421779617707,0.019932204637029015,0.03910897100077367
2018-12-31,2195,2019-01-14,-0.008762648238326065,0.021383585773614336,0.03821351829665033
2018-12-31,2196,2019-01-15,0.01943645276620032,0.06563969434378292,0.039518917419288986
2018-12-31,2197,2019-01-16,0.00021097586003016033,0.03427971615184893,0.0793236825789215
2018-12-31,2198,2019-01-17,-0.005522387982267674,0.024285747978507306,0.051117936351551055
2018-12-31,2199,2019-01-18,0.018074920503837077,0.05834694978998664,0.042129175952023916
2018-12-31,2200,2019-01-21,0.005499076624625232,0.0349561836682638,0.07276445282032676
2018-12-31,2201,2019-01-22,-0.013373644566520682,0.04219221395048178,0.05172636378674503
2018-12-31,2202,2019-01-23,-0.000722427259606917,0.02488649451572301,0.05823458367722644
2018-12-31,2203,2019-01-24,0.005628738175841974,0.020266094941858027,0.04266949853362686
2018-12-31,2204,2019-01-25,0.00809999305077902,0.020685222499101468,0.03851382543169192
2018-12-31,2205,2019-01-28,-0.0002167000361783522,0.016397873454319162,0.038890796533015796
2018-12-31,2206,2019-01-29,0.0031954870200170404,0.015303726500150994,0.03503467525623531
2018-12-31,2207,2019-01-30,-0.008012679511130827,0.018154236704212078,0.03405057918525477
2018-12-31,2208,2019-01-31,0.010408077491838696,0.022995366328751845,0.0366143809501092
2018-12-31,2209,2019-02-01,0.014194621052604717,0.0362054845341701,0.040968582754965524
2018-12-31,2210,2019-02-11,0.018026478882587682,0.07243728538369516,0.05285000816461167
2018-12-31,2211,2019-02-12,0.007193245828924333,0.04466703447039411,0.08543756208023207
2018-12-31,2212,2019-02-13,0.019827119578815555,0.10426647540353794,0.06046048316974874
2018-12-31,2213,2019-02-14,0.0015031249291084237,0.05077296046364972,0.11406532613120804
2018-12-31,2214,2019-02-15,-0.018823135724961304,0.0993969984809958,0.06595226629519649
2018-12-31,2215,2019-02-18,0.031557175797040316,0.6829524443938966,0.109685628240583
2018-12-31,2216,2019-02-19,-0.0017805925972105285,0.41989303435851294,0.6345462233685737
2018-12-31,2217,2019-02-20,0.0035754020507443585,0.22221010645714825,0.3979457092748413
2018-12-31,2218,2019-02-21,-0.002674542977160854,0.1067088609835888,0.22014601618374094
2018-12-31,2219,2019-02-22,0.02223612799924979,0.25841674763547395,0.11626205303703294
2018-12-31,2220,2019-02-25,0.05777373381153872,0.9999748809420096,0.2527109410242813
2018-12-31,2221,2019-02-26,-0.012082416477339208,0.8909598710331408,0.9196820847180767
2018-12-31,2222,2019-02-27,-0.0017112408224218,0.6573594873783655,0.8216319621814895
2018-12-31,2223,2019-02-28,-0.00245517124428396,0.3987944205462734,0.6115274429864578
2018-12-31,2224,2019-03-01,0.021658518453101294,0.5950172567574739,0.3789692245561629
2018-12-31,2225,2019-03-04,0.011768724913293838,0.4643422420490267,0.5554556840911232
2018-12-31,2226,2019-03-05,0.0057581455557755845,0.2666448932195988,0.43792415136600255
2018-12-31,2227,2019-03-06,0.008371547175656247,0.15862100399637757,0.26011148782464155
2018-12-31,2228,2019-03-07,-0.010249614997103862,0.10641197723776824,0.16295279762161594
2018-12-31,2229,2019-03-08,-0.040525579769319364,0.963159365958221,0.11599503028776968
2018-12-31,2230,2019-03-11,0.019593102203229407,0.9317670187938604,0.8865695274800814
2018-12-31,2231,2019-03-12,0.006786661186856335,0.7479989978198318,0.8583346679983485
2018-12-31,2232,2019-03-13,-0.00833211140551171,0.5470613005226341,0.6930503003697789
2018-12-31,2233,2019-03-14,-0.006924750278193059,0.3413848856704922,0.5123232072962676
2018-12-31,2234,2019-03-15,0.012496988725889224,0.26515085029560126,0.3273340237334102
2018-12-31,2235,2019-03-18,0.028105973510564652,0.737677977120076,0.2587677178988732
2018-12-31,2236,2019-03-19,-0.004629378878897583,0.4912226742255919,0.6837673828599821
2018-12-31,2237,2019-03-20,0.0003859493619771115,0.261489114256399,0.46210091079529486
2018-12-31,2238,2019-03-21,0.00037798166065883265,0.12390015260855695,0.2554742845667059
2018-12-31,2239,2019-03-22,-0.0008056642015628057,0.058951924806444095,0.1317242196854552
2018-12-31,2240,2019-03-25,-0.024014468644876885,0.22213472899436254,0.07330857857461338
2018-12-31,2241,2019-03-26,-0.011390278278241794,0.15925104063582105,0.22007822029518567
2018-12-31,2242,2019-03-27,0.01153988649201132,0.11733010896340043,0.16351946426460032
2018-12-31,2243,2019-03-28,-0.004012430785950372,0.059256269155906253,0.12581500053281888
2018-12-31,2244,2019-03-29,0.03787978827175564,0.8787689831212332,0.07358231152921318
2018-12-31,2245,2019-04-01,0.02589655400365487,0.9565444640547918,0.8106672514082522
2018-12-31,2246,2019-04-02,-0.0006645505340721058,0.7526991919647139,0.880619961977671
2018-12-31,2247,2019-04-03,0.01272809281638665,0.6358070404167626,0.6972777421893659
2018-12-31,2248,2019-04-04,0.00991301214613749,0.46400719438145577,0.5921427723129882
2018-12-31,2249,2019-04-08,-0.0012316091543080887,0.24378807580388703,0.43762280327743763
2018-12-31,2250,2019-04-09,0.004475787843800205,0.12274976256546932,0.23955364216393488
2018-12-31,2251,2019-04-10,0.002553522403825781,0.059678509870912846,0.1306895375367868
2018-12-31,2252,2019-04-11,-0.021840606968503096,0.1653595600328454,0.07396208266238964
2018-12-31,2253,2019-04-12,-0.0022438716184005614,0.0786668590228961,0.16901357994551477
2018-12-31,2254,2019-04-15,-0.0032897492546606344,0.041202636102769336,0.09104055619255617
2018-12-31,2255,2019-04-16,0.027359542906838286,0.2954347305403445,0.05734453900072907
2018-12-31,2256,2019-04-17,0.00035482557025012795,0.1416921608971838,0.28600560166701333
2018-12-31,2257,2019-04-18,-0.0037160002169134287,0.0699481592358324,0.14772668204664893
2018-12-31,2258,2019-04-19,0.01184728523366374,0.05962030907378815,0.08319879584050979
2018-12-31,2259,2019-04-22,-0.02332475847172688,0.20304925884825506,0.07390973578561942
2018-12-31,2260,2019-04-23,-0.0016408485374856951,0.09578399296708692,0.20291239434095648
2018-12-31,2261,2019-04-24,0.0027531045703206303,0.04805955035228519,0.10643602404699286
2018-12-31,2262,2019-04-25,-0.02214616262790159,0.15035235404066463,0.06351177489741822
2018-12-31,2263,2019-04-26,-0.013421066236018575,0.1300030373299594,0.15551582043794607
2018-12-31,2264,2019-04-29,0.0028396855890289174,0.06325740577436494,0.13721326743457157
2018-12-31,2265,2019-04-30,0.0032968441106717705,0.034646892142844866,0.07718100803947772
2018-12-31,2266,2019-05-06,-0.06019060948705679,0.9999464475178643,0.0514481812503016
2018-12-31,2267,2019-05-07,0.009736360030371927,0.8707462658187501,0.919656511168857
2018-12-31,2268,2019-05-08,-0.014404435231135437,0.7861786429789239,0.8034514706158418
2018-12-31,2269,2019-05-09,-0.01864881570707233,0.8027366872270256,0.7273897815970136
2018-12-31,2270,2019-05-10,0.035678361154209526,0.9930505529289742,0.7422823938056423
2018-12-31,2271,2019-05-13,-0.016683316679156235,0.9253420343322771,0.9134542156317077
2018-12-31,2272,2019-05-14,-0.0064480362541043945,0.7358217247409519,0.8525559177667928
2018-12-31,2273,2019-05-15,0.022230251436694104,0.8502477993533792,0.6820978350299713
2018-12-31,2274,2019-05-16,0.004516106483631432,0.618923492404862,0.785014769555851
2018-12-31,2275,2019-05-17,-0.025756490950547217,0.8721721836744881,0.5769573959799211
2018-12-31,2276,2019-05-20,-0.008524041676251315,0.690554100773075,0.8047339675912499
2018-12-31,2277,2019-05-21,0.013450550572702724,0.5927635935112469,0.641383294154354
2018-12-31,2278,2019-05-22,-0.004756602591148962,0.3572719844286271,0.5534286975538246
2018-12-31,2279,2019-05-23,-0.01808895581622849,0.4227691164129478,0.34162317511988605
2018-12-31,2280,2019-05-24,0.002772411975474398,0.22076170634458228,0.40053251083637265
2018-12-31,2281,2019-05-27,0.01197340855802942,0.1652405093321246,0.21884329824941412
2018-12-31,2282,2019-05-28,0.009593121482208034,0.10584210155311509,0.1689065035364634
2018-12-31,2283,2019-05-29,-0.002276393160405732,0.051988919266453874,0.11548247352372798
2018-12-31,2284,2019-05-30,-0.00622307825222812,0.03311372590800831,0.06704592220289264
2018-12-31,2285,2019-05-31,-0.0031330095755528475,0.0220325864097237,0.050069223092885036
2018-12-31,2286,2019-06-03,0.0006114186755787898,0.016941651831849498,0.040102640632725756
2018-12-31,2287,2019-06-04,-0.009277458915253334,0.020545764360931328,0.03552375961805086
2018-12-31,2288,2019-06-05,-0.0003807898516878794,0.016349686714229827,0.03876536529609037
2018-12-31,2289,2019-06-06,-0.0090536770056584,0.01992929723463629,0.03499133520815984
2018-12-31,2290,2019-06-10,0.012838449220963,0.029534647363923167,0.03821090332499543
2018-12-31,2291,2019-06-11,0.02961736367746859,0.35477088805467755,0.04685013344542294
2018-12-31,2292,2019-06-12,-0.0076055845554527934,0.2082867503157503,0.3393736426367301
2018-12-31,2293,2019-06-13,-0.00154816210432962,0.09821583585222683,0.20762309134131934
2018-12-31,2294,2019-06-14,-0.008313093579848996,0.061129235477051624,0.10862326865740955
2018-12-31,2295,2019-06-17,-1.641654240280843e-05,0.03244016534622124,0.07526689218878221
2018-12-31,2296,2019-06-18,0.0034961059530989047,0.021951902723334384,0.04946341022661788
2018-12-31,2297,2019-06-19,0.013088724091147697,0.03169509644583271,0.04003007222821165
2018-12-31,2298,2019-06-20,0.029846631108190635,0.37656809317880496,0.04879328143387305
2018-12-31,2299,2019-06-21,0.0014146895132736148,0.18859214755429807,0.3589784533427276
2018-12-31,2300,2019-06-24,0.0019100460387377893,0.0891722767684028,0.1899094002112257
2018-12-31,2301,2019-06-25,-0.010457296921114079,0.06494163468063531,0.10048932382653655
2018-12-31,2302,2019-06-26,-0.0018378969948003032,0.03440965770378446,0.07869583476634333
2018-12-31,2303,2019-06-27,0.010614650431399753,0.03287603147103435,0.05123480819424981
2018-12-31,2304,2019-06-28,-0.002409793853496822,0.021614366310033314,0.04985543630617516
2018-12-31,2305,2019-07-01,0.028404001917680333,0.26202052511582,0.03972648571556173
2018-12-31,2306,2019-07-02,0.0003454854485909209,0.12416338610107724,0.25595224535327155
2018-12-31,2307,2019-07-03,-0.011145989960899882,0.09087047941234079,0.1319609767725657
2018-12-31,2308,2019-07-04,-0.005260981177586999,0.04937124421255734,0.10201671879232402
2018-12-31,2309,2019-07-05,0.005176221592961383,0.030551415721571298,0.06469153669203427
2018-12-31,2310,2019-07-08,-0.02349643371223742,0.14166979310246955,0.04776463377103922
2018-12-31,2311,2019-07-09,-0.0025434720765211694,0.06816210275103284,0.14770656403707905
2018-12-31,2312,2019-07-10,-0.0016860451468865278,0.03567005758842638,0.08159238350024345
2018-12-31,2313,2019-07-11,-0.00040148125991734673,0.022270475906215968,0.05236843523549441
2018-12-31,2314,2019-07-12,0.0061917908627329155,0.01959950449473932,0.04031660285958545
2018-12-31,2315,2019-07-15,0.004050879909932803,0.01697440511499633,0.03791428161587844
2018-12-31,2316,2019-07-16,-0.004547231473585711,0.016149038724828337,0.035553218528605546
2018-12-31,2317,2019-07-17,-0.000578074188268829,0.01465727386049947,0.03481086868374286
2018-12-31,2318,2019-07-18,-0.009570866293074687,0.01973882609100571,0.03346914768710677
2018-12-31,2319,2019-07-19,0.010443104479893606,0.02396783364047343,0.03803959004448228
2018-12-31,2320,2019-07-22,-0.006925257332506263,0.02109318694511331,0.041843237897930104
2018-12-31,2321,2019-07-23,0.002173916770766837,0.016845438626309613,0.0392577273249817
2018-12-31,2322,2019-07-24,0.007863646899881616,0.01874172146607372,0.03543722367588373
2018-12-31,2323,2019-07-25,0.008145112754016637,0.01998966541296448,0.03714277564490458
2018-12-31,2324,2019-07-26,0.001945616751466872,0.016352830257092492,0.03826519958463287
2018-12-31,2325,2019-07-29,-0.0011150238940533796,0.014785833336019927,0.034994162568934666
2018-12-31,2326,2019-07-30,0.004155566339941075,0.01504663366631404,0.03358477646463527
2018-12-31,2327,2019-07-31,-0.009073888318820167,0.01927778092209397,0.03381934512049557
2018-12-31,2328,2019-08-01,-0.008349494690914838,0.020507158220759325,0.037624917465499924
2018-12-31,2329,2019-08-02,-0.014840867759387422,0.03663078927271027,0.03873064221733549
2018-12-31,2330,2019-08-05,-0.019332070049602024,0.08638131901378274,0.05323253513740299
2018-12-31,2331,2019-08-06,-0.010765938870274994,0.0647336841898207,0.0979790846396237
2018-12-31,2332,2019-08-07,-0.004105955813665574,0.03604611180116089,0.07850880023666745
2018-12-31,2333,2019-08-08,0.013129207401004095,0.04200773141062704,0.052706665371599896
2018-12-31,2334,2019-08-09,-0.00979355531765691,0.03515440927596036,0.05806865665805963
2018-12-31,2335,2019-08-12,0.017884919276035305,0.0699134099833662,0.05190465157611261
2018-12-31,2336,2019-08-13,-0.009056593943448377,0.04841745722420994,0.08316754171811679
2018-12-31,2337,2019-08-14,0.0045317606458432635,0.029451093578588796,0.06383368297850031
2018-12-31,2338,2019-08-15,0.003145168256153852,0.020548870977309834,0.04677498362066688
2018-12-31,2339,2019-08-16,0.004467536811194606,0.017594629009073152,0.038768159444500225
2018-12-31,2340,2019-08-19,0.021476158102034404,0.08051931569949135,0.03611105940634512
2018-12-31,2341,2019-08-20,-0.0008866816259374133,0.040504982056136285,0.09270669009728838
2018-12-31,2342,2019-08-21,-0.0015773853292220252,0.024391124046048505,0.05671705600716974
2018-12-31,2343,2019-08-22,0.003102202145445432,0.01848168384329396,0.04222395314227942
2018-12-31,2344,2019-08-23,0.007183816289815681,0.018810137251611528,0.036908892982333685
2018-12-31,2345,2019-08-26,-0.014485996256032863,0.033878402309338855,0.0372043100717787
2018-12-31,2346,2019-08-27,0.013462142470311633,0.04174986403217466,0.0507569872357675
2018-12-31,2347,2019-08-28,-0.0037718906643906536,0.025984628476844424,0.05783672595350271
2018-12-31,2348,2019-08-29,-0.003263633956374079,0.01919780317685714,0.04365718059263461
2018-12-31,2349,2019-08-30,0.002477016410548316,0.016181881753680006,0.03755298399755613
2018-12-31,2350,2019-09-02,0.012743523254570732,0.026669761158615152,0.034840408313249575
2018-12-31,2351,2019-09-03,0.0013736818776202142,0.01885575024455171,0.044273401638319956
2018-12-31,2352,2019-09-04,0.008369979648614745,0.020322277210186646,0.03724533524391585
2018-12-31,2353,2019-09-05,0.010067525618262962,0.023625248796807528,0.0385643568062119
2018-12-31,2354,2019-09-06,0.00589041598609974,0.019935509960490795,0.041535110733343324
2018-12-31,2355,2019-09-09,0.006170599245258757,0.018539737858681064,0.03821649116589761
2018-12-31,2356,2019-09-10,-0.0034517526874768834,0.016265671505361713,0.03696110784088578
2018-12-31,2357,2019-09-11,-0.007392268267327751,0.017977112184856477,0.03491577037051646
2018-12-31,2358,2019-09-12,0.010700540444624096,0.023419493844371198,0.03645507187109734
2018-12-31,2359,2019-09-16,-0.003697309416098804,0.018362413472592515,0.04135005091162009
2018-12-31,2360,2019-09-17,-0.01694536873951158,0.04432528731923779,0.03680161899802605
2018-12-31,2361,2019-09-18,0.0048351010069414,0.027983763259785688,0.060153109441347316
2018-12-31,2362,2019-09-19,0.003650542827635661,0.020207958347201915,0.04545523950762626
2018-12-31,2363,2019-09-20,0.0028676754982601693,0.01671093553162944,0.03846153629981314
2018-12-31,2364,2019-09-23,-0.011497243423407966,0.024201457046040948,0.03531624909700724
2018-12-31,2365,2019-09-24,0.0026746288278989283,0.01823796274183249,0.0420533631234606
2018-12-31,2366,2019-09-25,-0.007745732917854298,0.01928453364554523,0.03668968570176723
2018-12-31,2367,2019-09-26,-0.007738507417579754,0.01978030137884901,0.037630990990259544
2018-12-31,2368,2019-09-27,0.00299202566918666,0.016584743400531614,0.03807689368788583
2018-12-31,2369,2019-09-30,-0.00994376396623764,0.021341134230187467,0.035202749552975296
2018-12-31,2370,2019-10-08,0.00605055810682309,0.01906249876914563,0.03948073571350048
2018-12-31,2371,2019-10-09,0.0014477434919584198,0.015888779089232932,0.037431288702872004
2018-12-31,2372,2019-10-10,0.008136994421029442,0.018576742983725834,0.034576786338726434
2018-12-31,2373,2019-10-11,0.009526976122050002,0.021783246236614276,0.03699439093693058
2018-12-31,2374,2019-10-14,0.010555764468024975,0.025363376461192855,0.03987837945486493
2018-12-31,2375,2019-10-15,-0.0043070024207096935,0.019506464577138293,0.04309841500327532
2018-12-31,2376,2019-10-16,-0.0034508504852954758,0.01665635010163721,0.03783059978775953
2018-12-31,2377,2019-10-17,0.0006447576711874348,0.014857951798302741,0.035267153948514166
2018-12-31,2378,2019-10-18,-0.014328113130112285,0.030127034756231245,0.033649641147671966
2018-12-31,2379,2019-10-21,0.0029573375600389085,0.020735614390184325,0.04738293765700344
2018-12-31,2380,2019-10-22,0.003867959435662982,0.01734892816926318,0.0389361199348084
2018-12-31,2381,2019-10-23,-0.006386046608170659,0.01756432253401155,0.03589007151237667
2018-12-31,2382,2019-10-24,-0.000105919204413496,0.015186667012268213,0.036083801200379476
2018-12-31,2383,2019-10-25,0.006725518626737426,0.016871104601614288,0.03394529370997414
2018-12-31,2384,2019-10-28,0.007615680705722383,0.018490122791188748,0.03546030813026986
2018-12-31,2385,2019-10-29,-0.004172622207804011,0.0165795513103842,0.0369164831286434
2018-12-31,2386,2019-10-30,-0.004870892772766311,0.01616598339720726,0.03519807969076458
2018-12-31,2387,2019-10-31,-0.0011519701761706358,0.014717918024475127,0.034826109036465706
2018-12-31,2388,2019-11-01,0.016747126379467403,0.03944178307161962,0.03352369217335607
2018-12-31,2389,2019-11-04,0.00648888666213665,0.027713105836530964,0.05576079511429105
2018-12-31,2390,2019-11-05,0.00618726859294938,0.022032478321867947,0.0452118051994723
2018-12-31,2391,2019-11-06,-0.004489415616955483,0.018227232818339757,0.040102543416502864
2018-12-31,2392,2019-11-07,0.0017550990118504473,0.015619765353532473,0.03668003500949879
2018-12-31,2393,2019-11-08,-0.004738304058188092,0.015687658752170593,0.03433483039365516
2018-12-31,2394,2019-11-11,-0.017783629897012432,0.04602782333853862,0.03439589497605952
2018-12-31,2395,2019-11-12,0.00018189573837723572,0.026368908253712273,0.061684401925335974
2018-12-31,2396,2019-11-13,-0.000950834743015605,0.018669560755916362,0.044002808953735734
2018-12-31,2397,2019-11-14,0.0015065646009073674,0.01574556992376344,0.03707787296334567
2018-12-31,2398,2019-11-15,-0.007393117273752026,0.017732914540032087,0.03444798135825279
2018-12-31,2399,2019-11-18,0.007922949800201806,0.019237718258685386,0.03623543597858865
2018-12-31,2400,2019-11-19,0.009958108863877158,0.022833869390548628,0.037588884362722265
2018-12-31,2401,2019-11-20,-0.009976021320584394,0.024863998885940014,0.04082332941239053
2018-12-31,2402,2019-11-21,-0.004683585008251612,0.01954087915086569,0.042649265546824355
2018-12-31,2403,2019-11-22,-0.010235773686000371,0.023481146641196157,0.03786155289388535
2018-12-31,2404,2019-11-25,0.007303156085141538,0.021285337147299323,0.04140550258096787
2018-12-31,2405,2019-11-26,0.003459525243570738,0.01738081506250263,0.03943055078191225
2018-12-31,2406,2019-11-27,-0.004127582215758707,0.016099954683515678,0.035918751175773964
2018-12-31,2407,2019-11-28,-0.0034427890587132026,0.015276981070160588,0.03476672158629894
2018-12-31,2408,2019-11-29,-0.00874537654923735,0.0189829764842193,0.03402652384929649
2018-12-31,2409,2019-12-02,0.001928313793158054,0.01595332397180778,0.03735976488438192
2018-12-31,2410,2019-12-03,0.003910426920905152,0.015413046645333675,0.034634839203656356
2018-12-31,2411,2019-12-04,-0.000329831152814819,0.014360831301108065,0.034148903752117994
2018-12-31,2412,2019-12-05,0.007643797616108117,0.017320934388527633,0.033202521749103514
2018-12-31,2413,2019-12-06,0.005918994374528808,0.017182631441385023,0.03586489338659676
2018-12-31,2414,2019-12-09,-0.0017799805670151159,0.015216117819542761,0.0357405011499145
2018-12-31,2415,2019-12-10,0.0012647789028736867,0.014364056469665272,0.03397178231245636
2018-12-31,2416,2019-12-11,0.0006074485681715203,0.013969647956833206,0.033205422525542455
2018-12-31,2417,2019-12-12,-0.0030100987986116934,0.014270416869283136,0.03285068419139026
2018-12-31,2418,2019-12-13,0.019646297378049127,0.05689029664166374,0.033121201331603935
2018-12-31,2419,2019-12-16,0.00485937578322293,0.033484982228500534,0.07145431195251635
2018-12-31,2420,2019-12-17,0.013513130084710667,0.04166226736711316,0.05040313791568948
2018-12-31,2421,2019-12-18,-0.00223417286149008,0.02508377828813839,0.05775793988770997
2018-12-31,2422,2019-12-19,-0.0013970346927756339,0.018236966015505257,0.04284693921886808
2018-12-31,2423,2019-12-20,-0.002461340808020296,0.01579688824001487,0.03668878922761561
2018-12-31,2424,2019-12-23,-0.012562239759530414,0.025962239092827587,0.03449413800403056
2018-12-31,2425,2019-12-24,0.006497461320035924,0.021557273793238903,0.04363704316524544
2018-12-31,2426,2019-12-25,-0.0005235582540574768,0.016750556337858692,0.03967513564668319
2018-12-31,2427,2019-12-26,0.008761591113399803,0.019755029159965732,0.03535188478523976
2018-12-31,2428,2019-12-27,-0.0009840930612963206,0.016091863802324028,0.03805416338533073
2018-12-31,2429,2019-12-30,0.014709668138921828,0.032406828629291784,0.03475944449763992
2018-12-31,2430,2019-12-31,0.0036560608379527793,0.022030793506666993,0.04943342656489429
2019-12-31,2431,2020-01-02,0.01349546838608795,0.03682896089654568,0.042505283476664504
2019-12-31,2432,2020-01-03,-0.0017548093014845279,0.023829161530540263,0.05389755445395224
2019-12-31,2433,2020-01-06,-0.0037852372775493137,0.019292414369502867,0.04208912737457694
2019-12-31,2434,2020-01-07,0.007462460124154191,0.02034011187197833,0.0379681523871657
2019-12-31,2435,2020-01-08,-0.011583015069719593,0.028117676022248243,0.03891983319476163
2019-12-31,2436,2020-01-09,0.012577657536940734,0.03644081783010713,0.04598461908398005
2019-12-31,2437,2020-01-10,-0.00028339633887952687,0.023399614532061488,0.0535449829282416
2019-12-31,2438,2020-01-13,0.009752466990210706,0.026001189982657213,0.04169894639824856
2019-12-31,2439,2020-01-14,-0.0033595937187751446,0.019985719644233634,0.044062099331222813
2019-12-31,2440,2020-01-15,-0.005542925081510219,0.018801198505576048,0.03859791939740227
2019-12-31,2441,2020-01-16,-0.004254573343049017,0.01740451831161348,0.037521954215478485
2019-12-31,2442,2020-01-17,0.0013993443911424208,0.015795124898224207,0.036253273387469476
2019-12-31,2443,2020-01-20,0.0074286850640650215,0.01857394643352484,0.034791373535866324
2019-12-31,2444,2020-01-21,-0.017233870789841177,0.049661119068334356,0.03731552875875406
2019-12-31,2445,2020-01-22,0.004273469318256673,0.030908174469879385,0.06555370388952139
2019-12-31,2446,2020-01-23,-0.03147572404908239,0.5069587584810588,0.048519381083471404
2019-12-31,2447,2020-02-03,-0.08208697130283227,0.9999999999901195,0.48094210155176265
2019-12-31,2448,2020-02-04,0.026033046289541062,0.9872790717177169,0.9287983632960085
2019-12-31,2449,2020-02-05,0.011265956404603372,0.8850283949660347,0.9172432500471502
2019-12-31,2450,2020-02-06,0.018439223780642777,0.8821125544326607,0.8243633811934489
2019-12-31,2451,2020-02-07,2.3077958626771533e-05,0.6611763543277444,0.8217147641383679
2019-12-31,2452,2020-02-10,0.0041300590444528495,0.42579049113844863,0.6210263585191634
2019-12-31,2453,2020-02-11,0.009264891582025925,0.28900108326265445,0.4072125354954698
2019-12-31,2454,2020-02-12,0.00805609575187205,0.1770859660770991,0.28295925260587557
2019-12-31,2455,2020-02-13,-0.0061704425829258724,0.09809636400568486,0.1813006451798862
2019-12-31,2456,2020-02-14,0.006998323656180361,0.059310393073283896,0.10955007966513704
2019-12-31,2457,2020-02-17,0.022242288757141182,0.18962375441272378,0.07431866596688386
2019-12-31,2458,2020-02-18,-0.00489495048009303,0.09987057019569641,0.19268940243140364
2019-12-31,2459,2020-02-19,-0.0015291993676509463,0.050724959061723175,0.11116168795451677
2019-12-31,2460,2020-02-20,0.022780473077197883,0.18584816279639324,0.06652004780240556
2019-12-31,2461,2020-02-21,0.0011646764396555653,0.09037974473824734,0.1892598265566
2019-12-31,2462,2020-02-24,-0.004020613143739027,0.04899780435048106,0.10254065333836458
2019-12-31,2463,2020-02-25,-0.00217762894152429,0.029087134047151065,0.06495117893848794
2019-12-31,2464,2020-02-26,-0.012402453999607488,0.036540169732668125,0.046865230705072924
2019-12-31,2465,2020-02-27,0.0029076130758109997,0.024199546627230173,0.053635229682330476
2019-12-31,2466,2020-02-28,-0.036098938530845004,0.751290357116723,0.04242556836742699
2019-12-31,2467,2020-03-02,0.03236850150152293,0.9834912893038595,0.7028818241924967
2019-12-31,2468,2020-03-03,0.005315518033974342,0.8336452429518159,0.9138026006057797
2019-12-31,2469,2020-03-04,0.0057735516033528,0.6277948182712019,0.7776892605716317
2019-12-31,2470,2020-03-05,0.02203463907563652,0.8023005201653227,0.5907040879038175
2019-12-31,2471,2020-03-06,-0.01634980412432263,0.7820039545796076,0.749217138585239
2019-12-31,2472,2020-03-09,-0.03475921608123933,0.9922367475425996,0.7307806606110162
2019-12-31,2473,2020-03-10,0.02118927871014975,0.9663556741536122,0.9217465775072954
2019-12-31,2474,2020-03-11,-0.013389160414192247,0.8826110492989598,0.8982373863847768
2019-12-31,2475,2020-03-12,-0.019430789763005052,0.8951000081130472,0.822167574225078
2019-12-31,2476,2020-03-13,-0.014172666753925256,0.8226688843239439,0.833511976957871
2019-12-31,2477,2020-03-16,-0.043944287925215875,0.999616742327081,0.7677188351208176
2019-12-31,2478,2020-03-17,-0.004883357917350395,0.8577402645419534,0.9284502294487712
2019-12-31,2479,2020-03-18,-0.019989938620602388,0.8891833521772076,0.7995760833919242
2019-12-31,2480,2020-03-19,-0.013056992435361181,0.7986421453597875,0.8281375555375822
2019-12-31,2481,2020-03-20,0.017710281998688515,0.8085275496843273,0.7458940371354463
2019-12-31,2482,2020-03-23,-0.03422328468650804,0.992097038707007,0.7548734892662017
2019-12-31,2483,2020-03-24,0.02649894688757648,0.9871734456711365,0.9216196723489162
2019-12-31,2484,2020-03-25,0.026516225621142198,0.98643419657672,0.917147304145709
2019-12-31,2485,2020-03-26,-0.006595204599378235,0.8462578073551714,0.9164758038571937
2019-12-31,2486,2020-03-27,0.0032423952997149286,0.6227675175218548,0.789145941005517
2019-12-31,2487,2020-03-30,-0.009737122530809827,0.46462739797405966,0.5861375163257981
2019-12-31,2488,2020-03-31,0.00327433932884702,0.2594703289186849,0.44249021705385255
2019-12-31,2489,2020-04-01,-0.003010364657997755,0.1312117864858014,0.256134857132389
2019-12-31,2490,2020-04-02,0.016047072851279154,0.15793618487479416,0.13963062479891325
2019-12-31,2491,2020-04-03,-0.005722549267682453,0.08617820993590153,0.1639058540337445
2019-12-31,2492,2020-04-07,0.02258045358672156,0.25300237056525005,0.09872417002672995
2019-12-31,2493,2020-04-08,-0.004665925629220524,0.1333334350243755,0.25025965764518027
2019-12-31,2494,2020-04-09,0.0032932165004115888,0.06788828705326004,0.1415578339311811
2019-12-31,2495,2020-04-10,-0.006249698006236315,0.04224238921706432,0.08211043510926297
2019-12-31,2496,2020-04-13,-0.004232675506335326,0.027589237247628746,0.05881486677335859
2019-12-31,2497,2020-04-14,0.019116661406508584,0.07743187264654634,0.045504609311496455
2019-12-31,2498,2020-04-15,-0.007435368622031646,0.049829227186555636,0.09077939463557655
2019-12-31,2499,2020-04-16,0.0013210980191740163,0.029106414918530537,0.06570640566587788
2019-12-31,2500,2020-04-17,0.009712358811338362,0.029206732975518766,0.04688274457257974
2019-12-31,2501,2020-04-20,0.0036319007288945215,0.021497578749074705,0.04697386893745169
2019-12-31,2502,2020-04-21,-0.011854198913150427,0.029589453563768645,0.03997122351473274
2019-12-31,2503,2020-04-22,0.0081936481354834,0.026597437102374655,0.047321514930353886
2019-12-31,2504,2020-04-23,-0.0025113683198334513,0.019856163684856536,0.04460370312342306
2019-12-31,2505,2020-04-24,-0.008596146666670634,0.022103061076304793,0.03848023665046668
2019-12-31,2506,2020-04-27,0.006771910484159704,0.020934378134531653,0.04052121614982246
2019-12-31,2507,2020-04-28,0.006877053975435032,0.020487041306134216,0.039459637666317104
2019-12-31,2508,2020-04-29,0.004634425843374146,0.018366180015334427,0.03905329721679728
2019-12-31,2509,2020-04-30,0.011710232394607445,0.027111553057076583,0.037126803184637874
2019-12-31,2510,2020-05-06,0.006031490491523073,0.022510325346351983,0.045070702697071606
2019-12-31,2511,2020-05-07,-0.0028901680691539866,0.018307138850781078,0.04089115650809162
2019-12-31,2512,2020-05-08,0.009819423743785194,0.023190357233043704,0.0370731728733784
2019-12-31,2513,2020-05-11,-0.000868270328911791,0.01805729406858254,0.04150886657572913
2019-12-31,2514,2020-05-12,1.5150711705658182e-05,0.01593884470098827,0.03684622522528863
2019-12-31,2515,2020-05-13,0.002020561979691138,0.015327756285350354,0.03492192207457989
2019-12-31,2516,2020-05-14,-0.010902790851224253,0.023393639806923095,0.03436683712350125
2019-12-31,2517,2020-05-15,-0.0031640589598875835,0.018793859398056195,0.041693519229403134
2019-12-31,2518,2020-05-18,0.002575383678843579,0.016652939523937177,0.03751528770367042
2019-12-31,2519,2020-05-19,0.008462881572404157,0.020229014761396977,0.03557057336581461
2019-12-31,2520,2020-05-20,-0.0053298180904644,0.018744164743310067,0.03881891762736758
2019-12-31,2521,2020-05-21,-0.00546057483675888,0.018177710094458645,0.03747014733724763
2019-12-31,2522,2020-05-22,-0.023193528540495834,0.11689879194762018,0.036955605671918024
2019-12-31,2523,2020-05-25,0.0013745562949161183,0.058238921007179666,0.12662935089205724
2019-12-31,2524,2020-05-26,0.011282771542395764,0.05218049662914662,0.07334538942591927
2019-12-31,2525,2020-05-27,-0.007037775311255601,0.03603229879198818,0.06784219199419646
2019-12-31,2526,2020-05-28,0.002861507177007283,0.023960715417077807,0.05317390279566825
2019-12-31,2527,2020-05-29,0.002690439434024583,0.01883084757876202,0.042208624947766366
2019-12-31,2528,2020-06-01,0.02661938465458924,0.20748968614344482,0.03754888608641206
2019-12-31,2529,2020-06-02,0.003074832936087901,0.10395234862001886,0.20891800305111788
2019-12-31,2530,2020-06-03,2.0082287171874214e-05,0.05208401723975951,0.11486939001365937
2019-12-31,2531,2020-06-04,-0.00036656523765188354,0.029867830798191837,0.06775455450055794
2019-12-31,2532,2020-06-05,0.004774893082020171,0.022592638935686127,0.04757438016163126
2019-12-31,2533,2020-06-08,0.005160047345194485,0.019669392200526565,0.04096592643260566
2019-12-31,2534,2020-06-09,0.0062164191175657635,0.019232352039566043,0.03831058192033412
2019-12-31,2535,2020-06-10,-0.0018103715463198,0.01661844756117068,0.03791359449567
2019-12-31,2536,2020-06-11,-0.01090907691300913,0.024213712279892833,0.03553924243402978
2019-12-31,2537,2020-06-12,0.0018002345166134859,0.018648452571076207,0.0424384358026688
2019-12-31,2538,2020-06-15,-0.01208599205056693,0.02824211675959674,0.037383206748811494
2019-12-31,2539,2020-06-16,0.014952170510799334,0.0466433930591556,0.04609765539564237
2019-12-31,2540,2020-06-17,0.0007519770876847076,0.027652600287480178,0.0628125386975334
2019-12-31,2541,2020-06-18,0.006646042743694736,0.02344732663817803,0.045562165417906045
2019-12-31,2542,2020-06-19,0.013344026942620602,0.03561557680789826,0.04174228590757621
2019-12-31,2543,2020-06-22,0.0008145586956995743,0.023113037468868322,0.0527953714796876
2019-12-31,2544,2020-06-23,0.004800686275906685,0.01963100938639857,0.04143863281508763
2019-12-31,2545,2020-06-24,0.004164261693334836,0.017709955961437904,0.038275716715958974
2019-12-31,2546,2020-06-29,-0.0070968970544100785,0.01916248027024978,0.03653071907056818
2019-12-31,2547,2020-06-30,0.013111644891903751,0.03153499552290055,0.0378501261551481
2019-12-31,2548,2020-07-01,0.019929948962676747,0.09326969628941759,0.049088756847513834
2019-12-31,2549,2020-07-02,0.020518869566181763,0.20444056756582843,0.10516575401831511
2019-12-31,2550,2020-07-03,0.019133831169376947,0.31429117217510444,0.20614832227632796
2019-12-31,2551,2020-07-06,0.055129149186829096,0.9999618104623494,0.30593162028214294
2019-12-31,2552,2020-07-07,0.0059862137596748966,0.8639063187176451,0.9287636736641787
2019-12-31,2553,2020-07-08,0.01601997071325023,0.8263933056203817,0.8051770468415246
2019-12-31,2554,2020-07-09,0.013889271067377251,0.7516333433928765,0.7711019302020283
2019-12-31,2555,2020-07-10,-0.018270450579533914,0.78663938227276,0.7031933773416764
2019-12-31,2556,2020-07-13,0.02078547966029376,0.8635826667690826,0.7349912725101078
2019-12-31,2557,2020-07-14,-0.00958013051893225,0.714129229870171,0.8048830561170451
2019-12-31,2558,2020-07-15,-0.01302896824512878,0.6240395982360633,0.6691263446713436
2019-12-31,2559,2020-07-16,-0.04929772582100078,0.9998728795965235,0.5872930166477562
2019-12-31,2560,2020-07-17,0.0062797153705371755,0.8654063785047852,0.9286828929063651
2019-12-31,2561,2020-07-20,0.02940049158892677,0.9809028555583252,0.8065396329947745
2019-12-31,2562,2020-07-21,0.002292095837320929,0.8164537741712161,0.9114513850005709
2019-12-31,2563,2020-07-22,0.004977954012323593,0.5989858276995845,0.7620733114506071
2019-12-31,2564,2020-07-23,-0.0004264396912372348,0.3545332670056988,0.5645353098467537
2019-12-31,2565,2020-07-24,-0.04488697251874285,0.9982480206125441,0.3424857107684176
2019-12-31,2566,2020-07-27,0.005060869509454946,0.8563086283996404,0.9272069448331385
2019-12-31,2567,2020-07-28,0.008752670833928278,0.6931363505832714,0.7982756501687078
2019-12-31,2568,2020-07-29,0.02395416066837619,0.880522557765247,0.6500573669689856
2019-12-31,2569,2020-07-30,-0.0048976226855597105,0.6796684454044017,0.8202704834094897
2019-12-31,2570,2020-07-31,0.00831983582574125,0.49409686683323495,0.6378237338382698
2019-12-31,2571,2020-08-03,0.016112138088384853,0.5074336009742674,0.4692589435775467
2019-12-31,2572,2020-08-04,0.0009405988474071592,0.282810994831548,0.4813734268974373
2019-12-31,2573,2020-08-05,0.0002742619805289337,0.13980760482327664,0.27733645753068775
2019-12-31,2574,2020-08-06,-0.0030084290085845566,0.07050162837761904,0.1474386756132254
2019-12-31,2575,2020-08-07,-0.01157901116028448,0.06182862400821949,0.08448427562736427
2019-12-31,2576,2020-08-10,0.003591726361463543,0.035621214403515455,0.07660611252871118
2019-12-31,2577,2020-08-11,-0.00916166784143968,0.031702427852140044,0.052800492415393946
2019-12-31,2578,2020-08-12,-0.0073188156160757245,0.026310413258681737,0.04924084476786472
2019-12-31,2579,2020-08-13,-0.002570194287054406,0.01975967698618288,0.044342983705156276
2019-12-31,2580,2020-08-14,0.01475776060499534,0.0380184515684207,0.03839259251740437
2019-12-31,2581,2020-08-17,0.023236681302702067,0.16823187525688443,0.05497803373405279
2019-12-31,2582,2020-08-18,-0.0005130873742480446,0.08157374346928785,0.1732579913772377
2019-12-31,2583,2020-08-19,-0.015090138795370578,0.09701014284010091,0.0945416818990579
2019-12-31,2584,2020-08-20,-0.013064115830898615,0.09117018601151415,0.10856340571235178
2019-12-31,2585,2020-08-21,0.008446537178686597,0.060495074862373516,0.10325865427615658
2019-12-31,2586,2020-08-24,0.007812432541678405,0.04196318879443843,0.07539477707636072
2019-12-31,2587,2020-08-25,0.0012818089968700264,0.025821206002334604,0.05856125379532063
2019-12-31,2588,2020-08-26,-0.011791333986524322,0.03234939894561697,0.04389861006133046
2019-12-31,2589,2020-08-27,0.0053446598106479115,0.024218244811468736,0.049828523913110906
2019-12-31,2590,2020-08-28,0.023585989152444142,0.14107485481307883,0.04244255294841023
2019-12-31,2591,2020-08-31,-0.005807175169815437,0.07772482025098426,0.14858978792462382
2019-12-31,2592,2020-09-01,0.005363253329933926,0.04529364267442779,0.09104549492894945
2019-12-31,2593,2020-09-02,0.0003654755714066482,0.027048644534318447,0.06158648677590943
2019-12-31,2594,2020-09-03,-0.0055460296860250224,0.02200447496782509,0.04501355945333792
2019-12-31,2595,2020-09-04,-0.009779661811638363,0.0252493669708618,0.04043166500828206
2019-12-31,2596,2020-09-07,-0.021368266489737664,0.10226074052959352,0.043379177467474814
2019-12-31,2597,2020-09-08,0.005344019826338808,0.05704137794316982,0.11333281008497953
2019-12-31,2598,2020-09-09,-0.023667499084886856,0.2265923031425615,0.07225759571867552
2019-12-31,2599,2020-09-10,-0.0005694605660639951,0.11029812106120572,0.22626995237805725
2019-12-31,2600,2020-09-11,0.009838003350482794,0.0780968118494333,0.12063360136987586
2019-12-31,2601,2020-09-14,0.005123778094333176,0.04504706999909165,0.09138339519500374
2019-12-31,2602,2020-09-15,0.008015435551365968,0.03433787021368287,0.06136251136102054
2019-12-31,2603,2020-09-16,-0.006659672114532,0.02667309099577248,0.05163476086395119
2019-12-31,2604,2020-09-17,-0.005306753953128407,0.0216185020248107,0.04467242368274148
2019-12-31,2605,2020-09-18,0.022281013083672363,0.1091444220226083,0.040081064724087234
2019-12-31,2606,2020-09-21,-0.009685583092249317,0.07656139264047566,0.11958563358319999
2019-12-31,2607,2020-09-22,-0.011937284664288228,0.06801665019597487,0.08998869014958122
2019-12-31,2608,2020-09-23,0.0035680140005105443,0.0383354101450777,0.0822270343557399
2019-12-31,2609,2020-09-24,-0.019372526759621422,0.09667415796506386,0.055265944503616216
2019-12-31,2610,2020-09-25,0.0015219386519831346,0.049308425598815785,0.10825821231782731
2019-12-31,2611,2020-09-28,0.002598360496548935,0.029441440759844062,0.0652333331669491
2019-12-31,2612,2020-09-29,0.0021561623010928344,0.02090501743675525,0.047187066824444825
2019-12-31,2613,2020-09-30,-0.0009586892838147065,0.017144117541402992,0.03943296774250283
2019-12-31,2614,2020-10-09,0.020228255232002113,0.0723637040068307,0.03601673715949625
2019-12-31,2615,2020-10-12,0.029887644899392996,0.5652832958198671,0.0861757005228382
2019-12-31,2616,2020-10-13,0.0033201029011937777,0.3361295818757894,0.5339214612105456
2019-12-31,2617,2020-10-14,-0.006655426119491992,0.1955840103069414,0.3257686393944848
2019-12-31,2618,2020-10-15,-0.0017406082363855546,0.09570840910744662,0.1981034280728557
2019-12-31,2619,2020-10-16,-0.0014723028345606792,0.048855743895757774,0.10738096993576528
2019-12-31,2620,2020-10-19,-0.007581340510341761,0.035419653255562185,0.06482213767613973
2019-12-31,2621,2020-10-20,0.007954834930524513,0.02921663715172181,0.052617403426815756
2019-12-31,2622,2020-10-21,-0.00013352388324072706,0.02044719910971205,0.04698286544110395
2019-12-31,2623,2020-10-22,-0.0031031881140357598,0.017534850371827514,0.03901710637585526
2019-12-31,2624,2020-10-23,-0.012529029883610932,0.028630114840847785,0.03637166110914207
2019-12-31,2625,2020-10-26,-0.0057918933226339675,0.022966847593783236,0.0464500952233963
2019-12-31,2626,2020-10-27,0.0017123656548463373,0.018117313507718016,0.04130584057490895
2019-12-31,2627,2020-10-28,0.00805171492571155,0.02046049513580371,0.03690074415672919
2019-12-31,2628,2020-10-29,0.0074972565189508344,0.020960850221234055,0.03902918388183273
2019-12-31,2629,2020-10-30,-0.016389879206190727,0.047266853491741784,0.03948368370707998
2019-12-31,2630,2020-11-02,0.00541623386563117,0.03112202705702312,0.06337886182666735
2019-12-31,2631,2020-11-03,0.011945324327390594,0.03644248873834218,0.04871363505693088
2019-12-31,2632,2020-11-04,0.0075277536065883055,0.029010286935135295,0.05354650070536218
2019-12-31,2633,2020-11-05,0.014734093623477662,0.04622320097954469,0.04679542628017759
2019-12-31,2634,2020-11-06,0.00012486145000956128,0.027421059627177367,0.0624308553044503
2019-12-31,2635,2020-11-09,0.01938427403398535,0.08009129808307276,0.04535184440247207
2019-12-31,2636,2020-11-10,-0.0055298307136233404,0.04673240877113434,0.09319509586727238
2019-12-31,2637,2020-11-11,-0.009936402473902817,0.040086044424179144,0.06289339652573714
2019-12-31,2638,2020-11-12,0.0007255415385074571,0.024937918451054916,0.05685614114014911
2019-12-31,2639,2020-11-13,-0.01057016736273475,0.028635739042415023,0.043096271783196624
2019-12-31,2640,2020-11-16,0.009695783986753526,0.02890026615560609,0.04645520399255623
2019-12-31,2641,2020-11-17,-0.0019144894692946224,0.020603738451124294,0.046695488403006656
2019-12-31,2642,2020-11-18,-0.0006376156660738985,0.016988984439998894,0.03915929960100255
2019-12-31,2643,2020-11-19,0.0073974385315569435,0.019129007260728248,0.035875821298877814
2019-12-31,2644,2020-11-20,0.003099904420095001,0.016983749587024817,0.037819720794193386
2019-12-31,2645,2020-11-23,0.012412305326739315,0.027923141511810957,0.035871066196289284
2019-12-31,2646,2020-11-24,-0.006160759897047896,0.023025215845259572,0.04580791277365593
2019-12-31,2647,2020-11-25,-0.01286614902188532,0.033660902691126295,0.04135885964250405
2019-12-31,2648,2020-11-26,0.0018086958621879035,0.02253514214843969,0.05101983432546023
2019-12-31,2649,2020-11-27,0.012359303859783566,0.03172776804716046,0.04091369896352076
2019-12-31,2650,2020-11-30,-0.004128354865809314,0.022908899735920883,0.04926386264965282
2019-12-31,2651,2020-12-01,0.021312519150301412,0.09672956712936538,0.041253203373771606
2019-12-31,2652,2020-12-02,7.894030533250884e-06,0.04891098095963644,0.10830854348508322
2019-12-31,2653,2020-12-03,-0.0019912691038754815,0.028965129133268118,0.06487231251519116
2019-12-31,2654,2020-12-04,0.0017504731338728874,0.02058313954447228,0.04675440698477155
2019-12-31,2655,2020-12-07,-0.008659710584565161,0.02258315990253041,0.039140588490141
2019-12-31,2656,2020-12-08,-0.002464086604600624,0.018177999060324225,0.0409573161095806
2019-12-31,2657,2020-12-09,-0.013500222118631555,0.03201137485097391,0.03695586815538073
2019-12-31,2658,2020-12-10,-0.00044115177752956924,0.02159905430577274,0.049521478184151244
2019-12-31,2659,2020-12-11,-0.01035395281555651,0.026139367929545486,0.04006339929974842
2019-12-31,2660,2020-12-14,0.009203614878234845,0.026512465813851846,0.04418761389986106
2019-12-31,2661,2020-12-15,0.002076936436493426,0.01967046367617538,0.04452651906572245
2019-12-31,2662,2020-12-16,0.0017719019846609285,0.016787913326586874,0.03831155520012945
2019-12-31,2663,2020-12-17,0.012758726329801462,0.028716908706377255,0.03569317743541147
2019-12-31,2664,2020-12-18,-0.003495903215481988,0.021209947488564664,0.04652893482723833
2019-12-31,2665,2020-12-21,0.009330392438316792,0.023994966974147137,0.03970995234662815
2019-12-31,2666,2020-12-22,-0.01639533270017246,0.05057107127632334,0.04223973750593907
2019-12-31,2667,2020-12-23,0.008493927353345754,0.038353558739495336,0.06638026313026267
2019-12-31,2668,2020-12-24,-0.0014189870814895755,0.024362432150779694,0.055282429862177546
2019-12-31,2669,2020-12-25,0.008362899677605284,0.024132687533396906,0.0425735261760798
2019-12-31,2670,2020-12-28,0.004432833125875391,0.019821025530552108,0.042364836604428566
2019-12-31,2671,2020-12-29,-0.004248399885723231,0.01783983233621824,0.03844831874764945
2019-12-31,2672,2020-12-30,0.01393592283862155,0.03320841417794079,0.03664869286829753
2019-12-31,2673,2020-12-31,0.01890225770253906,0.08333484699487768,0.05060881431955319
