job,method,cutoff,seed,row_index,date,gate,parent_representation_signal,product,interaction_feature,refitted_additive_logit,interaction_logit,logit
learned_hmm_interaction_2014-12-31_20260910,learned_hmm_interaction,2014-12-31,20260910,1087,2015-01-09,-0.2970295367961855,0.5947737628174731,-0.1766653752681983,-1.295128627569555,0.1844397428570122,-0.00892819306366998,0.17551154979334233
learned_hmm_interaction_2014-12-31_20260910,learned_hmm_interaction,2014-12-31,20260910,1092,2015-01-16,0.17420586240345148,0.5938889005911491,0.1034589280993188,-0.5083928807789668,0.029753338242453665,-0.0035046942019248983,0.026248644040528846
learned_hmm_interaction_2014-12-31_20260910,learned_hmm_interaction,2014-12-31,20260910,1097,2015-01-23,-0.058137757351500174,0.5947196435021415,-0.03457566632609819,-0.9392038977657922,0.5637915613346052,-0.006474564415381989,0.5573169969192233
learned_hmm_interaction_2014-12-31_20260910,learned_hmm_interaction,2014-12-31,20260910,1102,2015-01-30,0.8218240173478097,0.5243962514462926,0.4309614340457244,0.5742130840166998,0.34364623548953876,0.0039584371502985076,0.3476046726398374
learned_hmm_interaction_2014-12-31_20260910,learned_hmm_interaction,2014-12-31,20260910,1107,2015-02-06,0.9496879433419343,0.2855815942997969,0.2712133969468848,0.225973193668653,0.21093869060882423,0.001557785271161778,0.21249647587998605
learned_hmm_interaction_2014-12-31_20260910,learned_hmm_interaction,2014-12-31,20260910,1112,2015-02-13,0.3686884184612118,0.31532391248994585,0.11625627459891968,-0.40875631891631853,0.24653111442186462,-0.00281783234004219,0.24371328208182247
learned_hmm_interaction_2014-12-31_20260910,learned_hmm_interaction,2014-12-31,20260910,1117,2015-02-27,-0.36109746848172286,0.4820560429554417,-0.17406921677752665,-1.2834224707650426,-0.03600355846989888,-0.008847494648269793,-0.04485105311816873
learned_hmm_interaction_2014-12-31_20260910,learned_hmm_interaction,2014-12-31,20260910,1122,2015-03-06,-0.08531744091938598,0.5502894445719178,-0.04694928717582632,-0.823871253971433,0.312972009194558,-0.005679498899556059,0.30729251029500193
learned_hmm_interaction_2014-12-31_20260910,learned_hmm_interaction,2014-12-31,20260910,1127,2015-03-13,-0.028281864595782746,0.4483288582892703,-0.012679576064519015,-0.5746683876374981,0.24397574835903732,-0.003961575864510009,0.24001417249452742
learned_hmm_interaction_2014-12-31_20260910,learned_hmm_interaction,2014-12-31,20260910,1131,2015-09-25,0.9628478064411743,-0.634696289193802,-0.6111159298066055,-1.454945335850405,-0.14133360097330058,-0.010029917167328574,-0.1513635181406291
learned_hmm_interaction_2014-12-31_20260910,learned_hmm_interaction,2014-12-31,20260910,1136,2015-10-09,0.7452244592894754,-0.8592975990163914,-0.6403695885957348,-1.4693492012968674,-0.5590225468556286,-0.010129212703564596,-0.5691517595591931
learned_hmm_interaction_2014-12-31_20260910,learned_hmm_interaction,2014-12-31,20260910,1141,2015-10-16,0.7727837672296862,-0.7948803081923507,-0.6142705990615788,-1.2072364703739649,0.3814048269731574,-0.008322293285439252,0.37308253368771827
learned_hmm_interaction_2014-12-31_20260910,learned_hmm_interaction,2014-12-31,20260910,1146,2015-10-23,0.7623662211224267,-0.7072913993272354,-0.5392150713374977,-0.9369808336695715,0.11376944339841069,-0.006459239338766844,0.10731020405964392
learned_hmm_interaction_2014-12-31_20260910,learned_hmm_interaction,2014-12-31,20260910,1151,2015-10-30,-0.01584193630809616,-0.6927017321836895,0.010973736721761893,0.6999416399408871,-0.2709160701457879,0.004825168683377284,-0.2660909014624106
learned_hmm_interaction_2014-12-31_20260910,learned_hmm_interaction,2014-12-31,20260910,1156,2015-11-06,0.9991648913175548,-0.44551178032341415,-0.44513972956753445,-0.9760347384652027,0.4691536504928933,-0.006728464182140061,0.4624251863107534
learned_hmm_interaction_2014-12-31_20260910,learned_hmm_interaction,2014-12-31,20260910,1161,2015-11-13,0.7787609381217373,0.07273803435233925,0.056645539869358864,0.0077510530697513045,0.4676582946583973,5.343322414497007e-05,0.46771172788254234
learned_hmm_interaction_2014-12-31_20260910,learned_hmm_interaction,2014-12-31,20260910,1166,2015-11-20,-0.3680511289259044,0.04008668593938385,-0.014753950014888407,-0.13867444471696547,0.22998584426681148,-0.0009559762552340031,0.22902986801157757
learned_hmm_interaction_2014-12-31_20260910,learned_hmm_interaction,2014-12-31,20260910,1171,2015-11-27,1.0,0.268584286405034,0.268584286405034,0.37721607922890665,0.6942911695652025,0.0026004042458674156,0.69689157381107
learned_hmm_interaction_2014-12-31_20260910,learned_hmm_interaction,2014-12-31,20260910,1176,2015-12-04,0.9928544826947534,0.08202258337821806,0.08143648958926797,-0.16245432278576083,-0.14657195667591175,-0.0011199069551731753,-0.14769186363108494
learned_hmm_interaction_2014-12-31_20260910,learned_hmm_interaction,2014-12-31,20260910,1181,2015-12-11,-0.009799101934141574,0.2517200508452274,-0.0024666304370996833,-0.6386527188206961,0.055393600133898525,-0.004402662911535932,0.05099093722236264
learned_hmm_interaction_2014-12-31_20260910,learned_hmm_interaction,2014-12-31,20260910,1186,2015-12-18,-0.31116059180354216,0.1985426849773262,-0.061778659355809055,-0.6165158105554372,0.20965337244863694,-0.00425005830793306,0.20540331414070387
learned_hmm_interaction_2014-12-31_20260910,learned_hmm_interaction,2014-12-31,20260910,1191,2015-12-25,-0.23377694862119602,0.0011136767585256894,-0.00026035195435848024,-0.29008910875845434,-0.6309485269567212,-0.0019997794145928133,-0.6329483063713139
learned_hmm_interaction_2014-12-31_20260911,learned_hmm_interaction,2014-12-31,20260911,1087,2015-01-09,-0.2970295367961855,0.8091118606799848,-0.24033012119407562,-1.93800446614826,0.576335915123205,0.025759170277848017,0.6020950854010532
learned_hmm_interaction_2014-12-31_20260911,learned_hmm_interaction,2014-12-31,20260911,1092,2015-01-16,0.17420586240345148,0.6989205922234772,0.1217560645198219,-0.6424478570057937,0.34071343176184665,0.00853915665950007,0.3492525884213468
learned_hmm_interaction_2014-12-31_20260911,learned_hmm_interaction,2014-12-31,20260911,1097,2015-01-23,-0.058137757351500174,0.5128931305968975,-0.029818456373893715,-1.0554392907405472,0.6495876979401424,0.014028471493747856,0.6636161694338903
learned_hmm_interaction_2014-12-31_20260911,learned_hmm_interaction,2014-12-31,20260911,1102,2015-01-30,0.8218240173478097,0.4102245177813492,0.3371323612176364,0.2960214057468984,0.4334918667178319,-0.003934596606826886,0.42955727011100503
learned_hmm_interaction_2014-12-31_20260911,learned_hmm_interaction,2014-12-31,20260911,1107,2015-02-06,0.9496879433419343,0.14136312319261274,0.13425085372918488,-0.05632179110763297,0.2351966856972753,0.0007486064314280664,0.23594529212870352
learned_hmm_interaction_2014-12-31_20260911,learned_hmm_interaction,2014-12-31,20260911,1112,2015-02-13,0.3686884184612118,-0.5697920448184396,-0.2100757278558904,-0.3354478166772479,-0.4130932678219648,0.004458636489262114,-0.4086346313327024
learned_hmm_interaction_2014-12-31_20260911,learned_hmm_interaction,2014-12-31,20260911,1117,2015-02-27,-0.36109746848172286,-0.2530558203100556,0.09137781609852681,0.4787819164284487,-0.5701948799918467,-0.006363775278467968,-0.5765586552703148
learned_hmm_interaction_2014-12-31_20260911,learned_hmm_interaction,2014-12-31,20260911,1122,2015-03-06,-0.08531744091938598,0.9006248625636651,-0.07683900850230561,-1.5292763208654134,0.7927090909902742,0.02032652134664354,0.8130356123369175
learned_hmm_interaction_2014-12-31_20260911,learned_hmm_interaction,2014-12-31,20260911,1127,2015-03-13,-0.028281864595782746,0.4092066062108747,-0.011573125828555748,-0.5677526153108622,0.28766931751271896,0.007546337765956015,0.295215655278675
learned_hmm_interaction_2014-12-31_20260911,learned_hmm_interaction,2014-12-31,20260911,1131,2015-09-25,0.9628478064411743,-1.0609620619786237,-1.0215449940934231,-2.5991796784838113,-0.754307668513828,0.034547243357933924,-0.7197604251558942
learned_hmm_interaction_2014-12-31_20260911,learned_hmm_interaction,2014-12-31,20260911,1136,2015-10-09,0.7452244592894754,-0.9786225584036616,-0.7292934669348519,-1.6939559456118847,-0.7744715409611226,0.022515376207007907,-0.7519561647541145
learned_hmm_interaction_2014-12-31_20260911,learned_hmm_interaction,2014-12-31,20260911,1141,2015-10-16,0.7727837672296862,-0.7648749431650406,-0.5910829400386722,-1.2773099351478001,0.19039490195448233,0.01697748621934399,0.20737238817382642
learned_hmm_interaction_2014-12-31_20260911,learned_hmm_interaction,2014-12-31,20260911,1146,2015-10-23,0.7623662211224267,-0.9103022537434698,-0.6939836892656375,-1.4561125758671825,-0.2915333083252538,0.019354058486782254,-0.2721792498384714
learned_hmm_interaction_2014-12-31_20260911,learned_hmm_interaction,2014-12-31,20260911,1151,2015-10-30,-0.01584193630809616,-0.8917638478847001,0.014127266080052173,0.9481068423422049,-0.6065951655151476,-0.012601852070044358,-0.6191970175851919
learned_hmm_interaction_2014-12-31_20260911,learned_hmm_interaction,2014-12-31,20260911,1156,2015-11-06,0.9991648913175548,-0.7368829672479884,-0.7362675898840937,-1.7018712117902615,-0.0354736062169284,0.02262058271857417,-0.0128530234983541
learned_hmm_interaction_2014-12-31_20260911,learned_hmm_interaction,2014-12-31,20260911,1161,2015-11-13,0.7787609381217373,0.3913075495585518,0.304735034388336,0.5374617153571869,0.6397178758660971,-0.007143723394624484,0.6325741524714728
learned_hmm_interaction_2014-12-31_20260911,learned_hmm_interaction,2014-12-31,20260911,1166,2015-11-20,-0.3680511289259044,0.8838569227629908,-0.32530453823189465,-2.048418141237037,0.9829519596977335,0.02722674411851491,1.0101787038162486
learned_hmm_interaction_2014-12-31_20260911,learned_hmm_interaction,2014-12-31,20260911,1171,2015-11-27,1.0,0.6847836973846386,0.6847836973846386,1.1871509594191154,1.1466185908280442,-0.015779129637386615,1.1308394611906578
learned_hmm_interaction_2014-12-31_20260911,learned_hmm_interaction,2014-12-31,20260911,1176,2015-12-04,0.9928544826947534,0.6991120162613401,0.6941164992508388,1.2213819358937656,0.5640713485926159,-0.016234113909708758,0.5478372346829071
learned_hmm_interaction_2014-12-31_20260911,learned_hmm_interaction,2014-12-31,20260911,1181,2015-12-11,-0.009799101934141574,1.04764687969034,-0.010265998565070995,-1.4853713456564481,0.9552585756467583,0.019742954202084693,0.9750015298488429
learned_hmm_interaction_2014-12-31_20260911,learned_hmm_interaction,2014-12-31,20260911,1186,2015-12-18,-0.31116059180354216,0.5139047098055273,-0.15990689363371546,-1.557144358567248,0.6619496910734401,0.020696932014425833,0.6826466230878661
learned_hmm_interaction_2014-12-31_20260911,learned_hmm_interaction,2014-12-31,20260911,1191,2015-12-25,-0.23377694862119602,0.3523917004634215,-0.08238105645377318,-0.9943428946943752,-0.06974438446154073,0.013216402947670632,-0.05652798151387012
learned_hmm_interaction_2014-12-31_20260912,learned_hmm_interaction,2014-12-31,20260912,1087,2015-01-09,-0.2970295367961855,0.9343671963866582,-0.27753465554027956,-2.4517844634333255,1.1594362735079284,0.1393617128095225,1.2987979863174515
learned_hmm_interaction_2014-12-31_20260912,learned_hmm_interaction,2014-12-31,20260912,1092,2015-01-16,0.17420586240345148,0.9507944103866631,0.16563396022978982,-0.971842652739979,1.0726625262536766,0.0552404416812133,1.1279029679348904
learned_hmm_interaction_2014-12-31_20260912,learned_hmm_interaction,2014-12-31,20260912,1097,2015-01-23,-0.058137757351500174,0.9846326780912107,-0.05724433571922459,-1.6010061102846875,1.4744400283795895,0.09100267869196932,1.5654427070715589
learned_hmm_interaction_2014-12-31_20260912,learned_hmm_interaction,2014-12-31,20260912,1102,2015-01-30,0.8218240173478097,0.4622697823437227,0.3799044096242158,0.41689024754988335,0.7747905909337274,-0.02369643001603005,0.7510941609176978
learned_hmm_interaction_2014-12-31_20260912,learned_hmm_interaction,2014-12-31,20260912,1107,2015-02-06,0.9496879433419343,0.2976081516653031,0.28263487347681615,0.21077938381228895,0.612926335935098,-0.011980896522968422,0.6009454394121299
learned_hmm_interaction_2014-12-31_20260912,learned_hmm_interaction,2014-12-31,20260912,1112,2015-02-13,0.3686884184612118,0.16372971732717526,0.06036525053645751,-0.3556100354812428,0.5054263056826579,0.02021320567776278,0.5256395113604206
learned_hmm_interaction_2014-12-31_20260912,learned_hmm_interaction,2014-12-31,20260912,1117,2015-02-27,-0.36109746848172286,0.0010500127371316568,-0.000379156941251806,-0.4020984766318707,-0.11451147128562768,0.022855651978088795,-0.09165581930753885
learned_hmm_interaction_2014-12-31_20260912,learned_hmm_interaction,2014-12-31,20260912,1122,2015-03-06,-0.08531744091938598,-0.18143222653458604,0.015479333268237198,-0.05248192780569533,-0.19934103329856204,0.002983121664905804,-0.19635791163365635
learned_hmm_interaction_2014-12-31_20260912,learned_hmm_interaction,2014-12-31,20260912,1127,2015-03-13,-0.028281864595782746,-0.31535644958315767,0.008918868406517653,0.2282870081334082,-0.37467515446992417,-0.012976046198238065,-0.38765120066816233
learned_hmm_interaction_2014-12-31_20260912,learned_hmm_interaction,2014-12-31,20260912,1131,2015-09-25,0.9628478064411743,-0.42051619548833613,-0.40489309639893245,-1.3721453269226427,0.04680381581468061,0.07799401857524736,0.12479783438992792
learned_hmm_interaction_2014-12-31_20260912,learned_hmm_interaction,2014-12-31,20260912,1136,2015-10-09,0.7452244592894754,-0.2218208185147917,-0.1653062995368345,-0.6594070393943007,0.18773124635731467,0.03748131037585599,0.22521255673317092
learned_hmm_interaction_2014-12-31_20260912,learned_hmm_interaction,2014-12-31,20260912,1141,2015-10-16,0.7727837672296862,-0.37906260537476005,-0.292933428197407,-0.7433111633376654,0.5584663090117901,0.042250498939909294,0.6007168079516995
learned_hmm_interaction_2014-12-31_20260912,learned_hmm_interaction,2014-12-31,20260912,1146,2015-10-23,0.7623662211224267,-0.18032577415510057,-0.13747427901360018,-0.4956369846671275,0.4035275021316353,0.028172467908632016,0.4316999700402674
learned_hmm_interaction_2014-12-31_20260912,learned_hmm_interaction,2014-12-31,20260912,1151,2015-10-30,-0.01584193630809616,-0.5715692978058343,0.009054764411503274,0.3886212509830117,-0.25268715231144123,-0.02208959391778308,-0.27477674622922427
learned_hmm_interaction_2014-12-31_20260912,learned_hmm_interaction,2014-12-31,20260912,1156,2015-11-06,0.9991648913175548,0.1482465163633372,0.1481227144103799,0.1452361223184277,0.9136653241627672,-0.00825535648421806,0.9054099676785493
learned_hmm_interaction_2014-12-31_20260912,learned_hmm_interaction,2014-12-31,20260912,1161,2015-11-13,0.7787609381217373,0.04907297963001078,0.038216119653096105,-0.14978134427124132,0.42137490485545137,0.008513711134021384,0.4298886159894725
learned_hmm_interaction_2014-12-31_20260912,learned_hmm_interaction,2014-12-31,20260912,1166,2015-11-20,-0.3680511289259044,0.059057884396711696,-0.021736321024185296,-0.26119948234159507,0.27110697706537457,0.0148468218911508,0.28595379895652534
learned_hmm_interaction_2014-12-31_20260912,learned_hmm_interaction,2014-12-31,20260912,1171,2015-11-27,1.0,-0.08192541040544134,-0.08192541040544134,-0.39529470853420556,0.45878594760421487,0.022468919461511205,0.48125486706572596
learned_hmm_interaction_2014-12-31_20260912,learned_hmm_interaction,2014-12-31,20260912,1176,2015-12-04,0.9928544826947534,-0.1662274293542918,-0.16503964838123406,-0.7698159058849849,-0.13958698549004525,0.043757053196231396,-0.09582993229381381
learned_hmm_interaction_2014-12-31_20260912,learned_hmm_interaction,2014-12-31,20260912,1181,2015-12-11,-0.009799101934141574,-0.856326744795711,0.00839123306118481,0.8132279133699192,-0.8370820946804335,-0.046224632141212654,-0.8833067268216461
learned_hmm_interaction_2014-12-31_20260912,learned_hmm_interaction,2014-12-31,20260912,1186,2015-12-18,-0.31116059180354216,-0.21203010863740496,0.06597541408378427,0.4775953199003619,0.02654477674369912,-0.02714696287695775,-0.0006021861332585615
learned_hmm_interaction_2014-12-31_20260912,learned_hmm_interaction,2014-12-31,20260912,1191,2015-12-25,-0.23377694862119602,-0.0879404101113981,0.02055844073633922,0.08580393296483708,-0.317071976385385,-0.004877175478560711,-0.3219491518639457
learned_hmm_interaction_2015-12-31_20260910,learned_hmm_interaction,2015-12-31,20260910,1200,2016-01-08,0.7601548306092667,-0.9463264444861574,-0.7193546181094447,-7.59928696801486,0.05062548673079454,-0.1300213357935665,-0.07939584906277206
learned_hmm_interaction_2015-12-31_20260910,learned_hmm_interaction,2015-12-31,20260910,1205,2016-01-15,0.7978635969618297,-0.32722382530897887,-0.2610799782726313,-2.9155479692068793,0.47197293560927955,-0.04988408032517365,0.4220888552841059
learned_hmm_interaction_2015-12-31_20260910,learned_hmm_interaction,2015-12-31,20260910,1210,2016-01-22,0.18731203410574704,0.9542462498084575,0.17874180608940302,3.6909949158994486,1.6920368984889473,0.06315172612804672,1.7551886246169943
learned_hmm_interaction_2015-12-31_20260910,learned_hmm_interaction,2015-12-31,20260910,1215,2016-01-29,0.8832272519227391,0.3852943866208347,0.3403025022763772,2.315406395409435,1.478177846680863,0.039615852606069514,1.5177936992869325
learned_hmm_interaction_2015-12-31_20260910,learned_hmm_interaction,2015-12-31,20260910,1220,2016-02-05,-0.7692786411823932,-0.01705195965515538,0.01311770835301492,-0.1049850007168959,0.739232909679842,-0.0017962593186640996,0.7374366503611779
learned_hmm_interaction_2015-12-31_20260910,learned_hmm_interaction,2015-12-31,20260910,1225,2016-02-19,-0.9427217094787183,0.4230328390326993,-0.39880224117854174,-0.33282246585911907,1.1795640810514767,-0.005694484466141393,1.1738695965853354
learned_hmm_interaction_2015-12-31_20260910,learned_hmm_interaction,2015-12-31,20260910,1230,2016-02-26,0.5076342688755495,-0.6996013647212016,-0.3551416272845838,-4.3761613142629425,0.4487249518339989,-0.07487470102438232,0.3738502508096168
learned_hmm_interaction_2015-12-31_20260910,learned_hmm_interaction,2015-12-31,20260910,1235,2016-03-04,-0.10646101668166741,-0.837933424396238,0.08920724427277459,-3.026788332320345,0.245558529535124,-0.051787366866009786,0.1937711626691142
learned_hmm_interaction_2015-12-31_20260910,learned_hmm_interaction,2015-12-31,20260910,1240,2016-03-11,-0.9301493697172022,-0.9200163075414337,0.8557525885892122,-0.6257632699914126,-0.14011277861630492,-0.010706606632607243,-0.15081938524891225
learned_hmm_interaction_2015-12-31_20260910,learned_hmm_interaction,2015-12-31,20260910,1245,2016-03-18,-0.9424872198639578,-0.9151658075898753,0.8625320777099353,-0.4718833377221933,0.13833953143359665,-0.008073770890296279,0.13026576054330025
learned_hmm_interaction_2015-12-31_20260910,learned_hmm_interaction,2015-12-31,20260910,1250,2016-03-25,-0.9548828175592377,-0.930574592858597,0.8885896891778575,0.08073842941707995,-0.5855271054108693,0.00138140834618667,-0.5841456970646824
learned_hmm_interaction_2015-12-31_20260910,learned_hmm_interaction,2015-12-31,20260910,1255,2016-04-01,-0.9555185091886174,-1.198335027982131,1.145031299445986,0.4502006964884268,-1.2899271851110934,0.007702787929840525,-1.2822243971812526
learned_hmm_interaction_2015-12-31_20260910,learned_hmm_interaction,2015-12-31,20260910,1259,2016-04-08,-0.9593684466191482,-0.7090259584367612,0.6802171323581283,0.14927718464184217,-0.6111419646626527,0.002554084222944591,-0.6085878804397084
learned_hmm_interaction_2015-12-31_20260910,learned_hmm_interaction,2015-12-31,20260910,1264,2016-04-15,-0.9712258595907525,-1.2604149777103277,1.2241476201677721,0.521724147170503,-1.4103585533394865,0.008926530978022599,-1.4014320223614642
learned_hmm_interaction_2015-12-31_20260910,learned_hmm_interaction,2015-12-31,20260910,1269,2016-04-22,-0.9660710944390785,-1.3361671956379029,1.290832505043503,0.4846082693796213,-1.7216209752947753,0.008291490344627247,-1.7133294849501481
learned_hmm_interaction_2015-12-31_20260910,learned_hmm_interaction,2015-12-31,20260910,1274,2016-04-29,-0.9739815984889236,-0.9646070308073432,0.9395094977793905,0.0373433918198566,-1.716664781279536,0.0006389333246548883,-1.7160258479548811
learned_hmm_interaction_2015-12-31_20260910,learned_hmm_interaction,2015-12-31,20260910,1278,2016-05-06,-0.8226051518043198,-0.9353205852156002,0.7693995319869841,-0.3415220171309235,-1.226615703123071,-0.00584333096738888,-1.2324590340904598
learned_hmm_interaction_2015-12-31_20260910,learned_hmm_interaction,2015-12-31,20260910,1283,2016-05-13,-0.9686558361739114,-0.6748127561087768,0.6536613145293689,-0.04733572103810508,-1.0895925520263408,-0.0008098988373555018,-1.0904024508636967
learned_hmm_interaction_2015-12-31_20260910,learned_hmm_interaction,2015-12-31,20260910,1288,2016-05-20,-0.9719992384455308,0.3020609241514615,-0.29360298823937386,-0.2880314939660416,-0.13992731070428605,-0.004928125461468702,-0.14485543616575497
learned_hmm_interaction_2015-12-31_20260910,learned_hmm_interaction,2015-12-31,20260910,1293,2016-05-27,-0.9741497330000078,0.30157334218749426,-0.29377759077186755,-0.25074010269622865,0.004827683618582731,-0.004290081849362784,0.0005376017692198878
learned_hmm_interaction_2015-12-31_20260910,learned_hmm_interaction,2015-12-31,20260910,1298,2016-06-03,-0.9481273535408916,0.2108552230508003,-0.19991760461142968,-0.4122894193128264,-0.12230277874279748,-0.007054138270897671,-0.12935691701369514
learned_hmm_interaction_2015-12-31_20260910,learned_hmm_interaction,2015-12-31,20260910,1306,2016-06-17,-0.9590144793788745,1.0895990952532275,-1.0449413090659667,-0.9129627682881477,1.1489618501885177,-0.015620496917966263,1.1333413532705516
learned_hmm_interaction_2015-12-31_20260910,learned_hmm_interaction,2015-12-31,20260910,1311,2016-06-24,-0.9567250438190045,1.1729510390562226,-1.1221916342386113,-1.1032058850132203,1.4374588629102385,-0.01887549495478694,1.4185833679554516
learned_hmm_interaction_2015-12-31_20260910,learned_hmm_interaction,2015-12-31,20260910,1316,2016-07-01,-0.973730909472285,0.9473300258342692,-0.9224445276260061,-0.9107502616453006,0.689659705397511,-0.01558264164675912,0.6740770637507523
learned_hmm_interaction_2015-12-31_20260910,learned_hmm_interaction,2015-12-31,20260910,1321,2016-07-08,-0.971597205693506,0.8676007425620783,-0.8429584571309262,-0.24383159032786125,0.796295720478069,-0.0041718794429709445,0.7921238410350979
learned_hmm_interaction_2015-12-31_20260910,learned_hmm_interaction,2015-12-31,20260910,1326,2016-07-15,-0.9714724263383184,-1.067231947188571,1.036786409201049,0.07616851597586334,-1.3588989182979008,0.0013032186090983263,-1.3575956996888023
learned_hmm_interaction_2015-12-31_20260910,learned_hmm_interaction,2015-12-31,20260910,1331,2016-07-22,-0.9679766291425144,-0.9206204551281086,0.891139084874554,0.6229364012883699,-1.3884969977355677,0.010658239825770015,-1.3778387579097982
learned_hmm_interaction_2015-12-31_20260910,learned_hmm_interaction,2015-12-31,20260910,1336,2016-07-29,-0.9679414206489643,0.02490728800637294,-0.02410879573740153,-0.20299691905820302,-0.1802255291500144,-0.003473211459050989,-0.1836987406090655
learned_hmm_interaction_2015-12-31_20260910,learned_hmm_interaction,2015-12-31,20260910,1341,2016-08-05,-0.974032653984855,0.15274542136760452,-0.1487790281587228,-0.1403743245252847,-0.3733862670559539,-0.002401759173290563,-0.3757880262292444
learned_hmm_interaction_2015-12-31_20260910,learned_hmm_interaction,2015-12-31,20260910,1346,2016-08-12,-0.9315525766127499,-0.7635175906879663,0.711256778894534,-0.7413404583125354,-1.2885430368304742,-0.012684094846439306,-1.3012271316769135
learned_hmm_interaction_2015-12-31_20260910,learned_hmm_interaction,2015-12-31,20260910,1351,2016-08-19,-0.9680707850709953,-0.45622642860163176,0.441659476906518,-0.7108292262334777,-0.8334174649741896,-0.01216205755947751,-0.845579522533667
learned_hmm_interaction_2015-12-31_20260910,learned_hmm_interaction,2015-12-31,20260910,1356,2016-08-26,-0.9731692574034704,1.1451047053167203,-1.1143806957222924,-1.247330712643694,0.717947638340818,-0.021341424020027512,0.6966062143207903
learned_hmm_interaction_2015-12-31_20260910,learned_hmm_interaction,2015-12-31,20260910,1361,2016-09-02,-0.9714509398308063,0.7484694224410027,-0.7271013238649329,-1.0448853778709017,0.37547511852721843,-0.017877649989237056,0.35759746853798113
learned_hmm_interaction_2015-12-31_20260910,learned_hmm_interaction,2015-12-31,20260910,1366,2016-09-09,-0.9711176898076723,0.617924084515354,-0.6000770094310715,-0.45831495928499394,-0.08006069286266691,-0.007841620335068841,-0.08790231319773587
learned_hmm_interaction_2015-12-31_20260910,learned_hmm_interaction,2015-12-31,20260910,1374,2016-09-23,-0.9710677226503178,0.85303579136869,-0.8283555232636054,-0.19110566756372288,0.1926099296706501,-0.0032697560019696727,0.1893401736686803
learned_hmm_interaction_2015-12-31_20260910,learned_hmm_interaction,2015-12-31,20260910,1379,2016-09-30,-0.9727079079110226,-0.032662858367660676,0.031771420629201255,0.35749498300440713,-0.6539642601506566,0.006116623233912922,-0.6478476369167436
learned_hmm_interaction_2015-12-31_20260910,learned_hmm_interaction,2015-12-31,20260910,1384,2016-10-14,-0.9740957892433479,0.24698441809863583,-0.2405864816785997,-0.14926234543685563,-0.20978041071264328,-0.0025538303289591967,-0.21233424104160245
learned_hmm_interaction_2015-12-31_20260910,learned_hmm_interaction,2015-12-31,20260910,1389,2016-10-21,-0.9731157015889937,-0.3342757028847698,0.3252889351368668,-0.6096397507302496,-0.6512153958926195,-0.01043073844644012,-0.6616461343390594
learned_hmm_interaction_2015-12-31_20260910,learned_hmm_interaction,2015-12-31,20260910,1394,2016-10-28,-0.9737714524854753,0.1772267660364049,-0.17257836538257348,0.2212816654642231,-0.16915190495737492,0.0037860575408431058,-0.16536584741653176
learned_hmm_interaction_2015-12-31_20260910,learned_hmm_interaction,2015-12-31,20260910,1399,2016-11-04,-0.9702507433820451,0.36244298937971725,-0.35166057987928134,-0.11767046444881184,0.1000909616923523,-0.002013303489587864,0.09807765820276432
learned_hmm_interaction_2015-12-31_20260910,learned_hmm_interaction,2015-12-31,20260910,1404,2016-11-11,-0.9649503293042884,1.3368015903454138,-1.2899471348183034,-1.1895762176275646,1.0791041912447925,-0.02035326333841534,1.0587509279063774
learned_hmm_interaction_2015-12-31_20260910,learned_hmm_interaction,2015-12-31,20260910,1409,2016-11-18,-0.9719827317920707,-0.21121566612780812,0.20529798016018888,0.020506426573886037,-0.6329549929867037,0.00035085830903762476,-0.6326041346776662
learned_hmm_interaction_2015-12-31_20260910,learned_hmm_interaction,2015-12-31,20260910,1414,2016-11-25,-0.9666326922305529,-0.709210667422524,0.6855462168092618,-0.4567550865172486,-1.1784379084108503,-0.00781493141783438,-1.1862528398286851
learned_hmm_interaction_2015-12-31_20260910,learned_hmm_interaction,2015-12-31,20260910,1419,2016-12-02,-0.9626995999568695,1.2876588590313864,-1.2396286684704347,-0.8837041780699916,0.8663982847048382,-0.015119891927048936,0.8512783927777892
learned_hmm_interaction_2015-12-31_20260910,learned_hmm_interaction,2015-12-31,20260910,1424,2016-12-09,-0.9699908256946785,0.5254104313703675,-0.5096432981535399,-0.571504273107039,-0.16587553270838074,-0.009778252790540383,-0.1756537854989212
learned_hmm_interaction_2015-12-31_20260910,learned_hmm_interaction,2015-12-31,20260910,1429,2016-12-16,-0.9669510116866327,0.42562684990941074,-0.4115603131208993,-0.10225681927539762,-0.031941055216360446,-0.0017495810188704695,-0.03369063623523087
learned_hmm_interaction_2015-12-31_20260910,learned_hmm_interaction,2015-12-31,20260910,1434,2016-12-23,-0.9676783538885895,0.2676554780748745,-0.259004412432758,0.1038941363431462,-0.20340634695555287,0.001777594982965036,-0.2016287519725879
learned_hmm_interaction_2015-12-31_20260910,learned_hmm_interaction,2015-12-31,20260910,1439,2016-12-30,-0.9731725511886761,-0.5128360748567952,0.4990779913099742,0.10453675415910793,-1.2678510196714055,0.001788589965413753,-1.2660624297059915
learned_hmm_interaction_2015-12-31_20260911,learned_hmm_interaction,2015-12-31,20260911,1200,2016-01-08,0.7601548306092667,-0.5195365077648147,-0.39492818605529273,-4.131952766855005,0.6586725042260634,0.16371563259153454,0.8223881368175978
learned_hmm_interaction_2015-12-31_20260911,learned_hmm_interaction,2015-12-31,20260911,1205,2016-01-15,0.7978635969618297,0.1366828890287642,0.10905430148362441,0.799644318598483,1.1041931205895306,-0.03168339108755624,1.0725097295019745
learned_hmm_interaction_2015-12-31_20260911,learned_hmm_interaction,2015-12-31,20260911,1210,2016-01-22,0.18731203410574704,-0.1377417189435093,-0.025800681556530838,-1.4794287821725094,0.7717759564995172,0.05861771240232456,0.8303936689018416
learned_hmm_interaction_2015-12-31_20260911,learned_hmm_interaction,2015-12-31,20260911,1215,2016-01-29,0.8832272519227391,0.2773315881020805,0.24494681643076954,2.7806292132803927,1.5183075788896225,-0.1101736869565419,1.4081338919330804
learned_hmm_interaction_2015-12-31_20260911,learned_hmm_interaction,2015-12-31,20260911,1220,2016-02-05,-0.7692786411823932,-0.14205027872877862,0.10927624540005502,-0.1716900895621954,0.7634270987131484,0.006802679800177491,0.770229778513326
learned_hmm_interaction_2015-12-31_20260911,learned_hmm_interaction,2015-12-31,20260911,1225,2016-02-19,-0.9427217094787183,-0.4317601099873951,0.40702962897203654,0.1999475733285987,0.4350574112028337,-0.007922293719138843,0.42713511748369476
learned_hmm_interaction_2015-12-31_20260911,learned_hmm_interaction,2015-12-31,20260911,1230,2016-02-26,0.5076342688755495,0.16793742748978546,0.08525079322061785,0.7779652969090568,1.4577347448142761,-0.0308244280378524,1.4269103167764234
learned_hmm_interaction_2015-12-31_20260911,learned_hmm_interaction,2015-12-31,20260911,1235,2016-03-04,-0.10646101668166741,0.05929134116515647,-0.006312216460862156,-0.011919958805876036,1.2424160519801817,0.00047229087709402354,1.2428883428572755
learned_hmm_interaction_2015-12-31_20260911,learned_hmm_interaction,2015-12-31,20260911,1240,2016-03-11,-0.9301493697172022,-0.9034991591804473,0.8403891734517152,0.36661258750578224,-0.021492124926020817,-0.014525870712024677,-0.0360179956380452
learned_hmm_interaction_2015-12-31_20260911,learned_hmm_interaction,2015-12-31,20260911,1245,2016-03-18,-0.9424872198639578,-0.7606993502773484,0.7169494157952171,0.5209385448757139,0.3827030724031147,-0.020640551387656695,0.36206252101545816
learned_hmm_interaction_2015-12-31_20260911,learned_hmm_interaction,2015-12-31,20260911,1250,2016-03-25,-0.9548828175592377,-0.5612926860378147,0.5359687415191811,0.40032478844222563,-0.21520807060348876,-0.015861610642702455,-0.2310696812461913
learned_hmm_interaction_2015-12-31_20260911,learned_hmm_interaction,2015-12-31,20260911,1255,2016-04-01,-0.9555185091886174,-0.26513065817597786,0.25333725124050727,-0.0636673470193163,-0.3948559176586964,0.002522618379451065,-0.3923332992792453
learned_hmm_interaction_2015-12-31_20260911,learned_hmm_interaction,2015-12-31,20260911,1259,2016-04-08,-0.9593684466191482,-0.6356920334208106,0.6098628786310907,0.4900833167302994,-0.5639095024503066,-0.019418010018088346,-0.583327512468395
learned_hmm_interaction_2015-12-31_20260911,learned_hmm_interaction,2015-12-31,20260911,1264,2016-04-15,-0.9712258595907525,-0.7333799830026618,0.7122776043984117,0.46568739107936635,-0.89332671150837,-0.018451398194101177,-0.911778109702471
learned_hmm_interaction_2015-12-31_20260911,learned_hmm_interaction,2015-12-31,20260911,1269,2016-04-22,-0.9660710944390785,-0.7818850294719438,0.7553565261474919,0.3303705550061603,-1.1882433812873077,-0.013089894162468255,-1.201333275449776
learned_hmm_interaction_2015-12-31_20260911,learned_hmm_interaction,2015-12-31,20260911,1274,2016-04-29,-0.9739815984889236,-0.4305173731751242,0.4193159993023599,-0.17233993042237983,-1.2138219393057488,0.006828427700386403,-1.2069935116053623
learned_hmm_interaction_2015-12-31_20260911,learned_hmm_interaction,2015-12-31,20260911,1278,2016-05-06,-0.8226051518043198,0.0744990923952211,-0.0612833372090549,-0.3438069614838191,-0.2401731523591179,0.013622269509033802,-0.22655088285008432
learned_hmm_interaction_2015-12-31_20260911,learned_hmm_interaction,2015-12-31,20260911,1283,2016-05-13,-0.9686558361739114,-0.15378440888333467,0.14896416517739722,-0.03365324186472677,-0.6107876156174389,0.0013334038628987535,-0.6094542117545401
learned_hmm_interaction_2015-12-31_20260911,learned_hmm_interaction,2015-12-31,20260911,1288,2016-05-20,-0.9719992384455308,-0.027100289954627373,0.026341461197550875,-0.16154483865828553,-0.5278826363451623,0.006400706141897354,-0.521481930203265
learned_hmm_interaction_2015-12-31_20260911,learned_hmm_interaction,2015-12-31,20260911,1293,2016-05-27,-0.9741497330000078,0.19470509597785812,-0.1896719172605714,-0.40552673063232375,-0.16079379335502547,0.016067721240865154,-0.14472607211416041
learned_hmm_interaction_2015-12-31_20260911,learned_hmm_interaction,2015-12-31,20260911,1298,2016-06-03,-0.9481273535408916,0.3365541198797876,-0.319096167004907,-0.9014232741251587,-0.036151801139082194,0.035716062085690156,-0.0004357390533919446
learned_hmm_interaction_2015-12-31_20260911,learned_hmm_interaction,2015-12-31,20260911,1306,2016-06-17,-0.9590144793788745,0.5737309706592336,-0.5502163081303013,-0.5562742709132171,0.5821095216470271,0.02204061839416176,0.6041501400411888
learned_hmm_interaction_2015-12-31_20260911,learned_hmm_interaction,2015-12-31,20260911,1311,2016-06-24,-0.9567250438190045,0.9440432543106214,-0.9031898238473649,-1.1373258782600217,1.166203717034948,0.04506296081496228,1.21126667784991
learned_hmm_interaction_2015-12-31_20260911,learned_hmm_interaction,2015-12-31,20260911,1316,2016-07-01,-0.973730909472285,0.6155676452254534,-0.5993972430270936,-1.151236491347114,0.28779766882626195,0.0456141251069546,0.3334117939332163
learned_hmm_interaction_2015-12-31_20260911,learned_hmm_interaction,2015-12-31,20260911,1321,2016-07-08,-0.971597205693506,-0.21643054919317126,0.2102833168227961,-0.424760172915662,-0.3385897158026887,0.016829785898425646,-0.3217599299042625
learned_hmm_interaction_2015-12-31_20260911,learned_hmm_interaction,2015-12-31,20260911,1326,2016-07-15,-0.9714724263383184,-0.11141961601175461,0.10824108470862301,-0.6619541693420746,-0.48529174195691865,0.02622785198557049,-0.4590638899713483
learned_hmm_interaction_2015-12-31_20260911,learned_hmm_interaction,2015-12-31,20260911,1331,2016-07-22,-0.9679766291425144,-0.10580659777464563,0.10241831385493934,-0.8935869249386817,-0.6590307592166175,0.03540557139601833,-0.6236251878205991
learned_hmm_interaction_2015-12-31_20260911,learned_hmm_interaction,2015-12-31,20260911,1336,2016-07-29,-0.9679414206489643,-0.5170027649820373,0.5004283908161559,-0.193660056855835,-0.8016329334555793,0.007673170654367779,-0.7939597628012114
learned_hmm_interaction_2015-12-31_20260911,learned_hmm_interaction,2015-12-31,20260911,1341,2016-08-05,-0.974032653984855,-1.0040765515779728,0.978003348337454,1.419031598206388,-1.5905808124530947,-0.05622466394855751,-1.6468054764016524
learned_hmm_interaction_2015-12-31_20260911,learned_hmm_interaction,2015-12-31,20260911,1346,2016-08-12,-0.9315525766127499,-0.6469918651089546,0.6027069389897354,0.14339638472648908,-1.220508682956584,-0.005681630735267315,-1.2261903136918517
learned_hmm_interaction_2015-12-31_20260911,learned_hmm_interaction,2015-12-31,20260911,1351,2016-08-19,-0.9680707850709953,-0.3769766293800125,0.36494006155732633,-0.002082777561864339,-0.7602185913027794,8.252351014835299e-05,-0.7601360677926309
learned_hmm_interaction_2015-12-31_20260911,learned_hmm_interaction,2015-12-31,20260911,1356,2016-08-26,-0.9731692574034704,-0.16858683034040764,0.16406352049037934,0.8476303678223623,-0.6328938103222087,-0.033584687362594616,-0.6664784976848032
learned_hmm_interaction_2015-12-31_20260911,learned_hmm_interaction,2015-12-31,20260911,1361,2016-09-02,-0.9714509398308063,0.16979127072296757,-0.16494388951889372,0.1406170158039962,-0.24227600233476082,-0.005571506983369368,-0.24784750931813013
learned_hmm_interaction_2015-12-31_20260911,learned_hmm_interaction,2015-12-31,20260911,1366,2016-09-09,-0.9711176898076723,0.3447374754922898,-0.3347806607902015,-0.2355921567597521,-0.3931583343006299,0.00933459822845072,-0.3838237360721791
learned_hmm_interaction_2015-12-31_20260911,learned_hmm_interaction,2015-12-31,20260911,1374,2016-09-23,-0.9710677226503178,-0.05345321891771766,0.051906695562756976,0.29650948480816436,-0.7852760787001579,-0.011748255755524241,-0.7970243344556821
learned_hmm_interaction_2015-12-31_20260911,learned_hmm_interaction,2015-12-31,20260911,1379,2016-09-30,-0.9727079079110226,-0.6304197971747795,0.6132143220155709,0.7758945875817236,-1.3362157022845544,-0.030742382693540397,-1.3669580849780947
learned_hmm_interaction_2015-12-31_20260911,learned_hmm_interaction,2015-12-31,20260911,1384,2016-10-14,-0.9740957892433479,-0.49176689512555155,0.4790280618310749,0.9023369158920886,-1.0343844324372586,-0.035752262267123705,-1.0701366947043824
learned_hmm_interaction_2015-12-31_20260911,learned_hmm_interaction,2015-12-31,20260911,1389,2016-10-21,-0.9731157015889937,0.5620171520160763,-0.5469077151891722,-0.5006085482708048,0.15783176213135747,0.019835039213980575,0.1776668013453381
learned_hmm_interaction_2015-12-31_20260911,learned_hmm_interaction,2015-12-31,20260911,1394,2016-10-28,-0.9737714524854753,0.3637177159950102,-0.35417792859916064,-0.004542418077275121,-0.060021028257301164,0.00017997902952369697,-0.059841049227777526
learned_hmm_interaction_2015-12-31_20260911,learned_hmm_interaction,2015-12-31,20260911,1399,2016-11-04,-0.9702507433820451,0.36278118431065354,-0.3519887137624303,-0.72030315414635,0.025668028439633443,0.02853974698953412,0.054207775429167604
learned_hmm_interaction_2015-12-31_20260911,learned_hmm_interaction,2015-12-31,20260911,1404,2016-11-11,-0.9649503293042884,1.0258581035845393,-0.989902114873374,-1.4695259956828592,0.6929090845355069,0.058225345633861725,0.7511344301693685
learned_hmm_interaction_2015-12-31_20260911,learned_hmm_interaction,2015-12-31,20260911,1409,2016-11-18,-0.9719827317920707,0.615265307250834,-0.5980272541185533,-1.1553963453422558,0.10031833782464616,0.04577894623796221,0.1460972840626084
learned_hmm_interaction_2015-12-31_20260911,learned_hmm_interaction,2015-12-31,20260911,1414,2016-11-25,-0.9666326922305529,0.8317250026104961,-0.8039725784688475,-1.8550286471639474,0.29967394339714776,0.07349967571798267,0.3731736191151306
learned_hmm_interaction_2015-12-31_20260911,learned_hmm_interaction,2015-12-31,20260911,1419,2016-12-02,-0.9626995999568695,0.649318579610925,-0.6250987368360001,-1.093911553066517,0.16525833725648445,0.04334280472566625,0.20860114198215074
learned_hmm_interaction_2015-12-31_20260911,learned_hmm_interaction,2015-12-31,20260911,1424,2016-12-09,-0.9699908256946785,0.4263740990406575,-0.413578964383272,-0.9127994628232565,-0.33284660930248167,0.03616680778252622,-0.2966798015199554
learned_hmm_interaction_2015-12-31_20260911,learned_hmm_interaction,2015-12-31,20260911,1429,2016-12-16,-0.9669510116866327,-0.026247766592903215,0.02538030446152236,-0.4572847033014577,-0.5201750162105487,0.018118468118988887,-0.50205654809156
learned_hmm_interaction_2015-12-31_20260911,learned_hmm_interaction,2015-12-31,20260911,1434,2016-12-23,-0.9676783538885895,-0.24219331730969157,0.23436523061705916,0.49067632841937964,-0.7717046098718358,-0.01944150624113105,-0.7911461161129668
learned_hmm_interaction_2015-12-31_20260911,learned_hmm_interaction,2015-12-31,20260911,1439,2016-12-30,-0.9731725511886761,-0.06981571187196359,0.06794273443549234,0.1725769746322053,-0.8878542326384952,-0.006837819831650595,-0.8946920524701456
learned_hmm_interaction_2015-12-31_20260912,learned_hmm_interaction,2015-12-31,20260912,1200,2016-01-08,0.7601548306092667,0.0003565933596356166,0.00027106616489020146,0.46763724133425605,0.9413052517246888,-0.00143670495285566,0.9398685467718334
learned_hmm_interaction_2015-12-31_20260912,learned_hmm_interaction,2015-12-31,20260912,1205,2016-01-15,0.7978635969618297,0.3852170039712381,0.30735062439935146,4.19603600546824,1.175654652381356,-0.012891329386463247,1.1627633229948928
learned_hmm_interaction_2015-12-31_20260912,learned_hmm_interaction,2015-12-31,20260912,1210,2016-01-22,0.18731203410574704,0.29036064695983627,0.05438804340630762,1.7444837518403415,1.0719634635828328,-0.00535951422366251,1.0666039493591704
learned_hmm_interaction_2015-12-31_20260912,learned_hmm_interaction,2015-12-31,20260912,1215,2016-01-29,0.8832272519227391,0.6781264767123939,0.598939784482737,7.040344073657502,1.8498165374359865,-0.021629794007791258,1.8281867434281953
learned_hmm_interaction_2015-12-31_20260912,learned_hmm_interaction,2015-12-31,20260912,1220,2016-02-05,-0.7692786411823932,-0.885363204592239,0.6810910029816069,-0.6453576241465311,-0.17465848312613563,0.0019827088457049346,-0.17267577428043046
learned_hmm_interaction_2015-12-31_20260912,learned_hmm_interaction,2015-12-31,20260912,1225,2016-02-19,-0.9427217094787183,-0.8591417142367614,0.8099315455297562,0.36757402217741464,-0.1685275528866644,-0.0011292843501869384,-0.16965683723685138
learned_hmm_interaction_2015-12-31_20260912,learned_hmm_interaction,2015-12-31,20260912,1230,2016-02-26,0.5076342688755495,-0.4874980120505597,-0.2474706969255697,-3.768735312500652,0.5507879718966557,0.01157854894965799,0.5623665208463138
learned_hmm_interaction_2015-12-31_20260912,learned_hmm_interaction,2015-12-31,20260912,1235,2016-03-04,-0.10646101668166741,-0.5091177156097719,0.05420118961446433,-2.565714319525636,0.504952127620325,0.007882551141474167,0.512834678761799
learned_hmm_interaction_2015-12-31_20260912,learned_hmm_interaction,2015-12-31,20260912,1240,2016-03-11,-0.9301493697172022,-0.9504467949712013,0.8840574872921978,-0.30886382088856484,-0.23878195029651844,0.0009489111259882428,-0.23783303917053017
learned_hmm_interaction_2015-12-31_20260912,learned_hmm_interaction,2015-12-31,20260912,1245,2016-03-18,-0.9424872198639578,-1.0121869135024408,0.9539732300895958,0.1301764305964447,0.016664537451123215,-0.0003999363310957992,0.01626460112002731
learned_hmm_interaction_2015-12-31_20260912,learned_hmm_interaction,2015-12-31,20260912,1250,2016-03-25,-0.9548828175592377,-0.9008796387347128,0.8602344877167507,0.3305162439850572,-0.5769418902858395,-0.0010154330809448232,-0.5779573233667842
learned_hmm_interaction_2015-12-31_20260912,learned_hmm_interaction,2015-12-31,20260912,1255,2016-04-01,-0.9555185091886174,-0.2237707392798382,0.21381708319670578,-0.04400199004168944,-0.34881513476072,0.00013518571970022808,-0.34867994904101973
learned_hmm_interaction_2015-12-31_20260912,learned_hmm_interaction,2015-12-31,20260912,1259,2016-04-08,-0.9593684466191482,-0.5681315507071808,0.5450474832772759,0.3928680739598241,-0.4739284944790144,-0.001206994349009723,-0.47513548882802425
learned_hmm_interaction_2015-12-31_20260912,learned_hmm_interaction,2015-12-31,20260912,1264,2016-04-15,-0.9712258595907525,-0.46304880831785883,0.449724976890986,0.4829382611940203,-0.6500606180308971,-0.0014837137217756553,-0.6515443317526727
learned_hmm_interaction_2015-12-31_20260912,learned_hmm_interaction,2015-12-31,20260912,1269,2016-04-22,-0.9660710944390785,-0.7379385080768459,0.7129010621265393,0.6698174951715673,-1.1339003451796725,-0.0020578560212113476,-1.1359582012008838
learned_hmm_interaction_2015-12-31_20260912,learned_hmm_interaction,2015-12-31,20260912,1274,2016-04-29,-0.9739815984889236,-0.6893968591686294,0.671459854886305,0.20193997553164617,-1.4175508531061018,-0.0006204128700230914,-1.4181712659761243
learned_hmm_interaction_2015-12-31_20260912,learned_hmm_interaction,2015-12-31,20260912,1278,2016-05-06,-0.8226051518043198,-0.7256625705837507,0.5969337690337592,-0.24515265625873228,-1.0209202719905555,0.0007531736233147628,-1.0201670983672404
learned_hmm_interaction_2015-12-31_20260912,learned_hmm_interaction,2015-12-31,20260912,1283,2016-05-13,-0.9686558361739114,-0.18364435164164913,0.17788817299805745,0.12410358400199857,-0.6198413873560725,-0.00038127894453847616,-0.6202226663006107
learned_hmm_interaction_2015-12-31_20260912,learned_hmm_interaction,2015-12-31,20260912,1288,2016-05-20,-0.9719992384455308,0.9137843863903786,-0.8881977276748647,-0.2380917876258727,0.43075615498202713,0.0007314807724473924,0.43148763575447474
learned_hmm_interaction_2015-12-31_20260912,learned_hmm_interaction,2015-12-31,20260912,1293,2016-05-27,-0.9741497330000078,0.1482604659862668,-0.14442789335497855,-0.11080788458630465,-0.17112922657570467,0.0003404310489608998,-0.17078879552674375
learned_hmm_interaction_2015-12-31_20260912,learned_hmm_interaction,2015-12-31,20260912,1298,2016-06-03,-0.9481273535408916,0.34893737659379165,-0.33083707142137314,-0.11240331017150959,0.003541290552189361,0.00034533261717996773,0.0038866231693692466
learned_hmm_interaction_2015-12-31_20260912,learned_hmm_interaction,2015-12-31,20260912,1306,2016-06-17,-0.9590144793788745,0.018352730554069132,-0.017600534337491373,-0.07963979179509283,-0.009679768843213843,0.00024467444677832984,-0.009435094396435747
learned_hmm_interaction_2015-12-31_20260912,learned_hmm_interaction,2015-12-31,20260912,1311,2016-06-24,-0.9567250438190045,0.36936778055781694,-0.35338340603950585,-0.060950517642061434,0.5916850096369966,0.00018725606695826536,0.591872265703955
learned_hmm_interaction_2015-12-31_20260912,learned_hmm_interaction,2015-12-31,20260912,1316,2016-07-01,-0.973730909472285,0.406346494200434,-0.3956721413586632,-0.3694739479621711,0.08443688830127201,0.0011351214233362658,0.08557200972460802
learned_hmm_interaction_2015-12-31_20260912,learned_hmm_interaction,2015-12-31,20260912,1321,2016-07-08,-0.971597205693506,0.6142834559163783,-0.5968360892721032,0.2552063478265806,0.5170439210544108,-0.000784061215647655,0.516259859838763
learned_hmm_interaction_2015-12-31_20260912,learned_hmm_interaction,2015-12-31,20260912,1326,2016-07-15,-0.9714724263383184,0.17452570993023264,-0.16954691488434065,0.268865236660352,-0.10803469376944426,-0.0008260249249151076,-0.10886071869435938
learned_hmm_interaction_2015-12-31_20260912,learned_hmm_interaction,2015-12-31,20260912,1331,2016-07-22,-0.9679766291425144,0.03780103279510366,-0.03659051630311008,-0.4437776471387902,-0.45391242660086395,0.0013634019861031683,-0.4525490246147606
learned_hmm_interaction_2015-12-31_20260912,learned_hmm_interaction,2015-12-31,20260912,1336,2016-07-29,-0.9679414206489643,0.4827113193187332,-0.4672362801847104,-0.23494875393295617,0.2683917336314108,0.0007218245439128096,0.26911355817532334
learned_hmm_interaction_2015-12-31_20260912,learned_hmm_interaction,2015-12-31,20260912,1341,2016-08-05,-0.974032653984855,-0.7705098912700556,0.7505017943153544,0.2947023231944348,-1.2877866442584835,-0.0009054032697299174,-1.2886920475282133
learned_hmm_interaction_2015-12-31_20260912,learned_hmm_interaction,2015-12-31,20260912,1346,2016-08-12,-0.9315525766127499,-0.7346459648104467,0.6843613414173313,0.07586917195529967,-1.2210931164056422,-0.00023309010806375234,-1.2213262065137065
learned_hmm_interaction_2015-12-31_20260912,learned_hmm_interaction,2015-12-31,20260912,1351,2016-08-19,-0.9680707850709953,-0.5770385786660415,0.558614189865486,-0.039003791792398546,-0.9029332966540718,0.00011982993631646212,-0.9028134667177554
learned_hmm_interaction_2015-12-31_20260912,learned_hmm_interaction,2015-12-31,20260912,1356,2016-08-26,-0.9731692574034704,-0.5392137547136071,0.524746249256378,0.00470508430122825,-0.9695857913841625,-1.4455260021402531e-05,-0.969600246644184
learned_hmm_interaction_2015-12-31_20260912,learned_hmm_interaction,2015-12-31,20260912,1361,2016-09-02,-0.9714509398308063,0.6568221589906682,-0.638070503653184,-0.5778141647631997,0.2746969149766463,0.0017751975227141392,0.27647211249936055
learned_hmm_interaction_2015-12-31_20260912,learned_hmm_interaction,2015-12-31,20260912,1366,2016-09-09,-0.9711176898076723,0.21258258569783403,-0.2064427095162221,-0.24082805144042904,-0.49025878405889256,0.0007398872966230041,-0.48951889676226956
learned_hmm_interaction_2015-12-31_20260912,learned_hmm_interaction,2015-12-31,20260912,1374,2016-09-23,-0.9710677226503178,0.031005330109777688,-0.03010827529972315,0.0619596586438304,-0.6596504850849072,-0.00019035641429423572,-0.6598408414992012
learned_hmm_interaction_2015-12-31_20260912,learned_hmm_interaction,2015-12-31,20260912,1379,2016-09-30,-0.9727079079110226,-0.16268273753918874,0.15824278528498226,-0.028922460327328373,-0.8453304707060978,8.885742692879945e-05,-0.8452416132791689
learned_hmm_interaction_2015-12-31_20260912,learned_hmm_interaction,2015-12-31,20260912,1384,2016-10-14,-0.9740957892433479,0.3525338107195952,-0.3434017005878691,0.19863094963623462,-0.1628047557759568,-0.0006102466696591061,-0.1634150024456159
learned_hmm_interaction_2015-12-31_20260912,learned_hmm_interaction,2015-12-31,20260912,1389,2016-10-21,-0.9731157015889937,0.5364803846203932,-0.5220574858686071,0.12736610562988487,0.2033693970706328,-0.00039130227152631245,0.2029780947991064
learned_hmm_interaction_2015-12-31_20260912,learned_hmm_interaction,2015-12-31,20260912,1394,2016-10-28,-0.9737714524854753,0.6625964202604122,-0.645217478568658,-0.03556701463226972,0.30797472553901595,0.00010927125037064158,0.30808399678938647
learned_hmm_interaction_2015-12-31_20260912,learned_hmm_interaction,2015-12-31,20260912,1399,2016-11-04,-0.9702507433820451,0.18047683249935484,-0.17510778089573587,-0.4416862036059102,-0.06898044579249925,0.0013569765199154596,-0.06762346927258361
learned_hmm_interaction_2015-12-31_20260912,learned_hmm_interaction,2015-12-31,20260912,1404,2016-11-11,-0.9649503293042884,-0.2244727881644217,0.21660509085911048,-0.683335952773729,-0.4612325179044645,0.002099388288694109,-0.4591331296157703
learned_hmm_interaction_2015-12-31_20260912,learned_hmm_interaction,2015-12-31,20260912,1409,2016-11-18,-0.9719827317920707,0.3641627701639632,-0.35395992416093697,-0.4098229476943436,-0.09236503673420499,0.0012590841932657647,-0.09110595254093921
learned_hmm_interaction_2015-12-31_20260912,learned_hmm_interaction,2015-12-31,20260912,1414,2016-11-25,-0.9666326922305529,1.424827628914166,-1.3772849669017755,-1.447014119782395,0.98561273371099,0.004445609051177916,0.990058342762168
learned_hmm_interaction_2015-12-31_20260912,learned_hmm_interaction,2015-12-31,20260912,1419,2016-12-02,-0.9626995999568695,0.9833883038937359,-0.946707526760764,-0.7508629537874777,0.6078680929953925,0.0023068490472323644,0.6101749420426246
learned_hmm_interaction_2015-12-31_20260912,learned_hmm_interaction,2015-12-31,20260912,1424,2016-12-09,-0.9699908256946785,0.5134052768325076,-0.49799840839076903,-0.8859879261169613,-0.1766197807992046,0.002721988603796231,-0.1738977921954083
learned_hmm_interaction_2015-12-31_20260912,learned_hmm_interaction,2015-12-31,20260912,1429,2016-12-16,-0.9669510116866327,-0.685876596772651,0.6632090691414995,-0.11739371009411502,-1.1629918508883248,0.00036066444204721124,-1.1626311864462775
learned_hmm_interaction_2015-12-31_20260912,learned_hmm_interaction,2015-12-31,20260912,1434,2016-12-23,-0.9676783538885895,-0.21867798370778851,0.21160995130602858,0.06119072553160025,-0.7388452010769578,-0.0001879940489539481,-0.7390331951259116
learned_hmm_interaction_2015-12-31_20260912,learned_hmm_interaction,2015-12-31,20260912,1439,2016-12-30,-0.9731725511886761,0.8086542215181634,-0.7869600917843238,-0.13186021445360516,-0.0057096676235255505,0.0004051093592323494,-0.005304558264293158
learned_hmm_interaction_2016-12-31_20260910,learned_hmm_interaction,2016-12-31,20260910,1443,2017-01-06,-0.9697413890062715,-0.44630385534263417,0.43279932059882015,0.29932359250319795,-0.6443620383302051,0.04865487571061038,-0.5957071626195948
learned_hmm_interaction_2016-12-31_20260910,learned_hmm_interaction,2016-12-31,20260910,1448,2017-01-13,-0.9726186254948346,-0.086606697498628,0.0842352870797625,-0.11450652163226861,-0.3564957906147988,-0.018612968431523904,-0.37510875904632285
learned_hmm_interaction_2016-12-31_20260910,learned_hmm_interaction,2016-12-31,20260910,1453,2017-01-20,-0.9683669185736681,0.23239008211936227,-0.22503886772900852,0.13953327428458037,-0.05704553840412021,0.022681052505870325,-0.03436448589824994
learned_hmm_interaction_2016-12-31_20260910,learned_hmm_interaction,2016-12-31,20260910,1458,2017-02-03,-0.9692679232708428,-0.49155768848041637,0.476451099881229,0.6396548901890691,-0.7636499184074445,0.10397553002608968,-0.6596743883813545
learned_hmm_interaction_2016-12-31_20260910,learned_hmm_interaction,2016-12-31,20260910,1463,2017-02-10,-0.9711007958655934,-0.5260272257249697,0.5108254575484883,0.19457992224981235,-0.6858518394509401,0.031628853087294496,-0.6542229863636454
learned_hmm_interaction_2016-12-31_20260910,learned_hmm_interaction,2016-12-31,20260910,1468,2017-02-17,-0.9700155114134135,0.26353746777137593,-0.2556354315768472,-0.1708703152277581,0.09682148162678139,-0.027774870268372064,0.0690466113584094
learned_hmm_interaction_2016-12-31_20260910,learned_hmm_interaction,2016-12-31,20260910,1473,2017-02-24,-0.9728951938935423,-0.12841275661037108,0.12493215374085122,0.0800611039667519,-0.2807728304761644,0.013013885842342855,-0.2677589446338216
learned_hmm_interaction_2016-12-31_20260910,learned_hmm_interaction,2016-12-31,20260910,1478,2017-03-03,-0.9721541048415473,0.6034159529897632,-0.5866132956258725,-0.3901344694004312,0.480130972326745,-0.06341613088483866,0.41671484144190646
learned_hmm_interaction_2016-12-31_20260910,learned_hmm_interaction,2016-12-31,20260910,1483,2017-03-10,-0.9727676173874279,-0.8462227534928208,0.82317809169424,0.7437667926035602,-1.1811453104907639,0.12089885915497597,-1.060246451335788
learned_hmm_interaction_2016-12-31_20260910,learned_hmm_interaction,2016-12-31,20260910,1488,2017-03-17,-0.9626479571024938,-0.8693795563463451,0.8369064538634816,0.44016356226712416,-1.1178427846996994,0.07154833080595754,-1.046294453893742
learned_hmm_interaction_2016-12-31_20260910,learned_hmm_interaction,2016-12-31,20260910,1493,2017-03-24,-0.9675595806265063,-1.0783841331866588,1.043400899660362,0.496139263275267,-1.2776846314091628,0.08064714841866003,-1.1970374829905028
learned_hmm_interaction_2016-12-31_20260910,learned_hmm_interaction,2016-12-31,20260910,1498,2017-03-31,-0.9689647042886911,-1.0475833212678212,1.0150712631100391,0.2506427221808297,-1.2750394031131398,0.040741828579205726,-1.2342975745339342
learned_hmm_interaction_2016-12-31_20260910,learned_hmm_interaction,2016-12-31,20260910,1501,2017-04-07,-0.9707389101395639,-1.3789743424828298,1.338624050332204,1.1016336174885768,-1.5254263119880325,0.17906990320839528,-1.346356408779637
learned_hmm_interaction_2016-12-31_20260910,learned_hmm_interaction,2016-12-31,20260910,1506,2017-04-14,-0.9681204270425284,-1.0211756417655182,0.9886209983914616,0.4664403618269674,-1.1607848428563698,0.07581960927741026,-1.0849652335789592
learned_hmm_interaction_2016-12-31_20260910,learned_hmm_interaction,2016-12-31,20260910,1511,2017-04-21,-0.9728834947366257,-1.1153781957378903,1.085133037022511,0.6884277715547457,-1.3654871220838583,0.11190353349902002,-1.253583588584838
learned_hmm_interaction_2016-12-31_20260910,learned_hmm_interaction,2016-12-31,20260910,1516,2017-04-28,-0.973532390349642,-0.5188713856824572,0.5051381003874735,0.3577472653595573,-0.7614393264031891,0.05815160972215729,-0.7032877166810318
learned_hmm_interaction_2016-12-31_20260910,learned_hmm_interaction,2016-12-31,20260910,1520,2017-05-05,-0.97005311730321,-0.9811978662086772,0.9518140488069853,0.6447707870605268,-1.26031116041989,0.10480711608433338,-1.155504044335557
learned_hmm_interaction_2016-12-31_20260910,learned_hmm_interaction,2016-12-31,20260910,1525,2017-05-12,-0.9659079433689637,-0.04326925627645519,0.041794118341095456,-0.1315687651241077,-0.3243194548224447,-0.02138642617836266,-0.3457058810008077
learned_hmm_interaction_2016-12-31_20260910,learned_hmm_interaction,2016-12-31,20260910,1530,2017-05-19,-0.9727463771435427,-0.3365965259662095,0.3274230511927327,0.709787805259699,-0.6437217706728823,0.11537559454304831,-0.5283461761298339
learned_hmm_interaction_2016-12-31_20260910,learned_hmm_interaction,2016-12-31,20260910,1535,2017-05-26,-0.958434944348616,-0.0019892967723117608,0.0019066115412635037,-0.47826707401497326,-0.21909684608543364,-0.07774203445866769,-0.29683888054410135
learned_hmm_interaction_2016-12-31_20260910,learned_hmm_interaction,2016-12-31,20260910,1538,2017-06-02,-0.9723155146194767,0.9842077528235438,-0.9569604676791027,-1.1414587335528765,0.7821697980894063,-0.18554345264051508,0.5966263454488914
learned_hmm_interaction_2016-12-31_20260910,learned_hmm_interaction,2016-12-31,20260910,1543,2017-06-09,-0.968101692638887,1.0859055930142985,-1.0512670426431767,-0.8038563990559434,0.8952743382095993,-0.1306663897027358,0.7646079485068636
learned_hmm_interaction_2016-12-31_20260910,learned_hmm_interaction,2016-12-31,20260910,1548,2017-06-16,-0.9708651546887973,0.20273109947703186,-0.1968245602539985,-0.5699643167187737,-0.0324581349949837,-0.09264736787875692,-0.12510550287374061
learned_hmm_interaction_2016-12-31_20260910,learned_hmm_interaction,2016-12-31,20260910,1553,2017-06-23,-0.9641321763160856,-0.4008018397411789,0.38642595002115376,-0.2768509389993587,-0.523143848242919,-0.04500195896598315,-0.568145807208902
learned_hmm_interaction_2016-12-31_20260910,learned_hmm_interaction,2016-12-31,20260910,1558,2017-06-30,-0.971697413522219,1.0172484324690718,-0.9884576707397287,-1.73127070312024,0.8588521436619931,-0.28141704493552866,0.5774350987264647
learned_hmm_interaction_2016-12-31_20260910,learned_hmm_interaction,2016-12-31,20260910,1563,2017-07-07,-0.9720730844891127,0.2061385682815139,-0.20038175390158078,-0.7038893673917289,0.04574256798711506,-0.11441680690137662,-0.06867423891426164
learned_hmm_interaction_2016-12-31_20260910,learned_hmm_interaction,2016-12-31,20260910,1568,2017-07-14,-0.970315310990583,0.43320810455888153,-0.42034845669869214,-0.7343802063230707,0.29692809015417054,-0.11937307501946966,0.17755501513470093
learned_hmm_interaction_2016-12-31_20260910,learned_hmm_interaction,2016-12-31,20260910,1573,2017-07-21,-0.965203744753821,0.40531688957729983,-0.3912133796319808,-0.889338388740826,0.2540118786425109,-0.14456143736280025,0.10945044127971079
learned_hmm_interaction_2016-12-31_20260910,learned_hmm_interaction,2016-12-31,20260910,1578,2017-07-28,-0.9730299078832945,0.742615644572045,-0.7225872322306303,-1.0909953847985177,0.5988770131180611,-0.17734066467765752,0.42153634844040366
learned_hmm_interaction_2016-12-31_20260910,learned_hmm_interaction,2016-12-31,20260910,1583,2017-08-04,-0.9683022820725978,-0.5129981657972935,0.4967372946405762,-0.26785627841781223,-0.6612744554988148,-0.04353988212468106,-0.7048143376234958
learned_hmm_interaction_2016-12-31_20260910,learned_hmm_interaction,2016-12-31,20260910,1588,2017-08-11,-0.923013125062357,0.3189272410407149,-0.29437402942050583,-0.419595124219535,0.21795100812509058,-0.06820494317520756,0.14974606494988285
learned_hmm_interaction_2016-12-31_20260910,learned_hmm_interaction,2016-12-31,20260910,1593,2017-08-18,-0.9722925260027613,-0.2984465635877563,0.2901773631875833,0.004171234477893683,-0.5449002173885955,0.0006780317361036673,-0.5442221856524917
learned_hmm_interaction_2016-12-31_20260910,learned_hmm_interaction,2016-12-31,20260910,1598,2017-08-25,-0.9391943693544789,-1.069149638849314,1.0041393208046503,0.7736778415072613,-1.2317267427840886,0.12576088274159994,-1.105965860042489
learned_hmm_interaction_2016-12-31_20260910,learned_hmm_interaction,2016-12-31,20260910,1603,2017-09-01,-0.9728077235716853,-0.7433303649157488,0.7231175201553998,0.5309266366953537,-0.9287313174329936,0.08630181571667739,-0.8424295017163157
learned_hmm_interaction_2016-12-31_20260910,learned_hmm_interaction,2016-12-31,20260910,1608,2017-09-08,-0.9731268002506961,-0.36805198775400855,0.35816125316896674,-0.16665191163178417,-0.6652622754183107,-0.02708917121958388,-0.6923514466378947
learned_hmm_interaction_2016-12-31_20260910,learned_hmm_interaction,2016-12-31,20260910,1613,2017-09-15,-0.9737020048541462,0.9646765815872311,-0.9393075215273312,-1.1698668804174592,0.7963675869358926,-0.19016118037559254,0.6062064065603003
learned_hmm_interaction_2016-12-31_20260910,learned_hmm_interaction,2016-12-31,20260910,1618,2017-09-22,-0.9739244863546591,0.7662897025013993,-0.7463083049075399,-0.9782927875326505,0.505235540694161,-0.15902092310174026,0.34621461759242067
learned_hmm_interaction_2016-12-31_20260910,learned_hmm_interaction,2016-12-31,20260910,1623,2017-09-29,-0.9729459609302552,0.8703075707522852,-0.8467622357304582,-1.2389752390253779,0.5630779066608274,-0.20139470383598146,0.36168320282484595
learned_hmm_interaction_2016-12-31_20260910,learned_hmm_interaction,2016-12-31,20260910,1628,2017-10-13,-0.9731719772611206,0.5445990606318742,-0.5299885446496699,-1.0613601987175587,0.2977426436219766,-0.17252348243227716,0.12521916118969947
learned_hmm_interaction_2016-12-31_20260910,learned_hmm_interaction,2016-12-31,20260910,1633,2017-10-20,-0.9729500706849047,0.48219312808711656,-0.46914983805613536,-1.0995336581089743,0.16863528875551204,-0.1787285560337291,-0.01009326727821716
learned_hmm_interaction_2016-12-31_20260910,learned_hmm_interaction,2016-12-31,20260910,1638,2017-10-27,-0.9686048600939694,0.6985394097299326,-0.6766086672315853,-1.3684941644684236,0.5251636877979086,-0.22244792976749864,0.30271575803041006
learned_hmm_interaction_2016-12-31_20260910,learned_hmm_interaction,2016-12-31,20260910,1643,2017-11-03,-0.9738744715943769,0.7300258272985042,-0.7109535168105786,-1.3010242323345649,0.5757830467923166,-0.21148073157666059,0.36430231521565587
learned_hmm_interaction_2016-12-31_20260910,learned_hmm_interaction,2016-12-31,20260910,1648,2017-11-10,-0.9646832181767157,1.0036977867540458,-0.9682504110027398,-1.5946292464951437,0.8585069481543761,-0.2592060557067401,0.5993008924476362
learned_hmm_interaction_2016-12-31_20260910,learned_hmm_interaction,2016-12-31,20260910,1653,2017-11-17,-0.9700575464571254,0.7032712640962376,-0.6822135969429973,-1.4350864960952143,0.6489786653682271,-0.2332724745068066,0.41570619086142063
learned_hmm_interaction_2016-12-31_20260910,learned_hmm_interaction,2016-12-31,20260910,1658,2017-11-24,-0.8125740336336826,0.758558586525685,-0.6163850104006408,-0.5754541411291302,0.6687951799790216,-0.09353973564076724,0.5752554443382545
learned_hmm_interaction_2016-12-31_20260910,learned_hmm_interaction,2016-12-31,20260910,1663,2017-12-01,-0.9658182328197523,0.6073724805325114,-0.5866114158112595,-0.5286004462541464,0.491036972587102,-0.08592369481464746,0.40511327777245465
learned_hmm_interaction_2016-12-31_20260910,learned_hmm_interaction,2016-12-31,20260910,1668,2017-12-08,-0.9618395635717483,-0.5868868259643196,0.5644909685515298,0.44634928838383864,-0.7523213090301321,0.07255381698521822,-0.6797674920449137
learned_hmm_interaction_2016-12-31_20260910,learned_hmm_interaction,2016-12-31,20260910,1673,2017-12-15,-0.9546121937506151,-0.5547179272290843,0.5295404974249502,0.3783452851811134,-0.7314820413992367,0.06149980585304461,-0.6699822355461921
learned_hmm_interaction_2016-12-31_20260910,learned_hmm_interaction,2016-12-31,20260910,1678,2017-12-22,-0.9691801915029866,-1.5540511322840243,1.506155573992464,1.0814274107100896,-1.7980220032759182,0.17578539605956542,-1.6222366072163528
learned_hmm_interaction_2016-12-31_20260910,learned_hmm_interaction,2016-12-31,20260910,1683,2017-12-29,-0.9674632319345852,-0.7686223174766371,0.7436138314029981,0.3800105023900058,-0.9001413273128478,0.06177048594094635,-0.8383708413719014
learned_hmm_interaction_2016-12-31_20260911,learned_hmm_interaction,2016-12-31,20260911,1443,2017-01-06,-0.9697413890062715,0.022428486458085657,-0.021749831611172336,-0.02625653048506913,-0.28669989614593905,-0.0017589587034752853,-0.28845885484941436
learned_hmm_interaction_2016-12-31_20260911,learned_hmm_interaction,2016-12-31,20260911,1448,2017-01-13,-0.9726186254948346,0.8518978593330934,-0.8285717250065452,-1.0592721333055402,0.47022551181261646,-0.07096200083579728,0.3992635109768192
learned_hmm_interaction_2016-12-31_20260911,learned_hmm_interaction,2016-12-31,20260911,1453,2017-01-20,-0.9683669185736681,-0.5001865254854223,0.4843640843963879,0.7656990789268738,-0.9028080874163572,0.05129516483098616,-0.8515129225853709
learned_hmm_interaction_2016-12-31_20260911,learned_hmm_interaction,2016-12-31,20260911,1458,2017-02-03,-0.9692679232708428,0.13453300335575957,-0.13039852477402641,0.15287573057248174,-0.22810459776541925,0.010241341558570415,-0.21786325620684877
learned_hmm_interaction_2016-12-31_20260911,learned_hmm_interaction,2016-12-31,20260911,1463,2017-02-10,-0.9711007958655934,0.13960249105655922,-0.13556809016984406,-0.09484005366222874,-0.04214159665392832,-0.00635345701604037,-0.0484950536699687
learned_hmm_interaction_2016-12-31_20260911,learned_hmm_interaction,2016-12-31,20260911,1468,2017-02-17,-0.9700155114134135,-0.3762197643774336,0.36493900714641014,-0.1263068081776847,-0.5487249356243649,-0.00846145531979782,-0.5571863909441627
learned_hmm_interaction_2016-12-31_20260911,learned_hmm_interaction,2016-12-31,20260911,1473,2017-02-24,-0.9728951938935423,-0.08911152157725427,0.08669617106305137,0.5960288910201831,-0.245308430355126,0.039928741003265614,-0.2053796893518603
learned_hmm_interaction_2016-12-31_20260911,learned_hmm_interaction,2016-12-31,20260911,1478,2017-03-03,-0.9721541048415473,0.4320519166440884,-0.42002104427020853,0.11666345195630436,0.3529267692678241,0.007815434499722024,0.3607422037675462
learned_hmm_interaction_2016-12-31_20260911,learned_hmm_interaction,2016-12-31,20260911,1483,2017-03-10,-0.9727676173874279,0.5965619047510863,-0.58031610270882,-0.6311661320882987,0.15222864784020487,-0.042282629915893155,0.1099460179243116
learned_hmm_interaction_2016-12-31_20260911,learned_hmm_interaction,2016-12-31,20260911,1488,2017-03-17,-0.9626479571024938,0.34132168812057423,-0.32857262578404534,-0.14751405877053334,-0.04869053453573781,-0.009882156277538022,-0.05857269081327583
learned_hmm_interaction_2016-12-31_20260911,learned_hmm_interaction,2016-12-31,20260911,1493,2017-03-24,-0.9675595806265063,0.652580043500801,-0.6314100732148622,-0.27116218943536213,0.3351038964668912,-0.01816550337570194,0.3169383930911893
learned_hmm_interaction_2016-12-31_20260911,learned_hmm_interaction,2016-12-31,20260911,1498,2017-03-31,-0.9689647042886911,-0.9223961257889185,0.8937692892620938,0.5936060114897435,-1.2974074514043723,0.039766429191354195,-1.2576410222130183
learned_hmm_interaction_2016-12-31_20260911,learned_hmm_interaction,2016-12-31,20260911,1501,2017-04-07,-0.9707389101395639,-0.8595341869802345,0.834383279896889,0.7361291317735474,-1.0612458278149821,0.04931423608885,-1.0119315917261322
learned_hmm_interaction_2016-12-31_20260911,learned_hmm_interaction,2016-12-31,20260911,1506,2017-04-14,-0.9681204270425284,-0.8148890772524742,0.7889107614619573,0.504620613960127,-1.0263460365544876,0.03380518310989139,-0.9925408534445963
learned_hmm_interaction_2016-12-31_20260911,learned_hmm_interaction,2016-12-31,20260911,1511,2017-04-21,-0.9728834947366257,-1.3534549031906036,1.3167539361844958,1.3327518645620302,-1.7392731519486597,0.08928275931495849,-1.649990392633701
learned_hmm_interaction_2016-12-31_20260911,learned_hmm_interaction,2016-12-31,20260911,1516,2017-04-28,-0.973532390349642,-0.7823317073964852,0.7616252571480169,0.6727861361366808,-1.1203094013111514,0.045070807447620286,-1.075238593863531
learned_hmm_interaction_2016-12-31_20260911,learned_hmm_interaction,2016-12-31,20260911,1520,2017-05-05,-0.97005311730321,0.2780839994763152,-0.26975625056414376,0.014396536051090363,-0.08470248317060859,0.0009644424422853991,-0.08373804072832321
learned_hmm_interaction_2016-12-31_20260911,learned_hmm_interaction,2016-12-31,20260911,1525,2017-05-12,-0.9659079433689637,0.6274414816281085,-0.6060507111037817,-0.16472440667474492,0.28680001443378966,-0.011035099590180376,0.2757649148436094
learned_hmm_interaction_2016-12-31_20260911,learned_hmm_interaction,2016-12-31,20260911,1530,2017-05-19,-0.9727463771435427,0.19843487730096857,-0.1930268079934406,-0.1638712448352971,-0.1696995395070544,-0.010977945182676953,-0.18067748468973144
learned_hmm_interaction_2016-12-31_20260911,learned_hmm_interaction,2016-12-31,20260911,1535,2017-05-26,-0.958434944348616,0.20486031396078616,-0.19634528361024609,-0.5728833138972383,-0.12312459806785629,-0.03837818906151104,-0.16150278712936733
learned_hmm_interaction_2016-12-31_20260911,learned_hmm_interaction,2016-12-31,20260911,1538,2017-06-02,-0.9723155146194767,0.722995312115412,-0.7029795589669661,-0.7433842801753974,0.3977838432073749,-0.0498002677994637,0.3479835754079111
learned_hmm_interaction_2016-12-31_20260911,learned_hmm_interaction,2016-12-31,20260911,1543,2017-06-09,-0.968101692638887,0.8614634572765891,-0.8339842311360135,-0.9684944268517551,0.5362154132163339,-0.06488068567729952,0.4713347275390344
learned_hmm_interaction_2016-12-31_20260911,learned_hmm_interaction,2016-12-31,20260911,1548,2017-06-16,-0.9708651546887973,0.10547563233323075,-0.10240261610110078,-0.20649041221600822,-0.27342134891391734,-0.013833057949453246,-0.2872544068633706
learned_hmm_interaction_2016-12-31_20260911,learned_hmm_interaction,2016-12-31,20260911,1553,2017-06-23,-0.9641321763160856,0.4446513168813781,-0.42870264184665646,-0.440086093226388,0.2244178693316816,-0.029481932671918773,0.19493593665976297
learned_hmm_interaction_2016-12-31_20260911,learned_hmm_interaction,2016-12-31,20260911,1558,2017-06-30,-0.971697413522219,1.0377096835753317,-1.00833981551711,-1.201352683766601,0.6800934904120024,-0.08048015941239052,0.5996133309996117
learned_hmm_interaction_2016-12-31_20260911,learned_hmm_interaction,2016-12-31,20260911,1563,2017-07-07,-0.9720730844891127,0.32845845628254333,-0.31928562472510424,-0.6013272252280181,0.03179152942524346,-0.040283683217511766,-0.00849215379226827
learned_hmm_interaction_2016-12-31_20260911,learned_hmm_interaction,2016-12-31,20260911,1568,2017-07-14,-0.970315310990583,0.11861525672795857,-0.11509419972021696,-0.07643363278666762,-0.16690827121709848,-0.005120387238702187,-0.1720286584558007
learned_hmm_interaction_2016-12-31_20260911,learned_hmm_interaction,2016-12-31,20260911,1573,2017-07-21,-0.965203744753821,-0.34755094033184203,0.3354574691010057,0.5695804324734829,-0.6905106520287194,0.03815692479241177,-0.6523537272363078
learned_hmm_interaction_2016-12-31_20260911,learned_hmm_interaction,2016-12-31,20260911,1578,2017-07-28,-0.9730299078832945,-0.328898262858285,0.3200278464119726,0.012441622662027297,-0.6301494214723846,0.0008334802832831567,-0.6293159411891014
learned_hmm_interaction_2016-12-31_20260911,learned_hmm_interaction,2016-12-31,20260911,1583,2017-08-04,-0.9683022820725978,-0.007975631598614221,0.007722822277908472,-0.7291355212286795,-0.3120371450634147,-0.04884572513521859,-0.36088287019863347
learned_hmm_interaction_2016-12-31_20260911,learned_hmm_interaction,2016-12-31,20260911,1588,2017-08-11,-0.923013125062357,0.01764589105368601,-0.016287389045972614,-0.5499454972828,-0.18773144423652532,-0.036841555263087834,-0.22457299949961318
learned_hmm_interaction_2016-12-31_20260911,learned_hmm_interaction,2016-12-31,20260911,1593,2017-08-18,-0.9722925260027613,-0.5020036756804587,0.4880944218900241,0.4229781114300783,-0.9631270245442104,0.028335846996333125,-0.9347911775478773
learned_hmm_interaction_2016-12-31_20260911,learned_hmm_interaction,2016-12-31,20260911,1598,2017-08-25,-0.9391943693544789,-0.5967785524889785,0.560491056249165,0.3776404335207317,-0.9197053538696205,0.02529861771734088,-0.8944067361522796
learned_hmm_interaction_2016-12-31_20260911,learned_hmm_interaction,2016-12-31,20260911,1603,2017-09-01,-0.9728077235716853,-0.8414486641858602,0.8185677595090821,0.5249546587683133,-1.19083736323103,0.035167386890491974,-1.1556699763405378
learned_hmm_interaction_2016-12-31_20260911,learned_hmm_interaction,2016-12-31,20260911,1608,2017-09-08,-0.9731268002506961,-0.8968992171419062,0.8727966653246575,0.8889285248210581,-1.4591334542474703,0.05955046369856773,-1.399582990548903
learned_hmm_interaction_2016-12-31_20260911,learned_hmm_interaction,2016-12-31,20260911,1613,2017-09-15,-0.9737020048541462,0.3595261677952006,-0.350071350379715,-0.9017330458606644,0.040691649518540735,-0.060408255010304654,-0.019716605491763885
learned_hmm_interaction_2016-12-31_20260911,learned_hmm_interaction,2016-12-31,20260911,1618,2017-09-22,-0.9739244863546591,0.4089639132812823,-0.3982999691800642,-0.21827889289261312,-0.06271309328854979,-0.01462278341217787,-0.07733587670072774
learned_hmm_interaction_2016-12-31_20260911,learned_hmm_interaction,2016-12-31,20260911,1623,2017-09-29,-0.9729459609302552,0.6221430801009726,-0.6053115969049495,-0.3968212936365502,0.050965223432595894,-0.026583568174144243,0.02438165525845165
learned_hmm_interaction_2016-12-31_20260911,learned_hmm_interaction,2016-12-31,20260911,1628,2017-10-13,-0.9731719772611206,0.8301183636412865,-0.8078479293055567,-0.45104983236551716,0.3614516084130144,-0.03021640763967471,0.33123520077333946
learned_hmm_interaction_2016-12-31_20260911,learned_hmm_interaction,2016-12-31,20260911,1633,2017-10-20,-0.9729500706849047,0.23692063253906434,-0.23051194617559498,-0.3100654168216976,-0.350234452055766,-0.02077168054916305,-0.371006132604929
learned_hmm_interaction_2016-12-31_20260911,learned_hmm_interaction,2016-12-31,20260911,1638,2017-10-27,-0.9686048600939694,0.7730676624904029,-0.7487970950696887,-0.7825243478973352,0.36966654283143197,-0.05242231121122611,0.31724423162020576
learned_hmm_interaction_2016-12-31_20260911,learned_hmm_interaction,2016-12-31,20260911,1643,2017-11-03,-0.9738744715943769,0.8853144987139495,-0.8621851896298882,-0.7460412241157967,0.5125331648960441,-0.04997825988685197,0.46255490500919216
learned_hmm_interaction_2016-12-31_20260911,learned_hmm_interaction,2016-12-31,20260911,1648,2017-11-10,-0.9646832181767157,0.5108579788237495,-0.49281611904294714,-0.7097053068624168,0.09110976541802542,-0.047544070116884656,0.04356569530114082
learned_hmm_interaction_2016-12-31_20260911,learned_hmm_interaction,2016-12-31,20260911,1653,2017-11-17,-0.9700575464571254,0.5616101248200704,-0.5447941397484375,-1.0850109645465669,0.3192584952030857,-0.07268627820193407,0.24657221700115162
learned_hmm_interaction_2016-12-31_20260911,learned_hmm_interaction,2016-12-31,20260911,1658,2017-11-24,-0.8125740336336826,1.2633619672454885,-1.026575129664051,-0.9953669331263774,0.9890688254124501,-0.0666809093901324,0.9223879160223174
learned_hmm_interaction_2016-12-31_20260911,learned_hmm_interaction,2016-12-31,20260911,1663,2017-12-01,-0.9658182328197523,0.510546913845705,-0.49309551810203717,-0.4796312220045257,0.24472035878609805,-0.032131111644133355,0.21258924714196487
learned_hmm_interaction_2016-12-31_20260911,learned_hmm_interaction,2016-12-31,20260911,1668,2017-12-08,-0.9618395635717483,0.257030813405154,-0.2472224053901048,-0.2373216176763279,-0.06474399521176857,-0.01589848000564999,-0.08064247521741866
learned_hmm_interaction_2016-12-31_20260911,learned_hmm_interaction,2016-12-31,20260911,1673,2017-12-15,-0.9546121937506151,-0.08393346016048733,0.08012390453288266,0.11955360318234869,-0.4426671595137553,0.008009049442728348,-0.434658110071027
learned_hmm_interaction_2016-12-31_20260911,learned_hmm_interaction,2016-12-31,20260911,1678,2017-12-22,-0.9691801915029866,-0.39486825350616095,0.38269848955155095,0.4915690143586031,-0.8206929682380634,0.03293083968792139,-0.7877621285501419
learned_hmm_interaction_2016-12-31_20260911,learned_hmm_interaction,2016-12-31,20260911,1683,2017-12-29,-0.9674632319345852,0.14578507816387676,-0.14104170288826032,-0.5826666292506969,-0.09703462261959171,-0.039033585923621016,-0.13606820854321272
learned_hmm_interaction_2016-12-31_20260912,learned_hmm_interaction,2016-12-31,20260912,1443,2017-01-06,-0.9697413890062715,-0.6273366498555341,0.6083543142054466,0.4132042824856201,-0.82031524143235,0.010420797929688544,-0.8098944435026618
learned_hmm_interaction_2016-12-31_20260912,learned_hmm_interaction,2016-12-31,20260912,1448,2017-01-13,-0.9726186254948346,-0.6412375410271042,0.6236795757694696,0.33757295118975944,-0.8850879498470394,0.008513414937802635,-0.8765745349092365
learned_hmm_interaction_2016-12-31_20260912,learned_hmm_interaction,2016-12-31,20260912,1453,2017-01-20,-0.9683669185736681,-0.27586300524542223,0.26713660833798114,0.1199932709234242,-0.5228225309096359,0.003026168126074278,-0.5197963627835617
learned_hmm_interaction_2016-12-31_20260912,learned_hmm_interaction,2016-12-31,20260912,1458,2017-02-03,-0.9692679232708428,-0.37904221984754716,0.3673934652636023,-0.02667979175076999,-0.60811697075963,-0.0006728505255765856,-0.6087898212852068
learned_hmm_interaction_2016-12-31_20260912,learned_hmm_interaction,2016-12-31,20260912,1463,2017-02-10,-0.9711007958655934,0.5506780476340111,-0.5347638903230993,-1.0977250795977234,0.4402721021174883,-0.02768405779346501,0.4125880443240234
learned_hmm_interaction_2016-12-31_20260912,learned_hmm_interaction,2016-12-31,20260912,1468,2017-02-17,-0.9700155114134135,1.0254147855099491,-0.994668247577309,-1.385526412996781,0.9182875794222499,-0.034942258316473566,0.8833453211057765
learned_hmm_interaction_2016-12-31_20260912,learned_hmm_interaction,2016-12-31,20260912,1473,2017-02-24,-0.9728951938935423,0.910414558971986,-0.885737948874554,-1.3511247803300663,0.8143992739739775,-0.034074666963560415,0.7803246070104171
learned_hmm_interaction_2016-12-31_20260912,learned_hmm_interaction,2016-12-31,20260912,1478,2017-03-03,-0.9721541048415473,0.9792819111312676,-0.9520129297033372,-1.1119748324073735,0.9207867905201701,-0.028043429176752992,0.8927433613434171
learned_hmm_interaction_2016-12-31_20260912,learned_hmm_interaction,2016-12-31,20260912,1483,2017-03-10,-0.9727676173874279,0.4552204190061766,-0.442823682382745,-0.608340032218717,0.16805405087594585,-0.01534202044121381,0.1527120304347319
learned_hmm_interaction_2016-12-31_20260912,learned_hmm_interaction,2016-12-31,20260912,1488,2017-03-17,-0.9626479571024938,0.1427284293686458,-0.13739723095217446,-0.3311791133696774,-0.09411339589220802,-0.008352165660526342,-0.10246556155273437
learned_hmm_interaction_2016-12-31_20260912,learned_hmm_interaction,2016-12-31,20260912,1493,2017-03-24,-0.9675595806265063,-0.4987040992159472,0.48252592909410147,0.12386025328044356,-0.6807039580467785,0.0031236914176959517,-0.6775802666290829
learned_hmm_interaction_2016-12-31_20260912,learned_hmm_interaction,2016-12-31,20260912,1498,2017-03-31,-0.9689647042886911,-0.5736101905535232,0.5558080286666744,-0.024473279089731695,-0.7888980853952614,-0.000617203419424486,-0.7895152888146857
learned_hmm_interaction_2016-12-31_20260912,learned_hmm_interaction,2016-12-31,20260912,1501,2017-04-07,-0.9707389101395639,-1.0783872682704452,1.0468324815092336,0.8194555829929769,-1.1853627789052474,0.020666245256115205,-1.1646965336491324
learned_hmm_interaction_2016-12-31_20260912,learned_hmm_interaction,2016-12-31,20260912,1506,2017-04-14,-0.9681204270425284,-1.0278527223160394,0.9950852164654295,1.184099569692817,-1.1384397504789692,0.029862377684407037,-1.1085773727945623
learned_hmm_interaction_2016-12-31_20260912,learned_hmm_interaction,2016-12-31,20260912,1511,2017-04-21,-0.9728834947366257,-0.6109977169318251,0.5944295941247336,1.230163635833558,-0.8319195129126078,0.031024089567412934,-0.8008954233451949
learned_hmm_interaction_2016-12-31_20260912,learned_hmm_interaction,2016-12-31,20260912,1516,2017-04-28,-0.973532390349642,-0.27966465022261966,0.27226259542752346,1.2921032003917643,-0.47710469458860066,0.032586173295662844,-0.4445185212929379
learned_hmm_interaction_2016-12-31_20260912,learned_hmm_interaction,2016-12-31,20260912,1520,2017-05-05,-0.97005311730321,-0.7375008975625428,0.7154150446944599,1.1866238267495652,-0.9582146727931273,0.0299260381396006,-0.9282886346535266
learned_hmm_interaction_2016-12-31_20260912,learned_hmm_interaction,2016-12-31,20260912,1525,2017-05-12,-0.9659079433689637,-0.25261998126353513,0.24400764655616736,0.7379569351106406,-0.4652414601063346,0.018610891579682237,-0.4466305685266523
learned_hmm_interaction_2016-12-31_20260912,learned_hmm_interaction,2016-12-31,20260912,1530,2017-05-19,-0.9727463771435427,-0.023745096815427778,0.023097956902130044,0.07683548726682005,-0.25664324026155555,0.0019377511816193569,-0.2547054890799361
learned_hmm_interaction_2016-12-31_20260912,learned_hmm_interaction,2016-12-31,20260912,1535,2017-05-26,-0.958434944348616,0.15757277584092932,-0.15102325464395805,-0.022721401006100133,-0.04075592154726892,-0.0005730219617756055,-0.04132894350904452
learned_hmm_interaction_2016-12-31_20260912,learned_hmm_interaction,2016-12-31,20260912,1538,2017-06-02,-0.9723155146194767,0.28791971588587517,-0.27994880672066824,0.15535291451876887,0.09488791426727838,0.003917920018277176,0.0988058342855555
learned_hmm_interaction_2016-12-31_20260912,learned_hmm_interaction,2016-12-31,20260912,1543,2017-06-09,-0.968101692638887,0.5143277536708504,-0.4979215688999068,-0.19491586161702015,0.33056532521723503,-0.004915677047158362,0.32564964817007663
learned_hmm_interaction_2016-12-31_20260912,learned_hmm_interaction,2016-12-31,20260912,1548,2017-06-16,-0.9708651546887973,0.47386713563242705,-0.4600610899377136,0.10025932480436296,0.24469300396995153,0.0025284882287967,0.24722149219874825
learned_hmm_interaction_2016-12-31_20260912,learned_hmm_interaction,2016-12-31,20260912,1553,2017-06-23,-0.9641321763160856,-0.2988984463513861,0.28817760957825866,0.055633578423948504,-0.42192157909940714,0.0014030500249755365,-0.42051852907443144
learned_hmm_interaction_2016-12-31_20260912,learned_hmm_interaction,2016-12-31,20260912,1558,2017-06-30,-0.971697413522219,0.3319655450843925,-0.3225700615369978,-1.121725331002502,0.12317672330861579,-0.028289331699743136,0.09488739160887279
learned_hmm_interaction_2016-12-31_20260912,learned_hmm_interaction,2016-12-31,20260912,1563,2017-07-07,-0.9720730844891127,0.2593079694896224,-0.252066297734386,-0.9666816335776166,0.08534653107564436,-0.02437920997637322,0.06096732109927108
learned_hmm_interaction_2016-12-31_20260912,learned_hmm_interaction,2016-12-31,20260912,1568,2017-07-14,-0.970315310990583,0.4235263148417823,-0.41095406789839956,-1.26961388116147,0.2739317104977066,-0.03201900431603517,0.2419127061816715
learned_hmm_interaction_2016-12-31_20260912,learned_hmm_interaction,2016-12-31,20260912,1573,2017-07-21,-0.965203744753821,0.3675861017822909,-0.3547954819597264,-1.237931651622348,0.18511224352627892,-0.031219994901120186,0.15389224862515857
learned_hmm_interaction_2016-12-31_20260912,learned_hmm_interaction,2016-12-31,20260912,1578,2017-07-28,-0.9730299078832945,0.23653176226520664,-0.23015247884838733,-1.0952052767506018,0.08777227757271663,-0.027620509671130576,0.060151767901586245
learned_hmm_interaction_2016-12-31_20260912,learned_hmm_interaction,2016-12-31,20260912,1583,2017-08-04,-0.9683022820725978,-0.04096194263569002,0.03966354253226549,-1.0643353896544738,-0.18834247458167852,-0.026841987111766143,-0.2151844616934445
learned_hmm_interaction_2016-12-31_20260912,learned_hmm_interaction,2016-12-31,20260912,1588,2017-08-11,-0.923013125062357,0.020785922656231262,-0.019185679428232464,-0.1732873921729037,-0.08207598179936426,-0.004370218253145441,-0.08644620005250955
learned_hmm_interaction_2016-12-31_20260912,learned_hmm_interaction,2016-12-31,20260912,1593,2017-08-18,-0.9722925260027613,-0.2447447279024154,0.23796346971809795,0.2267041930668764,-0.5083071210361143,0.005717362297292339,-0.502589758738822
learned_hmm_interaction_2016-12-31_20260912,learned_hmm_interaction,2016-12-31,20260912,1598,2017-08-25,-0.9391943693544789,-0.6377317870607764,0.5989541035658507,0.9765432742435574,-0.8198295332478372,0.0246279154448083,-0.7952016178030289
learned_hmm_interaction_2016-12-31_20260912,learned_hmm_interaction,2016-12-31,20260912,1603,2017-09-01,-0.9728077235716853,-0.47566425998912587,0.46272986594443183,0.5036858085916966,-0.6776245332871157,0.01270269514103721,-0.6649218381460784
learned_hmm_interaction_2016-12-31_20260912,learned_hmm_interaction,2016-12-31,20260912,1608,2017-09-08,-0.9731268002506961,-0.4992649154515812,0.48584806965083155,0.3643883940435629,-0.8269242139264616,0.009189686513919033,-0.8177345274125426
learned_hmm_interaction_2016-12-31_20260912,learned_hmm_interaction,2016-12-31,20260912,1613,2017-09-15,-0.9737020048541462,-0.18880727644915798,0.18384202360959614,0.19928340928514612,-0.37314322766883157,0.0050258243365911785,-0.36811740333224036
learned_hmm_interaction_2016-12-31_20260912,learned_hmm_interaction,2016-12-31,20260912,1618,2017-09-22,-0.9739244863546591,0.36368501162081646,-0.3542017381376919,-0.2864889212454441,0.07940120796040355,-0.007225102168434387,0.07217610579196909
learned_hmm_interaction_2016-12-31_20260912,learned_hmm_interaction,2016-12-31,20260912,1623,2017-09-29,-0.9729459609302552,0.42260992891215404,-0.41117662338410255,-0.1442799929193807,0.07396265313941808,-0.0036386666722460314,0.07032398646717211
learned_hmm_interaction_2016-12-31_20260912,learned_hmm_interaction,2016-12-31,20260912,1628,2017-10-13,-0.9731719772611206,0.535123046456514,-0.5207667531980802,-0.5399093404515972,0.2545576617788319,-0.013616233847705371,0.24094142793112638
learned_hmm_interaction_2016-12-31_20260912,learned_hmm_interaction,2016-12-31,20260912,1633,2017-10-20,-0.9729500706849047,0.5843207528592061,-0.5685149177970213,-1.1106417261608943,0.2292184873505944,-0.028009808927878035,0.20120867842271636
learned_hmm_interaction_2016-12-31_20260912,learned_hmm_interaction,2016-12-31,20260912,1638,2017-10-27,-0.9686048600939694,0.060393025592795,-0.05849697810496071,-0.33134498726881745,-0.16885025828163822,-0.008356348914326012,-0.17720660719596423
learned_hmm_interaction_2016-12-31_20260912,learned_hmm_interaction,2016-12-31,20260912,1643,2017-11-03,-0.9738744715943769,0.3592075541466506,-0.3498230669872779,-0.8855338656829201,0.15257088325723125,-0.02233270531144316,0.13023817794578796
learned_hmm_interaction_2016-12-31_20260912,learned_hmm_interaction,2016-12-31,20260912,1648,2017-11-10,-0.9646832181767157,0.4459812005626595,-0.43023057980510165,-1.150398892389593,0.22711939800093833,-0.029012464062607244,0.19810693393833115
learned_hmm_interaction_2016-12-31_20260912,learned_hmm_interaction,2016-12-31,20260912,1653,2017-11-17,-0.9700575464571254,0.2702266140163419,-0.2621353661801093,-0.924680995419207,0.16850941188163082,-0.023319975641883997,0.14518943623974684
learned_hmm_interaction_2016-12-31_20260912,learned_hmm_interaction,2016-12-31,20260912,1658,2017-11-24,-0.8125740336336826,0.4010351825409275,-0.3258707759063017,-0.9208622457475375,0.2534222164538681,-0.023223668753598256,0.23019854770026987
learned_hmm_interaction_2016-12-31_20260912,learned_hmm_interaction,2016-12-31,20260912,1663,2017-12-01,-0.9658182328197523,0.3723146260508957,-0.359588254185423,-0.7004298030391172,0.21965125577651384,-0.017664476751051584,0.2019867790254624
learned_hmm_interaction_2016-12-31_20260912,learned_hmm_interaction,2016-12-31,20260912,1668,2017-12-08,-0.9618395635717483,0.17449055456387083,-0.16783191884910584,-0.4014405285724647,-0.0092548699509429,-0.010124122150613478,-0.019378992101556386
learned_hmm_interaction_2016-12-31_20260912,learned_hmm_interaction,2016-12-31,20260912,1673,2017-12-15,-0.9546121937506151,0.005768623342439292,-0.005506798183846979,-0.15308146277446374,-0.20651124858469427,-0.0038606351820889982,-0.21037188376678345
learned_hmm_interaction_2016-12-31_20260912,learned_hmm_interaction,2016-12-31,20260912,1678,2017-12-22,-0.9691801915029866,0.07783358580880029,-0.07543476959953721,-0.36036965911043334,-0.17048244493728237,-0.009088336100948469,-0.17957078103823104
learned_hmm_interaction_2016-12-31_20260912,learned_hmm_interaction,2016-12-31,20260912,1683,2017-12-29,-0.9674632319345852,-0.1649020362257731,0.1595366569195805,-0.11512034024093284,-0.30261422573644114,-0.0029032753388501067,-0.30551750107529113
learned_hmm_interaction_2017-12-31_20260910,learned_hmm_interaction,2017-12-31,20260910,1687,2018-01-05,-0.9700483875630086,0.837515032007242,-0.8124301063584066,-0.7344292090980449,0.8546150031961999,-0.0948924396948996,0.7597225635013004
learned_hmm_interaction_2017-12-31_20260910,learned_hmm_interaction,2017-12-31,20260910,1692,2018-01-12,-0.9712976666223624,0.47914904696120125,-0.46539635127774354,-0.6818759672355648,0.41657090680261455,-0.08810226131905409,0.3284686454835604
learned_hmm_interaction_2017-12-31_20260910,learned_hmm_interaction,2017-12-31,20260910,1697,2018-01-19,-0.9713884799292591,-0.1942255921973508,0.18866850276794478,-0.12396763008120354,-0.20049620991757067,-0.0160173243600253,-0.21651353427759593
learned_hmm_interaction_2017-12-31_20260910,learned_hmm_interaction,2017-12-31,20260910,1702,2018-01-26,-0.9698835418870146,0.038732414557083185,-0.03756593141646,-0.5497227832146909,-0.07361746768000163,-0.07102731673645699,-0.14464478441645853
learned_hmm_interaction_2017-12-31_20260910,learned_hmm_interaction,2017-12-31,20260910,1707,2018-02-02,-0.9633978512678341,-0.2722372420382277,0.26227277401470983,0.11682194530003001,-0.3124278801630589,0.015094061159465764,-0.2973338190035932
learned_hmm_interaction_2017-12-31_20260910,learned_hmm_interaction,2017-12-31,20260910,1712,2018-02-09,0.9952008858965378,-0.10169009799666476,-0.1012020756131865,-0.12851347837972427,0.21926998490679628,-0.016604673869257517,0.2026653110375387
learned_hmm_interaction_2017-12-31_20260910,learned_hmm_interaction,2017-12-31,20260910,1717,2018-02-23,-0.08688184649300312,0.9006617652080601,-0.0782511572269239,2.6590177468293836,0.9343718463809711,0.34356024796256546,1.2779320943435366
learned_hmm_interaction_2017-12-31_20260910,learned_hmm_interaction,2017-12-31,20260910,1722,2018-03-02,-0.8863201838120521,0.3803452312486359,-0.33710765527232844,-0.4209114363979935,0.43973679437970276,-0.05438415656744132,0.3853526378122617
learned_hmm_interaction_2017-12-31_20260910,learned_hmm_interaction,2017-12-31,20260910,1727,2018-03-09,-0.9557745213118285,0.8549220775910894,-0.8171127394685374,-0.10256543349380783,0.8933603397978223,-0.01325203857910981,0.8801083012187125
learned_hmm_interaction_2017-12-31_20260910,learned_hmm_interaction,2017-12-31,20260910,1732,2018-03-16,-0.9595631082129192,0.33772005686452083,-0.32406370747076346,-0.058952355582343456,0.2919288709322969,-0.007616980340201854,0.28431189059209505
learned_hmm_interaction_2017-12-31_20260910,learned_hmm_interaction,2017-12-31,20260910,1737,2018-03-23,-0.4116806248558281,0.0025055881474708623,-0.0010315020941821615,-0.3442223991671858,0.25032015014898473,-0.044475495868037083,0.2058446542809476
learned_hmm_interaction_2017-12-31_20260910,learned_hmm_interaction,2017-12-31,20260910,1742,2018-03-30,-0.8881957587965774,0.13042807021693306,-0.11584565879470214,-0.14000425900173777,0.2755833886091222,-0.01808934821732824,0.2574940403917939
learned_hmm_interaction_2017-12-31_20260910,learned_hmm_interaction,2017-12-31,20260910,1750,2018-04-13,-0.9551509767009431,-0.6363618969545283,0.6078216874113825,0.597012011670275,-0.46339844095358357,0.07713735457788601,-0.3862610863756975
learned_hmm_interaction_2017-12-31_20260910,learned_hmm_interaction,2017-12-31,20260910,1755,2018-04-20,-0.9136918671076846,0.16090595019320653,-0.14701845806076697,-0.015312323664938248,0.472456929102087,-0.0019784394901019805,0.470478489611985
learned_hmm_interaction_2017-12-31_20260910,learned_hmm_interaction,2017-12-31,20260910,1760,2018-04-27,-0.9121823777214678,0.24976823495426834,-0.2278341824398787,-0.35429382607815857,0.5828962302829959,-0.04577678162703457,0.5371194486559611
learned_hmm_interaction_2017-12-31_20260910,learned_hmm_interaction,2017-12-31,20260910,1763,2018-05-04,-0.9643862527912792,-0.2615502482779308,0.2522354638533824,-0.020548705923301578,-0.01519245366753258,-0.0026550099226443093,-0.01784746359017693
learned_hmm_interaction_2017-12-31_20260910,learned_hmm_interaction,2017-12-31,20260910,1768,2018-05-11,-0.9668974180512958,-0.5764911222079863,0.5574077775923959,0.39022867076279566,-0.38247617737160255,0.05041976837094455,-0.3320564090006581
learned_hmm_interaction_2017-12-31_20260910,learned_hmm_interaction,2017-12-31,20260910,1773,2018-05-18,-0.9562508872706733,0.20617454450455325,-0.19715459111510597,-0.38333483716180683,0.23113321808392,-0.049529045778290724,0.18160417230562925
learned_hmm_interaction_2017-12-31_20260910,learned_hmm_interaction,2017-12-31,20260910,1778,2018-05-25,-0.9663013626718959,0.3490179196033182,-0.33725649130959656,0.21665879504822338,0.553490820432522,0.02799355116707855,0.5814843715996001
learned_hmm_interaction_2017-12-31_20260910,learned_hmm_interaction,2017-12-31,20260910,1783,2018-06-01,-0.7885141007086436,-0.4278007838891866,0.3373269503908347,1.2196123102595005,-0.24338917387098707,0.1575808616661471,-0.08580831220483995
learned_hmm_interaction_2017-12-31_20260910,learned_hmm_interaction,2017-12-31,20260910,1788,2018-06-08,-0.9401336250852497,-0.48072209574637487,0.4519430065326179,1.0837690968396303,-0.24184578873038198,0.14002914425387633,-0.10181664447650576
learned_hmm_interaction_2017-12-31_20260910,learned_hmm_interaction,2017-12-31,20260910,1793,2018-06-15,-0.9662593001453857,0.28964596987678454,-0.2798731121430733,0.6566604580025418,0.519784839956011,0.08484427381034734,0.6046291137663583
learned_hmm_interaction_2017-12-31_20260910,learned_hmm_interaction,2017-12-31,20260910,1797,2018-06-22,-0.6882979204335071,0.11576538842755606,-0.07968107611286403,0.5692276044391563,0.36463083077874614,0.0735474508063906,0.43817828158513655
learned_hmm_interaction_2017-12-31_20260910,learned_hmm_interaction,2017-12-31,20260910,1802,2018-06-29,-0.21794389329358166,0.2755048224557325,-0.060044593627159325,0.9733214088380903,0.5532366350288331,0.12575867346745628,0.6789953084962895
learned_hmm_interaction_2017-12-31_20260910,learned_hmm_interaction,2017-12-31,20260910,1807,2018-07-06,-0.6500872766373683,-0.38476591744494837,0.250131427414665,-0.0959563700519905,0.039038718300931835,-0.012398109914068528,0.026640608386863343
learned_hmm_interaction_2017-12-31_20260910,learned_hmm_interaction,2017-12-31,20260910,1812,2018-07-13,-0.32241402897357196,-0.05156501672264832,0.01662528479563866,0.3167632019354798,0.23177006060286678,0.040927611082000256,0.2726976716848671
learned_hmm_interaction_2017-12-31_20260910,learned_hmm_interaction,2017-12-31,20260910,1817,2018-07-20,-0.8669508010276497,-0.37894266675938965,0.3285246484906066,0.5210286607379255,-0.0465893678634251,0.06731987257030178,0.020730504706876762
learned_hmm_interaction_2017-12-31_20260910,learned_hmm_interaction,2017-12-31,20260910,1822,2018-07-27,-0.9552710133842144,-0.36310065530500346,0.346859530953683,0.6221218446164257,-0.1328286819665672,0.08038168810802686,-0.05244699385854035
learned_hmm_interaction_2017-12-31_20260910,learned_hmm_interaction,2017-12-31,20260910,1827,2018-08-03,-0.5770785990489373,-0.3120820458262731,0.18009586979375192,0.2885612375747868,0.026653616690018908,0.037283756549496894,0.0639373732395157
learned_hmm_interaction_2017-12-31_20260910,learned_hmm_interaction,2017-12-31,20260910,1832,2018-08-10,0.23430018456829238,-0.08716048940594492,-0.020421718754875588,0.29873866613027994,0.20580975055062534,0.03859873832512281,0.24440848887574815
learned_hmm_interaction_2017-12-31_20260910,learned_hmm_interaction,2017-12-31,20260910,1837,2018-08-17,-0.5199151801862443,-0.002942195392075688,0.001529692047414169,0.49442765773969294,0.31433670288755244,0.06388287137050794,0.3782195742580605
learned_hmm_interaction_2017-12-31_20260910,learned_hmm_interaction,2017-12-31,20260910,1842,2018-08-24,-0.9402276133748555,-0.27886273533667477,0.2621944441047857,0.4541357795203843,0.04433814860114137,0.05867693106100485,0.10301507966214621
learned_hmm_interaction_2017-12-31_20260910,learned_hmm_interaction,2017-12-31,20260910,1847,2018-08-31,-0.9541461089993559,-0.8656104733542229,0.8259188650600224,0.5862928892628191,-0.5256808225973391,0.07575238286920229,-0.4499284397281371
learned_hmm_interaction_2017-12-31_20260910,learned_hmm_interaction,2017-12-31,20260910,1852,2018-09-07,-0.935270595295383,-0.09368866238955963,0.0876242510455116,0.06575106637307303,0.21146324335723443,0.008495412523617702,0.21995865588085206
learned_hmm_interaction_2017-12-31_20260910,learned_hmm_interaction,2017-12-31,20260910,1857,2018-09-14,-0.9649552938022402,-0.1593780651470127,0.1537927076795682,0.38047523448465465,0.08551811157381085,0.0491595688140966,0.13467768038790748
learned_hmm_interaction_2017-12-31_20260910,learned_hmm_interaction,2017-12-31,20260910,1862,2018-09-21,-0.19241357276783455,-0.31882353061691826,0.06134597460845633,-0.26348911955572324,-0.10418981013647721,-0.034044296002891945,-0.13823410613936904
learned_hmm_interaction_2017-12-31_20260910,learned_hmm_interaction,2017-12-31,20260910,1866,2018-09-28,-0.8804554445322449,-0.5193983883790336,0.4573071389295936,0.07045218585560395,-0.42930060860105196,0.009102823954792179,-0.4201977846462598
learned_hmm_interaction_2017-12-31_20260910,learned_hmm_interaction,2017-12-31,20260910,1871,2018-10-12,0.8290703564908299,-0.05960318488480801,-0.049415233740436625,0.14582915724611611,0.269076200732102,0.018841958269510694,0.2879181590016127
learned_hmm_interaction_2017-12-31_20260910,learned_hmm_interaction,2017-12-31,20260910,1876,2018-10-19,0.8991269399323865,-0.006705470448991855,-0.006029069125609092,0.27287418590501467,0.31914366806545735,0.035256900065408034,0.3544005681308654
learned_hmm_interaction_2017-12-31_20260910,learned_hmm_interaction,2017-12-31,20260910,1881,2018-10-26,-0.35777169971380196,-0.17962185440358294,0.06426361615571494,0.073149996575793,0.20014845717990767,0.009451396476013374,0.20959985365592101
learned_hmm_interaction_2017-12-31_20260910,learned_hmm_interaction,2017-12-31,20260910,1886,2018-11-02,0.9354739692518037,0.3952949508745478,0.36978813671981,2.391552350424614,0.7174376305473997,0.309002194327986,1.0264398248753857
learned_hmm_interaction_2017-12-31_20260910,learned_hmm_interaction,2017-12-31,20260910,1891,2018-11-09,-0.6808176233148993,-0.012552498240916758,0.008545962019045401,0.10867393823472007,0.21710803103834003,0.01404129220705973,0.23114932324539983
learned_hmm_interaction_2017-12-31_20260910,learned_hmm_interaction,2017-12-31,20260910,1896,2018-11-16,-0.942636833565529,-0.04217031333145947,0.03975129062923317,-0.1947460954895167,0.15772317855399953,-0.025162305492657893,0.1325608730613416
learned_hmm_interaction_2017-12-31_20260910,learned_hmm_interaction,2017-12-31,20260910,1901,2018-11-23,-0.7401415134514766,0.4555031288863908,-0.3371367751958563,0.24978027975028863,0.6386265981426282,0.03227303576649443,0.6708996339091226
learned_hmm_interaction_2017-12-31_20260910,learned_hmm_interaction,2017-12-31,20260910,1906,2018-11-30,-0.923449000713247,0.3540383510953888,-0.32693636153320244,-0.3278944634954782,0.41660301194535093,-0.04236583351817966,0.3742371784271713
learned_hmm_interaction_2017-12-31_20260910,learned_hmm_interaction,2017-12-31,20260910,1911,2018-12-07,-0.8308775664938213,0.487291652245169,-0.40487970219021946,-0.021238125853702744,0.5640330143806682,-0.0027440869070011788,0.5612889274736672
learned_hmm_interaction_2017-12-31_20260910,learned_hmm_interaction,2017-12-31,20260910,1916,2018-12-14,-0.8665243673683798,0.4448143686684001,-0.38544248940675063,0.17243869444190849,0.5153799815324944,0.022280062136269933,0.5376600436687643
learned_hmm_interaction_2017-12-31_20260910,learned_hmm_interaction,2017-12-31,20260910,1921,2018-12-21,-0.9357091346331886,0.32750769518283995,-0.3064519420452453,-0.06358321214690368,0.5129856603884179,-0.008215313401911003,0.5047703469865067
learned_hmm_interaction_2017-12-31_20260910,learned_hmm_interaction,2017-12-31,20260910,1926,2018-12-28,-0.9673832453832275,0.7633029980042032,-0.7384065314200533,-0.30333890424141224,1.0324638740213437,-0.03919311530813919,0.9932707587132047
learned_hmm_interaction_2017-12-31_20260911,learned_hmm_interaction,2017-12-31,20260911,1687,2018-01-05,-0.9700483875630086,0.5252652875594338,-0.5095327452398488,-0.33950458344642764,0.5957014127286198,-0.03479726499341185,0.5609041477352081
learned_hmm_interaction_2017-12-31_20260911,learned_hmm_interaction,2017-12-31,20260911,1692,2018-01-12,-0.9712976666223624,0.7687906245033803,-0.746724539701282,-0.7955343344195166,0.8219651400285171,-0.08153768872614235,0.7404274513023748
learned_hmm_interaction_2017-12-31_20260911,learned_hmm_interaction,2017-12-31,20260911,1697,2018-01-19,-0.9713884799292591,-0.17514155688372,0.17013049071372063,0.21206027910455924,-0.11922193591972509,0.021734957601073503,-0.09748697831865158
learned_hmm_interaction_2017-12-31_20260911,learned_hmm_interaction,2017-12-31,20260911,1702,2018-01-26,-0.9698835418870146,-0.20214587215111893,0.19605795445976687,-0.08950204529530613,-0.16639433221825772,-0.009173444305162261,-0.17556777652342007
learned_hmm_interaction_2017-12-31_20260911,learned_hmm_interaction,2017-12-31,20260911,1707,2018-02-02,-0.9633978512678341,0.10685122363930863,-0.10294023925944873,0.22239453228734168,0.1402979071042187,0.022794159049430485,0.16309206615364927
learned_hmm_interaction_2017-12-31_20260911,learned_hmm_interaction,2017-12-31,20260911,1712,2018-02-09,0.9952008858965378,0.07153644126398488,0.07119312971980339,0.1945180641014886,0.20088486753394738,0.01993698156835942,0.2208218491023068
learned_hmm_interaction_2017-12-31_20260911,learned_hmm_interaction,2017-12-31,20260911,1717,2018-02-23,-0.08688184649300312,0.21308002810592402,-0.018512786292623682,0.8014409732104124,0.30592691625050017,0.08214308519278417,0.3880700014432842
learned_hmm_interaction_2017-12-31_20260911,learned_hmm_interaction,2017-12-31,20260911,1722,2018-03-02,-0.8863201838120521,0.7379399859745102,-0.654051104011191,-0.3221888280367825,0.8514557417088798,-0.033022499765107925,0.8184332419437722
learned_hmm_interaction_2017-12-31_20260911,learned_hmm_interaction,2017-12-31,20260911,1727,2018-03-09,-0.9557745213118285,0.6893431499347445,-0.6588566191484685,-0.9319792128212976,0.8164483083326218,-0.09552250313584186,0.7209258051967801
learned_hmm_interaction_2017-12-31_20260911,learned_hmm_interaction,2017-12-31,20260911,1732,2018-03-16,-0.9595631082129192,-0.25799259835496324,0.2475601795734158,0.2605996092082601,-0.25336278599087164,0.026709959455467298,-0.22665282653540428
learned_hmm_interaction_2017-12-31_20260911,learned_hmm_interaction,2017-12-31,20260911,1737,2018-03-23,-0.4116806248558281,-0.15350558355545554,0.06319527455696847,0.09788446513053645,-0.08025307871632813,0.01003259407372074,-0.07022048464260729
learned_hmm_interaction_2017-12-31_20260911,learned_hmm_interaction,2017-12-31,20260911,1742,2018-03-30,-0.8881957587965774,-0.2008818688196529,0.17842242390474614,0.47165485882304337,-0.15070774499921175,0.048341907320628215,-0.10236583767858345
learned_hmm_interaction_2017-12-31_20260911,learned_hmm_interaction,2017-12-31,20260911,1750,2018-04-13,-0.9551509767009431,-0.9688635653006099,0.9254109806868355,0.8606723648612544,-0.9491164283419515,0.0882139617926818,-0.8609024665492695
learned_hmm_interaction_2017-12-31_20260911,learned_hmm_interaction,2017-12-31,20260911,1755,2018-04-20,-0.9136918671076846,-0.5116097703588874,0.4674536863097456,0.19983768901256502,-0.45310612461053784,0.02048221249224617,-0.4326239121182918
learned_hmm_interaction_2017-12-31_20260911,learned_hmm_interaction,2017-12-31,20260911,1760,2018-04-27,-0.9121823777214678,0.2157821650800885,-0.1968326884126414,-0.3155501328335944,0.26054488730292363,-0.0323420717312629,0.2282028155716609
learned_hmm_interaction_2017-12-31_20260911,learned_hmm_interaction,2017-12-31,20260911,1763,2018-05-04,-0.9643862527912792,0.29422903254370525,-0.2837504341572272,-0.36114168410367836,0.32194798588537415,-0.03701494322802185,0.2849330426573522
learned_hmm_interaction_2017-12-31_20260911,learned_hmm_interaction,2017-12-31,20260911,1768,2018-05-11,-0.9668974180512958,0.3740259991481176,-0.3616447728603711,-0.27440889181596956,0.40809584649178304,-0.028125331411248875,0.37997051508053414
learned_hmm_interaction_2017-12-31_20260911,learned_hmm_interaction,2017-12-31,20260911,1773,2018-05-18,-0.9562508872706733,0.452496900500263,-0.4327005625906061,-0.5484011220242572,0.48550628772607357,-0.05620795740677727,0.42929833031929643
learned_hmm_interaction_2017-12-31_20260911,learned_hmm_interaction,2017-12-31,20260911,1778,2018-05-25,-0.9663013626718959,0.2787024120822467,-0.26931052057501925,-0.0503435396942196,0.2878470675968289,-0.005159922949088953,0.28268714464774003
learned_hmm_interaction_2017-12-31_20260911,learned_hmm_interaction,2017-12-31,20260911,1783,2018-06-01,-0.7885141007086436,-0.6803248847288537,0.5364457646716837,0.25122052341045714,-0.6581996255663833,0.025748657164378807,-0.6324509684020047
learned_hmm_interaction_2017-12-31_20260911,learned_hmm_interaction,2017-12-31,20260911,1788,2018-06-08,-0.9401336250852497,-0.5591374236405559,0.5256638930080227,0.7704151349152139,-0.5433679048519848,0.07896311540904448,-0.4644047894429403
learned_hmm_interaction_2017-12-31_20260911,learned_hmm_interaction,2017-12-31,20260911,1793,2018-06-15,-0.9662593001453857,-0.33742633896116786,0.3260413381352378,0.4965390806914383,-0.31112722123634334,0.050892396783006943,-0.26023482445333634
learned_hmm_interaction_2017-12-31_20260911,learned_hmm_interaction,2017-12-31,20260911,1797,2018-06-22,-0.6882979204335071,-0.07117368810326107,0.048988701511057636,0.16446919910402205,-0.007812948024357197,0.01685714592239061,0.009044197898033332
learned_hmm_interaction_2017-12-31_20260911,learned_hmm_interaction,2017-12-31,20260911,1802,2018-06-29,-0.21794389329358166,0.4063996982627535,-0.08857233247272134,0.48088383617563824,0.4774949611836563,0.049287824360381864,0.5267827855440381
learned_hmm_interaction_2017-12-31_20260911,learned_hmm_interaction,2017-12-31,20260911,1807,2018-07-06,-0.6500872766373683,-0.39832697764096137,0.25894730010580647,-0.0835959938607449,-0.29516035144375485,-0.008568108039162846,-0.3037284594829177
learned_hmm_interaction_2017-12-31_20260911,learned_hmm_interaction,2017-12-31,20260911,1812,2018-07-13,-0.32241402897357196,-0.2447182213526548,0.07890058770955584,-0.40992248325812775,-0.09900068310636766,-0.04201469426977951,-0.14101537737614714
learned_hmm_interaction_2017-12-31_20260911,learned_hmm_interaction,2017-12-31,20260911,1817,2018-07-20,-0.8669508010276497,-0.32561730411479606,0.28229418263078626,0.3163801517652901,-0.19304141098938515,0.03242714389265338,-0.1606142670967317
learned_hmm_interaction_2017-12-31_20260911,learned_hmm_interaction,2017-12-31,20260911,1822,2018-07-27,-0.9552710133842144,0.5370144414164939,-0.5129943296538919,-0.5669190242785297,0.6339472964673819,-0.05810593576489772,0.5758413607024842
learned_hmm_interaction_2017-12-31_20260911,learned_hmm_interaction,2017-12-31,20260911,1827,2018-08-03,-0.5770785990489373,-0.11860211620081555,0.06844274306140591,-0.025806444238597577,-0.04874258775272415,-0.002645011945324402,-0.05138759969804861
learned_hmm_interaction_2017-12-31_20260911,learned_hmm_interaction,2017-12-31,20260911,1832,2018-08-10,0.23430018456829238,0.2018459669936338,0.04729254732097385,0.6024310525455556,0.3057748849745805,0.06174571419002824,0.3675205991646088
learned_hmm_interaction_2017-12-31_20260911,learned_hmm_interaction,2017-12-31,20260911,1837,2018-08-17,-0.5199151801862443,0.3505505548384762,-0.18225655488323425,0.3028037311975749,0.43777672363850745,0.031035638955191062,0.4688123625936986
learned_hmm_interaction_2017-12-31_20260911,learned_hmm_interaction,2017-12-31,20260911,1842,2018-08-24,-0.9402276133748555,0.5720312218246562,-0.537839550472099,-0.6404430976408757,0.6890652713200912,-0.06564172994538577,0.6234235413747055
learned_hmm_interaction_2017-12-31_20260911,learned_hmm_interaction,2017-12-31,20260911,1847,2018-08-31,-0.9541461089993559,0.6150290994234817,-0.5868276221362931,-0.9269521909293196,0.7216622142007224,-0.09500726233665412,0.6266549518640685
learned_hmm_interaction_2017-12-31_20260911,learned_hmm_interaction,2017-12-31,20260911,1852,2018-09-07,-0.935270595295383,-0.014472324012310203,0.01353553909430103,0.2094555866243479,0.045757174607318006,0.021467991619229656,0.06722516622654788
learned_hmm_interaction_2017-12-31_20260911,learned_hmm_interaction,2017-12-31,20260911,1857,2018-09-14,-0.9649552938022402,-0.009679190566515573,0.009339986176879906,-0.22599738919282816,0.03546896538683479,-0.023163431137603455,0.012305534249231309
learned_hmm_interaction_2017-12-31_20260911,learned_hmm_interaction,2017-12-31,20260911,1862,2018-09-21,-0.19241357276783455,-0.17051932017306318,0.03281023162044137,-0.6566294348880861,-0.06269618647853288,-0.06730073631503848,-0.12999692279357133
learned_hmm_interaction_2017-12-31_20260911,learned_hmm_interaction,2017-12-31,20260911,1866,2018-09-28,-0.8804554445322449,-0.7897743041301681,0.6953610860230716,0.32946530297634286,-0.7003043861440591,0.033768296549703494,-0.6665360895943555
learned_hmm_interaction_2017-12-31_20260911,learned_hmm_interaction,2017-12-31,20260911,1871,2018-10-12,0.8290703564908299,-0.440855573001469,-0.365500287069297,-2.4476836457297053,-0.29542533898548945,-0.25087348033973406,-0.5462988193252236
learned_hmm_interaction_2017-12-31_20260911,learned_hmm_interaction,2017-12-31,20260911,1876,2018-10-19,0.8991269399323865,0.42740552898952433,0.3842918253905339,2.815487657541404,0.6000949934373478,0.28857127379727426,0.8886662672346222
learned_hmm_interaction_2017-12-31_20260911,learned_hmm_interaction,2017-12-31,20260911,1881,2018-10-26,-0.35777169971380196,0.16325141993427153,-0.058406737990575976,0.35702961414289475,0.38056325603951563,0.03659347973364339,0.4171567357731591
learned_hmm_interaction_2017-12-31_20260911,learned_hmm_interaction,2017-12-31,20260911,1886,2018-11-02,0.9354739692518037,0.505069583452088,0.47247944798027985,3.096154224814614,0.7691924924275318,0.3173379809122556,1.0865304733397874
learned_hmm_interaction_2017-12-31_20260911,learned_hmm_interaction,2017-12-31,20260911,1891,2018-11-09,-0.6808176233148993,0.3797886331504571,-0.25856679458350834,-0.00906665270374389,0.5510859523722957,-0.0009292796978842374,0.5501566726744115
learned_hmm_interaction_2017-12-31_20260911,learned_hmm_interaction,2017-12-31,20260911,1896,2018-11-16,-0.942636833565529,0.7796408464226118,-0.7349181787901596,-0.5562616223951116,0.9516025618041959,-0.05701361343536103,0.8945889483688346
learned_hmm_interaction_2017-12-31_20260911,learned_hmm_interaction,2017-12-31,20260911,1901,2018-11-23,-0.7401415134514766,0.8647996308500681,-0.6400741076096477,-0.054323016331509565,0.9718031859820732,-0.0055677963912592,0.9662353895908136
learned_hmm_interaction_2017-12-31_20260911,learned_hmm_interaction,2017-12-31,20260911,1906,2018-11-30,-0.923449000713247,0.12217673997484164,-0.11282398844016973,0.03583663899155948,0.15331732308559115,0.003673049155341682,0.15699037224093287
learned_hmm_interaction_2017-12-31_20260911,learned_hmm_interaction,2017-12-31,20260911,1911,2018-12-07,-0.8308775664938213,0.39917306317628876,-0.33166394334179916,0.09652739306506719,0.4570171180056826,0.009893502000801076,0.46691062000648353
learned_hmm_interaction_2017-12-31_20260911,learned_hmm_interaction,2017-12-31,20260911,1916,2018-12-14,-0.8665243673683798,-0.4137994645308276,0.3585673192199497,0.4292988946234529,-0.3590226236661394,0.04400066486863291,-0.31502195879750655
learned_hmm_interaction_2017-12-31_20260911,learned_hmm_interaction,2017-12-31,20260911,1921,2018-12-21,-0.9357091346331886,0.25149352200244784,-0.23532478583876326,0.010096151063149527,0.3009224195490111,0.001034797352046257,0.30195721690105737
learned_hmm_interaction_2017-12-31_20260911,learned_hmm_interaction,2017-12-31,20260911,1926,2018-12-28,-0.9673832453832275,0.14341234579991635,-0.13873470050794476,0.09352612831220374,0.19118670865640547,0.009585889644406318,0.20077259830081173
learned_hmm_interaction_2017-12-31_20260912,learned_hmm_interaction,2017-12-31,20260912,1687,2018-01-05,-0.9700483875630086,0.7245667688386195,-0.702864825793642,-0.6960520769110199,0.7965396015660546,-0.09599273121923232,0.7005468703468225
learned_hmm_interaction_2017-12-31_20260912,learned_hmm_interaction,2017-12-31,20260912,1692,2018-01-12,-0.9712976666223624,0.89435694259655,-0.868686811471539,-0.8825974779919581,0.9820178961197045,-0.12171925821361343,0.860298637906091
learned_hmm_interaction_2017-12-31_20260912,learned_hmm_interaction,2017-12-31,20260912,1697,2018-01-19,-0.9713884799292591,0.6185554953489502,-0.6008576823789066,-0.8089557028464995,0.7146935428854471,-0.11156330097630916,0.6031302419091378
learned_hmm_interaction_2017-12-31_20260912,learned_hmm_interaction,2017-12-31,20260912,1702,2018-01-26,-0.9698835418870146,-0.2971542333420585,0.2882050003205161,-0.01631701579247282,-0.17259843600276523,-0.002250284085377484,-0.17484872008814273
learned_hmm_interaction_2017-12-31_20260912,learned_hmm_interaction,2017-12-31,20260912,1707,2018-02-02,-0.9633978512678341,0.46424596405852,-0.44725356423374224,-0.3213624570126639,0.5850248985201826,-0.044319183841631256,0.5407057146785513
learned_hmm_interaction_2017-12-31_20260912,learned_hmm_interaction,2017-12-31,20260912,1712,2018-02-09,0.9952008858965378,0.44624109841566384,0.44409953646671274,2.608590533393983,0.494942999591085,0.3597514298705745,0.8546944294616594
learned_hmm_interaction_2017-12-31_20260912,learned_hmm_interaction,2017-12-31,20260912,1717,2018-02-23,-0.08688184649300312,0.7480613284996296,-0.0649929495100568,1.4458354588547582,0.8382201948848594,0.19939556132783795,1.0376157562126975
learned_hmm_interaction_2017-12-31_20260912,learned_hmm_interaction,2017-12-31,20260912,1722,2018-03-02,-0.8863201838120521,1.247201583573482,-1.1054199368035311,-0.9396294371308518,1.3545593951722281,-0.12958455120838733,1.2249748439638408
learned_hmm_interaction_2017-12-31_20260912,learned_hmm_interaction,2017-12-31,20260912,1727,2018-03-09,-0.9557745213118285,0.6935835728647988,-0.6629095073446007,-0.29383442575685664,0.7529777506087099,-0.04052278556485241,0.7124549650438573
learned_hmm_interaction_2017-12-31_20260912,learned_hmm_interaction,2017-12-31,20260912,1732,2018-03-16,-0.9595631082129192,-0.12075094095920881,0.11586814822645311,0.1290804733956285,-0.004520383237955838,0.017801523189624528,0.013281139951668741
learned_hmm_interaction_2017-12-31_20260912,learned_hmm_interaction,2017-12-31,20260912,1737,2018-03-23,-0.4116806248558281,-0.8649177788022662,0.35606989162623187,-0.688708928356143,-0.8193832223334729,-0.0949800356050487,-0.9143632579385216
learned_hmm_interaction_2017-12-31_20260912,learned_hmm_interaction,2017-12-31,20260912,1742,2018-03-30,-0.8881957587965774,-0.9731555924460262,0.8643526698597311,0.4556899324238914,-0.9043579099693468,0.0628443225061573,-0.8415135874631897
learned_hmm_interaction_2017-12-31_20260912,learned_hmm_interaction,2017-12-31,20260912,1750,2018-04-13,-0.9551509767009431,0.12345850190118803,-0.11792150867295498,-0.04841180273697808,0.22591142279022025,-0.006676484881120909,0.21923493790909934
learned_hmm_interaction_2017-12-31_20260912,learned_hmm_interaction,2017-12-31,20260912,1755,2018-04-20,-0.9136918671076846,-0.060064148984470746,0.054880124431855214,-0.05344761115547022,0.04101625723616547,-0.00737097458961101,0.03364528264655442
learned_hmm_interaction_2017-12-31_20260912,learned_hmm_interaction,2017-12-31,20260912,1760,2018-04-27,-0.9121823777214678,0.24282111926514577,-0.2214971459322688,-0.5276553942673964,0.35866136536966875,-0.07276909892011318,0.28589226644955557
learned_hmm_interaction_2017-12-31_20260912,learned_hmm_interaction,2017-12-31,20260912,1763,2018-05-04,-0.9643862527912792,0.7404845900425814,-0.7141131590408516,-0.8716768447495439,0.8598629997782548,-0.12021319071326908,0.7396498090649857
learned_hmm_interaction_2017-12-31_20260912,learned_hmm_interaction,2017-12-31,20260912,1768,2018-05-11,-0.9668974180512958,0.5410879569859174,-0.5231765485483342,-0.7566389086067321,0.6465428789256815,-0.10434827765507013,0.5421946012706114
learned_hmm_interaction_2017-12-31_20260912,learned_hmm_interaction,2017-12-31,20260912,1773,2018-05-18,-0.9562508872706733,-0.034516670555760305,0.03300659684457532,-0.27545020380749347,0.05535060275527372,-0.03798741251619828,0.017363190239075427
learned_hmm_interaction_2017-12-31_20260912,learned_hmm_interaction,2017-12-31,20260912,1778,2018-05-25,-0.9663013626718959,-0.19101495489878098,0.18457801120940281,0.22185985749528525,-0.12207779010661893,0.030596753282304486,-0.09148103682431435
learned_hmm_interaction_2017-12-31_20260912,learned_hmm_interaction,2017-12-31,20260912,1783,2018-06-01,-0.7885141007086436,0.15915512227122078,-0.12549605811086587,0.3375556930125677,0.1770059062670203,0.04655239742215344,0.22355830368917368
learned_hmm_interaction_2017-12-31_20260912,learned_hmm_interaction,2017-12-31,20260912,1788,2018-06-08,-0.9401336250852497,-0.8919387541494997,0.8385416142925904,1.2488586478945138,-0.885093724587388,0.17223043576016375,-0.7128632888272242
learned_hmm_interaction_2017-12-31_20260912,learned_hmm_interaction,2017-12-31,20260912,1793,2018-06-15,-0.9662593001453857,-0.6146961662638171,0.5939558874161276,0.8501275555851466,-0.5904583173391034,0.1172413223842447,-0.4732169949548585
learned_hmm_interaction_2017-12-31_20260912,learned_hmm_interaction,2017-12-31,20260912,1797,2018-06-22,-0.6882979204335071,-0.27881663085700303,0.191908907201152,0.3762937017453169,-0.24595961571410016,0.05189476674134798,-0.19406484897275228
learned_hmm_interaction_2017-12-31_20260912,learned_hmm_interaction,2017-12-31,20260912,1802,2018-06-29,-0.21794389329358166,-0.025364004469241905,0.005527929883542386,-0.05340366148216595,0.0592455509077015,-0.007364913478213437,0.0518806374294882
learned_hmm_interaction_2017-12-31_20260912,learned_hmm_interaction,2017-12-31,20260912,1807,2018-07-06,-0.6500872766373683,0.3670819362550181,-0.23863529624279675,-0.5988848093609022,0.5217162105624357,-0.08259236692660764,0.439123843635828
learned_hmm_interaction_2017-12-31_20260912,learned_hmm_interaction,2017-12-31,20260912,1812,2018-07-13,-0.32241402897357196,0.11468301787520804,-0.036975413847994,-0.2879243573826937,0.23067090211155264,-0.0397077264281194,0.19096317568343324
learned_hmm_interaction_2017-12-31_20260912,learned_hmm_interaction,2017-12-31,20260912,1817,2018-07-20,-0.8669508010276497,0.31475394683527796,-0.27287618633545846,-0.6433285403466472,0.4263009064822083,-0.08872161395339277,0.33757929252881563
learned_hmm_interaction_2017-12-31_20260912,learned_hmm_interaction,2017-12-31,20260912,1822,2018-07-27,-0.9552710133842144,0.7099846980738753,-0.6782278020163164,-1.1716959675116352,0.835044753684949,-0.16158890952405125,0.6734558441608979
learned_hmm_interaction_2017-12-31_20260912,learned_hmm_interaction,2017-12-31,20260912,1827,2018-08-03,-0.5770785990489373,0.8215618434935689,-0.47410575767533103,0.05887580968489822,0.9208747905761155,0.00811957892501137,0.928994369501127
learned_hmm_interaction_2017-12-31_20260912,learned_hmm_interaction,2017-12-31,20260912,1832,2018-08-10,0.23430018456829238,0.050436978397861446,0.011817393347685912,-0.062187941729559465,0.1668677046227113,-0.00857635595603001,0.1582913486666812
learned_hmm_interaction_2017-12-31_20260912,learned_hmm_interaction,2017-12-31,20260912,1837,2018-08-17,-0.5199151801862443,-0.8222010321644019,0.42747479778707104,-0.7050663843785819,-0.6866254434509286,-0.0972358968135386,-0.7838613402644672
learned_hmm_interaction_2017-12-31_20260912,learned_hmm_interaction,2017-12-31,20260912,1842,2018-08-24,-0.9402276133748555,-0.6832598623545257,0.642419789696428,0.3722597327540597,-0.5569363962720705,0.05133844098071962,-0.5055979552913509
learned_hmm_interaction_2017-12-31_20260912,learned_hmm_interaction,2017-12-31,20260912,1847,2018-08-31,-0.9541461089993559,-0.1258630456219268,0.12009173524696987,0.15593384565961838,-0.03823268643073899,0.021504879061367287,-0.01672780736937171
learned_hmm_interaction_2017-12-31_20260912,learned_hmm_interaction,2017-12-31,20260912,1852,2018-09-07,-0.935270595295383,0.5377838961601682,-0.502973464701991,-0.5066072530198422,0.6496868942705479,-0.06986634403658859,0.5798205502339595
learned_hmm_interaction_2017-12-31_20260912,learned_hmm_interaction,2017-12-31,20260912,1857,2018-09-14,-0.9649552938022402,0.552523242651825,-0.5331602279456582,-0.7374401806435923,0.6464659480781515,-0.1017005758605499,0.5447653722176018
learned_hmm_interaction_2017-12-31_20260912,learned_hmm_interaction,2017-12-31,20260912,1862,2018-09-21,-0.19241357276783455,-0.4374822026743267,0.0841775136389091,-0.7487702093573219,-0.40358991452488824,-0.10326310320167909,-0.5068530177265673
learned_hmm_interaction_2017-12-31_20260912,learned_hmm_interaction,2017-12-31,20260912,1866,2018-09-28,-0.8804554445322449,-0.11302946608924143,0.09951740881084536,-0.06578686130355953,-0.05158930350238525,-0.009072683933212075,-0.060661987435597156
learned_hmm_interaction_2017-12-31_20260912,learned_hmm_interaction,2017-12-31,20260912,1871,2018-10-12,0.8290703564908299,-0.24341249854016161,-0.20180608693901542,-0.6952827914202839,-0.29364420211991793,-0.09588663884799656,-0.3895308409679144
learned_hmm_interaction_2017-12-31_20260912,learned_hmm_interaction,2017-12-31,20260912,1876,2018-10-19,0.8991269399323865,0.5800660730163982,0.5215530331898304,3.4391413751881794,0.5612443762514223,0.4742929223319918,1.0355372985834141
learned_hmm_interaction_2017-12-31_20260912,learned_hmm_interaction,2017-12-31,20260912,1881,2018-10-26,-0.35777169971380196,-0.21677910726574984,0.07755742966890791,-0.20923851491664042,-0.2034483484680459,-0.028856140494890038,-0.2323044889629359
learned_hmm_interaction_2017-12-31_20260912,learned_hmm_interaction,2017-12-31,20260912,1886,2018-11-02,0.9354739692518037,-0.42494993969183437,-0.3975296068168349,-2.351302291788939,-0.4082544040829098,-0.32426873850088955,-0.732523142583799
learned_hmm_interaction_2017-12-31_20260912,learned_hmm_interaction,2017-12-31,20260912,1891,2018-11-09,-0.6808176233148993,0.16687041208831976,-0.1136083173595477,-0.1251171510125552,0.26460723533627384,-0.017254940321943264,0.24735229501433056
learned_hmm_interaction_2017-12-31_20260912,learned_hmm_interaction,2017-12-31,20260912,1896,2018-11-16,-0.942636833565529,0.6827791632042237,-0.6436127884273509,-0.7498857347898499,0.7682919548454111,-0.10341694561744788,0.6648750092279633
learned_hmm_interaction_2017-12-31_20260912,learned_hmm_interaction,2017-12-31,20260912,1901,2018-11-23,-0.7401415134514766,0.3988880704577897,-0.29523362016636767,-0.3882615062213685,0.47180842862113703,-0.0535452499113031,0.41826317870983387
learned_hmm_interaction_2017-12-31_20260912,learned_hmm_interaction,2017-12-31,20260912,1906,2018-11-30,-0.923449000713247,-0.6581257094570881,0.6077455287418447,0.16214500606022353,-0.526204721849253,0.022361461881349375,-0.5038432599679037
learned_hmm_interaction_2017-12-31_20260912,learned_hmm_interaction,2017-12-31,20260912,1911,2018-12-07,-0.8308775664938213,-0.848192137211029,0.7047438188850932,0.562588125197687,-0.7880686189283552,0.07758668134271951,-0.7104819375856359
learned_hmm_interaction_2017-12-31_20260912,learned_hmm_interaction,2017-12-31,20260912,1916,2018-12-14,-0.8665243673683798,-0.6849047911610501,0.5934866908684012,0.60249046118779,-0.6669580409783882,0.0830896233506163,-0.5838684176277719
learned_hmm_interaction_2017-12-31_20260912,learned_hmm_interaction,2017-12-31,20260912,1921,2018-12-21,-0.9357091346331886,-0.17926356235649632,0.16773855280385983,0.4617263228953945,-0.14165819584545716,0.06367680275768799,-0.0779813930877693
learned_hmm_interaction_2017-12-31_20260912,learned_hmm_interaction,2017-12-31,20260912,1926,2018-12-28,-0.9673832453832275,-0.08702877615757165,0.08419017992104212,0.21555370603033447,-0.03325901274437787,0.029727070218805527,-0.0035319425255723458
learned_hmm_interaction_2018-12-31_20260910,learned_hmm_interaction,2018-12-31,20260910,1929,2019-01-04,-0.7602337841968588,0.7501169819119927,-0.570264271749281,-0.1412859044631437,0.9042993080470865,-0.009792358399618126,0.8945069496474682
learned_hmm_interaction_2018-12-31_20260910,learned_hmm_interaction,2018-12-31,20260910,1934,2019-01-11,-0.960135590725942,0.4123074556159447,-0.39587106245852516,-0.7109993296279269,0.4997811282774935,-0.04927851992072649,0.4505026083567669
learned_hmm_interaction_2018-12-31_20260910,learned_hmm_interaction,2018-12-31,20260910,1939,2019-01-18,-0.8833061004200267,0.877542692853021,-0.7751388139760912,-0.7276573647449046,0.9668040703784475,-0.05043306856957223,0.9163710018088752
learned_hmm_interaction_2018-12-31_20260910,learned_hmm_interaction,2018-12-31,20260910,1944,2019-01-25,-0.958629555001797,0.437178912662422,-0.41909262650174706,-0.7316752551936193,0.4924026410675185,-0.050711543789260405,0.44169109727825806
learned_hmm_interaction_2018-12-31_20260910,learned_hmm_interaction,2018-12-31,20260910,1949,2019-02-01,-0.9275890309316598,1.559177676743295,-1.4462761102205897,-1.1696115348739091,1.5958497890997696,-0.08106438771321668,1.514785401386553
learned_hmm_interaction_2018-12-31_20260910,learned_hmm_interaction,2018-12-31,20260910,1954,2019-02-15,-0.8012060030380084,1.6300011111554915,-1.3059666752164039,-0.47930802235442854,1.6412755660457534,-0.03322027032025064,1.608055295725503
learned_hmm_interaction_2018-12-31_20260910,learned_hmm_interaction,2018-12-31,20260910,1959,2019-02-22,-0.4831665047290521,1.104372425159553,-0.5335957645834879,0.34864978787851214,1.0639166743345256,0.02416450311749139,1.0880811774520167
learned_hmm_interaction_2018-12-31_20260910,learned_hmm_interaction,2018-12-31,20260910,1964,2019-03-01,0.1900345135149477,-0.7267186430890951,-0.1381016238016791,-1.5408177328635062,-0.8395701690641452,-0.10679224885184835,-0.9463624179159935
learned_hmm_interaction_2018-12-31_20260910,learned_hmm_interaction,2018-12-31,20260910,1969,2019-03-08,0.9263187319164421,0.8281852660477463,0.7671635254372297,3.6515736388123505,0.7868525944719571,0.25308623623651055,1.0399388307084676
learned_hmm_interaction_2018-12-31_20260910,learned_hmm_interaction,2018-12-31,20260910,1974,2019-03-15,-0.4696982994087975,-0.09636629701447572,0.04526308582802232,0.25078507631717767,-0.2109950605094763,0.017381616077731303,-0.19361344443174494
learned_hmm_interaction_2018-12-31_20260910,learned_hmm_interaction,2018-12-31,20260910,1979,2019-03-22,-0.8820961503871119,0.0742377510418554,-0.06548483440741745,-0.21328582406665508,-0.10671754902924548,-0.01478258739790575,-0.12150013642715116
learned_hmm_interaction_2018-12-31_20260910,learned_hmm_interaction,2018-12-31,20260910,1984,2019-03-29,0.7575379662424664,-0.02084252654902683,-0.015789005173304397,-0.10543362800574495,-0.22622990005172644,-0.007307479657842273,-0.23353737970956884
learned_hmm_interaction_2018-12-31_20260910,learned_hmm_interaction,2018-12-31,20260910,1993,2019-04-12,-0.8426662819542078,-0.299912804361133,0.25272640776145566,-0.10609541427894682,-0.517553747817039,-0.0073533472792144455,-0.5249070950962534
learned_hmm_interaction_2018-12-31_20260910,learned_hmm_interaction,2018-12-31,20260910,1998,2019-04-19,-0.8807593818524238,-0.32008439103987785,0.2819173303928923,-0.3375239839258979,-0.5494006635253524,-0.023393386846538064,-0.5727940503718907
learned_hmm_interaction_2018-12-31_20260910,learned_hmm_interaction,2018-12-31,20260910,2003,2019-04-26,-0.7399939253400811,-0.37148443703256995,0.27489622676248165,-0.3638666658172963,-0.5069788063874657,-0.02521916687228009,-0.5321979732597457
learned_hmm_interaction_2018-12-31_20260910,learned_hmm_interaction,2018-12-31,20260910,2010,2019-05-10,0.9861011058579483,-0.502654073310417,-0.49566773755540444,-2.172871740707399,-0.5451817174716519,-0.1505991621900222,-0.6957808796616741
learned_hmm_interaction_2018-12-31_20260910,learned_hmm_interaction,2018-12-31,20260910,2015,2019-05-17,0.7443443673489762,-0.3146319056224711,-0.23419448673836107,-0.6872048305864592,-0.3201260658096577,-0.04762935142484016,-0.3677554172344979
learned_hmm_interaction_2018-12-31_20260910,learned_hmm_interaction,2018-12-31,20260910,2020,2019-05-24,-0.5584765873108355,0.24166689956185697,-0.13496530533329631,0.8336504093041254,0.3185866442282793,0.0577793207249763,0.3763659649532556
learned_hmm_interaction_2018-12-31_20260910,learned_hmm_interaction,2018-12-31,20260910,2025,2019-05-31,-0.9559348271805526,0.484942268997294,-0.46357320410647324,0.5477346875491399,0.5756969029560419,0.03796284129520648,0.6136597442512484
learned_hmm_interaction_2018-12-31_20260910,learned_hmm_interaction,2018-12-31,20260910,2034,2019-06-14,-0.8777415290458968,1.8529891420678846,-1.6264455228641095,-0.8525577084175525,1.9449523662654515,-0.05908976319261651,1.885862603072835
learned_hmm_interaction_2018-12-31_20260910,learned_hmm_interaction,2018-12-31,20260910,2039,2019-06-21,-0.6228157048914038,1.059666668970707,-0.6599770433849168,0.1441099424385885,1.1344654930767508,0.009988089120915247,1.144453582197666
learned_hmm_interaction_2018-12-31_20260910,learned_hmm_interaction,2018-12-31,20260910,2044,2019-06-28,-0.9567712673799333,0.39921769436291776,-0.3819600193961037,0.0037955462681323626,0.46636925768377596,0.0002630648083481022,0.466632322492124
learned_hmm_interaction_2018-12-31_20260910,learned_hmm_interaction,2018-12-31,20260910,2049,2019-07-05,-0.9388971685568575,0.2752807364446965,-0.2584603040061721,0.36839190170545655,0.36351369719250987,0.02553280560240011,0.38904650279490993
learned_hmm_interaction_2018-12-31_20260910,learned_hmm_interaction,2018-12-31,20260910,2054,2019-07-12,-0.9608009910105214,-1.0603573783993103,1.0187924199913758,1.2639231737298597,-0.9743348041575328,0.08760101549956274,-0.88673378865797
learned_hmm_interaction_2018-12-31_20260910,learned_hmm_interaction,2018-12-31,20260910,2059,2019-07-19,-0.9520643327190531,-1.4646825662339757,1.3944720300667803,1.4186885051334306,-1.3671099148803143,0.0983276169867959,-1.2687822978935182
learned_hmm_interaction_2018-12-31_20260910,learned_hmm_interaction,2018-12-31,20260910,2064,2019-07-26,-0.967294339485815,-1.3203321774730115,1.2771498415106244,1.504473592626407,-1.2666462172843675,0.10427327961510827,-1.1623729376692595
learned_hmm_interaction_2018-12-31_20260910,learned_hmm_interaction,2018-12-31,20260910,2069,2019-08-02,-0.9267384214545795,-1.1672651633089546,1.0817494748638625,0.7633009884453698,-1.169440548298496,0.05290348583633593,-1.1165370624621604
learned_hmm_interaction_2018-12-31_20260910,learned_hmm_interaction,2018-12-31,20260910,2074,2019-08-09,-0.9296911814480793,-0.644573427802989,0.5992542316241991,0.8589750113899695,-0.5542638921289463,0.05953453884736864,-0.49472935328157774
learned_hmm_interaction_2018-12-31_20260910,learned_hmm_interaction,2018-12-31,20260910,2079,2019-08-16,-0.9648107419818537,-0.0188656441198323,0.018201776101220996,0.1680517192011853,-0.030948377682963754,0.011647465260904892,-0.019300912422058863
learned_hmm_interaction_2018-12-31_20260910,learned_hmm_interaction,2018-12-31,20260910,2084,2019-08-23,-0.962379725496777,-0.7384128355176067,0.7106335419487311,1.1178362142404505,-0.7749573466090555,0.07747590167262777,-0.6974814449364275
learned_hmm_interaction_2018-12-31_20260910,learned_hmm_interaction,2018-12-31,20260910,2089,2019-08-30,-0.96763623649264,-0.8142680093134412,0.7879152320284122,0.6339752674358218,-0.8698906613422643,0.04394007356087518,-0.8259505877813895
learned_hmm_interaction_2018-12-31_20260910,learned_hmm_interaction,2018-12-31,20260910,2094,2019-09-06,-0.9601289800790184,-0.9011375452107703,0.8652082721941272,0.832519846901809,-0.9756808610359142,0.05770096278630803,-0.9179798982496059
learned_hmm_interaction_2018-12-31_20260910,learned_hmm_interaction,2018-12-31,20260910,2103,2019-09-20,-0.9665781289367411,-1.323376183726207,1.2791464755455222,1.3698608664783967,-1.325816627499921,0.09494343128664441,-1.2308731962132766
learned_hmm_interaction_2018-12-31_20260910,learned_hmm_interaction,2018-12-31,20260910,2108,2019-09-27,-0.9668305131989368,-1.482927608857656,1.4337396611087196,1.2313008126776384,-1.434177512898962,0.0853399983621566,-1.3488375145368052
learned_hmm_interaction_2018-12-31_20260910,learned_hmm_interaction,2018-12-31,20260910,2113,2019-10-11,-0.9564335075267715,-0.7600545030719784,0.7269415942846497,0.731121313572995,-0.7905266694716786,0.05067315075279842,-0.7398535187188799
learned_hmm_interaction_2018-12-31_20260910,learned_hmm_interaction,2018-12-31,20260910,2118,2019-10-18,-0.9397459304875375,0.40420553753454685,-0.379850508978618,-0.11094398797345405,0.39680521823772,-0.007689396169045213,0.3891158220686748
learned_hmm_interaction_2018-12-31_20260910,learned_hmm_interaction,2018-12-31,20260910,2123,2019-10-25,-0.9662577907967714,-0.2075023649324174,0.2005007767247031,0.6973450054081997,-0.18799303483418423,0.04833215491020249,-0.1396608799239817
learned_hmm_interaction_2018-12-31_20260910,learned_hmm_interaction,2018-12-31,20260910,2128,2019-11-01,-0.9211164338567608,-0.049704609956826684,0.04578373306967344,0.41192390222988934,-0.06877885605599827,0.0285499569071066,-0.040228899148891675
learned_hmm_interaction_2018-12-31_20260910,learned_hmm_interaction,2018-12-31,20260910,2133,2019-11-08,-0.9686246824956588,-0.8323624297305896,0.8062467942191075,0.559190573981588,-0.9507804221086,0.03875683519118723,-0.9120235869174128
learned_hmm_interaction_2018-12-31_20260910,learned_hmm_interaction,2018-12-31,20260910,2138,2019-11-15,-0.9645341709199359,-0.778826151906534,0.7512044367199329,0.2128772996054353,-0.8391090301153937,0.014754273052221545,-0.8243547570631722
learned_hmm_interaction_2018-12-31_20260910,learned_hmm_interaction,2018-12-31,20260910,2143,2019-11-22,-0.9530377067176077,-1.2137964187339778,1.1567937553322754,0.9724168269664599,-1.2012937587306212,0.06739705648385487,-1.1338967022467665
learned_hmm_interaction_2018-12-31_20260910,learned_hmm_interaction,2018-12-31,20260910,2148,2019-11-29,-0.9620340470315614,-1.1562988600766717,1.1123988719375415,0.8053996657233107,-1.1412180510459908,0.0558212952074965,-1.085396755838495
learned_hmm_interaction_2018-12-31_20260910,learned_hmm_interaction,2018-12-31,20260910,2153,2019-12-06,-0.9656347371172299,0.026079085095166807,-0.02518287048012927,0.3689000277759789,0.07394704219829452,0.025568023217445657,0.09951506541574023
learned_hmm_interaction_2018-12-31_20260910,learned_hmm_interaction,2018-12-31,20260910,2158,2019-12-13,-0.8862194067166725,0.13737610105641687,-0.12174536677526741,0.39754473455340356,0.18747003722415206,0.027553353856636802,0.2150233910807889
learned_hmm_interaction_2018-12-31_20260910,learned_hmm_interaction,2018-12-31,20260910,2163,2019-12-20,-0.9684062235199703,-0.03300179941592897,0.031959147941743336,0.4794213486294487,-0.03504387916681165,0.033228124829908265,-0.001815754336903369
learned_hmm_interaction_2018-12-31_20260910,learned_hmm_interaction,2018-12-31,20260910,2168,2019-12-27,-0.967816272395352,-0.5896892174649132,0.5707108203186244,0.534924828690182,-0.6381093964263551,0.037075005176861346,-0.6010343912494939
learned_hmm_interaction_2018-12-31_20260911,learned_hmm_interaction,2018-12-31,20260911,1929,2019-01-04,-0.7602337841968588,0.18731416801894385,-0.14240255878672792,-0.27239692981114955,0.34191642059301686,-0.01186453143972782,0.33005188915328904
learned_hmm_interaction_2018-12-31_20260911,learned_hmm_interaction,2018-12-31,20260911,1934,2019-01-11,-0.960135590725942,0.8403720707976963,-0.8068711346249293,-0.8323115155399007,0.9370131408475134,-0.03625219326303312,0.9007609475844802
learned_hmm_interaction_2018-12-31_20260911,learned_hmm_interaction,2018-12-31,20260911,1939,2019-01-18,-0.8833061004200267,0.6955877347100035,-0.6144168894466931,-0.39290436626488506,0.808738151060821,-0.017113358104248563,0.7916247929565725
learned_hmm_interaction_2018-12-31_20260911,learned_hmm_interaction,2018-12-31,20260911,1944,2019-01-25,-0.958629555001797,1.1379638640242635,-1.0908857925777051,-0.8402400905130771,1.2041550029252714,-0.0365975305878947,1.1675574723373765
learned_hmm_interaction_2018-12-31_20260911,learned_hmm_interaction,2018-12-31,20260911,1949,2019-02-01,-0.9275890309316598,0.11619333430998115,-0.1077796623733138,-0.026431906511651924,0.12344950742926028,-0.00115126916458588,0.12229823826467436
learned_hmm_interaction_2018-12-31_20260911,learned_hmm_interaction,2018-12-31,20260911,1954,2019-02-15,-0.8012060030380084,-0.06890937515766353,0.05521060504191822,-0.29143856655648265,-0.0296233868705316,-0.012693909722315327,-0.04231729659284697
learned_hmm_interaction_2018-12-31_20260911,learned_hmm_interaction,2018-12-31,20260911,1959,2019-02-22,-0.4831665047290521,0.4707453608125748,-0.22744839060122826,0.5684672752664091,0.46339088612503443,0.024760183106801868,0.4881510692318364
learned_hmm_interaction_2018-12-31_20260911,learned_hmm_interaction,2018-12-31,20260911,1964,2019-03-01,0.1900345135149477,-0.5220654680533164,-0.09921045724446546,-1.7207764579627336,-0.5631140226085523,-0.07495020740651046,-0.6380642300150627
learned_hmm_interaction_2018-12-31_20260911,learned_hmm_interaction,2018-12-31,20260911,1969,2019-03-08,0.9263187319164421,-0.2105077232150966,-0.19499724722722564,-1.094336096372539,-0.17694767994887825,-0.04766494626074732,-0.22461262620962558
learned_hmm_interaction_2018-12-31_20260911,learned_hmm_interaction,2018-12-31,20260911,1974,2019-03-15,-0.4696982994087975,0.25124889415851176,-0.11801117831459393,-0.0577867590446439,0.18396984489317111,-0.002516962360627497,0.1814528825325436
learned_hmm_interaction_2018-12-31_20260911,learned_hmm_interaction,2018-12-31,20260911,1979,2019-03-22,-0.8820961503871119,0.3404292369275592,-0.300291319373022,-0.4518612812186619,0.1910382874199864,-0.01968128782189773,0.1713569995980886
learned_hmm_interaction_2018-12-31_20260911,learned_hmm_interaction,2018-12-31,20260911,1984,2019-03-29,0.7575379662424664,0.1989734322740797,0.15072992922118947,0.6072908989822812,0.031584826446709194,0.026451186395643905,0.058036012842353185
learned_hmm_interaction_2018-12-31_20260911,learned_hmm_interaction,2018-12-31,20260911,1993,2019-04-12,-0.8426662819542078,0.13119063663520739,-0.11054992600059568,-0.3517720675901196,-0.07503983526199601,-0.01532179807766028,-0.09036163333965627
learned_hmm_interaction_2018-12-31_20260911,learned_hmm_interaction,2018-12-31,20260911,1998,2019-04-19,-0.8807593818524238,0.10986690333401553,-0.0967663058665075,-0.21265099167289753,-0.1012940667994991,-0.009262234997074192,-0.11055630179657322
learned_hmm_interaction_2018-12-31_20260911,learned_hmm_interaction,2018-12-31,20260911,2003,2019-04-26,-0.7399939253400811,-0.0996632985539975,0.07375023550931303,-0.051107280746931515,-0.20235000251781768,-0.0022260307399255643,-0.2045760332577432
learned_hmm_interaction_2018-12-31_20260911,learned_hmm_interaction,2018-12-31,20260911,2010,2019-05-10,0.9861011058579483,0.36550872314309457,0.3604285560921322,2.392136237465297,0.33496040452671,0.10419198049403836,0.4391523850207484
learned_hmm_interaction_2018-12-31_20260911,learned_hmm_interaction,2018-12-31,20260911,2015,2019-05-17,0.7443443673489762,0.647254911459794,0.48178054758405797,3.727078697243994,0.6269773971462518,0.16233678702784407,0.7893141841740956
learned_hmm_interaction_2018-12-31_20260911,learned_hmm_interaction,2018-12-31,20260911,2020,2019-05-24,-0.5584765873108355,0.7786649086106368,-0.434866120819572,1.084424595405527,0.8202479262395785,0.04723324053293484,0.8674811667725135
learned_hmm_interaction_2018-12-31_20260911,learned_hmm_interaction,2018-12-31,20260911,2025,2019-05-31,-0.9559348271805526,0.48313026853823654,-0.4618410497607931,0.10613731591506095,0.5578397770953616,0.0046229211264444325,0.5624626982218061
learned_hmm_interaction_2018-12-31_20260911,learned_hmm_interaction,2018-12-31,20260911,2034,2019-06-14,-0.8777415290458968,-0.01645814594292879,0.01444599818520684,-0.23787201508072736,0.05899436478846154,-0.010360762889337021,0.04863360189912447
learned_hmm_interaction_2018-12-31_20260911,learned_hmm_interaction,2018-12-31,20260911,2039,2019-06-21,-0.6228157048914038,-0.5614332774753337,0.34966946246029107,-0.6415360409637731,-0.4695269492463089,-0.027942769153125938,-0.4974697183994347
learned_hmm_interaction_2018-12-31_20260911,learned_hmm_interaction,2018-12-31,20260911,2044,2019-06-28,-0.9567712673799333,-0.6010592534169359,0.5750762236621583,0.2458738034119868,-0.5489699151232494,0.010709289098116593,-0.5382606260251327
learned_hmm_interaction_2018-12-31_20260911,learned_hmm_interaction,2018-12-31,20260911,2049,2019-07-05,-0.9388971685568575,0.12724627801214783,-0.1194711701350043,-0.0492145423197448,0.19176230018967222,-0.002143590550191757,0.18961870963948058
learned_hmm_interaction_2018-12-31_20260911,learned_hmm_interaction,2018-12-31,20260911,2054,2019-07-12,-0.9608009910105214,-0.785872795561503,0.755067360783701,0.885434320178201,-0.7327987514248869,0.038566012241222775,-0.6942327391836642
learned_hmm_interaction_2018-12-31_20260911,learned_hmm_interaction,2018-12-31,20260911,2059,2019-07-19,-0.9520643327190531,0.0001846013597843233,-0.0001757523704220916,-0.4195614306019619,0.04732588020000585,-0.018274434251976678,0.029051445948029303
learned_hmm_interaction_2018-12-31_20260911,learned_hmm_interaction,2018-12-31,20260911,2064,2019-07-26,-0.967294339485815,0.5074931438041896,-0.49089524532965334,-0.6344792507154277,0.5417073308282946,-0.027635403318191212,0.5140719275101036
learned_hmm_interaction_2018-12-31_20260911,learned_hmm_interaction,2018-12-31,20260911,2069,2019-08-02,-0.9267384214545795,0.43948500908976174,-0.4072876435767973,-0.30256411816748036,0.4428564336936341,-0.013178494687955398,0.42967793900567886
learned_hmm_interaction_2018-12-31_20260911,learned_hmm_interaction,2018-12-31,20260911,2074,2019-08-09,-0.9296911814480793,-0.47652078371540774,0.44301717039694205,0.7526396063827067,-0.4050609221393476,0.03278200043922261,-0.3722789217001249
learned_hmm_interaction_2018-12-31_20260911,learned_hmm_interaction,2018-12-31,20260911,2079,2019-08-16,-0.9648107419818537,-0.8257190215497073,0.7966625818499034,1.1866685447561787,-0.8540713735697159,0.05168658203143764,-0.8023847915382782
learned_hmm_interaction_2018-12-31_20260911,learned_hmm_interaction,2018-12-31,20260911,2084,2019-08-23,-0.962379725496777,-1.4914959543930533,1.43538546716834,1.6154334530766756,-1.5386389658906383,0.07036188332263571,-1.468277082568003
learned_hmm_interaction_2018-12-31_20260911,learned_hmm_interaction,2018-12-31,20260911,2089,2019-08-30,-0.96763623649264,-0.023069196123431793,0.02232259011578814,0.48588348326163516,-0.09600761538246325,0.021163160198607263,-0.07484445518385592
learned_hmm_interaction_2018-12-31_20260911,learned_hmm_interaction,2018-12-31,20260911,2094,2019-09-06,-0.9601289800790184,-1.0541447908121315,1.012114962858062,0.6211177141978689,-1.1175334837731183,0.027053427705596923,-1.0904800560675214
learned_hmm_interaction_2018-12-31_20260911,learned_hmm_interaction,2018-12-31,20260911,2103,2019-09-20,-0.9665781289367411,-0.5038376614081977,0.4869984640517991,0.5025666530488152,-0.51770817541625,0.021889813001161034,-0.495818362415089
learned_hmm_interaction_2018-12-31_20260911,learned_hmm_interaction,2018-12-31,20260911,2108,2019-09-27,-0.9668305131989368,-1.6130051083901433,1.5595025567373488,1.4238707775750696,-1.5965491948487898,0.06201817185810894,-1.534531022990681
learned_hmm_interaction_2018-12-31_20260911,learned_hmm_interaction,2018-12-31,20260911,2113,2019-10-11,-0.9564335075267715,-0.524978921578331,0.502107431342785,0.10349744031393092,-0.6136157800276371,0.004507938600436184,-0.6091078414272008
learned_hmm_interaction_2018-12-31_20260911,learned_hmm_interaction,2018-12-31,20260911,2118,2019-10-18,-0.9397459304875375,-0.2875737566429071,0.2702462675201854,0.9817409270037285,-0.33509308841933066,0.042760746614063004,-0.2923323418052676
learned_hmm_interaction_2018-12-31_20260911,learned_hmm_interaction,2018-12-31,20260911,2123,2019-10-25,-0.9662577907967714,-0.4440875809075567,0.42910308484801823,0.2959750343485916,-0.4598996216031369,0.012891500292745415,-0.4470081213103916
learned_hmm_interaction_2018-12-31_20260911,learned_hmm_interaction,2018-12-31,20260911,2128,2019-11-01,-0.9211164338567608,0.6470100808412881,-0.5959716183339018,-0.27710453153586284,0.6272466292542591,-0.012069575926489474,0.6151770533277696
learned_hmm_interaction_2018-12-31_20260911,learned_hmm_interaction,2018-12-31,20260911,2133,2019-11-08,-0.9686246824956588,-0.679514976621314,0.6581949784808653,0.5188649004615734,-0.8079064775035589,0.022599700109562713,-0.7853067773939963
learned_hmm_interaction_2018-12-31_20260911,learned_hmm_interaction,2018-12-31,20260911,2138,2019-11-15,-0.9645341709199359,-0.3012161237574468,0.2905332441961057,-0.2005454503475596,-0.3790963361056493,-0.008734965560708036,-0.38783130166635726
learned_hmm_interaction_2018-12-31_20260911,learned_hmm_interaction,2018-12-31,20260911,2143,2019-11-22,-0.9530377067176077,-0.2458447753407454,0.23429934089924945,0.13899583198755414,-0.2452330530237419,0.006054107951035949,-0.23917894507270587
learned_hmm_interaction_2018-12-31_20260911,learned_hmm_interaction,2018-12-31,20260911,2148,2019-11-29,-0.9620340470315614,0.24051034290977413,-0.2313791385424386,-0.11947314921891122,0.21924568766512126,-0.005203777208846668,0.21404191045627452
learned_hmm_interaction_2018-12-31_20260911,learned_hmm_interaction,2018-12-31,20260911,2153,2019-12-06,-0.9656347371172299,-0.02485274181908465,0.02399867081311419,0.3254744495706759,-0.015820960424351792,0.014176377987947979,-0.0016445824364038006
learned_hmm_interaction_2018-12-31_20260911,learned_hmm_interaction,2018-12-31,20260911,2158,2019-12-13,-0.8862194067166725,-0.011865414413077514,0.01051536052160501,-0.13767978524211005,0.03962506105680721,-0.005996786166982443,0.03362827488982485
learned_hmm_interaction_2018-12-31_20260911,learned_hmm_interaction,2018-12-31,20260911,2163,2019-12-20,-0.9684062235199703,-0.03605117942319425,0.03491218651865641,0.09385323745186934,-0.05365686305360178,0.0040878753194463,-0.04956898773415548
learned_hmm_interaction_2018-12-31_20260911,learned_hmm_interaction,2018-12-31,20260911,2168,2019-12-27,-0.967816272395352,-0.9885862743867448,0.956769883018188,1.376435833543384,-1.0211466604354573,0.05995209356127996,-0.961194566874177
learned_hmm_interaction_2018-12-31_20260912,learned_hmm_interaction,2018-12-31,20260912,1929,2019-01-04,-0.7602337841968588,0.07426121111411493,-0.056455881544325424,0.18209828825199098,0.2219938671935223,-0.008476160391552372,0.21351770680197005
learned_hmm_interaction_2018-12-31_20260912,learned_hmm_interaction,2018-12-31,20260912,1934,2019-01-11,-0.960135590725942,-0.3622926777741253,0.3478500941903432,0.03148980190738129,-0.24099547977577016,-0.0014657612338223468,-0.24246124100959257
learned_hmm_interaction_2018-12-31_20260912,learned_hmm_interaction,2018-12-31,20260912,1939,2019-01-18,-0.8833061004200267,0.11983003014724222,-0.10584659664257476,-0.15162837016776468,0.2671010958108134,0.007057871865731809,0.2741589676765452
learned_hmm_interaction_2018-12-31_20260912,learned_hmm_interaction,2018-12-31,20260912,1944,2019-01-25,-0.958629555001797,0.05612570572670528,-0.05380376030495329,0.0030381645153854924,0.1418561942470018,-0.00014141796705246547,0.14171477627994924
learned_hmm_interaction_2018-12-31_20260912,learned_hmm_interaction,2018-12-31,20260912,1949,2019-02-01,-0.9275890309316598,0.5803162672719974,-0.5382950039927101,-0.27812390267263454,0.5587031231382653,0.012945881207381294,0.5716490043456466
learned_hmm_interaction_2018-12-31_20260912,learned_hmm_interaction,2018-12-31,20260912,1954,2019-02-15,-0.8012060030380084,0.9062562474710284,-0.7260979457644868,-0.24352849430779822,0.9731803015330627,0.011335562774811408,0.984515864307874
learned_hmm_interaction_2018-12-31_20260912,learned_hmm_interaction,2018-12-31,20260912,1959,2019-02-22,-0.4831665047290521,0.8044110024415189,-0.38866445241526165,0.8205899750690249,0.8552921229154075,-0.038196142924528394,0.817095979990879
learned_hmm_interaction_2018-12-31_20260912,learned_hmm_interaction,2018-12-31,20260912,1964,2019-03-01,0.1900345135149477,-0.20139326848172556,-0.03827167180110997,-0.87234243770283,-0.15872289186816183,0.040605073717633514,-0.11811781815052833
learned_hmm_interaction_2018-12-31_20260912,learned_hmm_interaction,2018-12-31,20260912,1969,2019-03-08,0.9263187319164421,-0.1655241780590137,-0.15332814672113695,-0.6147216279650696,-0.06459168287817779,0.028613553508958625,-0.035978129369219125
learned_hmm_interaction_2018-12-31_20260912,learned_hmm_interaction,2018-12-31,20260912,1974,2019-03-15,-0.4696982994087975,-0.04788706471718576,0.02249247286134118,0.4175524557852323,-0.05753095583417244,-0.019435886087103366,-0.07696684192127576
learned_hmm_interaction_2018-12-31_20260912,learned_hmm_interaction,2018-12-31,20260912,1979,2019-03-22,-0.8820961503871119,-0.5260778228150711,0.46405122230920737,0.45967767653817776,-0.6238524197945384,-0.021396695993989526,-0.645249115788528
learned_hmm_interaction_2018-12-31_20260912,learned_hmm_interaction,2018-12-31,20260912,1984,2019-03-29,0.7575379662424664,-0.1297477921340365,-0.0982888785776683,-0.9915214544406991,-0.22666681327623425,0.04615251993953197,-0.18051429333670238
learned_hmm_interaction_2018-12-31_20260912,learned_hmm_interaction,2018-12-31,20260912,1993,2019-04-12,-0.8426662819542078,0.12529320021618046,-0.10558035518031293,-0.29329521027621497,-0.028208215722711795,0.013652062675817584,-0.014556153046894192
learned_hmm_interaction_2018-12-31_20260912,learned_hmm_interaction,2018-12-31,20260912,1998,2019-04-19,-0.8807593818524238,0.42883119636559375,-0.3776970994299957,-0.5970855481307443,0.2895927982965367,0.02779264386291571,0.3173854421594524
learned_hmm_interaction_2018-12-31_20260912,learned_hmm_interaction,2018-12-31,20260912,2003,2019-04-26,-0.7399939253400811,-0.8232866513833561,0.6092271208372606,-0.10441410472885933,-0.8603171399960345,0.004860181319208431,-0.8554569586768266
learned_hmm_interaction_2018-12-31_20260912,learned_hmm_interaction,2018-12-31,20260912,2010,2019-05-10,0.9861011058579483,-0.7363427489256182,-0.7261083990060337,-4.438929080016855,-0.77219412451806,0.20661959653834092,-0.5655745279797189
learned_hmm_interaction_2018-12-31_20260912,learned_hmm_interaction,2018-12-31,20260912,2015,2019-05-17,0.7443443673489762,0.4304408634893074,0.32039623221509556,2.5420204041452967,0.34945979440010616,-0.1183238616406859,0.2311359327594203
learned_hmm_interaction_2018-12-31_20260912,learned_hmm_interaction,2018-12-31,20260912,2020,2019-05-24,-0.5584765873108355,0.4627642095692916,-0.25844297648985426,0.6995486549417392,0.4087582153236883,-0.03256201174596202,0.37619620357772654
learned_hmm_interaction_2018-12-31_20260912,learned_hmm_interaction,2018-12-31,20260912,2025,2019-05-31,-0.9559348271805526,1.4458910824581988,-1.3821776420315803,-0.6466035796776434,1.4433041929558394,0.030097568207315073,1.4734017611631545
learned_hmm_interaction_2018-12-31_20260912,learned_hmm_interaction,2018-12-31,20260912,2034,2019-06-14,-0.8777415290458968,1.0873961811950728,-0.9544527867608321,-0.5885652739674059,1.143565181434935,0.02739604919373069,1.1709612306286656
learned_hmm_interaction_2018-12-31_20260912,learned_hmm_interaction,2018-12-31,20260912,2039,2019-06-21,-0.6228157048914038,0.5595722616149845,-0.3485103925554136,0.25921443928034327,0.6661605430852522,-0.01206569915751243,0.6540948439277399
learned_hmm_interaction_2018-12-31_20260912,learned_hmm_interaction,2018-12-31,20260912,2044,2019-06-28,-0.9567712673799333,0.6603716153651268,-0.6318245873746262,-0.3478726062018198,0.6815143300294549,0.016192486125479667,0.6977068161549348
learned_hmm_interaction_2018-12-31_20260912,learned_hmm_interaction,2018-12-31,20260912,2049,2019-07-05,-0.9388971685568575,1.3732266310261103,-1.2893185956572875,-0.9904387471773369,1.3760047486051452,0.04610212297803688,1.422106871583182
learned_hmm_interaction_2018-12-31_20260912,learned_hmm_interaction,2018-12-31,20260912,2054,2019-07-12,-0.9608009910105214,0.43381412610916226,-0.4168090422800464,-0.05385645091373547,0.41825191152005214,0.0025068654980044715,0.4207587770180565
learned_hmm_interaction_2018-12-31_20260912,learned_hmm_interaction,2018-12-31,20260912,2059,2019-07-19,-0.9520643327190531,-0.27142542669180336,0.25841446774631605,0.3034084689746893,-0.3082848358389777,-0.014122806270567402,-0.3224076421095451
learned_hmm_interaction_2018-12-31_20260912,learned_hmm_interaction,2018-12-31,20260912,2064,2019-07-26,-0.967294339485815,-0.5882633204608156,0.569023780008877,0.9572294026499025,-0.6045776842734976,-0.04455632189767018,-0.6491340061711679
learned_hmm_interaction_2018-12-31_20260912,learned_hmm_interaction,2018-12-31,20260912,2069,2019-08-02,-0.9267384214545795,-0.4696714282613176,0.43526255802921127,0.6878836116814516,-0.4661864093016753,-0.032019036967902766,-0.498205446269578
learned_hmm_interaction_2018-12-31_20260912,learned_hmm_interaction,2018-12-31,20260912,2074,2019-08-09,-0.9296911814480793,-0.5669085778039284,0.5270499054715846,0.8532040911166291,-0.538427732840567,-0.03971423780231027,-0.5781419706428772
learned_hmm_interaction_2018-12-31_20260912,learned_hmm_interaction,2018-12-31,20260912,2079,2019-08-16,-0.9648107419818537,-0.459358531172965,0.4431940452966828,0.7413420138406587,-0.5132935253185829,-0.03450737442196224,-0.5478008997405449
learned_hmm_interaction_2018-12-31_20260912,learned_hmm_interaction,2018-12-31,20260912,2084,2019-08-23,-0.962379725496777,-0.3185991439856086,0.30661335673237816,0.6077783803768096,-0.3964381959774242,-0.028290364967422696,-0.42472856094484673
learned_hmm_interaction_2018-12-31_20260912,learned_hmm_interaction,2018-12-31,20260912,2089,2019-08-30,-0.96763623649264,0.12981663781840244,-0.12561528285272705,0.11657977726780287,0.031946258894132024,-0.005426458974539781,0.02651979991959209
learned_hmm_interaction_2018-12-31_20260912,learned_hmm_interaction,2018-12-31,20260912,2094,2019-09-06,-0.9601289800790184,0.5383768943776007,-0.5169112584968751,-0.050911972310256036,0.49307146882011177,0.002369808345231851,0.49544127716534364
learned_hmm_interaction_2018-12-31_20260912,learned_hmm_interaction,2018-12-31,20260912,2103,2019-09-20,-0.9665781289367411,-0.8838596684531956,0.8543194245761382,1.0472924005127808,-0.9248584456044402,-0.048748499773463294,-0.9736069453779034
learned_hmm_interaction_2018-12-31_20260912,learned_hmm_interaction,2018-12-31,20260912,2108,2019-09-27,-0.9668305131989368,0.13897698607985462,-0.13436719077442733,0.2203382689901016,0.10350995408619428,-0.01025612336219581,0.09325383072399844
learned_hmm_interaction_2018-12-31_20260912,learned_hmm_interaction,2018-12-31,20260912,2113,2019-10-11,-0.9564335075267715,0.7718141982308337,-0.7381889607728792,-0.5872950737300796,0.6222336831228333,0.027336924964478922,0.6495706080873122
learned_hmm_interaction_2018-12-31_20260912,learned_hmm_interaction,2018-12-31,20260912,2118,2019-10-18,-0.9397459304875375,-0.18125885791077131,0.17033727408646615,0.11364712877776346,-0.2674728497863258,-0.00528995248009531,-0.2727628022664211
learned_hmm_interaction_2018-12-31_20260912,learned_hmm_interaction,2018-12-31,20260912,2123,2019-10-25,-0.9662577907967714,0.407872426412591,-0.39410990967234893,0.04830223664781306,0.3566106237532248,-0.0022483325297985393,0.35436229122342644
learned_hmm_interaction_2018-12-31_20260912,learned_hmm_interaction,2018-12-31,20260912,2128,2019-11-01,-0.9211164338567608,0.6144313938735545,-0.5659628543744473,0.3336025881538453,0.6014506085444771,-0.015528257137244483,0.5859223514072328
learned_hmm_interaction_2018-12-31_20260912,learned_hmm_interaction,2018-12-31,20260912,2133,2019-11-08,-0.9686246824956588,0.2900946359222894,-0.28099282461392133,-0.19764395355331776,0.17399062209967053,0.009199767152232592,0.18319038925190306
learned_hmm_interaction_2018-12-31_20260912,learned_hmm_interaction,2018-12-31,20260912,2138,2019-11-15,-0.9645341709199359,-0.7406333934446729,0.7143662161017763,0.9910898976713183,-0.8352815433815297,-0.046132432192247545,-0.8814139755737772
learned_hmm_interaction_2018-12-31_20260912,learned_hmm_interaction,2018-12-31,20260912,2143,2019-11-22,-0.9530377067176077,-0.5983864978126006,0.5702848956061016,0.4029686340550323,-0.6280396276658647,-0.018757050424815746,-0.6467966780906804
learned_hmm_interaction_2018-12-31_20260912,learned_hmm_interaction,2018-12-31,20260912,2148,2019-11-29,-0.9620340470315614,0.42657288624257306,-0.4103776401058764,-0.19283692090908577,0.36310124376369135,0.008976013375681137,0.3720772571393725
learned_hmm_interaction_2018-12-31_20260912,learned_hmm_interaction,2018-12-31,20260912,2153,2019-12-06,-0.9656347371172299,-0.22817940000896658,0.2203379549432257,0.17586556912583964,-0.28070408778445904,-0.008186044940737984,-0.28889013272519687
learned_hmm_interaction_2018-12-31_20260912,learned_hmm_interaction,2018-12-31,20260912,2158,2019-12-13,-0.8862194067166725,-0.2228750977030974,0.19751623685835942,0.37148647131463775,-0.19581865225180964,-0.017291644772615054,-0.21311029702442466
learned_hmm_interaction_2018-12-31_20260912,learned_hmm_interaction,2018-12-31,20260912,2163,2019-12-20,-0.9684062235199703,-0.6422347093320624,0.6219440894777084,0.6671504772067158,-0.6857500759862888,-0.031053968186013418,-0.7168040441723021
learned_hmm_interaction_2018-12-31_20260912,learned_hmm_interaction,2018-12-31,20260912,2168,2019-12-27,-0.967816272395352,0.5226766994867045,-0.5058550149651279,0.027326097923848054,0.502161531587972,-0.001271952587260358,0.5008895790007117
learned_hmm_interaction_2019-12-31_20260910,learned_hmm_interaction,2019-12-31,20260910,2172,2020-01-03,-0.9523416769389195,-0.5848618370220191,0.5569883026471267,0.4593414159945943,-0.5744004294379561,0.028308779572381506,-0.5460916498655746
learned_hmm_interaction_2019-12-31_20260910,learned_hmm_interaction,2019-12-31,20260910,2177,2020-01-10,-0.9532007709358771,0.7544710028890731,-0.7191623416026288,-0.42348228371955676,0.7662117257590366,-0.026098814966788755,0.7401129107922481
learned_hmm_interaction_2019-12-31_20260910,learned_hmm_interaction,2019-12-31,20260910,2182,2020-01-17,-0.9684097502035516,0.3445427988440888,-0.3336586057630365,-0.4202718533434485,0.2788220549796831,-0.02590095916131356,0.2529210958183695
learned_hmm_interaction_2019-12-31_20260910,learned_hmm_interaction,2019-12-31,20260910,2191,2020-02-07,0.3223527086554887,0.16864848096776483,0.05436429465059263,1.1536332850187911,0.20509390539812639,0.07109733465301908,0.2761912400511455
learned_hmm_interaction_2019-12-31_20260910,learned_hmm_interaction,2019-12-31,20260910,2196,2020-02-14,-0.8813792138534322,-0.5665143686314381,0.49931398886105044,0.902042622743765,-0.5503367112589406,0.05559203869490977,-0.49474467256403065
learned_hmm_interaction_2019-12-31_20260910,learned_hmm_interaction,2019-12-31,20260910,2201,2020-02-21,-0.8192405105235053,-0.8804050263685864,0.721263463269661,0.7471799796856059,-0.8224461131960861,0.04604799961270035,-0.7763981135833856
learned_hmm_interaction_2019-12-31_20260910,learned_hmm_interaction,2019-12-31,20260910,2206,2020-02-28,0.502580714233446,0.2721355001502201,0.13677005403377365,1.7860860147980908,0.33698340108445246,0.11007480172619034,0.4470582028106428
learned_hmm_interaction_2019-12-31_20260910,learned_hmm_interaction,2019-12-31,20260910,2211,2020-03-06,0.5640079091592152,0.0411250015913554,0.02319482616170976,-0.0671255301722686,0.07954855564267661,-0.004136883309795777,0.07541167233288079
learned_hmm_interaction_2019-12-31_20260910,learned_hmm_interaction,2019-12-31,20260910,2216,2020-03-13,0.6453377686478878,-0.01874608791188955,-0.012097558543935946,0.0735248539947952,0.10109979041020187,0.004531267620019454,0.10563105803022133
learned_hmm_interaction_2019-12-31_20260910,learned_hmm_interaction,2019-12-31,20260910,2221,2020-03-20,0.6170550993686545,-0.29666565498497255,-0.18305905521601923,-1.5034186177086575,-0.1427501056834012,-0.09265427582134188,-0.23540438150474316
learned_hmm_interaction_2019-12-31_20260910,learned_hmm_interaction,2019-12-31,20260910,2226,2020-03-27,0.24553503504370955,0.3820171546737977,0.09379859546012913,0.8454961146313742,0.47164859667445796,0.052107130567748,0.523755727242206
learned_hmm_interaction_2019-12-31_20260910,learned_hmm_interaction,2019-12-31,20260910,2231,2020-04-03,-0.8276435801281969,0.03372499577654853,-0.027912276244310946,-0.5199597332481088,0.17563993222379198,-0.03204462946839574,0.1435953027553964
learned_hmm_interaction_2019-12-31_20260910,learned_hmm_interaction,2019-12-31,20260910,2235,2020-04-10,-0.9155152215658714,-0.2694338252914909,0.24667076825907958,-0.11176777801232046,-0.13916050070674138,-0.006888143069343618,-0.14604864377608473
learned_hmm_interaction_2019-12-31_20260910,learned_hmm_interaction,2019-12-31,20260910,2240,2020-04-17,-0.9415865340489624,-0.1174848936702754,0.1106221938341055,0.39737986923521595,-0.009010312515869784,0.02449014770489126,0.01547983518902156
learned_hmm_interaction_2019-12-31_20260910,learned_hmm_interaction,2019-12-31,20260910,2245,2020-04-24,-0.9557938778473904,0.9620050300213914,-0.9194785181528409,-0.5219854203659579,1.1164650296503056,-0.032169470660818225,1.0842955589894874
learned_hmm_interaction_2019-12-31_20260910,learned_hmm_interaction,2019-12-31,20260910,2252,2020-05-08,-0.9536192855339126,0.7875413953343249,-0.7510146627470995,-0.9148177922063976,0.8698083547846323,-0.05637936037704988,0.8134289944075824
learned_hmm_interaction_2019-12-31_20260910,learned_hmm_interaction,2019-12-31,20260910,2257,2020-05-15,-0.9624122812038876,-0.44575496187783614,0.42900004971880024,0.31927353039366696,-0.2975235683484426,0.019676527481503496,-0.2778470408669389
learned_hmm_interaction_2019-12-31_20260910,learned_hmm_interaction,2019-12-31,20260910,2262,2020-05-22,-0.7662024161047596,-0.03971869914371864,0.030432563248455266,0.16778098451382908,0.1592018875768591,0.010340184319663086,0.16954207189652215
learned_hmm_interaction_2019-12-31_20260910,learned_hmm_interaction,2019-12-31,20260910,2267,2020-05-29,-0.962338304842476,-0.2522778934446737,0.24277668032677807,0.9333026214408726,-0.11184891413205877,0.05751856302242603,-0.054330351109632816
learned_hmm_interaction_2019-12-31_20260910,learned_hmm_interaction,2019-12-31,20260910,2272,2020-06-05,-0.9548147221286277,-0.45779566705648883,0.43711004263223113,0.6087495356659764,-0.37324698152337027,0.037516661506874716,-0.33573032001649566
learned_hmm_interaction_2019-12-31_20260910,learned_hmm_interaction,2019-12-31,20260910,2277,2020-06-12,-0.9627030948578476,-1.5806190469543333,1.5216668482941982,1.4735477911490602,-1.5400051844543359,0.0908133648664925,-1.4491918195878433
learned_hmm_interaction_2019-12-31_20260910,learned_hmm_interaction,2019-12-31,20260910,2282,2020-06-19,-0.9287688463842034,0.29103682304456047,-0.27030593439441997,-0.606078422797369,0.19717997266758716,-0.03735204333229398,0.15982792933529316
learned_hmm_interaction_2019-12-31_20260910,learned_hmm_interaction,2019-12-31,20260910,2290,2020-07-03,-0.3714176556497911,-0.8189375265562201,0.3041678562371498,-1.6095974181207964,-0.9143557757558234,-0.09919797545621763,-1.013553751212041
learned_hmm_interaction_2019-12-31_20260910,learned_hmm_interaction,2019-12-31,20260910,2295,2020-07-10,0.57327876454552,-1.2231395321917367,-0.7011999198816641,-6.189037358767355,-1.3353520171318995,-0.38142455318385915,-1.716776570315759
learned_hmm_interaction_2019-12-31_20260910,learned_hmm_interaction,2019-12-31,20260910,2300,2020-07-17,0.7308127570095704,-0.967822208662858,-0.7072968166079949,-5.394141549181152,-1.0014643469042526,-0.3324358718391524,-1.333900218743405
learned_hmm_interaction_2019-12-31_20260910,learned_hmm_interaction,2019-12-31,20260910,2305,2020-07-24,0.9964960412250883,-0.5372565360906959,-0.5353740113366823,-3.824443068603327,-0.5504304069790464,-0.23569683038876688,-0.7861272373678134
learned_hmm_interaction_2019-12-31_20260910,learned_hmm_interaction,2019-12-31,20260910,2310,2020-07-31,-0.011806266333530102,0.0703232881125797,-0.0008302554689066873,-0.7460242590269681,-0.06500448145602994,-0.04597677363517384,-0.11098125509120382
learned_hmm_interaction_2019-12-31_20260910,learned_hmm_interaction,2019-12-31,20260910,2315,2020-08-07,-0.876342751983561,0.2548712119651536,-0.22335453929492824,-0.9798154893608804,0.14711291180852162,-0.060385107338652655,0.08672780446986907
learned_hmm_interaction_2019-12-31_20260910,learned_hmm_interaction,2019-12-31,20260910,2320,2020-08-14,-0.9239630968631586,0.34457551748232906,-0.3183750622361982,-0.9233823337927005,0.2478092260149024,-0.05690718502221098,0.19090204099269126
learned_hmm_interaction_2019-12-31_20260910,learned_hmm_interaction,2019-12-31,20260910,2325,2020-08-21,-0.879009850275253,0.9219591687220934,-0.810411190858304,-1.1546391374406502,0.7830093577917914,-0.0711593243920264,0.7118500333997647
learned_hmm_interaction_2019-12-31_20260910,learned_hmm_interaction,2019-12-31,20260910,2330,2020-08-28,-0.7178502903738424,1.0450762998742702,-0.7502083253275657,-0.5418021140232165,0.9543923490930126,-0.033390754858286166,0.9210015942347272
learned_hmm_interaction_2019-12-31_20260910,learned_hmm_interaction,2019-12-31,20260910,2335,2020-09-04,-0.9495012660582764,0.5906381193834873,-0.5608116421369006,-0.7367167864691544,0.47987270374331437,-0.045403162852778726,0.43446954089053524
learned_hmm_interaction_2019-12-31_20260910,learned_hmm_interaction,2019-12-31,20260910,2340,2020-09-11,-0.8438063763011334,0.5014922342249569,-0.42316234490452015,-0.18103672555121078,0.44022870230894046,-0.011157123176097983,0.42907157913284244
learned_hmm_interaction_2019-12-31_20260910,learned_hmm_interaction,2019-12-31,20260910,2345,2020-09-18,-0.7817111559547834,0.6340310116525689,-0.49562911503011037,-0.2862247539032408,0.6267268931531411,-0.017639762460481774,0.6090871306926593
learned_hmm_interaction_2019-12-31_20260910,learned_hmm_interaction,2019-12-31,20260910,2350,2020-09-25,-0.9013831488023685,0.7960191443164926,-0.717518242810967,-0.6434577722420429,0.8143723348095042,-0.039655697492668555,0.7747166373168359
learned_hmm_interaction_2019-12-31_20260910,learned_hmm_interaction,2019-12-31,20260910,2354,2020-10-09,-0.8552725919863386,0.9272448756777006,-0.7930471282269174,-0.26734559287018295,1.032441093325293,-0.016476257517129098,1.0159648358081639
learned_hmm_interaction_2019-12-31_20260910,learned_hmm_interaction,2019-12-31,20260910,2359,2020-10-16,-0.9022885122084845,0.7407693546928931,-0.6683876789354897,-0.31539815912935865,0.7331909694884191,-0.019437691994298623,0.7137532774941205
learned_hmm_interaction_2019-12-31_20260910,learned_hmm_interaction,2019-12-31,20260910,2364,2020-10-23,-0.9427397703183045,1.124852387165449,-1.0604430811183518,-0.7753838987719973,1.2208961005218488,-0.047786180627284354,1.1731099198945645
learned_hmm_interaction_2019-12-31_20260910,learned_hmm_interaction,2019-12-31,20260910,2369,2020-10-30,-0.9054662930165165,0.9412670721877624,-0.8522856065923631,-0.6479569708110438,1.0665365229380153,-0.03993297887010855,1.0266035440679069
learned_hmm_interaction_2019-12-31_20260910,learned_hmm_interaction,2019-12-31,20260910,2374,2020-11-06,-0.9451578807456452,0.9418681881471272,-0.8902141406508794,-0.9639802009212954,1.055730480892098,-0.05940919340123717,0.9963212874908608
learned_hmm_interaction_2019-12-31_20260910,learned_hmm_interaction,2019-12-31,20260910,2379,2020-11-13,-0.94272852191517,-0.06031194779501889,0.056857793398623055,-0.1546976008630414,0.008167934736404578,-0.009533867686905095,-0.001365932950500387
learned_hmm_interaction_2019-12-31_20260910,learned_hmm_interaction,2019-12-31,20260910,2384,2020-11-20,-0.9660325008259504,-0.2380515992282907,0.22996558172812254,0.844862484738025,-0.18781917473872978,0.05206808055319085,-0.13575109418553885
learned_hmm_interaction_2019-12-31_20260910,learned_hmm_interaction,2019-12-31,20260910,2389,2020-11-27,-0.936544463905679,-0.8975879107835775,0.840630988713024,0.77544995111004,-0.8483050859297827,0.04779025137077227,-0.8005148345590107
learned_hmm_interaction_2019-12-31_20260910,learned_hmm_interaction,2019-12-31,20260910,2394,2020-12-04,-0.9588337209110555,-0.6713265060537227,0.6436904917457091,0.631667448225985,-0.6455814503599206,0.038929070909400766,-0.6066523794505198
learned_hmm_interaction_2019-12-31_20260910,learned_hmm_interaction,2019-12-31,20260910,2399,2020-12-11,-0.9477212641409091,-1.0860556207359453,1.0292780058112099,1.078509316902454,-1.0571752382833939,0.06646751513325466,-0.990707723150139
learned_hmm_interaction_2019-12-31_20260910,learned_hmm_interaction,2019-12-31,20260910,2404,2020-12-18,-0.9575801050228707,-0.23101274002672836,0.22121320385641569,0.09853103701221577,-0.24100771781788916,0.006072375167341334,-0.23493534265054777
learned_hmm_interaction_2019-12-31_20260911,learned_hmm_interaction,2019-12-31,20260911,2172,2020-01-03,-0.9523416769389195,0.27308494982441534,-0.26007017906256436,-0.0959404597332806,0.21617682023921775,-0.0057610309622887455,0.210415789276929
learned_hmm_interaction_2019-12-31_20260911,learned_hmm_interaction,2019-12-31,20260911,2177,2020-01-10,-0.9532007709358771,0.48117730326693187,-0.45865857643088576,-0.30484679405324616,0.4589771168099899,-0.018305434684987194,0.44067168212500274
learned_hmm_interaction_2019-12-31_20260911,learned_hmm_interaction,2019-12-31,20260911,2182,2020-01-17,-0.9684097502035516,-0.5345122499269401,0.5176268744324865,0.6049388065929797,-0.5379563077195627,0.03632535433706318,-0.5016309533824996
learned_hmm_interaction_2019-12-31_20260911,learned_hmm_interaction,2019-12-31,20260911,2191,2020-02-07,0.3223527086554887,-0.1401906408073434,-0.04519083279239583,0.23062391299218857,0.008327287988525556,0.0138485004875508,0.022175788476076402
learned_hmm_interaction_2019-12-31_20260911,learned_hmm_interaction,2019-12-31,20260911,2196,2020-02-14,-0.8813792138534322,0.2991291202841008,-0.2636461888766696,0.0941461939039019,0.43069450777297835,0.005653288920752107,0.43634779669373047
learned_hmm_interaction_2019-12-31_20260911,learned_hmm_interaction,2019-12-31,20260911,2201,2020-02-21,-0.8192405105235053,0.6065470416329668,-0.49690790804391355,-0.13050446275813737,0.699585738678213,-0.007836529580498597,0.6917492090977146
learned_hmm_interaction_2019-12-31_20260911,learned_hmm_interaction,2019-12-31,20260911,2206,2020-02-28,0.502580714233446,1.3690379867203002,0.6880520891786074,5.454783349878352,1.5092286192099347,0.3275487303124241,1.8367773495223587
learned_hmm_interaction_2019-12-31_20260911,learned_hmm_interaction,2019-12-31,20260911,2211,2020-03-06,0.5640079091592152,1.1329548148850443,0.6389954763151795,4.688058869500013,1.2338313772181104,0.28150847281017544,1.515339850028286
learned_hmm_interaction_2019-12-31_20260911,learned_hmm_interaction,2019-12-31,20260911,2216,2020-03-13,0.6453377686478878,0.3473439118149533,0.22415414500409067,1.7463821515333844,0.5087787630595002,0.10486672332968024,0.6136454863891805
learned_hmm_interaction_2019-12-31_20260911,learned_hmm_interaction,2019-12-31,20260911,2221,2020-03-20,0.6170550993686545,-0.5839537821354691,-0.3603316590623035,-2.470627398567279,-0.27123782358297965,-0.14835618860900257,-0.41959401219198234
learned_hmm_interaction_2019-12-31_20260911,learned_hmm_interaction,2019-12-31,20260911,2226,2020-03-27,0.24553503504370955,-0.09276354504622374,-0.022776700283703273,-0.4281590300232802,0.22415851215603674,-0.0257100855635361,0.19844842659250067
learned_hmm_interaction_2019-12-31_20260911,learned_hmm_interaction,2019-12-31,20260911,2231,2020-04-03,-0.8276435801281969,-0.5215408933661728,0.4316499721688375,0.34376348628933556,-0.22373506066762006,0.020642303504933037,-0.20309275716268715
learned_hmm_interaction_2019-12-31_20260911,learned_hmm_interaction,2019-12-31,20260911,2235,2020-04-10,-0.9155152215658714,-0.07500487521851228,0.0686681049541968,0.23999359842497975,0.17376349831644836,0.014411131186166173,0.18817462950261454
learned_hmm_interaction_2019-12-31_20260911,learned_hmm_interaction,2019-12-31,20260911,2240,2020-04-17,-0.9415865340489624,0.04899642499504299,-0.04613437399187248,0.29692291290893563,0.1705330509591088,0.017829621615706753,0.18836267257481554
learned_hmm_interaction_2019-12-31_20260911,learned_hmm_interaction,2019-12-31,20260911,2245,2020-04-24,-0.9557938778473904,0.3607121441276755,-0.34476645902243774,-0.09486360979232876,0.4362655766081843,-0.005696368296831345,0.4305692083113531
learned_hmm_interaction_2019-12-31_20260911,learned_hmm_interaction,2019-12-31,20260911,2252,2020-05-08,-0.9536192855339126,-0.6316917821385171,0.6023934659605766,0.24163914063021635,-0.5785924755101032,0.014509942674254471,-0.5640825328358484
learned_hmm_interaction_2019-12-31_20260911,learned_hmm_interaction,2019-12-31,20260911,2257,2020-05-15,-0.9624122812038876,-0.12098335293994601,0.1164358646906285,-0.33068230290676315,-0.05634671089556517,-0.019856804845661605,-0.07620351574122698
learned_hmm_interaction_2019-12-31_20260911,learned_hmm_interaction,2019-12-31,20260911,2262,2020-05-22,-0.7662024161047596,-0.29900722594269136,0.22910005895007188,0.31052822272781133,-0.23225224499099784,0.018646593009589752,-0.2136056519814081
learned_hmm_interaction_2019-12-31_20260911,learned_hmm_interaction,2019-12-31,20260911,2267,2020-05-29,-0.962338304842476,-0.2087527698037123,0.20089078662407608,0.28642791434366327,-0.1382216668339384,0.017199418134799974,-0.1210222486991385
learned_hmm_interaction_2019-12-31_20260911,learned_hmm_interaction,2019-12-31,20260911,2272,2020-06-05,-0.9548147221286277,-0.174134233147243,0.1662659294355665,0.26374733083426327,-0.13015416725724138,0.015837494873188758,-0.11431667238405252
learned_hmm_interaction_2019-12-31_20260911,learned_hmm_interaction,2019-12-31,20260911,2277,2020-06-12,-0.9627030948578476,-1.0359850771704717,0.9973460400185592,0.887010581809034,-1.04388936859492,0.05326319510961202,-0.9906261734853086
learned_hmm_interaction_2019-12-31_20260911,learned_hmm_interaction,2019-12-31,20260911,2282,2020-06-19,-0.9287688463842034,0.2458264988372127,-0.22831599373570577,-0.18641850290527437,0.19506469372733506,-0.011194054835326742,0.18387063889200844
learned_hmm_interaction_2019-12-31_20260911,learned_hmm_interaction,2019-12-31,20260911,2290,2020-07-03,-0.3714176556497911,-0.7984293900264496,0.2965507722455166,-1.099110488552104,-0.8745265149102152,-0.06599936641046221,-0.9405258813206773
learned_hmm_interaction_2019-12-31_20260911,learned_hmm_interaction,2019-12-31,20260911,2295,2020-07-10,0.57327876454552,0.00604738343331848,0.003466836503385863,-0.12300929233653225,-0.016172808280584372,-0.007386459724813725,-0.023559268005398037
learned_hmm_interaction_2019-12-31_20260911,learned_hmm_interaction,2019-12-31,20260911,2300,2020-07-17,0.7308127570095704,-0.09776495949589308,-0.0714478795881226,-0.49319594896376195,0.012987039219569119,-0.029615421276431447,-0.016628382056862345
learned_hmm_interaction_2019-12-31_20260911,learned_hmm_interaction,2019-12-31,20260911,2305,2020-07-24,0.9964960412250883,-0.2567752341497381,-0.2558755043148591,-1.467393010533343,-0.07432697190927834,-0.08811398851986321,-0.16244096042914172
learned_hmm_interaction_2019-12-31_20260911,learned_hmm_interaction,2019-12-31,20260911,2310,2020-07-31,-0.011806266333530102,-0.6018434270110834,0.0071055237903773355,-1.0975973889993658,-0.33280845225551003,-0.0659085078363363,-0.39871696009184654
learned_hmm_interaction_2019-12-31_20260911,learned_hmm_interaction,2019-12-31,20260911,2315,2020-08-07,-0.876342751983561,0.8077523395998303,-0.7078679082060753,-0.2676749512932269,1.0298708403511907,-0.01607334055430299,1.0137974997968877
learned_hmm_interaction_2019-12-31_20260911,learned_hmm_interaction,2019-12-31,20260911,2320,2020-08-14,-0.9239630968631586,-0.18698540876788067,0.17276761735339463,0.28268870441230187,-0.021771945928905842,0.016974886125583448,-0.0047970598033224565
learned_hmm_interaction_2019-12-31_20260911,learned_hmm_interaction,2019-12-31,20260911,2325,2020-08-21,-0.879009850275253,-0.9131055891271511,0.8026288071841539,0.8255641786013281,-0.7984735462383925,0.04957346261943013,-0.7489000836189625
learned_hmm_interaction_2019-12-31_20260911,learned_hmm_interaction,2019-12-31,20260911,2330,2020-08-28,-0.7178502903738424,-0.7058033613254703,0.5066611478743228,0.13298129657167068,-0.6226579011250963,0.007985258451799381,-0.6146726426732969
learned_hmm_interaction_2019-12-31_20260911,learned_hmm_interaction,2019-12-31,20260911,2335,2020-09-04,-0.9495012660582764,-0.3181582361402134,0.30209164802200067,0.4929194989669157,-0.2090530559792459,0.0295988210121031,-0.17945423496714275
learned_hmm_interaction_2019-12-31_20260911,learned_hmm_interaction,2019-12-31,20260911,2340,2020-09-11,-0.8438063763011334,0.1594919512210073,-0.13458032540899528,-0.09587252930711664,0.2517514511593178,-0.00575695187730729,0.24599449928201048
learned_hmm_interaction_2019-12-31_20260911,learned_hmm_interaction,2019-12-31,20260911,2345,2020-09-18,-0.7817111559547834,0.38818314009608956,-0.3034470911666718,-0.27618807021773667,0.4554167177554421,-0.016584536162976254,0.43883218159246573
learned_hmm_interaction_2019-12-31_20260911,learned_hmm_interaction,2019-12-31,20260911,2350,2020-09-25,-0.9013831488023685,1.095916739554981,-0.9878408815252938,-0.6758650648308566,1.2197619520889904,-0.040584332987818536,1.179177619101172
learned_hmm_interaction_2019-12-31_20260911,learned_hmm_interaction,2019-12-31,20260911,2354,2020-10-09,-0.8552725919863386,-0.27580357206966116,0.23588723596311006,0.48226378300085604,-0.1634122784092617,0.028958966775668483,-0.1344533116335932
learned_hmm_interaction_2019-12-31_20260911,learned_hmm_interaction,2019-12-31,20260911,2359,2020-10-16,-0.9022885122084845,0.8535517126111072,-0.7701499048648799,-0.2832482173350262,0.9186784448405899,-0.01700848374728108,0.9016699610933089
learned_hmm_interaction_2019-12-31_20260911,learned_hmm_interaction,2019-12-31,20260911,2364,2020-10-23,-0.9427397703183045,1.266123920529347,-1.1936253740343479,-0.8494653187425123,1.3403805648407796,-0.051008677843227934,1.2893718869975517
learned_hmm_interaction_2019-12-31_20260911,learned_hmm_interaction,2019-12-31,20260911,2369,2020-10-30,-0.9054662930165165,1.0284879937827154,-0.9312612111424293,-0.731044872187474,1.0861083640235518,-0.04389776904553974,1.042210594978012
learned_hmm_interaction_2019-12-31_20260911,learned_hmm_interaction,2019-12-31,20260911,2374,2020-11-06,-0.9451578807456452,-0.18514370814988407,0.17499003482833467,-0.14121915097402024,-0.13841877885261553,-0.008479924981506447,-0.14689870383412182
learned_hmm_interaction_2019-12-31_20260911,learned_hmm_interaction,2019-12-31,20260911,2379,2020-11-13,-0.94272852191517,-0.0597891755866646,0.056364961127342884,-0.2741588289360266,-0.01040451261427594,-0.016462684319797825,-0.02686719693407358
learned_hmm_interaction_2019-12-31_20260911,learned_hmm_interaction,2019-12-31,20260911,2384,2020-11-20,-0.9660325008259504,0.18337061753246112,-0.17714197623288228,-0.6148690942965293,0.20632503648676226,-0.036921648070526905,0.1694033884162355
learned_hmm_interaction_2019-12-31_20260911,learned_hmm_interaction,2019-12-31,20260911,2389,2020-11-27,-0.936544463905679,-0.02941963517101397,0.02755279644953794,0.006590494479615331,-0.014102382265322594,0.00039574589135188724,-0.013706636373970627
learned_hmm_interaction_2019-12-31_20260911,learned_hmm_interaction,2019-12-31,20260911,2394,2020-12-04,-0.9588337209110555,-0.9753013402293524,0.9351518130616493,0.6024469051461859,-0.9310966607227132,0.03617572068479737,-0.8949209400379159
learned_hmm_interaction_2019-12-31_20260911,learned_hmm_interaction,2019-12-31,20260911,2399,2020-12-11,-0.9477212641409091,-1.0608255000740612,1.0053668839631014,0.6068452362448061,-1.038219380779224,0.03643983158974813,-1.0017795491894759
learned_hmm_interaction_2019-12-31_20260911,learned_hmm_interaction,2019-12-31,20260911,2404,2020-12-18,-0.9575801050228707,-0.7382426645172651,0.7069264882208066,0.3944954636605146,-0.704488973701246,0.023688656349457816,-0.6808003173517883
learned_hmm_interaction_2019-12-31_20260912,learned_hmm_interaction,2019-12-31,20260912,2172,2020-01-03,-0.9523416769389195,0.5319237414642731,-0.5065731479497101,-0.31463203672723433,0.44523222200131823,-0.011599168979824166,0.4336330530214941
learned_hmm_interaction_2019-12-31_20260912,learned_hmm_interaction,2019-12-31,20260912,2177,2020-01-10,-0.9532007709358771,0.32327917915122545,-0.3081499627944656,-0.06761772406252907,0.2497601803442287,-0.0024927830477490215,0.24726739729647967
learned_hmm_interaction_2019-12-31_20260912,learned_hmm_interaction,2019-12-31,20260912,2182,2020-01-17,-0.9684097502035516,0.2574118819627169,-0.2492801763109408,-0.5661377035685341,0.11060297426138932,-0.020871132380056893,0.08973184188133249
learned_hmm_interaction_2019-12-31_20260912,learned_hmm_interaction,2019-12-31,20260912,2191,2020-02-07,0.3223527086554887,-0.7131826218974134,-0.22989634993465446,-1.1908393969660007,-0.7678836097345368,-0.04390127444401128,-0.8117848841785481
learned_hmm_interaction_2019-12-31_20260912,learned_hmm_interaction,2019-12-31,20260912,2196,2020-02-14,-0.8813792138534322,-0.3952320745268224,0.3483493351361119,1.4072952636406073,-0.4411791857096142,0.05188109811470021,-0.3892980875949139
learned_hmm_interaction_2019-12-31_20260912,learned_hmm_interaction,2019-12-31,20260912,2201,2020-02-21,-0.8192405105235053,0.264654224909988,-0.21681546232746118,0.6846545775158132,0.2946874171295259,0.025240354478907507,0.31992777160843344
learned_hmm_interaction_2019-12-31_20260912,learned_hmm_interaction,2019-12-31,20260912,2206,2020-02-28,0.502580714233446,-0.01626597135797455,-0.008174963502791625,1.2282583786048136,0.018753465991124638,0.04528075599838905,0.06403422198951364
learned_hmm_interaction_2019-12-31_20260912,learned_hmm_interaction,2019-12-31,20260912,2211,2020-03-06,0.5640079091592152,-0.42428889747298904,-0.23930229394320915,-1.3304706818997523,-0.38495459247428665,-0.04904889668128731,-0.43400348915557396
learned_hmm_interaction_2019-12-31_20260912,learned_hmm_interaction,2019-12-31,20260912,2216,2020-03-13,0.6453377686478878,0.04048532797362986,0.026126711217480208,0.7329430503106615,0.2049314148973072,0.02702054877047186,0.231951963667779
learned_hmm_interaction_2019-12-31_20260912,learned_hmm_interaction,2019-12-31,20260912,2221,2020-03-20,0.6170550993686545,0.07721603803471135,0.04764655002236262,0.6312010842274551,0.39217141015586854,0.023269747455977177,0.4154411576118458
learned_hmm_interaction_2019-12-31_20260912,learned_hmm_interaction,2019-12-31,20260912,2226,2020-03-27,0.24553503504370955,0.39971961330906547,0.09814516926149942,1.4433817699088498,0.6225917731203536,0.053211456867898965,0.6758032299882527
learned_hmm_interaction_2019-12-31_20260912,learned_hmm_interaction,2019-12-31,20260912,2231,2020-04-03,-0.8276435801281969,-0.06029308064611033,0.049901181122904856,0.462237928169144,0.20055141741378263,0.017040781649218597,0.21759219906300128
learned_hmm_interaction_2019-12-31_20260912,learned_hmm_interaction,2019-12-31,20260912,2235,2020-04-10,-0.9155152215658714,-0.08673995801040879,0.07941175187651378,0.031935113347701334,0.12281146047621266,0.0011773142365377016,0.12398877471275048
learned_hmm_interaction_2019-12-31_20260912,learned_hmm_interaction,2019-12-31,20260912,2240,2020-04-17,-0.9415865340489624,-0.11797612734392209,0.11108473284628262,0.4733499796722304,-0.09513529675167014,0.017450436573229238,-0.0776848601784409
learned_hmm_interaction_2019-12-31_20260912,learned_hmm_interaction,2019-12-31,20260912,2245,2020-04-24,-0.9557938778473904,-0.45080591319569,0.4308775319298426,0.514278104248211,-0.38557936566382095,0.01895928557005169,-0.3666200800937692
learned_hmm_interaction_2019-12-31_20260912,learned_hmm_interaction,2019-12-31,20260912,2252,2020-05-08,-0.9536192855339126,-0.5217125299994532,0.49751513011216847,0.4048345149376993,-0.5069785928085591,0.014924557576755705,-0.49205403523180336
learned_hmm_interaction_2019-12-31_20260912,learned_hmm_interaction,2019-12-31,20260912,2257,2020-05-15,-0.9624122812038876,-0.25443466916584523,0.24487105036925755,-0.4731154527141472,-0.1761270865285215,-0.017441790543901048,-0.19356887707242254
learned_hmm_interaction_2019-12-31_20260912,learned_hmm_interaction,2019-12-31,20260912,2262,2020-05-22,-0.7662024161047596,-0.44496998257854314,0.34093707574577253,-0.26541814705517436,-0.3172090836640632,-0.00978485843345241,-0.32699394209751564
learned_hmm_interaction_2019-12-31_20260912,learned_hmm_interaction,2019-12-31,20260912,2267,2020-05-29,-0.962338304842476,-0.012249739125433461,0.01178839318473219,0.16674435319301814,0.043989584451460464,0.006147167813028643,0.05013675226448914
learned_hmm_interaction_2019-12-31_20260912,learned_hmm_interaction,2019-12-31,20260912,2272,2020-06-05,-0.9548147221286277,-0.6762690973101055,0.6457116902323263,0.8291757670756775,-0.6889712326058961,0.03056824707467433,-0.6584029855312218
learned_hmm_interaction_2019-12-31_20260912,learned_hmm_interaction,2019-12-31,20260912,2277,2020-06-12,-0.9627030948578476,-0.6003926355899207,0.5779998484122766,0.6342757034483211,-0.633623595659203,0.023383095824002255,-0.6102404998352009
learned_hmm_interaction_2019-12-31_20260912,learned_hmm_interaction,2019-12-31,20260912,2282,2020-06-19,-0.9287688463842034,0.32759698282787464,-0.3042618718199908,-0.12690015420445475,0.17640735095167887,-0.004678278625069857,0.17172907232660903
learned_hmm_interaction_2019-12-31_20260912,learned_hmm_interaction,2019-12-31,20260912,2290,2020-07-03,-0.3714176556497911,-0.1568732335486186,0.05826548863883008,-0.37195787152750337,-0.29213210947939117,-0.013712533059573801,-0.30584464253896504
learned_hmm_interaction_2019-12-31_20260912,learned_hmm_interaction,2019-12-31,20260912,2295,2020-07-10,0.57327876454552,-0.20066964741364207,-0.11503964755107782,-0.631005231603144,-0.2778711771003683,-0.02326252718779293,-0.3011337042881612
learned_hmm_interaction_2019-12-31_20260912,learned_hmm_interaction,2019-12-31,20260912,2300,2020-07-17,0.7308127570095704,-0.642220392287694,-0.4693428554955375,-2.8157711178803235,-0.575296643888092,-0.10380571967347654,-0.6791023635615687
learned_hmm_interaction_2019-12-31_20260912,learned_hmm_interaction,2019-12-31,20260912,2305,2020-07-24,0.9964960412250883,-0.8437722015938459,-0.8408156585840446,-4.480421175859336,-0.6801915694821817,-0.16517441408749114,-0.8453659835696727
learned_hmm_interaction_2019-12-31_20260912,learned_hmm_interaction,2019-12-31,20260912,2310,2020-07-31,-0.011806266333530102,0.11097739946442288,-0.0013102287350795375,0.1412617103254586,0.1741229928926511,0.005207729211200626,0.1793307221038516
learned_hmm_interaction_2019-12-31_20260912,learned_hmm_interaction,2019-12-31,20260912,2315,2020-08-07,-0.876342751983561,0.26448173700309563,-0.23177665325468524,-0.41947560638873044,0.3212092669422852,-0.015464313462888802,0.3057449534793964
learned_hmm_interaction_2019-12-31_20260912,learned_hmm_interaction,2019-12-31,20260912,2320,2020-08-14,-0.9239630968631586,1.0656503409601537,-0.9846215892068244,-0.837870551947639,1.0993829243402617,-0.03088878747488962,1.0684941368653722
learned_hmm_interaction_2019-12-31_20260912,learned_hmm_interaction,2019-12-31,20260912,2325,2020-08-21,-0.879009850275253,1.1957423831211669,-1.051069333155111,-0.8116844602777991,1.1358590753679443,-0.029923415654018883,1.1059356597139252
learned_hmm_interaction_2019-12-31_20260912,learned_hmm_interaction,2019-12-31,20260912,2330,2020-08-28,-0.7178502903738424,1.1761541735320005,-0.8443026149943532,-0.3206962073991997,1.1479497897057678,-0.011822729622530108,1.1361270600832376
learned_hmm_interaction_2019-12-31_20260912,learned_hmm_interaction,2019-12-31,20260912,2335,2020-09-04,-0.9495012660582764,0.6887642256602943,-0.6539825042800979,-0.5830786089633523,0.621838870120716,-0.02149567280000168,0.6003431973207143
learned_hmm_interaction_2019-12-31_20260912,learned_hmm_interaction,2019-12-31,20260912,2340,2020-09-11,-0.8438063763011334,1.13631842480978,-0.9588327323629524,-0.36712120418157934,1.0937819199283918,-0.01353422533723208,1.0802476945911599
learned_hmm_interaction_2019-12-31_20260912,learned_hmm_interaction,2019-12-31,20260912,2345,2020-09-18,-0.7817111559547834,1.561197872178587,-1.2204057933348713,-0.46444909592673694,1.575532024879295,-0.017122298168419387,1.5584097267108756
learned_hmm_interaction_2019-12-31_20260912,learned_hmm_interaction,2019-12-31,20260912,2350,2020-09-25,-0.9013831488023685,1.1131400531863402,-1.0033656861991394,-0.9403375625429496,1.1267260618486632,-0.034666318152043206,1.09205974369662
learned_hmm_interaction_2019-12-31_20260912,learned_hmm_interaction,2019-12-31,20260912,2354,2020-10-09,-0.8552725919863386,1.3106049348677795,-1.1209244797144524,-0.3971481463039262,1.374085203509957,-0.01464119327109968,1.3594440102388574
learned_hmm_interaction_2019-12-31_20260912,learned_hmm_interaction,2019-12-31,20260912,2359,2020-10-16,-0.9022885122084845,1.4034036875757312,-1.2662750252906072,-0.8320812668475909,1.3392192590018008,-0.03067536071502647,1.3085438982867745
learned_hmm_interaction_2019-12-31_20260912,learned_hmm_interaction,2019-12-31,20260912,2364,2020-10-23,-0.9427397703183045,1.1997452406012705,-1.1310475525649206,-0.6087369864425601,1.2418160234988036,-0.02244159000291977,1.2193744334958843
learned_hmm_interaction_2019-12-31_20260912,learned_hmm_interaction,2019-12-31,20260912,2369,2020-10-30,-0.9054662930165165,1.048611296252436,-0.9494821832329374,-0.8821036446577576,1.1398628604122618,-0.0325194768420048,1.107343383570257
learned_hmm_interaction_2019-12-31_20260912,learned_hmm_interaction,2019-12-31,20260912,2374,2020-11-06,-0.9451578807456452,0.5767832575722082,-0.5451512413765179,-0.6021690423230938,0.6626977976411762,-0.022199457337460215,0.6404983403037161
learned_hmm_interaction_2019-12-31_20260912,learned_hmm_interaction,2019-12-31,20260912,2379,2020-11-13,-0.94272852191517,0.6186803937597511,-0.5832476531470255,-0.681731594751994,0.663728445713342,-0.025132596313670045,0.638595849399672
learned_hmm_interaction_2019-12-31_20260912,learned_hmm_interaction,2019-12-31,20260912,2384,2020-11-20,-0.9660325008259504,0.4351574842696338,-0.42037627278212353,-0.5308028662642357,0.44052200067728975,-0.01956848452184635,0.4209535161554434
learned_hmm_interaction_2019-12-31_20260912,learned_hmm_interaction,2019-12-31,20260912,2389,2020-11-27,-0.936544463905679,-0.8136997169497601,0.7620659651909159,0.7201075958806055,-0.8345280988638721,0.026547359179177558,-0.8079807396846946
learned_hmm_interaction_2019-12-31_20260912,learned_hmm_interaction,2019-12-31,20260912,2394,2020-12-04,-0.9588337209110555,-0.5879423321333499,0.5637389340005435,0.18019567307832568,-0.6140102948158418,0.006643061791195316,-0.6073672330246465
learned_hmm_interaction_2019-12-31_20260912,learned_hmm_interaction,2019-12-31,20260912,2399,2020-12-11,-0.9477212641409091,-0.3986725971821443,0.3778304977798012,0.09059362339431264,-0.4027492401484774,0.0033398084860511807,-0.3994094316624264
learned_hmm_interaction_2019-12-31_20260912,learned_hmm_interaction,2019-12-31,20260912,2404,2020-12-18,-0.9575801050228707,-0.429148696907212,0.4109442542548362,0.12399657634269134,-0.47109809900594096,0.004571235837517146,-0.4665268631684239
raw_hmm_interaction_2014-12-31_-1,raw_hmm_interaction,2014-12-31,-1,1087,2015-01-09,-0.2970295367961855,-0.2524262899712729,0.0749780639853468,0.2210467751196142,0.4729917195816754,0.002341492293588121,0.47533321187526356
raw_hmm_interaction_2014-12-31_-1,raw_hmm_interaction,2014-12-31,-1,1092,2015-01-16,0.17420586240345148,-0.7274796616172664,-0.12673122183300695,0.2573838988704608,-0.0025446297416431736,0.002726402207735136,0.00018177246609241138
raw_hmm_interaction_2014-12-31_-1,raw_hmm_interaction,2014-12-31,-1,1097,2015-01-23,-0.058137757351500174,-1.175815031235299,0.06835924897620442,1.1067620176888557,-0.5211504224793818,0.01172364868861887,-0.5094267737907636
raw_hmm_interaction_2014-12-31_-1,raw_hmm_interaction,2014-12-31,-1,1102,2015-01-30,0.8218240173478097,-0.7278469073783589,-0.598162069435862,-1.1291757847033455,-0.19428131286329445,-0.011961072024500193,-0.20624238488779434
raw_hmm_interaction_2014-12-31_-1,raw_hmm_interaction,2014-12-31,-1,1107,2015-02-06,0.9496879433419343,-0.6642289630787553,-0.6308102378544088,-1.1324457645457848,-0.26786403981660833,-0.011995710089665889,-0.2798597499062744
raw_hmm_interaction_2014-12-31_-1,raw_hmm_interaction,2014-12-31,-1,1112,2015-02-13,0.3686884184612118,-1.2310473059247236,-0.4538728842723219,0.37722591492966207,-0.7156243269951682,0.003995858217210229,-0.7116284687779577
raw_hmm_interaction_2014-12-31_-1,raw_hmm_interaction,2014-12-31,-1,1117,2015-02-27,-0.36109746848172286,-2.09888564196645,0.7579022919467208,4.943845538240468,-1.6529131280133342,0.05236889894555579,-1.6005442290677785
raw_hmm_interaction_2014-12-31_-1,raw_hmm_interaction,2014-12-31,-1,1122,2015-03-06,-0.08531744091938598,-2.0506373770420456,0.17495513326286935,2.9384870913015053,-1.7972256220240383,0.031126646726094324,-1.7660989752979444
raw_hmm_interaction_2014-12-31_-1,raw_hmm_interaction,2014-12-31,-1,1127,2015-03-13,-0.028281864595782746,-1.4598425383927756,0.04128706900198825,2.0544559272536036,-1.2539080078520553,0.021762329346708027,-1.232145678505347
raw_hmm_interaction_2014-12-31_-1,raw_hmm_interaction,2014-12-31,-1,1131,2015-09-25,0.9628478064411743,0.6186691107150304,0.595684196164879,1.41784270164886,0.297669114023989,0.015018847289830398,0.3126879613138196
raw_hmm_interaction_2014-12-31_-1,raw_hmm_interaction,2014-12-31,-1,1136,2015-10-09,0.7452244592894754,-0.7171193910465302,-0.5344149104386484,-1.3348303846684617,-0.8454172056326033,-0.014139518919727208,-0.8595567245523306
raw_hmm_interaction_2014-12-31_-1,raw_hmm_interaction,2014-12-31,-1,1141,2015-10-16,0.7727837672296862,-0.23357988953048714,-0.1805067469804638,-0.5077230470745837,-0.39741027188839473,-0.005378181162601942,-0.40278845305099653
raw_hmm_interaction_2014-12-31_-1,raw_hmm_interaction,2014-12-31,-1,1146,2015-10-23,0.7623662211224267,0.5613804197026007,0.42797746918079355,0.7291949942019427,0.3524255808743316,0.007724177195179446,0.36014975806951083
raw_hmm_interaction_2014-12-31_-1,raw_hmm_interaction,2014-12-31,-1,1151,2015-10-30,-0.01584193630809616,0.6654462124670962,-0.010541956514367564,-0.8302660014361934,0.4998722821216287,-0.008794796680200776,0.49107748544142826
raw_hmm_interaction_2014-12-31_-1,raw_hmm_interaction,2014-12-31,-1,1156,2015-11-06,0.9991648913175548,0.08971080084234458,0.08963588257365203,0.0681348950636087,0.042662099184932065,0.0007217356219268309,0.043383834806859034
raw_hmm_interaction_2014-12-31_-1,raw_hmm_interaction,2014-12-31,-1,1161,2015-11-13,0.7787609381217373,0.313769044897847,0.24435107575820886,0.47004736547718445,0.19671214350490326,0.004979092245479068,0.20169123575038217
raw_hmm_interaction_2014-12-31_-1,raw_hmm_interaction,2014-12-31,-1,1166,2015-11-20,-0.3680511289259044,0.15887064798576658,-0.05847252134435135,-0.49656894080808256,0.09536656841761869,-0.005260028550555271,0.0901065398670634
raw_hmm_interaction_2014-12-31_-1,raw_hmm_interaction,2014-12-31,-1,1171,2015-11-27,1.0,-0.652108076911352,-0.652108076911352,-1.6843266838084983,-0.38409489661304963,-0.017841644366394037,-0.4019365409794437
raw_hmm_interaction_2014-12-31_-1,raw_hmm_interaction,2014-12-31,-1,1176,2015-12-04,0.9928544826947534,-1.0403389549393254,-1.0329051949334842,-2.5284232186781037,-0.8936663216973625,-0.026782944371210263,-0.9204492660685726
raw_hmm_interaction_2014-12-31_-1,raw_hmm_interaction,2014-12-31,-1,1181,2015-12-11,-0.009799101934141574,-0.547663976558915,0.005366615131958129,0.5157175874370689,-0.4194364993506895,0.005462865296262831,-0.4139736340544268
raw_hmm_interaction_2014-12-31_-1,raw_hmm_interaction,2014-12-31,-1,1186,2015-12-18,-0.31116059180354216,-1.3072491177909202,0.40676440912648115,3.1418885507255365,-1.0018576996238424,0.03328122667637059,-0.9685764729474717
raw_hmm_interaction_2014-12-31_-1,raw_hmm_interaction,2014-12-31,-1,1191,2015-12-25,-0.23377694862119602,-2.1969015226638846,0.5135849343896223,4.388723823565722,-1.8302220500707387,0.04648863574691388,-1.7837334143238244
raw_hmm_interaction_2015-12-31_-1,raw_hmm_interaction,2015-12-31,-1,1200,2016-01-08,0.7601548306092667,0.9879143401693852,0.7509678579079244,7.667947978522025,0.9233700016784772,0.023778626901894605,0.9471486285803716
raw_hmm_interaction_2015-12-31_-1,raw_hmm_interaction,2015-12-31,-1,1205,2016-01-15,0.7978635969618297,1.0569087240838224,0.8432689962578566,8.761394674166475,0.8589385207865629,0.027169450768418854,0.8861079715549811
raw_hmm_interaction_2015-12-31_-1,raw_hmm_interaction,2015-12-31,-1,1210,2016-01-22,0.18731203410574704,0.865877874305147,0.16218934592325743,4.434477068958128,0.6661857262278409,0.013751498578644094,0.6799372248064849
raw_hmm_interaction_2015-12-31_-1,raw_hmm_interaction,2015-12-31,-1,1215,2016-01-29,0.8832272519227391,1.6343482605911486,1.443500922886629,13.609378342844266,1.2871859345130185,0.042203250581206185,1.3293891850942243
raw_hmm_interaction_2015-12-31_-1,raw_hmm_interaction,2015-12-31,-1,1220,2016-02-05,-0.7692786411823932,0.7487710880072658,-0.5760136051388915,-0.08030685457280351,0.3741263105099023,-0.00024903490971771964,0.3738772756001848
raw_hmm_interaction_2015-12-31_-1,raw_hmm_interaction,2015-12-31,-1,1225,2016-02-19,-0.9427217094787183,0.25972843622293507,-0.2448516353963196,-0.3570309933082924,-0.059563449412181335,-0.0011071680201887703,-0.06067061743237012
raw_hmm_interaction_2015-12-31_-1,raw_hmm_interaction,2015-12-31,-1,1230,2016-02-26,0.5076342688755495,0.2792301191843698,0.14174677740019012,0.12233971089983882,-0.06301817156601602,0.00037938055251825415,-0.06263879101349779
raw_hmm_interaction_2015-12-31_-1,raw_hmm_interaction,2015-12-31,-1,1235,2016-03-04,-0.10646101668166741,0.6127084142881143,-0.06522956071452492,1.6287503762109994,0.3363450673997895,0.0050508229347308135,0.3413958903345202
raw_hmm_interaction_2015-12-31_-1,raw_hmm_interaction,2015-12-31,-1,1240,2016-03-11,-0.9301493697172022,1.197365592258042,-1.1137288509598822,-0.7718677129776489,0.9337850451679592,-0.00239359401184303,0.9313914511561165
raw_hmm_interaction_2015-12-31_-1,raw_hmm_interaction,2015-12-31,-1,1245,2016-03-18,-0.9424872198639578,1.6288409699613067,-1.5351617973793443,-1.6318853208190502,1.3830647301225367,-0.0050605445288785245,1.378004185593658
raw_hmm_interaction_2015-12-31_-1,raw_hmm_interaction,2015-12-31,-1,1250,2016-03-25,-0.9548828175592377,-0.05053693740071598,0.048256853176010486,-0.2970294211579781,-0.31200941355793066,-0.0009211006392302942,-0.3129305141971607
raw_hmm_interaction_2015-12-31_-1,raw_hmm_interaction,2015-12-31,-1,1255,2016-04-01,-0.9555185091886174,-0.5053928929610164,0.48291226363663287,-0.1045256413498393,-0.7188241164268123,-0.0003241383789119216,-0.7191482548057242
raw_hmm_interaction_2015-12-31_-1,raw_hmm_interaction,2015-12-31,-1,1259,2016-04-08,-0.9593684466191482,-0.31579184776776104,0.3029607344479474,0.7078564108313391,-0.3758704199495348,0.0021950922907169918,-0.3736753276588178
raw_hmm_interaction_2015-12-31_-1,raw_hmm_interaction,2015-12-31,-1,1264,2016-04-15,-0.9712258595907525,-0.7427608840675697,0.7213885780989127,0.46416140282898927,-0.7177808027425935,0.0014393838939760146,-0.7163414188486172
raw_hmm_interaction_2015-12-31_-1,raw_hmm_interaction,2015-12-31,-1,1269,2016-04-22,-0.9660710944390785,-0.6100686428968001,0.589369681526275,0.43593274400015647,-0.5556398939246951,0.0013518456440932778,-0.5542880482806017
raw_hmm_interaction_2015-12-31_-1,raw_hmm_interaction,2015-12-31,-1,1274,2016-04-29,-0.9739815984889236,-0.8979004873522956,0.8745385519553723,1.0529392348449549,-0.6767889785849277,0.003265208538956528,-0.6735237700459712
raw_hmm_interaction_2015-12-31_-1,raw_hmm_interaction,2015-12-31,-1,1278,2016-05-06,-0.8226051518043198,-0.8960161634611931,0.7370675121631189,-0.17016933682010202,-0.7635978298185714,-0.000527702219905771,-0.7641255320384773
raw_hmm_interaction_2015-12-31_-1,raw_hmm_interaction,2015-12-31,-1,1283,2016-05-13,-0.9686558361739114,-0.7018943550499769,0.6798940633966836,0.5778619278017195,-0.6964439108649059,0.0017919739701540251,-0.6946519368947518
raw_hmm_interaction_2015-12-31_-1,raw_hmm_interaction,2015-12-31,-1,1288,2016-05-20,-0.9719992384455308,-0.35637885499683564,0.3463999756550145,0.6927797467867549,-0.38383263930900263,0.0021483389258995017,-0.3816843003831031
raw_hmm_interaction_2015-12-31_-1,raw_hmm_interaction,2015-12-31,-1,1293,2016-05-27,-0.9741497330000078,-0.178084598306646,0.17348106389183285,0.21566937598950353,-0.16902410109439742,0.0006687997414931993,-0.16835530135290433
raw_hmm_interaction_2015-12-31_-1,raw_hmm_interaction,2015-12-31,-1,1298,2016-06-03,-0.9481273535408916,-0.8249118562054772,0.7821214951286036,0.5847773347709527,-0.7086197368523164,0.0018134189359593166,-0.7068063179163571
raw_hmm_interaction_2015-12-31_-1,raw_hmm_interaction,2015-12-31,-1,1306,2016-06-17,-0.9590144793788745,-0.09359896868579963,0.08976276622461171,0.3755174698551305,-0.23961847172168982,0.0011644953559726285,-0.2384539763657172
raw_hmm_interaction_2015-12-31_-1,raw_hmm_interaction,2015-12-31,-1,1311,2016-06-24,-0.9567250438190045,0.7906804786140484,-0.7564638155488569,-0.610881909807962,0.6895337195732227,-0.0018943703132999331,0.6876393492599226
raw_hmm_interaction_2015-12-31_-1,raw_hmm_interaction,2015-12-31,-1,1316,2016-07-01,-0.973730909472285,-0.3588631982191408,0.3494361883780569,0.6714697666835312,-0.4822080573294426,0.002082255787675209,-0.48012580154176754
raw_hmm_interaction_2015-12-31_-1,raw_hmm_interaction,2015-12-31,-1,1321,2016-07-08,-0.971597205693506,-0.6395930427755611,0.6214268131417422,0.6312441562096582,-0.6718670799176456,0.0019575144897375656,-0.6699095654279079
raw_hmm_interaction_2015-12-31_-1,raw_hmm_interaction,2015-12-31,-1,1326,2016-07-15,-0.9714724263383184,-0.8321842495887413,0.8084440521085072,0.7566923792866089,-0.7945473353159518,0.002346534668331346,-0.7922008006476207
raw_hmm_interaction_2015-12-31_-1,raw_hmm_interaction,2015-12-31,-1,1331,2016-07-22,-0.9679766291425144,-0.678510408165538,0.656782217734189,0.8477566446620266,-0.6301441789170207,0.002628928758187254,-0.6275152501588332
raw_hmm_interaction_2015-12-31_-1,raw_hmm_interaction,2015-12-31,-1,1336,2016-07-29,-0.9679414206489643,-0.40717304992201075,0.3941196603914827,0.19138802027039345,-0.4166141103237537,0.0005935022433966889,-0.41602060808035696
raw_hmm_interaction_2015-12-31_-1,raw_hmm_interaction,2015-12-31,-1,1341,2016-08-05,-0.974032653984855,-0.5812358627588946,0.566142709994223,0.7462613914342081,-0.43005125334081545,0.0023141877393934892,-0.4277370656014219
raw_hmm_interaction_2015-12-31_-1,raw_hmm_interaction,2015-12-31,-1,1346,2016-08-12,-0.9315525766127499,-1.073420508488437,0.9999476404713716,0.4371991820524809,-0.8038162102888788,0.0013557729213811434,-0.8024604373674977
raw_hmm_interaction_2015-12-31_-1,raw_hmm_interaction,2015-12-31,-1,1351,2016-08-19,-0.9680707850709953,-1.204837036073907,1.166367535394678,0.2964488795364933,-0.8674022432511637,0.0009193003554181225,-0.8664829428957455
raw_hmm_interaction_2015-12-31_-1,raw_hmm_interaction,2015-12-31,-1,1356,2016-08-26,-0.9731692574034704,-0.6397544890786346,0.6225894010571915,0.4787095269963574,-0.46714384927546426,0.0014844982345619507,-0.4656593510409024
raw_hmm_interaction_2015-12-31_-1,raw_hmm_interaction,2015-12-31,-1,1361,2016-09-02,-0.9714509398308063,-0.6841381194448432,0.6646066191087733,0.7055858116483491,-0.5078879810020784,0.002188051067828248,-0.5056999299342503
raw_hmm_interaction_2015-12-31_-1,raw_hmm_interaction,2015-12-31,-1,1366,2016-09-09,-0.9711176898076723,-1.347218343253149,1.308307565166518,1.1109615024497952,-1.0623642438916576,0.0034451380138619267,-1.058919105877796
raw_hmm_interaction_2015-12-31_-1,raw_hmm_interaction,2015-12-31,-1,1374,2016-09-23,-0.9710677226503178,-1.0322675289532495,1.002401678506503,0.6455527381072397,-0.8630400751960104,0.0020018859997413896,-0.861038189196269
raw_hmm_interaction_2015-12-31_-1,raw_hmm_interaction,2015-12-31,-1,1379,2016-09-30,-0.9727079079110226,-1.23241218450834,1.1987770776771605,0.8170206160750165,-1.1862410888333972,0.0025336150499743622,-1.1837074737834228
raw_hmm_interaction_2015-12-31_-1,raw_hmm_interaction,2015-12-31,-1,1384,2016-10-14,-0.9740957892433479,-0.8868678180530943,0.8638942071809548,0.7590359418312012,-0.8580437135056981,0.0023538021536514348,-0.8556899113520464
raw_hmm_interaction_2015-12-31_-1,raw_hmm_interaction,2015-12-31,-1,1389,2016-10-21,-0.9731157015889937,-0.8424566950350936,0.8198078378474201,0.6787310919098459,-0.7227570410329761,0.0021047734604415723,-0.7206522675725342
raw_hmm_interaction_2015-12-31_-1,raw_hmm_interaction,2015-12-31,-1,1394,2016-10-28,-0.9737714524854753,-0.3592458667159059,0.34982336943135117,-0.00663773114147107,-0.1878167320691628,-2.0583881467405316e-05,-0.18783731595063047
raw_hmm_interaction_2015-12-31_-1,raw_hmm_interaction,2015-12-31,-1,1399,2016-11-04,-0.9702507433820451,-0.6533146160395353,0.6338789918747145,0.2684795610518849,-0.4284111994950105,0.0008325663307731148,-0.42757863316423755
raw_hmm_interaction_2015-12-31_-1,raw_hmm_interaction,2015-12-31,-1,1404,2016-11-11,-0.9649503293042884,-0.287160294679548,0.27709542091414635,-0.18013340569537353,-0.05017387124660008,-0.0005586012135965876,-0.05073247246019674
raw_hmm_interaction_2015-12-31_-1,raw_hmm_interaction,2015-12-31,-1,1409,2016-11-18,-0.9719827317920707,-0.4625149489410976,0.4495565435664382,0.4737704068785389,-0.39169060997059074,0.0014691818168144368,-0.3902214281537765
raw_hmm_interaction_2015-12-31_-1,raw_hmm_interaction,2015-12-31,-1,1414,2016-11-25,-0.9666326922305529,-0.324776607907408,0.3139396868750445,0.10428287562658421,-0.016200122009161714,0.0003233855522659897,-0.015876736456895746
raw_hmm_interaction_2015-12-31_-1,raw_hmm_interaction,2015-12-31,-1,1419,2016-12-02,-0.9626995999568695,-0.47656572264094116,0.4587896305395905,-0.06925149652990208,-0.16726800813825593,-0.00021475178274485217,-0.1674827599210008
raw_hmm_interaction_2015-12-31_-1,raw_hmm_interaction,2015-12-31,-1,1424,2016-12-09,-0.9699908256946785,-1.0316023679123851,1.00064483263992,1.2573395144238275,-0.8081965377861939,0.003899062341872622,-0.8042974754443211
raw_hmm_interaction_2015-12-31_-1,raw_hmm_interaction,2015-12-31,-1,1429,2016-12-16,-0.9669510116866327,-0.3010350806359297,0.29108617577407925,0.278007388987546,-0.1507517786974393,0.0008621125230923801,-0.1498896661743469
raw_hmm_interaction_2015-12-31_-1,raw_hmm_interaction,2015-12-31,-1,1434,2016-12-23,-0.9676783538885895,-0.6993148100805107,0.6767118042686201,0.7560758318197581,-0.6575407626412749,0.0023446227288890574,-0.6551961399123858
raw_hmm_interaction_2015-12-31_-1,raw_hmm_interaction,2015-12-31,-1,1439,2016-12-30,-0.9731725511886761,-1.293315252399813,1.2586189036691526,1.4247397947237384,-1.2121389352991798,0.0044181776018709555,-1.207720757697309
raw_hmm_interaction_2016-12-31_-1,raw_hmm_interaction,2016-12-31,-1,1443,2017-01-06,-0.9697413890062715,-0.8703016915007514,0.8439675711704463,0.44806425446039483,-0.7958328117267137,-0.01800378203930848,-0.813836593766022
raw_hmm_interaction_2016-12-31_-1,raw_hmm_interaction,2016-12-31,-1,1448,2017-01-13,-0.9726186254948346,-0.5602546431403602,0.5449141009382762,0.5715906265025977,-0.553004357548803,-0.022967226135139445,-0.5759715836839423
raw_hmm_interaction_2016-12-31_-1,raw_hmm_interaction,2016-12-31,-1,1453,2017-01-20,-0.9683669185736681,-0.40248064011493645,0.38974893725365845,0.5446224783574076,-0.38268009718578,-0.021883612219553816,-0.4045637094053339
raw_hmm_interaction_2016-12-31_-1,raw_hmm_interaction,2016-12-31,-1,1458,2017-02-03,-0.9692679232708428,-0.12620391742709064,0.12232540895320107,-0.11481153899487954,-0.12247492233714366,0.004613271206270901,-0.11786165113087271
raw_hmm_interaction_2016-12-31_-1,raw_hmm_interaction,2016-12-31,-1,1463,2017-02-10,-0.9711007958655934,-0.0714234387479967,0.06935935821163705,-0.27609454096593816,-0.029154414248442784,0.011093823906528678,-0.018060590341914123
raw_hmm_interaction_2016-12-31_-1,raw_hmm_interaction,2016-12-31,-1,1468,2017-02-17,-0.9700155114134135,-0.4896965152525846,0.4750132156801023,0.17846641902269628,-0.5092286762818453,-0.007171003884900462,-0.5163996801667456
raw_hmm_interaction_2016-12-31_-1,raw_hmm_interaction,2016-12-31,-1,1473,2017-02-24,-0.9728951938935423,-0.16284013933659325,0.15842638893352634,0.041540315699516495,-0.18057148919346777,-0.0016691418301128188,-0.18224063102358073
raw_hmm_interaction_2016-12-31_-1,raw_hmm_interaction,2016-12-31,-1,1478,2017-03-03,-0.9721541048415473,0.2712696330403558,-0.2637158872790421,-0.30400557939971123,0.05676795681157948,0.012215324332974389,0.06898328114455358
raw_hmm_interaction_2016-12-31_-1,raw_hmm_interaction,2016-12-31,-1,1483,2017-03-10,-0.9727676173874279,-0.444233456476014,0.4321359210199538,0.5988010065910353,-0.5126919802450939,-0.024060573233110796,-0.5367525534782046
raw_hmm_interaction_2016-12-31_-1,raw_hmm_interaction,2016-12-31,-1,1488,2017-03-17,-0.9626479571024938,-0.350015537797613,0.3369417424150029,-0.21082365131319558,-0.12429342030278889,0.008471157940382959,-0.11582226236240589
raw_hmm_interaction_2016-12-31_-1,raw_hmm_interaction,2016-12-31,-1,1493,2017-03-24,-0.9675595806265063,-0.34320371344263206,0.3320700410480127,-0.5152593313392424,-0.013384852078366066,0.020703764254355456,0.007318912175989123
raw_hmm_interaction_2016-12-31_-1,raw_hmm_interaction,2016-12-31,-1,1498,2017-03-31,-0.9689647042886911,-0.21542834329880173,0.20874246095992605,-0.6376150988249883,0.12727876282451372,0.025620171995291176,0.152898934819805
raw_hmm_interaction_2016-12-31_-1,raw_hmm_interaction,2016-12-31,-1,1501,2017-04-07,-0.9707389101395639,-0.3852085623185497,0.37393693996153726,-0.5764967175189895,-0.07154004091521673,0.023164359007143483,-0.04837568190807312
raw_hmm_interaction_2016-12-31_-1,raw_hmm_interaction,2016-12-31,-1,1506,2017-04-14,-0.9681204270425284,-0.24714842664919084,0.23926944035050365,-0.8037963246666011,0.0771765135599366,0.03229754145579553,0.10947405501573182
raw_hmm_interaction_2016-12-31_-1,raw_hmm_interaction,2016-12-31,-1,1511,2017-04-21,-0.9728834947366257,-0.4626133245002441,0.45006886785152617,-0.051116324913439114,-0.1922465731399253,0.002053917854929839,-0.19019265528499563
raw_hmm_interaction_2016-12-31_-1,raw_hmm_interaction,2016-12-31,-1,1516,2017-04-28,-0.973532390349642,-0.2814471889121672,0.2739979545788494,0.10361971467221474,-0.14542728553766796,-0.004163569709841221,-0.14959085524750937
raw_hmm_interaction_2016-12-31_-1,raw_hmm_interaction,2016-12-31,-1,1520,2017-05-05,-0.97005311730321,-0.3719900378809368,0.36085009585214195,0.32762834441524746,-0.3316358487889838,-0.013164516571078061,-0.34480036536006214
raw_hmm_interaction_2016-12-31_-1,raw_hmm_interaction,2016-12-31,-1,1525,2017-05-12,-0.9659079433689637,-0.7260429254220271,0.701290628891976,0.723979662759021,-0.8214602434823386,-0.029090408171262863,-0.8505506516536014
raw_hmm_interaction_2016-12-31_-1,raw_hmm_interaction,2016-12-31,-1,1530,2017-05-19,-0.9727463771435427,-0.5337064492325909,0.5191610149491469,0.6131338676226596,-0.6932396999092677,-0.024636485512307956,-0.7178761854215756
raw_hmm_interaction_2016-12-31_-1,raw_hmm_interaction,2016-12-31,-1,1535,2017-05-26,-0.958434944348616,-0.8120465863123176,0.7782938247607297,0.5889610957484728,-0.753547186776167,-0.02366519331085149,-0.7772123800870183
raw_hmm_interaction_2016-12-31_-1,raw_hmm_interaction,2016-12-31,-1,1538,2017-06-02,-0.9723155146194767,-0.6847828406479667,0.6658249801072149,0.1613015151573806,-0.565777346501559,-0.00648129658323455,-0.5722586430847931
raw_hmm_interaction_2016-12-31_-1,raw_hmm_interaction,2016-12-31,-1,1543,2017-06-09,-0.968101692638887,-0.5779472650109307,0.5595117255130975,0.06822183228778578,-0.3019511610004797,-0.0027412385313145306,-0.3046923995317944
raw_hmm_interaction_2016-12-31_-1,raw_hmm_interaction,2016-12-31,-1,1548,2017-06-16,-0.9708651546887973,-0.45912108385062933,0.44574466209352953,0.12346692940029805,-0.32008396022458396,-0.004961055616147432,-0.3250450158407313
raw_hmm_interaction_2016-12-31_-1,raw_hmm_interaction,2016-12-31,-1,1553,2017-06-23,-0.9641321763160856,-0.18880828825574486,0.18203614586252612,-0.4357981548842452,0.04533472387766688,0.01751091481983478,0.06284563869750157
raw_hmm_interaction_2016-12-31_-1,raw_hmm_interaction,2016-12-31,-1,1558,2017-06-30,-0.971697413522219,-0.5026908720014953,0.4884634201250818,-0.14992406938773384,-0.14423193794082736,0.006024136584949353,-0.13820780135587812
raw_hmm_interaction_2016-12-31_-1,raw_hmm_interaction,2016-12-31,-1,1563,2017-07-07,-0.9720730844891127,-0.2192539103060271,0.213130824877479,-0.31260237192699725,0.015497172655654035,0.012560754206832121,0.028057926862486177
raw_hmm_interaction_2016-12-31_-1,raw_hmm_interaction,2016-12-31,-1,1568,2017-07-14,-0.970315310990583,-0.2196248119809657,0.21310531773855906,-0.6169849630277592,0.1875044779946703,0.024791227341400067,0.2122957053360704
raw_hmm_interaction_2016-12-31_-1,raw_hmm_interaction,2016-12-31,-1,1573,2017-07-21,-0.965203744753821,-0.30636383267830075,0.2957035185582289,-0.4521112447281983,0.15410740159714978,0.01816639516894651,0.17227379676609617
raw_hmm_interaction_2016-12-31_-1,raw_hmm_interaction,2016-12-31,-1,1578,2017-07-28,-0.9730299078832945,-0.0235918379561335,0.02295556391325419,-1.1607935543966839,0.46977359449233047,0.04664213656400778,0.5164157310563382
raw_hmm_interaction_2016-12-31_-1,raw_hmm_interaction,2016-12-31,-1,1583,2017-08-04,-0.9683022820725978,-0.5347553132304654,0.5178047901515066,-0.8633422688980151,0.059856289873650576,0.034690171955986344,0.09454646182963694
raw_hmm_interaction_2016-12-31_-1,raw_hmm_interaction,2016-12-31,-1,1588,2017-08-11,-0.923013125062357,-0.5008860622860765,0.4623244096508498,-0.2576244863658398,-0.13688204375893512,0.010351674016275177,-0.12653036974265996
raw_hmm_interaction_2016-12-31_-1,raw_hmm_interaction,2016-12-31,-1,1593,2017-08-18,-0.9722925260027613,-0.8152069520658167,0.7926196266390849,0.26195702575313773,-0.3714196197184776,-0.01052576086660777,-0.3819453805850853
raw_hmm_interaction_2016-12-31_-1,raw_hmm_interaction,2016-12-31,-1,1598,2017-08-25,-0.9391943693544789,-0.6608149467317151,0.6206336771557067,-0.11890680685619257,-0.2111187244682214,0.004777824189986279,-0.20634090027823512
raw_hmm_interaction_2016-12-31_-1,raw_hmm_interaction,2016-12-31,-1,1603,2017-09-01,-0.9728077235716853,-0.49446053151929964,0.48101502406333546,0.11351141121310944,-0.12561538761061639,-0.004561030446216458,-0.13017641805683294
raw_hmm_interaction_2016-12-31_-1,raw_hmm_interaction,2016-12-31,-1,1608,2017-09-08,-0.9731268002506961,-0.8710936941904807,0.8476846193461408,0.48152793075058403,-0.4083971445469864,-0.019348394398283873,-0.42774553894527
raw_hmm_interaction_2016-12-31_-1,raw_hmm_interaction,2016-12-31,-1,1613,2017-09-15,-0.9737020048541462,-0.5326149313131116,0.5186082264348301,-0.1805548391582827,-0.20751407814675063,0.007254919217474541,-0.2002591589292761
raw_hmm_interaction_2016-12-31_-1,raw_hmm_interaction,2016-12-31,-1,1618,2017-09-22,-0.9739244863546591,-0.7714054650381359,0.7512906713084434,0.39489585617710693,-0.4937272232595502,-0.01586740931030278,-0.5095946325698533
raw_hmm_interaction_2016-12-31_-1,raw_hmm_interaction,2016-12-31,-1,1623,2017-09-29,-0.9729459609302552,-1.0268935337583693,0.9991119159756021,0.35454527918638723,-0.7215518239002119,-0.014246072669253082,-0.735797896569465
raw_hmm_interaction_2016-12-31_-1,raw_hmm_interaction,2016-12-31,-1,1628,2017-10-13,-0.9731719772611206,-0.8706177405365286,0.8472607879965428,-0.3980121722033093,-0.5136828017775993,0.015992626785124375,-0.4976901749924747
raw_hmm_interaction_2016-12-31_-1,raw_hmm_interaction,2016-12-31,-1,1633,2017-10-20,-0.9729500706849047,-0.8782186553919441,0.854462902840394,-0.13899718838340638,-0.5221862521092919,0.005585080842356612,-0.516601171266935
raw_hmm_interaction_2016-12-31_-1,raw_hmm_interaction,2016-12-31,-1,1638,2017-10-27,-0.9686048600939694,-0.6896434141086153,0.6679919626374027,-0.4544581989950374,-0.15872127374668185,0.018260698726205914,-0.14046057502047593
raw_hmm_interaction_2016-12-31_-1,raw_hmm_interaction,2016-12-31,-1,1643,2017-11-03,-0.9738744715943769,-0.35959347358300703,0.3501989040744375,-1.11432780091525,0.17562437492940033,0.04477508448465937,0.22039945941405975
raw_hmm_interaction_2016-12-31_-1,raw_hmm_interaction,2016-12-31,-1,1648,2017-11-10,-0.9646832181767157,-0.43367706304448805,0.41836098482718315,-1.5893990791984598,0.353726373133057,0.06386404251289368,0.4175904156459508
raw_hmm_interaction_2016-12-31_-1,raw_hmm_interaction,2016-12-31,-1,1653,2017-11-17,-0.9700575464571254,-0.32466970964465475,0.3149483019468411,-1.7744566866312947,0.4633850438002459,0.07129988859025839,0.534684932390504
raw_hmm_interaction_2016-12-31_-1,raw_hmm_interaction,2016-12-31,-1,1658,2017-11-24,-0.8125740336336826,-0.524184697437533,0.4259388739658677,-0.7555738265899015,-0.05842569968476749,0.030359901181836537,-0.028065798502930728
raw_hmm_interaction_2016-12-31_-1,raw_hmm_interaction,2016-12-31,-1,1663,2017-12-01,-0.9658182328197523,0.06738834324628769,-0.06508489058678046,-0.8459421965446876,0.313731322987986,0.03399101529039878,0.34772233827838483
raw_hmm_interaction_2016-12-31_-1,raw_hmm_interaction,2016-12-31,-1,1668,2017-12-08,-0.9618395635717483,-0.3144258184601454,0.302427192003396,-0.2178390087434106,-0.06514770661993496,0.008753043774488475,-0.05639466284544653
raw_hmm_interaction_2016-12-31_-1,raw_hmm_interaction,2016-12-31,-1,1673,2017-12-15,-0.9546121937506151,-0.6993350149495886,0.667593732787646,-0.01581382416616962,-0.5097639435228503,0.0006354192298569822,-0.5091285242929933
raw_hmm_interaction_2016-12-31_-1,raw_hmm_interaction,2016-12-31,-1,1678,2017-12-22,-0.9691801915029866,-0.7026045988036488,0.6809504596193994,0.05230848739633505,-0.43932319922199325,-0.0021018204342671434,-0.44142501965626024
raw_hmm_interaction_2016-12-31_-1,raw_hmm_interaction,2016-12-31,-1,1683,2017-12-29,-0.9674632319345852,-0.4965769792477128,0.4804199692473057,-0.19830753931847062,-0.2680636941224972,0.007968244909295537,-0.26009544921320155
raw_hmm_interaction_2017-12-31_-1,raw_hmm_interaction,2017-12-31,-1,1687,2018-01-05,-0.9700483875630086,-0.15559300919042504,0.15093274768124817,0.0780588600700744,0.04790361574131227,-0.0017238941147511612,0.04617972162656117
raw_hmm_interaction_2017-12-31_-1,raw_hmm_interaction,2017-12-31,-1,1692,2018-01-12,-0.9712976666223624,-0.10887763631656476,0.10575259410163754,-0.26248269244584693,0.13875646235883704,0.005796809847405235,0.14455327220624226
raw_hmm_interaction_2017-12-31_-1,raw_hmm_interaction,2017-12-31,-1,1697,2018-01-19,-0.9713884799292591,0.06893061035063056,-0.06695840080909507,-0.5153232689958405,0.3118004077921578,0.01138067798861993,0.3231810857807777
raw_hmm_interaction_2017-12-31_-1,raw_hmm_interaction,2017-12-31,-1,1702,2018-01-26,-0.9698835418870146,-0.24191886636534227,0.23463312695970953,0.17894976081056252,0.0543963244934757,-0.003952023373394398,0.05044430112008125
raw_hmm_interaction_2017-12-31_-1,raw_hmm_interaction,2017-12-31,-1,1707,2018-02-02,-0.9633978512678341,0.07109665940708461,-0.06849436890510635,0.0323839356468863,0.2388111416799151,-0.0007151843624673933,0.23809595731744776
raw_hmm_interaction_2017-12-31_-1,raw_hmm_interaction,2017-12-31,-1,1712,2018-02-09,0.9952008858965378,0.7630464935397984,0.7593845463510541,6.754364668661557,0.6792708477509151,-0.14916704510847384,0.5301038026424414
raw_hmm_interaction_2017-12-31_-1,raw_hmm_interaction,2017-12-31,-1,1717,2018-02-23,-0.08688184649300312,0.3793194776508518,-0.032955976629067435,0.8078943616361258,0.41096705811917883,-0.017841976351113734,0.39312508176806527
raw_hmm_interaction_2017-12-31_-1,raw_hmm_interaction,2017-12-31,-1,1722,2018-03-02,-0.8863201838120521,0.21137923695393498,-0.18734968415106298,-1.0877729450247469,0.26388621441590915,0.024022966469537277,0.2879091808854464
raw_hmm_interaction_2017-12-31_-1,raw_hmm_interaction,2017-12-31,-1,1727,2018-03-09,-0.9557745213118285,0.09062476159630606,-0.086616838133708,-0.4762340608852138,0.20546161409237249,0.01051741075986845,0.21597902485224088
raw_hmm_interaction_2017-12-31_-1,raw_hmm_interaction,2017-12-31,-1,1732,2018-03-16,-0.9595631082129192,-0.1450894602484033,0.13922249344489265,0.46051123152929213,-0.08256195509465417,-0.010170179286470323,-0.09273213438112449
raw_hmm_interaction_2017-12-31_-1,raw_hmm_interaction,2017-12-31,-1,1737,2018-03-23,-0.4116806248558281,0.012948340144032257,-0.005330580761341003,1.0219391116637766,-0.01830901532530206,-0.022569056461363913,-0.04087807178666611
raw_hmm_interaction_2017-12-31_-1,raw_hmm_interaction,2017-12-31,-1,1742,2018-03-30,-0.8881957587965774,0.10931216960908591,-0.09709060543164223,0.3758261238897836,0.09866287710088872,-0.008299947533972759,0.09036292956691597
raw_hmm_interaction_2017-12-31_-1,raw_hmm_interaction,2017-12-31,-1,1750,2018-04-13,-0.9551509767009431,0.46374882402588946,-0.4429501422122421,-1.329501342418477,0.35200974880500957,0.029361427231854222,0.3813711760368637
raw_hmm_interaction_2017-12-31_-1,raw_hmm_interaction,2017-12-31,-1,1755,2018-04-20,-0.9136918671076846,0.7349327030486533,-0.6715020336470215,-1.8417928243212454,0.5582111442610054,0.040675149593371304,0.5988862938543766
raw_hmm_interaction_2017-12-31_-1,raw_hmm_interaction,2017-12-31,-1,1760,2018-04-27,-0.9121823777214678,0.4521757817267579,-0.4124667797235774,-0.7424452509832465,0.21895395167721154,0.01639656276745507,0.23535051444466684
raw_hmm_interaction_2017-12-31_-1,raw_hmm_interaction,2017-12-31,-1,1763,2018-05-04,-0.9643862527912792,0.48135906228080144,-0.4642160623201061,-1.0840395525038184,0.2907788117730757,0.02394051620842525,0.3147193279815008
raw_hmm_interaction_2017-12-31_-1,raw_hmm_interaction,2017-12-31,-1,1768,2018-05-11,-0.9668974180512958,0.09803381656483456,-0.0947886441182529,-0.4173118715672515,-0.030825550219127223,0.009216141239633295,-0.021609408979493927
raw_hmm_interaction_2017-12-31_-1,raw_hmm_interaction,2017-12-31,-1,1773,2018-05-18,-0.9562508872706733,-0.20531914519226824,0.1963366147637627,0.29918458667981773,-0.1510700785498139,-0.006607354344383073,-0.1576774328941969
raw_hmm_interaction_2017-12-31_-1,raw_hmm_interaction,2017-12-31,-1,1778,2018-05-25,-0.9663013626718959,0.16028979550282765,-0.1548882478167819,-0.14401140177954364,0.03335467913933468,0.0031804257423430696,0.036535104881677716
raw_hmm_interaction_2017-12-31_-1,raw_hmm_interaction,2017-12-31,-1,1783,2018-06-01,-0.7885141007086436,-0.26231710679056713,0.20684073756145727,1.2460607410239837,-0.3517942044379078,-0.02751867982885429,-0.3793128842667622
raw_hmm_interaction_2017-12-31_-1,raw_hmm_interaction,2017-12-31,-1,1788,2018-06-08,-0.9401336250852497,0.09351713110386396,-0.08791859947224819,0.3147937983603264,-0.050351050670721126,-0.006952076623542386,-0.057303127294263484
raw_hmm_interaction_2017-12-31_-1,raw_hmm_interaction,2017-12-31,-1,1793,2018-06-15,-0.9662593001453857,0.03137369406435644,-0.030315123669600492,0.3860339236178487,-0.09849003734764689,-0.008525382108087379,-0.10701541945573423
raw_hmm_interaction_2017-12-31_-1,raw_hmm_interaction,2017-12-31,-1,1797,2018-06-22,-0.6882979204335071,0.6096705530795279,-0.4196349738341852,0.4592529281445812,0.49270357390538133,-0.010142390233472017,0.4825611836719092
raw_hmm_interaction_2017-12-31_-1,raw_hmm_interaction,2017-12-31,-1,1802,2018-06-29,-0.21794389329358166,0.2847131410737184,-0.06205149043745095,0.8905129299121978,0.12409051691998427,-0.019666569529805174,0.10442394739017916
raw_hmm_interaction_2017-12-31_-1,raw_hmm_interaction,2017-12-31,-1,1807,2018-07-06,-0.6500872766373683,0.743324265032506,-0.4832256471134552,-1.1242744877256512,0.49253754709097874,0.024829086294819617,0.5173666333857982
raw_hmm_interaction_2017-12-31_-1,raw_hmm_interaction,2017-12-31,-1,1812,2018-07-13,-0.32241402897357196,0.09026319849447197,-0.029102121494643963,-0.3176745509962912,0.010260487042667632,0.007015696723947843,0.017276183766615494
raw_hmm_interaction_2017-12-31_-1,raw_hmm_interaction,2017-12-31,-1,1817,2018-07-20,-0.8669508010276497,0.3787367791903722,-0.3283461540977252,-1.2514128171169272,0.249720380646977,0.027636877974075002,0.2773572586210521
raw_hmm_interaction_2017-12-31_-1,raw_hmm_interaction,2017-12-31,-1,1822,2018-07-27,-0.9552710133842144,0.2276852103354145,-0.2175010816097094,-0.9979876050861878,0.13845008921646676,0.022040098426472515,0.16049018764293915
raw_hmm_interaction_2017-12-31_-1,raw_hmm_interaction,2017-12-31,-1,1827,2018-08-03,-0.5770785990489373,0.7503432255229109,-0.43300701739062225,-0.09311585318714855,0.5099579011049162,0.002056420900270079,0.5120143220051864
raw_hmm_interaction_2017-12-31_-1,raw_hmm_interaction,2017-12-31,-1,1832,2018-08-10,0.23430018456829238,-0.22970802413069913,-0.05382063245064057,-1.3584669784220262,-0.389752765430515,0.030001120014860747,-0.3597516454156543
raw_hmm_interaction_2017-12-31_-1,raw_hmm_interaction,2017-12-31,-1,1837,2018-08-17,-0.5199151801862443,0.736715687617319,-0.38302966947359124,-0.06020652652396982,0.5085579634287903,0.0013296335182336506,0.5098875969470241
raw_hmm_interaction_2017-12-31_-1,raw_hmm_interaction,2017-12-31,-1,1842,2018-08-24,-0.9402276133748555,0.4707385043131839,-0.44260134043403404,-1.2289476755212059,0.29747371943318096,0.027140745627930705,0.3246144650611116
raw_hmm_interaction_2017-12-31_-1,raw_hmm_interaction,2017-12-31,-1,1847,2018-08-31,-0.9541461089993559,0.272544373914504,-0.2600471539001895,-0.5402453581029452,0.09622512783094361,0.011931070893416046,0.10815619872435965
raw_hmm_interaction_2017-12-31_-1,raw_hmm_interaction,2017-12-31,-1,1852,2018-09-07,-0.935270595295383,0.20270508118771552,-0.18958410195183364,-0.1951947251284733,0.025611770217928376,0.004310785957896002,0.029922556175824247
raw_hmm_interaction_2017-12-31_-1,raw_hmm_interaction,2017-12-31,-1,1857,2018-09-14,-0.9649552938022402,0.10924651870992384,-0.10541800655860649,-0.38101180446137056,-0.02164010517481832,0.008414470910439096,-0.013225634264379144
raw_hmm_interaction_2017-12-31_-1,raw_hmm_interaction,2017-12-31,-1,1862,2018-09-21,-0.19241357276783455,-0.10968886421533884,0.021105626256519225,0.219039150960485,-0.10953866930910167,-0.004837379163645163,-0.11437604847274685
raw_hmm_interaction_2017-12-31_-1,raw_hmm_interaction,2017-12-31,-1,1866,2018-09-28,-0.8804554445322449,-0.09759273678580142,0.08592605644986116,0.34761945390610777,-0.0018921886023559875,-0.007677016167335641,-0.009569204769691649
raw_hmm_interaction_2017-12-31_-1,raw_hmm_interaction,2017-12-31,-1,1871,2018-10-12,0.8290703564908299,0.03013339842301342,0.02498270737284795,1.8795591368353286,-0.06116158094583654,-0.04150920127975816,-0.10267078222559495
raw_hmm_interaction_2017-12-31_-1,raw_hmm_interaction,2017-12-31,-1,1876,2018-10-19,0.8991269399323865,0.5045438591563806,0.4536489761449534,4.64858751229007,0.4254366863069255,-0.10266192264591899,0.32277476366100655
raw_hmm_interaction_2017-12-31_-1,raw_hmm_interaction,2017-12-31,-1,1881,2018-10-26,-0.35777169971380196,0.805639908126251,-0.2882351592876001,0.8097414040833703,0.7069261025689553,-0.01788276743622107,0.689043335132734
raw_hmm_interaction_2017-12-31_-1,raw_hmm_interaction,2017-12-31,-1,1886,2018-11-02,0.9354739692518037,0.5936702904351865,0.555363103020275,3.6586814408918666,0.6095308119422507,-0.0808003011835012,0.5287305107587497
raw_hmm_interaction_2017-12-31_-1,raw_hmm_interaction,2017-12-31,-1,1891,2018-11-09,-0.6808176233148993,0.7389946310144633,-0.5031205683297378,-1.0784077145910456,0.6910517393480877,0.02381613965175576,0.7148678789998437
raw_hmm_interaction_2017-12-31_-1,raw_hmm_interaction,2017-12-31,-1,1896,2018-11-16,-0.942636833565529,0.47815756657875774,-0.4507289345051988,-0.3272841648825871,0.5176060186226665,0.0072279206381677666,0.5248339392608342
raw_hmm_interaction_2017-12-31_-1,raw_hmm_interaction,2017-12-31,-1,1901,2018-11-23,-0.7401415134514766,0.06534748977063456,-0.04836638997909235,0.4476502828091403,0.040126668273217994,-0.009886151134010973,0.030240517139206946
raw_hmm_interaction_2017-12-31_-1,raw_hmm_interaction,2017-12-31,-1,1906,2018-11-30,-0.923449000713247,0.13686445179572956,-0.12638734124393283,-0.5091043377835041,0.11055133918904808,0.011243335745761593,0.1217946749348097
raw_hmm_interaction_2017-12-31_-1,raw_hmm_interaction,2017-12-31,-1,1911,2018-12-07,-0.8308775664938213,-0.2078930649493572,0.17273368389606383,0.1605072789865243,-0.19346152863757843,-0.0035447296228922273,-0.1970062582604707
raw_hmm_interaction_2017-12-31_-1,raw_hmm_interaction,2017-12-31,-1,1916,2018-12-14,-0.8665243673683798,-0.3305097762986756,0.2863947748162746,0.7432343774687832,-0.3111252000375636,-0.01641399026387239,-0.327539190301436
raw_hmm_interaction_2017-12-31_-1,raw_hmm_interaction,2017-12-31,-1,1921,2018-12-21,-0.9357091346331886,0.3248370547176423,-0.30395299936663883,-0.41510638107758596,0.25480667896208425,0.009167433993948934,0.263974112956033
raw_hmm_interaction_2017-12-31_-1,raw_hmm_interaction,2017-12-31,-1,1926,2018-12-28,-0.9673832453832275,0.5459415995255933,-0.5281347563387787,-1.3483916167533891,0.40997124280740443,0.029778610274531967,0.4397498530819364
raw_hmm_interaction_2018-12-31_-1,raw_hmm_interaction,2018-12-31,-1,1929,2019-01-04,-0.7602337841968588,0.17955907053473097,-0.13650687167948922,-0.7650280505599851,0.07085555533590318,0.045821181244515514,0.11667673658041866
raw_hmm_interaction_2018-12-31_-1,raw_hmm_interaction,2018-12-31,-1,1934,2019-01-11,-0.960135590725942,0.08156254213508489,-0.07831109957397926,-1.0441176706805149,0.08939103783189048,0.06253719062174692,0.15192822845363738
raw_hmm_interaction_2018-12-31_-1,raw_hmm_interaction,2018-12-31,-1,1939,2019-01-18,-0.8833061004200267,-0.26315003007855564,0.2324420268941017,0.005987405147268482,-0.25449932502169786,-0.0003586142707270871,-0.2548579392924249
raw_hmm_interaction_2018-12-31_-1,raw_hmm_interaction,2018-12-31,-1,1944,2019-01-25,-0.958629555001797,-0.1245956902439658,0.11944111109371468,0.24864682422521775,-0.08107040825261502,-0.014892645034854908,-0.09596305328746976
raw_hmm_interaction_2018-12-31_-1,raw_hmm_interaction,2018-12-31,-1,1949,2019-02-01,-0.9275890309316598,-0.10616382524566316,0.09847639977962278,0.04606936223109943,-0.0657389757952524,-0.0027593139821020544,-0.06849828977735439
raw_hmm_interaction_2018-12-31_-1,raw_hmm_interaction,2018-12-31,-1,1954,2019-02-15,-0.8012060030380084,-0.146943477460536,0.11773199624866171,0.20617250436466952,-0.029406181791200157,-0.012348655298605227,-0.041754837089805374
raw_hmm_interaction_2018-12-31_-1,raw_hmm_interaction,2018-12-31,-1,1959,2019-02-22,-0.4831665047290521,-0.38899243414579965,0.187948114772272,-0.27364706563123753,-0.1710780411891086,0.016390028812852803,-0.15468801237625568
raw_hmm_interaction_2018-12-31_-1,raw_hmm_interaction,2018-12-31,-1,1964,2019-03-01,0.1900345135149477,-0.7349737696780754,-0.1396703827670203,-2.8877155415791336,-0.3924279918807342,0.1729590661629299,-0.2194689257178043
raw_hmm_interaction_2018-12-31_-1,raw_hmm_interaction,2018-12-31,-1,1969,2019-03-08,0.9263187319164421,-0.15759458577234461,-0.14598281684953524,-0.8930354530401609,0.08320309331012543,0.053488155527864185,0.13669124883798955
raw_hmm_interaction_2018-12-31_-1,raw_hmm_interaction,2018-12-31,-1,1974,2019-03-15,-0.4696982994087975,-0.503764545494089,0.23661735032101938,-0.051411851601315256,-0.17080438748968915,0.0030793011689122228,-0.16772508632077704
raw_hmm_interaction_2018-12-31_-1,raw_hmm_interaction,2018-12-31,-1,1979,2019-03-22,-0.8820961503871119,-0.48313063432848335,0.4261676726752386,0.6369308204647633,-0.05459290969043542,-0.03814882675657594,-0.09274173644701142
raw_hmm_interaction_2018-12-31_-1,raw_hmm_interaction,2018-12-31,-1,1984,2019-03-29,0.7575379662424664,-1.280914583688465,-0.9703414286576753,-7.64308857915369,-0.806910171229973,0.45778105364494437,-0.3491291175850283
raw_hmm_interaction_2018-12-31_-1,raw_hmm_interaction,2018-12-31,-1,1993,2019-04-12,-0.8426662819542078,-0.4404866395324689,0.37118323878532894,0.31639571827288987,0.03586395059989748,-0.018950449648687764,0.016913500951209914
raw_hmm_interaction_2018-12-31_-1,raw_hmm_interaction,2018-12-31,-1,1998,2019-04-19,-0.8807593818524238,-0.623728624005498,0.5493548373227453,0.6809569231926689,-0.11491466835542638,-0.04078576017504128,-0.15570042853046784
raw_hmm_interaction_2018-12-31_-1,raw_hmm_interaction,2018-12-31,-1,2003,2019-04-26,-0.7399939253400811,-0.2959604001658397,0.2190088982639409,-0.13084498217565124,0.07214074637872811,0.00783693047440202,0.07997767685313006
raw_hmm_interaction_2018-12-31_-1,raw_hmm_interaction,2018-12-31,-1,2010,2019-05-10,0.9861011058579483,-1.0588215039429612,-1.04410505594433,-6.785714952933152,-0.8599426224481557,0.4064288551307039,-0.4535137673174517
raw_hmm_interaction_2018-12-31_-1,raw_hmm_interaction,2018-12-31,-1,2015,2019-05-17,0.7443443673489762,-0.5211832015609709,-0.38793978043881483,-2.9333262092758994,-0.4131817586156414,0.17569090674013108,-0.23749085187551036
raw_hmm_interaction_2018-12-31_-1,raw_hmm_interaction,2018-12-31,-1,2020,2019-05-24,-0.5584765873108355,0.33374775556499764,-0.18639030755059077,-0.6084006524447017,0.2981604401455979,0.036440018826164995,0.3346004589717627
raw_hmm_interaction_2018-12-31_-1,raw_hmm_interaction,2018-12-31,-1,2025,2019-05-31,-0.9559348271805526,0.7438629910387072,-0.7110845397845955,-2.1131192146971682,0.6952964712081834,0.1265647951823895,0.8218612663905728
raw_hmm_interaction_2018-12-31_-1,raw_hmm_interaction,2018-12-31,-1,2034,2019-06-14,-0.8777415290458968,-0.15147279585673076,0.13295396344414384,-0.3185761710616535,-0.16921651321851774,0.01908104737298809,-0.1501354658455296
raw_hmm_interaction_2018-12-31_-1,raw_hmm_interaction,2018-12-31,-1,2039,2019-06-21,-0.6228157048914038,0.028455251195857446,-0.017722377331409918,-0.6337038522837969,0.05009538829599501,0.03795554823066814,0.0880509365266632
raw_hmm_interaction_2018-12-31_-1,raw_hmm_interaction,2018-12-31,-1,2044,2019-06-28,-0.9567712673799333,0.11679004114123427,-0.11174135568005326,-0.6502382348683191,0.11695393141218288,0.038945871318320925,0.1558998027305038
raw_hmm_interaction_2018-12-31_-1,raw_hmm_interaction,2018-12-31,-1,2049,2019-07-05,-0.9388971685568575,-0.231835268688283,0.21766947734304717,0.10777115716587753,-0.28186036833428824,-0.006454928968701444,-0.2883152973029898
raw_hmm_interaction_2018-12-31_-1,raw_hmm_interaction,2018-12-31,-1,2054,2019-07-12,-0.9608009910105214,0.08991476486631654,-0.08639019519003495,-0.6285434956843436,0.037208696755946465,0.03764646984477524,0.07485516660072172
raw_hmm_interaction_2018-12-31_-1,raw_hmm_interaction,2018-12-31,-1,2059,2019-07-19,-0.9520643327190531,-0.0012457500830279913,0.0011860342215327495,-0.5949240808676074,-0.08041920248936205,0.03563284263394993,-0.04478635985541207
raw_hmm_interaction_2018-12-31_-1,raw_hmm_interaction,2018-12-31,-1,2064,2019-07-26,-0.967294339485815,-0.1596337900147154,0.15441286147190142,-0.2910492740902967,-0.15755072885606827,0.017432330134057584,-0.1401183987220106
raw_hmm_interaction_2018-12-31_-1,raw_hmm_interaction,2018-12-31,-1,2069,2019-08-02,-0.9267384214545795,-0.5283585664934479,0.48965018387414244,0.7295304715355881,-0.4149602869224395,-0.04369506181526346,-0.4586553487377028
raw_hmm_interaction_2018-12-31_-1,raw_hmm_interaction,2018-12-31,-1,2074,2019-08-09,-0.9296911814480793,-0.43607078789065956,0.4054111659890621,0.2963102876606387,-0.4861475289669133,-0.017747437346348743,-0.5038949663132619
raw_hmm_interaction_2018-12-31_-1,raw_hmm_interaction,2018-12-31,-1,2079,2019-08-16,-0.9648107419818537,-0.456576222424525,0.4405096439286778,0.10648242910131135,-0.34447088991951497,-0.006377740894122797,-0.3508486308136379
raw_hmm_interaction_2018-12-31_-1,raw_hmm_interaction,2018-12-31,-1,2084,2019-08-23,-0.962379725496777,-0.5859583515883396,0.5639144375541303,0.23937172229417747,-0.4419490327486723,-0.014337114912354872,-0.4562861476610272
raw_hmm_interaction_2018-12-31_-1,raw_hmm_interaction,2018-12-31,-1,2089,2019-08-30,-0.96763623649264,-0.7423755741419251,0.7183495066267552,0.6804006461262265,-0.5609320638038192,-0.04075244208655424,-0.6016845058903735
raw_hmm_interaction_2018-12-31_-1,raw_hmm_interaction,2018-12-31,-1,2094,2019-09-06,-0.9601289800790184,-0.36743563148759295,0.35278559810487264,-0.02101363395217095,-0.14052959803611315,0.001258606830460045,-0.13927099120565323
raw_hmm_interaction_2018-12-31_-1,raw_hmm_interaction,2018-12-31,-1,2103,2019-09-20,-0.9665781289367411,-0.36381932255318095,0.3516598000644863,-0.060959596454560276,-0.2688406387896748,0.003651161177282762,-0.2651894776123921
raw_hmm_interaction_2018-12-31_-1,raw_hmm_interaction,2018-12-31,-1,2108,2019-09-27,-0.9668305131989368,-0.4036032774483415,0.39021596386415286,0.2227822884239757,-0.39733983918310706,-0.013343494540456082,-0.41068333372356325
raw_hmm_interaction_2018-12-31_-1,raw_hmm_interaction,2018-12-31,-1,2113,2019-10-11,-0.9564335075267715,-0.5326510970998978,0.5094453570872381,0.6000242447018677,-0.40821649279908717,-0.035938315787849714,-0.4441548085869368
raw_hmm_interaction_2018-12-31_-1,raw_hmm_interaction,2018-12-31,-1,2118,2019-10-18,-0.9397459304875375,-0.36015418152645906,0.33845342643755977,-0.42942403440220317,-0.25814189956310957,0.025720254958875633,-0.23242164460423387
raw_hmm_interaction_2018-12-31_-1,raw_hmm_interaction,2018-12-31,-1,2123,2019-10-25,-0.9662577907967714,-0.25705902760306737,0.24838528811610616,-0.3882179142844048,-0.19872922040763172,0.02325222375803423,-0.1754769966495975
raw_hmm_interaction_2018-12-31_-1,raw_hmm_interaction,2018-12-31,-1,2128,2019-11-01,-0.9211164338567608,-0.5050476275106257,0.4652076695804052,0.2704877305279249,-0.3662415769541925,-0.01620080115476225,-0.38244237810895476
raw_hmm_interaction_2018-12-31_-1,raw_hmm_interaction,2018-12-31,-1,2133,2019-11-08,-0.9686246824956588,-0.48456105527629334,0.469357798316761,0.04410716367487968,-0.19591597755961299,-0.002641788545464196,-0.19855776610507708
raw_hmm_interaction_2018-12-31_-1,raw_hmm_interaction,2018-12-31,-1,2138,2019-11-15,-0.9645341709199359,-0.4236909182882579,0.40866436859747113,0.1437670650163327,-0.23731423108580815,-0.008610895689750792,-0.2459251267755589
raw_hmm_interaction_2018-12-31_-1,raw_hmm_interaction,2018-12-31,-1,2143,2019-11-22,-0.9530377067176077,-0.39440452653631847,0.3758823854892168,0.4601725258294171,-0.3213074094167819,-0.027561928865669626,-0.34886933828245154
raw_hmm_interaction_2018-12-31_-1,raw_hmm_interaction,2018-12-31,-1,2148,2019-11-29,-0.9620340470315614,-0.3442805859819736,0.3312096454466355,0.17932711451988637,-0.2862927144123554,-0.01074075677415624,-0.2970334711865118
raw_hmm_interaction_2018-12-31_-1,raw_hmm_interaction,2018-12-31,-1,2153,2019-12-06,-0.9656347371172299,0.011012987578721432,-0.010634523365453988,-0.3331014651445033,0.010754152493393877,0.019951036561375323,0.0307051890547691
raw_hmm_interaction_2018-12-31_-1,raw_hmm_interaction,2018-12-31,-1,2158,2019-12-13,-0.8862194067166725,-0.5201648373055474,0.4609801735117967,0.5159677472098291,-0.501705322443265,-0.03090377097143077,-0.5326090934146961
raw_hmm_interaction_2018-12-31_-1,raw_hmm_interaction,2018-12-31,-1,2163,2019-12-20,-0.9684062235199703,-0.4549444482869877,0.4405710350769782,0.5615776608721065,-0.35737910009996837,-0.0336355663859076,-0.39101466648587596
raw_hmm_interaction_2018-12-31_-1,raw_hmm_interaction,2018-12-31,-1,2168,2019-12-27,-0.967816272395352,-0.335107235952925,0.32432223595266957,0.2869339728475986,-0.15330990858108726,-0.017185845101280784,-0.170495753682368
raw_hmm_interaction_2019-12-31_-1,raw_hmm_interaction,2019-12-31,-1,2172,2020-01-03,-0.9523416769389195,-0.18699467515526075,0.17808282251600951,0.27222487493203085,0.06699086888192901,-0.02071284538122005,0.04627802350070895
raw_hmm_interaction_2019-12-31_-1,raw_hmm_interaction,2019-12-31,-1,2177,2020-01-10,-0.9532007709358771,-0.30711605169064904,0.29274325723830935,0.4274367921620979,-0.08113792814826862,-0.03252249519265552,-0.11366042334092405
raw_hmm_interaction_2019-12-31_-1,raw_hmm_interaction,2019-12-31,-1,2182,2020-01-17,-0.9684097502035516,-0.20617292401720166,0.19965986984623407,0.017380180387660246,0.057521074178456366,-0.0013224103387216282,0.05619866383973479
raw_hmm_interaction_2019-12-31_-1,raw_hmm_interaction,2019-12-31,-1,2191,2020-02-07,0.3223527086554887,-0.8567857662369418,-0.27618721248394656,-0.9271871582534127,-0.822797984291034,0.07054713223084691,-0.7522508520601874
raw_hmm_interaction_2019-12-31_-1,raw_hmm_interaction,2019-12-31,-1,2196,2020-02-14,-0.8813792138534322,0.016519653572884912,-0.014560079279200347,1.4706924693147543,0.11540502244323987,-0.11190096323066373,0.003504059212576155
raw_hmm_interaction_2019-12-31_-1,raw_hmm_interaction,2019-12-31,-1,2201,2020-02-21,-0.8192405105235053,0.4448277235928116,-0.36442089137118366,-0.8032931572218486,0.5945944429605989,0.06112037691442612,0.655714819875025
raw_hmm_interaction_2019-12-31_-1,raw_hmm_interaction,2019-12-31,-1,2206,2020-02-28,0.502580714233446,0.4762293890853792,0.23934370650548753,3.0497982651428472,0.5635273384022716,-0.23205079963978031,0.33147653876249117
raw_hmm_interaction_2019-12-31_-1,raw_hmm_interaction,2019-12-31,-1,2211,2020-03-06,0.5640079091592152,-0.21453860183628637,-0.12100146825562523,-0.4838005799179346,-0.05679231769718557,0.03681106147881155,-0.019981256218373822
raw_hmm_interaction_2019-12-31_-1,raw_hmm_interaction,2019-12-31,-1,2216,2020-03-13,0.6453377686478878,0.4490902380691419,0.2898148921570888,3.266495645403757,0.5115599159467958,-0.24853870998588787,0.26302120596090806
raw_hmm_interaction_2019-12-31_-1,raw_hmm_interaction,2019-12-31,-1,2221,2020-03-20,0.6170550993686545,1.5082601469764332,0.9306796148663244,6.837273386493242,1.4547766863726428,-0.5202294115073975,0.9345472748652452
raw_hmm_interaction_2019-12-31_-1,raw_hmm_interaction,2019-12-31,-1,2226,2020-03-27,0.24553503504370955,0.16837312612121177,0.04134150142259066,-0.3842274952872115,0.15133896661683888,0.029234818100603528,0.1805737847174424
raw_hmm_interaction_2019-12-31_-1,raw_hmm_interaction,2019-12-31,-1,2231,2020-04-03,-0.8276435801281969,0.49825824971515753,-0.4123802416226621,-1.0480983673397635,0.43890495535324575,0.07974693507504789,0.5186518904282935
raw_hmm_interaction_2019-12-31_-1,raw_hmm_interaction,2019-12-31,-1,2235,2020-04-10,-0.9155152215658714,0.30875371374958,-0.28266872465273235,-0.9287420705398874,0.2768770307588212,0.07066544124937121,0.3475424720081923
raw_hmm_interaction_2019-12-31_-1,raw_hmm_interaction,2019-12-31,-1,2240,2020-04-17,-0.9415865340489624,0.022509173229654626,-0.021194334405618187,0.5102858413813016,-0.002193530739800789,-0.03882625250684996,-0.04101978324665073
raw_hmm_interaction_2019-12-31_-1,raw_hmm_interaction,2019-12-31,-1,2245,2020-04-24,-0.9557938778473904,0.19679891212792489,-0.18809919537889716,-0.2691801874053012,0.16902898725708615,0.020481183443672914,0.1895101707007591
raw_hmm_interaction_2019-12-31_-1,raw_hmm_interaction,2019-12-31,-1,2252,2020-05-08,-0.9536192855339126,0.240091491306014,-0.22895587640201268,-0.3070244964974351,0.31897836234358257,0.02336065330468464,0.34233901564826724
raw_hmm_interaction_2019-12-31_-1,raw_hmm_interaction,2019-12-31,-1,2257,2020-05-15,-0.9624122812038876,0.4384832845340499,-0.4220016981381883,-0.99937755877176,0.44397635872819885,0.0760399021487988,0.5200162608769978
raw_hmm_interaction_2019-12-31_-1,raw_hmm_interaction,2019-12-31,-1,2262,2020-05-22,-0.7662024161047596,0.39284328397696944,-0.30099747333368215,-0.6097159796358312,0.3478566511502847,0.04639161948668094,0.39424827063696555
raw_hmm_interaction_2019-12-31_-1,raw_hmm_interaction,2019-12-31,-1,2267,2020-05-29,-0.962338304842476,0.2745434806959524,-0.2642037078184959,-0.4048393981548178,0.25970915761900915,0.030803121354360377,0.2905122789733697
raw_hmm_interaction_2019-12-31_-1,raw_hmm_interaction,2019-12-31,-1,2272,2020-06-05,-0.9548147221286277,-0.04396670793057368,0.041980060015641245,0.18197018237241142,0.019366080159632773,-0.013845612941922542,0.005520467217710268
raw_hmm_interaction_2019-12-31_-1,raw_hmm_interaction,2019-12-31,-1,2277,2020-06-12,-0.9627030948578476,0.07821919966662189,-0.0753018655963608,0.148270569967257,0.2751396756691313,-0.011281501703633649,0.2638581739654977
raw_hmm_interaction_2019-12-31_-1,raw_hmm_interaction,2019-12-31,-1,2282,2020-06-19,-0.9287688463842034,-0.34675192404040733,0.32205238447251205,0.8008577618171008,0.03731552389607673,-0.060935074346197306,-0.02361955045012061
raw_hmm_interaction_2019-12-31_-1,raw_hmm_interaction,2019-12-31,-1,2290,2020-07-03,-0.3714176556497911,-0.16610475433215893,0.061694238446334954,-0.4502328142869079,0.27414232323039855,0.03425698210056925,0.30839930533096793
raw_hmm_interaction_2019-12-31_-1,raw_hmm_interaction,2019-12-31,-1,2295,2020-07-10,0.57327876454552,-0.45856999999943837,-0.2628884430573171,-2.6490080400720384,0.023669000877097834,0.20155576877873657,0.22522476965583466
raw_hmm_interaction_2019-12-31_-1,raw_hmm_interaction,2019-12-31,-1,2300,2020-07-17,0.7308127570095704,0.48466529537634984,0.354199580740848,2.421217790269224,0.8068547710868008,-0.1842238323614888,0.6226309387253118
raw_hmm_interaction_2019-12-31_-1,raw_hmm_interaction,2019-12-31,-1,2305,2020-07-24,0.9964960412250883,-0.034717409315639255,-0.03459576094462552,-0.051475447363024604,0.2670779164881803,0.003916625849954636,0.2709945423381351
raw_hmm_interaction_2019-12-31_-1,raw_hmm_interaction,2019-12-31,-1,2310,2020-07-31,-0.011806266333530102,-0.11027250884901105,0.0013019066087379793,-0.019957412027404368,0.1941333577128601,0.0015185048377233694,0.19565186255058364
raw_hmm_interaction_2019-12-31_-1,raw_hmm_interaction,2019-12-31,-1,2315,2020-08-07,-0.876342751983561,-0.1292953865520479,0.11330707486979996,0.262112676658519,0.16560096848707953,-0.019943435901811572,0.14565753258526795
raw_hmm_interaction_2019-12-31_-1,raw_hmm_interaction,2019-12-31,-1,2320,2020-08-14,-0.9239630968631586,-0.1453616256238621,0.1343087777764867,0.3761018463335417,0.15916688762576292,-0.02861655971976505,0.13055032790599785
raw_hmm_interaction_2019-12-31_-1,raw_hmm_interaction,2019-12-31,-1,2325,2020-08-21,-0.879009850275253,-0.7025186793033162,0.6175208391099765,1.619803265917315,-0.36232045337970636,-0.1232463954784351,-0.48556684885814155
raw_hmm_interaction_2019-12-31_-1,raw_hmm_interaction,2019-12-31,-1,2330,2020-08-28,-0.7178502903738424,-0.6052414471620747,0.4344727485915799,0.8652589727935265,-0.27872531968853004,-0.06583518615872397,-0.3445605058472541
raw_hmm_interaction_2019-12-31_-1,raw_hmm_interaction,2019-12-31,-1,2335,2020-09-04,-0.9495012660582764,-0.2990664343924332,0.28396395809114977,0.9518220415218172,-0.013464658223093479,-0.07242153304837054,-0.08588619127146402
raw_hmm_interaction_2019-12-31_-1,raw_hmm_interaction,2019-12-31,-1,2340,2020-09-11,-0.8438063763011334,-0.47194093656580105,0.3982267715117517,1.055665071159081,-0.223826952496383,-0.0803226648510066,-0.3041496173473897
raw_hmm_interaction_2019-12-31_-1,raw_hmm_interaction,2019-12-31,-1,2345,2020-09-18,-0.7817111559547834,-0.5612375202210295,0.438725630697177,1.4095345259359275,-0.32336822095912543,-0.10724762276956394,-0.4306158437286894
raw_hmm_interaction_2019-12-31_-1,raw_hmm_interaction,2019-12-31,-1,2350,2020-09-25,-0.9013831488023685,0.0011851750341603715,-0.0010682968041734304,0.13000057775624238,0.10824415722742786,-0.009891388019579886,0.09835276920784786
raw_hmm_interaction_2019-12-31_-1,raw_hmm_interaction,2019-12-31,-1,2354,2020-10-09,-0.8552725919863386,0.07672615377204088,-0.06562177640975579,-0.36427479895369946,0.08995848563467909,0.027716672067116845,0.11767515770179582
raw_hmm_interaction_2019-12-31_-1,raw_hmm_interaction,2019-12-31,-1,2359,2020-10-16,-0.9022885122084845,-0.2678424922059609,0.24167120379872906,0.7675392420639322,-0.10965814300346782,-0.05839995940436542,-0.16805810240783337
raw_hmm_interaction_2019-12-31_-1,raw_hmm_interaction,2019-12-31,-1,2364,2020-10-23,-0.9427397703183045,0.22169036426461483,-0.20899632308860425,-0.4346480567902916,0.2858030995717412,0.033071180573754994,0.31887428014549624
raw_hmm_interaction_2019-12-31_-1,raw_hmm_interaction,2019-12-31,-1,2369,2020-10-30,-0.9054662930165165,0.02666281883883096,-0.024142283735367212,0.14362203153755643,0.10517098894583533,-0.010927807142227063,0.09424318180360827
raw_hmm_interaction_2019-12-31_-1,raw_hmm_interaction,2019-12-31,-1,2374,2020-11-06,-0.9451578807456452,0.13637921807893194,-0.1288998927372315,-0.416956389113673,0.24642061942075594,0.03172507002006946,0.27814568944082535
raw_hmm_interaction_2019-12-31_-1,raw_hmm_interaction,2019-12-31,-1,2379,2020-11-13,-0.94272852191517,-0.19434260145175047,0.1832123134117577,0.21240418048123882,-0.04558115224227055,-0.01616125252966366,-0.06174240477193413
raw_hmm_interaction_2019-12-31_-1,raw_hmm_interaction,2019-12-31,-1,2384,2020-11-20,-0.9660325008259504,-0.11945700662072167,0.11539935084699787,0.47237284758127485,0.053001369596284265,-0.03594155661447356,0.017059812981810724
raw_hmm_interaction_2019-12-31_-1,raw_hmm_interaction,2019-12-31,-1,2389,2020-11-27,-0.936544463905679,-0.30351432163158876,0.2842546576401521,0.6352210349549758,-0.1403781950905857,-0.04833222931301223,-0.18871042440359806
raw_hmm_interaction_2019-12-31_-1,raw_hmm_interaction,2019-12-31,-1,2394,2020-12-04,-0.9588337209110555,-0.20607098904352722,0.19758781319642654,0.3795907828112838,-0.04397522323880504,-0.02888202334364003,-0.07285724658244516
raw_hmm_interaction_2019-12-31_-1,raw_hmm_interaction,2019-12-31,-1,2399,2020-12-11,-0.9477212641409091,0.1952940592317502,-0.18508433269432387,-0.9419367607276969,0.39551235580463134,0.07166938909866837,0.4671817449032997
raw_hmm_interaction_2019-12-31_-1,raw_hmm_interaction,2019-12-31,-1,2404,2020-12-18,-0.9575801050228707,-0.47461689681363595,0.4544836978964305,0.8999052440077067,-0.24982493105313658,-0.06847132607383755,-0.31829625712697407
