policy,cutoff,end,seed,job_index,worker,row_index,date,actual,predicted_return,reassigned_prediction,training_mean,source,train_n
disjoint0,2017-12-31,2018-12-31,20260910,0,0,1687,2018-01-05,0.0214907567286908,-0.0012690283786893231,0.009149044091512458,0.0020702815302533375,new_round8_fit,271
disjoint0,2017-12-31,2018-12-31,20260910,0,0,1692,2018-01-12,0.0110264218031885,-0.0054655687943977235,-0.0012690283786893231,0.0020702815302533375,new_round8_fit,271
disjoint0,2017-12-31,2018-12-31,20260910,0,0,1697,2018-01-19,0.0258577147560612,0.01608680389798156,-0.0054655687943977235,0.0020702815302533375,new_round8_fit,271
disjoint0,2017-12-31,2018-12-31,20260910,0,0,1702,2018-01-26,-0.0416224077172412,0.009514809237099436,0.01608680389798156,0.0020702815302533375,new_round8_fit,271
disjoint0,2017-12-31,2018-12-31,20260910,0,0,1707,2018-02-02,-0.0851928666225865,0.00687380465650844,0.009514809237099436,0.0020702815302533375,new_round8_fit,271
disjoint0,2017-12-31,2018-12-31,20260910,0,0,1712,2018-02-09,0.0642518595938403,0.02583785672949855,0.00687380465650844,0.0020702815302533375,new_round8_fit,271
disjoint0,2017-12-31,2018-12-31,20260910,0,0,1717,2018-02-23,-0.0175257731958763,0.015325799754093636,0.02583785672949855,0.0020702815302533375,new_round8_fit,271
disjoint0,2017-12-31,2018-12-31,20260910,0,0,1722,2018-03-02,0.0271156686542373,0.026765145339572465,0.015325799754093636,0.0020702815302533375,new_round8_fit,271
disjoint0,2017-12-31,2018-12-31,20260910,0,0,1727,2018-03-09,-0.0184205620825476,0.005866305865489045,0.026765145339572465,0.0020702815302533375,new_round8_fit,271
disjoint0,2017-12-31,2018-12-31,20260910,0,0,1732,2018-03-16,-0.0473361252102539,0.014973048189609763,0.005866305865489045,0.0020702815302533375,new_round8_fit,271
disjoint0,2017-12-31,2018-12-31,20260910,0,0,1737,2018-03-23,0.0088849998317235,0.021408467943020044,0.014973048189609763,0.0020702815302533375,new_round8_fit,271
disjoint0,2017-12-31,2018-12-31,20260910,0,0,1742,2018-03-30,-0.0088632053805354,0.009057818529119334,0.021408467943020044,0.0020702815302533375,new_round8_fit,271
disjoint0,2017-12-31,2018-12-31,20260910,0,0,1750,2018-04-13,-0.0279044238531301,-0.006298740569515807,0.009057818529119334,0.0020702815302533375,new_round8_fit,271
disjoint0,2017-12-31,2018-12-31,20260910,0,0,1755,2018-04-20,0.0040589236395014,0.02482052516499087,-0.006298740569515807,0.0020702815302533375,new_round8_fit,271
disjoint0,2017-12-31,2018-12-31,20260910,0,0,1760,2018-04-27,0.003344889692912,0.006110179200909222,0.02482052516499087,0.0020702815302533375,new_round8_fit,271
disjoint0,2017-12-31,2018-12-31,20260910,0,0,1763,2018-05-04,0.0275819951672684,0.00791411877942076,0.006110179200909222,0.0020702815302533375,new_round8_fit,271
disjoint0,2017-12-31,2018-12-31,20260910,0,0,1768,2018-05-11,0.0099488791752746,0.017141595589091504,0.00791411877942076,0.0020702815302533375,new_round8_fit,271
disjoint0,2017-12-31,2018-12-31,20260910,0,0,1773,2018-05-18,-0.0278382082465087,-0.00034565909451105947,0.017141595589091504,0.0020702815302533375,new_round8_fit,271
disjoint0,2017-12-31,2018-12-31,20260910,0,0,1778,2018-05-25,-0.0081414788300587,0.009990063489930498,-0.00034565909451105947,0.0020702815302533375,new_round8_fit,271
disjoint0,2017-12-31,2018-12-31,20260910,0,0,1783,2018-06-01,-0.0039575292125362,-0.016119453903389116,0.009990063489930498,0.0020702815302533375,new_round8_fit,271
disjoint0,2017-12-31,2018-12-31,20260910,0,0,1788,2018-06-08,-0.0179141214945586,-0.016570185760693284,-0.016119453903389116,0.0020702815302533375,new_round8_fit,271
disjoint0,2017-12-31,2018-12-31,20260910,0,0,1793,2018-06-15,-0.0207606943097817,-0.016942186920388708,-0.016570185760693284,0.0020702815302533375,new_round8_fit,271
disjoint0,2017-12-31,2018-12-31,20260910,0,0,1797,2018-06-22,-0.0334657179105301,-0.003954303072647164,-0.016942186920388708,0.0020702815302533375,new_round8_fit,271
disjoint0,2017-12-31,2018-12-31,20260910,0,0,1802,2018-06-29,-0.0358257762964908,-0.0008738338301358139,-0.003954303072647164,0.0020702815302533375,new_round8_fit,271
disjoint0,2017-12-31,2018-12-31,20260910,0,0,1807,2018-07-06,0.0325726343702554,-0.001959380464616385,-0.0008738338301358139,0.0020702815302533375,new_round8_fit,271
disjoint0,2017-12-31,2018-12-31,20260910,0,0,1812,2018-07-13,-0.0049040261165902,0.0015047430097954242,-0.001959380464616385,0.0020702815302533375,new_round8_fit,271
disjoint0,2017-12-31,2018-12-31,20260910,0,0,1817,2018-07-20,0.014110592016959,0.0008085248825430639,0.0015047430097954242,0.0020702815302533375,new_round8_fit,271
disjoint0,2017-12-31,2018-12-31,20260910,0,0,1822,2018-07-27,-0.0590851640938977,0.008084979938409459,0.0008085248825430639,0.0020702815302533375,new_round8_fit,271
disjoint0,2017-12-31,2018-12-31,20260910,0,0,1827,2018-08-03,0.0172541822374894,-0.006686051200938884,0.008084979938409459,0.0020702815302533375,new_round8_fit,271
disjoint0,2017-12-31,2018-12-31,20260910,0,0,1832,2018-08-10,-0.0390981548851923,-0.014782139617563809,-0.006686051200938884,0.0020702815302533375,new_round8_fit,271
disjoint0,2017-12-31,2018-12-31,20260910,0,0,1837,2018-08-17,0.0312424727164923,-0.015843779016554278,-0.014782139617563809,0.0020702815302533375,new_round8_fit,271
disjoint0,2017-12-31,2018-12-31,20260910,0,0,1842,2018-08-24,-0.005599825117761,-0.022885121415204244,-0.015843779016554278,0.0020702815302533375,new_round8_fit,271
disjoint0,2017-12-31,2018-12-31,20260910,0,0,1847,2018-08-31,-0.0148493234839747,-0.013624614365228653,-0.022885121415204244,0.0020702815302533375,new_round8_fit,271
disjoint0,2017-12-31,2018-12-31,20260910,0,0,1852,2018-09-07,-0.0141989007697058,-0.010030871859074225,-0.013624614365228653,0.0020702815302533375,new_round8_fit,271
disjoint0,2017-12-31,2018-12-31,20260910,0,0,1857,2018-09-14,0.0468351251034906,-0.017426005701620603,-0.010030871859074225,0.0020702815302533375,new_round8_fit,271
disjoint0,2017-12-31,2018-12-31,20260910,0,0,1862,2018-09-21,-0.00426840285903,-0.011793385904157022,-0.017426005701620603,0.0020702815302533375,new_round8_fit,271
disjoint0,2017-12-31,2018-12-31,20260910,0,0,1866,2018-09-28,-0.055840145646664,-0.008861390032474119,-0.011793385904157022,0.0020702815302533375,new_round8_fit,271
disjoint0,2017-12-31,2018-12-31,20260910,0,0,1871,2018-10-12,-0.0045024181987176,-0.015104397839713578,-0.008861390032474119,0.0020702815302533375,new_round8_fit,271
disjoint0,2017-12-31,2018-12-31,20260910,0,0,1876,2018-10-19,-0.0006551545151857,-0.019206918679775913,-0.015104397839713578,0.0020702815302533375,new_round8_fit,271
disjoint0,2017-12-31,2018-12-31,20260910,0,0,1881,2018-10-26,0.0354648787486262,-0.0019276796387761937,-0.019206918679775913,0.0020702815302533375,new_round8_fit,271
disjoint0,2017-12-31,2018-12-31,20260910,0,0,1886,2018-11-02,-0.0334060260531522,-0.011576704395885101,-0.0019276796387761937,0.0020702815302533375,new_round8_fit,271
disjoint0,2017-12-31,2018-12-31,20260910,0,0,1891,2018-11-09,0.0311810774464045,0.003860458814484742,-0.011576704395885101,0.0020702815302533375,new_round8_fit,271
disjoint0,2017-12-31,2018-12-31,20260910,0,0,1896,2018-11-16,-0.0337916834162372,0.005706546132871926,0.003860458814484742,0.0020702815302533375,new_round8_fit,271
disjoint0,2017-12-31,2018-12-31,20260910,0,0,1901,2018-11-23,0.0355769261307155,-0.003075136819418738,0.005706546132871926,0.0020702815302533375,new_round8_fit,271
disjoint0,2017-12-31,2018-12-31,20260910,0,0,1906,2018-11-30,-0.0328672765580291,-0.009979010829893775,-0.003075136819418738,0.0020702815302533375,new_round8_fit,271
disjoint0,2017-12-31,2018-12-31,20260910,0,0,1911,2018-12-07,0.0015094243892539,-0.012072328051326471,-0.009979010829893775,0.0020702815302533375,new_round8_fit,271
disjoint0,2017-12-31,2018-12-31,20260910,0,0,1916,2018-12-14,-0.0452081512722115,-0.004994360691971057,-0.012072328051326471,0.0020702815302533375,new_round8_fit,271
disjoint0,2017-12-31,2018-12-31,20260910,0,0,1921,2018-12-21,0.0005206433427293,-0.003262180541045773,-0.004994360691971057,0.0020702815302533375,new_round8_fit,271
disjoint0,2017-12-31,2018-12-31,20260910,0,0,1926,2018-12-28,0.0126215169021599,0.009149044091512458,-0.003262180541045773,0.0020702815302533375,new_round8_fit,271
disjoint0,2017-12-31,2018-12-31,20260912,2,0,1687,2018-01-05,0.0214907567286908,-0.012205484813999924,0.006974434398953544,0.0020702815302533375,new_round8_fit,271
disjoint0,2017-12-31,2018-12-31,20260912,2,0,1692,2018-01-12,0.0110264218031885,-0.01649717399205765,-0.012205484813999924,0.0020702815302533375,new_round8_fit,271
disjoint0,2017-12-31,2018-12-31,20260912,2,0,1697,2018-01-19,0.0258577147560612,-0.0070977561799925645,-0.01649717399205765,0.0020702815302533375,new_round8_fit,271
disjoint0,2017-12-31,2018-12-31,20260912,2,0,1702,2018-01-26,-0.0416224077172412,-0.012193634266655467,-0.0070977561799925645,0.0020702815302533375,new_round8_fit,271
disjoint0,2017-12-31,2018-12-31,20260912,2,0,1707,2018-02-02,-0.0851928666225865,0.028875728637211776,-0.012193634266655467,0.0020702815302533375,new_round8_fit,271
disjoint0,2017-12-31,2018-12-31,20260912,2,0,1712,2018-02-09,0.0642518595938403,0.027172164744332,0.028875728637211776,0.0020702815302533375,new_round8_fit,271
disjoint0,2017-12-31,2018-12-31,20260912,2,0,1717,2018-02-23,-0.0175257731958763,-0.003261809854619892,0.027172164744332,0.0020702815302533375,new_round8_fit,271
disjoint0,2017-12-31,2018-12-31,20260912,2,0,1722,2018-03-02,0.0271156686542373,0.019294273205350366,-0.003261809854619892,0.0020702815302533375,new_round8_fit,271
disjoint0,2017-12-31,2018-12-31,20260912,2,0,1727,2018-03-09,-0.0184205620825476,0.023053208100409693,0.019294273205350366,0.0020702815302533375,new_round8_fit,271
disjoint0,2017-12-31,2018-12-31,20260912,2,0,1732,2018-03-16,-0.0473361252102539,0.01673001050201715,0.023053208100409693,0.0020702815302533375,new_round8_fit,271
disjoint0,2017-12-31,2018-12-31,20260912,2,0,1737,2018-03-23,0.0088849998317235,-0.015100102933841873,0.01673001050201715,0.0020702815302533375,new_round8_fit,271
disjoint0,2017-12-31,2018-12-31,20260912,2,0,1742,2018-03-30,-0.0088632053805354,-0.01887511640359828,-0.015100102933841873,0.0020702815302533375,new_round8_fit,271
disjoint0,2017-12-31,2018-12-31,20260912,2,0,1750,2018-04-13,-0.0279044238531301,-0.019544200100968,-0.01887511640359828,0.0020702815302533375,new_round8_fit,271
disjoint0,2017-12-31,2018-12-31,20260912,2,0,1755,2018-04-20,0.0040589236395014,-0.0020169037391470673,-0.019544200100968,0.0020702815302533375,new_round8_fit,271
disjoint0,2017-12-31,2018-12-31,20260912,2,0,1760,2018-04-27,0.003344889692912,0.017590836544775182,-0.0020169037391470673,0.0020702815302533375,new_round8_fit,271
disjoint0,2017-12-31,2018-12-31,20260912,2,0,1763,2018-05-04,0.0275819951672684,0.016041682102986055,0.017590836544775182,0.0020702815302533375,new_round8_fit,271
disjoint0,2017-12-31,2018-12-31,20260912,2,0,1768,2018-05-11,0.0099488791752746,-0.016346245486325996,0.016041682102986055,0.0020702815302533375,new_round8_fit,271
disjoint0,2017-12-31,2018-12-31,20260912,2,0,1773,2018-05-18,-0.0278382082465087,0.017415655604368047,-0.016346245486325996,0.0020702815302533375,new_round8_fit,271
disjoint0,2017-12-31,2018-12-31,20260912,2,0,1778,2018-05-25,-0.0081414788300587,-0.02142212118664184,0.017415655604368047,0.0020702815302533375,new_round8_fit,271
disjoint0,2017-12-31,2018-12-31,20260912,2,0,1783,2018-06-01,-0.0039575292125362,0.011503857138143146,-0.02142212118664184,0.0020702815302533375,new_round8_fit,271
disjoint0,2017-12-31,2018-12-31,20260912,2,0,1788,2018-06-08,-0.0179141214945586,-0.021371042309897958,0.011503857138143146,0.0020702815302533375,new_round8_fit,271
disjoint0,2017-12-31,2018-12-31,20260912,2,0,1793,2018-06-15,-0.0207606943097817,0.01317697743978228,-0.021371042309897958,0.0020702815302533375,new_round8_fit,271
disjoint0,2017-12-31,2018-12-31,20260912,2,0,1797,2018-06-22,-0.0334657179105301,-0.01788293116226502,0.01317697743978228,0.0020702815302533375,new_round8_fit,271
disjoint0,2017-12-31,2018-12-31,20260912,2,0,1802,2018-06-29,-0.0358257762964908,-0.015019961262598861,-0.01788293116226502,0.0020702815302533375,new_round8_fit,271
disjoint0,2017-12-31,2018-12-31,20260912,2,0,1807,2018-07-06,0.0325726343702554,-0.004977819676782281,-0.015019961262598861,0.0020702815302533375,new_round8_fit,271
disjoint0,2017-12-31,2018-12-31,20260912,2,0,1812,2018-07-13,-0.0049040261165902,0.01098049276234204,-0.004977819676782281,0.0020702815302533375,new_round8_fit,271
disjoint0,2017-12-31,2018-12-31,20260912,2,0,1817,2018-07-20,0.014110592016959,0.010075858027219236,0.01098049276234204,0.0020702815302533375,new_round8_fit,271
disjoint0,2017-12-31,2018-12-31,20260912,2,0,1822,2018-07-27,-0.0590851640938977,-0.0003392754583056187,0.010075858027219236,0.0020702815302533375,new_round8_fit,271
disjoint0,2017-12-31,2018-12-31,20260912,2,0,1827,2018-08-03,0.0172541822374894,-0.021392099256308087,-0.0003392754583056187,0.0020702815302533375,new_round8_fit,271
disjoint0,2017-12-31,2018-12-31,20260912,2,0,1832,2018-08-10,-0.0390981548851923,0.014534910699276904,-0.021392099256308087,0.0020702815302533375,new_round8_fit,271
disjoint0,2017-12-31,2018-12-31,20260912,2,0,1837,2018-08-17,0.0312424727164923,-0.022448287240401765,0.014534910699276904,0.0020702815302533375,new_round8_fit,271
disjoint0,2017-12-31,2018-12-31,20260912,2,0,1842,2018-08-24,-0.005599825117761,0.011542608346400347,-0.022448287240401765,0.0020702815302533375,new_round8_fit,271
disjoint0,2017-12-31,2018-12-31,20260912,2,0,1847,2018-08-31,-0.0148493234839747,-0.018380254510801077,0.011542608346400347,0.0020702815302533375,new_round8_fit,271
disjoint0,2017-12-31,2018-12-31,20260912,2,0,1852,2018-09-07,-0.0141989007697058,0.01481679387010252,-0.018380254510801077,0.0020702815302533375,new_round8_fit,271
disjoint0,2017-12-31,2018-12-31,20260912,2,0,1857,2018-09-14,0.0468351251034906,-0.01839801809794232,0.01481679387010252,0.0020702815302533375,new_round8_fit,271
disjoint0,2017-12-31,2018-12-31,20260912,2,0,1862,2018-09-21,-0.00426840285903,-0.020305352682544617,-0.01839801809794232,0.0020702815302533375,new_round8_fit,271
disjoint0,2017-12-31,2018-12-31,20260912,2,0,1866,2018-09-28,-0.055840145646664,-0.017696217755274905,-0.020305352682544617,0.0020702815302533375,new_round8_fit,271
disjoint0,2017-12-31,2018-12-31,20260912,2,0,1871,2018-10-12,-0.0045024181987176,0.01647442690102425,-0.017696217755274905,0.0020702815302533375,new_round8_fit,271
disjoint0,2017-12-31,2018-12-31,20260912,2,0,1876,2018-10-19,-0.0006551545151857,-0.012300962871496558,0.01647442690102425,0.0020702815302533375,new_round8_fit,271
disjoint0,2017-12-31,2018-12-31,20260912,2,0,1881,2018-10-26,0.0354648787486262,0.005229553242442687,-0.012300962871496558,0.0020702815302533375,new_round8_fit,271
disjoint0,2017-12-31,2018-12-31,20260912,2,0,1886,2018-11-02,-0.0334060260531522,0.01602535232604657,0.005229553242442687,0.0020702815302533375,new_round8_fit,271
disjoint0,2017-12-31,2018-12-31,20260912,2,0,1891,2018-11-09,0.0311810774464045,-0.009161423380904933,0.01602535232604657,0.0020702815302533375,new_round8_fit,271
disjoint0,2017-12-31,2018-12-31,20260912,2,0,1896,2018-11-16,-0.0337916834162372,-0.020616807577087733,-0.009161423380904933,0.0020702815302533375,new_round8_fit,271
disjoint0,2017-12-31,2018-12-31,20260912,2,0,1901,2018-11-23,0.0355769261307155,-0.013715611561946867,-0.020616807577087733,0.0020702815302533375,new_round8_fit,271
disjoint0,2017-12-31,2018-12-31,20260912,2,0,1906,2018-11-30,-0.0328672765580291,-0.0119772349531104,-0.013715611561946867,0.0020702815302533375,new_round8_fit,271
disjoint0,2017-12-31,2018-12-31,20260912,2,0,1911,2018-12-07,0.0015094243892539,-0.002611687033001304,-0.0119772349531104,0.0020702815302533375,new_round8_fit,271
disjoint0,2017-12-31,2018-12-31,20260912,2,0,1916,2018-12-14,-0.0452081512722115,-0.011026764780257997,-0.002611687033001304,0.0020702815302533375,new_round8_fit,271
disjoint0,2017-12-31,2018-12-31,20260912,2,0,1921,2018-12-21,0.0005206433427293,0.01453263112048628,-0.011026764780257997,0.0020702815302533375,new_round8_fit,271
disjoint0,2017-12-31,2018-12-31,20260912,2,0,1926,2018-12-28,0.0126215169021599,0.006974434398953544,0.01453263112048628,0.0020702815302533375,new_round8_fit,271
disjoint1,2017-12-31,2018-12-31,20260911,4,0,1687,2018-01-05,0.0214907567286908,-6.793978362627578e-05,0.000971406171426155,0.0017826951872838448,new_round8_fit,271
disjoint1,2017-12-31,2018-12-31,20260911,4,0,1692,2018-01-12,0.0110264218031885,0.015649680001907213,-6.793978362627578e-05,0.0017826951872838448,new_round8_fit,271
disjoint1,2017-12-31,2018-12-31,20260911,4,0,1697,2018-01-19,0.0258577147560612,0.015144449721414315,0.015649680001907213,0.0017826951872838448,new_round8_fit,271
disjoint1,2017-12-31,2018-12-31,20260911,4,0,1702,2018-01-26,-0.0416224077172412,0.012961211484158663,0.015144449721414315,0.0017826951872838448,new_round8_fit,271
disjoint1,2017-12-31,2018-12-31,20260911,4,0,1707,2018-02-02,-0.0851928666225865,0.020385812575028178,0.012961211484158663,0.0017826951872838448,new_round8_fit,271
disjoint1,2017-12-31,2018-12-31,20260911,4,0,1712,2018-02-09,0.0642518595938403,0.005472506318827516,0.020385812575028178,0.0017826951872838448,new_round8_fit,271
disjoint1,2017-12-31,2018-12-31,20260911,4,0,1717,2018-02-23,-0.0175257731958763,-0.0008856445430439174,0.005472506318827516,0.0017826951872838448,new_round8_fit,271
disjoint1,2017-12-31,2018-12-31,20260911,4,0,1722,2018-03-02,0.0271156686542373,0.02093983382056133,-0.0008856445430439174,0.0017826951872838448,new_round8_fit,271
disjoint1,2017-12-31,2018-12-31,20260911,4,0,1727,2018-03-09,-0.0184205620825476,0.020318866525889465,0.02093983382056133,0.0017826951872838448,new_round8_fit,271
disjoint1,2017-12-31,2018-12-31,20260911,4,0,1732,2018-03-16,-0.0473361252102539,0.006474040857044501,0.020318866525889465,0.0017826951872838448,new_round8_fit,271
disjoint1,2017-12-31,2018-12-31,20260911,4,0,1737,2018-03-23,0.0088849998317235,-0.02499919579687472,0.006474040857044501,0.0017826951872838448,new_round8_fit,271
disjoint1,2017-12-31,2018-12-31,20260911,4,0,1742,2018-03-30,-0.0088632053805354,-0.019950494319770203,-0.02499919579687472,0.0017826951872838448,new_round8_fit,271
disjoint1,2017-12-31,2018-12-31,20260911,4,0,1750,2018-04-13,-0.0279044238531301,0.010297980369105788,-0.019950494319770203,0.0017826951872838448,new_round8_fit,271
disjoint1,2017-12-31,2018-12-31,20260911,4,0,1755,2018-04-20,0.0040589236395014,0.0016435865436933805,0.010297980369105788,0.0017826951872838448,new_round8_fit,271
disjoint1,2017-12-31,2018-12-31,20260911,4,0,1760,2018-04-27,0.003344889692912,-0.022686394960084753,0.0016435865436933805,0.0017826951872838448,new_round8_fit,271
disjoint1,2017-12-31,2018-12-31,20260911,4,0,1763,2018-05-04,0.0275819951672684,0.019606594152023326,-0.022686394960084753,0.0017826951872838448,new_round8_fit,271
disjoint1,2017-12-31,2018-12-31,20260911,4,0,1768,2018-05-11,0.0099488791752746,0.0038151080585060093,0.019606594152023326,0.0017826951872838448,new_round8_fit,271
disjoint1,2017-12-31,2018-12-31,20260911,4,0,1773,2018-05-18,-0.0278382082465087,0.0019472652185932113,0.0038151080585060093,0.0017826951872838448,new_round8_fit,271
disjoint1,2017-12-31,2018-12-31,20260911,4,0,1778,2018-05-25,-0.0081414788300587,-0.022697711913179947,0.0019472652185932113,0.0017826951872838448,new_round8_fit,271
disjoint1,2017-12-31,2018-12-31,20260911,4,0,1783,2018-06-01,-0.0039575292125362,0.021066783261491313,-0.022697711913179947,0.0017826951872838448,new_round8_fit,271
disjoint1,2017-12-31,2018-12-31,20260911,4,0,1788,2018-06-08,-0.0179141214945586,-0.0053595183227026525,0.021066783261491313,0.0017826951872838448,new_round8_fit,271
disjoint1,2017-12-31,2018-12-31,20260911,4,0,1793,2018-06-15,-0.0207606943097817,0.0002083663842829312,-0.0053595183227026525,0.0017826951872838448,new_round8_fit,271
disjoint1,2017-12-31,2018-12-31,20260911,4,0,1797,2018-06-22,-0.0334657179105301,0.0060506107854072354,0.0002083663842829312,0.0017826951872838448,new_round8_fit,271
disjoint1,2017-12-31,2018-12-31,20260911,4,0,1802,2018-06-29,-0.0358257762964908,-0.0077681070134557025,0.0060506107854072354,0.0017826951872838448,new_round8_fit,271
disjoint1,2017-12-31,2018-12-31,20260911,4,0,1807,2018-07-06,0.0325726343702554,-0.0091577197596634,-0.0077681070134557025,0.0017826951872838448,new_round8_fit,271
disjoint1,2017-12-31,2018-12-31,20260911,4,0,1812,2018-07-13,-0.0049040261165902,-0.019340399521637634,-0.0091577197596634,0.0017826951872838448,new_round8_fit,271
disjoint1,2017-12-31,2018-12-31,20260911,4,0,1817,2018-07-20,0.014110592016959,-0.03644301400922344,-0.019340399521637634,0.0017826951872838448,new_round8_fit,271
disjoint1,2017-12-31,2018-12-31,20260911,4,0,1822,2018-07-27,-0.0590851640938977,-6.599550578738973e-05,-0.03644301400922344,0.0017826951872838448,new_round8_fit,271
disjoint1,2017-12-31,2018-12-31,20260911,4,0,1827,2018-08-03,0.0172541822374894,-0.0012850260893538998,-6.599550578738973e-05,0.0017826951872838448,new_round8_fit,271
disjoint1,2017-12-31,2018-12-31,20260911,4,0,1832,2018-08-10,-0.0390981548851923,-0.01760559247647473,-0.0012850260893538998,0.0017826951872838448,new_round8_fit,271
disjoint1,2017-12-31,2018-12-31,20260911,4,0,1837,2018-08-17,0.0312424727164923,-0.003824557303058881,-0.01760559247647473,0.0017826951872838448,new_round8_fit,271
disjoint1,2017-12-31,2018-12-31,20260911,4,0,1842,2018-08-24,-0.005599825117761,0.00718789605840812,-0.003824557303058881,0.0017826951872838448,new_round8_fit,271
disjoint1,2017-12-31,2018-12-31,20260911,4,0,1847,2018-08-31,-0.0148493234839747,-0.004828506926849853,0.00718789605840812,0.0017826951872838448,new_round8_fit,271
disjoint1,2017-12-31,2018-12-31,20260911,4,0,1852,2018-09-07,-0.0141989007697058,0.012375661931081361,-0.004828506926849853,0.0017826951872838448,new_round8_fit,271
disjoint1,2017-12-31,2018-12-31,20260911,4,0,1857,2018-09-14,0.0468351251034906,-0.00014102565751936483,0.012375661931081361,0.0017826951872838448,new_round8_fit,271
disjoint1,2017-12-31,2018-12-31,20260911,4,0,1862,2018-09-21,-0.00426840285903,0.00368061910601963,-0.00014102565751936483,0.0017826951872838448,new_round8_fit,271
disjoint1,2017-12-31,2018-12-31,20260911,4,0,1866,2018-09-28,-0.055840145646664,0.004426725515610211,0.00368061910601963,0.0017826951872838448,new_round8_fit,271
disjoint1,2017-12-31,2018-12-31,20260911,4,0,1871,2018-10-12,-0.0045024181987176,0.002803940078155185,0.004426725515610211,0.0017826951872838448,new_round8_fit,271
disjoint1,2017-12-31,2018-12-31,20260911,4,0,1876,2018-10-19,-0.0006551545151857,-0.01116362773647021,0.002803940078155185,0.0017826951872838448,new_round8_fit,271
disjoint1,2017-12-31,2018-12-31,20260911,4,0,1881,2018-10-26,0.0354648787486262,4.246166574691586e-05,-0.01116362773647021,0.0017826951872838448,new_round8_fit,271
disjoint1,2017-12-31,2018-12-31,20260911,4,0,1886,2018-11-02,-0.0334060260531522,0.029354903711127707,4.246166574691586e-05,0.0017826951872838448,new_round8_fit,271
disjoint1,2017-12-31,2018-12-31,20260911,4,0,1891,2018-11-09,0.0311810774464045,0.01479222756296558,0.029354903711127707,0.0017826951872838448,new_round8_fit,271
disjoint1,2017-12-31,2018-12-31,20260911,4,0,1896,2018-11-16,-0.0337916834162372,0.0002899435962845549,0.01479222756296558,0.0017826951872838448,new_round8_fit,271
disjoint1,2017-12-31,2018-12-31,20260911,4,0,1901,2018-11-23,0.0355769261307155,-0.015720471278154884,0.0002899435962845549,0.0017826951872838448,new_round8_fit,271
disjoint1,2017-12-31,2018-12-31,20260911,4,0,1906,2018-11-30,-0.0328672765580291,-0.002943634747173479,-0.015720471278154884,0.0017826951872838448,new_round8_fit,271
disjoint1,2017-12-31,2018-12-31,20260911,4,0,1911,2018-12-07,0.0015094243892539,0.020631087594307537,-0.002943634747173479,0.0017826951872838448,new_round8_fit,271
disjoint1,2017-12-31,2018-12-31,20260911,4,0,1916,2018-12-14,-0.0452081512722115,0.009950437301710925,0.020631087594307537,0.0017826951872838448,new_round8_fit,271
disjoint1,2017-12-31,2018-12-31,20260911,4,0,1921,2018-12-21,0.0005206433427293,0.018216776744990483,0.009950437301710925,0.0017826951872838448,new_round8_fit,271
disjoint1,2017-12-31,2018-12-31,20260911,4,0,1926,2018-12-28,0.0126215169021599,0.000971406171426155,0.018216776744990483,0.0017826951872838448,new_round8_fit,271
disjoint2,2017-12-31,2018-12-31,20260910,6,0,1687,2018-01-05,0.0214907567286908,0.024794071566193343,0.024948452367963152,0.0003535077747079605,new_round8_fit,273
disjoint2,2017-12-31,2018-12-31,20260910,6,0,1692,2018-01-12,0.0110264218031885,0.014902927165118677,0.024794071566193343,0.0003535077747079605,new_round8_fit,273
disjoint2,2017-12-31,2018-12-31,20260910,6,0,1697,2018-01-19,0.0258577147560612,0.016968185345976376,0.014902927165118677,0.0003535077747079605,new_round8_fit,273
disjoint2,2017-12-31,2018-12-31,20260910,6,0,1702,2018-01-26,-0.0416224077172412,-0.002835644520331866,0.016968185345976376,0.0003535077747079605,new_round8_fit,273
disjoint2,2017-12-31,2018-12-31,20260910,6,0,1707,2018-02-02,-0.0851928666225865,-0.01493866453369293,-0.002835644520331866,0.0003535077747079605,new_round8_fit,273
disjoint2,2017-12-31,2018-12-31,20260910,6,0,1712,2018-02-09,0.0642518595938403,-0.005392935977845633,-0.01493866453369293,0.0003535077747079605,new_round8_fit,273
disjoint2,2017-12-31,2018-12-31,20260910,6,0,1717,2018-02-23,-0.0175257731958763,0.021324278568010918,-0.005392935977845633,0.0003535077747079605,new_round8_fit,273
disjoint2,2017-12-31,2018-12-31,20260910,6,0,1722,2018-03-02,0.0271156686542373,0.011593689605989398,0.021324278568010918,0.0003535077747079605,new_round8_fit,273
disjoint2,2017-12-31,2018-12-31,20260910,6,0,1727,2018-03-09,-0.0184205620825476,0.005157717119253076,0.011593689605989398,0.0003535077747079605,new_round8_fit,273
disjoint2,2017-12-31,2018-12-31,20260910,6,0,1732,2018-03-16,-0.0473361252102539,-0.004486051461219793,0.005157717119253076,0.0003535077747079605,new_round8_fit,273
disjoint2,2017-12-31,2018-12-31,20260910,6,0,1737,2018-03-23,0.0088849998317235,0.0035052811631862144,-0.004486051461219793,0.0003535077747079605,new_round8_fit,273
disjoint2,2017-12-31,2018-12-31,20260910,6,0,1742,2018-03-30,-0.0088632053805354,0.019322978625840634,0.0035052811631862144,0.0003535077747079605,new_round8_fit,273
disjoint2,2017-12-31,2018-12-31,20260910,6,0,1750,2018-04-13,-0.0279044238531301,-0.009121702687354929,0.019322978625840634,0.0003535077747079605,new_round8_fit,273
disjoint2,2017-12-31,2018-12-31,20260910,6,0,1755,2018-04-20,0.0040589236395014,0.005001889775801822,-0.009121702687354929,0.0003535077747079605,new_round8_fit,273
disjoint2,2017-12-31,2018-12-31,20260910,6,0,1760,2018-04-27,0.003344889692912,0.020264449103709604,0.005001889775801822,0.0003535077747079605,new_round8_fit,273
disjoint2,2017-12-31,2018-12-31,20260910,6,0,1763,2018-05-04,0.0275819951672684,0.03480349688784669,0.020264449103709604,0.0003535077747079605,new_round8_fit,273
disjoint2,2017-12-31,2018-12-31,20260910,6,0,1768,2018-05-11,0.0099488791752746,-0.011439839402142936,0.03480349688784669,0.0003535077747079605,new_round8_fit,273
disjoint2,2017-12-31,2018-12-31,20260910,6,0,1773,2018-05-18,-0.0278382082465087,0.0042730632484935865,-0.011439839402142936,0.0003535077747079605,new_round8_fit,273
disjoint2,2017-12-31,2018-12-31,20260910,6,0,1778,2018-05-25,-0.0081414788300587,0.009922373097937448,0.0042730632484935865,0.0003535077747079605,new_round8_fit,273
disjoint2,2017-12-31,2018-12-31,20260910,6,0,1783,2018-06-01,-0.0039575292125362,0.009371188208727232,0.009922373097937448,0.0003535077747079605,new_round8_fit,273
disjoint2,2017-12-31,2018-12-31,20260910,6,0,1788,2018-06-08,-0.0179141214945586,-0.014444755817837917,0.009371188208727232,0.0003535077747079605,new_round8_fit,273
disjoint2,2017-12-31,2018-12-31,20260910,6,0,1793,2018-06-15,-0.0207606943097817,0.022001522153149638,-0.014444755817837917,0.0003535077747079605,new_round8_fit,273
disjoint2,2017-12-31,2018-12-31,20260910,6,0,1797,2018-06-22,-0.0334657179105301,-0.015488983263669542,0.022001522153149638,0.0003535077747079605,new_round8_fit,273
disjoint2,2017-12-31,2018-12-31,20260910,6,0,1802,2018-06-29,-0.0358257762964908,0.024354531070644236,-0.015488983263669542,0.0003535077747079605,new_round8_fit,273
disjoint2,2017-12-31,2018-12-31,20260910,6,0,1807,2018-07-06,0.0325726343702554,-0.011406755279227602,0.024354531070644236,0.0003535077747079605,new_round8_fit,273
disjoint2,2017-12-31,2018-12-31,20260910,6,0,1812,2018-07-13,-0.0049040261165902,-0.00603235108074761,-0.011406755279227602,0.0003535077747079605,new_round8_fit,273
disjoint2,2017-12-31,2018-12-31,20260910,6,0,1817,2018-07-20,0.014110592016959,-0.01374659430133657,-0.00603235108074761,0.0003535077747079605,new_round8_fit,273
disjoint2,2017-12-31,2018-12-31,20260910,6,0,1822,2018-07-27,-0.0590851640938977,-0.022845983662199743,-0.01374659430133657,0.0003535077747079605,new_round8_fit,273
disjoint2,2017-12-31,2018-12-31,20260910,6,0,1827,2018-08-03,0.0172541822374894,0.010463107385664958,-0.022845983662199743,0.0003535077747079605,new_round8_fit,273
disjoint2,2017-12-31,2018-12-31,20260910,6,0,1832,2018-08-10,-0.0390981548851923,-0.0029120491512253416,0.010463107385664958,0.0003535077747079605,new_round8_fit,273
disjoint2,2017-12-31,2018-12-31,20260910,6,0,1837,2018-08-17,0.0312424727164923,-0.019632070086537015,-0.0029120491512253416,0.0003535077747079605,new_round8_fit,273
disjoint2,2017-12-31,2018-12-31,20260910,6,0,1842,2018-08-24,-0.005599825117761,-0.01863021009471995,-0.019632070086537015,0.0003535077747079605,new_round8_fit,273
disjoint2,2017-12-31,2018-12-31,20260910,6,0,1847,2018-08-31,-0.0148493234839747,0.010125524612433764,-0.01863021009471995,0.0003535077747079605,new_round8_fit,273
disjoint2,2017-12-31,2018-12-31,20260910,6,0,1852,2018-09-07,-0.0141989007697058,-0.012736985344187103,0.010125524612433764,0.0003535077747079605,new_round8_fit,273
disjoint2,2017-12-31,2018-12-31,20260910,6,0,1857,2018-09-14,0.0468351251034906,-0.022182304948492024,-0.012736985344187103,0.0003535077747079605,new_round8_fit,273
disjoint2,2017-12-31,2018-12-31,20260910,6,0,1862,2018-09-21,-0.00426840285903,0.007801358704482657,-0.022182304948492024,0.0003535077747079605,new_round8_fit,273
disjoint2,2017-12-31,2018-12-31,20260910,6,0,1866,2018-09-28,-0.055840145646664,-0.002489853680200248,0.007801358704482657,0.0003535077747079605,new_round8_fit,273
disjoint2,2017-12-31,2018-12-31,20260910,6,0,1871,2018-10-12,-0.0045024181987176,0.014900277572870817,-0.002489853680200248,0.0003535077747079605,new_round8_fit,273
disjoint2,2017-12-31,2018-12-31,20260910,6,0,1876,2018-10-19,-0.0006551545151857,-0.006890526686781103,0.014900277572870817,0.0003535077747079605,new_round8_fit,273
disjoint2,2017-12-31,2018-12-31,20260910,6,0,1881,2018-10-26,0.0354648787486262,0.010671567378211004,-0.006890526686781103,0.0003535077747079605,new_round8_fit,273
disjoint2,2017-12-31,2018-12-31,20260910,6,0,1886,2018-11-02,-0.0334060260531522,0.013765882207336632,0.010671567378211004,0.0003535077747079605,new_round8_fit,273
disjoint2,2017-12-31,2018-12-31,20260910,6,0,1891,2018-11-09,0.0311810774464045,0.008727779665667745,0.013765882207336632,0.0003535077747079605,new_round8_fit,273
disjoint2,2017-12-31,2018-12-31,20260910,6,0,1896,2018-11-16,-0.0337916834162372,0.012045680675843872,0.008727779665667745,0.0003535077747079605,new_round8_fit,273
disjoint2,2017-12-31,2018-12-31,20260910,6,0,1901,2018-11-23,0.0355769261307155,0.027547993251355568,0.012045680675843872,0.0003535077747079605,new_round8_fit,273
disjoint2,2017-12-31,2018-12-31,20260910,6,0,1906,2018-11-30,-0.0328672765580291,0.01715739467074894,0.027547993251355568,0.0003535077747079605,new_round8_fit,273
disjoint2,2017-12-31,2018-12-31,20260910,6,0,1911,2018-12-07,0.0015094243892539,0.010393060939746488,0.01715739467074894,0.0003535077747079605,new_round8_fit,273
disjoint2,2017-12-31,2018-12-31,20260910,6,0,1916,2018-12-14,-0.0452081512722115,0.013400994043072673,0.010393060939746488,0.0003535077747079605,new_round8_fit,273
disjoint2,2017-12-31,2018-12-31,20260910,6,0,1921,2018-12-21,0.0005206433427293,0.007031474184919681,0.013400994043072673,0.0003535077747079605,new_round8_fit,273
disjoint2,2017-12-31,2018-12-31,20260910,6,0,1926,2018-12-28,0.0126215169021599,0.024948452367963152,0.007031474184919681,0.0003535077747079605,new_round8_fit,273
disjoint2,2017-12-31,2018-12-31,20260912,8,0,1687,2018-01-05,0.0214907567286908,0.007227404607951289,0.008381198873445392,0.0003535077747079605,new_round8_fit,273
disjoint2,2017-12-31,2018-12-31,20260912,8,0,1692,2018-01-12,0.0110264218031885,0.011981862769821989,0.007227404607951289,0.0003535077747079605,new_round8_fit,273
disjoint2,2017-12-31,2018-12-31,20260912,8,0,1697,2018-01-19,0.0258577147560612,0.01463636759033226,0.011981862769821989,0.0003535077747079605,new_round8_fit,273
disjoint2,2017-12-31,2018-12-31,20260912,8,0,1702,2018-01-26,-0.0416224077172412,0.007702617016529432,0.01463636759033226,0.0003535077747079605,new_round8_fit,273
disjoint2,2017-12-31,2018-12-31,20260912,8,0,1707,2018-02-02,-0.0851928666225865,0.0042558724969661175,0.007702617016529432,0.0003535077747079605,new_round8_fit,273
disjoint2,2017-12-31,2018-12-31,20260912,8,0,1712,2018-02-09,0.0642518595938403,0.002467778068357538,0.0042558724969661175,0.0003535077747079605,new_round8_fit,273
disjoint2,2017-12-31,2018-12-31,20260912,8,0,1717,2018-02-23,-0.0175257731958763,0.024912378508723243,0.002467778068357538,0.0003535077747079605,new_round8_fit,273
disjoint2,2017-12-31,2018-12-31,20260912,8,0,1722,2018-03-02,0.0271156686542373,0.02245975942065331,0.024912378508723243,0.0003535077747079605,new_round8_fit,273
disjoint2,2017-12-31,2018-12-31,20260912,8,0,1727,2018-03-09,-0.0184205620825476,0.01040778843478397,0.02245975942065331,0.0003535077747079605,new_round8_fit,273
disjoint2,2017-12-31,2018-12-31,20260912,8,0,1732,2018-03-16,-0.0473361252102539,0.0004431544422000618,0.01040778843478397,0.0003535077747079605,new_round8_fit,273
disjoint2,2017-12-31,2018-12-31,20260912,8,0,1737,2018-03-23,0.0088849998317235,-0.005388096359595637,0.0004431544422000618,0.0003535077747079605,new_round8_fit,273
disjoint2,2017-12-31,2018-12-31,20260912,8,0,1742,2018-03-30,-0.0088632053805354,0.007081049254745633,-0.005388096359595637,0.0003535077747079605,new_round8_fit,273
disjoint2,2017-12-31,2018-12-31,20260912,8,0,1750,2018-04-13,-0.0279044238531301,0.02245160711507694,0.007081049254745633,0.0003535077747079605,new_round8_fit,273
disjoint2,2017-12-31,2018-12-31,20260912,8,0,1755,2018-04-20,0.0040589236395014,0.012263220470656352,0.02245160711507694,0.0003535077747079605,new_round8_fit,273
disjoint2,2017-12-31,2018-12-31,20260912,8,0,1760,2018-04-27,0.003344889692912,0.007843651345387444,0.012263220470656352,0.0003535077747079605,new_round8_fit,273
disjoint2,2017-12-31,2018-12-31,20260912,8,0,1763,2018-05-04,0.0275819951672684,0.0069955397289899,0.007843651345387444,0.0003535077747079605,new_round8_fit,273
disjoint2,2017-12-31,2018-12-31,20260912,8,0,1768,2018-05-11,0.0099488791752746,-0.019258859544658325,0.0069955397289899,0.0003535077747079605,new_round8_fit,273
disjoint2,2017-12-31,2018-12-31,20260912,8,0,1773,2018-05-18,-0.0278382082465087,0.007593963753225999,-0.019258859544658325,0.0003535077747079605,new_round8_fit,273
disjoint2,2017-12-31,2018-12-31,20260912,8,0,1778,2018-05-25,-0.0081414788300587,0.007870312228449711,0.007593963753225999,0.0003535077747079605,new_round8_fit,273
disjoint2,2017-12-31,2018-12-31,20260912,8,0,1783,2018-06-01,-0.0039575292125362,-0.02230737573962941,0.007870312228449711,0.0003535077747079605,new_round8_fit,273
disjoint2,2017-12-31,2018-12-31,20260912,8,0,1788,2018-06-08,-0.0179141214945586,-0.006225722988360641,-0.02230737573962941,0.0003535077747079605,new_round8_fit,273
disjoint2,2017-12-31,2018-12-31,20260912,8,0,1793,2018-06-15,-0.0207606943097817,0.010846854029723236,-0.006225722988360641,0.0003535077747079605,new_round8_fit,273
disjoint2,2017-12-31,2018-12-31,20260912,8,0,1797,2018-06-22,-0.0334657179105301,0.007349977291771151,0.010846854029723236,0.0003535077747079605,new_round8_fit,273
disjoint2,2017-12-31,2018-12-31,20260912,8,0,1802,2018-06-29,-0.0358257762964908,0.02300624455960136,0.007349977291771151,0.0003535077747079605,new_round8_fit,273
disjoint2,2017-12-31,2018-12-31,20260912,8,0,1807,2018-07-06,0.0325726343702554,0.02139667721244897,0.02300624455960136,0.0003535077747079605,new_round8_fit,273
disjoint2,2017-12-31,2018-12-31,20260912,8,0,1812,2018-07-13,-0.0049040261165902,0.02177889506687283,0.02139667721244897,0.0003535077747079605,new_round8_fit,273
disjoint2,2017-12-31,2018-12-31,20260912,8,0,1817,2018-07-20,0.014110592016959,0.010241574150694967,0.02177889506687283,0.0003535077747079605,new_round8_fit,273
disjoint2,2017-12-31,2018-12-31,20260912,8,0,1822,2018-07-27,-0.0590851640938977,-0.014361407508066892,0.010241574150694967,0.0003535077747079605,new_round8_fit,273
disjoint2,2017-12-31,2018-12-31,20260912,8,0,1827,2018-08-03,0.0172541822374894,0.017980322149816187,-0.014361407508066892,0.0003535077747079605,new_round8_fit,273
disjoint2,2017-12-31,2018-12-31,20260912,8,0,1832,2018-08-10,-0.0390981548851923,0.008998076178521034,0.017980322149816187,0.0003535077747079605,new_round8_fit,273
disjoint2,2017-12-31,2018-12-31,20260912,8,0,1837,2018-08-17,0.0312424727164923,0.006718036065002916,0.008998076178521034,0.0003535077747079605,new_round8_fit,273
disjoint2,2017-12-31,2018-12-31,20260912,8,0,1842,2018-08-24,-0.005599825117761,-0.0008014757171909732,0.006718036065002916,0.0003535077747079605,new_round8_fit,273
disjoint2,2017-12-31,2018-12-31,20260912,8,0,1847,2018-08-31,-0.0148493234839747,0.012469673984891934,-0.0008014757171909732,0.0003535077747079605,new_round8_fit,273
disjoint2,2017-12-31,2018-12-31,20260912,8,0,1852,2018-09-07,-0.0141989007697058,0.021421011454265178,0.012469673984891934,0.0003535077747079605,new_round8_fit,273
disjoint2,2017-12-31,2018-12-31,20260912,8,0,1857,2018-09-14,0.0468351251034906,0.006279263217014924,0.021421011454265178,0.0003535077747079605,new_round8_fit,273
disjoint2,2017-12-31,2018-12-31,20260912,8,0,1862,2018-09-21,-0.00426840285903,0.023630641279225387,0.006279263217014924,0.0003535077747079605,new_round8_fit,273
disjoint2,2017-12-31,2018-12-31,20260912,8,0,1866,2018-09-28,-0.055840145646664,0.006108663769466947,0.023630641279225387,0.0003535077747079605,new_round8_fit,273
disjoint2,2017-12-31,2018-12-31,20260912,8,0,1871,2018-10-12,-0.0045024181987176,0.010249798016637206,0.006108663769466947,0.0003535077747079605,new_round8_fit,273
disjoint2,2017-12-31,2018-12-31,20260912,8,0,1876,2018-10-19,-0.0006551545151857,-0.00034472843873373303,0.010249798016637206,0.0003535077747079605,new_round8_fit,273
disjoint2,2017-12-31,2018-12-31,20260912,8,0,1881,2018-10-26,0.0354648787486262,0.009035433477569537,-0.00034472843873373303,0.0003535077747079605,new_round8_fit,273
disjoint2,2017-12-31,2018-12-31,20260912,8,0,1886,2018-11-02,-0.0334060260531522,0.009537306769209946,0.009035433477569537,0.0003535077747079605,new_round8_fit,273
disjoint2,2017-12-31,2018-12-31,20260912,8,0,1891,2018-11-09,0.0311810774464045,0.025714345306079422,0.009537306769209946,0.0003535077747079605,new_round8_fit,273
disjoint2,2017-12-31,2018-12-31,20260912,8,0,1896,2018-11-16,-0.0337916834162372,0.008974968685833968,0.025714345306079422,0.0003535077747079605,new_round8_fit,273
disjoint2,2017-12-31,2018-12-31,20260912,8,0,1901,2018-11-23,0.0355769261307155,0.012883025245244713,0.008974968685833968,0.0003535077747079605,new_round8_fit,273
disjoint2,2017-12-31,2018-12-31,20260912,8,0,1906,2018-11-30,-0.0328672765580291,0.00744630126164903,0.012883025245244713,0.0003535077747079605,new_round8_fit,273
disjoint2,2017-12-31,2018-12-31,20260912,8,0,1911,2018-12-07,0.0015094243892539,0.01856926581960808,0.00744630126164903,0.0003535077747079605,new_round8_fit,273
disjoint2,2017-12-31,2018-12-31,20260912,8,0,1916,2018-12-14,-0.0452081512722115,0.007402901758461815,0.01856926581960808,0.0003535077747079605,new_round8_fit,273
disjoint2,2017-12-31,2018-12-31,20260912,8,0,1921,2018-12-21,0.0005206433427293,-0.024409382491748045,0.007402901758461815,0.0003535077747079605,new_round8_fit,273
disjoint2,2017-12-31,2018-12-31,20260912,8,0,1926,2018-12-28,0.0126215169021599,0.008381198873445392,-0.024409382491748045,0.0003535077747079605,new_round8_fit,273
quarter_equal,2017-12-31,2018-12-31,20260911,10,0,1687,2018-01-05,0.0214907567286908,-0.0016826760241817496,0.006483975134662744,0.0037909032524299615,new_round8_fit,1678
quarter_equal,2017-12-31,2018-12-31,20260911,10,0,1692,2018-01-12,0.0110264218031885,0.0018038231187392476,-0.0016826760241817496,0.0037909032524299615,new_round8_fit,1678
quarter_equal,2017-12-31,2018-12-31,20260911,10,0,1697,2018-01-19,0.0258577147560612,0.0009187012265761988,0.0018038231187392476,0.0037909032524299615,new_round8_fit,1678
quarter_equal,2017-12-31,2018-12-31,20260911,10,0,1702,2018-01-26,-0.0416224077172412,0.006771515299453513,0.0009187012265761988,0.0037909032524299615,new_round8_fit,1678
quarter_equal,2017-12-31,2018-12-31,20260911,10,0,1707,2018-02-02,-0.0851928666225865,0.006609709188011364,0.006771515299453513,0.0037909032524299615,new_round8_fit,1678
quarter_equal,2017-12-31,2018-12-31,20260911,10,0,1712,2018-02-09,0.0642518595938403,0.005636409584386453,0.006609709188011364,0.0037909032524299615,new_round8_fit,1678
quarter_equal,2017-12-31,2018-12-31,20260911,10,0,1717,2018-02-23,-0.0175257731958763,0.0036561516582655526,0.005636409584386453,0.0037909032524299615,new_round8_fit,1678
quarter_equal,2017-12-31,2018-12-31,20260911,10,0,1722,2018-03-02,0.0271156686542373,0.0020724596518482156,0.0036561516582655526,0.0037909032524299615,new_round8_fit,1678
quarter_equal,2017-12-31,2018-12-31,20260911,10,0,1727,2018-03-09,-0.0184205620825476,0.005927671770223438,0.0020724596518482156,0.0037909032524299615,new_round8_fit,1678
quarter_equal,2017-12-31,2018-12-31,20260911,10,0,1732,2018-03-16,-0.0473361252102539,0.005278361977499236,0.005927671770223438,0.0037909032524299615,new_round8_fit,1678
quarter_equal,2017-12-31,2018-12-31,20260911,10,0,1737,2018-03-23,0.0088849998317235,-0.0060343430025273865,0.005278361977499236,0.0037909032524299615,new_round8_fit,1678
quarter_equal,2017-12-31,2018-12-31,20260911,10,0,1742,2018-03-30,-0.0088632053805354,0.0034020804422129156,-0.0060343430025273865,0.0037909032524299615,new_round8_fit,1678
quarter_equal,2017-12-31,2018-12-31,20260911,10,0,1750,2018-04-13,-0.0279044238531301,0.008089794266807566,0.0034020804422129156,0.0037909032524299615,new_round8_fit,1678
quarter_equal,2017-12-31,2018-12-31,20260911,10,0,1755,2018-04-20,0.0040589236395014,0.00608356371413357,0.008089794266807566,0.0037909032524299615,new_round8_fit,1678
quarter_equal,2017-12-31,2018-12-31,20260911,10,0,1760,2018-04-27,0.003344889692912,0.01170893498107817,0.00608356371413357,0.0037909032524299615,new_round8_fit,1678
quarter_equal,2017-12-31,2018-12-31,20260911,10,0,1763,2018-05-04,0.0275819951672684,0.013847642197440103,0.01170893498107817,0.0037909032524299615,new_round8_fit,1678
quarter_equal,2017-12-31,2018-12-31,20260911,10,0,1768,2018-05-11,0.0099488791752746,0.014742861123896063,0.013847642197440103,0.0037909032524299615,new_round8_fit,1678
quarter_equal,2017-12-31,2018-12-31,20260911,10,0,1773,2018-05-18,-0.0278382082465087,0.014628660501102307,0.014742861123896063,0.0037909032524299615,new_round8_fit,1678
quarter_equal,2017-12-31,2018-12-31,20260911,10,0,1778,2018-05-25,-0.0081414788300587,0.006765734344238722,0.014628660501102307,0.0037909032524299615,new_round8_fit,1678
quarter_equal,2017-12-31,2018-12-31,20260911,10,0,1783,2018-06-01,-0.0039575292125362,0.008067643355216973,0.006765734344238722,0.0037909032524299615,new_round8_fit,1678
quarter_equal,2017-12-31,2018-12-31,20260911,10,0,1788,2018-06-08,-0.0179141214945586,0.005208187336519444,0.008067643355216973,0.0037909032524299615,new_round8_fit,1678
quarter_equal,2017-12-31,2018-12-31,20260911,10,0,1793,2018-06-15,-0.0207606943097817,0.0030375155375436213,0.005208187336519444,0.0037909032524299615,new_round8_fit,1678
quarter_equal,2017-12-31,2018-12-31,20260911,10,0,1797,2018-06-22,-0.0334657179105301,-0.0008699903965980185,0.0030375155375436213,0.0037909032524299615,new_round8_fit,1678
quarter_equal,2017-12-31,2018-12-31,20260911,10,0,1802,2018-06-29,-0.0358257762964908,0.0021502385342157264,-0.0008699903965980185,0.0037909032524299615,new_round8_fit,1678
quarter_equal,2017-12-31,2018-12-31,20260911,10,0,1807,2018-07-06,0.0325726343702554,0.00036279382426602667,0.0021502385342157264,0.0037909032524299615,new_round8_fit,1678
quarter_equal,2017-12-31,2018-12-31,20260911,10,0,1812,2018-07-13,-0.0049040261165902,0.0033240795201769937,0.00036279382426602667,0.0037909032524299615,new_round8_fit,1678
quarter_equal,2017-12-31,2018-12-31,20260911,10,0,1817,2018-07-20,0.014110592016959,0.006471308480705824,0.0033240795201769937,0.0037909032524299615,new_round8_fit,1678
quarter_equal,2017-12-31,2018-12-31,20260911,10,0,1822,2018-07-27,-0.0590851640938977,0.006151504981712146,0.006471308480705824,0.0037909032524299615,new_round8_fit,1678
quarter_equal,2017-12-31,2018-12-31,20260911,10,0,1827,2018-08-03,0.0172541822374894,0.004694911320867726,0.006151504981712146,0.0037909032524299615,new_round8_fit,1678
quarter_equal,2017-12-31,2018-12-31,20260911,10,0,1832,2018-08-10,-0.0390981548851923,0.0069823961395324916,0.004694911320867726,0.0037909032524299615,new_round8_fit,1678
quarter_equal,2017-12-31,2018-12-31,20260911,10,0,1837,2018-08-17,0.0312424727164923,0.00690133943029379,0.0069823961395324916,0.0037909032524299615,new_round8_fit,1678
quarter_equal,2017-12-31,2018-12-31,20260911,10,0,1842,2018-08-24,-0.005599825117761,0.0035004681887609245,0.00690133943029379,0.0037909032524299615,new_round8_fit,1678
quarter_equal,2017-12-31,2018-12-31,20260911,10,0,1847,2018-08-31,-0.0148493234839747,0.009635620772536843,0.0035004681887609245,0.0037909032524299615,new_round8_fit,1678
quarter_equal,2017-12-31,2018-12-31,20260911,10,0,1852,2018-09-07,-0.0141989007697058,0.010561123911579273,0.009635620772536843,0.0037909032524299615,new_round8_fit,1678
quarter_equal,2017-12-31,2018-12-31,20260911,10,0,1857,2018-09-14,0.0468351251034906,0.0032241115425158916,0.010561123911579273,0.0037909032524299615,new_round8_fit,1678
quarter_equal,2017-12-31,2018-12-31,20260911,10,0,1862,2018-09-21,-0.00426840285903,0.001200485700557168,0.0032241115425158916,0.0037909032524299615,new_round8_fit,1678
quarter_equal,2017-12-31,2018-12-31,20260911,10,0,1866,2018-09-28,-0.055840145646664,0.0030191455589981563,0.001200485700557168,0.0037909032524299615,new_round8_fit,1678
quarter_equal,2017-12-31,2018-12-31,20260911,10,0,1871,2018-10-12,-0.0045024181987176,0.0023117263141549864,0.0030191455589981563,0.0037909032524299615,new_round8_fit,1678
quarter_equal,2017-12-31,2018-12-31,20260911,10,0,1876,2018-10-19,-0.0006551545151857,-0.0030071422443181334,0.0023117263141549864,0.0037909032524299615,new_round8_fit,1678
quarter_equal,2017-12-31,2018-12-31,20260911,10,0,1881,2018-10-26,0.0354648787486262,-0.002669551915181467,-0.0030071422443181334,0.0037909032524299615,new_round8_fit,1678
quarter_equal,2017-12-31,2018-12-31,20260911,10,0,1886,2018-11-02,-0.0334060260531522,-0.00047959470491296726,-0.002669551915181467,0.0037909032524299615,new_round8_fit,1678
quarter_equal,2017-12-31,2018-12-31,20260911,10,0,1891,2018-11-09,0.0311810774464045,0.0076423986323163745,-0.00047959470491296726,0.0037909032524299615,new_round8_fit,1678
quarter_equal,2017-12-31,2018-12-31,20260911,10,0,1896,2018-11-16,-0.0337916834162372,0.00824835688800167,0.0076423986323163745,0.0037909032524299615,new_round8_fit,1678
quarter_equal,2017-12-31,2018-12-31,20260911,10,0,1901,2018-11-23,0.0355769261307155,0.007244624126639048,0.00824835688800167,0.0037909032524299615,new_round8_fit,1678
quarter_equal,2017-12-31,2018-12-31,20260911,10,0,1906,2018-11-30,-0.0328672765580291,0.008257135120354045,0.007244624126639048,0.0037909032524299615,new_round8_fit,1678
quarter_equal,2017-12-31,2018-12-31,20260911,10,0,1911,2018-12-07,0.0015094243892539,-0.00019916210627543215,0.008257135120354045,0.0037909032524299615,new_round8_fit,1678
quarter_equal,2017-12-31,2018-12-31,20260911,10,0,1916,2018-12-14,-0.0452081512722115,-0.0008610004025965358,-0.00019916210627543215,0.0037909032524299615,new_round8_fit,1678
quarter_equal,2017-12-31,2018-12-31,20260911,10,0,1921,2018-12-21,0.0005206433427293,0.007986839060351775,-0.0008610004025965358,0.0037909032524299615,new_round8_fit,1678
quarter_equal,2017-12-31,2018-12-31,20260911,10,0,1926,2018-12-28,0.0126215169021599,0.006483975134662744,0.007986839060351775,0.0037909032524299615,new_round8_fit,1678
recent3y,2017-12-31,2018-12-31,20260910,12,0,1687,2018-01-05,0.0214907567286908,0.015552154214832293,0.007874326600658848,0.002940548989570899,new_round8_fit,595
recent3y,2017-12-31,2018-12-31,20260910,12,0,1692,2018-01-12,0.0110264218031885,0.02190206075919056,0.015552154214832293,0.002940548989570899,new_round8_fit,595
recent3y,2017-12-31,2018-12-31,20260910,12,0,1697,2018-01-19,0.0258577147560612,0.0034945468291439795,0.02190206075919056,0.002940548989570899,new_round8_fit,595
recent3y,2017-12-31,2018-12-31,20260910,12,0,1702,2018-01-26,-0.0416224077172412,-0.007301078744150025,0.0034945468291439795,0.002940548989570899,new_round8_fit,595
recent3y,2017-12-31,2018-12-31,20260910,12,0,1707,2018-02-02,-0.0851928666225865,0.010971929719263116,-0.007301078744150025,0.002940548989570899,new_round8_fit,595
recent3y,2017-12-31,2018-12-31,20260910,12,0,1712,2018-02-09,0.0642518595938403,0.01698914981599486,0.010971929719263116,0.002940548989570899,new_round8_fit,595
recent3y,2017-12-31,2018-12-31,20260910,12,0,1717,2018-02-23,-0.0175257731958763,0.021480723656242463,0.01698914981599486,0.002940548989570899,new_round8_fit,595
recent3y,2017-12-31,2018-12-31,20260910,12,0,1722,2018-03-02,0.0271156686542373,0.008542997364401585,0.021480723656242463,0.002940548989570899,new_round8_fit,595
recent3y,2017-12-31,2018-12-31,20260910,12,0,1727,2018-03-09,-0.0184205620825476,-0.013984382469697392,0.008542997364401585,0.002940548989570899,new_round8_fit,595
recent3y,2017-12-31,2018-12-31,20260910,12,0,1732,2018-03-16,-0.0473361252102539,-0.006331105519365287,-0.013984382469697392,0.002940548989570899,new_round8_fit,595
recent3y,2017-12-31,2018-12-31,20260910,12,0,1737,2018-03-23,0.0088849998317235,0.017440761902132566,-0.006331105519365287,0.002940548989570899,new_round8_fit,595
recent3y,2017-12-31,2018-12-31,20260910,12,0,1742,2018-03-30,-0.0088632053805354,-0.007338876332119876,0.017440761902132566,0.002940548989570899,new_round8_fit,595
recent3y,2017-12-31,2018-12-31,20260910,12,0,1750,2018-04-13,-0.0279044238531301,-0.00199161206693337,-0.007338876332119876,0.002940548989570899,new_round8_fit,595
recent3y,2017-12-31,2018-12-31,20260910,12,0,1755,2018-04-20,0.0040589236395014,0.009056569955908027,-0.00199161206693337,0.002940548989570899,new_round8_fit,595
recent3y,2017-12-31,2018-12-31,20260910,12,0,1760,2018-04-27,0.003344889692912,-0.01407471201045039,0.009056569955908027,0.002940548989570899,new_round8_fit,595
recent3y,2017-12-31,2018-12-31,20260910,12,0,1763,2018-05-04,0.0275819951672684,0.0008301547893896878,-0.01407471201045039,0.002940548989570899,new_round8_fit,595
recent3y,2017-12-31,2018-12-31,20260910,12,0,1768,2018-05-11,0.0099488791752746,0.00417392458556291,0.0008301547893896878,0.002940548989570899,new_round8_fit,595
recent3y,2017-12-31,2018-12-31,20260910,12,0,1773,2018-05-18,-0.0278382082465087,0.019062286763801915,0.00417392458556291,0.002940548989570899,new_round8_fit,595
recent3y,2017-12-31,2018-12-31,20260910,12,0,1778,2018-05-25,-0.0081414788300587,-0.009449102562808792,0.019062286763801915,0.002940548989570899,new_round8_fit,595
recent3y,2017-12-31,2018-12-31,20260910,12,0,1783,2018-06-01,-0.0039575292125362,0.02086930822835537,-0.009449102562808792,0.002940548989570899,new_round8_fit,595
recent3y,2017-12-31,2018-12-31,20260910,12,0,1788,2018-06-08,-0.0179141214945586,0.015078748997747244,0.02086930822835537,0.002940548989570899,new_round8_fit,595
recent3y,2017-12-31,2018-12-31,20260910,12,0,1793,2018-06-15,-0.0207606943097817,0.012326299710555454,0.015078748997747244,0.002940548989570899,new_round8_fit,595
recent3y,2017-12-31,2018-12-31,20260910,12,0,1797,2018-06-22,-0.0334657179105301,0.003162832125504961,0.012326299710555454,0.002940548989570899,new_round8_fit,595
recent3y,2017-12-31,2018-12-31,20260910,12,0,1802,2018-06-29,-0.0358257762964908,0.010915075891205925,0.003162832125504961,0.002940548989570899,new_round8_fit,595
recent3y,2017-12-31,2018-12-31,20260910,12,0,1807,2018-07-06,0.0325726343702554,-0.016063690980922567,0.010915075891205925,0.002940548989570899,new_round8_fit,595
recent3y,2017-12-31,2018-12-31,20260910,12,0,1812,2018-07-13,-0.0049040261165902,-0.034280878527469694,-0.016063690980922567,0.002940548989570899,new_round8_fit,595
recent3y,2017-12-31,2018-12-31,20260910,12,0,1817,2018-07-20,0.014110592016959,-0.01848996213238207,-0.034280878527469694,0.002940548989570899,new_round8_fit,595
recent3y,2017-12-31,2018-12-31,20260910,12,0,1822,2018-07-27,-0.0590851640938977,0.0025145944963474018,-0.01848996213238207,0.002940548989570899,new_round8_fit,595
recent3y,2017-12-31,2018-12-31,20260910,12,0,1827,2018-08-03,0.0172541822374894,-0.015837193632087833,0.0025145944963474018,0.002940548989570899,new_round8_fit,595
recent3y,2017-12-31,2018-12-31,20260910,12,0,1832,2018-08-10,-0.0390981548851923,-0.0031990237280606153,-0.015837193632087833,0.002940548989570899,new_round8_fit,595
recent3y,2017-12-31,2018-12-31,20260910,12,0,1837,2018-08-17,0.0312424727164923,0.007013646065188599,-0.0031990237280606153,0.002940548989570899,new_round8_fit,595
recent3y,2017-12-31,2018-12-31,20260910,12,0,1842,2018-08-24,-0.005599825117761,0.01014429667546976,0.007013646065188599,0.002940548989570899,new_round8_fit,595
recent3y,2017-12-31,2018-12-31,20260910,12,0,1847,2018-08-31,-0.0148493234839747,0.00048711312374960123,0.01014429667546976,0.002940548989570899,new_round8_fit,595
recent3y,2017-12-31,2018-12-31,20260910,12,0,1852,2018-09-07,-0.0141989007697058,0.005718699025694045,0.00048711312374960123,0.002940548989570899,new_round8_fit,595
recent3y,2017-12-31,2018-12-31,20260910,12,0,1857,2018-09-14,0.0468351251034906,0.0022462979899482054,0.005718699025694045,0.002940548989570899,new_round8_fit,595
recent3y,2017-12-31,2018-12-31,20260910,12,0,1862,2018-09-21,-0.00426840285903,-0.0021963676875328595,0.0022462979899482054,0.002940548989570899,new_round8_fit,595
recent3y,2017-12-31,2018-12-31,20260910,12,0,1866,2018-09-28,-0.055840145646664,-0.0006923279741985972,-0.0021963676875328595,0.002940548989570899,new_round8_fit,595
recent3y,2017-12-31,2018-12-31,20260910,12,0,1871,2018-10-12,-0.0045024181987176,-0.023665353941865565,-0.0006923279741985972,0.002940548989570899,new_round8_fit,595
recent3y,2017-12-31,2018-12-31,20260910,12,0,1876,2018-10-19,-0.0006551545151857,0.006249067756938485,-0.023665353941865565,0.002940548989570899,new_round8_fit,595
recent3y,2017-12-31,2018-12-31,20260910,12,0,1881,2018-10-26,0.0354648787486262,0.012376110962309181,0.006249067756938485,0.002940548989570899,new_round8_fit,595
recent3y,2017-12-31,2018-12-31,20260910,12,0,1886,2018-11-02,-0.0334060260531522,0.0003754872774752657,0.012376110962309181,0.002940548989570899,new_round8_fit,595
recent3y,2017-12-31,2018-12-31,20260910,12,0,1891,2018-11-09,0.0311810774464045,0.015314210655775606,0.0003754872774752657,0.002940548989570899,new_round8_fit,595
recent3y,2017-12-31,2018-12-31,20260910,12,0,1896,2018-11-16,-0.0337916834162372,-0.004253237903061971,0.015314210655775606,0.002940548989570899,new_round8_fit,595
recent3y,2017-12-31,2018-12-31,20260910,12,0,1901,2018-11-23,0.0355769261307155,-0.029596746080237823,-0.004253237903061971,0.002940548989570899,new_round8_fit,595
recent3y,2017-12-31,2018-12-31,20260910,12,0,1906,2018-11-30,-0.0328672765580291,-0.00890255007216814,-0.029596746080237823,0.002940548989570899,new_round8_fit,595
recent3y,2017-12-31,2018-12-31,20260910,12,0,1911,2018-12-07,0.0015094243892539,0.02462147631606145,-0.00890255007216814,0.002940548989570899,new_round8_fit,595
recent3y,2017-12-31,2018-12-31,20260910,12,0,1916,2018-12-14,-0.0452081512722115,0.020969600990848946,0.02462147631606145,0.002940548989570899,new_round8_fit,595
recent3y,2017-12-31,2018-12-31,20260910,12,0,1921,2018-12-21,0.0005206433427293,0.004770707948128703,0.020969600990848946,0.002940548989570899,new_round8_fit,595
recent3y,2017-12-31,2018-12-31,20260910,12,0,1926,2018-12-28,0.0126215169021599,0.007874326600658848,0.004770707948128703,0.002940548989570899,new_round8_fit,595
recent3y,2017-12-31,2018-12-31,20260912,14,0,1687,2018-01-05,0.0214907567286908,0.008970257516868356,-0.0015626608866622393,0.002940548989570899,new_round8_fit,595
recent3y,2017-12-31,2018-12-31,20260912,14,0,1692,2018-01-12,0.0110264218031885,0.005577395803351483,0.008970257516868356,0.002940548989570899,new_round8_fit,595
recent3y,2017-12-31,2018-12-31,20260912,14,0,1697,2018-01-19,0.0258577147560612,-0.005087006892646162,0.005577395803351483,0.002940548989570899,new_round8_fit,595
recent3y,2017-12-31,2018-12-31,20260912,14,0,1702,2018-01-26,-0.0416224077172412,-0.0016115064150217097,-0.005087006892646162,0.002940548989570899,new_round8_fit,595
recent3y,2017-12-31,2018-12-31,20260912,14,0,1707,2018-02-02,-0.0851928666225865,0.0030306836452382575,-0.0016115064150217097,0.002940548989570899,new_round8_fit,595
recent3y,2017-12-31,2018-12-31,20260912,14,0,1712,2018-02-09,0.0642518595938403,0.013226343390612898,0.0030306836452382575,0.002940548989570899,new_round8_fit,595
recent3y,2017-12-31,2018-12-31,20260912,14,0,1717,2018-02-23,-0.0175257731958763,0.0004342405774055715,0.013226343390612898,0.002940548989570899,new_round8_fit,595
recent3y,2017-12-31,2018-12-31,20260912,14,0,1722,2018-03-02,0.0271156686542373,-0.001954602114221366,0.0004342405774055715,0.002940548989570899,new_round8_fit,595
recent3y,2017-12-31,2018-12-31,20260912,14,0,1727,2018-03-09,-0.0184205620825476,-0.005344292442299975,-0.001954602114221366,0.002940548989570899,new_round8_fit,595
recent3y,2017-12-31,2018-12-31,20260912,14,0,1732,2018-03-16,-0.0473361252102539,0.0032091979789378123,-0.005344292442299975,0.002940548989570899,new_round8_fit,595
recent3y,2017-12-31,2018-12-31,20260912,14,0,1737,2018-03-23,0.0088849998317235,-0.0045741859140245224,0.0032091979789378123,0.002940548989570899,new_round8_fit,595
recent3y,2017-12-31,2018-12-31,20260912,14,0,1742,2018-03-30,-0.0088632053805354,0.007673009700075119,-0.0045741859140245224,0.002940548989570899,new_round8_fit,595
recent3y,2017-12-31,2018-12-31,20260912,14,0,1750,2018-04-13,-0.0279044238531301,0.030031481436450777,0.007673009700075119,0.002940548989570899,new_round8_fit,595
recent3y,2017-12-31,2018-12-31,20260912,14,0,1755,2018-04-20,0.0040589236395014,0.009124420726388504,0.030031481436450777,0.002940548989570899,new_round8_fit,595
recent3y,2017-12-31,2018-12-31,20260912,14,0,1760,2018-04-27,0.003344889692912,0.010358645175435253,0.009124420726388504,0.002940548989570899,new_round8_fit,595
recent3y,2017-12-31,2018-12-31,20260912,14,0,1763,2018-05-04,0.0275819951672684,0.018781064549631615,0.010358645175435253,0.002940548989570899,new_round8_fit,595
recent3y,2017-12-31,2018-12-31,20260912,14,0,1768,2018-05-11,0.0099488791752746,0.019190817828797804,0.018781064549631615,0.002940548989570899,new_round8_fit,595
recent3y,2017-12-31,2018-12-31,20260912,14,0,1773,2018-05-18,-0.0278382082465087,0.03082084253023821,0.019190817828797804,0.002940548989570899,new_round8_fit,595
recent3y,2017-12-31,2018-12-31,20260912,14,0,1778,2018-05-25,-0.0081414788300587,0.029482629989867386,0.03082084253023821,0.002940548989570899,new_round8_fit,595
recent3y,2017-12-31,2018-12-31,20260912,14,0,1783,2018-06-01,-0.0039575292125362,0.02432970642726653,0.029482629989867386,0.002940548989570899,new_round8_fit,595
recent3y,2017-12-31,2018-12-31,20260912,14,0,1788,2018-06-08,-0.0179141214945586,0.009906526347600308,0.02432970642726653,0.002940548989570899,new_round8_fit,595
recent3y,2017-12-31,2018-12-31,20260912,14,0,1793,2018-06-15,-0.0207606943097817,-0.0040464654343176434,0.009906526347600308,0.002940548989570899,new_round8_fit,595
recent3y,2017-12-31,2018-12-31,20260912,14,0,1797,2018-06-22,-0.0334657179105301,-0.0008007686736786731,-0.0040464654343176434,0.002940548989570899,new_round8_fit,595
recent3y,2017-12-31,2018-12-31,20260912,14,0,1802,2018-06-29,-0.0358257762964908,0.00288482632473923,-0.0008007686736786731,0.002940548989570899,new_round8_fit,595
recent3y,2017-12-31,2018-12-31,20260912,14,0,1807,2018-07-06,0.0325726343702554,0.002209953945205356,0.00288482632473923,0.002940548989570899,new_round8_fit,595
recent3y,2017-12-31,2018-12-31,20260912,14,0,1812,2018-07-13,-0.0049040261165902,0.0034059663466193373,0.002209953945205356,0.002940548989570899,new_round8_fit,595
recent3y,2017-12-31,2018-12-31,20260912,14,0,1817,2018-07-20,0.014110592016959,0.029576537483179153,0.0034059663466193373,0.002940548989570899,new_round8_fit,595
recent3y,2017-12-31,2018-12-31,20260912,14,0,1822,2018-07-27,-0.0590851640938977,0.030554108595456344,0.029576537483179153,0.002940548989570899,new_round8_fit,595
recent3y,2017-12-31,2018-12-31,20260912,14,0,1827,2018-08-03,0.0172541822374894,0.03147545242611989,0.030554108595456344,0.002940548989570899,new_round8_fit,595
recent3y,2017-12-31,2018-12-31,20260912,14,0,1832,2018-08-10,-0.0390981548851923,0.029486275939714604,0.03147545242611989,0.002940548989570899,new_round8_fit,595
recent3y,2017-12-31,2018-12-31,20260912,14,0,1837,2018-08-17,0.0312424727164923,0.012520813239582576,0.029486275939714604,0.002940548989570899,new_round8_fit,595
recent3y,2017-12-31,2018-12-31,20260912,14,0,1842,2018-08-24,-0.005599825117761,0.016796048849686076,0.012520813239582576,0.002940548989570899,new_round8_fit,595
recent3y,2017-12-31,2018-12-31,20260912,14,0,1847,2018-08-31,-0.0148493234839747,0.008735310695452522,0.016796048849686076,0.002940548989570899,new_round8_fit,595
recent3y,2017-12-31,2018-12-31,20260912,14,0,1852,2018-09-07,-0.0141989007697058,0.009769876082567209,0.008735310695452522,0.002940548989570899,new_round8_fit,595
recent3y,2017-12-31,2018-12-31,20260912,14,0,1857,2018-09-14,0.0468351251034906,0.0027435217869729335,0.009769876082567209,0.002940548989570899,new_round8_fit,595
recent3y,2017-12-31,2018-12-31,20260912,14,0,1862,2018-09-21,-0.00426840285903,-0.005891042448873734,0.0027435217869729335,0.002940548989570899,new_round8_fit,595
recent3y,2017-12-31,2018-12-31,20260912,14,0,1866,2018-09-28,-0.055840145646664,0.004978872944676022,-0.005891042448873734,0.002940548989570899,new_round8_fit,595
recent3y,2017-12-31,2018-12-31,20260912,14,0,1871,2018-10-12,-0.0045024181987176,0.00973021221187694,0.004978872944676022,0.002940548989570899,new_round8_fit,595
recent3y,2017-12-31,2018-12-31,20260912,14,0,1876,2018-10-19,-0.0006551545151857,0.010465060931855199,0.00973021221187694,0.002940548989570899,new_round8_fit,595
recent3y,2017-12-31,2018-12-31,20260912,14,0,1881,2018-10-26,0.0354648787486262,-0.0017316742182843493,0.010465060931855199,0.002940548989570899,new_round8_fit,595
recent3y,2017-12-31,2018-12-31,20260912,14,0,1886,2018-11-02,-0.0334060260531522,-0.0003201832667302051,-0.0017316742182843493,0.002940548989570899,new_round8_fit,595
recent3y,2017-12-31,2018-12-31,20260912,14,0,1891,2018-11-09,0.0311810774464045,0.00043127298145976623,-0.0003201832667302051,0.002940548989570899,new_round8_fit,595
recent3y,2017-12-31,2018-12-31,20260912,14,0,1896,2018-11-16,-0.0337916834162372,-0.0015421200391104654,0.00043127298145976623,0.002940548989570899,new_round8_fit,595
recent3y,2017-12-31,2018-12-31,20260912,14,0,1901,2018-11-23,0.0355769261307155,0.00047874844540617785,-0.0015421200391104654,0.002940548989570899,new_round8_fit,595
recent3y,2017-12-31,2018-12-31,20260912,14,0,1906,2018-11-30,-0.0328672765580291,-0.0011469489403500943,0.00047874844540617785,0.002940548989570899,new_round8_fit,595
recent3y,2017-12-31,2018-12-31,20260912,14,0,1911,2018-12-07,0.0015094243892539,0.009189452442618772,-0.0011469489403500943,0.002940548989570899,new_round8_fit,595
recent3y,2017-12-31,2018-12-31,20260912,14,0,1916,2018-12-14,-0.0452081512722115,0.015310301621181417,0.009189452442618772,0.002940548989570899,new_round8_fit,595
recent3y,2017-12-31,2018-12-31,20260912,14,0,1921,2018-12-21,0.0005206433427293,0.005796711950458387,0.015310301621181417,0.002940548989570899,new_round8_fit,595
recent3y,2017-12-31,2018-12-31,20260912,14,0,1926,2018-12-28,0.0126215169021599,-0.0015626608866622393,0.005796711950458387,0.002940548989570899,new_round8_fit,595
disjoint0,2018-12-31,2019-12-31,20260911,16,0,1929,2019-01-04,0.0122252589889202,-0.012749228797914782,0.002865230595226197,0.001099321473484129,new_round8_fit,310
disjoint0,2018-12-31,2019-12-31,20260911,16,0,1934,2019-01-11,0.0253451899757477,0.004321233808452733,-0.012749228797914782,0.001099321473484129,new_round8_fit,310
disjoint0,2018-12-31,2019-12-31,20260911,16,0,1939,2019-01-18,0.0101675244727015,0.0011946093367948716,0.004321233808452733,0.001099321473484129,new_round8_fit,310
disjoint0,2018-12-31,2019-12-31,20260911,16,0,1944,2019-01-25,0.011454456904518,0.013797863400954537,0.0011946093367948716,0.001099321473484129,new_round8_fit,310
disjoint0,2018-12-31,2019-12-31,20260911,16,0,1949,2019-02-01,0.0390794521900976,0.010593114545252053,0.013797863400954537,0.001099321473484129,new_round8_fit,310
disjoint0,2018-12-31,2019-12-31,20260911,16,0,1954,2019-02-15,0.0622114887625429,0.018807911851845945,0.010593114545252053,0.001099321473484129,new_round8_fit,310
disjoint0,2018-12-31,2019-12-31,20260911,16,0,1959,2019-02-22,0.057941468462044,-0.0122489677860313,0.018807911851845945,0.001099321473484129,new_round8_fit,310
disjoint0,2018-12-31,2019-12-31,20260911,16,0,1964,2019-03-01,-0.0314720436474369,0.024380268693604684,-0.0122489677860313,0.001099321473484129,new_round8_fit,310
disjoint0,2018-12-31,2019-12-31,20260911,16,0,1969,2019-03-08,0.0244706575909257,-0.006403170834200697,0.024380268693604684,0.001099321473484129,new_round8_fit,310
disjoint0,2018-12-31,2019-12-31,20260911,16,0,1974,2019-03-15,0.0060741040696496,0.004958657564534775,-0.006403170834200697,0.001099321473484129,new_round8_fit,310
disjoint0,2018-12-31,2019-12-31,20260911,16,0,1979,2019-03-22,0.0330284606666595,0.0013707183968603947,0.004958657564534775,0.001099321473484129,new_round8_fit,310
disjoint0,2018-12-31,2019-12-31,20260911,16,0,1984,2019-03-29,0.0398136969165658,0.01621990154464887,0.0013707183968603947,0.001099321473484129,new_round8_fit,310
disjoint0,2018-12-31,2019-12-31,20260911,16,0,1993,2019-04-12,0.0171281082906651,-0.008045664688742842,0.01621990154464887,0.001099321473484129,new_round8_fit,310
disjoint0,2018-12-31,2019-12-31,20260911,16,0,1998,2019-04-19,-0.0555966233394814,-0.0022607111167861856,-0.008045664688742842,0.001099321473484129,new_round8_fit,310
disjoint0,2018-12-31,2019-12-31,20260911,16,0,2003,2019-04-26,-0.0566702082338871,0.009692435002962395,-0.0022607111167861856,0.001099321473484129,new_round8_fit,310
disjoint0,2018-12-31,2019-12-31,20260911,16,0,2010,2019-05-10,-0.010887544344571,-0.001679229421366914,0.009692435002962395,0.001099321473484129,new_round8_fit,310
disjoint0,2018-12-31,2019-12-31,20260911,16,0,2015,2019-05-17,-0.011865534939242,0.006271233404849349,-0.001679229421366914,0.001099321473484129,new_round8_fit,310
disjoint0,2018-12-31,2019-12-31,20260911,16,0,2020,2019-05-24,0.013363580693648,0.021831254602699857,0.006271233404849349,0.001099321473484129,new_round8_fit,310
disjoint0,2018-12-31,2019-12-31,20260911,16,0,2025,2019-05-31,0.0037988139350273,0.035732512088813395,0.021831254602699857,0.001099321473484129,new_round8_fit,310
disjoint0,2018-12-31,2019-12-31,20260911,16,0,2034,2019-06-14,0.0497668589441884,0.008826511093999328,0.035732512088813395,0.001099321473484129,new_round8_fit,310
disjoint0,2018-12-31,2019-12-31,20260911,16,0,2039,2019-06-21,0.0164272438880068,0.028589601266750607,0.008826511093999328,0.001099321473484129,new_round8_fit,310
disjoint0,2018-12-31,2019-12-31,20260911,16,0,2044,2019-06-28,-0.0060471927228523,0.006356080100083122,0.028589601266750607,0.001099321473484129,new_round8_fit,310
disjoint0,2018-12-31,2019-12-31,20260911,16,0,2049,2019-07-05,-0.0214435915629233,0.008938506505896476,0.006356080100083122,0.001099321473484129,new_round8_fit,310
disjoint0,2018-12-31,2019-12-31,20260911,16,0,2054,2019-07-12,0.005500126560918,-0.01455677398952642,0.008938506505896476,0.001099321473484129,new_round8_fit,310
disjoint0,2018-12-31,2019-12-31,20260911,16,0,2059,2019-07-19,0.011653336829684,0.01877700275042405,-0.01455677398952642,0.001099321473484129,new_round8_fit,310
disjoint0,2018-12-31,2019-12-31,20260911,16,0,2064,2019-07-26,-0.0346117357968243,0.021460497070564334,0.01877700275042405,0.001099321473484129,new_round8_fit,310
disjoint0,2018-12-31,2019-12-31,20260911,16,0,2069,2019-08-02,-0.0205509060495487,0.04007547578535211,0.021460497070564334,0.001099321473484129,new_round8_fit,310
disjoint0,2018-12-31,2019-12-31,20260911,16,0,2074,2019-08-09,0.024167527899843,0.012409423663284349,0.04007547578535211,0.001099321473484129,new_round8_fit,310
disjoint0,2018-12-31,2019-12-31,20260911,16,0,2079,2019-08-16,0.0054416051262971,-0.004185509169335303,0.012409423663284349,0.001099321473484129,new_round8_fit,310
disjoint0,2018-12-31,2019-12-31,20260911,16,0,2084,2019-08-23,0.0125999637947373,-0.021938796314379623,-0.004185509169335303,0.001099321473484129,new_round8_fit,310
disjoint0,2018-12-31,2019-12-31,20260911,16,0,2089,2019-08-30,0.0466047443403643,-0.022033538390178763,-0.021938796314379623,0.001099321473484129,new_round8_fit,310
disjoint0,2018-12-31,2019-12-31,20260911,16,0,2094,2019-09-06,-0.0140091837144809,-0.0049256656642581,-0.022033538390178763,0.001099321473484129,new_round8_fit,310
disjoint0,2018-12-31,2019-12-31,20260911,16,0,2103,2019-09-20,-0.021176044981262,-0.017452576096565732,-0.0049256656642581,0.001099321473484129,new_round8_fit,310
disjoint0,2018-12-31,2019-12-31,20260911,16,0,2108,2019-09-27,0.0267538071924768,0.001427018674050535,-0.017452576096565732,0.001099321473484129,new_round8_fit,310
disjoint0,2018-12-31,2019-12-31,20260911,16,0,2113,2019-10-11,-0.0201578763251421,-0.025171596164750135,0.001427018674050535,0.001099321473484129,new_round8_fit,310
disjoint0,2018-12-31,2019-12-31,20260911,16,0,2118,2019-10-18,0.0102552427470803,0.00967925490178532,-0.025171596164750135,0.001099321473484129,new_round8_fit,310
disjoint0,2018-12-31,2019-12-31,20260911,16,0,2123,2019-10-25,0.0151165947072713,0.0051367702928382915,0.00967925490178532,0.001099321473484129,new_round8_fit,310
disjoint0,2018-12-31,2019-12-31,20260911,16,0,2128,2019-11-01,-0.0038824321835717,-0.010055044812277682,0.0051367702928382915,0.001099321473484129,new_round8_fit,310
disjoint0,2018-12-31,2019-12-31,20260911,16,0,2133,2019-11-08,-0.0187863101539271,-0.0029990251344678793,-0.010055044812277682,0.001099321473484129,new_round8_fit,310
disjoint0,2018-12-31,2019-12-31,20260911,16,0,2138,2019-11-15,-0.0060576496216228,0.007558638615364094,-0.0029990251344678793,0.001099321473484129,new_round8_fit,310
disjoint0,2018-12-31,2019-12-31,20260911,16,0,2143,2019-11-22,-0.0040145729517496,-0.004209174078919974,0.007558638615364094,0.001099321473484129,new_round8_fit,310
disjoint0,2018-12-31,2019-12-31,20260911,16,0,2148,2019-11-29,0.0192986069649145,0.003539210418771101,-0.004209174078919974,0.001099321473484129,new_round8_fit,310
disjoint0,2018-12-31,2019-12-31,20260911,16,0,2153,2019-12-06,0.0156489398981463,-0.0040621794310006,0.003539210418771101,0.001099321473484129,new_round8_fit,310
disjoint0,2018-12-31,2019-12-31,20260911,16,0,2158,2019-12-13,0.0110761047772312,0.027712568909991624,-0.0040621794310006,0.001099321473484129,new_round8_fit,310
disjoint0,2018-12-31,2019-12-31,20260911,16,0,2163,2019-12-20,0.0002067407446153,0.0005766821431565685,0.027712568909991624,0.001099321473484129,new_round8_fit,310
disjoint0,2018-12-31,2019-12-31,20260911,16,0,2168,2019-12-27,0.0261485436506356,0.002865230595226197,0.0005766821431565685,0.001099321473484129,new_round8_fit,310
disjoint1,2018-12-31,2019-12-31,20260910,18,0,1929,2019-01-04,0.0122252589889202,0.0012706764460562285,-0.040759167341765774,0.0011475529010692982,new_round8_fit,311
disjoint1,2018-12-31,2019-12-31,20260910,18,0,1934,2019-01-11,0.0253451899757477,0.018104964172628607,0.0012706764460562285,0.0011475529010692982,new_round8_fit,311
disjoint1,2018-12-31,2019-12-31,20260910,18,0,1939,2019-01-18,0.0101675244727015,0.0053880849665112005,0.018104964172628607,0.0011475529010692982,new_round8_fit,311
disjoint1,2018-12-31,2019-12-31,20260910,18,0,1944,2019-01-25,0.011454456904518,0.024247290806899156,0.0053880849665112005,0.0011475529010692982,new_round8_fit,311
disjoint1,2018-12-31,2019-12-31,20260910,18,0,1949,2019-02-01,0.0390794521900976,0.0006571869879874922,0.024247290806899156,0.0011475529010692982,new_round8_fit,311
disjoint1,2018-12-31,2019-12-31,20260910,18,0,1954,2019-02-15,0.0622114887625429,-0.001944486956125723,0.0006571869879874922,0.0011475529010692982,new_round8_fit,311
disjoint1,2018-12-31,2019-12-31,20260910,18,0,1959,2019-02-22,0.057941468462044,-0.020201566069370753,-0.001944486956125723,0.0011475529010692982,new_round8_fit,311
disjoint1,2018-12-31,2019-12-31,20260910,18,0,1964,2019-03-01,-0.0314720436474369,-0.00703285321872992,-0.020201566069370753,0.0011475529010692982,new_round8_fit,311
disjoint1,2018-12-31,2019-12-31,20260910,18,0,1969,2019-03-08,0.0244706575909257,-0.017521279631700547,-0.00703285321872992,0.0011475529010692982,new_round8_fit,311
disjoint1,2018-12-31,2019-12-31,20260910,18,0,1974,2019-03-15,0.0060741040696496,-0.025705261191050287,-0.017521279631700547,0.0011475529010692982,new_round8_fit,311
disjoint1,2018-12-31,2019-12-31,20260910,18,0,1979,2019-03-22,0.0330284606666595,-0.012529895060313085,-0.025705261191050287,0.0011475529010692982,new_round8_fit,311
disjoint1,2018-12-31,2019-12-31,20260910,18,0,1984,2019-03-29,0.0398136969165658,-0.0033563327723572065,-0.012529895060313085,0.0011475529010692982,new_round8_fit,311
disjoint1,2018-12-31,2019-12-31,20260910,18,0,1993,2019-04-12,0.0171281082906651,-0.00020302770080993042,-0.0033563327723572065,0.0011475529010692982,new_round8_fit,311
disjoint1,2018-12-31,2019-12-31,20260910,18,0,1998,2019-04-19,-0.0555966233394814,-0.01819507480728855,-0.00020302770080993042,0.0011475529010692982,new_round8_fit,311
disjoint1,2018-12-31,2019-12-31,20260910,18,0,2003,2019-04-26,-0.0566702082338871,-0.0007992528682779856,-0.01819507480728855,0.0011475529010692982,new_round8_fit,311
disjoint1,2018-12-31,2019-12-31,20260910,18,0,2010,2019-05-10,-0.010887544344571,0.003057136756991167,-0.0007992528682779856,0.0011475529010692982,new_round8_fit,311
disjoint1,2018-12-31,2019-12-31,20260910,18,0,2015,2019-05-17,-0.011865534939242,0.013163002447124313,0.003057136756991167,0.0011475529010692982,new_round8_fit,311
disjoint1,2018-12-31,2019-12-31,20260910,18,0,2020,2019-05-24,0.013363580693648,0.017912273614743634,0.013163002447124313,0.0011475529010692982,new_round8_fit,311
disjoint1,2018-12-31,2019-12-31,20260910,18,0,2025,2019-05-31,0.0037988139350273,0.019989498442292437,0.017912273614743634,0.0011475529010692982,new_round8_fit,311
disjoint1,2018-12-31,2019-12-31,20260910,18,0,2034,2019-06-14,0.0497668589441884,0.02866815550129087,0.019989498442292437,0.0011475529010692982,new_round8_fit,311
disjoint1,2018-12-31,2019-12-31,20260910,18,0,2039,2019-06-21,0.0164272438880068,0.010587382988685105,0.02866815550129087,0.0011475529010692982,new_round8_fit,311
disjoint1,2018-12-31,2019-12-31,20260910,18,0,2044,2019-06-28,-0.0060471927228523,-0.008458823839506746,0.010587382988685105,0.0011475529010692982,new_round8_fit,311
disjoint1,2018-12-31,2019-12-31,20260910,18,0,2049,2019-07-05,-0.0214435915629233,0.016267331935351893,-0.008458823839506746,0.0011475529010692982,new_round8_fit,311
disjoint1,2018-12-31,2019-12-31,20260910,18,0,2054,2019-07-12,0.005500126560918,-0.01417016232481243,0.016267331935351893,0.0011475529010692982,new_round8_fit,311
disjoint1,2018-12-31,2019-12-31,20260910,18,0,2059,2019-07-19,0.011653336829684,-0.03201540020694359,-0.01417016232481243,0.0011475529010692982,new_round8_fit,311
disjoint1,2018-12-31,2019-12-31,20260910,18,0,2064,2019-07-26,-0.0346117357968243,-0.0214276996880903,-0.03201540020694359,0.0011475529010692982,new_round8_fit,311
disjoint1,2018-12-31,2019-12-31,20260910,18,0,2069,2019-08-02,-0.0205509060495487,-0.033375802180264896,-0.0214276996880903,0.0011475529010692982,new_round8_fit,311
disjoint1,2018-12-31,2019-12-31,20260910,18,0,2074,2019-08-09,0.024167527899843,0.00037829050699280135,-0.033375802180264896,0.0011475529010692982,new_round8_fit,311
disjoint1,2018-12-31,2019-12-31,20260910,18,0,2079,2019-08-16,0.0054416051262971,-0.03323612321259983,0.00037829050699280135,0.0011475529010692982,new_round8_fit,311
disjoint1,2018-12-31,2019-12-31,20260910,18,0,2084,2019-08-23,0.0125999637947373,-0.01740177604186137,-0.03323612321259983,0.0011475529010692982,new_round8_fit,311
disjoint1,2018-12-31,2019-12-31,20260910,18,0,2089,2019-08-30,0.0466047443403643,-0.021992000021020492,-0.01740177604186137,0.0011475529010692982,new_round8_fit,311
disjoint1,2018-12-31,2019-12-31,20260910,18,0,2094,2019-09-06,-0.0140091837144809,0.010188630562762811,-0.021992000021020492,0.0011475529010692982,new_round8_fit,311
disjoint1,2018-12-31,2019-12-31,20260910,18,0,2103,2019-09-20,-0.021176044981262,0.0257071380743525,0.010188630562762811,0.0011475529010692982,new_round8_fit,311
disjoint1,2018-12-31,2019-12-31,20260910,18,0,2108,2019-09-27,0.0267538071924768,0.010066866046251772,0.0257071380743525,0.0011475529010692982,new_round8_fit,311
disjoint1,2018-12-31,2019-12-31,20260910,18,0,2113,2019-10-11,-0.0201578763251421,0.0031716426256327727,0.010066866046251772,0.0011475529010692982,new_round8_fit,311
disjoint1,2018-12-31,2019-12-31,20260910,18,0,2118,2019-10-18,0.0102552427470803,-0.0008245168833406241,0.0031716426256327727,0.0011475529010692982,new_round8_fit,311
disjoint1,2018-12-31,2019-12-31,20260910,18,0,2123,2019-10-25,0.0151165947072713,0.015953546535195682,-0.0008245168833406241,0.0011475529010692982,new_round8_fit,311
disjoint1,2018-12-31,2019-12-31,20260910,18,0,2128,2019-11-01,-0.0038824321835717,-0.02853227990705431,0.015953546535195682,0.0011475529010692982,new_round8_fit,311
disjoint1,2018-12-31,2019-12-31,20260910,18,0,2133,2019-11-08,-0.0187863101539271,-0.020979757693536587,-0.02853227990705431,0.0011475529010692982,new_round8_fit,311
disjoint1,2018-12-31,2019-12-31,20260910,18,0,2138,2019-11-15,-0.0060576496216228,-0.019202779315685262,-0.020979757693536587,0.0011475529010692982,new_round8_fit,311
disjoint1,2018-12-31,2019-12-31,20260910,18,0,2143,2019-11-22,-0.0040145729517496,0.02022282004332558,-0.019202779315685262,0.0011475529010692982,new_round8_fit,311
disjoint1,2018-12-31,2019-12-31,20260910,18,0,2148,2019-11-29,0.0192986069649145,-0.008362225769626055,0.02022282004332558,0.0011475529010692982,new_round8_fit,311
disjoint1,2018-12-31,2019-12-31,20260910,18,0,2153,2019-12-06,0.0156489398981463,0.017782954640616175,-0.008362225769626055,0.0011475529010692982,new_round8_fit,311
disjoint1,2018-12-31,2019-12-31,20260910,18,0,2158,2019-12-13,0.0110761047772312,-0.01576712694509038,0.017782954640616175,0.0011475529010692982,new_round8_fit,311
disjoint1,2018-12-31,2019-12-31,20260910,18,0,2163,2019-12-20,0.0002067407446153,-0.002533576101504016,-0.01576712694509038,0.0011475529010692982,new_round8_fit,311
disjoint1,2018-12-31,2019-12-31,20260910,18,0,2168,2019-12-27,0.0261485436506356,-0.040759167341765774,-0.002533576101504016,0.0011475529010692982,new_round8_fit,311
disjoint1,2018-12-31,2019-12-31,20260912,20,0,1929,2019-01-04,0.0122252589889202,0.011906898466962797,0.011275977521479867,0.0011475529010692982,new_round8_fit,311
disjoint1,2018-12-31,2019-12-31,20260912,20,0,1934,2019-01-11,0.0253451899757477,-0.022713009447978934,0.011906898466962797,0.0011475529010692982,new_round8_fit,311
disjoint1,2018-12-31,2019-12-31,20260912,20,0,1939,2019-01-18,0.0101675244727015,0.018122036874307704,-0.022713009447978934,0.0011475529010692982,new_round8_fit,311
disjoint1,2018-12-31,2019-12-31,20260912,20,0,1944,2019-01-25,0.011454456904518,0.01864263896737285,0.018122036874307704,0.0011475529010692982,new_round8_fit,311
disjoint1,2018-12-31,2019-12-31,20260912,20,0,1949,2019-02-01,0.0390794521900976,0.01822808311637697,0.01864263896737285,0.0011475529010692982,new_round8_fit,311
disjoint1,2018-12-31,2019-12-31,20260912,20,0,1954,2019-02-15,0.0622114887625429,0.009281758594208135,0.01822808311637697,0.0011475529010692982,new_round8_fit,311
disjoint1,2018-12-31,2019-12-31,20260912,20,0,1959,2019-02-22,0.057941468462044,0.00785005760200582,0.009281758594208135,0.0011475529010692982,new_round8_fit,311
disjoint1,2018-12-31,2019-12-31,20260912,20,0,1964,2019-03-01,-0.0314720436474369,0.0002519511951761974,0.00785005760200582,0.0011475529010692982,new_round8_fit,311
disjoint1,2018-12-31,2019-12-31,20260912,20,0,1969,2019-03-08,0.0244706575909257,0.025700771290652763,0.0002519511951761974,0.0011475529010692982,new_round8_fit,311
disjoint1,2018-12-31,2019-12-31,20260912,20,0,1974,2019-03-15,0.0060741040696496,0.017064659390046866,0.025700771290652763,0.0011475529010692982,new_round8_fit,311
disjoint1,2018-12-31,2019-12-31,20260912,20,0,1979,2019-03-22,0.0330284606666595,0.015478222403612909,0.017064659390046866,0.0011475529010692982,new_round8_fit,311
disjoint1,2018-12-31,2019-12-31,20260912,20,0,1984,2019-03-29,0.0398136969165658,0.00998103332239556,0.015478222403612909,0.0011475529010692982,new_round8_fit,311
disjoint1,2018-12-31,2019-12-31,20260912,20,0,1993,2019-04-12,0.0171281082906651,0.01285477312569409,0.00998103332239556,0.0011475529010692982,new_round8_fit,311
disjoint1,2018-12-31,2019-12-31,20260912,20,0,1998,2019-04-19,-0.0555966233394814,0.008521256126816312,0.01285477312569409,0.0011475529010692982,new_round8_fit,311
disjoint1,2018-12-31,2019-12-31,20260912,20,0,2003,2019-04-26,-0.0566702082338871,-0.027229947116688476,0.008521256126816312,0.0011475529010692982,new_round8_fit,311
disjoint1,2018-12-31,2019-12-31,20260912,20,0,2010,2019-05-10,-0.010887544344571,-0.02759887819477448,-0.027229947116688476,0.0011475529010692982,new_round8_fit,311
disjoint1,2018-12-31,2019-12-31,20260912,20,0,2015,2019-05-17,-0.011865534939242,0.007222964443518741,-0.02759887819477448,0.0011475529010692982,new_round8_fit,311
disjoint1,2018-12-31,2019-12-31,20260912,20,0,2020,2019-05-24,0.013363580693648,-0.0018407770345169059,0.007222964443518741,0.0011475529010692982,new_round8_fit,311
disjoint1,2018-12-31,2019-12-31,20260912,20,0,2025,2019-05-31,0.0037988139350273,0.02423560743062541,-0.0018407770345169059,0.0011475529010692982,new_round8_fit,311
disjoint1,2018-12-31,2019-12-31,20260912,20,0,2034,2019-06-14,0.0497668589441884,0.010241751252229734,0.02423560743062541,0.0011475529010692982,new_round8_fit,311
disjoint1,2018-12-31,2019-12-31,20260912,20,0,2039,2019-06-21,0.0164272438880068,0.015748957950485927,0.010241751252229734,0.0011475529010692982,new_round8_fit,311
disjoint1,2018-12-31,2019-12-31,20260912,20,0,2044,2019-06-28,-0.0060471927228523,-0.002975996831522353,0.015748957950485927,0.0011475529010692982,new_round8_fit,311
disjoint1,2018-12-31,2019-12-31,20260912,20,0,2049,2019-07-05,-0.0214435915629233,0.0005528877197856833,-0.002975996831522353,0.0011475529010692982,new_round8_fit,311
disjoint1,2018-12-31,2019-12-31,20260912,20,0,2054,2019-07-12,0.005500126560918,-0.00901045624198282,0.0005528877197856833,0.0011475529010692982,new_round8_fit,311
disjoint1,2018-12-31,2019-12-31,20260912,20,0,2059,2019-07-19,0.011653336829684,-0.02717075323580443,-0.00901045624198282,0.0011475529010692982,new_round8_fit,311
disjoint1,2018-12-31,2019-12-31,20260912,20,0,2064,2019-07-26,-0.0346117357968243,-0.004016386764735912,-0.02717075323580443,0.0011475529010692982,new_round8_fit,311
disjoint1,2018-12-31,2019-12-31,20260912,20,0,2069,2019-08-02,-0.0205509060495487,-0.021773860068051532,-0.004016386764735912,0.0011475529010692982,new_round8_fit,311
disjoint1,2018-12-31,2019-12-31,20260912,20,0,2074,2019-08-09,0.024167527899843,0.007276411100248084,-0.021773860068051532,0.0011475529010692982,new_round8_fit,311
disjoint1,2018-12-31,2019-12-31,20260912,20,0,2079,2019-08-16,0.0054416051262971,-0.017823770155340674,0.007276411100248084,0.0011475529010692982,new_round8_fit,311
disjoint1,2018-12-31,2019-12-31,20260912,20,0,2084,2019-08-23,0.0125999637947373,-0.01492882607074848,-0.017823770155340674,0.0011475529010692982,new_round8_fit,311
disjoint1,2018-12-31,2019-12-31,20260912,20,0,2089,2019-08-30,0.0466047443403643,0.006814650311232117,-0.01492882607074848,0.0011475529010692982,new_round8_fit,311
disjoint1,2018-12-31,2019-12-31,20260912,20,0,2094,2019-09-06,-0.0140091837144809,0.0006765185651839076,0.006814650311232117,0.0011475529010692982,new_round8_fit,311
disjoint1,2018-12-31,2019-12-31,20260912,20,0,2103,2019-09-20,-0.021176044981262,-0.00937123858200119,0.0006765185651839076,0.0011475529010692982,new_round8_fit,311
disjoint1,2018-12-31,2019-12-31,20260912,20,0,2108,2019-09-27,0.0267538071924768,-0.03591583488350528,-0.00937123858200119,0.0011475529010692982,new_round8_fit,311
disjoint1,2018-12-31,2019-12-31,20260912,20,0,2113,2019-10-11,-0.0201578763251421,-0.008906134300207825,-0.03591583488350528,0.0011475529010692982,new_round8_fit,311
disjoint1,2018-12-31,2019-12-31,20260912,20,0,2118,2019-10-18,0.0102552427470803,0.027639347827975773,-0.008906134300207825,0.0011475529010692982,new_round8_fit,311
disjoint1,2018-12-31,2019-12-31,20260912,20,0,2123,2019-10-25,0.0151165947072713,-0.014679595493337725,0.027639347827975773,0.0011475529010692982,new_round8_fit,311
disjoint1,2018-12-31,2019-12-31,20260912,20,0,2128,2019-11-01,-0.0038824321835717,0.029208315630101244,-0.014679595493337725,0.0011475529010692982,new_round8_fit,311
disjoint1,2018-12-31,2019-12-31,20260912,20,0,2133,2019-11-08,-0.0187863101539271,0.005224407712446012,0.029208315630101244,0.0011475529010692982,new_round8_fit,311
disjoint1,2018-12-31,2019-12-31,20260912,20,0,2138,2019-11-15,-0.0060576496216228,0.011024413284565906,0.005224407712446012,0.0011475529010692982,new_round8_fit,311
disjoint1,2018-12-31,2019-12-31,20260912,20,0,2143,2019-11-22,-0.0040145729517496,-0.006653688099082535,0.011024413284565906,0.0011475529010692982,new_round8_fit,311
disjoint1,2018-12-31,2019-12-31,20260912,20,0,2148,2019-11-29,0.0192986069649145,0.0039489638950333025,-0.006653688099082535,0.0011475529010692982,new_round8_fit,311
disjoint1,2018-12-31,2019-12-31,20260912,20,0,2153,2019-12-06,0.0156489398981463,-0.005277141654667498,0.0039489638950333025,0.0011475529010692982,new_round8_fit,311
disjoint1,2018-12-31,2019-12-31,20260912,20,0,2158,2019-12-13,0.0110761047772312,-0.004830574044530439,-0.005277141654667498,0.0011475529010692982,new_round8_fit,311
disjoint1,2018-12-31,2019-12-31,20260912,20,0,2163,2019-12-20,0.0002067407446153,-0.005232726286825133,-0.004830574044530439,0.0011475529010692982,new_round8_fit,311
disjoint1,2018-12-31,2019-12-31,20260912,20,0,2168,2019-12-27,0.0261485436506356,0.011275977521479867,-0.005232726286825133,0.0011475529010692982,new_round8_fit,311
disjoint2,2018-12-31,2019-12-31,20260911,22,0,1929,2019-01-04,0.0122252589889202,0.005748060530107097,0.008753448607363046,-0.0003739313421438799,new_round8_fit,312
disjoint2,2018-12-31,2019-12-31,20260911,22,0,1934,2019-01-11,0.0253451899757477,0.009592109345384325,0.005748060530107097,-0.0003739313421438799,new_round8_fit,312
disjoint2,2018-12-31,2019-12-31,20260911,22,0,1939,2019-01-18,0.0101675244727015,0.014947415503936821,0.009592109345384325,-0.0003739313421438799,new_round8_fit,312
disjoint2,2018-12-31,2019-12-31,20260911,22,0,1944,2019-01-25,0.011454456904518,0.015277733071246056,0.014947415503936821,-0.0003739313421438799,new_round8_fit,312
disjoint2,2018-12-31,2019-12-31,20260911,22,0,1949,2019-02-01,0.0390794521900976,0.01569658337969517,0.015277733071246056,-0.0003739313421438799,new_round8_fit,312
disjoint2,2018-12-31,2019-12-31,20260911,22,0,1954,2019-02-15,0.0622114887625429,0.0009624008847444535,0.01569658337969517,-0.0003739313421438799,new_round8_fit,312
disjoint2,2018-12-31,2019-12-31,20260911,22,0,1959,2019-02-22,0.057941468462044,0.007302519641767456,0.0009624008847444535,-0.0003739313421438799,new_round8_fit,312
disjoint2,2018-12-31,2019-12-31,20260911,22,0,1964,2019-03-01,-0.0314720436474369,0.010321587834085322,0.007302519641767456,-0.0003739313421438799,new_round8_fit,312
disjoint2,2018-12-31,2019-12-31,20260911,22,0,1969,2019-03-08,0.0244706575909257,0.013556319666582566,0.010321587834085322,-0.0003739313421438799,new_round8_fit,312
disjoint2,2018-12-31,2019-12-31,20260911,22,0,1974,2019-03-15,0.0060741040696496,0.013211047959633952,0.013556319666582566,-0.0003739313421438799,new_round8_fit,312
disjoint2,2018-12-31,2019-12-31,20260911,22,0,1979,2019-03-22,0.0330284606666595,0.005737366640283109,0.013211047959633952,-0.0003739313421438799,new_round8_fit,312
disjoint2,2018-12-31,2019-12-31,20260911,22,0,1984,2019-03-29,0.0398136969165658,-0.003373182883027343,0.005737366640283109,-0.0003739313421438799,new_round8_fit,312
disjoint2,2018-12-31,2019-12-31,20260911,22,0,1993,2019-04-12,0.0171281082906651,-0.023572359506408822,-0.003373182883027343,-0.0003739313421438799,new_round8_fit,312
disjoint2,2018-12-31,2019-12-31,20260911,22,0,1998,2019-04-19,-0.0555966233394814,-0.01834358037397471,-0.023572359506408822,-0.0003739313421438799,new_round8_fit,312
disjoint2,2018-12-31,2019-12-31,20260911,22,0,2003,2019-04-26,-0.0566702082338871,0.0017673373683187602,-0.01834358037397471,-0.0003739313421438799,new_round8_fit,312
disjoint2,2018-12-31,2019-12-31,20260911,22,0,2010,2019-05-10,-0.010887544344571,0.00017915630355640248,0.0017673373683187602,-0.0003739313421438799,new_round8_fit,312
disjoint2,2018-12-31,2019-12-31,20260911,22,0,2015,2019-05-17,-0.011865534939242,0.014908516330114644,0.00017915630355640248,-0.0003739313421438799,new_round8_fit,312
disjoint2,2018-12-31,2019-12-31,20260911,22,0,2020,2019-05-24,0.013363580693648,0.008270594213042185,0.014908516330114644,-0.0003739313421438799,new_round8_fit,312
disjoint2,2018-12-31,2019-12-31,20260911,22,0,2025,2019-05-31,0.0037988139350273,0.017388928035726323,0.008270594213042185,-0.0003739313421438799,new_round8_fit,312
disjoint2,2018-12-31,2019-12-31,20260911,22,0,2034,2019-06-14,0.0497668589441884,0.018758951837963,0.017388928035726323,-0.0003739313421438799,new_round8_fit,312
disjoint2,2018-12-31,2019-12-31,20260911,22,0,2039,2019-06-21,0.0164272438880068,0.008435574872595834,0.018758951837963,-0.0003739313421438799,new_round8_fit,312
disjoint2,2018-12-31,2019-12-31,20260911,22,0,2044,2019-06-28,-0.0060471927228523,0.005657572566277522,0.008435574872595834,-0.0003739313421438799,new_round8_fit,312
disjoint2,2018-12-31,2019-12-31,20260911,22,0,2049,2019-07-05,-0.0214435915629233,0.01105038512467409,0.005657572566277522,-0.0003739313421438799,new_round8_fit,312
disjoint2,2018-12-31,2019-12-31,20260911,22,0,2054,2019-07-12,0.005500126560918,0.006904177078648356,0.01105038512467409,-0.0003739313421438799,new_round8_fit,312
disjoint2,2018-12-31,2019-12-31,20260911,22,0,2059,2019-07-19,0.011653336829684,-0.016731276496130335,0.006904177078648356,-0.0003739313421438799,new_round8_fit,312
disjoint2,2018-12-31,2019-12-31,20260911,22,0,2064,2019-07-26,-0.0346117357968243,-0.011741011518388888,-0.016731276496130335,-0.0003739313421438799,new_round8_fit,312
disjoint2,2018-12-31,2019-12-31,20260911,22,0,2069,2019-08-02,-0.0205509060495487,-0.008991345212463277,-0.011741011518388888,-0.0003739313421438799,new_round8_fit,312
disjoint2,2018-12-31,2019-12-31,20260911,22,0,2074,2019-08-09,0.024167527899843,-0.03825802792330431,-0.008991345212463277,-0.0003739313421438799,new_round8_fit,312
disjoint2,2018-12-31,2019-12-31,20260911,22,0,2079,2019-08-16,0.0054416051262971,-0.03628861421996639,-0.03825802792330431,-0.0003739313421438799,new_round8_fit,312
disjoint2,2018-12-31,2019-12-31,20260911,22,0,2084,2019-08-23,0.0125999637947373,-0.03814416105615548,-0.03628861421996639,-0.0003739313421438799,new_round8_fit,312
disjoint2,2018-12-31,2019-12-31,20260911,22,0,2089,2019-08-30,0.0466047443403643,-0.043401684907849625,-0.03814416105615548,-0.0003739313421438799,new_round8_fit,312
disjoint2,2018-12-31,2019-12-31,20260911,22,0,2094,2019-09-06,-0.0140091837144809,-0.03841186823210906,-0.043401684907849625,-0.0003739313421438799,new_round8_fit,312
disjoint2,2018-12-31,2019-12-31,20260911,22,0,2103,2019-09-20,-0.021176044981262,-0.004619114712262352,-0.03841186823210906,-0.0003739313421438799,new_round8_fit,312
disjoint2,2018-12-31,2019-12-31,20260911,22,0,2108,2019-09-27,0.0267538071924768,-0.029353956681979543,-0.004619114712262352,-0.0003739313421438799,new_round8_fit,312
disjoint2,2018-12-31,2019-12-31,20260911,22,0,2113,2019-10-11,-0.0201578763251421,-0.011091907042626864,-0.029353956681979543,-0.0003739313421438799,new_round8_fit,312
disjoint2,2018-12-31,2019-12-31,20260911,22,0,2118,2019-10-18,0.0102552427470803,0.01163506574924116,-0.011091907042626864,-0.0003739313421438799,new_round8_fit,312
disjoint2,2018-12-31,2019-12-31,20260911,22,0,2123,2019-10-25,0.0151165947072713,0.011875696220771682,0.01163506574924116,-0.0003739313421438799,new_round8_fit,312
disjoint2,2018-12-31,2019-12-31,20260911,22,0,2128,2019-11-01,-0.0038824321835717,0.011569036479792525,0.011875696220771682,-0.0003739313421438799,new_round8_fit,312
disjoint2,2018-12-31,2019-12-31,20260911,22,0,2133,2019-11-08,-0.0187863101539271,0.0042983742907973296,0.011569036479792525,-0.0003739313421438799,new_round8_fit,312
disjoint2,2018-12-31,2019-12-31,20260911,22,0,2138,2019-11-15,-0.0060576496216228,-0.029674057198143346,0.0042983742907973296,-0.0003739313421438799,new_round8_fit,312
disjoint2,2018-12-31,2019-12-31,20260911,22,0,2143,2019-11-22,-0.0040145729517496,-0.04653024741186621,-0.029674057198143346,-0.0003739313421438799,new_round8_fit,312
disjoint2,2018-12-31,2019-12-31,20260911,22,0,2148,2019-11-29,0.0192986069649145,0.004297029384794674,-0.04653024741186621,-0.0003739313421438799,new_round8_fit,312
disjoint2,2018-12-31,2019-12-31,20260911,22,0,2153,2019-12-06,0.0156489398981463,-0.0014167464639963541,0.004297029384794674,-0.0003739313421438799,new_round8_fit,312
disjoint2,2018-12-31,2019-12-31,20260911,22,0,2158,2019-12-13,0.0110761047772312,0.005008338294658977,-0.0014167464639963541,-0.0003739313421438799,new_round8_fit,312
disjoint2,2018-12-31,2019-12-31,20260911,22,0,2163,2019-12-20,0.0002067407446153,0.020319895219221378,0.005008338294658977,-0.0003739313421438799,new_round8_fit,312
disjoint2,2018-12-31,2019-12-31,20260911,22,0,2168,2019-12-27,0.0261485436506356,0.008753448607363046,0.020319895219221378,-0.0003739313421438799,new_round8_fit,312
quarter_equal,2018-12-31,2019-12-31,20260910,24,0,1929,2019-01-04,0.0122252589889202,-0.0007787427603123316,0.004892819963405178,0.002630668727417332,new_round8_fit,1921
quarter_equal,2018-12-31,2019-12-31,20260910,24,0,1934,2019-01-11,0.0253451899757477,0.004175943312222194,-0.0007787427603123316,0.002630668727417332,new_round8_fit,1921
quarter_equal,2018-12-31,2019-12-31,20260910,24,0,1939,2019-01-18,0.0101675244727015,0.006026424735303765,0.004175943312222194,0.002630668727417332,new_round8_fit,1921
quarter_equal,2018-12-31,2019-12-31,20260910,24,0,1944,2019-01-25,0.011454456904518,0.004856101721938542,0.006026424735303765,0.002630668727417332,new_round8_fit,1921
quarter_equal,2018-12-31,2019-12-31,20260910,24,0,1949,2019-02-01,0.0390794521900976,0.004552252488943627,0.004856101721938542,0.002630668727417332,new_round8_fit,1921
quarter_equal,2018-12-31,2019-12-31,20260910,24,0,1954,2019-02-15,0.0622114887625429,0.011384106317264149,0.004552252488943627,0.002630668727417332,new_round8_fit,1921
quarter_equal,2018-12-31,2019-12-31,20260910,24,0,1959,2019-02-22,0.057941468462044,0.0017706563125976967,0.011384106317264149,0.002630668727417332,new_round8_fit,1921
quarter_equal,2018-12-31,2019-12-31,20260910,24,0,1964,2019-03-01,-0.0314720436474369,-0.0022215980324826936,0.0017706563125976967,0.002630668727417332,new_round8_fit,1921
quarter_equal,2018-12-31,2019-12-31,20260910,24,0,1969,2019-03-08,0.0244706575909257,-0.00414316182247373,-0.0022215980324826936,0.002630668727417332,new_round8_fit,1921
quarter_equal,2018-12-31,2019-12-31,20260910,24,0,1974,2019-03-15,0.0060741040696496,-0.011200084063932409,-0.00414316182247373,0.002630668727417332,new_round8_fit,1921
quarter_equal,2018-12-31,2019-12-31,20260910,24,0,1979,2019-03-22,0.0330284606666595,-0.009684991978291514,-0.011200084063932409,0.002630668727417332,new_round8_fit,1921
quarter_equal,2018-12-31,2019-12-31,20260910,24,0,1984,2019-03-29,0.0398136969165658,-0.004324190704789096,-0.009684991978291514,0.002630668727417332,new_round8_fit,1921
quarter_equal,2018-12-31,2019-12-31,20260910,24,0,1993,2019-04-12,0.0171281082906651,0.00157028419493233,-0.004324190704789096,0.002630668727417332,new_round8_fit,1921
quarter_equal,2018-12-31,2019-12-31,20260910,24,0,1998,2019-04-19,-0.0555966233394814,-0.002092615889281342,0.00157028419493233,0.002630668727417332,new_round8_fit,1921
quarter_equal,2018-12-31,2019-12-31,20260910,24,0,2003,2019-04-26,-0.0566702082338871,-0.002344165410382306,-0.002092615889281342,0.002630668727417332,new_round8_fit,1921
quarter_equal,2018-12-31,2019-12-31,20260910,24,0,2010,2019-05-10,-0.010887544344571,0.006990853845841583,-0.002344165410382306,0.002630668727417332,new_round8_fit,1921
quarter_equal,2018-12-31,2019-12-31,20260910,24,0,2015,2019-05-17,-0.011865534939242,0.015069617622758094,0.006990853845841583,0.002630668727417332,new_round8_fit,1921
quarter_equal,2018-12-31,2019-12-31,20260910,24,0,2020,2019-05-24,0.013363580693648,0.01634469133855185,0.015069617622758094,0.002630668727417332,new_round8_fit,1921
quarter_equal,2018-12-31,2019-12-31,20260910,24,0,2025,2019-05-31,0.0037988139350273,0.01793622619707705,0.01634469133855185,0.002630668727417332,new_round8_fit,1921
quarter_equal,2018-12-31,2019-12-31,20260910,24,0,2034,2019-06-14,0.0497668589441884,0.019904087219606542,0.01793622619707705,0.002630668727417332,new_round8_fit,1921
quarter_equal,2018-12-31,2019-12-31,20260910,24,0,2039,2019-06-21,0.0164272438880068,0.01747066629530823,0.019904087219606542,0.002630668727417332,new_round8_fit,1921
quarter_equal,2018-12-31,2019-12-31,20260910,24,0,2044,2019-06-28,-0.0060471927228523,0.017358508907993474,0.01747066629530823,0.002630668727417332,new_round8_fit,1921
quarter_equal,2018-12-31,2019-12-31,20260910,24,0,2049,2019-07-05,-0.0214435915629233,0.016772758929694376,0.017358508907993474,0.002630668727417332,new_round8_fit,1921
quarter_equal,2018-12-31,2019-12-31,20260910,24,0,2054,2019-07-12,0.005500126560918,0.01219324273814007,0.016772758929694376,0.002630668727417332,new_round8_fit,1921
quarter_equal,2018-12-31,2019-12-31,20260910,24,0,2059,2019-07-19,0.011653336829684,-0.009457324740433167,0.01219324273814007,0.002630668727417332,new_round8_fit,1921
quarter_equal,2018-12-31,2019-12-31,20260910,24,0,2064,2019-07-26,-0.0346117357968243,-0.012905885487541915,-0.009457324740433167,0.002630668727417332,new_round8_fit,1921
quarter_equal,2018-12-31,2019-12-31,20260910,24,0,2069,2019-08-02,-0.0205509060495487,-0.013100647899378532,-0.012905885487541915,0.002630668727417332,new_round8_fit,1921
quarter_equal,2018-12-31,2019-12-31,20260910,24,0,2074,2019-08-09,0.024167527899843,-0.007898141014331509,-0.013100647899378532,0.002630668727417332,new_round8_fit,1921
quarter_equal,2018-12-31,2019-12-31,20260910,24,0,2079,2019-08-16,0.0054416051262971,-0.010499719510808187,-0.007898141014331509,0.002630668727417332,new_round8_fit,1921
quarter_equal,2018-12-31,2019-12-31,20260910,24,0,2084,2019-08-23,0.0125999637947373,-0.017306592621446897,-0.010499719510808187,0.002630668727417332,new_round8_fit,1921
quarter_equal,2018-12-31,2019-12-31,20260910,24,0,2089,2019-08-30,0.0466047443403643,-0.015470484046572712,-0.017306592621446897,0.002630668727417332,new_round8_fit,1921
quarter_equal,2018-12-31,2019-12-31,20260910,24,0,2094,2019-09-06,-0.0140091837144809,-0.012869615343050263,-0.015470484046572712,0.002630668727417332,new_round8_fit,1921
quarter_equal,2018-12-31,2019-12-31,20260910,24,0,2103,2019-09-20,-0.021176044981262,-0.009480602827344758,-0.012869615343050263,0.002630668727417332,new_round8_fit,1921
quarter_equal,2018-12-31,2019-12-31,20260910,24,0,2108,2019-09-27,0.0267538071924768,-0.008193182570719743,-0.009480602827344758,0.002630668727417332,new_round8_fit,1921
quarter_equal,2018-12-31,2019-12-31,20260910,24,0,2113,2019-10-11,-0.0201578763251421,-0.006153724282963726,-0.008193182570719743,0.002630668727417332,new_round8_fit,1921
quarter_equal,2018-12-31,2019-12-31,20260910,24,0,2118,2019-10-18,0.0102552427470803,-0.0044932853322194495,-0.006153724282963726,0.002630668727417332,new_round8_fit,1921
quarter_equal,2018-12-31,2019-12-31,20260910,24,0,2123,2019-10-25,0.0151165947072713,0.0002732264099769778,-0.0044932853322194495,0.002630668727417332,new_round8_fit,1921
quarter_equal,2018-12-31,2019-12-31,20260910,24,0,2128,2019-11-01,-0.0038824321835717,-0.006573679298749703,0.0002732264099769778,0.002630668727417332,new_round8_fit,1921
quarter_equal,2018-12-31,2019-12-31,20260910,24,0,2133,2019-11-08,-0.0187863101539271,-0.00979823012408897,-0.006573679298749703,0.002630668727417332,new_round8_fit,1921
quarter_equal,2018-12-31,2019-12-31,20260910,24,0,2138,2019-11-15,-0.0060576496216228,-0.014880522140355052,-0.00979823012408897,0.002630668727417332,new_round8_fit,1921
quarter_equal,2018-12-31,2019-12-31,20260910,24,0,2143,2019-11-22,-0.0040145729517496,-0.0054018992815421454,-0.014880522140355052,0.002630668727417332,new_round8_fit,1921
quarter_equal,2018-12-31,2019-12-31,20260910,24,0,2148,2019-11-29,0.0192986069649145,-0.008006544671249257,-0.0054018992815421454,0.002630668727417332,new_round8_fit,1921
quarter_equal,2018-12-31,2019-12-31,20260910,24,0,2153,2019-12-06,0.0156489398981463,-0.004859983379766348,-0.008006544671249257,0.002630668727417332,new_round8_fit,1921
quarter_equal,2018-12-31,2019-12-31,20260910,24,0,2158,2019-12-13,0.0110761047772312,-0.0017973516617528756,-0.004859983379766348,0.002630668727417332,new_round8_fit,1921
quarter_equal,2018-12-31,2019-12-31,20260910,24,0,2163,2019-12-20,0.0002067407446153,0.0004056721224194055,-0.0017973516617528756,0.002630668727417332,new_round8_fit,1921
quarter_equal,2018-12-31,2019-12-31,20260910,24,0,2168,2019-12-27,0.0261485436506356,0.004892819963405178,0.0004056721224194055,0.002630668727417332,new_round8_fit,1921
quarter_equal,2018-12-31,2019-12-31,20260912,26,0,1929,2019-01-04,0.0122252589889202,-0.0007923546241590212,-0.001309195919081508,0.002630668727417332,new_round8_fit,1921
quarter_equal,2018-12-31,2019-12-31,20260912,26,0,1934,2019-01-11,0.0253451899757477,-0.0007559134590493549,-0.0007923546241590212,0.002630668727417332,new_round8_fit,1921
quarter_equal,2018-12-31,2019-12-31,20260912,26,0,1939,2019-01-18,0.0101675244727015,-0.0009793678507576333,-0.0007559134590493549,0.002630668727417332,new_round8_fit,1921
quarter_equal,2018-12-31,2019-12-31,20260912,26,0,1944,2019-01-25,0.011454456904518,0.00010232263692169612,-0.0009793678507576333,0.002630668727417332,new_round8_fit,1921
quarter_equal,2018-12-31,2019-12-31,20260912,26,0,1949,2019-02-01,0.0390794521900976,-0.0009395329020013554,0.00010232263692169612,0.002630668727417332,new_round8_fit,1921
quarter_equal,2018-12-31,2019-12-31,20260912,26,0,1954,2019-02-15,0.0622114887625429,-0.0010259198925390393,-0.0009395329020013554,0.002630668727417332,new_round8_fit,1921
quarter_equal,2018-12-31,2019-12-31,20260912,26,0,1959,2019-02-22,0.057941468462044,-0.0005155330764309309,-0.0010259198925390393,0.002630668727417332,new_round8_fit,1921
quarter_equal,2018-12-31,2019-12-31,20260912,26,0,1964,2019-03-01,-0.0314720436474369,-0.0006355016296103536,-0.0005155330764309309,0.002630668727417332,new_round8_fit,1921
quarter_equal,2018-12-31,2019-12-31,20260912,26,0,1969,2019-03-08,0.0244706575909257,-0.0013460394991487304,-0.0006355016296103536,0.002630668727417332,new_round8_fit,1921
quarter_equal,2018-12-31,2019-12-31,20260912,26,0,1974,2019-03-15,0.0060741040696496,-0.0013176955290178875,-0.0013460394991487304,0.002630668727417332,new_round8_fit,1921
quarter_equal,2018-12-31,2019-12-31,20260912,26,0,1979,2019-03-22,0.0330284606666595,-0.0012182278715598032,-0.0013176955290178875,0.002630668727417332,new_round8_fit,1921
quarter_equal,2018-12-31,2019-12-31,20260912,26,0,1984,2019-03-29,0.0398136969165658,-0.0011359327501712568,-0.0012182278715598032,0.002630668727417332,new_round8_fit,1921
quarter_equal,2018-12-31,2019-12-31,20260912,26,0,1993,2019-04-12,0.0171281082906651,-0.001139195226712493,-0.0011359327501712568,0.002630668727417332,new_round8_fit,1921
quarter_equal,2018-12-31,2019-12-31,20260912,26,0,1998,2019-04-19,-0.0555966233394814,-0.0010999876596327705,-0.001139195226712493,0.002630668727417332,new_round8_fit,1921
quarter_equal,2018-12-31,2019-12-31,20260912,26,0,2003,2019-04-26,-0.0566702082338871,-0.0010578920249084307,-0.0010999876596327705,0.002630668727417332,new_round8_fit,1921
quarter_equal,2018-12-31,2019-12-31,20260912,26,0,2010,2019-05-10,-0.010887544344571,-0.001007362892916152,-0.0010578920249084307,0.002630668727417332,new_round8_fit,1921
quarter_equal,2018-12-31,2019-12-31,20260912,26,0,2015,2019-05-17,-0.011865534939242,-0.0010698664524218357,-0.001007362892916152,0.002630668727417332,new_round8_fit,1921
quarter_equal,2018-12-31,2019-12-31,20260912,26,0,2020,2019-05-24,0.013363580693648,-0.0006006262787764944,-0.0010698664524218357,0.002630668727417332,new_round8_fit,1921
quarter_equal,2018-12-31,2019-12-31,20260912,26,0,2025,2019-05-31,0.0037988139350273,-0.0007384360701197857,-0.0006006262787764944,0.002630668727417332,new_round8_fit,1921
quarter_equal,2018-12-31,2019-12-31,20260912,26,0,2034,2019-06-14,0.0497668589441884,-0.0010214614194610843,-0.0007384360701197857,0.002630668727417332,new_round8_fit,1921
quarter_equal,2018-12-31,2019-12-31,20260912,26,0,2039,2019-06-21,0.0164272438880068,-0.0010956804651954485,-0.0010214614194610843,0.002630668727417332,new_round8_fit,1921
quarter_equal,2018-12-31,2019-12-31,20260912,26,0,2044,2019-06-28,-0.0060471927228523,-0.0010521930210657107,-0.0010956804651954485,0.002630668727417332,new_round8_fit,1921
quarter_equal,2018-12-31,2019-12-31,20260912,26,0,2049,2019-07-05,-0.0214435915629233,-0.0008866496539852676,-0.0010521930210657107,0.002630668727417332,new_round8_fit,1921
quarter_equal,2018-12-31,2019-12-31,20260912,26,0,2054,2019-07-12,0.005500126560918,-0.0012041073074587237,-0.0008866496539852676,0.002630668727417332,new_round8_fit,1921
quarter_equal,2018-12-31,2019-12-31,20260912,26,0,2059,2019-07-19,0.011653336829684,-0.0011883727219277663,-0.0012041073074587237,0.002630668727417332,new_round8_fit,1921
quarter_equal,2018-12-31,2019-12-31,20260912,26,0,2064,2019-07-26,-0.0346117357968243,-0.0007962727179956258,-0.0011883727219277663,0.002630668727417332,new_round8_fit,1921
quarter_equal,2018-12-31,2019-12-31,20260912,26,0,2069,2019-08-02,-0.0205509060495487,-0.0008599302649466233,-0.0007962727179956258,0.002630668727417332,new_round8_fit,1921
quarter_equal,2018-12-31,2019-12-31,20260912,26,0,2074,2019-08-09,0.024167527899843,0.00034192068629690766,-0.0008599302649466233,0.002630668727417332,new_round8_fit,1921
quarter_equal,2018-12-31,2019-12-31,20260912,26,0,2079,2019-08-16,0.0054416051262971,-0.0013874026146890647,0.00034192068629690766,0.002630668727417332,new_round8_fit,1921
quarter_equal,2018-12-31,2019-12-31,20260912,26,0,2084,2019-08-23,0.0125999637947373,-0.0013346855665755846,-0.0013874026146890647,0.002630668727417332,new_round8_fit,1921
quarter_equal,2018-12-31,2019-12-31,20260912,26,0,2089,2019-08-30,0.0466047443403643,-0.001291873022602843,-0.0013346855665755846,0.002630668727417332,new_round8_fit,1921
quarter_equal,2018-12-31,2019-12-31,20260912,26,0,2094,2019-09-06,-0.0140091837144809,-0.0012630423897737574,-0.001291873022602843,0.002630668727417332,new_round8_fit,1921
quarter_equal,2018-12-31,2019-12-31,20260912,26,0,2103,2019-09-20,-0.021176044981262,-0.0013310062129305708,-0.0012630423897737574,0.002630668727417332,new_round8_fit,1921
quarter_equal,2018-12-31,2019-12-31,20260912,26,0,2108,2019-09-27,0.0267538071924768,-0.001387285540172035,-0.0013310062129305708,0.002630668727417332,new_round8_fit,1921
quarter_equal,2018-12-31,2019-12-31,20260912,26,0,2113,2019-10-11,-0.0201578763251421,-0.0012926829027912392,-0.001387285540172035,0.002630668727417332,new_round8_fit,1921
quarter_equal,2018-12-31,2019-12-31,20260912,26,0,2118,2019-10-18,0.0102552427470803,-0.001316343892240882,-0.0012926829027912392,0.002630668727417332,new_round8_fit,1921
quarter_equal,2018-12-31,2019-12-31,20260912,26,0,2123,2019-10-25,0.0151165947072713,-0.0011297727941124657,-0.001316343892240882,0.002630668727417332,new_round8_fit,1921
quarter_equal,2018-12-31,2019-12-31,20260912,26,0,2128,2019-11-01,-0.0038824321835717,-0.0010969310965067806,-0.0011297727941124657,0.002630668727417332,new_round8_fit,1921
quarter_equal,2018-12-31,2019-12-31,20260912,26,0,2133,2019-11-08,-0.0187863101539271,-0.001030892116144667,-0.0010969310965067806,0.002630668727417332,new_round8_fit,1921
quarter_equal,2018-12-31,2019-12-31,20260912,26,0,2138,2019-11-15,-0.0060576496216228,-8.148877347827124e-06,-0.001030892116144667,0.002630668727417332,new_round8_fit,1921
quarter_equal,2018-12-31,2019-12-31,20260912,26,0,2143,2019-11-22,-0.0040145729517496,-0.001282467118169926,-8.148877347827124e-06,0.002630668727417332,new_round8_fit,1921
quarter_equal,2018-12-31,2019-12-31,20260912,26,0,2148,2019-11-29,0.0192986069649145,-0.0006586589690788908,-0.001282467118169926,0.002630668727417332,new_round8_fit,1921
quarter_equal,2018-12-31,2019-12-31,20260912,26,0,2153,2019-12-06,0.0156489398981463,-0.0011179684689855687,-0.0006586589690788908,0.002630668727417332,new_round8_fit,1921
quarter_equal,2018-12-31,2019-12-31,20260912,26,0,2158,2019-12-13,0.0110761047772312,0.00027167069624773775,-0.0011179684689855687,0.002630668727417332,new_round8_fit,1921
quarter_equal,2018-12-31,2019-12-31,20260912,26,0,2163,2019-12-20,0.0002067407446153,-0.00034225498625870465,0.00027167069624773775,0.002630668727417332,new_round8_fit,1921
quarter_equal,2018-12-31,2019-12-31,20260912,26,0,2168,2019-12-27,0.0261485436506356,-0.001309195919081508,-0.00034225498625870465,0.002630668727417332,new_round8_fit,1921
recent3y,2018-12-31,2019-12-31,20260911,28,0,1929,2019-01-04,0.0122252589889202,0.007674403928560718,0.006281488520525541,-0.0005314957703187327,new_round8_fit,725
recent3y,2018-12-31,2019-12-31,20260911,28,0,1934,2019-01-11,0.0253451899757477,0.02072911772214099,0.007674403928560718,-0.0005314957703187327,new_round8_fit,725
recent3y,2018-12-31,2019-12-31,20260911,28,0,1939,2019-01-18,0.0101675244727015,-0.0008638168196931349,0.02072911772214099,-0.0005314957703187327,new_round8_fit,725
recent3y,2018-12-31,2019-12-31,20260911,28,0,1944,2019-01-25,0.011454456904518,-0.029864579365167034,-0.0008638168196931349,-0.0005314957703187327,new_round8_fit,725
recent3y,2018-12-31,2019-12-31,20260911,28,0,1949,2019-02-01,0.0390794521900976,-0.010753574938246744,-0.029864579365167034,-0.0005314957703187327,new_round8_fit,725
recent3y,2018-12-31,2019-12-31,20260911,28,0,1954,2019-02-15,0.0622114887625429,-0.0019007431474513845,-0.010753574938246744,-0.0005314957703187327,new_round8_fit,725
recent3y,2018-12-31,2019-12-31,20260911,28,0,1959,2019-02-22,0.057941468462044,-0.002653780726024947,-0.0019007431474513845,-0.0005314957703187327,new_round8_fit,725
recent3y,2018-12-31,2019-12-31,20260911,28,0,1964,2019-03-01,-0.0314720436474369,0.0015166826658040075,-0.002653780726024947,-0.0005314957703187327,new_round8_fit,725
recent3y,2018-12-31,2019-12-31,20260911,28,0,1969,2019-03-08,0.0244706575909257,-0.018859688502464913,0.0015166826658040075,-0.0005314957703187327,new_round8_fit,725
recent3y,2018-12-31,2019-12-31,20260911,28,0,1974,2019-03-15,0.0060741040696496,-0.006251498108998119,-0.018859688502464913,-0.0005314957703187327,new_round8_fit,725
recent3y,2018-12-31,2019-12-31,20260911,28,0,1979,2019-03-22,0.0330284606666595,-0.003916419811908398,-0.006251498108998119,-0.0005314957703187327,new_round8_fit,725
recent3y,2018-12-31,2019-12-31,20260911,28,0,1984,2019-03-29,0.0398136969165658,-0.019055092011419857,-0.003916419811908398,-0.0005314957703187327,new_round8_fit,725
recent3y,2018-12-31,2019-12-31,20260911,28,0,1993,2019-04-12,0.0171281082906651,-0.009890184280789431,-0.019055092011419857,-0.0005314957703187327,new_round8_fit,725
recent3y,2018-12-31,2019-12-31,20260911,28,0,1998,2019-04-19,-0.0555966233394814,0.002755130979598086,-0.009890184280789431,-0.0005314957703187327,new_round8_fit,725
recent3y,2018-12-31,2019-12-31,20260911,28,0,2003,2019-04-26,-0.0566702082338871,0.011906777033358792,0.002755130979598086,-0.0005314957703187327,new_round8_fit,725
recent3y,2018-12-31,2019-12-31,20260911,28,0,2010,2019-05-10,-0.010887544344571,0.012929138809454035,0.011906777033358792,-0.0005314957703187327,new_round8_fit,725
recent3y,2018-12-31,2019-12-31,20260911,28,0,2015,2019-05-17,-0.011865534939242,0.0119789526296709,0.012929138809454035,-0.0005314957703187327,new_round8_fit,725
recent3y,2018-12-31,2019-12-31,20260911,28,0,2020,2019-05-24,0.013363580693648,0.013792350220458193,0.0119789526296709,-0.0005314957703187327,new_round8_fit,725
recent3y,2018-12-31,2019-12-31,20260911,28,0,2025,2019-05-31,0.0037988139350273,0.011744963578106575,0.013792350220458193,-0.0005314957703187327,new_round8_fit,725
recent3y,2018-12-31,2019-12-31,20260911,28,0,2034,2019-06-14,0.0497668589441884,0.013357432479472749,0.011744963578106575,-0.0005314957703187327,new_round8_fit,725
recent3y,2018-12-31,2019-12-31,20260911,28,0,2039,2019-06-21,0.0164272438880068,0.013465995837393127,0.013357432479472749,-0.0005314957703187327,new_round8_fit,725
recent3y,2018-12-31,2019-12-31,20260911,28,0,2044,2019-06-28,-0.0060471927228523,0.002594763933480089,0.013465995837393127,-0.0005314957703187327,new_round8_fit,725
recent3y,2018-12-31,2019-12-31,20260911,28,0,2049,2019-07-05,-0.0214435915629233,0.012388093999074742,0.002594763933480089,-0.0005314957703187327,new_round8_fit,725
recent3y,2018-12-31,2019-12-31,20260911,28,0,2054,2019-07-12,0.005500126560918,0.0037764311777197562,0.012388093999074742,-0.0005314957703187327,new_round8_fit,725
recent3y,2018-12-31,2019-12-31,20260911,28,0,2059,2019-07-19,0.011653336829684,0.016696802681134434,0.0037764311777197562,-0.0005314957703187327,new_round8_fit,725
recent3y,2018-12-31,2019-12-31,20260911,28,0,2064,2019-07-26,-0.0346117357968243,0.004080625577847857,0.016696802681134434,-0.0005314957703187327,new_round8_fit,725
recent3y,2018-12-31,2019-12-31,20260911,28,0,2069,2019-08-02,-0.0205509060495487,0.01391335547708193,0.004080625577847857,-0.0005314957703187327,new_round8_fit,725
recent3y,2018-12-31,2019-12-31,20260911,28,0,2074,2019-08-09,0.024167527899843,-0.0049705564970113775,0.01391335547708193,-0.0005314957703187327,new_round8_fit,725
recent3y,2018-12-31,2019-12-31,20260911,28,0,2079,2019-08-16,0.0054416051262971,0.005648433213460934,-0.0049705564970113775,-0.0005314957703187327,new_round8_fit,725
recent3y,2018-12-31,2019-12-31,20260911,28,0,2084,2019-08-23,0.0125999637947373,-0.011138323426040056,0.005648433213460934,-0.0005314957703187327,new_round8_fit,725
recent3y,2018-12-31,2019-12-31,20260911,28,0,2089,2019-08-30,0.0466047443403643,-0.006870848012769182,-0.011138323426040056,-0.0005314957703187327,new_round8_fit,725
recent3y,2018-12-31,2019-12-31,20260911,28,0,2094,2019-09-06,-0.0140091837144809,-0.021095282457391007,-0.006870848012769182,-0.0005314957703187327,new_round8_fit,725
recent3y,2018-12-31,2019-12-31,20260911,28,0,2103,2019-09-20,-0.021176044981262,0.009026448950422442,-0.021095282457391007,-0.0005314957703187327,new_round8_fit,725
recent3y,2018-12-31,2019-12-31,20260911,28,0,2108,2019-09-27,0.0267538071924768,0.020412747000707467,0.009026448950422442,-0.0005314957703187327,new_round8_fit,725
recent3y,2018-12-31,2019-12-31,20260911,28,0,2113,2019-10-11,-0.0201578763251421,0.006909909758062506,0.020412747000707467,-0.0005314957703187327,new_round8_fit,725
recent3y,2018-12-31,2019-12-31,20260911,28,0,2118,2019-10-18,0.0102552427470803,-0.0011461471764365179,0.006909909758062506,-0.0005314957703187327,new_round8_fit,725
recent3y,2018-12-31,2019-12-31,20260911,28,0,2123,2019-10-25,0.0151165947072713,0.010659634352064065,-0.0011461471764365179,-0.0005314957703187327,new_round8_fit,725
recent3y,2018-12-31,2019-12-31,20260911,28,0,2128,2019-11-01,-0.0038824321835717,0.022707214270267177,0.010659634352064065,-0.0005314957703187327,new_round8_fit,725
recent3y,2018-12-31,2019-12-31,20260911,28,0,2133,2019-11-08,-0.0187863101539271,0.006623205422053097,0.022707214270267177,-0.0005314957703187327,new_round8_fit,725
recent3y,2018-12-31,2019-12-31,20260911,28,0,2138,2019-11-15,-0.0060576496216228,0.019216666878397935,0.006623205422053097,-0.0005314957703187327,new_round8_fit,725
recent3y,2018-12-31,2019-12-31,20260911,28,0,2143,2019-11-22,-0.0040145729517496,-0.004924960223229179,0.019216666878397935,-0.0005314957703187327,new_round8_fit,725
recent3y,2018-12-31,2019-12-31,20260911,28,0,2148,2019-11-29,0.0192986069649145,0.023136224926098504,-0.004924960223229179,-0.0005314957703187327,new_round8_fit,725
recent3y,2018-12-31,2019-12-31,20260911,28,0,2153,2019-12-06,0.0156489398981463,0.0023888734095884197,0.023136224926098504,-0.0005314957703187327,new_round8_fit,725
recent3y,2018-12-31,2019-12-31,20260911,28,0,2158,2019-12-13,0.0110761047772312,0.03448684342116976,0.0023888734095884197,-0.0005314957703187327,new_round8_fit,725
recent3y,2018-12-31,2019-12-31,20260911,28,0,2163,2019-12-20,0.0002067407446153,-0.012299397081857864,0.03448684342116976,-0.0005314957703187327,new_round8_fit,725
recent3y,2018-12-31,2019-12-31,20260911,28,0,2168,2019-12-27,0.0261485436506356,0.006281488520525541,-0.012299397081857864,-0.0005314957703187327,new_round8_fit,725
disjoint0,2019-12-31,2020-12-31,20260910,30,0,2172,2020-01-03,0.0112631415452417,-0.0064601504549422085,-0.007385291792174946,0.0014535911038527027,new_round8_fit,350
disjoint0,2019-12-31,2020-12-31,20260910,30,0,2177,2020-01-10,0.000914342213572,0.0008515303818185393,-0.0064601504549422085,0.0014535911038527027,new_round8_fit,350
disjoint0,2019-12-31,2020-12-31,20260910,30,0,2182,2020-01-17,-0.0715388636069378,-0.007300048594825366,0.0008515303818185393,0.0014535911038527027,new_round8_fit,350
disjoint0,2019-12-31,2020-12-31,20260910,30,0,2191,2020-02-07,0.0328687599583719,0.008617443136168704,-0.007300048594825366,0.0014535911038527027,new_round8_fit,350
disjoint0,2019-12-31,2020-12-31,20260910,30,0,2196,2020-02-14,0.0330503919092921,0.007959325468581047,0.008617443136168704,0.0014535911038527027,new_round8_fit,350
disjoint0,2019-12-31,2020-12-31,20260910,30,0,2201,2020-02-21,-0.0394497366790582,-0.0035743220984064904,0.007959325468581047,0.0014535911038527027,new_round8_fit,350
disjoint0,2019-12-31,2020-12-31,20260910,30,0,2206,2020-02-28,0.0237449733423367,0.01346078516869219,-0.0035743220984064904,0.0014535911038527027,new_round8_fit,350
disjoint0,2019-12-31,2020-12-31,20260910,30,0,2211,2020-03-06,-0.040171495515717,0.007681590207242735,0.01346078516869219,0.0014535911038527027,new_round8_fit,350
disjoint0,2019-12-31,2020-12-31,20260910,30,0,2216,2020-03-13,-0.0915879031554979,-0.009708525599086413,0.007681590207242735,0.0014535911038527027,new_round8_fit,350
disjoint0,2019-12-31,2020-12-31,20260910,30,0,2221,2020-03-20,0.0323992006051916,0.002680443312447686,-0.009708525599086413,0.0014535911038527027,new_round8_fit,350
disjoint0,2019-12-31,2020-12-31,20260910,30,0,2226,2020-03-27,0.0334795185729988,0.008132709751421559,0.002680443312447686,0.0014535911038527027,new_round8_fit,350
disjoint0,2019-12-31,2020-12-31,20260910,30,0,2231,2020-04-03,-0.0074604950911528,-0.007041242047998868,0.008132709751421559,0.0014535911038527027,new_round8_fit,350
disjoint0,2019-12-31,2020-12-31,20260910,30,0,2235,2020-04-10,0.0249886051960306,-0.0007021111155941949,-0.007041242047998868,0.0014535911038527027,new_round8_fit,350
disjoint0,2019-12-31,2020-12-31,20260910,30,0,2240,2020-04-17,-0.009736156402615,0.004132063411440695,-0.0007021111155941949,0.0014535911038527027,new_round8_fit,350
disjoint0,2019-12-31,2020-12-31,20260910,30,0,2245,2020-04-24,0.0437865347345864,0.0076514073000466375,0.004132063411440695,0.0014535911038527027,new_round8_fit,350
disjoint0,2019-12-31,2020-12-31,20260910,30,0,2252,2020-05-08,-0.0151204097857481,0.012431183584921342,0.0076514073000466375,0.0014535911038527027,new_round8_fit,350
disjoint0,2019-12-31,2020-12-31,20260910,30,0,2257,2020-05-15,-0.022055555271722,0.012538788092026297,0.012431183584921342,0.0014535911038527027,new_round8_fit,350
disjoint0,2019-12-31,2020-12-31,20260910,30,0,2262,2020-05-22,0.0191755130187654,-0.015268836317867409,0.012538788092026297,0.0014535911038527027,new_round8_fit,350
disjoint0,2019-12-31,2020-12-31,20260910,30,0,2267,2020-05-29,0.0312374254497365,0.0018853782545856122,-0.015268836317867409,0.0014535911038527027,new_round8_fit,350
disjoint0,2019-12-31,2020-12-31,20260910,30,0,2272,2020-06-05,-0.010100382492339,-0.0073214285695571025,0.0018853782545856122,0.0014535911038527027,new_round8_fit,350
disjoint0,2019-12-31,2020-12-31,20260910,30,0,2277,2020-06-12,0.0287574347785699,-0.018307767479464696,-0.0073214285695571025,0.0014535911038527027,new_round8_fit,350
disjoint0,2019-12-31,2020-12-31,20260910,30,0,2282,2020-06-19,0.0898838562932122,0.00461622199643966,-0.018307767479464696,0.0014535911038527027,new_round8_fit,350
disjoint0,2019-12-31,2020-12-31,20260910,30,0,2290,2020-07-03,0.0619282952028859,-0.004772541718027518,0.00461622199643966,0.0014535911038527027,new_round8_fit,350
disjoint0,2019-12-31,2020-12-31,20260910,30,0,2295,2020-07-10,-0.0306112766401609,-0.0015694882980105246,-0.004772541718027518,0.0014535911038527027,new_round8_fit,350
disjoint0,2019-12-31,2020-12-31,20260910,30,0,2300,2020-07-17,-0.0135277995301487,0.0022931318894652383,-0.0015694882980105246,0.0014535911038527027,new_round8_fit,350
disjoint0,2019-12-31,2020-12-31,20260910,30,0,2305,2020-07-24,0.0442975869953978,-0.008988709296295454,0.0022931318894652383,0.0014535911038527027,new_round8_fit,350
disjoint0,2019-12-31,2020-12-31,20260910,30,0,2310,2020-07-31,-0.0114318292193668,-0.00841704549932532,-0.008988709296295454,0.0014535911038527027,new_round8_fit,350
disjoint0,2019-12-31,2020-12-31,20260910,30,0,2315,2020-08-07,0.0096886640921363,0.0034943017981081646,-0.00841704549932532,0.0014535911038527027,new_round8_fit,350
disjoint0,2019-12-31,2020-12-31,20260910,30,0,2320,2020-08-14,0.0040785933083991,0.003063242910554577,0.0034943017981081646,0.0014535911038527027,new_round8_fit,350
disjoint0,2019-12-31,2020-12-31,20260910,30,0,2325,2020-08-21,0.0262367267824037,0.009428032513178256,0.003063242910554577,0.0014535911038527027,new_round8_fit,350
disjoint0,2019-12-31,2020-12-31,20260910,30,0,2330,2020-08-28,-0.0228724288790846,-0.0005272330181569488,0.009428032513178256,0.0014535911038527027,new_round8_fit,350
disjoint0,2019-12-31,2020-12-31,20260910,30,0,2335,2020-09-04,-0.0225800080680405,-0.0021708904515945005,-0.0005272330181569488,0.0014535911038527027,new_round8_fit,350
disjoint0,2019-12-31,2020-12-31,20260910,30,0,2340,2020-09-11,0.0212164529615974,0.006390548010578558,-0.0021708904515945005,0.0014535911038527027,new_round8_fit,350
disjoint0,2019-12-31,2020-12-31,20260910,30,0,2345,2020-09-18,-0.035383886754723,0.009750631653090836,0.006390548010578558,0.0014535911038527027,new_round8_fit,350
disjoint0,2019-12-31,2020-12-31,20260910,30,0,2350,2020-09-25,0.0267399866889246,0.010993126433365518,0.009750631653090836,0.0014535911038527027,new_round8_fit,350
disjoint0,2019-12-31,2020-12-31,20260910,30,0,2354,2020-10-09,0.0251424490828213,0.019344618196912657,0.010993126433365518,0.0014535911038527027,new_round8_fit,350
disjoint0,2019-12-31,2020-12-31,20260910,30,0,2359,2020-10-16,-0.0289085288867603,0.019845650800250955,0.019344618196912657,0.0014535911038527027,new_round8_fit,350
disjoint0,2019-12-31,2020-12-31,20260910,30,0,2364,2020-10-23,0.0039922716452642,0.02279092720273382,0.019845650800250955,0.0014535911038527027,new_round8_fit,350
disjoint0,2019-12-31,2020-12-31,20260910,30,0,2369,2020-10-30,0.0459539631066927,0.02564348447966417,0.02279092720273382,0.0014535911038527027,new_round8_fit,350
disjoint0,2019-12-31,2020-12-31,20260910,30,0,2374,2020-11-06,-0.0077050373460516,0.022814311394296218,0.02564348447966417,0.0014535911038527027,new_round8_fit,350
disjoint0,2019-12-31,2020-12-31,20260910,30,0,2379,2020-11-13,0.0150871959614502,0.011573474338999523,0.022814311394296218,0.0014535911038527027,new_round8_fit,350
disjoint0,2019-12-31,2020-12-31,20260910,30,0,2384,2020-11-20,0.0079744076212002,0.009570831300491635,0.011573474338999523,0.0014535911038527027,new_round8_fit,350
disjoint0,2019-12-31,2020-12-31,20260910,30,0,2389,2020-11-27,0.0143408935726285,-0.009217152622885947,0.009570831300491635,0.0014535911038527027,new_round8_fit,350
disjoint0,2019-12-31,2020-12-31,20260910,30,0,2394,2020-12-04,-0.0319993367194855,-0.01215190023952249,-0.009217152622885947,0.0014535911038527027,new_round8_fit,350
disjoint0,2019-12-31,2020-12-31,20260910,30,0,2399,2020-12-11,0.018788122268605,-0.010285572197312366,-0.01215190023952249,0.0014535911038527027,new_round8_fit,350
disjoint0,2019-12-31,2020-12-31,20260910,30,0,2404,2020-12-18,0.0094440085192242,-0.007385291792174946,-0.010285572197312366,0.0014535911038527027,new_round8_fit,350
disjoint0,2019-12-31,2020-12-31,20260912,32,0,2172,2020-01-03,0.0112631415452417,-0.005355269423414018,0.0030971910988622196,0.0014535911038527027,new_round8_fit,350
disjoint0,2019-12-31,2020-12-31,20260912,32,0,2177,2020-01-10,0.000914342213572,-0.013455006791147028,-0.005355269423414018,0.0014535911038527027,new_round8_fit,350
disjoint0,2019-12-31,2020-12-31,20260912,32,0,2182,2020-01-17,-0.0715388636069378,-0.005452036036604241,-0.013455006791147028,0.0014535911038527027,new_round8_fit,350
disjoint0,2019-12-31,2020-12-31,20260912,32,0,2191,2020-02-07,0.0328687599583719,-0.007744786968543544,-0.005452036036604241,0.0014535911038527027,new_round8_fit,350
disjoint0,2019-12-31,2020-12-31,20260912,32,0,2196,2020-02-14,0.0330503919092921,-0.006599525787304373,-0.007744786968543544,0.0014535911038527027,new_round8_fit,350
disjoint0,2019-12-31,2020-12-31,20260912,32,0,2201,2020-02-21,-0.0394497366790582,0.013677316201549522,-0.006599525787304373,0.0014535911038527027,new_round8_fit,350
disjoint0,2019-12-31,2020-12-31,20260912,32,0,2206,2020-02-28,0.0237449733423367,0.008082174736914754,0.013677316201549522,0.0014535911038527027,new_round8_fit,350
disjoint0,2019-12-31,2020-12-31,20260912,32,0,2211,2020-03-06,-0.040171495515717,0.00507297985459214,0.008082174736914754,0.0014535911038527027,new_round8_fit,350
disjoint0,2019-12-31,2020-12-31,20260912,32,0,2216,2020-03-13,-0.0915879031554979,0.004526678291541533,0.00507297985459214,0.0014535911038527027,new_round8_fit,350
disjoint0,2019-12-31,2020-12-31,20260912,32,0,2221,2020-03-20,0.0323992006051916,0.008050759967591185,0.004526678291541533,0.0014535911038527027,new_round8_fit,350
disjoint0,2019-12-31,2020-12-31,20260912,32,0,2226,2020-03-27,0.0334795185729988,0.0019955347728602075,0.008050759967591185,0.0014535911038527027,new_round8_fit,350
disjoint0,2019-12-31,2020-12-31,20260912,32,0,2231,2020-04-03,-0.0074604950911528,-0.011603762724113944,0.0019955347728602075,0.0014535911038527027,new_round8_fit,350
disjoint0,2019-12-31,2020-12-31,20260912,32,0,2235,2020-04-10,0.0249886051960306,0.020836513332254673,-0.011603762724113944,0.0014535911038527027,new_round8_fit,350
disjoint0,2019-12-31,2020-12-31,20260912,32,0,2240,2020-04-17,-0.009736156402615,0.009639492345655185,0.020836513332254673,0.0014535911038527027,new_round8_fit,350
disjoint0,2019-12-31,2020-12-31,20260912,32,0,2245,2020-04-24,0.0437865347345864,0.010951690164420802,0.009639492345655185,0.0014535911038527027,new_round8_fit,350
disjoint0,2019-12-31,2020-12-31,20260912,32,0,2252,2020-05-08,-0.0151204097857481,0.024633955808819656,0.010951690164420802,0.0014535911038527027,new_round8_fit,350
disjoint0,2019-12-31,2020-12-31,20260912,32,0,2257,2020-05-15,-0.022055555271722,0.0133130855228103,0.024633955808819656,0.0014535911038527027,new_round8_fit,350
disjoint0,2019-12-31,2020-12-31,20260912,32,0,2262,2020-05-22,0.0191755130187654,0.018592920554420675,0.0133130855228103,0.0014535911038527027,new_round8_fit,350
disjoint0,2019-12-31,2020-12-31,20260912,32,0,2267,2020-05-29,0.0312374254497365,0.02194834181690109,0.018592920554420675,0.0014535911038527027,new_round8_fit,350
disjoint0,2019-12-31,2020-12-31,20260912,32,0,2272,2020-06-05,-0.010100382492339,-0.02381137016266302,0.02194834181690109,0.0014535911038527027,new_round8_fit,350
disjoint0,2019-12-31,2020-12-31,20260912,32,0,2277,2020-06-12,0.0287574347785699,-0.02980869820093727,-0.02381137016266302,0.0014535911038527027,new_round8_fit,350
disjoint0,2019-12-31,2020-12-31,20260912,32,0,2282,2020-06-19,0.0898838562932122,0.00895547025862478,-0.02980869820093727,0.0014535911038527027,new_round8_fit,350
disjoint0,2019-12-31,2020-12-31,20260912,32,0,2290,2020-07-03,0.0619282952028859,-0.010113231985138409,0.00895547025862478,0.0014535911038527027,new_round8_fit,350
disjoint0,2019-12-31,2020-12-31,20260912,32,0,2295,2020-07-10,-0.0306112766401609,0.009214169614750134,-0.010113231985138409,0.0014535911038527027,new_round8_fit,350
disjoint0,2019-12-31,2020-12-31,20260912,32,0,2300,2020-07-17,-0.0135277995301487,0.0039029302005120364,0.009214169614750134,0.0014535911038527027,new_round8_fit,350
disjoint0,2019-12-31,2020-12-31,20260912,32,0,2305,2020-07-24,0.0442975869953978,-0.00952049981431195,0.0039029302005120364,0.0014535911038527027,new_round8_fit,350
disjoint0,2019-12-31,2020-12-31,20260912,32,0,2310,2020-07-31,-0.0114318292193668,-0.016866406527693816,-0.00952049981431195,0.0014535911038527027,new_round8_fit,350
disjoint0,2019-12-31,2020-12-31,20260912,32,0,2315,2020-08-07,0.0096886640921363,0.0034598657466965825,-0.016866406527693816,0.0014535911038527027,new_round8_fit,350
disjoint0,2019-12-31,2020-12-31,20260912,32,0,2320,2020-08-14,0.0040785933083991,0.006815864093998267,0.0034598657466965825,0.0014535911038527027,new_round8_fit,350
disjoint0,2019-12-31,2020-12-31,20260912,32,0,2325,2020-08-21,0.0262367267824037,0.006382986496001846,0.006815864093998267,0.0014535911038527027,new_round8_fit,350
disjoint0,2019-12-31,2020-12-31,20260912,32,0,2330,2020-08-28,-0.0228724288790846,-0.00040020538981785665,0.006382986496001846,0.0014535911038527027,new_round8_fit,350
disjoint0,2019-12-31,2020-12-31,20260912,32,0,2335,2020-09-04,-0.0225800080680405,0.003708116086799722,-0.00040020538981785665,0.0014535911038527027,new_round8_fit,350
disjoint0,2019-12-31,2020-12-31,20260912,32,0,2340,2020-09-11,0.0212164529615974,0.0001258042048910004,0.003708116086799722,0.0014535911038527027,new_round8_fit,350
disjoint0,2019-12-31,2020-12-31,20260912,32,0,2345,2020-09-18,-0.035383886754723,0.012952702076212857,0.0001258042048910004,0.0014535911038527027,new_round8_fit,350
disjoint0,2019-12-31,2020-12-31,20260912,32,0,2350,2020-09-25,0.0267399866889246,-0.0035523322168946095,0.012952702076212857,0.0014535911038527027,new_round8_fit,350
disjoint0,2019-12-31,2020-12-31,20260912,32,0,2354,2020-10-09,0.0251424490828213,0.015066141245725606,-0.0035523322168946095,0.0014535911038527027,new_round8_fit,350
disjoint0,2019-12-31,2020-12-31,20260912,32,0,2359,2020-10-16,-0.0289085288867603,0.010358368860205896,0.015066141245725606,0.0014535911038527027,new_round8_fit,350
disjoint0,2019-12-31,2020-12-31,20260912,32,0,2364,2020-10-23,0.0039922716452642,0.021437372884847594,0.010358368860205896,0.0014535911038527027,new_round8_fit,350
disjoint0,2019-12-31,2020-12-31,20260912,32,0,2369,2020-10-30,0.0459539631066927,0.012373828250453477,0.021437372884847594,0.0014535911038527027,new_round8_fit,350
disjoint0,2019-12-31,2020-12-31,20260912,32,0,2374,2020-11-06,-0.0077050373460516,0.009480137165161478,0.012373828250453477,0.0014535911038527027,new_round8_fit,350
disjoint0,2019-12-31,2020-12-31,20260912,32,0,2379,2020-11-13,0.0150871959614502,0.004726276101893203,0.009480137165161478,0.0014535911038527027,new_round8_fit,350
disjoint0,2019-12-31,2020-12-31,20260912,32,0,2384,2020-11-20,0.0079744076212002,0.013528169896670045,0.004726276101893203,0.0014535911038527027,new_round8_fit,350
disjoint0,2019-12-31,2020-12-31,20260912,32,0,2389,2020-11-27,0.0143408935726285,-0.0037290510445698844,0.013528169896670045,0.0014535911038527027,new_round8_fit,350
disjoint0,2019-12-31,2020-12-31,20260912,32,0,2394,2020-12-04,-0.0319993367194855,-0.01445270626182516,-0.0037290510445698844,0.0014535911038527027,new_round8_fit,350
disjoint0,2019-12-31,2020-12-31,20260912,32,0,2399,2020-12-11,0.018788122268605,-0.007758602104955898,-0.01445270626182516,0.0014535911038527027,new_round8_fit,350
disjoint0,2019-12-31,2020-12-31,20260912,32,0,2404,2020-12-18,0.0094440085192242,0.0030971910988622196,-0.007758602104955898,0.0014535911038527027,new_round8_fit,350
disjoint1,2019-12-31,2020-12-31,20260911,34,0,2172,2020-01-03,0.0112631415452417,-0.010016811537779812,-0.020655539271995847,0.0016612017529518232,new_round8_fit,349
disjoint1,2019-12-31,2020-12-31,20260911,34,0,2177,2020-01-10,0.000914342213572,0.01449347062219239,-0.010016811537779812,0.0016612017529518232,new_round8_fit,349
disjoint1,2019-12-31,2020-12-31,20260911,34,0,2182,2020-01-17,-0.0715388636069378,-0.003132399750207766,0.01449347062219239,0.0016612017529518232,new_round8_fit,349
disjoint1,2019-12-31,2020-12-31,20260911,34,0,2191,2020-02-07,0.0328687599583719,0.005532751534408398,-0.003132399750207766,0.0016612017529518232,new_round8_fit,349
disjoint1,2019-12-31,2020-12-31,20260911,34,0,2196,2020-02-14,0.0330503919092921,0.005134540552494253,0.005532751534408398,0.0016612017529518232,new_round8_fit,349
disjoint1,2019-12-31,2020-12-31,20260911,34,0,2201,2020-02-21,-0.0394497366790582,0.008204071237182926,0.005134540552494253,0.0016612017529518232,new_round8_fit,349
disjoint1,2019-12-31,2020-12-31,20260911,34,0,2206,2020-02-28,0.0237449733423367,0.02920103533221858,0.008204071237182926,0.0016612017529518232,new_round8_fit,349
disjoint1,2019-12-31,2020-12-31,20260911,34,0,2211,2020-03-06,-0.040171495515717,0.015224387388529392,0.02920103533221858,0.0016612017529518232,new_round8_fit,349
disjoint1,2019-12-31,2020-12-31,20260911,34,0,2216,2020-03-13,-0.0915879031554979,0.038839690988404105,0.015224387388529392,0.0016612017529518232,new_round8_fit,349
disjoint1,2019-12-31,2020-12-31,20260911,34,0,2221,2020-03-20,0.0323992006051916,-0.013279966432594263,0.038839690988404105,0.0016612017529518232,new_round8_fit,349
disjoint1,2019-12-31,2020-12-31,20260911,34,0,2226,2020-03-27,0.0334795185729988,0.015885350952104464,-0.013279966432594263,0.0016612017529518232,new_round8_fit,349
disjoint1,2019-12-31,2020-12-31,20260911,34,0,2231,2020-04-03,-0.0074604950911528,-0.011136476092194916,0.015885350952104464,0.0016612017529518232,new_round8_fit,349
disjoint1,2019-12-31,2020-12-31,20260911,34,0,2235,2020-04-10,0.0249886051960306,0.0009695548255850438,-0.011136476092194916,0.0016612017529518232,new_round8_fit,349
disjoint1,2019-12-31,2020-12-31,20260911,34,0,2240,2020-04-17,-0.009736156402615,0.0007154100779372735,0.0009695548255850438,0.0016612017529518232,new_round8_fit,349
disjoint1,2019-12-31,2020-12-31,20260911,34,0,2245,2020-04-24,0.0437865347345864,0.006938853046095355,0.0007154100779372735,0.0016612017529518232,new_round8_fit,349
disjoint1,2019-12-31,2020-12-31,20260911,34,0,2252,2020-05-08,-0.0151204097857481,-0.019794102357435783,0.006938853046095355,0.0016612017529518232,new_round8_fit,349
disjoint1,2019-12-31,2020-12-31,20260911,34,0,2257,2020-05-15,-0.022055555271722,0.01721030812628833,-0.019794102357435783,0.0016612017529518232,new_round8_fit,349
disjoint1,2019-12-31,2020-12-31,20260911,34,0,2262,2020-05-22,0.0191755130187654,0.0026018708860959636,0.01721030812628833,0.0016612017529518232,new_round8_fit,349
disjoint1,2019-12-31,2020-12-31,20260911,34,0,2267,2020-05-29,0.0312374254497365,-0.0008919517068256197,0.0026018708860959636,0.0016612017529518232,new_round8_fit,349
disjoint1,2019-12-31,2020-12-31,20260911,34,0,2272,2020-06-05,-0.010100382492339,0.017632442792222473,-0.0008919517068256197,0.0016612017529518232,new_round8_fit,349
disjoint1,2019-12-31,2020-12-31,20260911,34,0,2277,2020-06-12,0.0287574347785699,-0.0006732361218352177,0.017632442792222473,0.0016612017529518232,new_round8_fit,349
disjoint1,2019-12-31,2020-12-31,20260911,34,0,2282,2020-06-19,0.0898838562932122,0.0010417770970051199,-0.0006732361218352177,0.0016612017529518232,new_round8_fit,349
disjoint1,2019-12-31,2020-12-31,20260911,34,0,2290,2020-07-03,0.0619282952028859,-0.005465147705051879,0.0010417770970051199,0.0016612017529518232,new_round8_fit,349
disjoint1,2019-12-31,2020-12-31,20260911,34,0,2295,2020-07-10,-0.0306112766401609,0.0024726743146625046,-0.005465147705051879,0.0016612017529518232,new_round8_fit,349
disjoint1,2019-12-31,2020-12-31,20260911,34,0,2300,2020-07-17,-0.0135277995301487,-0.008429294123273147,0.0024726743146625046,0.0016612017529518232,new_round8_fit,349
disjoint1,2019-12-31,2020-12-31,20260911,34,0,2305,2020-07-24,0.0442975869953978,-0.008919284129467273,-0.008429294123273147,0.0016612017529518232,new_round8_fit,349
disjoint1,2019-12-31,2020-12-31,20260911,34,0,2310,2020-07-31,-0.0114318292193668,-0.022229900538974355,-0.008919284129467273,0.0016612017529518232,new_round8_fit,349
disjoint1,2019-12-31,2020-12-31,20260911,34,0,2315,2020-08-07,0.0096886640921363,0.014610558188126909,-0.022229900538974355,0.0016612017529518232,new_round8_fit,349
disjoint1,2019-12-31,2020-12-31,20260911,34,0,2320,2020-08-14,0.0040785933083991,-0.008772388129176826,0.014610558188126909,0.0016612017529518232,new_round8_fit,349
disjoint1,2019-12-31,2020-12-31,20260911,34,0,2325,2020-08-21,0.0262367267824037,-0.014374814481336092,-0.008772388129176826,0.0016612017529518232,new_round8_fit,349
disjoint1,2019-12-31,2020-12-31,20260911,34,0,2330,2020-08-28,-0.0228724288790846,9.499654149458634e-05,-0.014374814481336092,0.0016612017529518232,new_round8_fit,349
disjoint1,2019-12-31,2020-12-31,20260911,34,0,2335,2020-09-04,-0.0225800080680405,0.013828307755169933,9.499654149458634e-05,0.0016612017529518232,new_round8_fit,349
disjoint1,2019-12-31,2020-12-31,20260911,34,0,2340,2020-09-11,0.0212164529615974,0.015461849320753283,0.013828307755169933,0.0016612017529518232,new_round8_fit,349
disjoint1,2019-12-31,2020-12-31,20260911,34,0,2345,2020-09-18,-0.035383886754723,0.009104527052362768,0.015461849320753283,0.0016612017529518232,new_round8_fit,349
disjoint1,2019-12-31,2020-12-31,20260911,34,0,2350,2020-09-25,0.0267399866889246,0.002045271508938044,0.009104527052362768,0.0016612017529518232,new_round8_fit,349
disjoint1,2019-12-31,2020-12-31,20260911,34,0,2354,2020-10-09,0.0251424490828213,0.0025727483946284633,0.002045271508938044,0.0016612017529518232,new_round8_fit,349
disjoint1,2019-12-31,2020-12-31,20260911,34,0,2359,2020-10-16,-0.0289085288867603,0.020788608488659717,0.0025727483946284633,0.0016612017529518232,new_round8_fit,349
disjoint1,2019-12-31,2020-12-31,20260911,34,0,2364,2020-10-23,0.0039922716452642,-0.002092466048113208,0.020788608488659717,0.0016612017529518232,new_round8_fit,349
disjoint1,2019-12-31,2020-12-31,20260911,34,0,2369,2020-10-30,0.0459539631066927,0.010628264973756074,-0.002092466048113208,0.0016612017529518232,new_round8_fit,349
disjoint1,2019-12-31,2020-12-31,20260911,34,0,2374,2020-11-06,-0.0077050373460516,-0.013938514546806762,0.010628264973756074,0.0016612017529518232,new_round8_fit,349
disjoint1,2019-12-31,2020-12-31,20260911,34,0,2379,2020-11-13,0.0150871959614502,0.013273944234241428,-0.013938514546806762,0.0016612017529518232,new_round8_fit,349
disjoint1,2019-12-31,2020-12-31,20260911,34,0,2384,2020-11-20,0.0079744076212002,-0.029018100505380656,0.013273944234241428,0.0016612017529518232,new_round8_fit,349
disjoint1,2019-12-31,2020-12-31,20260911,34,0,2389,2020-11-27,0.0143408935726285,0.004076208059491154,-0.029018100505380656,0.0016612017529518232,new_round8_fit,349
disjoint1,2019-12-31,2020-12-31,20260911,34,0,2394,2020-12-04,-0.0319993367194855,0.008837321992376825,0.004076208059491154,0.0016612017529518232,new_round8_fit,349
disjoint1,2019-12-31,2020-12-31,20260911,34,0,2399,2020-12-11,0.018788122268605,-0.006976760965255933,0.008837321992376825,0.0016612017529518232,new_round8_fit,349
disjoint1,2019-12-31,2020-12-31,20260911,34,0,2404,2020-12-18,0.0094440085192242,-0.020655539271995847,-0.006976760965255933,0.0016612017529518232,new_round8_fit,349
disjoint2,2019-12-31,2020-12-31,20260910,36,0,2172,2020-01-03,0.0112631415452417,-0.026859904737845396,0.014990853656395133,-8.501204910216742e-05,new_round8_fit,351
disjoint2,2019-12-31,2020-12-31,20260910,36,0,2177,2020-01-10,0.000914342213572,-0.012436586875723672,-0.026859904737845396,-8.501204910216742e-05,new_round8_fit,351
disjoint2,2019-12-31,2020-12-31,20260910,36,0,2182,2020-01-17,-0.0715388636069378,-0.014222116125306494,-0.012436586875723672,-8.501204910216742e-05,new_round8_fit,351
disjoint2,2019-12-31,2020-12-31,20260910,36,0,2191,2020-02-07,0.0328687599583719,-0.015012244487548176,-0.014222116125306494,-8.501204910216742e-05,new_round8_fit,351
disjoint2,2019-12-31,2020-12-31,20260910,36,0,2196,2020-02-14,0.0330503919092921,-0.024769613826175808,-0.015012244487548176,-8.501204910216742e-05,new_round8_fit,351
disjoint2,2019-12-31,2020-12-31,20260910,36,0,2201,2020-02-21,-0.0394497366790582,-0.01840389522467486,-0.024769613826175808,-8.501204910216742e-05,new_round8_fit,351
disjoint2,2019-12-31,2020-12-31,20260910,36,0,2206,2020-02-28,0.0237449733423367,-0.01823605873036454,-0.01840389522467486,-8.501204910216742e-05,new_round8_fit,351
disjoint2,2019-12-31,2020-12-31,20260910,36,0,2211,2020-03-06,-0.040171495515717,0.008514698494003957,-0.01823605873036454,-8.501204910216742e-05,new_round8_fit,351
disjoint2,2019-12-31,2020-12-31,20260910,36,0,2216,2020-03-13,-0.0915879031554979,-0.022106456041391546,0.008514698494003957,-8.501204910216742e-05,new_round8_fit,351
disjoint2,2019-12-31,2020-12-31,20260910,36,0,2221,2020-03-20,0.0323992006051916,0.020306348731323982,-0.022106456041391546,-8.501204910216742e-05,new_round8_fit,351
disjoint2,2019-12-31,2020-12-31,20260910,36,0,2226,2020-03-27,0.0334795185729988,-0.016404833145598763,0.020306348731323982,-8.501204910216742e-05,new_round8_fit,351
disjoint2,2019-12-31,2020-12-31,20260910,36,0,2231,2020-04-03,-0.0074604950911528,-9.058723132235884e-05,-0.016404833145598763,-8.501204910216742e-05,new_round8_fit,351
disjoint2,2019-12-31,2020-12-31,20260910,36,0,2235,2020-04-10,0.0249886051960306,0.026335018827082047,-9.058723132235884e-05,-8.501204910216742e-05,new_round8_fit,351
disjoint2,2019-12-31,2020-12-31,20260910,36,0,2240,2020-04-17,-0.009736156402615,0.028270875534307828,0.026335018827082047,-8.501204910216742e-05,new_round8_fit,351
disjoint2,2019-12-31,2020-12-31,20260910,36,0,2245,2020-04-24,0.0437865347345864,0.0109952410772816,0.028270875534307828,-8.501204910216742e-05,new_round8_fit,351
disjoint2,2019-12-31,2020-12-31,20260910,36,0,2252,2020-05-08,-0.0151204097857481,0.01860031320883359,0.0109952410772816,-8.501204910216742e-05,new_round8_fit,351
disjoint2,2019-12-31,2020-12-31,20260910,36,0,2257,2020-05-15,-0.022055555271722,0.022602239843637857,0.01860031320883359,-8.501204910216742e-05,new_round8_fit,351
disjoint2,2019-12-31,2020-12-31,20260910,36,0,2262,2020-05-22,0.0191755130187654,0.017840239175546994,0.022602239843637857,-8.501204910216742e-05,new_round8_fit,351
disjoint2,2019-12-31,2020-12-31,20260910,36,0,2267,2020-05-29,0.0312374254497365,-0.014463985687767125,0.017840239175546994,-8.501204910216742e-05,new_round8_fit,351
disjoint2,2019-12-31,2020-12-31,20260910,36,0,2272,2020-06-05,-0.010100382492339,-0.01772041084895427,-0.014463985687767125,-8.501204910216742e-05,new_round8_fit,351
disjoint2,2019-12-31,2020-12-31,20260910,36,0,2277,2020-06-12,0.0287574347785699,0.012035822480884853,-0.01772041084895427,-8.501204910216742e-05,new_round8_fit,351
disjoint2,2019-12-31,2020-12-31,20260910,36,0,2282,2020-06-19,0.0898838562932122,-0.01098290923375105,0.012035822480884853,-8.501204910216742e-05,new_round8_fit,351
disjoint2,2019-12-31,2020-12-31,20260910,36,0,2290,2020-07-03,0.0619282952028859,-0.011781438332762902,-0.01098290923375105,-8.501204910216742e-05,new_round8_fit,351
disjoint2,2019-12-31,2020-12-31,20260910,36,0,2295,2020-07-10,-0.0306112766401609,-0.02873731637069629,-0.011781438332762902,-8.501204910216742e-05,new_round8_fit,351
disjoint2,2019-12-31,2020-12-31,20260910,36,0,2300,2020-07-17,-0.0135277995301487,-0.007211823718825828,-0.02873731637069629,-8.501204910216742e-05,new_round8_fit,351
disjoint2,2019-12-31,2020-12-31,20260910,36,0,2305,2020-07-24,0.0442975869953978,0.0030483200832757415,-0.007211823718825828,-8.501204910216742e-05,new_round8_fit,351
disjoint2,2019-12-31,2020-12-31,20260910,36,0,2310,2020-07-31,-0.0114318292193668,-0.0023952983801999892,0.0030483200832757415,-8.501204910216742e-05,new_round8_fit,351
disjoint2,2019-12-31,2020-12-31,20260910,36,0,2315,2020-08-07,0.0096886640921363,0.01899068460804456,-0.0023952983801999892,-8.501204910216742e-05,new_round8_fit,351
disjoint2,2019-12-31,2020-12-31,20260910,36,0,2320,2020-08-14,0.0040785933083991,0.019197550500491125,0.01899068460804456,-8.501204910216742e-05,new_round8_fit,351
disjoint2,2019-12-31,2020-12-31,20260910,36,0,2325,2020-08-21,0.0262367267824037,0.011198244179170858,0.019197550500491125,-8.501204910216742e-05,new_round8_fit,351
disjoint2,2019-12-31,2020-12-31,20260910,36,0,2330,2020-08-28,-0.0228724288790846,0.018088514614867518,0.011198244179170858,-8.501204910216742e-05,new_round8_fit,351
disjoint2,2019-12-31,2020-12-31,20260910,36,0,2335,2020-09-04,-0.0225800080680405,0.0028657804992025457,0.018088514614867518,-8.501204910216742e-05,new_round8_fit,351
disjoint2,2019-12-31,2020-12-31,20260910,36,0,2340,2020-09-11,0.0212164529615974,-0.02459828992785267,0.0028657804992025457,-8.501204910216742e-05,new_round8_fit,351
disjoint2,2019-12-31,2020-12-31,20260910,36,0,2345,2020-09-18,-0.035383886754723,-0.022345444939721813,-0.02459828992785267,-8.501204910216742e-05,new_round8_fit,351
disjoint2,2019-12-31,2020-12-31,20260910,36,0,2350,2020-09-25,0.0267399866889246,-0.02004785063474086,-0.022345444939721813,-8.501204910216742e-05,new_round8_fit,351
disjoint2,2019-12-31,2020-12-31,20260910,36,0,2354,2020-10-09,0.0251424490828213,-0.0009675026052311335,-0.02004785063474086,-8.501204910216742e-05,new_round8_fit,351
disjoint2,2019-12-31,2020-12-31,20260910,36,0,2359,2020-10-16,-0.0289085288867603,0.018003490012644792,-0.0009675026052311335,-8.501204910216742e-05,new_round8_fit,351
disjoint2,2019-12-31,2020-12-31,20260910,36,0,2364,2020-10-23,0.0039922716452642,0.006511728163889747,0.018003490012644792,-8.501204910216742e-05,new_round8_fit,351
disjoint2,2019-12-31,2020-12-31,20260910,36,0,2369,2020-10-30,0.0459539631066927,0.015017627629071769,0.006511728163889747,-8.501204910216742e-05,new_round8_fit,351
disjoint2,2019-12-31,2020-12-31,20260910,36,0,2374,2020-11-06,-0.0077050373460516,-0.0006039470383474416,0.015017627629071769,-8.501204910216742e-05,new_round8_fit,351
disjoint2,2019-12-31,2020-12-31,20260910,36,0,2379,2020-11-13,0.0150871959614502,0.021137242091840452,-0.0006039470383474416,-8.501204910216742e-05,new_round8_fit,351
disjoint2,2019-12-31,2020-12-31,20260910,36,0,2384,2020-11-20,0.0079744076212002,0.006192887705969604,0.021137242091840452,-8.501204910216742e-05,new_round8_fit,351
disjoint2,2019-12-31,2020-12-31,20260910,36,0,2389,2020-11-27,0.0143408935726285,0.010362184527578089,0.006192887705969604,-8.501204910216742e-05,new_round8_fit,351
disjoint2,2019-12-31,2020-12-31,20260910,36,0,2394,2020-12-04,-0.0319993367194855,-0.026336509670339535,0.010362184527578089,-8.501204910216742e-05,new_round8_fit,351
disjoint2,2019-12-31,2020-12-31,20260910,36,0,2399,2020-12-11,0.018788122268605,-0.0002428681393287202,-0.026336509670339535,-8.501204910216742e-05,new_round8_fit,351
disjoint2,2019-12-31,2020-12-31,20260910,36,0,2404,2020-12-18,0.0094440085192242,0.014990853656395133,-0.0002428681393287202,-8.501204910216742e-05,new_round8_fit,351
disjoint2,2019-12-31,2020-12-31,20260912,38,0,2172,2020-01-03,0.0112631415452417,0.0027324269048439763,-0.02356189718993647,-8.501204910216742e-05,new_round8_fit,351
disjoint2,2019-12-31,2020-12-31,20260912,38,0,2177,2020-01-10,0.000914342213572,-0.017799521087634346,0.0027324269048439763,-8.501204910216742e-05,new_round8_fit,351
disjoint2,2019-12-31,2020-12-31,20260912,38,0,2182,2020-01-17,-0.0715388636069378,0.020903960509318465,-0.017799521087634346,-8.501204910216742e-05,new_round8_fit,351
disjoint2,2019-12-31,2020-12-31,20260912,38,0,2191,2020-02-07,0.0328687599583719,0.003976665411114832,0.020903960509318465,-8.501204910216742e-05,new_round8_fit,351
disjoint2,2019-12-31,2020-12-31,20260912,38,0,2196,2020-02-14,0.0330503919092921,0.0051816422657039295,0.003976665411114832,-8.501204910216742e-05,new_round8_fit,351
disjoint2,2019-12-31,2020-12-31,20260912,38,0,2201,2020-02-21,-0.0394497366790582,-0.005917347330328994,0.0051816422657039295,-8.501204910216742e-05,new_round8_fit,351
disjoint2,2019-12-31,2020-12-31,20260912,38,0,2206,2020-02-28,0.0237449733423367,-0.009678868590237644,-0.005917347330328994,-8.501204910216742e-05,new_round8_fit,351
disjoint2,2019-12-31,2020-12-31,20260912,38,0,2211,2020-03-06,-0.040171495515717,-0.026203741660986216,-0.009678868590237644,-8.501204910216742e-05,new_round8_fit,351
disjoint2,2019-12-31,2020-12-31,20260912,38,0,2216,2020-03-13,-0.0915879031554979,0.017121513475021586,-0.026203741660986216,-8.501204910216742e-05,new_round8_fit,351
disjoint2,2019-12-31,2020-12-31,20260912,38,0,2221,2020-03-20,0.0323992006051916,0.0031461663415012025,0.017121513475021586,-8.501204910216742e-05,new_round8_fit,351
disjoint2,2019-12-31,2020-12-31,20260912,38,0,2226,2020-03-27,0.0334795185729988,0.023585941633779563,0.0031461663415012025,-8.501204910216742e-05,new_round8_fit,351
disjoint2,2019-12-31,2020-12-31,20260912,38,0,2231,2020-04-03,-0.0074604950911528,-0.005556568453604709,0.023585941633779563,-8.501204910216742e-05,new_round8_fit,351
disjoint2,2019-12-31,2020-12-31,20260912,38,0,2235,2020-04-10,0.0249886051960306,0.020972320469547046,-0.005556568453604709,-8.501204910216742e-05,new_round8_fit,351
disjoint2,2019-12-31,2020-12-31,20260912,38,0,2240,2020-04-17,-0.009736156402615,0.004998179518797707,0.020972320469547046,-8.501204910216742e-05,new_round8_fit,351
disjoint2,2019-12-31,2020-12-31,20260912,38,0,2245,2020-04-24,0.0437865347345864,-0.010154107955559254,0.004998179518797707,-8.501204910216742e-05,new_round8_fit,351
disjoint2,2019-12-31,2020-12-31,20260912,38,0,2252,2020-05-08,-0.0151204097857481,0.014374381630214641,-0.010154107955559254,-8.501204910216742e-05,new_round8_fit,351
disjoint2,2019-12-31,2020-12-31,20260912,38,0,2257,2020-05-15,-0.022055555271722,0.009469112031807746,0.014374381630214641,-8.501204910216742e-05,new_round8_fit,351
disjoint2,2019-12-31,2020-12-31,20260912,38,0,2262,2020-05-22,0.0191755130187654,0.006315079627030561,0.009469112031807746,-8.501204910216742e-05,new_round8_fit,351
disjoint2,2019-12-31,2020-12-31,20260912,38,0,2267,2020-05-29,0.0312374254497365,-0.0011606690267968013,0.006315079627030561,-8.501204910216742e-05,new_round8_fit,351
disjoint2,2019-12-31,2020-12-31,20260912,38,0,2272,2020-06-05,-0.010100382492339,-0.004597431076730898,-0.0011606690267968013,-8.501204910216742e-05,new_round8_fit,351
disjoint2,2019-12-31,2020-12-31,20260912,38,0,2277,2020-06-12,0.0287574347785699,0.003453265392467496,-0.004597431076730898,-8.501204910216742e-05,new_round8_fit,351
disjoint2,2019-12-31,2020-12-31,20260912,38,0,2282,2020-06-19,0.0898838562932122,0.0020472847969371204,0.003453265392467496,-8.501204910216742e-05,new_round8_fit,351
disjoint2,2019-12-31,2020-12-31,20260912,38,0,2290,2020-07-03,0.0619282952028859,-0.014865877042876926,0.0020472847969371204,-8.501204910216742e-05,new_round8_fit,351
disjoint2,2019-12-31,2020-12-31,20260912,38,0,2295,2020-07-10,-0.0306112766401609,0.005579272038315875,-0.014865877042876926,-8.501204910216742e-05,new_round8_fit,351
disjoint2,2019-12-31,2020-12-31,20260912,38,0,2300,2020-07-17,-0.0135277995301487,-0.02580558706737802,0.005579272038315875,-8.501204910216742e-05,new_round8_fit,351
disjoint2,2019-12-31,2020-12-31,20260912,38,0,2305,2020-07-24,0.0442975869953978,0.008483634132188162,-0.02580558706737802,-8.501204910216742e-05,new_round8_fit,351
disjoint2,2019-12-31,2020-12-31,20260912,38,0,2310,2020-07-31,-0.0114318292193668,-0.011266624043535357,0.008483634132188162,-8.501204910216742e-05,new_round8_fit,351
disjoint2,2019-12-31,2020-12-31,20260912,38,0,2315,2020-08-07,0.0096886640921363,0.009713269021629391,-0.011266624043535357,-8.501204910216742e-05,new_round8_fit,351
disjoint2,2019-12-31,2020-12-31,20260912,38,0,2320,2020-08-14,0.0040785933083991,-0.010444252047599514,0.009713269021629391,-8.501204910216742e-05,new_round8_fit,351
disjoint2,2019-12-31,2020-12-31,20260912,38,0,2325,2020-08-21,0.0262367267824037,0.01583437692870816,-0.010444252047599514,-8.501204910216742e-05,new_round8_fit,351
disjoint2,2019-12-31,2020-12-31,20260912,38,0,2330,2020-08-28,-0.0228724288790846,-0.010801079013219956,0.01583437692870816,-8.501204910216742e-05,new_round8_fit,351
disjoint2,2019-12-31,2020-12-31,20260912,38,0,2335,2020-09-04,-0.0225800080680405,0.007172678094346803,-0.010801079013219956,-8.501204910216742e-05,new_round8_fit,351
disjoint2,2019-12-31,2020-12-31,20260912,38,0,2340,2020-09-11,0.0212164529615974,-0.010612853718319458,0.007172678094346803,-8.501204910216742e-05,new_round8_fit,351
disjoint2,2019-12-31,2020-12-31,20260912,38,0,2345,2020-09-18,-0.035383886754723,-0.003709485938060713,-0.010612853718319458,-8.501204910216742e-05,new_round8_fit,351
disjoint2,2019-12-31,2020-12-31,20260912,38,0,2350,2020-09-25,0.0267399866889246,0.008102248604648839,-0.003709485938060713,-8.501204910216742e-05,new_round8_fit,351
disjoint2,2019-12-31,2020-12-31,20260912,38,0,2354,2020-10-09,0.0251424490828213,0.015815405954994644,0.008102248604648839,-8.501204910216742e-05,new_round8_fit,351
disjoint2,2019-12-31,2020-12-31,20260912,38,0,2359,2020-10-16,-0.0289085288867603,0.018171114057975495,0.015815405954994644,-8.501204910216742e-05,new_round8_fit,351
disjoint2,2019-12-31,2020-12-31,20260912,38,0,2364,2020-10-23,0.0039922716452642,0.01581031618155931,0.018171114057975495,-8.501204910216742e-05,new_round8_fit,351
disjoint2,2019-12-31,2020-12-31,20260912,38,0,2369,2020-10-30,0.0459539631066927,0.0032735398571666478,0.01581031618155931,-8.501204910216742e-05,new_round8_fit,351
disjoint2,2019-12-31,2020-12-31,20260912,38,0,2374,2020-11-06,-0.0077050373460516,0.014120922795874546,0.0032735398571666478,-8.501204910216742e-05,new_round8_fit,351
disjoint2,2019-12-31,2020-12-31,20260912,38,0,2379,2020-11-13,0.0150871959614502,0.01887334075469425,0.014120922795874546,-8.501204910216742e-05,new_round8_fit,351
disjoint2,2019-12-31,2020-12-31,20260912,38,0,2384,2020-11-20,0.0079744076212002,0.01711521562306658,0.01887334075469425,-8.501204910216742e-05,new_round8_fit,351
disjoint2,2019-12-31,2020-12-31,20260912,38,0,2389,2020-11-27,0.0143408935726285,0.002036782975766868,0.01711521562306658,-8.501204910216742e-05,new_round8_fit,351
disjoint2,2019-12-31,2020-12-31,20260912,38,0,2394,2020-12-04,-0.0319993367194855,-0.01313779183688369,0.002036782975766868,-8.501204910216742e-05,new_round8_fit,351
disjoint2,2019-12-31,2020-12-31,20260912,38,0,2399,2020-12-11,0.018788122268605,-0.011959258128700008,-0.01313779183688369,-8.501204910216742e-05,new_round8_fit,351
disjoint2,2019-12-31,2020-12-31,20260912,38,0,2404,2020-12-18,0.0094440085192242,-0.02356189718993647,-0.011959258128700008,-8.501204910216742e-05,new_round8_fit,351
quarter_equal,2019-12-31,2020-12-31,20260911,40,0,2172,2020-01-03,0.0112631415452417,0.010813881582742688,0.0023144160484124612,0.003083135868397829,new_round8_fit,2165
quarter_equal,2019-12-31,2020-12-31,20260911,40,0,2177,2020-01-10,0.000914342213572,0.013883473601518582,0.010813881582742688,0.003083135868397829,new_round8_fit,2165
quarter_equal,2019-12-31,2020-12-31,20260911,40,0,2182,2020-01-17,-0.0715388636069378,0.005966061973151716,0.013883473601518582,0.003083135868397829,new_round8_fit,2165
quarter_equal,2019-12-31,2020-12-31,20260911,40,0,2191,2020-02-07,0.0328687599583719,0.01193603275962778,0.005966061973151716,0.003083135868397829,new_round8_fit,2165
quarter_equal,2019-12-31,2020-12-31,20260911,40,0,2196,2020-02-14,0.0330503919092921,0.0011537819972766586,0.01193603275962778,0.003083135868397829,new_round8_fit,2165
quarter_equal,2019-12-31,2020-12-31,20260911,40,0,2201,2020-02-21,-0.0394497366790582,0.0032294581129128992,0.0011537819972766586,0.003083135868397829,new_round8_fit,2165
quarter_equal,2019-12-31,2020-12-31,20260911,40,0,2206,2020-02-28,0.0237449733423367,0.0057523034161698836,0.0032294581129128992,0.003083135868397829,new_round8_fit,2165
quarter_equal,2019-12-31,2020-12-31,20260911,40,0,2211,2020-03-06,-0.040171495515717,0.008895546680930944,0.0057523034161698836,0.003083135868397829,new_round8_fit,2165
quarter_equal,2019-12-31,2020-12-31,20260911,40,0,2216,2020-03-13,-0.0915879031554979,0.008543699560622252,0.008895546680930944,0.003083135868397829,new_round8_fit,2165
quarter_equal,2019-12-31,2020-12-31,20260911,40,0,2221,2020-03-20,0.0323992006051916,0.004356296365857888,0.008543699560622252,0.003083135868397829,new_round8_fit,2165
quarter_equal,2019-12-31,2020-12-31,20260911,40,0,2226,2020-03-27,0.0334795185729988,-0.0038193836968181717,0.004356296365857888,0.003083135868397829,new_round8_fit,2165
quarter_equal,2019-12-31,2020-12-31,20260911,40,0,2231,2020-04-03,-0.0074604950911528,0.009735305740867346,-0.0038193836968181717,0.003083135868397829,new_round8_fit,2165
quarter_equal,2019-12-31,2020-12-31,20260911,40,0,2235,2020-04-10,0.0249886051960306,0.010772003185812458,0.009735305740867346,0.003083135868397829,new_round8_fit,2165
quarter_equal,2019-12-31,2020-12-31,20260911,40,0,2240,2020-04-17,-0.009736156402615,0.01357620517173828,0.010772003185812458,0.003083135868397829,new_round8_fit,2165
quarter_equal,2019-12-31,2020-12-31,20260911,40,0,2245,2020-04-24,0.0437865347345864,0.01232083163765987,0.01357620517173828,0.003083135868397829,new_round8_fit,2165
quarter_equal,2019-12-31,2020-12-31,20260911,40,0,2252,2020-05-08,-0.0151204097857481,0.018555973526537844,0.01232083163765987,0.003083135868397829,new_round8_fit,2165
quarter_equal,2019-12-31,2020-12-31,20260911,40,0,2257,2020-05-15,-0.022055555271722,0.007980835283165486,0.018555973526537844,0.003083135868397829,new_round8_fit,2165
quarter_equal,2019-12-31,2020-12-31,20260911,40,0,2262,2020-05-22,0.0191755130187654,-0.004596575432473204,0.007980835283165486,0.003083135868397829,new_round8_fit,2165
quarter_equal,2019-12-31,2020-12-31,20260911,40,0,2267,2020-05-29,0.0312374254497365,0.008198977672554824,-0.004596575432473204,0.003083135868397829,new_round8_fit,2165
quarter_equal,2019-12-31,2020-12-31,20260911,40,0,2272,2020-06-05,-0.010100382492339,0.011598210360165236,0.008198977672554824,0.003083135868397829,new_round8_fit,2165
quarter_equal,2019-12-31,2020-12-31,20260911,40,0,2277,2020-06-12,0.0287574347785699,0.010415656181790234,0.011598210360165236,0.003083135868397829,new_round8_fit,2165
quarter_equal,2019-12-31,2020-12-31,20260911,40,0,2282,2020-06-19,0.0898838562932122,0.008185185054320733,0.010415656181790234,0.003083135868397829,new_round8_fit,2165
quarter_equal,2019-12-31,2020-12-31,20260911,40,0,2290,2020-07-03,0.0619282952028859,-0.0025454996387690694,0.008185185054320733,0.003083135868397829,new_round8_fit,2165
quarter_equal,2019-12-31,2020-12-31,20260911,40,0,2295,2020-07-10,-0.0306112766401609,0.0029809611531499114,-0.0025454996387690694,0.003083135868397829,new_round8_fit,2165
quarter_equal,2019-12-31,2020-12-31,20260911,40,0,2300,2020-07-17,-0.0135277995301487,0.004325005663422708,0.0029809611531499114,0.003083135868397829,new_round8_fit,2165
quarter_equal,2019-12-31,2020-12-31,20260911,40,0,2305,2020-07-24,0.0442975869953978,0.0027855665230388862,0.004325005663422708,0.003083135868397829,new_round8_fit,2165
quarter_equal,2019-12-31,2020-12-31,20260911,40,0,2310,2020-07-31,-0.0114318292193668,-0.00409304221489295,0.0027855665230388862,0.003083135868397829,new_round8_fit,2165
quarter_equal,2019-12-31,2020-12-31,20260911,40,0,2315,2020-08-07,0.0096886640921363,0.0016693670635006038,-0.00409304221489295,0.003083135868397829,new_round8_fit,2165
quarter_equal,2019-12-31,2020-12-31,20260911,40,0,2320,2020-08-14,0.0040785933083991,0.0034551670020339332,0.0016693670635006038,0.003083135868397829,new_round8_fit,2165
quarter_equal,2019-12-31,2020-12-31,20260911,40,0,2325,2020-08-21,0.0262367267824037,-0.0023957948166321,0.0034551670020339332,0.003083135868397829,new_round8_fit,2165
quarter_equal,2019-12-31,2020-12-31,20260911,40,0,2330,2020-08-28,-0.0228724288790846,0.0031411585122531143,-0.0023957948166321,0.003083135868397829,new_round8_fit,2165
quarter_equal,2019-12-31,2020-12-31,20260911,40,0,2335,2020-09-04,-0.0225800080680405,0.0038686700691463313,0.0031411585122531143,0.003083135868397829,new_round8_fit,2165
quarter_equal,2019-12-31,2020-12-31,20260911,40,0,2340,2020-09-11,0.0212164529615974,0.0024697749083475587,0.0038686700691463313,0.003083135868397829,new_round8_fit,2165
quarter_equal,2019-12-31,2020-12-31,20260911,40,0,2345,2020-09-18,-0.035383886754723,3.4564125026877255e-05,0.0024697749083475587,0.003083135868397829,new_round8_fit,2165
quarter_equal,2019-12-31,2020-12-31,20260911,40,0,2350,2020-09-25,0.0267399866889246,0.003878956961381436,3.4564125026877255e-05,0.003083135868397829,new_round8_fit,2165
quarter_equal,2019-12-31,2020-12-31,20260911,40,0,2354,2020-10-09,0.0251424490828213,0.004177415654909461,0.003878956961381436,0.003083135868397829,new_round8_fit,2165
quarter_equal,2019-12-31,2020-12-31,20260911,40,0,2359,2020-10-16,-0.0289085288867603,0.0050061128224506484,0.004177415654909461,0.003083135868397829,new_round8_fit,2165
quarter_equal,2019-12-31,2020-12-31,20260911,40,0,2364,2020-10-23,0.0039922716452642,0.01668147104403804,0.0050061128224506484,0.003083135868397829,new_round8_fit,2165
quarter_equal,2019-12-31,2020-12-31,20260911,40,0,2369,2020-10-30,0.0459539631066927,0.011693683112490104,0.01668147104403804,0.003083135868397829,new_round8_fit,2165
quarter_equal,2019-12-31,2020-12-31,20260911,40,0,2374,2020-11-06,-0.0077050373460516,0.0071614776340373065,0.011693683112490104,0.003083135868397829,new_round8_fit,2165
quarter_equal,2019-12-31,2020-12-31,20260911,40,0,2379,2020-11-13,0.0150871959614502,0.001500884186202143,0.0071614776340373065,0.003083135868397829,new_round8_fit,2165
quarter_equal,2019-12-31,2020-12-31,20260911,40,0,2384,2020-11-20,0.0079744076212002,0.0010706195405353214,0.001500884186202143,0.003083135868397829,new_round8_fit,2165
quarter_equal,2019-12-31,2020-12-31,20260911,40,0,2389,2020-11-27,0.0143408935726285,-0.0008276777747191887,0.0010706195405353214,0.003083135868397829,new_round8_fit,2165
quarter_equal,2019-12-31,2020-12-31,20260911,40,0,2394,2020-12-04,-0.0319993367194855,0.002606833998934261,-0.0008276777747191887,0.003083135868397829,new_round8_fit,2165
quarter_equal,2019-12-31,2020-12-31,20260911,40,0,2399,2020-12-11,0.018788122268605,-0.0024921015031951887,0.002606833998934261,0.003083135868397829,new_round8_fit,2165
quarter_equal,2019-12-31,2020-12-31,20260911,40,0,2404,2020-12-18,0.0094440085192242,0.0023144160484124612,-0.0024921015031951887,0.003083135868397829,new_round8_fit,2165
recent3y,2019-12-31,2020-12-31,20260910,42,0,2172,2020-01-03,0.0112631415452417,0.0026459247827337173,-0.013997288179436814,0.0015586714255053074,new_round8_fit,725
recent3y,2019-12-31,2020-12-31,20260910,42,0,2177,2020-01-10,0.000914342213572,0.006266709894395419,0.0026459247827337173,0.0015586714255053074,new_round8_fit,725
recent3y,2019-12-31,2020-12-31,20260910,42,0,2182,2020-01-17,-0.0715388636069378,0.00560355855869461,0.006266709894395419,0.0015586714255053074,new_round8_fit,725
recent3y,2019-12-31,2020-12-31,20260910,42,0,2191,2020-02-07,0.0328687599583719,-0.01349341207092649,0.00560355855869461,0.0015586714255053074,new_round8_fit,725
recent3y,2019-12-31,2020-12-31,20260910,42,0,2196,2020-02-14,0.0330503919092921,-0.006712024904118333,-0.01349341207092649,0.0015586714255053074,new_round8_fit,725
recent3y,2019-12-31,2020-12-31,20260910,42,0,2201,2020-02-21,-0.0394497366790582,0.02679523801661597,-0.006712024904118333,0.0015586714255053074,new_round8_fit,725
recent3y,2019-12-31,2020-12-31,20260910,42,0,2206,2020-02-28,0.0237449733423367,-0.002960757103265727,0.02679523801661597,0.0015586714255053074,new_round8_fit,725
recent3y,2019-12-31,2020-12-31,20260910,42,0,2211,2020-03-06,-0.040171495515717,-0.01172786292246993,-0.002960757103265727,0.0015586714255053074,new_round8_fit,725
recent3y,2019-12-31,2020-12-31,20260910,42,0,2216,2020-03-13,-0.0915879031554979,0.009482078310889533,-0.01172786292246993,0.0015586714255053074,new_round8_fit,725
recent3y,2019-12-31,2020-12-31,20260910,42,0,2221,2020-03-20,0.0323992006051916,0.0016780354149271205,0.009482078310889533,0.0015586714255053074,new_round8_fit,725
recent3y,2019-12-31,2020-12-31,20260910,42,0,2226,2020-03-27,0.0334795185729988,0.0015809435186145305,0.0016780354149271205,0.0015586714255053074,new_round8_fit,725
recent3y,2019-12-31,2020-12-31,20260910,42,0,2231,2020-04-03,-0.0074604950911528,0.010101582705494576,0.0015809435186145305,0.0015586714255053074,new_round8_fit,725
recent3y,2019-12-31,2020-12-31,20260910,42,0,2235,2020-04-10,0.0249886051960306,0.007926980794342401,0.010101582705494576,0.0015586714255053074,new_round8_fit,725
recent3y,2019-12-31,2020-12-31,20260910,42,0,2240,2020-04-17,-0.009736156402615,0.0009979619137304753,0.007926980794342401,0.0015586714255053074,new_round8_fit,725
recent3y,2019-12-31,2020-12-31,20260910,42,0,2245,2020-04-24,0.0437865347345864,0.0028266811814171102,0.0009979619137304753,0.0015586714255053074,new_round8_fit,725
recent3y,2019-12-31,2020-12-31,20260910,42,0,2252,2020-05-08,-0.0151204097857481,-0.010214860938373963,0.0028266811814171102,0.0015586714255053074,new_round8_fit,725
recent3y,2019-12-31,2020-12-31,20260910,42,0,2257,2020-05-15,-0.022055555271722,0.03694633235784768,-0.010214860938373963,0.0015586714255053074,new_round8_fit,725
recent3y,2019-12-31,2020-12-31,20260910,42,0,2262,2020-05-22,0.0191755130187654,0.016175592978092207,0.03694633235784768,0.0015586714255053074,new_round8_fit,725
recent3y,2019-12-31,2020-12-31,20260910,42,0,2267,2020-05-29,0.0312374254497365,-0.0001959169018812695,0.016175592978092207,0.0015586714255053074,new_round8_fit,725
recent3y,2019-12-31,2020-12-31,20260910,42,0,2272,2020-06-05,-0.010100382492339,-0.0019553167528662424,-0.0001959169018812695,0.0015586714255053074,new_round8_fit,725
recent3y,2019-12-31,2020-12-31,20260910,42,0,2277,2020-06-12,0.0287574347785699,-0.009019479753430896,-0.0019553167528662424,0.0015586714255053074,new_round8_fit,725
recent3y,2019-12-31,2020-12-31,20260910,42,0,2282,2020-06-19,0.0898838562932122,0.011461793993546887,-0.009019479753430896,0.0015586714255053074,new_round8_fit,725
recent3y,2019-12-31,2020-12-31,20260910,42,0,2290,2020-07-03,0.0619282952028859,0.03104846274572607,0.011461793993546887,0.0015586714255053074,new_round8_fit,725
recent3y,2019-12-31,2020-12-31,20260910,42,0,2295,2020-07-10,-0.0306112766401609,0.013589605985208239,0.03104846274572607,0.0015586714255053074,new_round8_fit,725
recent3y,2019-12-31,2020-12-31,20260910,42,0,2300,2020-07-17,-0.0135277995301487,-0.014638396274093824,0.013589605985208239,0.0015586714255053074,new_round8_fit,725
recent3y,2019-12-31,2020-12-31,20260910,42,0,2305,2020-07-24,0.0442975869953978,0.0013966572248405036,-0.014638396274093824,0.0015586714255053074,new_round8_fit,725
recent3y,2019-12-31,2020-12-31,20260910,42,0,2310,2020-07-31,-0.0114318292193668,-0.006818662308571349,0.0013966572248405036,0.0015586714255053074,new_round8_fit,725
recent3y,2019-12-31,2020-12-31,20260910,42,0,2315,2020-08-07,0.0096886640921363,0.010040296114239332,-0.006818662308571349,0.0015586714255053074,new_round8_fit,725
recent3y,2019-12-31,2020-12-31,20260910,42,0,2320,2020-08-14,0.0040785933083991,0.02224877622939895,0.010040296114239332,0.0015586714255053074,new_round8_fit,725
recent3y,2019-12-31,2020-12-31,20260910,42,0,2325,2020-08-21,0.0262367267824037,0.010233456158906671,0.02224877622939895,0.0015586714255053074,new_round8_fit,725
recent3y,2019-12-31,2020-12-31,20260910,42,0,2330,2020-08-28,-0.0228724288790846,-0.04525005833733957,0.010233456158906671,0.0015586714255053074,new_round8_fit,725
recent3y,2019-12-31,2020-12-31,20260910,42,0,2335,2020-09-04,-0.0225800080680405,-0.027155198404953104,-0.04525005833733957,0.0015586714255053074,new_round8_fit,725
recent3y,2019-12-31,2020-12-31,20260910,42,0,2340,2020-09-11,0.0212164529615974,-0.0074770158795711365,-0.027155198404953104,0.0015586714255053074,new_round8_fit,725
recent3y,2019-12-31,2020-12-31,20260910,42,0,2345,2020-09-18,-0.035383886754723,-0.016413756631965336,-0.0074770158795711365,0.0015586714255053074,new_round8_fit,725
recent3y,2019-12-31,2020-12-31,20260910,42,0,2350,2020-09-25,0.0267399866889246,-0.017727082803831472,-0.016413756631965336,0.0015586714255053074,new_round8_fit,725
recent3y,2019-12-31,2020-12-31,20260910,42,0,2354,2020-10-09,0.0251424490828213,-0.005762243012223361,-0.017727082803831472,0.0015586714255053074,new_round8_fit,725
recent3y,2019-12-31,2020-12-31,20260910,42,0,2359,2020-10-16,-0.0289085288867603,0.004022591897978085,-0.005762243012223361,0.0015586714255053074,new_round8_fit,725
recent3y,2019-12-31,2020-12-31,20260910,42,0,2364,2020-10-23,0.0039922716452642,0.004520327819638056,0.004022591897978085,0.0015586714255053074,new_round8_fit,725
recent3y,2019-12-31,2020-12-31,20260910,42,0,2369,2020-10-30,0.0459539631066927,0.012412159708925088,0.004520327819638056,0.0015586714255053074,new_round8_fit,725
recent3y,2019-12-31,2020-12-31,20260910,42,0,2374,2020-11-06,-0.0077050373460516,0.02650145357751077,0.012412159708925088,0.0015586714255053074,new_round8_fit,725
recent3y,2019-12-31,2020-12-31,20260910,42,0,2379,2020-11-13,0.0150871959614502,0.0031159765943225342,0.02650145357751077,0.0015586714255053074,new_round8_fit,725
recent3y,2019-12-31,2020-12-31,20260910,42,0,2384,2020-11-20,0.0079744076212002,0.016335301796481065,0.0031159765943225342,0.0015586714255053074,new_round8_fit,725
recent3y,2019-12-31,2020-12-31,20260910,42,0,2389,2020-11-27,0.0143408935726285,-0.0026386583408102623,0.016335301796481065,0.0015586714255053074,new_round8_fit,725
recent3y,2019-12-31,2020-12-31,20260910,42,0,2394,2020-12-04,-0.0319993367194855,0.00830415679485379,-0.0026386583408102623,0.0015586714255053074,new_round8_fit,725
recent3y,2019-12-31,2020-12-31,20260910,42,0,2399,2020-12-11,0.018788122268605,-0.01846500891256054,0.00830415679485379,0.0015586714255053074,new_round8_fit,725
recent3y,2019-12-31,2020-12-31,20260910,42,0,2404,2020-12-18,0.0094440085192242,-0.013997288179436814,-0.01846500891256054,0.0015586714255053074,new_round8_fit,725
recent3y,2019-12-31,2020-12-31,20260912,44,0,2172,2020-01-03,0.0112631415452417,-0.002574838253127483,0.013570144210801745,0.0015586714255053074,new_round8_fit,725
recent3y,2019-12-31,2020-12-31,20260912,44,0,2177,2020-01-10,0.000914342213572,-0.010371254978081616,-0.002574838253127483,0.0015586714255053074,new_round8_fit,725
recent3y,2019-12-31,2020-12-31,20260912,44,0,2182,2020-01-17,-0.0715388636069378,-0.011408406612034728,-0.010371254978081616,0.0015586714255053074,new_round8_fit,725
recent3y,2019-12-31,2020-12-31,20260912,44,0,2191,2020-02-07,0.0328687599583719,-0.013495275843727724,-0.011408406612034728,0.0015586714255053074,new_round8_fit,725
recent3y,2019-12-31,2020-12-31,20260912,44,0,2196,2020-02-14,0.0330503919092921,-0.016059287274468495,-0.013495275843727724,0.0015586714255053074,new_round8_fit,725
recent3y,2019-12-31,2020-12-31,20260912,44,0,2201,2020-02-21,-0.0394497366790582,-0.011010676306292816,-0.016059287274468495,0.0015586714255053074,new_round8_fit,725
recent3y,2019-12-31,2020-12-31,20260912,44,0,2206,2020-02-28,0.0237449733423367,0.0007254392010015944,-0.011010676306292816,0.0015586714255053074,new_round8_fit,725
recent3y,2019-12-31,2020-12-31,20260912,44,0,2211,2020-03-06,-0.040171495515717,0.0008771849180861388,0.0007254392010015944,0.0015586714255053074,new_round8_fit,725
recent3y,2019-12-31,2020-12-31,20260912,44,0,2216,2020-03-13,-0.0915879031554979,0.006167514565974145,0.0008771849180861388,0.0015586714255053074,new_round8_fit,725
recent3y,2019-12-31,2020-12-31,20260912,44,0,2221,2020-03-20,0.0323992006051916,-0.001863965855259417,0.006167514565974145,0.0015586714255053074,new_round8_fit,725
recent3y,2019-12-31,2020-12-31,20260912,44,0,2226,2020-03-27,0.0334795185729988,-0.0002499268957353697,-0.001863965855259417,0.0015586714255053074,new_round8_fit,725
recent3y,2019-12-31,2020-12-31,20260912,44,0,2231,2020-04-03,-0.0074604950911528,-0.0047058988320178,-0.0002499268957353697,0.0015586714255053074,new_round8_fit,725
recent3y,2019-12-31,2020-12-31,20260912,44,0,2235,2020-04-10,0.0249886051960306,-0.007527742331159696,-0.0047058988320178,0.0015586714255053074,new_round8_fit,725
recent3y,2019-12-31,2020-12-31,20260912,44,0,2240,2020-04-17,-0.009736156402615,0.015644979985222608,-0.007527742331159696,0.0015586714255053074,new_round8_fit,725
recent3y,2019-12-31,2020-12-31,20260912,44,0,2245,2020-04-24,0.0437865347345864,0.00710985252252692,0.015644979985222608,0.0015586714255053074,new_round8_fit,725
recent3y,2019-12-31,2020-12-31,20260912,44,0,2252,2020-05-08,-0.0151204097857481,-0.006035117645938827,0.00710985252252692,0.0015586714255053074,new_round8_fit,725
recent3y,2019-12-31,2020-12-31,20260912,44,0,2257,2020-05-15,-0.022055555271722,0.0002830932534162692,-0.006035117645938827,0.0015586714255053074,new_round8_fit,725
recent3y,2019-12-31,2020-12-31,20260912,44,0,2262,2020-05-22,0.0191755130187654,0.0018424623033225713,0.0002830932534162692,0.0015586714255053074,new_round8_fit,725
recent3y,2019-12-31,2020-12-31,20260912,44,0,2267,2020-05-29,0.0312374254497365,0.008201789854656435,0.0018424623033225713,0.0015586714255053074,new_round8_fit,725
recent3y,2019-12-31,2020-12-31,20260912,44,0,2272,2020-06-05,-0.010100382492339,0.007474728068784678,0.008201789854656435,0.0015586714255053074,new_round8_fit,725
recent3y,2019-12-31,2020-12-31,20260912,44,0,2277,2020-06-12,0.0287574347785699,0.014453794148392774,0.007474728068784678,0.0015586714255053074,new_round8_fit,725
recent3y,2019-12-31,2020-12-31,20260912,44,0,2282,2020-06-19,0.0898838562932122,0.02140169669730762,0.014453794148392774,0.0015586714255053074,new_round8_fit,725
recent3y,2019-12-31,2020-12-31,20260912,44,0,2290,2020-07-03,0.0619282952028859,0.0030648392351231685,0.02140169669730762,0.0015586714255053074,new_round8_fit,725
recent3y,2019-12-31,2020-12-31,20260912,44,0,2295,2020-07-10,-0.0306112766401609,-0.009334084007299757,0.0030648392351231685,0.0015586714255053074,new_round8_fit,725
recent3y,2019-12-31,2020-12-31,20260912,44,0,2300,2020-07-17,-0.0135277995301487,-0.0006285044444685963,-0.009334084007299757,0.0015586714255053074,new_round8_fit,725
recent3y,2019-12-31,2020-12-31,20260912,44,0,2305,2020-07-24,0.0442975869953978,-0.01463191546156791,-0.0006285044444685963,0.0015586714255053074,new_round8_fit,725
recent3y,2019-12-31,2020-12-31,20260912,44,0,2310,2020-07-31,-0.0114318292193668,-0.007498864264879132,-0.01463191546156791,0.0015586714255053074,new_round8_fit,725
recent3y,2019-12-31,2020-12-31,20260912,44,0,2315,2020-08-07,0.0096886640921363,0.016834581689543812,-0.007498864264879132,0.0015586714255053074,new_round8_fit,725
recent3y,2019-12-31,2020-12-31,20260912,44,0,2320,2020-08-14,0.0040785933083991,0.011930709859412527,0.016834581689543812,0.0015586714255053074,new_round8_fit,725
recent3y,2019-12-31,2020-12-31,20260912,44,0,2325,2020-08-21,0.0262367267824037,0.008625839071767082,0.011930709859412527,0.0015586714255053074,new_round8_fit,725
recent3y,2019-12-31,2020-12-31,20260912,44,0,2330,2020-08-28,-0.0228724288790846,0.010410791240419723,0.008625839071767082,0.0015586714255053074,new_round8_fit,725
recent3y,2019-12-31,2020-12-31,20260912,44,0,2335,2020-09-04,-0.0225800080680405,-0.010556309916608555,0.010410791240419723,0.0015586714255053074,new_round8_fit,725
recent3y,2019-12-31,2020-12-31,20260912,44,0,2340,2020-09-11,0.0212164529615974,-0.019169181842993044,-0.010556309916608555,0.0015586714255053074,new_round8_fit,725
recent3y,2019-12-31,2020-12-31,20260912,44,0,2345,2020-09-18,-0.035383886754723,-0.012886918387169323,-0.019169181842993044,0.0015586714255053074,new_round8_fit,725
recent3y,2019-12-31,2020-12-31,20260912,44,0,2350,2020-09-25,0.0267399866889246,-0.010451367459567356,-0.012886918387169323,0.0015586714255053074,new_round8_fit,725
recent3y,2019-12-31,2020-12-31,20260912,44,0,2354,2020-10-09,0.0251424490828213,0.006649167452188516,-0.010451367459567356,0.0015586714255053074,new_round8_fit,725
recent3y,2019-12-31,2020-12-31,20260912,44,0,2359,2020-10-16,-0.0289085288867603,0.012655594764602237,0.006649167452188516,0.0015586714255053074,new_round8_fit,725
recent3y,2019-12-31,2020-12-31,20260912,44,0,2364,2020-10-23,0.0039922716452642,0.003662534940698456,0.012655594764602237,0.0015586714255053074,new_round8_fit,725
recent3y,2019-12-31,2020-12-31,20260912,44,0,2369,2020-10-30,0.0459539631066927,-0.012819855290188946,0.003662534940698456,0.0015586714255053074,new_round8_fit,725
recent3y,2019-12-31,2020-12-31,20260912,44,0,2374,2020-11-06,-0.0077050373460516,-0.014061084839807846,-0.012819855290188946,0.0015586714255053074,new_round8_fit,725
recent3y,2019-12-31,2020-12-31,20260912,44,0,2379,2020-11-13,0.0150871959614502,-0.0021887914824298554,-0.014061084839807846,0.0015586714255053074,new_round8_fit,725
recent3y,2019-12-31,2020-12-31,20260912,44,0,2384,2020-11-20,0.0079744076212002,-0.004384294274281577,-0.0021887914824298554,0.0015586714255053074,new_round8_fit,725
recent3y,2019-12-31,2020-12-31,20260912,44,0,2389,2020-11-27,0.0143408935726285,-0.01265286541205385,-0.004384294274281577,0.0015586714255053074,new_round8_fit,725
recent3y,2019-12-31,2020-12-31,20260912,44,0,2394,2020-12-04,-0.0319993367194855,-0.014060399126111622,-0.01265286541205385,0.0015586714255053074,new_round8_fit,725
recent3y,2019-12-31,2020-12-31,20260912,44,0,2399,2020-12-11,0.018788122268605,-0.015679300740271608,-0.014060399126111622,0.0015586714255053074,new_round8_fit,725
recent3y,2019-12-31,2020-12-31,20260912,44,0,2404,2020-12-18,0.0094440085192242,0.013570144210801745,-0.015679300740271608,0.0015586714255053074,new_round8_fit,725
