cutoff,seed,row_index,date,actual,predicted_return,training_mean,method,original_prediction,alpha
2017-12-31,20260910,1687,2018-01-05,0.0214907567286908,0.0095185540974115,0.0021140284328226,archived20,0.0095185540974115,1.0
2017-12-31,20260910,1692,2018-01-12,0.0110264218031885,0.0039556178598723,0.0021140284328226,archived20,0.0039556178598723,1.0
2017-12-31,20260910,1697,2018-01-19,0.0258577147560612,-0.00018834873169699994,0.0021140284328226,archived20,-0.000188348731697,1.0
2017-12-31,20260910,1702,2018-01-26,-0.0416224077172412,0.0012100763633018,0.0021140284328226,archived20,0.0012100763633018,1.0
2017-12-31,20260910,1707,2018-02-02,-0.0851928666225865,-0.0010383298538437,0.0021140284328226,archived20,-0.0010383298538437,1.0
2017-12-31,20260910,1712,2018-02-09,0.0642518595938403,0.0016605793445903,0.0021140284328226,archived20,0.0016605793445903,1.0
2017-12-31,20260910,1717,2018-02-23,-0.0175257731958763,0.015132851381032,0.0021140284328226,archived20,0.015132851381032,1.0
2017-12-31,20260910,1722,2018-03-02,0.0271156686542373,0.0050832909332742,0.0021140284328226,archived20,0.0050832909332742,1.0
2017-12-31,20260910,1727,2018-03-09,-0.0184205620825476,0.0065782019694927,0.0021140284328226,archived20,0.0065782019694927,1.0
2017-12-31,20260910,1732,2018-03-16,-0.0473361252102539,0.0009826779720513,0.0021140284328226,archived20,0.0009826779720513,1.0
2017-12-31,20260910,1737,2018-03-23,0.0088849998317235,0.00012163133230809996,0.0021140284328226,archived20,0.0001216313323081,1.0
2017-12-31,20260910,1742,2018-03-30,-0.0088632053805354,0.0011244351528533,0.0021140284328226,archived20,0.0011244351528533,1.0
2017-12-31,20260910,1750,2018-04-13,-0.0279044238531301,-0.0042441885766904,0.0021140284328226,archived20,-0.0042441885766904,1.0
2017-12-31,20260910,1755,2018-04-20,0.0040589236395014,0.0013257061458778,0.0021140284328226,archived20,0.0013257061458778,1.0
2017-12-31,20260910,1760,2018-04-27,0.003344889692912,0.0078983892261821,0.0021140284328226,archived20,0.0078983892261821,1.0
2017-12-31,20260910,1763,2018-05-04,0.0275819951672684,-0.0013234755418164,0.0021140284328226,archived20,-0.0013234755418164,1.0
2017-12-31,20260910,1768,2018-05-11,0.0099488791752746,-0.0033904780458663005,0.0021140284328226,archived20,-0.0033904780458663,1.0
2017-12-31,20260910,1773,2018-05-18,-0.0278382082465087,0.0008743879431995,0.0021140284328226,archived20,0.0008743879431995,1.0
2017-12-31,20260910,1778,2018-05-25,-0.0081414788300587,0.0018104667600115,0.0021140284328226,archived20,0.0018104667600115,1.0
2017-12-31,20260910,1783,2018-06-01,-0.0039575292125362,-0.0021189836170853005,0.0021140284328226,archived20,-0.0021189836170853,1.0
2017-12-31,20260910,1788,2018-06-08,-0.0179141214945586,-0.0014851484894988,0.0021140284328226,archived20,-0.0014851484894988,1.0
2017-12-31,20260910,1793,2018-06-15,-0.0207606943097817,0.0028916462587653,0.0021140284328226,archived20,0.0028916462587653,1.0
2017-12-31,20260910,1797,2018-06-22,-0.0334657179105301,-0.0022017591271979004,0.0021140284328226,archived20,-0.0022017591271979,1.0
2017-12-31,20260910,1802,2018-06-29,-0.0358257762964908,-0.002146143820516,0.0021140284328226,archived20,-0.002146143820516,1.0
2017-12-31,20260910,1807,2018-07-06,0.0325726343702554,-0.004242580886330101,0.0021140284328226,archived20,-0.0042425808863301,1.0
2017-12-31,20260910,1812,2018-07-13,-0.0049040261165902,-0.0023549248790628997,0.0021140284328226,archived20,-0.0023549248790629,1.0
2017-12-31,20260910,1817,2018-07-20,0.014110592016959,-0.0032088426115301004,0.0021140284328226,archived20,-0.0032088426115301,1.0
2017-12-31,20260910,1822,2018-07-27,-0.0590851640938977,-0.0025592243737143,0.0021140284328226,archived20,-0.0025592243737143,1.0
2017-12-31,20260910,1827,2018-08-03,0.0172541822374894,0.000864028634188,0.0021140284328226,archived20,0.000864028634188,1.0
2017-12-31,20260910,1832,2018-08-10,-0.0390981548851923,7.386980730703834e-05,0.0021140284328226,archived20,7.386980730703834e-05,1.0
2017-12-31,20260910,1837,2018-08-17,0.0312424727164923,0.0010231502183554,0.0021140284328226,archived20,0.0010231502183554,1.0
2017-12-31,20260910,1842,2018-08-24,-0.005599825117761,-0.0008291335084217003,0.0021140284328226,archived20,-0.0008291335084217,1.0
2017-12-31,20260910,1847,2018-08-31,-0.0148493234839747,-0.0041478464395962,0.0021140284328226,archived20,-0.0041478464395962,1.0
2017-12-31,20260910,1852,2018-09-07,-0.0141989007697058,4.4295638465719715e-05,0.0021140284328226,archived20,4.429563846571972e-05,1.0
2017-12-31,20260910,1857,2018-09-14,0.0468351251034906,-0.0024912807901689995,0.0021140284328226,archived20,-0.002491280790169,1.0
2017-12-31,20260910,1862,2018-09-21,-0.00426840285903,-0.0014708670389383,0.0021140284328226,archived20,-0.0014708670389383,1.0
2017-12-31,20260910,1866,2018-09-28,-0.055840145646664,-0.0030238875329598003,0.0021140284328226,archived20,-0.0030238875329598,1.0
2017-12-31,20260910,1871,2018-10-12,-0.0045024181987176,-0.0008104460408335,0.0021140284328226,archived20,-0.0008104460408335,1.0
2017-12-31,20260910,1876,2018-10-19,-0.0006551545151857,-1.653107670497719e-05,0.0021140284328226,archived20,-1.653107670497719e-05,1.0
2017-12-31,20260910,1881,2018-10-26,0.0354648787486262,-0.0008434246784621998,0.0021140284328226,archived20,-0.0008434246784622,1.0
2017-12-31,20260910,1886,2018-11-02,-0.0334060260531522,0.0024893838182166,0.0021140284328226,archived20,0.0024893838182166,1.0
2017-12-31,20260910,1891,2018-11-09,0.0311810774464045,-0.0010312443528819998,0.0021140284328226,archived20,-0.001031244352882,1.0
2017-12-31,20260910,1896,2018-11-16,-0.0337916834162372,0.0021235895226312,0.0021140284328226,archived20,0.0021235895226312,1.0
2017-12-31,20260910,1901,2018-11-23,0.0355769261307155,0.0014442555277245,0.0021140284328226,archived20,0.0014442555277245,1.0
2017-12-31,20260910,1906,2018-11-30,-0.0328672765580291,0.0038034180917866,0.0021140284328226,archived20,0.0038034180917866,1.0
2017-12-31,20260910,1911,2018-12-07,0.0015094243892539,0.0069421364135763,0.0021140284328226,archived20,0.0069421364135763,1.0
2017-12-31,20260910,1916,2018-12-14,-0.0452081512722115,0.006243256316474299,0.0021140284328226,archived20,0.0062432563164743,1.0
2017-12-31,20260910,1921,2018-12-21,0.0005206433427293,0.0089064088731617,0.0021140284328226,archived20,0.0089064088731617,1.0
2017-12-31,20260910,1926,2018-12-28,0.0126215169021599,0.0095067104691672,0.0021140284328226,archived20,0.0095067104691672,1.0
2017-12-31,20260911,1687,2018-01-05,0.0214907567286908,0.0102201728789169,0.0021140284328226,archived20,0.0102201728789169,1.0
2017-12-31,20260911,1692,2018-01-12,0.0110264218031885,0.007080060695327999,0.0021140284328226,archived20,0.007080060695328,1.0
2017-12-31,20260911,1697,2018-01-19,0.0258577147560612,0.0013431896128738,0.0021140284328226,archived20,0.0013431896128738,1.0
2017-12-31,20260911,1702,2018-01-26,-0.0416224077172412,0.00027574727379729995,0.0021140284328226,archived20,0.0002757472737973,1.0
2017-12-31,20260911,1707,2018-02-02,-0.0851928666225865,0.0086909960366539,0.0021140284328226,archived20,0.0086909960366539,1.0
2017-12-31,20260911,1712,2018-02-09,0.0642518595938403,0.0026142219245576,0.0021140284328226,archived20,0.0026142219245576,1.0
2017-12-31,20260911,1717,2018-02-23,-0.0175257731958763,0.0043865272529546,0.0021140284328226,archived20,0.0043865272529546,1.0
2017-12-31,20260911,1722,2018-03-02,0.0271156686542373,0.0053370460141212,0.0021140284328226,archived20,0.0053370460141212,1.0
2017-12-31,20260911,1727,2018-03-09,-0.0184205620825476,0.0089431012357612,0.0021140284328226,archived20,0.0089431012357612,1.0
2017-12-31,20260911,1732,2018-03-16,-0.0473361252102539,0.0014569075295431,0.0021140284328226,archived20,0.0014569075295431,1.0
2017-12-31,20260911,1737,2018-03-23,0.0088849998317235,0.0032396430749764,0.0021140284328226,archived20,0.0032396430749764,1.0
2017-12-31,20260911,1742,2018-03-30,-0.0088632053805354,-0.0033491720228014,0.0021140284328226,archived20,-0.0033491720228014,1.0
2017-12-31,20260911,1750,2018-04-13,-0.0279044238531301,-0.0068102064168644,0.0021140284328226,archived20,-0.0068102064168644,1.0
2017-12-31,20260911,1755,2018-04-20,0.0040589236395014,-0.004528731215105001,0.0021140284328226,archived20,-0.004528731215105,1.0
2017-12-31,20260911,1760,2018-04-27,0.003344889692912,0.0034708255469797,0.0021140284328226,archived20,0.0034708255469797,1.0
2017-12-31,20260911,1763,2018-05-04,0.0275819951672684,0.0024220596030155,0.0021140284328226,archived20,0.0024220596030155,1.0
2017-12-31,20260911,1768,2018-05-11,0.0099488791752746,0.0077129048777432995,0.0021140284328226,archived20,0.0077129048777433,1.0
2017-12-31,20260911,1773,2018-05-18,-0.0278382082465087,0.0031976416672929,0.0021140284328226,archived20,0.0031976416672929,1.0
2017-12-31,20260911,1778,2018-05-25,-0.0081414788300587,0.0021311688187399,0.0021140284328226,archived20,0.0021311688187399,1.0
2017-12-31,20260911,1783,2018-06-01,-0.0039575292125362,-0.0048590875063583006,0.0021140284328226,archived20,-0.0048590875063583,1.0
2017-12-31,20260911,1788,2018-06-08,-0.0179141214945586,-0.004021442834274101,0.0021140284328226,archived20,-0.0040214428342741,1.0
2017-12-31,20260911,1793,2018-06-15,-0.0207606943097817,-0.0028206306734417995,0.0021140284328226,archived20,-0.0028206306734418,1.0
2017-12-31,20260911,1797,2018-06-22,-0.0334657179105301,-0.0013364245400199,0.0021140284328226,archived20,-0.0013364245400199,1.0
2017-12-31,20260911,1802,2018-06-29,-0.0358257762964908,-0.0010243896895717002,0.0021140284328226,archived20,-0.0010243896895717,1.0
2017-12-31,20260911,1807,2018-07-06,0.0325726343702554,-0.004633065857368101,0.0021140284328226,archived20,-0.0046330658573681,1.0
2017-12-31,20260911,1812,2018-07-13,-0.0049040261165902,-0.0005690923538477,0.0021140284328226,archived20,-0.0005690923538477,1.0
2017-12-31,20260911,1817,2018-07-20,0.014110592016959,-0.0031754226211479996,0.0021140284328226,archived20,-0.003175422621148,1.0
2017-12-31,20260911,1822,2018-07-27,-0.0590851640938977,0.0037076352665901,0.0021140284328226,archived20,0.0037076352665901,1.0
2017-12-31,20260911,1827,2018-08-03,0.0172541822374894,-0.0017022140794107003,0.0021140284328226,archived20,-0.0017022140794107,1.0
2017-12-31,20260911,1832,2018-08-10,-0.0390981548851923,-0.0008045964601200001,0.0021140284328226,archived20,-0.00080459646012,1.0
2017-12-31,20260911,1837,2018-08-17,0.0312424727164923,-0.00011759666020970004,0.0021140284328226,archived20,-0.0001175966602097,1.0
2017-12-31,20260911,1842,2018-08-24,-0.005599825117761,0.0012126333596973,0.0021140284328226,archived20,0.0012126333596973,1.0
2017-12-31,20260911,1847,2018-08-31,-0.0148493234839747,0.0005099944745803999,0.0021140284328226,archived20,0.0005099944745804,1.0
2017-12-31,20260911,1852,2018-09-07,-0.0141989007697058,-0.0017779319216181997,0.0021140284328226,archived20,-0.0017779319216182,1.0
2017-12-31,20260911,1857,2018-09-14,0.0468351251034906,-0.0020654451865738,0.0021140284328226,archived20,-0.0020654451865738,1.0
2017-12-31,20260911,1862,2018-09-21,-0.00426840285903,-0.0015549261831102998,0.0021140284328226,archived20,-0.0015549261831103,1.0
2017-12-31,20260911,1866,2018-09-28,-0.055840145646664,-0.004453439262841901,0.0021140284328226,archived20,-0.0044534392628419,1.0
2017-12-31,20260911,1871,2018-10-12,-0.0045024181987176,-0.0020430978929496,0.0021140284328226,archived20,-0.0020430978929496,1.0
2017-12-31,20260911,1876,2018-10-19,-0.0006551545151857,0.007384922790391199,0.0021140284328226,archived20,0.0073849227903912,1.0
2017-12-31,20260911,1881,2018-10-26,0.0354648787486262,0.0015511467245886,0.0021140284328226,archived20,0.0015511467245886,1.0
2017-12-31,20260911,1886,2018-11-02,-0.0334060260531522,0.0027811051762424,0.0021140284328226,archived20,0.0027811051762424,1.0
2017-12-31,20260911,1891,2018-11-09,0.0311810774464045,0.00028666821412799996,0.0021140284328226,archived20,0.000286668214128,1.0
2017-12-31,20260911,1896,2018-11-16,-0.0337916834162372,0.0082973120312934,0.0021140284328226,archived20,0.0082973120312934,1.0
2017-12-31,20260911,1901,2018-11-23,0.0355769261307155,0.0065646128109891,0.0021140284328226,archived20,0.0065646128109891,1.0
2017-12-31,20260911,1906,2018-11-30,-0.0328672765580291,0.0022306323447648,0.0021140284328226,archived20,0.0022306323447648,1.0
2017-12-31,20260911,1911,2018-12-07,0.0015094243892539,0.0083230381696212,0.0021140284328226,archived20,0.0083230381696212,1.0
2017-12-31,20260911,1916,2018-12-14,-0.0452081512722115,-0.0019712757950669005,0.0021140284328226,archived20,-0.0019712757950669,1.0
2017-12-31,20260911,1921,2018-12-21,0.0005206433427293,0.0036497484732395,0.0021140284328226,archived20,0.0036497484732395,1.0
2017-12-31,20260911,1926,2018-12-28,0.0126215169021599,0.0020831888263348,0.0021140284328226,archived20,0.0020831888263348,1.0
2017-12-31,20260912,1687,2018-01-05,0.0214907567286908,0.0150921470821415,0.0021140284328226,archived20,0.0150921470821415,1.0
2017-12-31,20260912,1692,2018-01-12,0.0110264218031885,0.0134684080930184,0.0021140284328226,archived20,0.0134684080930184,1.0
2017-12-31,20260912,1697,2018-01-19,0.0258577147560612,0.0108789724910303,0.0021140284328226,archived20,0.0108789724910303,1.0
2017-12-31,20260912,1702,2018-01-26,-0.0416224077172412,-0.0019971181253608003,0.0021140284328226,archived20,-0.0019971181253608,1.0
2017-12-31,20260912,1707,2018-02-02,-0.0851928666225865,0.0040673322382661,0.0021140284328226,archived20,0.0040673322382661,1.0
2017-12-31,20260912,1712,2018-02-09,0.0642518595938403,0.008587306414431,0.0021140284328226,archived20,0.008587306414431,1.0
2017-12-31,20260912,1717,2018-02-23,-0.0175257731958763,0.0164469754493439,0.0021140284328226,archived20,0.0164469754493439,1.0
2017-12-31,20260912,1722,2018-03-02,0.0271156686542373,0.0180774367843102,0.0021140284328226,archived20,0.0180774367843102,1.0
2017-12-31,20260912,1727,2018-03-09,-0.0184205620825476,0.0100529094630234,0.0021140284328226,archived20,0.0100529094630234,1.0
2017-12-31,20260912,1732,2018-03-16,-0.0473361252102539,-0.00034953415909559984,0.0021140284328226,archived20,-0.0003495341590956,1.0
2017-12-31,20260912,1737,2018-03-23,0.0088849998317235,-0.0110440331359189,0.0021140284328226,archived20,-0.0110440331359189,1.0
2017-12-31,20260912,1742,2018-03-30,-0.0088632053805354,-0.0100228877729167,0.0021140284328226,archived20,-0.0100228877729167,1.0
2017-12-31,20260912,1750,2018-04-13,-0.0279044238531301,0.0059785688086384,0.0021140284328226,archived20,0.0059785688086384,1.0
2017-12-31,20260912,1755,2018-04-20,0.0040589236395014,0.0061828510733024,0.0021140284328226,archived20,0.0061828510733024,1.0
2017-12-31,20260912,1760,2018-04-27,0.003344889692912,0.008525291271926,0.0021140284328226,archived20,0.008525291271926,1.0
2017-12-31,20260912,1763,2018-05-04,0.0275819951672684,0.0124027404426415,0.0021140284328226,archived20,0.0124027404426415,1.0
2017-12-31,20260912,1768,2018-05-11,0.0099488791752746,0.0116316357728235,0.0021140284328226,archived20,0.0116316357728235,1.0
2017-12-31,20260912,1773,2018-05-18,-0.0278382082465087,0.0041238954151508,0.0021140284328226,archived20,0.0041238954151508,1.0
2017-12-31,20260912,1778,2018-05-25,-0.0081414788300587,0.0035018525571923,0.0021140284328226,archived20,0.0035018525571923,1.0
2017-12-31,20260912,1783,2018-06-01,-0.0039575292125362,0.005906156031445,0.0021140284328226,archived20,0.005906156031445,1.0
2017-12-31,20260912,1788,2018-06-08,-0.0179141214945586,-0.0089120104028482,0.0021140284328226,archived20,-0.0089120104028482,1.0
2017-12-31,20260912,1793,2018-06-15,-0.0207606943097817,-0.004385549136436901,0.0021140284328226,archived20,-0.0043855491364369,1.0
2017-12-31,20260912,1797,2018-06-22,-0.0334657179105301,-0.0021771820964896003,0.0021140284328226,archived20,-0.0021771820964896,1.0
2017-12-31,20260912,1802,2018-06-29,-0.0358257762964908,0.003904048065867,0.0021140284328226,archived20,0.003904048065867,1.0
2017-12-31,20260912,1807,2018-07-06,0.0325726343702554,0.0100988313555264,0.0021140284328226,archived20,0.0100988313555264,1.0
2017-12-31,20260912,1812,2018-07-13,-0.0049040261165902,0.006147876849700199,0.0021140284328226,archived20,0.0061478768497002,1.0
2017-12-31,20260912,1817,2018-07-20,0.014110592016959,0.007696632700949299,0.0021140284328226,archived20,0.0076966327009493,1.0
2017-12-31,20260912,1822,2018-07-27,-0.0590851640938977,0.013186730492248,0.0021140284328226,archived20,0.013186730492248,1.0
2017-12-31,20260912,1827,2018-08-03,0.0172541822374894,0.0136771409959596,0.0021140284328226,archived20,0.0136771409959596,1.0
2017-12-31,20260912,1832,2018-08-10,-0.0390981548851923,0.0050064966586504,0.0021140284328226,archived20,0.0050064966586504,1.0
2017-12-31,20260912,1837,2018-08-17,0.0312424727164923,-0.005105244383670601,0.0021140284328226,archived20,-0.0051052443836706,1.0
2017-12-31,20260912,1842,2018-08-24,-0.005599825117761,-0.0050366478277832,0.0021140284328226,archived20,-0.0050366478277832,1.0
2017-12-31,20260912,1847,2018-08-31,-0.0148493234839747,0.0014818324734579,0.0021140284328226,archived20,0.0014818324734579,1.0
2017-12-31,20260912,1852,2018-09-07,-0.0141989007697058,0.0103689127329995,0.0021140284328226,archived20,0.0103689127329995,1.0
2017-12-31,20260912,1857,2018-09-14,0.0468351251034906,0.0116047879181382,0.0021140284328226,archived20,0.0116047879181382,1.0
2017-12-31,20260912,1862,2018-09-21,-0.00426840285903,0.0009987239500366,0.0021140284328226,archived20,0.0009987239500366,1.0
2017-12-31,20260912,1866,2018-09-28,-0.055840145646664,0.003107194505302,0.0021140284328226,archived20,0.003107194505302,1.0
2017-12-31,20260912,1871,2018-10-12,-0.0045024181987176,1.0972401089610027e-05,0.0021140284328226,archived20,1.0972401089610027e-05,1.0
2017-12-31,20260912,1876,2018-10-19,-0.0006551545151857,0.0090567524414537,0.0021140284328226,archived20,0.0090567524414537,1.0
2017-12-31,20260912,1881,2018-10-26,0.0354648787486262,0.0010648107815451,0.0021140284328226,archived20,0.0010648107815451,1.0
2017-12-31,20260912,1886,2018-11-02,-0.0334060260531522,-0.0020817253156696996,0.0021140284328226,archived20,-0.0020817253156697,1.0
2017-12-31,20260912,1891,2018-11-09,0.0311810774464045,0.0045687551337797,0.0021140284328226,archived20,0.0045687551337797,1.0
2017-12-31,20260912,1896,2018-11-16,-0.0337916834162372,0.0115892844638578,0.0021140284328226,archived20,0.0115892844638578,1.0
2017-12-31,20260912,1901,2018-11-23,0.0355769261307155,0.0104728175091674,0.0021140284328226,archived20,0.0104728175091674,1.0
2017-12-31,20260912,1906,2018-11-30,-0.0328672765580291,-0.0024221903079769,0.0021140284328226,archived20,-0.0024221903079769,1.0
2017-12-31,20260912,1911,2018-12-07,0.0015094243892539,-0.006311819754382201,0.0021140284328226,archived20,-0.0063118197543822,1.0
2017-12-31,20260912,1916,2018-12-14,-0.0452081512722115,-0.005899704964066001,0.0021140284328226,archived20,-0.005899704964066,1.0
2017-12-31,20260912,1921,2018-12-21,0.0005206433427293,0.0029940823441824,0.0021140284328226,archived20,0.0029940823441824,1.0
2017-12-31,20260912,1926,2018-12-28,0.0126215169021599,0.0036296876872987,0.0021140284328226,archived20,0.0036296876872987,1.0
2018-12-31,20260910,1929,2019-01-04,0.0122252589889202,0.0091845933580653,0.0011463872665226,archived20,0.0091845933580653,1.0
2018-12-31,20260910,1934,2019-01-11,0.0253451899757477,0.0085606041028919,0.0011463872665226,archived20,0.0085606041028919,1.0
2018-12-31,20260910,1939,2019-01-18,0.0101675244727015,0.0145622562518791,0.0011463872665226,archived20,0.0145622562518791,1.0
2018-12-31,20260910,1944,2019-01-25,0.011454456904518,0.009955150363148,0.0011463872665226,archived20,0.009955150363148,1.0
2018-12-31,20260910,1949,2019-02-01,0.0390794521900976,0.0178833600676522,0.0011463872665226,archived20,0.0178833600676522,1.0
2018-12-31,20260910,1954,2019-02-15,0.0622114887625429,0.0174916926827064,0.0011463872665226,archived20,0.0174916926827064,1.0
2018-12-31,20260910,1959,2019-02-22,0.057941468462044,0.0165855731415909,0.0011463872665226,archived20,0.0165855731415909,1.0
2018-12-31,20260910,1964,2019-03-01,-0.0314720436474369,-0.009849356780988,0.0011463872665226,archived20,-0.009849356780988,1.0
2018-12-31,20260910,1969,2019-03-08,0.0244706575909257,0.0135693020688835,0.0011463872665226,archived20,0.0135693020688835,1.0
2018-12-31,20260910,1974,2019-03-15,0.0060741040696496,-0.0030786144283012,0.0011463872665226,archived20,-0.0030786144283012,1.0
2018-12-31,20260910,1979,2019-03-22,0.0330284606666595,-0.004363061205071701,0.0011463872665226,archived20,-0.0043630612050717,1.0
2018-12-31,20260910,1984,2019-03-29,0.0398136969165658,-0.0011280387191561002,0.0011463872665226,archived20,-0.0011280387191561,1.0
2018-12-31,20260910,1993,2019-04-12,0.0171281082906651,-0.0045853216585118005,0.0011463872665226,archived20,-0.0045853216585118,1.0
2018-12-31,20260910,1998,2019-04-19,-0.0555966233394814,-0.006190683781627501,0.0011463872665226,archived20,-0.0061906837816275,1.0
2018-12-31,20260910,2003,2019-04-26,-0.0566702082338871,-0.004670627552645601,0.0011463872665226,archived20,-0.0046706275526456,1.0
2018-12-31,20260910,2010,2019-05-10,-0.010887544344571,-0.004317706290389101,0.0011463872665226,archived20,-0.0043177062903891,1.0
2018-12-31,20260910,2015,2019-05-17,-0.011865534939242,-0.0022613587149309,0.0011463872665226,archived20,-0.0022613587149309,1.0
2018-12-31,20260910,2020,2019-05-24,0.013363580693648,0.0037352605132923,0.0011463872665226,archived20,0.0037352605132923,1.0
2018-12-31,20260910,2025,2019-05-31,0.0037988139350273,0.0066516455091281,0.0011463872665226,archived20,0.0066516455091281,1.0
2018-12-31,20260910,2034,2019-06-14,0.0497668589441884,0.0230141012184068,0.0011463872665226,archived20,0.0230141012184068,1.0
2018-12-31,20260910,2039,2019-06-21,0.0164272438880068,0.0144808197930681,0.0011463872665226,archived20,0.0144808197930681,1.0
2018-12-31,20260910,2044,2019-06-28,-0.0060471927228523,0.002865810896136,0.0011463872665226,archived20,0.002865810896136,1.0
2018-12-31,20260910,2049,2019-07-05,-0.0214435915629233,0.0010806640281466,0.0011463872665226,archived20,0.0010806640281466,1.0
2018-12-31,20260910,2054,2019-07-12,0.005500126560918,-0.0161747857558212,0.0011463872665226,archived20,-0.0161747857558212,1.0
2018-12-31,20260910,2059,2019-07-19,0.011653336829684,-0.0193083230637494,0.0011463872665226,archived20,-0.0193083230637494,1.0
2018-12-31,20260910,2064,2019-07-26,-0.0346117357968243,-0.0190480934720029,0.0011463872665226,archived20,-0.0190480934720029,1.0
2018-12-31,20260910,2069,2019-08-02,-0.0205509060495487,-0.0200065541501352,0.0011463872665226,archived20,-0.0200065541501352,1.0
2018-12-31,20260910,2074,2019-08-09,0.024167527899843,-0.0119730798757844,0.0011463872665226,archived20,-0.0119730798757844,1.0
2018-12-31,20260910,2079,2019-08-16,0.0054416051262971,-0.005129910720323601,0.0011463872665226,archived20,-0.0051299107203236,1.0
2018-12-31,20260910,2084,2019-08-23,0.0125999637947373,-0.015014123299090501,0.0011463872665226,archived20,-0.0150141232990905,1.0
2018-12-31,20260910,2089,2019-08-30,0.0466047443403643,-0.0173879504101127,0.0011463872665226,archived20,-0.0173879504101127,1.0
2018-12-31,20260910,2094,2019-09-06,-0.0140091837144809,-0.0172208810688655,0.0011463872665226,archived20,-0.0172208810688655,1.0
2018-12-31,20260910,2103,2019-09-20,-0.021176044981262,-0.0188253927569108,0.0011463872665226,archived20,-0.0188253927569108,1.0
2018-12-31,20260910,2108,2019-09-27,0.0267538071924768,-0.0186071539498572,0.0011463872665226,archived20,-0.0186071539498572,1.0
2018-12-31,20260910,2113,2019-10-11,-0.0201578763251421,-0.0087879315129756,0.0011463872665226,archived20,-0.0087879315129756,1.0
2018-12-31,20260910,2118,2019-10-18,0.0102552427470803,0.0008572865490379,0.0011463872665226,archived20,0.0008572865490379,1.0
2018-12-31,20260910,2123,2019-10-25,0.0151165947072713,-0.0082237629756879,0.0011463872665226,archived20,-0.0082237629756879,1.0
2018-12-31,20260910,2128,2019-11-01,-0.0038824321835717,-0.0074309689961528005,0.0011463872665226,archived20,-0.0074309689961528,1.0
2018-12-31,20260910,2133,2019-11-08,-0.0187863101539271,-0.0121408704496875,0.0011463872665226,archived20,-0.0121408704496875,1.0
2018-12-31,20260910,2138,2019-11-15,-0.0060576496216228,-0.0126542677477887,0.0011463872665226,archived20,-0.0126542677477887,1.0
2018-12-31,20260910,2143,2019-11-22,-0.0040145729517496,-0.0177358093270829,0.0011463872665226,archived20,-0.0177358093270829,1.0
2018-12-31,20260910,2148,2019-11-29,0.0192986069649145,-0.0196204654776595,0.0011463872665226,archived20,-0.0196204654776595,1.0
2018-12-31,20260910,2153,2019-12-06,0.0156489398981463,-0.0015361634828781998,0.0011463872665226,archived20,-0.0015361634828782,1.0
2018-12-31,20260910,2158,2019-12-13,0.0110761047772312,0.001756182065687,0.0011463872665226,archived20,0.001756182065687,1.0
2018-12-31,20260910,2163,2019-12-20,0.0002067407446153,0.0015095107352696,0.0011463872665226,archived20,0.0015095107352696,1.0
2018-12-31,20260910,2168,2019-12-27,0.0261485436506356,-0.0121734462721392,0.0011463872665226,archived20,-0.0121734462721392,1.0
2018-12-31,20260911,1929,2019-01-04,0.0122252589889202,0.0033709178903414,0.0011463872665226,archived20,0.0033709178903414,1.0
2018-12-31,20260911,1934,2019-01-11,0.0253451899757477,0.0139456288794847,0.0011463872665226,archived20,0.0139456288794847,1.0
2018-12-31,20260911,1939,2019-01-18,0.0101675244727015,0.0104395903913499,0.0011463872665226,archived20,0.0104395903913499,1.0
2018-12-31,20260911,1944,2019-01-25,0.011454456904518,0.0190922858208125,0.0011463872665226,archived20,0.0190922858208125,1.0
2018-12-31,20260911,1949,2019-02-01,0.0390794521900976,0.0042344968727916,0.0011463872665226,archived20,0.0042344968727916,1.0
2018-12-31,20260911,1954,2019-02-15,0.0622114887625429,0.000948797035146,0.0011463872665226,archived20,0.000948797035146,1.0
2018-12-31,20260911,1959,2019-02-22,0.057941468462044,0.0044204231294367,0.0011463872665226,archived20,0.0044204231294367,1.0
2018-12-31,20260911,1964,2019-03-01,-0.0314720436474369,-0.0077245089172277,0.0011463872665226,archived20,-0.0077245089172277,1.0
2018-12-31,20260911,1969,2019-03-08,0.0244706575909257,-0.0042466759356287,0.0011463872665226,archived20,-0.0042466759356287,1.0
2018-12-31,20260911,1974,2019-03-15,0.0060741040696496,0.0027148353306374,0.0011463872665226,archived20,0.0027148353306374,1.0
2018-12-31,20260911,1979,2019-03-22,0.0330284606666595,0.0069611308665357,0.0011463872665226,archived20,0.0069611308665357,1.0
2018-12-31,20260911,1984,2019-03-29,0.0398136969165658,0.0050293587546688,0.0011463872665226,archived20,0.0050293587546688,1.0
2018-12-31,20260911,1993,2019-04-12,0.0171281082906651,0.0035040386334835,0.0011463872665226,archived20,0.0035040386334835,1.0
2018-12-31,20260911,1998,2019-04-19,-0.0555966233394814,0.0034070790797938,0.0011463872665226,archived20,0.0034070790797938,1.0
2018-12-31,20260911,2003,2019-04-26,-0.0566702082338871,-0.0007038972807836999,0.0011463872665226,archived20,-0.0007038972807837,1.0
2018-12-31,20260911,2010,2019-05-10,-0.010887544344571,0.005696461351128999,0.0011463872665226,archived20,0.005696461351129,1.0
2018-12-31,20260911,2015,2019-05-17,-0.011865534939242,0.0088120373110801,0.0011463872665226,archived20,0.0088120373110801,1.0
2018-12-31,20260911,2020,2019-05-24,0.013363580693648,0.011879901739707,0.0011463872665226,archived20,0.011879901739707,1.0
2018-12-31,20260911,2025,2019-05-31,0.0037988139350273,0.0059570334177687,0.0011463872665226,archived20,0.0059570334177687,1.0
2018-12-31,20260911,2034,2019-06-14,0.0497668589441884,-0.0006861457761114,0.0011463872665226,archived20,-0.0006861457761114,1.0
2018-12-31,20260911,2039,2019-06-21,0.0164272438880068,-0.0081194461851964,0.0011463872665226,archived20,-0.0081194461851964,1.0
2018-12-31,20260911,2044,2019-06-28,-0.0060471927228523,-0.008497686253469,0.0011463872665226,archived20,-0.008497686253469,1.0
2018-12-31,20260911,2049,2019-07-05,-0.0214435915629233,0.00017664482824989998,0.0011463872665226,archived20,0.0001766448282499,1.0
2018-12-31,20260911,2054,2019-07-12,0.005500126560918,-0.0087638901294613,0.0011463872665226,archived20,-0.0087638901294613,1.0
2018-12-31,20260911,2059,2019-07-19,0.011653336829684,0.0003965922487396999,0.0011463872665226,archived20,0.0003965922487397,1.0
2018-12-31,20260911,2064,2019-07-26,-0.0346117357968243,0.0073834559490476,0.0011463872665226,archived20,0.0073834559490476,1.0
2018-12-31,20260911,2069,2019-08-02,-0.0205509060495487,0.006735628405935999,0.0011463872665226,archived20,0.006735628405936,1.0
2018-12-31,20260911,2074,2019-08-09,0.024167527899843,-0.0059171180228562,0.0011463872665226,archived20,-0.0059171180228562,1.0
2018-12-31,20260911,2079,2019-08-16,0.0054416051262971,-0.008448411461425,0.0011463872665226,archived20,-0.008448411461425,1.0
2018-12-31,20260911,2084,2019-08-23,0.0125999637947373,-0.0206082834222071,0.0011463872665226,archived20,-0.0206082834222071,1.0
2018-12-31,20260911,2089,2019-08-30,0.0466047443403643,-0.0011556349389636,0.0011463872665226,archived20,-0.0011556349389636,1.0
2018-12-31,20260911,2094,2019-09-06,-0.0140091837144809,-0.0157306409518597,0.0011463872665226,archived20,-0.0157306409518597,1.0
2018-12-31,20260911,2103,2019-09-20,-0.021176044981262,-0.0065850153026601,0.0011463872665226,archived20,-0.0065850153026601,1.0
2018-12-31,20260911,2108,2019-09-27,0.0267538071924768,-0.0218277081989627,0.0011463872665226,archived20,-0.0218277081989627,1.0
2018-12-31,20260911,2113,2019-10-11,-0.0201578763251421,-0.0097708017130086,0.0011463872665226,archived20,-0.0097708017130086,1.0
2018-12-31,20260911,2118,2019-10-18,0.0102552427470803,0.00031564206887890007,0.0011463872665226,archived20,0.0003156420688789,1.0
2018-12-31,20260911,2123,2019-10-25,0.0151165947072713,-0.0029819816416767997,0.0011463872665226,archived20,-0.0029819816416768,1.0
2018-12-31,20260911,2128,2019-11-01,-0.0038824321835717,0.0076688277996752995,0.0011463872665226,archived20,0.0076688277996753,1.0
2018-12-31,20260911,2133,2019-11-08,-0.0187863101539271,-0.0103156102419354,0.0011463872665226,archived20,-0.0103156102419354,1.0
2018-12-31,20260911,2138,2019-11-15,-0.0060576496216228,-0.0072169567009578005,0.0011463872665226,archived20,-0.0072169567009578,1.0
2018-12-31,20260911,2143,2019-11-22,-0.0040145729517496,-0.0038308521239229,0.0011463872665226,archived20,-0.0038308521239229,1.0
2018-12-31,20260911,2148,2019-11-29,0.0192986069649145,0.006409463105318999,0.0011463872665226,archived20,0.006409463105319,1.0
2018-12-31,20260911,2153,2019-12-06,0.0156489398981463,-0.0012525139623813003,0.0011463872665226,archived20,-0.0012525139623813,1.0
2018-12-31,20260911,2158,2019-12-13,0.0110761047772312,-0.0020160276659809,0.0011463872665226,archived20,-0.0020160276659809,1.0
2018-12-31,20260911,2163,2019-12-20,0.0002067407446153,-0.0025071019284325,0.0011463872665226,archived20,-0.0025071019284325,1.0
2018-12-31,20260911,2168,2019-12-27,0.0261485436506356,-0.015530377209478,0.0011463872665226,archived20,-0.015530377209478,1.0
2018-12-31,20260912,1929,2019-01-04,0.0122252589889202,0.005366812010062399,0.0011463872665226,archived20,0.0053668120100624,1.0
2018-12-31,20260912,1934,2019-01-11,0.0253451899757477,-0.006915739855600301,0.0011463872665226,archived20,-0.0069157398556003,1.0
2018-12-31,20260912,1939,2019-01-18,0.0101675244727015,0.0031818735192629,0.0011463872665226,archived20,0.0031818735192629,1.0
2018-12-31,20260912,1944,2019-01-25,0.011454456904518,0.0040930706710186,0.0011463872665226,archived20,0.0040930706710186,1.0
2018-12-31,20260912,1949,2019-02-01,0.0390794521900976,0.0101868970171469,0.0011463872665226,archived20,0.0101868970171469,1.0
2018-12-31,20260912,1954,2019-02-15,0.0622114887625429,0.0112914475732448,0.0011463872665226,archived20,0.0112914475732448,1.0
2018-12-31,20260912,1959,2019-02-22,0.057941468462044,0.0039102921745664,0.0011463872665226,archived20,0.0039102921745664,1.0
2018-12-31,20260912,1964,2019-03-01,-0.0314720436474369,-0.007262060732869901,0.0011463872665226,archived20,-0.0072620607328699,1.0
2018-12-31,20260912,1969,2019-03-08,0.0244706575909257,-0.0018423557273765999,0.0011463872665226,archived20,-0.0018423557273766,1.0
2018-12-31,20260912,1974,2019-03-15,0.0060741040696496,-0.0059498009240212,0.0011463872665226,archived20,-0.0059498009240212,1.0
2018-12-31,20260912,1979,2019-03-22,0.0330284606666595,-0.0037339193399115,0.0011463872665226,archived20,-0.0037339193399115,1.0
2018-12-31,20260912,1984,2019-03-29,0.0398136969165658,0.0014119569389682,0.0011463872665226,archived20,0.0014119569389682,1.0
2018-12-31,20260912,1993,2019-04-12,0.0171281082906651,0.0032663159253428,0.0011463872665226,archived20,0.0032663159253428,1.0
2018-12-31,20260912,1998,2019-04-19,-0.0555966233394814,0.0079443851340199,0.0011463872665226,archived20,0.0079443851340199,1.0
2018-12-31,20260912,2003,2019-04-26,-0.0566702082338871,-0.012410186687951,0.0011463872665226,archived20,-0.012410186687951,1.0
2018-12-31,20260912,2010,2019-05-10,-0.010887544344571,-0.0097827502815002,0.0011463872665226,archived20,-0.0097827502815002,1.0
2018-12-31,20260912,2015,2019-05-17,-0.011865534939242,0.0084610859431697,0.0011463872665226,archived20,0.0084610859431697,1.0
2018-12-31,20260912,2020,2019-05-24,0.013363580693648,0.0115708159363413,0.0011463872665226,archived20,0.0115708159363413,1.0
2018-12-31,20260912,2025,2019-05-31,0.0037988139350273,0.0174473921836184,0.0011463872665226,archived20,0.0174473921836184,1.0
2018-12-31,20260912,2034,2019-06-14,0.0497668589441884,0.0140412298166897,0.0011463872665226,archived20,0.0140412298166897,1.0
2018-12-31,20260912,2039,2019-06-21,0.0164272438880068,0.0079921254261554,0.0011463872665226,archived20,0.0079921254261554,1.0
2018-12-31,20260912,2044,2019-06-28,-0.0060471927228523,0.0090764420876988,0.0011463872665226,archived20,0.0090764420876988,1.0
2018-12-31,20260912,2049,2019-07-05,-0.0214435915629233,0.0171887873564808,0.0011463872665226,archived20,0.0171887873564808,1.0
2018-12-31,20260912,2054,2019-07-12,0.005500126560918,0.0032201539380439,0.0011463872665226,archived20,0.0032201539380439,1.0
2018-12-31,20260912,2059,2019-07-19,0.011653336829684,-0.0081379212455133,0.0011463872665226,archived20,-0.0081379212455133,1.0
2018-12-31,20260912,2064,2019-07-26,-0.0346117357968243,-0.0083156887236657,0.0011463872665226,archived20,-0.0083156887236657,1.0
2018-12-31,20260912,2069,2019-08-02,-0.0205509060495487,-0.0109571860695894,0.0011463872665226,archived20,-0.0109571860695894,1.0
2018-12-31,20260912,2074,2019-08-09,0.024167527899843,-0.0060265865383864,0.0011463872665226,archived20,-0.0060265865383864,1.0
2018-12-31,20260912,2079,2019-08-16,0.0054416051262971,-0.0032460457132985,0.0011463872665226,archived20,-0.0032460457132985,1.0
2018-12-31,20260912,2084,2019-08-23,0.0125999637947373,-0.006645705039525,0.0011463872665226,archived20,-0.006645705039525,1.0
2018-12-31,20260912,2089,2019-08-30,0.0466047443403643,-0.0004040757772547001,0.0011463872665226,archived20,-0.0004040757772547,1.0
2018-12-31,20260912,2094,2019-09-06,-0.0140091837144809,-0.0039156708541585004,0.0011463872665226,archived20,-0.0039156708541585,1.0
2018-12-31,20260912,2103,2019-09-20,-0.021176044981262,-0.0111351110684936,0.0011463872665226,archived20,-0.0111351110684936,1.0
2018-12-31,20260912,2108,2019-09-27,0.0267538071924768,0.0024200048234588,0.0011463872665226,archived20,0.0024200048234588,1.0
2018-12-31,20260912,2113,2019-10-11,-0.0201578763251421,0.0110011633760243,0.0011463872665226,archived20,0.0110011633760243,1.0
2018-12-31,20260912,2118,2019-10-18,0.0102552427470803,0.0013819913813911,0.0011463872665226,archived20,0.0013819913813911,1.0
2018-12-31,20260912,2123,2019-10-25,0.0151165947072713,0.0025425188005812,0.0011463872665226,archived20,0.0025425188005812,1.0
2018-12-31,20260912,2128,2019-11-01,-0.0038824321835717,0.0016577271710397,0.0011463872665226,archived20,0.0016577271710397,1.0
2018-12-31,20260912,2133,2019-11-08,-0.0187863101539271,0.006629970919157799,0.0011463872665226,archived20,0.0066299709191578,1.0
2018-12-31,20260912,2138,2019-11-15,-0.0060576496216228,-0.0120134954529588,0.0011463872665226,archived20,-0.0120134954529588,1.0
2018-12-31,20260912,2143,2019-11-22,-0.0040145729517496,-0.0135911162247878,0.0011463872665226,archived20,-0.0135911162247878,1.0
2018-12-31,20260912,2148,2019-11-29,0.0192986069649145,0.0047331889892438,0.0011463872665226,archived20,0.0047331889892438,1.0
2018-12-31,20260912,2153,2019-12-06,0.0156489398981463,-0.0093299940481215,0.0011463872665226,archived20,-0.0093299940481215,1.0
2018-12-31,20260912,2158,2019-12-13,0.0110761047772312,-0.0109929397404674,0.0011463872665226,archived20,-0.0109929397404674,1.0
2018-12-31,20260912,2163,2019-12-20,0.0002067407446153,-0.010203389095514,0.0011463872665226,archived20,-0.010203389095514,1.0
2018-12-31,20260912,2168,2019-12-27,0.0261485436506356,0.005080662290103899,0.0011463872665226,archived20,0.0050806622901039,1.0
2019-12-31,20260910,2172,2020-01-03,0.0112631415452417,-0.0026866802952702,0.0017267351812499,archived20,-0.0026866802952702,1.0
2019-12-31,20260910,2177,2020-01-10,0.000914342213572,0.017531389953286,0.0017267351812499,archived20,0.017531389953286,1.0
2019-12-31,20260910,2182,2020-01-17,-0.0715388636069378,0.0065024707337252,0.0017267351812499,archived20,0.0065024707337252,1.0
2019-12-31,20260910,2191,2020-02-07,0.0328687599583719,0.0082003295612209,0.0017267351812499,archived20,0.0082003295612209,1.0
2019-12-31,20260910,2196,2020-02-14,0.0330503919092921,-0.0033497638269489004,0.0017267351812499,archived20,-0.0033497638269489,1.0
2019-12-31,20260910,2201,2020-02-21,-0.0394497366790582,-0.0035195021062169006,0.0017267351812499,archived20,-0.0035195021062169,1.0
2019-12-31,20260910,2206,2020-02-28,0.0237449733423367,0.0125831728775132,0.0017267351812499,archived20,0.0125831728775132,1.0
2019-12-31,20260910,2211,2020-03-06,-0.040171495515717,0.0100236958689213,0.0017267351812499,archived20,0.0100236958689213,1.0
2019-12-31,20260910,2216,2020-03-13,-0.0915879031554979,0.0066460556690172,0.0017267351812499,archived20,0.0066460556690172,1.0
2019-12-31,20260910,2221,2020-03-20,0.0323992006051916,0.0023940886858846,0.0017267351812499,archived20,0.0023940886858846,1.0
2019-12-31,20260910,2226,2020-03-27,0.0334795185729988,0.0121592636544788,0.0017267351812499,archived20,0.0121592636544788,1.0
2019-12-31,20260910,2231,2020-04-03,-0.0074604950911528,0.013169994137262,0.0017267351812499,archived20,0.013169994137262,1.0
2019-12-31,20260910,2235,2020-04-10,0.0249886051960306,0.0137002608785347,0.0017267351812499,archived20,0.0137002608785347,1.0
2019-12-31,20260910,2240,2020-04-17,-0.009736156402615,0.0099403031844539,0.0017267351812499,archived20,0.0099403031844539,1.0
2019-12-31,20260910,2245,2020-04-24,0.0437865347345864,0.0172393674286264,0.0017267351812499,archived20,0.0172393674286264,1.0
2019-12-31,20260910,2252,2020-05-08,-0.0151204097857481,0.012545367010028,0.0017267351812499,archived20,0.012545367010028,1.0
2019-12-31,20260910,2257,2020-05-15,-0.022055555271722,0.0088718120525078,0.0017267351812499,archived20,0.0088718120525078,1.0
2019-12-31,20260910,2262,2020-05-22,0.0191755130187654,0.0068848299853418,0.0017267351812499,archived20,0.0068848299853418,1.0
2019-12-31,20260910,2267,2020-05-29,0.0312374254497365,0.0040871861212887,0.0017267351812499,archived20,0.0040871861212887,1.0
2019-12-31,20260910,2272,2020-06-05,-0.010100382492339,-0.0005689297500164,0.0017267351812499,archived20,-0.0005689297500164,1.0
2019-12-31,20260910,2277,2020-06-12,0.0287574347785699,-0.0120026935037332,0.0017267351812499,archived20,-0.0120026935037332,1.0
2019-12-31,20260910,2282,2020-06-19,0.0898838562932122,0.0100726681154043,0.0017267351812499,archived20,0.0100726681154043,1.0
2019-12-31,20260910,2290,2020-07-03,0.0619282952028859,-0.0028010350225892,0.0017267351812499,archived20,-0.0028010350225892,1.0
2019-12-31,20260910,2295,2020-07-10,-0.0306112766401609,-0.0070575409845016,0.0017267351812499,archived20,-0.0070575409845016,1.0
2019-12-31,20260910,2300,2020-07-17,-0.0135277995301487,-0.0096642337897861,0.0017267351812499,archived20,-0.0096642337897861,1.0
2019-12-31,20260910,2305,2020-07-24,0.0442975869953978,-0.0062501411030036,0.0017267351812499,archived20,-0.0062501411030036,1.0
2019-12-31,20260910,2310,2020-07-31,-0.0114318292193668,0.0047203682490909,0.0017267351812499,archived20,0.0047203682490909,1.0
2019-12-31,20260910,2315,2020-08-07,0.0096886640921363,0.0088773780994787,0.0017267351812499,archived20,0.0088773780994787,1.0
2019-12-31,20260910,2320,2020-08-14,0.0040785933083991,0.0045392611771293,0.0017267351812499,archived20,0.0045392611771293,1.0
2019-12-31,20260910,2325,2020-08-21,0.0262367267824037,0.0151316057025633,0.0017267351812499,archived20,0.0151316057025633,1.0
2019-12-31,20260910,2330,2020-08-28,-0.0228724288790846,0.0175005914237783,0.0017267351812499,archived20,0.0175005914237783,1.0
2019-12-31,20260910,2335,2020-09-04,-0.0225800080680405,0.013710811884733,0.0017267351812499,archived20,0.013710811884733,1.0
2019-12-31,20260910,2340,2020-09-11,0.0212164529615974,0.0101168606734437,0.0017267351812499,archived20,0.0101168606734437,1.0
2019-12-31,20260910,2345,2020-09-18,-0.035383886754723,0.0126971636557765,0.0017267351812499,archived20,0.0126971636557765,1.0
2019-12-31,20260910,2350,2020-09-25,0.0267399866889246,0.0153037369029171,0.0017267351812499,archived20,0.0153037369029171,1.0
2019-12-31,20260910,2354,2020-10-09,0.0251424490828213,0.0148782180404602,0.0017267351812499,archived20,0.0148782180404602,1.0
2019-12-31,20260910,2359,2020-10-16,-0.0289085288867603,0.0138815532216641,0.0017267351812499,archived20,0.0138815532216641,1.0
2019-12-31,20260910,2364,2020-10-23,0.0039922716452642,0.0185637762839853,0.0017267351812499,archived20,0.0185637762839853,1.0
2019-12-31,20260910,2369,2020-10-30,0.0459539631066927,0.0197641804874262,0.0017267351812499,archived20,0.0197641804874262,1.0
2019-12-31,20260910,2374,2020-11-06,-0.0077050373460516,0.0196040358701013,0.0017267351812499,archived20,0.0196040358701013,1.0
2019-12-31,20260910,2379,2020-11-13,0.0150871959614502,0.0104459040257173,0.0017267351812499,archived20,0.0104459040257173,1.0
2019-12-31,20260910,2384,2020-11-20,0.0079744076212002,0.0087284200805436,0.0017267351812499,archived20,0.0087284200805436,1.0
2019-12-31,20260910,2389,2020-11-27,0.0143408935726285,-0.0045944076204931,0.0017267351812499,archived20,-0.0045944076204931,1.0
2019-12-31,20260910,2394,2020-12-04,-0.0319993367194855,-0.004545619546298,0.0017267351812499,archived20,-0.004545619546298,1.0
2019-12-31,20260910,2399,2020-12-11,0.018788122268605,-0.009588167558048,0.0017267351812499,archived20,-0.009588167558048,1.0
2019-12-31,20260910,2404,2020-12-18,0.0094440085192242,-0.0008450987329306,0.0017267351812499,archived20,-0.0008450987329306,1.0
2019-12-31,20260911,2172,2020-01-03,0.0112631415452417,0.0049460575419395,0.0017267351812499,archived20,0.0049460575419395,1.0
2019-12-31,20260911,2177,2020-01-10,0.000914342213572,0.0123540898036758,0.0017267351812499,archived20,0.0123540898036758,1.0
2019-12-31,20260911,2182,2020-01-17,-0.0715388636069378,-0.0044201894272452,0.0017267351812499,archived20,-0.0044201894272452,1.0
2019-12-31,20260911,2191,2020-02-07,0.0328687599583719,-0.0006121385906807002,0.0017267351812499,archived20,-0.0006121385906807,1.0
2019-12-31,20260911,2196,2020-02-14,0.0330503919092921,0.0049958673547577,0.0017267351812499,archived20,0.0049958673547577,1.0
2019-12-31,20260911,2201,2020-02-21,-0.0394497366790582,0.0069246265838332,0.0017267351812499,archived20,0.0069246265838332,1.0
2019-12-31,20260911,2206,2020-02-28,0.0237449733423367,0.0181911434390157,0.0017267351812499,archived20,0.0181911434390157,1.0
2019-12-31,20260911,2211,2020-03-06,-0.040171495515717,0.0158269083958124,0.0017267351812499,archived20,0.0158269083958124,1.0
2019-12-31,20260911,2216,2020-03-13,-0.0915879031554979,0.010448409472115,0.0017267351812499,archived20,0.010448409472115,1.0
2019-12-31,20260911,2221,2020-03-20,0.0323992006051916,-0.0019927428505319006,0.0017267351812499,archived20,-0.0019927428505319,1.0
2019-12-31,20260911,2226,2020-03-27,0.0334795185729988,0.0049417585036074,0.0017267351812499,archived20,0.0049417585036074,1.0
2019-12-31,20260911,2231,2020-04-03,-0.0074604950911528,-0.0033899023968960006,0.0017267351812499,archived20,-0.003389902396896,1.0
2019-12-31,20260911,2235,2020-04-10,0.0249886051960306,-0.0007631796465418998,0.0017267351812499,archived20,-0.0007631796465419,1.0
2019-12-31,20260911,2240,2020-04-17,-0.009736156402615,0.0011733104231025,0.0017267351812499,archived20,0.0011733104231025,1.0
2019-12-31,20260911,2245,2020-04-24,0.0437865347345864,0.0081791352429044,0.0017267351812499,archived20,0.0081791352429044,1.0
2019-12-31,20260911,2252,2020-05-08,-0.0151204097857481,-0.0046362934096386,0.0017267351812499,archived20,-0.0046362934096386,1.0
2019-12-31,20260911,2257,2020-05-15,-0.022055555271722,0.0048896735696393,0.0017267351812499,archived20,0.0048896735696393,1.0
2019-12-31,20260911,2262,2020-05-22,0.0191755130187654,8.069447965859092e-05,0.0017267351812499,archived20,8.069447965859092e-05,1.0
2019-12-31,20260911,2267,2020-05-29,0.0312374254497365,0.00034836186757260007,0.0017267351812499,archived20,0.0003483618675726,1.0
2019-12-31,20260911,2272,2020-06-05,-0.010100382492339,0.0018708002309495,0.0017267351812499,archived20,0.0018708002309495,1.0
2019-12-31,20260911,2277,2020-06-12,0.0287574347785699,-0.0086112623598418,0.0017267351812499,archived20,-0.0086112623598418,1.0
2019-12-31,20260911,2282,2020-06-19,0.0898838562932122,0.0077362347361754,0.0017267351812499,archived20,0.0077362347361754,1.0
2019-12-31,20260911,2290,2020-07-03,0.0619282952028859,-0.0063727110571949,0.0017267351812499,archived20,-0.0063727110571949,1.0
2019-12-31,20260911,2295,2020-07-10,-0.0306112766401609,0.001295708732238,0.0017267351812499,archived20,0.001295708732238,1.0
2019-12-31,20260911,2300,2020-07-17,-0.0135277995301487,0.0005965436955684999,0.0017267351812499,archived20,0.0005965436955685,1.0
2019-12-31,20260911,2305,2020-07-24,0.0442975869953978,-0.00021498687584559995,0.0017267351812499,archived20,-0.0002149868758456,1.0
2019-12-31,20260911,2310,2020-07-31,-0.0114318292193668,-0.0048215865550683,0.0017267351812499,archived20,-0.0048215865550683,1.0
2019-12-31,20260911,2315,2020-08-07,0.0096886640921363,0.0115689813622852,0.0017267351812499,archived20,0.0115689813622852,1.0
2019-12-31,20260911,2320,2020-08-14,0.0040785933083991,-0.0016000235780608003,0.0017267351812499,archived20,-0.0016000235780608,1.0
2019-12-31,20260911,2325,2020-08-21,0.0262367267824037,-0.0075410138990013005,0.0017267351812499,archived20,-0.0075410138990013,1.0
2019-12-31,20260911,2330,2020-08-28,-0.0228724288790846,-0.007151609507935101,0.0017267351812499,archived20,-0.0071516095079351,1.0
2019-12-31,20260911,2335,2020-09-04,-0.0225800080680405,-0.0013381932209255,0.0017267351812499,archived20,-0.0013381932209255,1.0
2019-12-31,20260911,2340,2020-09-11,0.0212164529615974,0.003013945520099,0.0017267351812499,archived20,0.003013945520099,1.0
2019-12-31,20260911,2345,2020-09-18,-0.035383886754723,0.0064463039001128,0.0017267351812499,archived20,0.0064463039001128,1.0
2019-12-31,20260911,2350,2020-09-25,0.0267399866889246,0.0153302330974528,0.0017267351812499,archived20,0.0153302330974528,1.0
2019-12-31,20260911,2354,2020-10-09,0.0251424490828213,0.0003279453365193001,0.0017267351812499,archived20,0.0003279453365193,1.0
2019-12-31,20260911,2359,2020-10-16,-0.0289085288867603,0.0112354835900477,0.0017267351812499,archived20,0.0112354835900477,1.0
2019-12-31,20260911,2364,2020-10-23,0.0039922716452642,0.0148899822101774,0.0017267351812499,archived20,0.0148899822101774,1.0
2019-12-31,20260911,2369,2020-10-30,0.0459539631066927,0.0143897632435971,0.0017267351812499,archived20,0.0143897632435971,1.0
2019-12-31,20260911,2374,2020-11-06,-0.0077050373460516,0.0050152841247878,0.0017267351812499,archived20,0.0050152841247878,1.0
2019-12-31,20260911,2379,2020-11-13,0.0150871959614502,0.0047377063777149,0.0017267351812499,archived20,0.0047377063777149,1.0
2019-12-31,20260911,2384,2020-11-20,0.0079744076212002,0.0048208817037185,0.0017267351812499,archived20,0.0048208817037185,1.0
2019-12-31,20260911,2389,2020-11-27,0.0143408935726285,-0.0019356375734004,0.0017267351812499,archived20,-0.0019356375734004,1.0
2019-12-31,20260911,2394,2020-12-04,-0.0319993367194855,-0.0084932751747982,0.0017267351812499,archived20,-0.0084932751747982,1.0
2019-12-31,20260911,2399,2020-12-11,0.018788122268605,-0.0106079563284389,0.0017267351812499,archived20,-0.0106079563284389,1.0
2019-12-31,20260911,2404,2020-12-18,0.0094440085192242,-0.007139255459434501,0.0017267351812499,archived20,-0.0071392554594345,1.0
2019-12-31,20260912,2172,2020-01-03,0.0112631415452417,0.0114300407334209,0.0017267351812499,archived20,0.0114300407334209,1.0
2019-12-31,20260912,2177,2020-01-10,0.000914342213572,0.0088308567949455,0.0017267351812499,archived20,0.0088308567949455,1.0
2019-12-31,20260912,2182,2020-01-17,-0.0715388636069378,0.0074279808748267,0.0017267351812499,archived20,0.0074279808748267,1.0
2019-12-31,20260912,2191,2020-02-07,0.0328687599583719,-0.0069172904906785,0.0017267351812499,archived20,-0.0069172904906785,1.0
2019-12-31,20260912,2196,2020-02-14,0.0330503919092921,-0.0096092924271486,0.0017267351812499,archived20,-0.0096092924271486,1.0
2019-12-31,20260912,2201,2020-02-21,-0.0394497366790582,-0.0013699941487682,0.0017267351812499,archived20,-0.0013699941487682,1.0
2019-12-31,20260912,2206,2020-02-28,0.0237449733423367,0.0026433948878955,0.0017267351812499,archived20,0.0026433948878955,1.0
2019-12-31,20260912,2211,2020-03-06,-0.040171495515717,0.0001112694969744,0.0017267351812499,archived20,0.0001112694969744,1.0
2019-12-31,20260912,2216,2020-03-13,-0.0915879031554979,0.0038595718104578996,0.0017267351812499,archived20,0.0038595718104579,1.0
2019-12-31,20260912,2221,2020-03-20,0.0323992006051916,0.0035792857637395,0.0017267351812499,archived20,0.0035792857637395,1.0
2019-12-31,20260912,2226,2020-03-27,0.0334795185729988,0.0125641921430667,0.0017267351812499,archived20,0.0125641921430667,1.0
2019-12-31,20260912,2231,2020-04-03,-0.0074604950911528,0.0045289171999228,0.0017267351812499,archived20,0.0045289171999228,1.0
2019-12-31,20260912,2235,2020-04-10,0.0249886051960306,0.0060286349968166,0.0017267351812499,archived20,0.0060286349968166,1.0
2019-12-31,20260912,2240,2020-04-17,-0.009736156402615,0.007352492653968,0.0017267351812499,archived20,0.007352492653968,1.0
2019-12-31,20260912,2245,2020-04-24,0.0437865347345864,0.0010568455714655,0.0017267351812499,archived20,0.0010568455714655,1.0
2019-12-31,20260912,2252,2020-05-08,-0.0151204097857481,0.0024980298219491,0.0017267351812499,archived20,0.0024980298219491,1.0
2019-12-31,20260912,2257,2020-05-15,-0.022055555271722,0.0047725342804029,0.0017267351812499,archived20,0.0047725342804029,1.0
2019-12-31,20260912,2262,2020-05-22,0.0191755130187654,0.00309339817033,0.0017267351812499,archived20,0.00309339817033,1.0
2019-12-31,20260912,2267,2020-05-29,0.0312374254497365,0.0061373612607807,0.0017267351812499,archived20,0.0061373612607807,1.0
2019-12-31,20260912,2272,2020-06-05,-0.010100382492339,-0.0034455685807809004,0.0017267351812499,archived20,-0.0034455685807809,1.0
2019-12-31,20260912,2277,2020-06-12,0.0287574347785699,-0.0079326960485294,0.0017267351812499,archived20,-0.0079326960485294,1.0
2019-12-31,20260912,2282,2020-06-19,0.0898838562932122,0.0063189564552378,0.0017267351812499,archived20,0.0063189564552378,1.0
2019-12-31,20260912,2290,2020-07-03,0.0619282952028859,0.0005684021480104001,0.0017267351812499,archived20,0.0005684021480104,1.0
2019-12-31,20260912,2295,2020-07-10,-0.0306112766401609,-0.0009562691257883999,0.0017267351812499,archived20,-0.0009562691257884,1.0
2019-12-31,20260912,2300,2020-07-17,-0.0135277995301487,-0.014694695440203298,0.0017267351812499,archived20,-0.0146946954402033,1.0
2019-12-31,20260912,2305,2020-07-24,0.0442975869953978,-0.0128285141304303,0.0017267351812499,archived20,-0.0128285141304303,1.0
2019-12-31,20260912,2310,2020-07-31,-0.0114318292193668,-0.0004369461304257001,0.0017267351812499,archived20,-0.0004369461304257,1.0
2019-12-31,20260912,2315,2020-08-07,0.0096886640921363,0.0013815265349751,0.0017267351812499,archived20,0.0013815265349751,1.0
2019-12-31,20260912,2320,2020-08-14,0.0040785933083991,0.0156916098948167,0.0017267351812499,archived20,0.0156916098948167,1.0
2019-12-31,20260912,2325,2020-08-21,0.0262367267824037,0.02153590734711,0.0017267351812499,archived20,0.02153590734711,1.0
2019-12-31,20260912,2330,2020-08-28,-0.0228724288790846,0.0224001035006839,0.0017267351812499,archived20,0.0224001035006839,1.0
2019-12-31,20260912,2335,2020-09-04,-0.0225800080680405,0.0148243975354216,0.0017267351812499,archived20,0.0148243975354216,1.0
2019-12-31,20260912,2340,2020-09-11,0.0212164529615974,0.0180899779089967,0.0017267351812499,archived20,0.0180899779089967,1.0
2019-12-31,20260912,2345,2020-09-18,-0.035383886754723,0.0187574464114233,0.0017267351812499,archived20,0.0187574464114233,1.0
2019-12-31,20260912,2350,2020-09-25,0.0267399866889246,0.0162997881071218,0.0017267351812499,archived20,0.0162997881071218,1.0
2019-12-31,20260912,2354,2020-10-09,0.0251424490828213,0.0193310846276002,0.0017267351812499,archived20,0.0193310846276002,1.0
2019-12-31,20260912,2359,2020-10-16,-0.0289085288867603,0.0175017817305932,0.0017267351812499,archived20,0.0175017817305932,1.0
2019-12-31,20260912,2364,2020-10-23,0.0039922716452642,0.0115926749732715,0.0017267351812499,archived20,0.0115926749732715,1.0
2019-12-31,20260912,2369,2020-10-30,0.0459539631066927,0.0114078284126733,0.0017267351812499,archived20,0.0114078284126733,1.0
2019-12-31,20260912,2374,2020-11-06,-0.0077050373460516,0.008774837650805,0.0017267351812499,archived20,0.008774837650805,1.0
2019-12-31,20260912,2379,2020-11-13,0.0150871959614502,0.0082121280159941,0.0017267351812499,archived20,0.0082121280159941,1.0
2019-12-31,20260912,2384,2020-11-20,0.0079744076212002,0.0111449376363389,0.0017267351812499,archived20,0.0111449376363389,1.0
2019-12-31,20260912,2389,2020-11-27,0.0143408935726285,-0.0060757154412119,0.0017267351812499,archived20,-0.0060757154412119,1.0
2019-12-31,20260912,2394,2020-12-04,-0.0319993367194855,-0.0041312033277988,0.0017267351812499,archived20,-0.0041312033277988,1.0
2019-12-31,20260912,2399,2020-12-11,0.018788122268605,-0.003898083847949,0.0017267351812499,archived20,-0.003898083847949,1.0
2019-12-31,20260912,2404,2020-12-18,0.0094440085192242,-0.0021565550897414,0.0017267351812499,archived20,-0.0021565550897414,1.0
2017-12-31,20260910,1687,2018-01-05,0.0214907567286908,0.0021140284328226,0.0021140284328226,rolling_shrink,0.0095185540974115,0.0
2017-12-31,20260910,1692,2018-01-12,0.0110264218031885,0.0021140284328226,0.0021140284328226,rolling_shrink,0.0039556178598723,0.0
2017-12-31,20260910,1697,2018-01-19,0.0258577147560612,0.0021140284328226,0.0021140284328226,rolling_shrink,-0.000188348731697,0.0
2017-12-31,20260910,1702,2018-01-26,-0.0416224077172412,0.0021140284328226,0.0021140284328226,rolling_shrink,0.0012100763633018,0.0
2017-12-31,20260910,1707,2018-02-02,-0.0851928666225865,0.0021140284328226,0.0021140284328226,rolling_shrink,-0.0010383298538437,0.0
2017-12-31,20260910,1712,2018-02-09,0.0642518595938403,0.0021140284328226,0.0021140284328226,rolling_shrink,0.0016605793445903,0.0
2017-12-31,20260910,1717,2018-02-23,-0.0175257731958763,0.0021140284328226,0.0021140284328226,rolling_shrink,0.015132851381032,0.0
2017-12-31,20260910,1722,2018-03-02,0.0271156686542373,0.0021140284328226,0.0021140284328226,rolling_shrink,0.0050832909332742,0.0
2017-12-31,20260910,1727,2018-03-09,-0.0184205620825476,0.0021140284328226,0.0021140284328226,rolling_shrink,0.0065782019694927,0.0
2017-12-31,20260910,1732,2018-03-16,-0.0473361252102539,0.0021140284328226,0.0021140284328226,rolling_shrink,0.0009826779720513,0.0
2017-12-31,20260910,1737,2018-03-23,0.0088849998317235,0.0021140284328226,0.0021140284328226,rolling_shrink,0.0001216313323081,0.0
2017-12-31,20260910,1742,2018-03-30,-0.0088632053805354,0.0021140284328226,0.0021140284328226,rolling_shrink,0.0011244351528533,0.0
2017-12-31,20260910,1750,2018-04-13,-0.0279044238531301,0.0021140284328226,0.0021140284328226,rolling_shrink,-0.0042441885766904,0.0
2017-12-31,20260910,1755,2018-04-20,0.0040589236395014,0.0021140284328226,0.0021140284328226,rolling_shrink,0.0013257061458778,0.0
2017-12-31,20260910,1760,2018-04-27,0.003344889692912,0.0021140284328226,0.0021140284328226,rolling_shrink,0.0078983892261821,0.0
2017-12-31,20260910,1763,2018-05-04,0.0275819951672684,0.0021140284328226,0.0021140284328226,rolling_shrink,-0.0013234755418164,0.0
2017-12-31,20260910,1768,2018-05-11,0.0099488791752746,0.0021140284328226,0.0021140284328226,rolling_shrink,-0.0033904780458663,0.0
2017-12-31,20260910,1773,2018-05-18,-0.0278382082465087,0.0021140284328226,0.0021140284328226,rolling_shrink,0.0008743879431995,0.0
2017-12-31,20260910,1778,2018-05-25,-0.0081414788300587,0.0021140284328226,0.0021140284328226,rolling_shrink,0.0018104667600115,0.0
2017-12-31,20260910,1783,2018-06-01,-0.0039575292125362,0.0021140284328226,0.0021140284328226,rolling_shrink,-0.0021189836170853,0.0
2017-12-31,20260910,1788,2018-06-08,-0.0179141214945586,0.0021140284328226,0.0021140284328226,rolling_shrink,-0.0014851484894988,0.0
2017-12-31,20260910,1793,2018-06-15,-0.0207606943097817,0.0021140284328226,0.0021140284328226,rolling_shrink,0.0028916462587653,0.0
2017-12-31,20260910,1797,2018-06-22,-0.0334657179105301,0.0021140284328226,0.0021140284328226,rolling_shrink,-0.0022017591271979,0.0
2017-12-31,20260910,1802,2018-06-29,-0.0358257762964908,0.0021140284328226,0.0021140284328226,rolling_shrink,-0.002146143820516,0.0
2017-12-31,20260910,1807,2018-07-06,0.0325726343702554,0.0021140284328226,0.0021140284328226,rolling_shrink,-0.0042425808863301,0.0
2017-12-31,20260910,1812,2018-07-13,-0.0049040261165902,0.0021140284328226,0.0021140284328226,rolling_shrink,-0.0023549248790629,0.0
2017-12-31,20260910,1817,2018-07-20,0.014110592016959,0.0021140284328226,0.0021140284328226,rolling_shrink,-0.0032088426115301,0.0
2017-12-31,20260910,1822,2018-07-27,-0.0590851640938977,0.0021140284328226,0.0021140284328226,rolling_shrink,-0.0025592243737143,0.0
2017-12-31,20260910,1827,2018-08-03,0.0172541822374894,0.0021140284328226,0.0021140284328226,rolling_shrink,0.000864028634188,0.0
2017-12-31,20260910,1832,2018-08-10,-0.0390981548851923,0.0021140284328226,0.0021140284328226,rolling_shrink,7.386980730703834e-05,0.0
2017-12-31,20260910,1837,2018-08-17,0.0312424727164923,0.0021140284328226,0.0021140284328226,rolling_shrink,0.0010231502183554,0.0
2017-12-31,20260910,1842,2018-08-24,-0.005599825117761,0.0021140284328226,0.0021140284328226,rolling_shrink,-0.0008291335084217,0.0
2017-12-31,20260910,1847,2018-08-31,-0.0148493234839747,0.0021140284328226,0.0021140284328226,rolling_shrink,-0.0041478464395962,0.0
2017-12-31,20260910,1852,2018-09-07,-0.0141989007697058,0.0021140284328226,0.0021140284328226,rolling_shrink,4.429563846571972e-05,0.0
2017-12-31,20260910,1857,2018-09-14,0.0468351251034906,0.0021140284328226,0.0021140284328226,rolling_shrink,-0.002491280790169,0.0
2017-12-31,20260910,1862,2018-09-21,-0.00426840285903,0.0021140284328226,0.0021140284328226,rolling_shrink,-0.0014708670389383,0.0
2017-12-31,20260910,1866,2018-09-28,-0.055840145646664,0.0021140284328226,0.0021140284328226,rolling_shrink,-0.0030238875329598,0.0
2017-12-31,20260910,1871,2018-10-12,-0.0045024181987176,0.0021140284328226,0.0021140284328226,rolling_shrink,-0.0008104460408335,0.0
2017-12-31,20260910,1876,2018-10-19,-0.0006551545151857,0.0021140284328226,0.0021140284328226,rolling_shrink,-1.653107670497719e-05,0.0
2017-12-31,20260910,1881,2018-10-26,0.0354648787486262,0.0021140284328226,0.0021140284328226,rolling_shrink,-0.0008434246784622,0.0
2017-12-31,20260910,1886,2018-11-02,-0.0334060260531522,0.0021140284328226,0.0021140284328226,rolling_shrink,0.0024893838182166,0.0
2017-12-31,20260910,1891,2018-11-09,0.0311810774464045,0.0021140284328226,0.0021140284328226,rolling_shrink,-0.001031244352882,0.0
2017-12-31,20260910,1896,2018-11-16,-0.0337916834162372,0.0021140284328226,0.0021140284328226,rolling_shrink,0.0021235895226312,0.0
2017-12-31,20260910,1901,2018-11-23,0.0355769261307155,0.0021140284328226,0.0021140284328226,rolling_shrink,0.0014442555277245,0.0
2017-12-31,20260910,1906,2018-11-30,-0.0328672765580291,0.0021140284328226,0.0021140284328226,rolling_shrink,0.0038034180917866,0.0
2017-12-31,20260910,1911,2018-12-07,0.0015094243892539,0.0021140284328226,0.0021140284328226,rolling_shrink,0.0069421364135763,0.0
2017-12-31,20260910,1916,2018-12-14,-0.0452081512722115,0.0021140284328226,0.0021140284328226,rolling_shrink,0.0062432563164743,0.0
2017-12-31,20260910,1921,2018-12-21,0.0005206433427293,0.0021140284328226,0.0021140284328226,rolling_shrink,0.0089064088731617,0.0
2017-12-31,20260910,1926,2018-12-28,0.0126215169021599,0.0021140284328226,0.0021140284328226,rolling_shrink,0.0095067104691672,0.0
2017-12-31,20260911,1687,2018-01-05,0.0214907567286908,0.0021140284328226,0.0021140284328226,rolling_shrink,0.0102201728789169,0.0
2017-12-31,20260911,1692,2018-01-12,0.0110264218031885,0.0021140284328226,0.0021140284328226,rolling_shrink,0.007080060695328,0.0
2017-12-31,20260911,1697,2018-01-19,0.0258577147560612,0.0021140284328226,0.0021140284328226,rolling_shrink,0.0013431896128738,0.0
2017-12-31,20260911,1702,2018-01-26,-0.0416224077172412,0.0021140284328226,0.0021140284328226,rolling_shrink,0.0002757472737973,0.0
2017-12-31,20260911,1707,2018-02-02,-0.0851928666225865,0.0021140284328226,0.0021140284328226,rolling_shrink,0.0086909960366539,0.0
2017-12-31,20260911,1712,2018-02-09,0.0642518595938403,0.0021140284328226,0.0021140284328226,rolling_shrink,0.0026142219245576,0.0
2017-12-31,20260911,1717,2018-02-23,-0.0175257731958763,0.0021140284328226,0.0021140284328226,rolling_shrink,0.0043865272529546,0.0
2017-12-31,20260911,1722,2018-03-02,0.0271156686542373,0.0021140284328226,0.0021140284328226,rolling_shrink,0.0053370460141212,0.0
2017-12-31,20260911,1727,2018-03-09,-0.0184205620825476,0.0021140284328226,0.0021140284328226,rolling_shrink,0.0089431012357612,0.0
2017-12-31,20260911,1732,2018-03-16,-0.0473361252102539,0.0021140284328226,0.0021140284328226,rolling_shrink,0.0014569075295431,0.0
2017-12-31,20260911,1737,2018-03-23,0.0088849998317235,0.0021140284328226,0.0021140284328226,rolling_shrink,0.0032396430749764,0.0
2017-12-31,20260911,1742,2018-03-30,-0.0088632053805354,0.0021140284328226,0.0021140284328226,rolling_shrink,-0.0033491720228014,0.0
2017-12-31,20260911,1750,2018-04-13,-0.0279044238531301,0.0021140284328226,0.0021140284328226,rolling_shrink,-0.0068102064168644,0.0
2017-12-31,20260911,1755,2018-04-20,0.0040589236395014,0.0021140284328226,0.0021140284328226,rolling_shrink,-0.004528731215105,0.0
2017-12-31,20260911,1760,2018-04-27,0.003344889692912,0.0021140284328226,0.0021140284328226,rolling_shrink,0.0034708255469797,0.0
2017-12-31,20260911,1763,2018-05-04,0.0275819951672684,0.0021140284328226,0.0021140284328226,rolling_shrink,0.0024220596030155,0.0
2017-12-31,20260911,1768,2018-05-11,0.0099488791752746,0.0021140284328226,0.0021140284328226,rolling_shrink,0.0077129048777433,0.0
2017-12-31,20260911,1773,2018-05-18,-0.0278382082465087,0.0021140284328226,0.0021140284328226,rolling_shrink,0.0031976416672929,0.0
2017-12-31,20260911,1778,2018-05-25,-0.0081414788300587,0.0021140284328226,0.0021140284328226,rolling_shrink,0.0021311688187399,0.0
2017-12-31,20260911,1783,2018-06-01,-0.0039575292125362,0.0021140284328226,0.0021140284328226,rolling_shrink,-0.0048590875063583,0.0
2017-12-31,20260911,1788,2018-06-08,-0.0179141214945586,0.0021140284328226,0.0021140284328226,rolling_shrink,-0.0040214428342741,0.0
2017-12-31,20260911,1793,2018-06-15,-0.0207606943097817,0.0021140284328226,0.0021140284328226,rolling_shrink,-0.0028206306734418,0.0
2017-12-31,20260911,1797,2018-06-22,-0.0334657179105301,0.0021140284328226,0.0021140284328226,rolling_shrink,-0.0013364245400199,0.0
2017-12-31,20260911,1802,2018-06-29,-0.0358257762964908,0.0021140284328226,0.0021140284328226,rolling_shrink,-0.0010243896895717,0.0
2017-12-31,20260911,1807,2018-07-06,0.0325726343702554,0.0021140284328226,0.0021140284328226,rolling_shrink,-0.0046330658573681,0.0
2017-12-31,20260911,1812,2018-07-13,-0.0049040261165902,0.0021140284328226,0.0021140284328226,rolling_shrink,-0.0005690923538477,0.0
2017-12-31,20260911,1817,2018-07-20,0.014110592016959,0.0021140284328226,0.0021140284328226,rolling_shrink,-0.003175422621148,0.0
2017-12-31,20260911,1822,2018-07-27,-0.0590851640938977,0.0021140284328226,0.0021140284328226,rolling_shrink,0.0037076352665901,0.0
2017-12-31,20260911,1827,2018-08-03,0.0172541822374894,0.0021140284328226,0.0021140284328226,rolling_shrink,-0.0017022140794107,0.0
2017-12-31,20260911,1832,2018-08-10,-0.0390981548851923,0.0021140284328226,0.0021140284328226,rolling_shrink,-0.00080459646012,0.0
2017-12-31,20260911,1837,2018-08-17,0.0312424727164923,0.0021140284328226,0.0021140284328226,rolling_shrink,-0.0001175966602097,0.0
2017-12-31,20260911,1842,2018-08-24,-0.005599825117761,0.0021140284328226,0.0021140284328226,rolling_shrink,0.0012126333596973,0.0
2017-12-31,20260911,1847,2018-08-31,-0.0148493234839747,0.0021140284328226,0.0021140284328226,rolling_shrink,0.0005099944745804,0.0
2017-12-31,20260911,1852,2018-09-07,-0.0141989007697058,0.0021140284328226,0.0021140284328226,rolling_shrink,-0.0017779319216182,0.0
2017-12-31,20260911,1857,2018-09-14,0.0468351251034906,0.0021140284328226,0.0021140284328226,rolling_shrink,-0.0020654451865738,0.0
2017-12-31,20260911,1862,2018-09-21,-0.00426840285903,0.0021140284328226,0.0021140284328226,rolling_shrink,-0.0015549261831103,0.0
2017-12-31,20260911,1866,2018-09-28,-0.055840145646664,0.0021140284328226,0.0021140284328226,rolling_shrink,-0.0044534392628419,0.0
2017-12-31,20260911,1871,2018-10-12,-0.0045024181987176,0.0021140284328226,0.0021140284328226,rolling_shrink,-0.0020430978929496,0.0
2017-12-31,20260911,1876,2018-10-19,-0.0006551545151857,0.0021140284328226,0.0021140284328226,rolling_shrink,0.0073849227903912,0.0
2017-12-31,20260911,1881,2018-10-26,0.0354648787486262,0.0021140284328226,0.0021140284328226,rolling_shrink,0.0015511467245886,0.0
2017-12-31,20260911,1886,2018-11-02,-0.0334060260531522,0.0021140284328226,0.0021140284328226,rolling_shrink,0.0027811051762424,0.0
2017-12-31,20260911,1891,2018-11-09,0.0311810774464045,0.0021140284328226,0.0021140284328226,rolling_shrink,0.000286668214128,0.0
2017-12-31,20260911,1896,2018-11-16,-0.0337916834162372,0.0021140284328226,0.0021140284328226,rolling_shrink,0.0082973120312934,0.0
2017-12-31,20260911,1901,2018-11-23,0.0355769261307155,0.0021140284328226,0.0021140284328226,rolling_shrink,0.0065646128109891,0.0
2017-12-31,20260911,1906,2018-11-30,-0.0328672765580291,0.0021140284328226,0.0021140284328226,rolling_shrink,0.0022306323447648,0.0
2017-12-31,20260911,1911,2018-12-07,0.0015094243892539,0.0021140284328226,0.0021140284328226,rolling_shrink,0.0083230381696212,0.0
2017-12-31,20260911,1916,2018-12-14,-0.0452081512722115,0.0021140284328226,0.0021140284328226,rolling_shrink,-0.0019712757950669,0.0
2017-12-31,20260911,1921,2018-12-21,0.0005206433427293,0.0021140284328226,0.0021140284328226,rolling_shrink,0.0036497484732395,0.0
2017-12-31,20260911,1926,2018-12-28,0.0126215169021599,0.0021140284328226,0.0021140284328226,rolling_shrink,0.0020831888263348,0.0
2017-12-31,20260912,1687,2018-01-05,0.0214907567286908,0.0021140284328226,0.0021140284328226,rolling_shrink,0.0150921470821415,0.0
2017-12-31,20260912,1692,2018-01-12,0.0110264218031885,0.0021140284328226,0.0021140284328226,rolling_shrink,0.0134684080930184,0.0
2017-12-31,20260912,1697,2018-01-19,0.0258577147560612,0.0021140284328226,0.0021140284328226,rolling_shrink,0.0108789724910303,0.0
2017-12-31,20260912,1702,2018-01-26,-0.0416224077172412,0.0021140284328226,0.0021140284328226,rolling_shrink,-0.0019971181253608,0.0
2017-12-31,20260912,1707,2018-02-02,-0.0851928666225865,0.0021140284328226,0.0021140284328226,rolling_shrink,0.0040673322382661,0.0
2017-12-31,20260912,1712,2018-02-09,0.0642518595938403,0.0021140284328226,0.0021140284328226,rolling_shrink,0.008587306414431,0.0
2017-12-31,20260912,1717,2018-02-23,-0.0175257731958763,0.0021140284328226,0.0021140284328226,rolling_shrink,0.0164469754493439,0.0
2017-12-31,20260912,1722,2018-03-02,0.0271156686542373,0.0021140284328226,0.0021140284328226,rolling_shrink,0.0180774367843102,0.0
2017-12-31,20260912,1727,2018-03-09,-0.0184205620825476,0.0021140284328226,0.0021140284328226,rolling_shrink,0.0100529094630234,0.0
2017-12-31,20260912,1732,2018-03-16,-0.0473361252102539,0.0021140284328226,0.0021140284328226,rolling_shrink,-0.0003495341590956,0.0
2017-12-31,20260912,1737,2018-03-23,0.0088849998317235,0.0021140284328226,0.0021140284328226,rolling_shrink,-0.0110440331359189,0.0
2017-12-31,20260912,1742,2018-03-30,-0.0088632053805354,0.0021140284328226,0.0021140284328226,rolling_shrink,-0.0100228877729167,0.0
2017-12-31,20260912,1750,2018-04-13,-0.0279044238531301,0.0021140284328226,0.0021140284328226,rolling_shrink,0.0059785688086384,0.0
2017-12-31,20260912,1755,2018-04-20,0.0040589236395014,0.0021140284328226,0.0021140284328226,rolling_shrink,0.0061828510733024,0.0
2017-12-31,20260912,1760,2018-04-27,0.003344889692912,0.0021140284328226,0.0021140284328226,rolling_shrink,0.008525291271926,0.0
2017-12-31,20260912,1763,2018-05-04,0.0275819951672684,0.0021140284328226,0.0021140284328226,rolling_shrink,0.0124027404426415,0.0
2017-12-31,20260912,1768,2018-05-11,0.0099488791752746,0.0021140284328226,0.0021140284328226,rolling_shrink,0.0116316357728235,0.0
2017-12-31,20260912,1773,2018-05-18,-0.0278382082465087,0.0021140284328226,0.0021140284328226,rolling_shrink,0.0041238954151508,0.0
2017-12-31,20260912,1778,2018-05-25,-0.0081414788300587,0.0021140284328226,0.0021140284328226,rolling_shrink,0.0035018525571923,0.0
2017-12-31,20260912,1783,2018-06-01,-0.0039575292125362,0.0021140284328226,0.0021140284328226,rolling_shrink,0.005906156031445,0.0
2017-12-31,20260912,1788,2018-06-08,-0.0179141214945586,0.0021140284328226,0.0021140284328226,rolling_shrink,-0.0089120104028482,0.0
2017-12-31,20260912,1793,2018-06-15,-0.0207606943097817,0.0021140284328226,0.0021140284328226,rolling_shrink,-0.0043855491364369,0.0
2017-12-31,20260912,1797,2018-06-22,-0.0334657179105301,0.0021140284328226,0.0021140284328226,rolling_shrink,-0.0021771820964896,0.0
2017-12-31,20260912,1802,2018-06-29,-0.0358257762964908,0.0021140284328226,0.0021140284328226,rolling_shrink,0.003904048065867,0.0
2017-12-31,20260912,1807,2018-07-06,0.0325726343702554,0.0021140284328226,0.0021140284328226,rolling_shrink,0.0100988313555264,0.0
2017-12-31,20260912,1812,2018-07-13,-0.0049040261165902,0.0021140284328226,0.0021140284328226,rolling_shrink,0.0061478768497002,0.0
2017-12-31,20260912,1817,2018-07-20,0.014110592016959,0.0021140284328226,0.0021140284328226,rolling_shrink,0.0076966327009493,0.0
2017-12-31,20260912,1822,2018-07-27,-0.0590851640938977,0.0021140284328226,0.0021140284328226,rolling_shrink,0.013186730492248,0.0
2017-12-31,20260912,1827,2018-08-03,0.0172541822374894,0.0021140284328226,0.0021140284328226,rolling_shrink,0.0136771409959596,0.0
2017-12-31,20260912,1832,2018-08-10,-0.0390981548851923,0.0021140284328226,0.0021140284328226,rolling_shrink,0.0050064966586504,0.0
2017-12-31,20260912,1837,2018-08-17,0.0312424727164923,0.0021140284328226,0.0021140284328226,rolling_shrink,-0.0051052443836706,0.0
2017-12-31,20260912,1842,2018-08-24,-0.005599825117761,0.0021140284328226,0.0021140284328226,rolling_shrink,-0.0050366478277832,0.0
2017-12-31,20260912,1847,2018-08-31,-0.0148493234839747,0.0021140284328226,0.0021140284328226,rolling_shrink,0.0014818324734579,0.0
2017-12-31,20260912,1852,2018-09-07,-0.0141989007697058,0.0021140284328226,0.0021140284328226,rolling_shrink,0.0103689127329995,0.0
2017-12-31,20260912,1857,2018-09-14,0.0468351251034906,0.0021140284328226,0.0021140284328226,rolling_shrink,0.0116047879181382,0.0
2017-12-31,20260912,1862,2018-09-21,-0.00426840285903,0.0021140284328226,0.0021140284328226,rolling_shrink,0.0009987239500366,0.0
2017-12-31,20260912,1866,2018-09-28,-0.055840145646664,0.0021140284328226,0.0021140284328226,rolling_shrink,0.003107194505302,0.0
2017-12-31,20260912,1871,2018-10-12,-0.0045024181987176,0.0021140284328226,0.0021140284328226,rolling_shrink,1.0972401089610027e-05,0.0
2017-12-31,20260912,1876,2018-10-19,-0.0006551545151857,0.0021140284328226,0.0021140284328226,rolling_shrink,0.0090567524414537,0.0
2017-12-31,20260912,1881,2018-10-26,0.0354648787486262,0.0021140284328226,0.0021140284328226,rolling_shrink,0.0010648107815451,0.0
2017-12-31,20260912,1886,2018-11-02,-0.0334060260531522,0.0021140284328226,0.0021140284328226,rolling_shrink,-0.0020817253156697,0.0
2017-12-31,20260912,1891,2018-11-09,0.0311810774464045,0.0021140284328226,0.0021140284328226,rolling_shrink,0.0045687551337797,0.0
2017-12-31,20260912,1896,2018-11-16,-0.0337916834162372,0.0021140284328226,0.0021140284328226,rolling_shrink,0.0115892844638578,0.0
2017-12-31,20260912,1901,2018-11-23,0.0355769261307155,0.0021140284328226,0.0021140284328226,rolling_shrink,0.0104728175091674,0.0
2017-12-31,20260912,1906,2018-11-30,-0.0328672765580291,0.0021140284328226,0.0021140284328226,rolling_shrink,-0.0024221903079769,0.0
2017-12-31,20260912,1911,2018-12-07,0.0015094243892539,0.0021140284328226,0.0021140284328226,rolling_shrink,-0.0063118197543822,0.0
2017-12-31,20260912,1916,2018-12-14,-0.0452081512722115,0.0021140284328226,0.0021140284328226,rolling_shrink,-0.005899704964066,0.0
2017-12-31,20260912,1921,2018-12-21,0.0005206433427293,0.0021140284328226,0.0021140284328226,rolling_shrink,0.0029940823441824,0.0
2017-12-31,20260912,1926,2018-12-28,0.0126215169021599,0.0021140284328226,0.0021140284328226,rolling_shrink,0.0036296876872987,0.0
2018-12-31,20260910,1929,2019-01-04,0.0122252589889202,0.003292234569980994,0.0011463872665226,rolling_shrink,0.0091845933580653,0.2669559947854685
2018-12-31,20260910,1934,2019-01-11,0.0253451899757477,0.0031256568976307355,0.0011463872665226,rolling_shrink,0.0085606041028919,0.2669559947854685
2018-12-31,20260910,1939,2019-01-18,0.0101675244727015,0.0047278339174199584,0.0011463872665226,rolling_shrink,0.0145622562518791,0.2669559947854685
2018-12-31,20260910,1944,2019-01-25,0.011454456904518,0.003497939381811758,0.0011463872665226,rolling_shrink,0.009955150363148,0.2669559947854685
2018-12-31,20260910,1949,2019-02-01,0.0390794521900976,0.005614422490345482,0.0011463872665226,rolling_shrink,0.0178833600676522,0.2669559947854685
2018-12-31,20260910,1954,2019-02-15,0.0622114887625429,0.005509864533972253,0.0011463872665226,rolling_shrink,0.0174916926827064,0.2669559947854685
2018-12-31,20260910,1959,2019-02-22,0.057941468462044,0.005267970490479213,0.0011463872665226,rolling_shrink,0.0165855731415909,0.2669559947854685
2018-12-31,20260910,1964,2019-03-01,-0.0314720436474369,-0.0017889925240869857,0.0011463872665226,rolling_shrink,-0.009849356780988,0.2669559947854685
2018-12-31,20260910,1969,2019-03-08,0.0244706575909257,0.004462758845721976,0.0011463872665226,rolling_shrink,0.0135693020688835,0.2669559947854685
2018-12-31,20260910,1974,2019-03-15,0.0060741040696496,1.8497736110622024e-05,0.0011463872665226,rolling_shrink,-0.0030786144283012,0.2669559947854685
2018-12-31,20260910,1979,2019-03-22,0.0330284606666595,-0.00032439303093113533,0.0011463872665226,rolling_shrink,-0.0043630612050717,0.2669559947854685
2018-12-31,20260910,1984,2019-03-29,0.0398136969165658,0.0005392156149498228,0.0011463872665226,rolling_shrink,-0.0011280387191561,0.2669559947854685
2018-12-31,20260910,1993,2019-04-12,0.0171281082906651,-0.00038372679138070644,0.0011463872665226,rolling_shrink,-0.0045853216585118,0.2669559947854685
2018-12-31,20260910,1998,2019-04-19,-0.0555966233394814,-0.0008122878339479702,0.0011463872665226,rolling_shrink,-0.0061906837816275,0.2669559947854685
2018-12-31,20260910,2003,2019-04-26,-0.0566702082338871,-0.00040649971121025914,0.0011463872665226,rolling_shrink,-0.0046706275526456,0.2669559947854685
2018-12-31,20260910,2010,2019-05-10,-0.010887544344571,-0.0003122852645636319,0.0011463872665226,rolling_shrink,-0.0043177062903891,0.2669559947854685
2018-12-31,20260910,2015,2019-05-17,-0.011865534939242,0.00023666904806749823,0.0011463872665226,rolling_shrink,-0.0022613587149309,0.2669559947854685
2018-12-31,20260910,2020,2019-05-24,0.013363580693648,0.0018375024994874908,0.0011463872665226,rolling_shrink,0.0037352605132923,0.2669559947854685
2018-12-31,20260910,2025,2019-05-31,0.0037988139350273,0.0026160489572282517,0.0011463872665226,rolling_shrink,0.0066516455091281,0.2669559947854685
2018-12-31,20260910,2034,2019-06-14,0.0497668589441884,0.006984104598231915,0.0011463872665226,rolling_shrink,0.0230141012184068,0.2669559947854685
2018-12-31,20260910,2039,2019-06-21,0.0164272438880068,0.004706093966546262,0.0011463872665226,rolling_shrink,0.0144808197930681,0.2669559947854685
2018-12-31,20260910,2044,2019-06-28,-0.0060471927228523,0.001605397712023686,0.0011463872665226,rolling_shrink,0.002865810896136,0.2669559947854685
2018-12-31,20260910,2049,2019-07-05,-0.0214435915629233,0.0011288420540414125,0.0011463872665226,rolling_shrink,0.0010806640281466,0.2669559947854685
2018-12-31,20260910,2054,2019-07-12,0.005500126560918,-0.0034776037085084096,0.0011463872665226,rolling_shrink,-0.0161747857558212,0.2669559947854685
2018-12-31,20260910,2059,2019-07-19,0.011653336829684,-0.004314120277743761,0.0011463872665226,rolling_shrink,-0.0193083230637494,0.2669559947854685
2018-12-31,20260910,2064,2019-07-26,-0.0346117357968243,-0.004244650428206457,0.0011463872665226,rolling_shrink,-0.0190480934720029,0.2669559947854685
2018-12-31,20260910,2069,2019-08-02,-0.0205509060495487,-0.0045005172520000206,0.0011463872665226,rolling_shrink,-0.0200065541501352,0.2669559947854685
2018-12-31,20260910,2074,2019-08-09,0.024167527899843,-0.0023559331355072323,0.0011463872665226,rolling_shrink,-0.0119730798757844,0.2669559947854685
2018-12-31,20260910,2079,2019-08-16,0.0054416051262971,-0.0005291081061259606,0.0011463872665226,rolling_shrink,-0.0051299107203236,0.2669559947854685
2018-12-31,20260910,2084,2019-08-23,0.0125999637947373,-0.0031677579077617197,0.0011463872665226,rolling_shrink,-0.0150141232990905,0.2669559947854685
2018-12-31,20260910,2089,2019-08-30,0.0466047443403643,-0.003801465285633366,0.0011463872665226,rolling_shrink,-0.0173879504101127,0.2669559947854685
2018-12-31,20260910,2094,2019-09-06,-0.0140091837144809,-0.0037568651234425664,0.0011463872665226,rolling_shrink,-0.0172208810688655,0.2669559947854685
2018-12-31,20260910,2103,2019-09-20,-0.021176044981262,-0.004185199137269611,0.0011463872665226,rolling_shrink,-0.0188253927569108,0.2669559947854685
2018-12-31,20260910,2108,2019-09-27,0.0267538071924768,-0.004126938979431824,0.0011463872665226,rolling_shrink,-0.0186071539498572,0.2669559947854685
2018-12-31,20260910,2113,2019-10-11,-0.0201578763251421,-0.0015056386857743033,0.0011463872665226,rolling_shrink,-0.0087879315129756,0.2669559947854685
2018-12-31,20260910,2118,2019-10-18,0.0102552427470803,0.0010692100968932791,0.0011463872665226,rolling_shrink,0.0008572865490379,0.2669559947854685
2018-12-31,20260910,2123,2019-10-25,0.0151165947072713,-0.0013550305126760025,0.0011463872665226,rolling_shrink,-0.0082237629756879,0.2669559947854685
2018-12-31,20260910,2128,2019-11-01,-0.0038824321835717,-0.0011433894072092796,0.0011463872665226,rolling_shrink,-0.0074309689961528,0.2669559947854685
2018-12-31,20260910,2133,2019-11-08,-0.0187863101539271,-0.0024007258350791597,0.0011463872665226,rolling_shrink,-0.0121408704496875,0.2669559947854685
2018-12-31,20260910,2138,2019-11-15,-0.0060576496216228,-0.002537780321513937,0.0011463872665226,rolling_shrink,-0.0126542677477887,0.2669559947854685
2018-12-31,20260910,2143,2019-11-22,-0.0040145729517496,-0.0038943283088581416,0.0011463872665226,rolling_shrink,-0.0177358093270829,0.2669559947854685
2018-12-31,20260910,2148,2019-11-29,0.0192986069649145,-0.004397448566363869,0.0011463872665226,rolling_shrink,-0.0196204654776595,0.2669559947854685
2018-12-31,20260910,2153,2019-12-06,0.0156489398981463,0.00043026426265380547,0.0011463872665226,rolling_shrink,-0.0015361634828782,0.2669559947854685
2018-12-31,20260910,2158,2019-12-13,0.0110761047772312,0.0013091756437485374,0.0011463872665226,rolling_shrink,0.001756182065687,0.2669559947854685
2018-12-31,20260910,2163,2019-12-20,0.0002067407446153,0.0012433252533519054,0.0011463872665226,rolling_shrink,0.0015095107352696,0.2669559947854685
2018-12-31,20260910,2168,2019-12-27,0.0261485436506356,-0.0024094221461677078,0.0011463872665226,rolling_shrink,-0.0121734462721392,0.2669559947854685
2018-12-31,20260911,1929,2019-01-04,0.0122252589889202,0.0017402390521348867,0.0011463872665226,rolling_shrink,0.0033709178903414,0.2669559947854685
2018-12-31,20260911,1934,2019-01-11,0.0253451899757477,0.004563221543810462,0.0011463872665226,rolling_shrink,0.0139456288794847,0.2669559947854685
2018-12-31,20260911,1939,2019-01-18,0.0101675244727015,0.0036272635514542967,0.0011463872665226,rolling_shrink,0.0104395903913499,0.2669559947854685
2018-12-31,20260911,1944,2019-01-25,0.011454456904518,0.00593715246740216,0.0011463872665226,rolling_shrink,0.0190922858208125,0.2669559947854685
2018-12-31,20260911,1949,2019-02-01,0.0390794521900976,0.0019707766384707026,0.0011463872665226,rolling_shrink,0.0042344968727916,0.2669559947854685
2018-12-31,20260911,1954,2019-02-15,0.0622114887625429,0.0010936393697455688,0.0011463872665226,rolling_shrink,0.000948797035146,0.2669559947854685
2018-12-31,20260911,1959,2019-02-22,0.057941468462044,0.002020410767270133,0.0011463872665226,rolling_shrink,0.0044204231294367,0.2669559947854685
2018-12-31,20260911,1964,2019-03-01,-0.0314720436474369,-0.0012217516488490774,0.0011463872665226,rolling_shrink,-0.0077245089172277,0.2669559947854685
2018-12-31,20260911,1969,2019-03-08,0.0244706575909257,-0.00029332328554860436,0.0011463872665226,rolling_shrink,-0.0042466759356287,0.2669559947854685
2018-12-31,20260911,1974,2019-03-15,0.0060741040696496,0.0015650938797477087,0.0011463872665226,rolling_shrink,0.0027148353306374,0.2669559947854685
2018-12-31,20260911,1979,2019-03-22,0.0330284606666595,0.0026986679286865336,0.0011463872665226,rolling_shrink,0.0069611308665357,0.2669559947854685
2018-12-31,20260911,1984,2019-03-29,0.0398136969165658,0.00218296978286428,0.0011463872665226,rolling_shrink,0.0050293587546688,0.2669559947854685
2018-12-31,20260911,1993,2019-04-12,0.0171281082906651,0.0017757764325469667,0.0011463872665226,rolling_shrink,0.0035040386334835,0.2669559947854685
2018-12-31,20260911,1998,2019-04-19,-0.0555966233394814,0.0017498924984377779,0.0011463872665226,rolling_shrink,0.0034070790797938,0.2669559947854685
2018-12-31,20260911,2003,2019-04-26,-0.0566702082338871,0.0006524427145602665,0.0011463872665226,rolling_shrink,-0.0007038972807837,0.2669559947854685
2018-12-31,20260911,2010,2019-05-10,-0.010887544344571,0.0023610568201262814,0.0011463872665226,rolling_shrink,0.005696461351129,0.2669559947854685
2018-12-31,20260911,2015,2019-05-17,-0.011865534939242,0.0031927784998447184,0.0011463872665226,rolling_shrink,0.0088120373110801,0.2669559947854685
2018-12-31,20260911,2020,2019-05-24,0.013363580693648,0.004011763300255766,0.0011463872665226,rolling_shrink,0.011879901739707,0.2669559947854685
2018-12-31,20260911,2025,2019-05-31,0.0037988139350273,0.002430618095389388,0.0011463872665226,rolling_shrink,0.0059570334177687,0.2669559947854685
2018-12-31,20260911,2034,2019-06-14,0.0497668589441884,0.0006571815851489992,0.0011463872665226,rolling_shrink,-0.0006861457761114,0.2669559947854685
2018-12-31,20260911,2039,2019-06-21,0.0164272438880068,-0.0013271825200975168,0.0011463872665226,rolling_shrink,-0.0081194461851964,0.2669559947854685
2018-12-31,20260911,2044,2019-06-28,-0.0060471927228523,-0.0014281559737909524,0.0011463872665226,rolling_shrink,-0.008497686253469,0.2669559947854685
2018-12-31,20260911,2049,2019-07-05,-0.0214435915629233,0.0008875087092278255,0.0011463872665226,rolling_shrink,0.0001766448282499,0.2669559947854685
2018-12-31,20260911,2054,2019-07-12,0.005500126560918,-0.0014992206943222242,0.0011463872665226,rolling_shrink,-0.0087638901294613,0.2669559947854685
2018-12-31,20260911,2059,2019-07-19,0.011653336829684,0.0009462249916651779,0.0011463872665226,rolling_shrink,0.0003965922487397,0.2669559947854685
2018-12-31,20260911,2064,2019-07-26,-0.0346117357968243,0.002811410141211353,0.0011463872665226,rolling_shrink,0.0073834559490476,0.2669559947854685
2018-12-31,20260911,2069,2019-08-02,-0.0205509060495487,0.002638468694990569,0.0011463872665226,rolling_shrink,0.006735628405936,0.2669559947854685
2018-12-31,20260911,2074,2019-08-09,0.024167527899843,-0.000739257814675936,0.0011463872665226,rolling_shrink,-0.0059171180228562,0.2669559947854685
2018-12-31,20260911,2079,2019-08-16,0.0054416051262971,-0.001415001772662999,0.0011463872665226,rolling_shrink,-0.008448411461425,0.2669559947854685
2018-12-31,20260911,2084,2019-08-23,0.0125999637947373,-0.004661152488417511,0.0011463872665226,rolling_shrink,-0.0206082834222071,0.2669559947854685
2018-12-31,20260911,2089,2019-08-30,0.0466047443403643,0.0005318486386387933,0.0011463872665226,rolling_shrink,-0.0011556349389636,0.2669559947854685
2018-12-31,20260911,2094,2019-09-06,-0.0140091837144809,-0.0033590365905380704,0.0011463872665226,rolling_shrink,-0.0157306409518597,0.2669559947854685
2018-12-31,20260911,2103,2019-09-20,-0.021176044981262,-0.0009175569974204942,0.0011463872665226,rolling_shrink,-0.0065850153026601,0.2669559947854685
2018-12-31,20260911,2108,2019-09-27,0.0267538071924768,-0.0049866852427623495,0.0011463872665226,rolling_shrink,-0.0218277081989627,0.2669559947854685
2018-12-31,20260911,2113,2019-10-11,-0.0201578763251421,-0.001768021777769105,0.0011463872665226,rolling_shrink,-0.0097708017130086,0.2669559947854685
2018-12-31,20260911,2118,2019-10-18,0.0102552427470803,0.0009246148558723754,0.0011463872665226,rolling_shrink,0.0003156420688789,0.2669559947854685
2018-12-31,20260911,2123,2019-10-25,0.0151165947072713,4.4294437792830694e-05,0.0011463872665226,rolling_shrink,-0.0029819816416768,0.2669559947854685
2018-12-31,20260911,2128,2019-11-01,-0.0038824321835717,0.002887591867479441,0.0011463872665226,rolling_shrink,0.0076688277996753,0.2669559947854685
2018-12-31,20260911,2133,2019-11-08,-0.0187863101539271,-0.0019134616805763665,0.0011463872665226,rolling_shrink,-0.0103156102419354,0.2669559947854685
2018-12-31,20260911,2138,2019-11-15,-0.0060576496216228,-0.001086257542049177,0.0011463872665226,rolling_shrink,-0.0072169567009578,0.2669559947854685
2018-12-31,20260911,2143,2019-11-22,-0.0040145729517496,-0.0001823166262391973,0.0011463872665226,rolling_shrink,-0.0038308521239229,0.2669559947854685
2018-12-31,20260911,2148,2019-11-29,0.0192986069649145,0.0025513969126998567,0.0011463872665226,rolling_shrink,0.006409463105319,0.2669559947854685
2018-12-31,20260911,2153,2019-12-06,0.0156489398981463,0.0005059862025684765,0.0011463872665226,rolling_shrink,-0.0012525139623813,0.2669559947854685
2018-12-31,20260911,2158,2019-12-13,0.0110761047772312,0.000302161642291708,0.0011463872665226,rolling_shrink,-0.0020160276659809,0.2669559947854685
2018-12-31,20260911,2163,2019-12-20,0.0002067407446153,0.00017106642404540078,0.0011463872665226,rolling_shrink,-0.0025071019284325,0.2669559947854685
2018-12-31,20260911,2168,2019-12-27,0.0261485436506356,-0.0033055749839711024,0.0011463872665226,rolling_shrink,-0.015530377209478,0.2669559947854685
2018-12-31,20260912,1929,2019-01-04,0.0122252589889202,0.002273054952351473,0.0011463872665226,rolling_shrink,0.0053668120100624,0.2669559947854685
2018-12-31,20260912,1934,2019-01-11,0.0253451899757477,-0.001005845899450625,0.0011463872665226,rolling_shrink,-0.0069157398556003,0.2669559947854685
2018-12-31,20260912,1939,2019-01-18,0.0101675244727015,0.0016897725239950322,0.0011463872665226,rolling_shrink,0.0031818735192629,0.2669559947854685
2018-12-31,20260912,1944,2019-01-25,0.011454456904518,0.0019330220660876607,0.0011463872665226,rolling_shrink,0.0040930706710186,0.2669559947854685
2018-12-31,20260912,1949,2019-02-01,0.0390794521900976,0.003559805540368238,0.0011463872665226,rolling_shrink,0.0101868970171469,0.2669559947854685
2018-12-31,20260912,1954,2019-02-15,0.0622114887625429,0.003854671932862195,0.0011463872665226,rolling_shrink,0.0112914475732448,0.2669559947854685
2018-12-31,20260912,1959,2019-02-22,0.057941468462044,0.0018842282507418712,0.0011463872665226,rolling_shrink,0.0039102921745664,0.2669559947854685
2018-12-31,20260912,1964,2019-03-01,-0.0314720436474369,-0.0010982983337571072,0.0011463872665226,rolling_shrink,-0.0072620607328699,0.2669559947854685
2018-12-31,20260912,1969,2019-03-08,0.0244706575909257,0.00034852440742813974,0.0011463872665226,rolling_shrink,-0.0018423557273766,0.2669559947854685
2018-12-31,20260912,1974,2019-03-15,0.0060741040696496,-0.0007479827110689135,0.0011463872665226,rolling_shrink,-0.0059498009240212,0.2669559947854685
2018-12-31,20260912,1979,2019-03-22,0.0330284606666595,-0.00015643983845610898,0.0011463872665226,rolling_shrink,-0.0037339193399115,0.2669559947854685
2018-12-31,20260912,1984,2019-03-29,0.0398136969165658,0.0012172826826151663,0.0011463872665226,rolling_shrink,0.0014119569389682,0.2669559947854685
2018-12-31,20260912,1993,2019-04-12,0.0171281082906651,0.0017123149305121705,0.0011463872665226,rolling_shrink,0.0032663159253428,0.2669559947854685
2018-12-31,20260912,1998,2019-04-19,-0.0555966233394814,0.0029611535497898354,0.0011463872665226,rolling_shrink,0.0079443851340199,0.2669559947854685
2018-12-31,20260912,2003,2019-04-26,-0.0566702082338871,-0.002472621419376672,0.0011463872665226,rolling_shrink,-0.012410186687951,0.2669559947854685
2018-12-31,20260912,2010,2019-05-10,-0.010887544344571,-0.0017712115197570425,0.0011463872665226,rolling_shrink,-0.0097827502815002,0.2669559947854685
2018-12-31,20260912,2015,2019-05-17,-0.011865534939242,0.0030990899283028766,0.0011463872665226,rolling_shrink,0.0084610859431697,0.2669559947854685
2018-12-31,20260912,2020,2019-05-24,0.013363580693648,0.003929250992144209,0.0011463872665226,rolling_shrink,0.0115708159363413,0.2669559947854685
2018-12-31,20260912,2025,2019-05-31,0.0037988139350273,0.005498038250168723,0.0011463872665226,rolling_shrink,0.0174473921836184,0.2669559947854685
2018-12-31,20260912,2034,2019-06-14,0.0497668589441884,0.004588742787104446,0.0011463872665226,rolling_shrink,0.0140412298166897,0.2669559947854685
2018-12-31,20260912,2039,2019-06-21,0.0164272438880068,0.0029738981069682164,0.0011463872665226,rolling_shrink,0.0079921254261554,0.2669559947854685
2018-12-31,20260912,2044,2019-06-28,-0.0060471927228523,0.0032633629400129933,0.0011463872665226,rolling_shrink,0.0090764420876988,0.2669559947854685
2018-12-31,20260912,2049,2019-07-05,-0.0214435915629233,0.005429002141283881,0.0011463872665226,rolling_shrink,0.0171887873564808,0.2669559947854685
2018-12-31,20260912,2054,2019-07-12,0.005500126560918,0.0016999917112715183,0.0011463872665226,rolling_shrink,0.0032201539380439,0.2669559947854685
2018-12-31,20260912,2059,2019-07-19,0.011653336829684,-0.0013321145482031362,0.0011463872665226,rolling_shrink,-0.0081379212455133,0.2669559947854685
2018-12-31,20260912,2064,2019-07-26,-0.0346117357968243,-0.0013795706421738142,0.0011463872665226,rolling_shrink,-0.0083156887236657,0.2669559947854685
2018-12-31,20260912,2069,2019-08-02,-0.0205509060495487,-0.0020847341938780503,0.0011463872665226,rolling_shrink,-0.0109571860695894,0.2669559947854685
2018-12-31,20260912,2074,2019-08-09,0.024167527899843,-0.0007684810911369891,0.0011463872665226,rolling_shrink,-0.0060265865383864,0.2669559947854685
2018-12-31,20260912,2079,2019-08-16,0.0054416051262971,-2.6199049134041424e-05,0.0011463872665226,rolling_shrink,-0.0032460457132985,0.2669559947854685
2018-12-31,20260912,2084,2019-08-23,0.0125999637947373,-0.0009337584864985322,0.0011463872665226,rolling_shrink,-0.006645705039525,0.2669559947854685
2018-12-31,20260912,2089,2019-08-30,0.0466047443403643,0.0007324818622929255,0.0011463872665226,rolling_shrink,-0.0004040757772547,0.2669559947854685
2018-12-31,20260912,2094,2019-09-06,-0.0140091837144809,-0.00020495949474568214,0.0011463872665226,rolling_shrink,-0.0039156708541585,0.2669559947854685
2018-12-31,20260912,2103,2019-09-20,-0.021176044981262,-0.0021322323389577243,0.0011463872665226,rolling_shrink,-0.0111351110684936,0.2669559947854685
2018-12-31,20260912,2108,2019-09-27,0.0267538071924768,0.0014863871084107414,0.0011463872665226,rolling_shrink,0.0024200048234588,0.2669559947854685
2018-12-31,20260912,2113,2019-10-11,-0.0201578763251421,0.0037771788262226953,0.0011463872665226,rolling_shrink,0.0110011633760243,0.2669559947854685
2018-12-31,20260912,2118,2019-10-18,0.0102552427470803,0.0012092831973828703,0.0011463872665226,rolling_shrink,0.0013819913813911,0.2669559947854685
2018-12-31,20260912,2123,2019-10-25,0.0151165947072713,0.0015190929490485757,0.0011463872665226,rolling_shrink,0.0025425188005812,0.2669559947854685
2018-12-31,20260912,2128,2019-11-01,-0.0038824321835717,0.001282892519406469,0.0011463872665226,rolling_shrink,0.0016577271710397,0.2669559947854685
2018-12-31,20260912,2133,2019-11-08,-0.0187863101539271,0.0026102627955011627,0.0011463872665226,rolling_shrink,0.0066299709191578,0.2669559947854685
2018-12-31,20260912,2138,2019-11-15,-0.0060576496216228,-0.0023667223161166536,0.0011463872665226,rolling_shrink,-0.0120134954529588,0.2669559947854685
2018-12-31,20260912,2143,2019-11-22,-0.0040145729517496,-0.0027878776386544824,0.0011463872665226,rolling_shrink,-0.0135911162247878,0.2669559947854685
2018-12-31,20260912,2148,2019-11-29,0.0192986069649145,0.0021039054885098702,0.0011463872665226,rolling_shrink,0.0047331889892438,0.2669559947854685
2018-12-31,20260912,2153,2019-12-06,0.0156489398981463,-0.0016503455290801097,0.0011463872665226,rolling_shrink,-0.0093299940481215,0.2669559947854685
2018-12-31,20260912,2158,2019-12-13,0.0110761047772312,-0.0020942788506545192,0.0011463872665226,rolling_shrink,-0.0109929397404674,0.2669559947854685
2018-12-31,20260912,2163,2019-12-20,0.0002067407446153,-0.001883503572797476,0.0011463872665226,rolling_shrink,-0.010203389095514,0.2669559947854685
2018-12-31,20260912,2168,2019-12-27,0.0261485436506356,0.0021966655692023684,0.0011463872665226,rolling_shrink,0.0050806622901039,0.2669559947854685
2019-12-31,20260910,2172,2020-01-03,0.0112631415452417,-0.0023296473884475734,0.0017267351812499,rolling_shrink,-0.0026866802952702,0.9191028107999157
2019-12-31,20260910,2177,2020-01-10,0.000914342213572,0.01625283780595058,0.0017267351812499,rolling_shrink,0.017531389953286,0.9191028107999157
2019-12-31,20260910,2182,2020-01-17,-0.0715388636069378,0.006116127151167037,0.0017267351812499,rolling_shrink,0.0065024707337252,0.9191028107999157
2019-12-31,20260910,2191,2020-02-07,0.0328687599583719,0.007676633971859784,0.0017267351812499,rolling_shrink,0.0082003295612209,0.9191028107999157
2019-12-31,20260910,2196,2020-02-14,0.0330503919092921,-0.0029390893262086016,0.0017267351812499,rolling_shrink,-0.0033497638269489,0.9191028107999157
2019-12-31,20260910,2201,2020-02-21,-0.0394497366790582,-0.0030950962557841624,0.0017267351812499,rolling_shrink,-0.0035195021062169,0.9191028107999157
2019-12-31,20260910,2206,2020-02-28,0.0237449733423367,0.01170491758315966,0.0017267351812499,rolling_shrink,0.0125831728775132,0.9191028107999157
2019-12-31,20260910,2211,2020-03-06,-0.040171495515717,0.009352495070385086,0.0017267351812499,rolling_shrink,0.0100236958689213,0.9191028107999157
2019-12-31,20260910,2216,2020-03-13,-0.0915879031554979,0.006248096468782438,0.0017267351812499,rolling_shrink,0.0066460556690172,0.9191028107999157
2019-12-31,20260910,2221,2020-03-20,0.0323992006051916,0.0023401016631568274,0.0017267351812499,rolling_shrink,0.0023940886858846,0.9191028107999157
2019-12-31,20260910,2226,2020-03-27,0.0334795185729988,0.011315301424744734,0.0017267351812499,rolling_shrink,0.0121592636544788,0.9191028107999157
2019-12-31,20260910,2231,2020-04-03,-0.0074604950911528,0.01224426665243193,0.0017267351812499,rolling_shrink,0.013169994137262,0.9191028107999157
2019-12-31,20260910,2235,2020-04-10,0.0249886051960306,0.012731636304809382,0.0017267351812499,rolling_shrink,0.0137002608785347,0.9191028107999157
2019-12-31,20260910,2240,2020-04-17,-0.009736156402615,0.009275848619690948,0.0017267351812499,rolling_shrink,0.0099403031844539,0.9191028107999157
2019-12-31,20260910,2245,2020-04-24,0.0437865347345864,0.015984439082719053,0.0017267351812499,rolling_shrink,0.0172393674286264,0.9191028107999157
2019-12-31,20260910,2252,2020-05-08,-0.0151204097857481,0.011670170104089285,0.0017267351812499,rolling_shrink,0.012545367010028,0.9191028107999157
2019-12-31,20260910,2257,2020-05-15,-0.022055555271722,0.008293795417004503,0.0017267351812499,rolling_shrink,0.0088718120525078,0.9191028107999157
2019-12-31,20260910,2262,2020-05-22,0.0191755130187654,0.006467554614063206,0.0017267351812499,rolling_shrink,0.0068848299853418,0.9191028107999157
2019-12-31,20260910,2267,2020-05-29,0.0312374254497365,0.003896232274994865,0.0017267351812499,rolling_shrink,0.0040871861212887,0.9191028107999157
2019-12-31,20260910,2272,2020-06-05,-0.010100382492339,-0.00038321690973175154,0.0017267351812499,rolling_shrink,-0.0005689297500164,0.9191028107999157
2019-12-31,20260910,2277,2020-06-12,0.0287574347785699,-0.010892021313795058,0.0017267351812499,rolling_shrink,-0.0120026935037332,0.9191028107999157
2019-12-31,20260910,2282,2020-06-19,0.0898838562932122,0.009397505599778797,0.0017267351812499,rolling_shrink,0.0100726681154043,0.9191028107999157
2019-12-31,20260910,2290,2020-07-03,0.0619282952028859,-0.002434751139754724,0.0017267351812499,rolling_shrink,-0.0028010350225892,0.9191028107999157
2019-12-31,20260910,2295,2020-07-10,-0.0306112766401609,-0.00634691773353501,0.0017267351812499,rolling_shrink,-0.0070575409845016,0.9191028107999157
2019-12-31,20260910,2300,2020-07-17,-0.0135277995301487,-0.008742736417763911,0.0017267351812499,rolling_shrink,-0.0096642337897861,0.9191028107999157
2019-12-31,20260910,2305,2020-07-24,0.0442975869953978,-0.00560483423301068,0.0017267351812499,rolling_shrink,-0.0062501411030036,0.9191028107999157
2019-12-31,20260910,2310,2020-07-31,-0.0114318292193668,0.004478191748406138,0.0017267351812499,rolling_shrink,0.0047203682490909,0.9191028107999157
2019-12-31,20260910,2315,2020-08-07,0.0096886640921363,0.008298911186420501,0.0017267351812499,rolling_shrink,0.0088773780994787,0.9191028107999157
2019-12-31,20260910,2320,2020-08-14,0.0040785933083991,0.004311735729510489,0.0017267351812499,rolling_shrink,0.0045392611771293,0.9191028107999157
2019-12-31,20260910,2325,2020-08-21,0.0262367267824037,0.014047189355797978,0.0017267351812499,rolling_shrink,0.0151316057025633,0.9191028107999157
2019-12-31,20260910,2330,2020-08-28,-0.0228724288790846,0.01622453079091155,0.0017267351812499,rolling_shrink,0.0175005914237783,0.9191028107999157
2019-12-31,20260910,2335,2020-09-04,-0.0225800080680405,0.012741333764263006,0.0017267351812499,rolling_shrink,0.013710811884733,0.9191028107999157
2019-12-31,20260910,2340,2020-09-11,0.0212164529615974,0.009438123104089247,0.0017267351812499,rolling_shrink,0.0101168606734437,0.9191028107999157
2019-12-31,20260910,2345,2020-09-18,-0.035383886754723,0.01180968682786673,0.0017267351812499,rolling_shrink,0.0126971636557765,0.9191028107999157
2019-12-31,20260910,2350,2020-09-25,0.0267399866889246,0.014205395625869519,0.0017267351812499,rolling_shrink,0.0153037369029171,0.9191028107999157
2019-12-31,20260910,2354,2020-10-09,0.0251424490828213,0.013814300043336999,0.0017267351812499,rolling_shrink,0.0148782180404602,0.9191028107999157
2019-12-31,20260910,2359,2020-10-16,-0.0289085288867603,0.012898262606956114,0.0017267351812499,rolling_shrink,0.0138815532216641,0.9191028107999157
2019-12-31,20260910,2364,2020-10-23,0.0039922716452642,0.01720170698432772,0.0017267351812499,rolling_shrink,0.0185637762839853,0.9191028107999157
2019-12-31,20260910,2369,2020-10-30,0.0459539631066927,0.018305001861806284,0.0017267351812499,rolling_shrink,0.0197641804874262,0.9191028107999157
2019-12-31,20260910,2374,2020-11-06,-0.0077050373460516,0.01815781249388849,0.0017267351812499,rolling_shrink,0.0196040358701013,0.9191028107999157
2019-12-31,20260910,2379,2020-11-13,0.0150871959614502,0.009740547774038941,0.0017267351812499,rolling_shrink,0.0104459040257173,0.9191028107999157
2019-12-31,20260910,2384,2020-11-20,0.0079744076212002,0.008162003452526065,0.0017267351812499,rolling_shrink,0.0087284200805436,0.9191028107999157
2019-12-31,20260910,2389,2020-11-27,0.0143408935726285,-0.004083044935299746,0.0017267351812499,rolling_shrink,-0.0045944076204931,0.9191028107999157
2019-12-31,20260910,2394,2020-12-04,-0.0319993367194855,-0.004038203679173514,0.0017267351812499,rolling_shrink,-0.004545619546298,0.9191028107999157
2019-12-31,20260910,2399,2020-12-11,0.018788122268605,-0.008672823730366467,0.0017267351812499,rolling_shrink,-0.009588167558048,0.9191028107999157
2019-12-31,20260910,2404,2020-12-18,0.0094440085192242,-0.0006370445981839468,0.0017267351812499,rolling_shrink,-0.0008450987329306,0.9191028107999157
2019-12-31,20260911,2172,2020-01-03,0.0112631415452417,0.004685623411830732,0.0017267351812499,rolling_shrink,0.0049460575419395,0.9191028107999157
2019-12-31,20260911,2177,2020-01-10,0.000914342213572,0.011494366686089021,0.0017267351812499,rolling_shrink,0.0123540898036758,0.9191028107999157
2019-12-31,20260911,2182,2020-01-17,-0.0715388636069378,-0.003922920504193118,0.0017267351812499,rolling_shrink,-0.0044201894272452,0.9191028107999157
2019-12-31,20260911,2191,2020-02-07,0.0328687599583719,-0.00042293027663771574,0.0017267351812499,rolling_shrink,-0.0006121385906807,0.9191028107999157
2019-12-31,20260911,2196,2020-02-14,0.0330503919092921,0.004731403750797357,0.0017267351812499,rolling_shrink,0.0049958673547577,0.9191028107999157
2019-12-31,20260911,2201,2020-02-21,-0.0394497366790582,0.006504131779596928,0.0017267351812499,rolling_shrink,0.0069246265838332,0.9191028107999157
2019-12-31,20260911,2206,2020-02-28,0.0237449733423367,0.01685921908911979,0.0017267351812499,rolling_shrink,0.0181911434390157,0.9191028107999157
2019-12-31,20260911,2211,2020-03-06,-0.040171495515717,0.014686244015519979,0.0017267351812499,rolling_shrink,0.0158269083958124,0.9191028107999157
2019-12-31,20260911,2216,2020-03-13,-0.0915879031554979,0.009742850536865376,0.0017267351812499,rolling_shrink,0.010448409472115,0.9191028107999157
2019-12-31,20260911,2221,2020-03-20,0.0323992006051916,-0.001691847532469291,0.0017267351812499,rolling_shrink,-0.0019927428505319,0.9191028107999157
2019-12-31,20260911,2226,2020-03-27,0.0334795185729988,0.0046816721536159615,0.0017267351812499,rolling_shrink,0.0049417585036074,0.9191028107999157
2019-12-31,20260911,2231,2020-04-03,-0.0074604950911528,-0.0029759807986684712,0.0017267351812499,rolling_shrink,-0.003389902396896,0.9191028107999157
2019-12-31,20260911,2235,2020-04-10,0.0249886051960306,-0.0005617525356259314,0.0017267351812499,rolling_shrink,-0.0007631796465419,0.9191028107999157
2019-12-31,20260911,2240,2020-04-17,-0.009736156402615,0.0012180809304703612,0.0017267351812499,rolling_shrink,0.0011733104231025,0.9191028107999157
2019-12-31,20260911,2245,2020-04-24,0.0437865347345864,0.007657154214322101,0.0017267351812499,rolling_shrink,0.0081791352429044,0.9191028107999157
2019-12-31,20260911,2252,2020-05-08,-0.0151204097857481,-0.0041215422818359475,0.0017267351812499,rolling_shrink,-0.0046362934096386,0.9191028107999157
2019-12-31,20260911,2257,2020-05-15,-0.022055555271722,0.004633800744405553,0.0017267351812499,rolling_shrink,0.0048896735696393,0.9191028107999157
2019-12-31,20260911,2262,2020-05-22,0.0191755130187654,0.00021385454572626244,0.0017267351812499,rolling_shrink,8.069447965859092e-05,0.9191028107999157
2019-12-31,20260911,2267,2020-05-29,0.0312374254497365,0.00045986839431749965,0.0017267351812499,rolling_shrink,0.0003483618675726,0.9191028107999157
2019-12-31,20260911,2272,2020-06-05,-0.010100382492339,0.001859145773366832,0.0017267351812499,rolling_shrink,0.0018708002309495,0.9191028107999157
2019-12-31,20260911,2277,2020-06-12,0.0287574347785699,-0.0077749474168101,0.0017267351812499,rolling_shrink,-0.0086112623598418,0.9191028107999157
2019-12-31,20260911,2282,2020-06-19,0.0898838562932122,0.00725008311368277,0.0017267351812499,rolling_shrink,0.0077362347361754,0.9191028107999157
2019-12-31,20260911,2290,2020-07-03,0.0619282952028859,-0.005717488622427521,0.0017267351812499,rolling_shrink,-0.0063727110571949,0.9191028107999157
2019-12-31,20260911,2295,2020-07-10,-0.0306112766401609,0.001330577560433956,0.0017267351812499,rolling_shrink,0.001295708732238,0.9191028107999157
2019-12-31,20260911,2300,2020-07-17,-0.0135277995301487,0.0006879730100179924,0.0017267351812499,rolling_shrink,0.0005965436955685,0.9191028107999157
2019-12-31,20260911,2305,2020-07-24,0.0442975869953978,-5.790701921876856e-05,0.0017267351812499,rolling_shrink,-0.0002149868758456,0.9191028107999157
2019-12-31,20260911,2310,2020-07-31,-0.0114318292193668,-0.004291845732622342,0.0017267351812499,rolling_shrink,-0.0048215865550683,0.9191028107999157
2019-12-31,20260911,2315,2020-08-07,0.0096886640921363,0.010772771310824181,0.0017267351812499,rolling_shrink,0.0115689813622852,0.9191028107999157
2019-12-31,20260911,2320,2020-08-14,0.0040785933083991,-0.001330898145285805,0.0017267351812499,rolling_shrink,-0.0016000235780608,0.9191028107999157
2019-12-31,20260911,2325,2020-08-21,0.0262367267824037,-0.006791279048197312,0.0017267351812499,rolling_shrink,-0.0075410138990013,0.9191028107999157
2019-12-31,20260911,2330,2020-08-28,-0.0228724288790846,-0.006433376377830538,0.0017267351812499,rolling_shrink,-0.0071516095079351,0.9191028107999157
2019-12-31,20260911,2335,2020-09-04,-0.0225800080680405,-0.0010902491280900047,0.0017267351812499,rolling_shrink,-0.0013381932209255,0.9191028107999157
2019-12-31,20260911,2340,2020-09-11,0.0212164529615974,0.00290981382177682,0.0017267351812499,rolling_shrink,0.003013945520099,0.9191028107999157
2019-12-31,20260911,2345,2020-09-18,-0.035383886754723,0.006064504056520149,0.0017267351812499,rolling_shrink,0.0064463039001128,0.9191028107999157
2019-12-31,20260911,2350,2020-09-25,0.0267399866889246,0.014229748352742782,0.0017267351812499,rolling_shrink,0.0153302330974528,0.9191028107999157
2019-12-31,20260911,2354,2020-10-09,0.0251424490828213,0.0004411035032396279,0.0017267351812499,rolling_shrink,0.0003279453365193,0.9191028107999157
2019-12-31,20260911,2359,2020-10-16,-0.0289085288867603,0.010466252570965184,0.0017267351812499,rolling_shrink,0.0112354835900477,0.9191028107999157
2019-12-31,20260911,2364,2020-10-23,0.0039922716452642,0.013825112524790805,0.0017267351812499,rolling_shrink,0.0148899822101774,0.9191028107999157
2019-12-31,20260911,2369,2020-10-30,0.0459539631066927,0.013365359866591422,0.0017267351812499,rolling_shrink,0.0143897632435971,0.9191028107999157
2019-12-31,20260911,2374,2020-11-06,-0.0077050373460516,0.004749249758708677,0.0017267351812499,rolling_shrink,0.0050152841247878,0.9191028107999157
2019-12-31,20260911,2379,2020-11-13,0.0150871959614502,0.004494127271158467,0.0017267351812499,rolling_shrink,0.0047377063777149,0.9191028107999157
2019-12-31,20260911,2384,2020-11-20,0.0079744076212002,0.004570573947077575,0.0017267351812499,rolling_shrink,0.0048208817037185,0.9191028107999157
2019-12-31,20260911,2389,2020-11-27,0.0143408935726285,-0.0016393619117462206,0.0017267351812499,rolling_shrink,-0.0019356375734004,0.9191028107999157
2019-12-31,20260911,2394,2020-12-04,-0.0319993367194855,-0.007666505063398158,0.0017267351812499,rolling_shrink,-0.0084932751747982,0.9191028107999157
2019-12-31,20260911,2399,2020-12-11,0.018788122268605,-0.009610114455654932,0.0017267351812499,rolling_shrink,-0.0106079563284389,0.9191028107999157
2019-12-31,20260911,2404,2020-12-18,0.0094440085192242,-0.006422021737128878,0.0017267351812499,rolling_shrink,-0.0071392554594345,0.9191028107999157
2019-12-31,20260912,2172,2020-01-03,0.0112631415452417,0.010645070588300694,0.0017267351812499,rolling_shrink,0.0114300407334209,0.9191028107999157
2019-12-31,20260912,2177,2020-01-10,0.000914342213572,0.00825615332466196,0.0017267351812499,rolling_shrink,0.0088308567949455,0.9191028107999157
2019-12-31,20260912,2182,2020-01-17,-0.0715388636069378,0.006966766123277251,0.0017267351812499,rolling_shrink,0.0074279808748267,0.9191028107999157
2019-12-31,20260912,2191,2020-02-07,0.0328687599583719,-0.006218013110446123,0.0017267351812499,rolling_shrink,-0.0069172904906785,0.9191028107999157
2019-12-31,20260912,2196,2020-02-14,0.0330503919092921,-0.008692239656934608,0.0017267351812499,rolling_shrink,-0.0096092924271486,0.9191028107999157
2019-12-31,20260912,2201,2020-02-21,-0.0394497366790582,-0.0011194774502562754,0.0017267351812499,rolling_shrink,-0.0013699941487682,0.9191028107999157
2019-12-31,20260912,2206,2020-02-28,0.0237449733423367,0.0025692396941748973,0.0017267351812499,rolling_shrink,0.0026433948878955,0.9191028107999157
2019-12-31,20260912,2211,2020-03-06,-0.040171495515717,0.00024195613008147878,0.0017267351812499,rolling_shrink,0.0001112694969744,0.9191028107999157
2019-12-31,20260912,2216,2020-03-13,-0.0915879031554979,0.0036870313221319907,0.0017267351812499,rolling_shrink,0.0038595718104579,0.9191028107999157
2019-12-31,20260912,2221,2020-03-20,0.0323992006051916,0.0034294196287651124,0.0017267351812499,rolling_shrink,0.0035792857637395,0.9191028107999157
2019-12-31,20260912,2226,2020-03-27,0.0334795185729988,0.011687472336778835,0.0017267351812499,rolling_shrink,0.0125641921430667,0.9191028107999157
2019-12-31,20260912,2231,2020-04-03,-0.0074604950911528,0.004302228550985145,0.0017267351812499,rolling_shrink,0.0045289171999228,0.9191028107999157
2019-12-31,20260912,2235,2020-04-10,0.0249886051960306,0.005680623393516894,0.0017267351812499,rolling_shrink,0.0060286349968166,0.9191028107999157
2019-12-31,20260912,2240,2020-04-17,-0.009736156402615,0.006897384687303736,0.0017267351812499,rolling_shrink,0.007352492653968,0.9191028107999157
2019-12-31,20260912,2245,2020-04-24,0.0437865347345864,0.0011110377579713992,0.0017267351812499,rolling_shrink,0.0010568455714655,0.9191028107999157
2019-12-31,20260912,2252,2020-05-08,-0.0151204097857481,0.002435634253471446,0.0017267351812499,rolling_shrink,0.0024980298219491,0.9191028107999157
2019-12-31,20260912,2257,2020-05-15,-0.022055555271722,0.004526137694413274,0.0017267351812499,rolling_shrink,0.0047725342804029,0.9191028107999157
2019-12-31,20260912,2262,2020-05-22,0.0191755130187654,0.0029828389759296347,0.0017267351812499,rolling_shrink,0.00309339817033,0.9191028107999157
2019-12-31,20260912,2267,2020-05-29,0.0312374254497365,0.005780554008334071,0.0017267351812499,rolling_shrink,0.0061373612607807,0.9191028107999157
2019-12-31,20260912,2272,2020-06-05,-0.010100382492339,-0.0030271437447435875,0.0017267351812499,rolling_shrink,-0.0034455685807809,0.9191028107999157
2019-12-31,20260912,2277,2020-06-12,0.0287574347785699,-0.007151275212768743,0.0017267351812499,rolling_shrink,-0.0079326960485294,0.9191028107999157
2019-12-31,20260912,2282,2020-06-19,0.0898838562932122,0.005947458661987349,0.0017267351812499,rolling_shrink,0.0063189564552378,0.9191028107999157
2019-12-31,20260912,2290,2020-07-03,0.0619282952028859,0.0006621080345570833,0.0017267351812499,rolling_shrink,0.0005684021480104,0.9191028107999157
2019-12-31,20260912,2295,2020-07-10,-0.0306112766401609,-0.0007392216187372817,0.0017267351812499,rolling_shrink,-0.0009562691257884,0.9191028107999157
2019-12-31,20260912,2300,2020-07-17,-0.0135277995301487,-0.013366247860283542,0.0017267351812499,rolling_shrink,-0.0146946954402033,0.9191028107999157
2019-12-31,20260912,2305,2020-07-24,0.0442975869953978,-0.01165103537300891,0.0017267351812499,rolling_shrink,-0.0128285141304303,0.9191028107999157
2019-12-31,20260912,2310,2020-07-31,-0.0114318292193668,-0.0002619103939863925,0.0017267351812499,rolling_shrink,-0.0004369461304257,0.9191028107999157
2019-12-31,20260912,2315,2020-08-07,0.0096886640921363,0.0014094529441462974,0.0017267351812499,rolling_shrink,0.0013815265349751,0.9191028107999157
2019-12-31,20260912,2320,2020-08-14,0.0040785933083991,0.014561890782957812,0.0017267351812499,rolling_shrink,0.0156916098948167,0.9191028107999157
2019-12-31,20260912,2325,2020-08-21,0.0262367267824037,0.019933400998511375,0.0017267351812499,rolling_shrink,0.02153590734711,0.9191028107999157
2019-12-31,20260912,2330,2020-08-28,-0.0228724288790846,0.020727686112343623,0.0017267351812499,rolling_shrink,0.0224001035006839,0.9191028107999157
2019-12-31,20260912,2335,2020-09-04,-0.0225800080680405,0.013764833465877351,0.0017267351812499,rolling_shrink,0.0148243975354216,0.9191028107999157
2019-12-31,20260912,2340,2020-09-11,0.0212164529615974,0.016766237566123263,0.0017267351812499,rolling_shrink,0.0180899779089967,0.9191028107999157
2019-12-31,20260912,2345,2020-09-18,-0.035383886754723,0.017379709742823962,0.0017267351812499,rolling_shrink,0.0187574464114233,0.9191028107999157
2019-12-31,20260912,2350,2020-09-25,0.0267399866889246,0.0151208690873547,0.0017267351812499,rolling_shrink,0.0162997881071218,0.9191028107999157
2019-12-31,20260912,2354,2020-10-09,0.0251424490828213,0.017906942239694402,0.0017267351812499,rolling_shrink,0.0193310846276002,0.9191028107999157
2019-12-31,20260912,2359,2020-10-16,-0.0289085288867603,0.01622562480525084,0.0017267351812499,rolling_shrink,0.0175017817305932,0.9191028107999157
2019-12-31,20260912,2364,2020-10-23,0.0039922716452642,0.01079454817527969,0.0017267351812499,rolling_shrink,0.0115926749732715,0.9191028107999157
2019-12-31,20260912,2369,2020-10-30,0.0459539631066927,0.010624655181867186,0.0017267351812499,rolling_shrink,0.0114078284126733,0.9191028107999157
2019-12-31,20260912,2374,2020-11-06,-0.0077050373460516,0.008204665971823821,0.0017267351812499,rolling_shrink,0.008774837650805,0.9191028107999157
2019-12-31,20260912,2379,2020-11-13,0.0150871959614502,0.007687477964804927,0.0017267351812499,rolling_shrink,0.0082121280159941,0.9191028107999157
2019-12-31,20260912,2384,2020-11-20,0.0079744076212002,0.010383031530404868,0.0017267351812499,rolling_shrink,0.0111449376363389,0.9191028107999157
2019-12-31,20260912,2389,2020-11-27,0.0143408935726285,-0.005444519116982293,0.0017267351812499,rolling_shrink,-0.0060757154412119,0.9191028107999157
2019-12-31,20260912,2394,2020-12-04,-0.0319993367194855,-0.003657312567909828,0.0017267351812499,rolling_shrink,-0.0041312033277988,0.9191028107999157
2019-12-31,20260912,2399,2020-12-11,0.018788122268605,-0.003443051798727662,0.0017267351812499,rolling_shrink,-0.003898083847949,0.9191028107999157
2019-12-31,20260912,2404,2020-12-18,0.0094440085192242,-0.0018424078219701704,0.0017267351812499,rolling_shrink,-0.0021565550897414,0.9191028107999157
2017-12-31,20260910,1687,2018-01-05,0.0214907567286908,0.005816291265117049,0.0021140284328226,half_shrink,0.0095185540974115,0.5
2017-12-31,20260910,1692,2018-01-12,0.0110264218031885,0.0030348231463474496,0.0021140284328226,half_shrink,0.0039556178598723,0.5
2017-12-31,20260910,1697,2018-01-19,0.0258577147560612,0.0009628398505627999,0.0021140284328226,half_shrink,-0.000188348731697,0.5
2017-12-31,20260910,1702,2018-01-26,-0.0416224077172412,0.0016620523980621998,0.0021140284328226,half_shrink,0.0012100763633018,0.5
2017-12-31,20260910,1707,2018-02-02,-0.0851928666225865,0.00053784928948945,0.0021140284328226,half_shrink,-0.0010383298538437,0.5
2017-12-31,20260910,1712,2018-02-09,0.0642518595938403,0.00188730388870645,0.0021140284328226,half_shrink,0.0016605793445903,0.5
2017-12-31,20260910,1717,2018-02-23,-0.0175257731958763,0.0086234399069273,0.0021140284328226,half_shrink,0.015132851381032,0.5
2017-12-31,20260910,1722,2018-03-02,0.0271156686542373,0.0035986596830483997,0.0021140284328226,half_shrink,0.0050832909332742,0.5
2017-12-31,20260910,1727,2018-03-09,-0.0184205620825476,0.004346115201157651,0.0021140284328226,half_shrink,0.0065782019694927,0.5
2017-12-31,20260910,1732,2018-03-16,-0.0473361252102539,0.00154835320243695,0.0021140284328226,half_shrink,0.0009826779720513,0.5
2017-12-31,20260910,1737,2018-03-23,0.0088849998317235,0.0011178298825653499,0.0021140284328226,half_shrink,0.0001216313323081,0.5
2017-12-31,20260910,1742,2018-03-30,-0.0088632053805354,0.0016192317928379499,0.0021140284328226,half_shrink,0.0011244351528533,0.5
2017-12-31,20260910,1750,2018-04-13,-0.0279044238531301,-0.0010650800719338997,0.0021140284328226,half_shrink,-0.0042441885766904,0.5
2017-12-31,20260910,1755,2018-04-20,0.0040589236395014,0.0017198672893502,0.0021140284328226,half_shrink,0.0013257061458778,0.5
2017-12-31,20260910,1760,2018-04-27,0.003344889692912,0.00500620882950235,0.0021140284328226,half_shrink,0.0078983892261821,0.5
2017-12-31,20260910,1763,2018-05-04,0.0275819951672684,0.00039527644550309987,0.0021140284328226,half_shrink,-0.0013234755418164,0.5
2017-12-31,20260910,1768,2018-05-11,0.0099488791752746,-0.0006382248065218503,0.0021140284328226,half_shrink,-0.0033904780458663,0.5
2017-12-31,20260910,1773,2018-05-18,-0.0278382082465087,0.0014942081880110498,0.0021140284328226,half_shrink,0.0008743879431995,0.5
2017-12-31,20260910,1778,2018-05-25,-0.0081414788300587,0.0019622475964170497,0.0021140284328226,half_shrink,0.0018104667600115,0.5
2017-12-31,20260910,1783,2018-06-01,-0.0039575292125362,-2.4775921313503237e-06,0.0021140284328226,half_shrink,-0.0021189836170853,0.5
2017-12-31,20260910,1788,2018-06-08,-0.0179141214945586,0.00031443997166189994,0.0021140284328226,half_shrink,-0.0014851484894988,0.5
2017-12-31,20260910,1793,2018-06-15,-0.0207606943097817,0.00250283734579395,0.0021140284328226,half_shrink,0.0028916462587653,0.5
2017-12-31,20260910,1797,2018-06-22,-0.0334657179105301,-4.3865347187650294e-05,0.0021140284328226,half_shrink,-0.0022017591271979,0.5
2017-12-31,20260910,1802,2018-06-29,-0.0358257762964908,-1.6057693846700024e-05,0.0021140284328226,half_shrink,-0.002146143820516,0.5
2017-12-31,20260910,1807,2018-07-06,0.0325726343702554,-0.0010642762267537502,0.0021140284328226,half_shrink,-0.0042425808863301,0.5
2017-12-31,20260910,1812,2018-07-13,-0.0049040261165902,-0.00012044822312014996,0.0021140284328226,half_shrink,-0.0023549248790629,0.5
2017-12-31,20260910,1817,2018-07-20,0.014110592016959,-0.0005474070893537503,0.0021140284328226,half_shrink,-0.0032088426115301,0.5
2017-12-31,20260910,1822,2018-07-27,-0.0590851640938977,-0.00022259797044585014,0.0021140284328226,half_shrink,-0.0025592243737143,0.5
2017-12-31,20260910,1827,2018-08-03,0.0172541822374894,0.0014890285335053,0.0021140284328226,half_shrink,0.000864028634188,0.5
2017-12-31,20260910,1832,2018-08-10,-0.0390981548851923,0.001093949120064819,0.0021140284328226,half_shrink,7.386980730703834e-05,0.5
2017-12-31,20260910,1837,2018-08-17,0.0312424727164923,0.0015685893255889998,0.0021140284328226,half_shrink,0.0010231502183554,0.5
2017-12-31,20260910,1842,2018-08-24,-0.005599825117761,0.0006424474622004498,0.0021140284328226,half_shrink,-0.0008291335084217,0.5
2017-12-31,20260910,1847,2018-08-31,-0.0148493234839747,-0.0010169090033867998,0.0021140284328226,half_shrink,-0.0041478464395962,0.5
2017-12-31,20260910,1852,2018-09-07,-0.0141989007697058,0.0010791620356441598,0.0021140284328226,half_shrink,4.429563846571972e-05,0.5
2017-12-31,20260910,1857,2018-09-14,0.0468351251034906,-0.00018862617867319983,0.0021140284328226,half_shrink,-0.002491280790169,0.5
2017-12-31,20260910,1862,2018-09-21,-0.00426840285903,0.00032158069694214995,0.0021140284328226,half_shrink,-0.0014708670389383,0.5
2017-12-31,20260910,1866,2018-09-28,-0.055840145646664,-0.00045492955006860023,0.0021140284328226,half_shrink,-0.0030238875329598,0.5
2017-12-31,20260910,1871,2018-10-12,-0.0045024181987176,0.0006517911959945499,0.0021140284328226,half_shrink,-0.0008104460408335,0.5
2017-12-31,20260910,1876,2018-10-19,-0.0006551545151857,0.0010487486780588113,0.0021140284328226,half_shrink,-1.653107670497719e-05,0.5
2017-12-31,20260910,1881,2018-10-26,0.0354648787486262,0.0006353018771802,0.0021140284328226,half_shrink,-0.0008434246784622,0.5
2017-12-31,20260910,1886,2018-11-02,-0.0334060260531522,0.0023017061255195996,0.0021140284328226,half_shrink,0.0024893838182166,0.5
2017-12-31,20260910,1891,2018-11-09,0.0311810774464045,0.0005413920399703,0.0021140284328226,half_shrink,-0.001031244352882,0.5
2017-12-31,20260910,1896,2018-11-16,-0.0337916834162372,0.0021188089777269,0.0021140284328226,half_shrink,0.0021235895226312,0.5
2017-12-31,20260910,1901,2018-11-23,0.0355769261307155,0.00177914198027355,0.0021140284328226,half_shrink,0.0014442555277245,0.5
2017-12-31,20260910,1906,2018-11-30,-0.0328672765580291,0.0029587232623046,0.0021140284328226,half_shrink,0.0038034180917866,0.5
2017-12-31,20260910,1911,2018-12-07,0.0015094243892539,0.00452808242319945,0.0021140284328226,half_shrink,0.0069421364135763,0.5
2017-12-31,20260910,1916,2018-12-14,-0.0452081512722115,0.004178642374648449,0.0021140284328226,half_shrink,0.0062432563164743,0.5
2017-12-31,20260910,1921,2018-12-21,0.0005206433427293,0.005510218652992151,0.0021140284328226,half_shrink,0.0089064088731617,0.5
2017-12-31,20260910,1926,2018-12-28,0.0126215169021599,0.0058103694509949,0.0021140284328226,half_shrink,0.0095067104691672,0.5
2017-12-31,20260911,1687,2018-01-05,0.0214907567286908,0.006167100655869751,0.0021140284328226,half_shrink,0.0102201728789169,0.5
2017-12-31,20260911,1692,2018-01-12,0.0110264218031885,0.0045970445640753,0.0021140284328226,half_shrink,0.007080060695328,0.5
2017-12-31,20260911,1697,2018-01-19,0.0258577147560612,0.0017286090228481998,0.0021140284328226,half_shrink,0.0013431896128738,0.5
2017-12-31,20260911,1702,2018-01-26,-0.0416224077172412,0.00119488785330995,0.0021140284328226,half_shrink,0.0002757472737973,0.5
2017-12-31,20260911,1707,2018-02-02,-0.0851928666225865,0.00540251223473825,0.0021140284328226,half_shrink,0.0086909960366539,0.5
2017-12-31,20260911,1712,2018-02-09,0.0642518595938403,0.0023641251786901,0.0021140284328226,half_shrink,0.0026142219245576,0.5
2017-12-31,20260911,1717,2018-02-23,-0.0175257731958763,0.0032502778428886003,0.0021140284328226,half_shrink,0.0043865272529546,0.5
2017-12-31,20260911,1722,2018-03-02,0.0271156686542373,0.0037255372234719,0.0021140284328226,half_shrink,0.0053370460141212,0.5
2017-12-31,20260911,1727,2018-03-09,-0.0184205620825476,0.005528564834291901,0.0021140284328226,half_shrink,0.0089431012357612,0.5
2017-12-31,20260911,1732,2018-03-16,-0.0473361252102539,0.00178546798118285,0.0021140284328226,half_shrink,0.0014569075295431,0.5
2017-12-31,20260911,1737,2018-03-23,0.0088849998317235,0.0026768357538995,0.0021140284328226,half_shrink,0.0032396430749764,0.5
2017-12-31,20260911,1742,2018-03-30,-0.0088632053805354,-0.0006175717949894002,0.0021140284328226,half_shrink,-0.0033491720228014,0.5
2017-12-31,20260911,1750,2018-04-13,-0.0279044238531301,-0.0023480889920209,0.0021140284328226,half_shrink,-0.0068102064168644,0.5
2017-12-31,20260911,1755,2018-04-20,0.0040589236395014,-0.0012073513911412003,0.0021140284328226,half_shrink,-0.004528731215105,0.5
2017-12-31,20260911,1760,2018-04-27,0.003344889692912,0.00279242698990115,0.0021140284328226,half_shrink,0.0034708255469797,0.5
2017-12-31,20260911,1763,2018-05-04,0.0275819951672684,0.00226804401791905,0.0021140284328226,half_shrink,0.0024220596030155,0.5
2017-12-31,20260911,1768,2018-05-11,0.0099488791752746,0.0049134666552829494,0.0021140284328226,half_shrink,0.0077129048777433,0.5
2017-12-31,20260911,1773,2018-05-18,-0.0278382082465087,0.00265583505005775,0.0021140284328226,half_shrink,0.0031976416672929,0.5
2017-12-31,20260911,1778,2018-05-25,-0.0081414788300587,0.0021225986257812496,0.0021140284328226,half_shrink,0.0021311688187399,0.5
2017-12-31,20260911,1783,2018-06-01,-0.0039575292125362,-0.0013725295367678502,0.0021140284328226,half_shrink,-0.0048590875063583,0.5
2017-12-31,20260911,1788,2018-06-08,-0.0179141214945586,-0.0009537072007257505,0.0021140284328226,half_shrink,-0.0040214428342741,0.5
2017-12-31,20260911,1793,2018-06-15,-0.0207606943097817,-0.00035330112030959983,0.0021140284328226,half_shrink,-0.0028206306734418,0.5
2017-12-31,20260911,1797,2018-06-22,-0.0334657179105301,0.0003888019464013499,0.0021140284328226,half_shrink,-0.0013364245400199,0.5
2017-12-31,20260911,1802,2018-06-29,-0.0358257762964908,0.0005448193716254498,0.0021140284328226,half_shrink,-0.0010243896895717,0.5
2017-12-31,20260911,1807,2018-07-06,0.0325726343702554,-0.0012595187122727502,0.0021140284328226,half_shrink,-0.0046330658573681,0.5
2017-12-31,20260911,1812,2018-07-13,-0.0049040261165902,0.0007724680394874499,0.0021140284328226,half_shrink,-0.0005690923538477,0.5
2017-12-31,20260911,1817,2018-07-20,0.014110592016959,-0.0005306970941626999,0.0021140284328226,half_shrink,-0.003175422621148,0.5
2017-12-31,20260911,1822,2018-07-27,-0.0590851640938977,0.00291083184970635,0.0021140284328226,half_shrink,0.0037076352665901,0.5
2017-12-31,20260911,1827,2018-08-03,0.0172541822374894,0.00020590717670594975,0.0021140284328226,half_shrink,-0.0017022140794107,0.5
2017-12-31,20260911,1832,2018-08-10,-0.0390981548851923,0.0006547159863512998,0.0021140284328226,half_shrink,-0.00080459646012,0.5
2017-12-31,20260911,1837,2018-08-17,0.0312424727164923,0.0009982158863064499,0.0021140284328226,half_shrink,-0.0001175966602097,0.5
2017-12-31,20260911,1842,2018-08-24,-0.005599825117761,0.00166333089625995,0.0021140284328226,half_shrink,0.0012126333596973,0.5
2017-12-31,20260911,1847,2018-08-31,-0.0148493234839747,0.0013120114537014998,0.0021140284328226,half_shrink,0.0005099944745804,0.5
2017-12-31,20260911,1852,2018-09-07,-0.0141989007697058,0.00016804825560220006,0.0021140284328226,half_shrink,-0.0017779319216182,0.5
2017-12-31,20260911,1857,2018-09-14,0.0468351251034906,2.4291623124399805e-05,0.0021140284328226,half_shrink,-0.0020654451865738,0.5
2017-12-31,20260911,1862,2018-09-21,-0.00426840285903,0.00027955112485615,0.0021140284328226,half_shrink,-0.0015549261831103,0.5
2017-12-31,20260911,1866,2018-09-28,-0.055840145646664,-0.0011697054150096504,0.0021140284328226,half_shrink,-0.0044534392628419,0.5
2017-12-31,20260911,1871,2018-10-12,-0.0045024181987176,3.546526993649995e-05,0.0021140284328226,half_shrink,-0.0020430978929496,0.5
2017-12-31,20260911,1876,2018-10-19,-0.0006551545151857,0.0047494756116069,0.0021140284328226,half_shrink,0.0073849227903912,0.5
2017-12-31,20260911,1881,2018-10-26,0.0354648787486262,0.0018325875787056,0.0021140284328226,half_shrink,0.0015511467245886,0.5
2017-12-31,20260911,1886,2018-11-02,-0.0334060260531522,0.0024475668045324996,0.0021140284328226,half_shrink,0.0027811051762424,0.5
2017-12-31,20260911,1891,2018-11-09,0.0311810774464045,0.0012003483234752999,0.0021140284328226,half_shrink,0.000286668214128,0.5
2017-12-31,20260911,1896,2018-11-16,-0.0337916834162372,0.005205670232058,0.0021140284328226,half_shrink,0.0082973120312934,0.5
2017-12-31,20260911,1901,2018-11-23,0.0355769261307155,0.00433932062190585,0.0021140284328226,half_shrink,0.0065646128109891,0.5
2017-12-31,20260911,1906,2018-11-30,-0.0328672765580291,0.0021723303887936996,0.0021140284328226,half_shrink,0.0022306323447648,0.5
2017-12-31,20260911,1911,2018-12-07,0.0015094243892539,0.005218533301221901,0.0021140284328226,half_shrink,0.0083230381696212,0.5
2017-12-31,20260911,1916,2018-12-14,-0.0452081512722115,7.137631887784964e-05,0.0021140284328226,half_shrink,-0.0019712757950669,0.5
2017-12-31,20260911,1921,2018-12-21,0.0005206433427293,0.00288188845303105,0.0021140284328226,half_shrink,0.0036497484732395,0.5
2017-12-31,20260911,1926,2018-12-28,0.0126215169021599,0.0020986086295787,0.0021140284328226,half_shrink,0.0020831888263348,0.5
2017-12-31,20260912,1687,2018-01-05,0.0214907567286908,0.00860308775748205,0.0021140284328226,half_shrink,0.0150921470821415,0.5
2017-12-31,20260912,1692,2018-01-12,0.0110264218031885,0.0077912182629205,0.0021140284328226,half_shrink,0.0134684080930184,0.5
2017-12-31,20260912,1697,2018-01-19,0.0258577147560612,0.006496500461926451,0.0021140284328226,half_shrink,0.0108789724910303,0.5
2017-12-31,20260912,1702,2018-01-26,-0.0416224077172412,5.8455153730899764e-05,0.0021140284328226,half_shrink,-0.0019971181253608,0.5
2017-12-31,20260912,1707,2018-02-02,-0.0851928666225865,0.0030906803355443503,0.0021140284328226,half_shrink,0.0040673322382661,0.5
2017-12-31,20260912,1712,2018-02-09,0.0642518595938403,0.0053506674236268,0.0021140284328226,half_shrink,0.008587306414431,0.5
2017-12-31,20260912,1717,2018-02-23,-0.0175257731958763,0.009280501941083251,0.0021140284328226,half_shrink,0.0164469754493439,0.5
2017-12-31,20260912,1722,2018-03-02,0.0271156686542373,0.010095732608566398,0.0021140284328226,half_shrink,0.0180774367843102,0.5
2017-12-31,20260912,1727,2018-03-09,-0.0184205620825476,0.006083468947923,0.0021140284328226,half_shrink,0.0100529094630234,0.5
2017-12-31,20260912,1732,2018-03-16,-0.0473361252102539,0.0008822471368635,0.0021140284328226,half_shrink,-0.0003495341590956,0.5
2017-12-31,20260912,1737,2018-03-23,0.0088849998317235,-0.004465002351548149,0.0021140284328226,half_shrink,-0.0110440331359189,0.5
2017-12-31,20260912,1742,2018-03-30,-0.0088632053805354,-0.00395442967004705,0.0021140284328226,half_shrink,-0.0100228877729167,0.5
2017-12-31,20260912,1750,2018-04-13,-0.0279044238531301,0.0040462986207305,0.0021140284328226,half_shrink,0.0059785688086384,0.5
2017-12-31,20260912,1755,2018-04-20,0.0040589236395014,0.0041484397530625,0.0021140284328226,half_shrink,0.0061828510733024,0.5
2017-12-31,20260912,1760,2018-04-27,0.003344889692912,0.0053196598523743005,0.0021140284328226,half_shrink,0.008525291271926,0.5
2017-12-31,20260912,1763,2018-05-04,0.0275819951672684,0.00725838443773205,0.0021140284328226,half_shrink,0.0124027404426415,0.5
2017-12-31,20260912,1768,2018-05-11,0.0099488791752746,0.006872832102823049,0.0021140284328226,half_shrink,0.0116316357728235,0.5
2017-12-31,20260912,1773,2018-05-18,-0.0278382082465087,0.0031189619239866996,0.0021140284328226,half_shrink,0.0041238954151508,0.5
2017-12-31,20260912,1778,2018-05-25,-0.0081414788300587,0.00280794049500745,0.0021140284328226,half_shrink,0.0035018525571923,0.5
2017-12-31,20260912,1783,2018-06-01,-0.0039575292125362,0.0040100922321338,0.0021140284328226,half_shrink,0.005906156031445,0.5
2017-12-31,20260912,1788,2018-06-08,-0.0179141214945586,-0.0033989909850128002,0.0021140284328226,half_shrink,-0.0089120104028482,0.5
2017-12-31,20260912,1793,2018-06-15,-0.0207606943097817,-0.0011357603518071502,0.0021140284328226,half_shrink,-0.0043855491364369,0.5
2017-12-31,20260912,1797,2018-06-22,-0.0334657179105301,-3.157683183350026e-05,0.0021140284328226,half_shrink,-0.0021771820964896,0.5
2017-12-31,20260912,1802,2018-06-29,-0.0358257762964908,0.0030090382493448,0.0021140284328226,half_shrink,0.003904048065867,0.5
2017-12-31,20260912,1807,2018-07-06,0.0325726343702554,0.0061064298941745,0.0021140284328226,half_shrink,0.0100988313555264,0.5
2017-12-31,20260912,1812,2018-07-13,-0.0049040261165902,0.0041309526412614,0.0021140284328226,half_shrink,0.0061478768497002,0.5
2017-12-31,20260912,1817,2018-07-20,0.014110592016959,0.004905330566885949,0.0021140284328226,half_shrink,0.0076966327009493,0.5
2017-12-31,20260912,1822,2018-07-27,-0.0590851640938977,0.0076503794625353005,0.0021140284328226,half_shrink,0.013186730492248,0.5
2017-12-31,20260912,1827,2018-08-03,0.0172541822374894,0.0078955847143911,0.0021140284328226,half_shrink,0.0136771409959596,0.5
2017-12-31,20260912,1832,2018-08-10,-0.0390981548851923,0.0035602625457365,0.0021140284328226,half_shrink,0.0050064966586504,0.5
2017-12-31,20260912,1837,2018-08-17,0.0312424727164923,-0.0014956079754240002,0.0021140284328226,half_shrink,-0.0051052443836706,0.5
2017-12-31,20260912,1842,2018-08-24,-0.005599825117761,-0.0014613096974802997,0.0021140284328226,half_shrink,-0.0050366478277832,0.5
2017-12-31,20260912,1847,2018-08-31,-0.0148493234839747,0.0017979304531402498,0.0021140284328226,half_shrink,0.0014818324734579,0.5
2017-12-31,20260912,1852,2018-09-07,-0.0141989007697058,0.00624147058291105,0.0021140284328226,half_shrink,0.0103689127329995,0.5
2017-12-31,20260912,1857,2018-09-14,0.0468351251034906,0.0068594081754804,0.0021140284328226,half_shrink,0.0116047879181382,0.5
2017-12-31,20260912,1862,2018-09-21,-0.00426840285903,0.0015563761914296,0.0021140284328226,half_shrink,0.0009987239500366,0.5
2017-12-31,20260912,1866,2018-09-28,-0.055840145646664,0.0026106114690623,0.0021140284328226,half_shrink,0.003107194505302,0.5
2017-12-31,20260912,1871,2018-10-12,-0.0045024181987176,0.001062500416956105,0.0021140284328226,half_shrink,1.0972401089610027e-05,0.5
2017-12-31,20260912,1876,2018-10-19,-0.0006551545151857,0.0055853904371381494,0.0021140284328226,half_shrink,0.0090567524414537,0.5
2017-12-31,20260912,1881,2018-10-26,0.0354648787486262,0.00158941960718385,0.0021140284328226,half_shrink,0.0010648107815451,0.5
2017-12-31,20260912,1886,2018-11-02,-0.0334060260531522,1.6151558576450124e-05,0.0021140284328226,half_shrink,-0.0020817253156697,0.5
2017-12-31,20260912,1891,2018-11-09,0.0311810774464045,0.0033413917833011496,0.0021140284328226,half_shrink,0.0045687551337797,0.5
2017-12-31,20260912,1896,2018-11-16,-0.0337916834162372,0.006851656448340199,0.0021140284328226,half_shrink,0.0115892844638578,0.5
2017-12-31,20260912,1901,2018-11-23,0.0355769261307155,0.006293422970995,0.0021140284328226,half_shrink,0.0104728175091674,0.5
2017-12-31,20260912,1906,2018-11-30,-0.0328672765580291,-0.00015408093757715005,0.0021140284328226,half_shrink,-0.0024221903079769,0.5
2017-12-31,20260912,1911,2018-12-07,0.0015094243892539,-0.0020988956607798,0.0021140284328226,half_shrink,-0.0063118197543822,0.5
2017-12-31,20260912,1916,2018-12-14,-0.0452081512722115,-0.0018928382656217004,0.0021140284328226,half_shrink,-0.005899704964066,0.5
2017-12-31,20260912,1921,2018-12-21,0.0005206433427293,0.0025540553885024997,0.0021140284328226,half_shrink,0.0029940823441824,0.5
2017-12-31,20260912,1926,2018-12-28,0.0126215169021599,0.0028718580600606497,0.0021140284328226,half_shrink,0.0036296876872987,0.5
2018-12-31,20260910,1929,2019-01-04,0.0122252589889202,0.005165490312293949,0.0011463872665226,half_shrink,0.0091845933580653,0.5
2018-12-31,20260910,1934,2019-01-11,0.0253451899757477,0.00485349568470725,0.0011463872665226,half_shrink,0.0085606041028919,0.5
2018-12-31,20260910,1939,2019-01-18,0.0101675244727015,0.00785432175920085,0.0011463872665226,half_shrink,0.0145622562518791,0.5
2018-12-31,20260910,1944,2019-01-25,0.011454456904518,0.005550768814835301,0.0011463872665226,half_shrink,0.009955150363148,0.5
2018-12-31,20260910,1949,2019-02-01,0.0390794521900976,0.0095148736670874,0.0011463872665226,half_shrink,0.0178833600676522,0.5
2018-12-31,20260910,1954,2019-02-15,0.0622114887625429,0.0093190399746145,0.0011463872665226,half_shrink,0.0174916926827064,0.5
2018-12-31,20260910,1959,2019-02-22,0.057941468462044,0.008865980204056751,0.0011463872665226,half_shrink,0.0165855731415909,0.5
2018-12-31,20260910,1964,2019-03-01,-0.0314720436474369,-0.004351484757232699,0.0011463872665226,half_shrink,-0.009849356780988,0.5
2018-12-31,20260910,1969,2019-03-08,0.0244706575909257,0.00735784466770305,0.0011463872665226,half_shrink,0.0135693020688835,0.5
2018-12-31,20260910,1974,2019-03-15,0.0060741040696496,-0.0009661135808893,0.0011463872665226,half_shrink,-0.0030786144283012,0.5
2018-12-31,20260910,1979,2019-03-22,0.0330284606666595,-0.00160833696927455,0.0011463872665226,half_shrink,-0.0043630612050717,0.5
2018-12-31,20260910,1984,2019-03-29,0.0398136969165658,9.174273683249922e-06,0.0011463872665226,half_shrink,-0.0011280387191561,0.5
2018-12-31,20260910,1993,2019-04-12,0.0171281082906651,-0.0017194671959946,0.0011463872665226,half_shrink,-0.0045853216585118,0.5
2018-12-31,20260910,1998,2019-04-19,-0.0555966233394814,-0.0025221482575524504,0.0011463872665226,half_shrink,-0.0061906837816275,0.5
2018-12-31,20260910,2003,2019-04-26,-0.0566702082338871,-0.0017621201430615004,0.0011463872665226,half_shrink,-0.0046706275526456,0.5
2018-12-31,20260910,2010,2019-05-10,-0.010887544344571,-0.0015856595119332502,0.0011463872665226,half_shrink,-0.0043177062903891,0.5
2018-12-31,20260910,2015,2019-05-17,-0.011865534939242,-0.0005574857242041499,0.0011463872665226,half_shrink,-0.0022613587149309,0.5
2018-12-31,20260910,2020,2019-05-24,0.013363580693648,0.0024408238899074498,0.0011463872665226,half_shrink,0.0037352605132923,0.5
2018-12-31,20260910,2025,2019-05-31,0.0037988139350273,0.0038990163878253503,0.0011463872665226,half_shrink,0.0066516455091281,0.5
2018-12-31,20260910,2034,2019-06-14,0.0497668589441884,0.0120802442424647,0.0011463872665226,half_shrink,0.0230141012184068,0.5
2018-12-31,20260910,2039,2019-06-21,0.0164272438880068,0.00781360352979535,0.0011463872665226,half_shrink,0.0144808197930681,0.5
2018-12-31,20260910,2044,2019-06-28,-0.0060471927228523,0.0020060990813293,0.0011463872665226,half_shrink,0.002865810896136,0.5
2018-12-31,20260910,2049,2019-07-05,-0.0214435915629233,0.0011135256473346,0.0011463872665226,half_shrink,0.0010806640281466,0.5
2018-12-31,20260910,2054,2019-07-12,0.005500126560918,-0.007514199244649302,0.0011463872665226,half_shrink,-0.0161747857558212,0.5
2018-12-31,20260910,2059,2019-07-19,0.011653336829684,-0.009080967898613401,0.0011463872665226,half_shrink,-0.0193083230637494,0.5
2018-12-31,20260910,2064,2019-07-26,-0.0346117357968243,-0.008950853102740151,0.0011463872665226,half_shrink,-0.0190480934720029,0.5
2018-12-31,20260910,2069,2019-08-02,-0.0205509060495487,-0.0094300834418063,0.0011463872665226,half_shrink,-0.0200065541501352,0.5
2018-12-31,20260910,2074,2019-08-09,0.024167527899843,-0.0054133463046309,0.0011463872665226,half_shrink,-0.0119730798757844,0.5
2018-12-31,20260910,2079,2019-08-16,0.0054416051262971,-0.0019917617269005,0.0011463872665226,half_shrink,-0.0051299107203236,0.5
2018-12-31,20260910,2084,2019-08-23,0.0125999637947373,-0.006933868016283951,0.0011463872665226,half_shrink,-0.0150141232990905,0.5
2018-12-31,20260910,2089,2019-08-30,0.0466047443403643,-0.008120781571795051,0.0011463872665226,half_shrink,-0.0173879504101127,0.5
2018-12-31,20260910,2094,2019-09-06,-0.0140091837144809,-0.008037246901171451,0.0011463872665226,half_shrink,-0.0172208810688655,0.5
2018-12-31,20260910,2103,2019-09-20,-0.021176044981262,-0.008839502745194102,0.0011463872665226,half_shrink,-0.0188253927569108,0.5
2018-12-31,20260910,2108,2019-09-27,0.0267538071924768,-0.008730383341667302,0.0011463872665226,half_shrink,-0.0186071539498572,0.5
2018-12-31,20260910,2113,2019-10-11,-0.0201578763251421,-0.0038207721232265,0.0011463872665226,half_shrink,-0.0087879315129756,0.5
2018-12-31,20260910,2118,2019-10-18,0.0102552427470803,0.00100183690778025,0.0011463872665226,half_shrink,0.0008572865490379,0.5
2018-12-31,20260910,2123,2019-10-25,0.0151165947072713,-0.0035386878545826494,0.0011463872665226,half_shrink,-0.0082237629756879,0.5
2018-12-31,20260910,2128,2019-11-01,-0.0038824321835717,-0.0031422908648151,0.0011463872665226,half_shrink,-0.0074309689961528,0.5
2018-12-31,20260910,2133,2019-11-08,-0.0187863101539271,-0.00549724159158245,0.0011463872665226,half_shrink,-0.0121408704496875,0.5
2018-12-31,20260910,2138,2019-11-15,-0.0060576496216228,-0.005753940240633049,0.0011463872665226,half_shrink,-0.0126542677477887,0.5
2018-12-31,20260910,2143,2019-11-22,-0.0040145729517496,-0.008294711030280151,0.0011463872665226,half_shrink,-0.0177358093270829,0.5
2018-12-31,20260910,2148,2019-11-29,0.0192986069649145,-0.00923703910556845,0.0011463872665226,half_shrink,-0.0196204654776595,0.5
2018-12-31,20260910,2153,2019-12-06,0.0156489398981463,-0.00019488810817779988,0.0011463872665226,half_shrink,-0.0015361634828782,0.5
2018-12-31,20260910,2158,2019-12-13,0.0110761047772312,0.0014512846661048,0.0011463872665226,half_shrink,0.001756182065687,0.5
2018-12-31,20260910,2163,2019-12-20,0.0002067407446153,0.0013279490008961,0.0011463872665226,half_shrink,0.0015095107352696,0.5
2018-12-31,20260910,2168,2019-12-27,0.0261485436506356,-0.0055135295028083,0.0011463872665226,half_shrink,-0.0121734462721392,0.5
2018-12-31,20260911,1929,2019-01-04,0.0122252589889202,0.002258652578432,0.0011463872665226,half_shrink,0.0033709178903414,0.5
2018-12-31,20260911,1934,2019-01-11,0.0253451899757477,0.00754600807300365,0.0011463872665226,half_shrink,0.0139456288794847,0.5
2018-12-31,20260911,1939,2019-01-18,0.0101675244727015,0.00579298882893625,0.0011463872665226,half_shrink,0.0104395903913499,0.5
2018-12-31,20260911,1944,2019-01-25,0.011454456904518,0.010119336543667548,0.0011463872665226,half_shrink,0.0190922858208125,0.5
2018-12-31,20260911,1949,2019-02-01,0.0390794521900976,0.0026904420696571,0.0011463872665226,half_shrink,0.0042344968727916,0.5
2018-12-31,20260911,1954,2019-02-15,0.0622114887625429,0.0010475921508342999,0.0011463872665226,half_shrink,0.000948797035146,0.5
2018-12-31,20260911,1959,2019-02-22,0.057941468462044,0.00278340519797965,0.0011463872665226,half_shrink,0.0044204231294367,0.5
2018-12-31,20260911,1964,2019-03-01,-0.0314720436474369,-0.0032890608253525497,0.0011463872665226,half_shrink,-0.0077245089172277,0.5
2018-12-31,20260911,1969,2019-03-08,0.0244706575909257,-0.0015501443345530496,0.0011463872665226,half_shrink,-0.0042466759356287,0.5
2018-12-31,20260911,1974,2019-03-15,0.0060741040696496,0.00193061129858,0.0011463872665226,half_shrink,0.0027148353306374,0.5
2018-12-31,20260911,1979,2019-03-22,0.0330284606666595,0.004053759066529151,0.0011463872665226,half_shrink,0.0069611308665357,0.5
2018-12-31,20260911,1984,2019-03-29,0.0398136969165658,0.0030878730105957,0.0011463872665226,half_shrink,0.0050293587546688,0.5
2018-12-31,20260911,1993,2019-04-12,0.0171281082906651,0.0023252129500030503,0.0011463872665226,half_shrink,0.0035040386334835,0.5
2018-12-31,20260911,1998,2019-04-19,-0.0555966233394814,0.0022767331731582,0.0011463872665226,half_shrink,0.0034070790797938,0.5
2018-12-31,20260911,2003,2019-04-26,-0.0566702082338871,0.00022124499286945007,0.0011463872665226,half_shrink,-0.0007038972807837,0.5
2018-12-31,20260911,2010,2019-05-10,-0.010887544344571,0.0034214243088257997,0.0011463872665226,half_shrink,0.005696461351129,0.5
2018-12-31,20260911,2015,2019-05-17,-0.011865534939242,0.004979212288801349,0.0011463872665226,half_shrink,0.0088120373110801,0.5
2018-12-31,20260911,2020,2019-05-24,0.013363580693648,0.0065131445031148,0.0011463872665226,half_shrink,0.011879901739707,0.5
2018-12-31,20260911,2025,2019-05-31,0.0037988139350273,0.0035517103421456504,0.0011463872665226,half_shrink,0.0059570334177687,0.5
2018-12-31,20260911,2034,2019-06-14,0.0497668589441884,0.00023012074520560003,0.0011463872665226,half_shrink,-0.0006861457761114,0.5
2018-12-31,20260911,2039,2019-06-21,0.0164272438880068,-0.0034865294593369,0.0011463872665226,half_shrink,-0.0081194461851964,0.5
2018-12-31,20260911,2044,2019-06-28,-0.0060471927228523,-0.0036756494934732,0.0011463872665226,half_shrink,-0.008497686253469,0.5
2018-12-31,20260911,2049,2019-07-05,-0.0214435915629233,0.00066151604738625,0.0011463872665226,half_shrink,0.0001766448282499,0.5
2018-12-31,20260911,2054,2019-07-12,0.005500126560918,-0.0038087514314693494,0.0011463872665226,half_shrink,-0.0087638901294613,0.5
2018-12-31,20260911,2059,2019-07-19,0.011653336829684,0.00077148975763115,0.0011463872665226,half_shrink,0.0003965922487397,0.5
2018-12-31,20260911,2064,2019-07-26,-0.0346117357968243,0.0042649216077851,0.0011463872665226,half_shrink,0.0073834559490476,0.5
2018-12-31,20260911,2069,2019-08-02,-0.0205509060495487,0.003941007836229299,0.0011463872665226,half_shrink,0.006735628405936,0.5
2018-12-31,20260911,2074,2019-08-09,0.024167527899843,-0.0023853653781668,0.0011463872665226,half_shrink,-0.0059171180228562,0.5
2018-12-31,20260911,2079,2019-08-16,0.0054416051262971,-0.0036510120974512,0.0011463872665226,half_shrink,-0.008448411461425,0.5
2018-12-31,20260911,2084,2019-08-23,0.0125999637947373,-0.009730948077842251,0.0011463872665226,half_shrink,-0.0206082834222071,0.5
2018-12-31,20260911,2089,2019-08-30,0.0466047443403643,-4.623836220500003e-06,0.0011463872665226,half_shrink,-0.0011556349389636,0.5
2018-12-31,20260911,2094,2019-09-06,-0.0140091837144809,-0.007292126842668551,0.0011463872665226,half_shrink,-0.0157306409518597,0.5
2018-12-31,20260911,2103,2019-09-20,-0.021176044981262,-0.0027193140180687496,0.0011463872665226,half_shrink,-0.0065850153026601,0.5
2018-12-31,20260911,2108,2019-09-27,0.0267538071924768,-0.010340660466220052,0.0011463872665226,half_shrink,-0.0218277081989627,0.5
2018-12-31,20260911,2113,2019-10-11,-0.0201578763251421,-0.004312207223242999,0.0011463872665226,half_shrink,-0.0097708017130086,0.5
2018-12-31,20260911,2118,2019-10-18,0.0102552427470803,0.00073101466770075,0.0011463872665226,half_shrink,0.0003156420688789,0.5
2018-12-31,20260911,2123,2019-10-25,0.0151165947072713,-0.0009177971875770998,0.0011463872665226,half_shrink,-0.0029819816416768,0.5
2018-12-31,20260911,2128,2019-11-01,-0.0038824321835717,0.0044076075330989496,0.0011463872665226,half_shrink,0.0076688277996753,0.5
2018-12-31,20260911,2133,2019-11-08,-0.0187863101539271,-0.0045846114877064,0.0011463872665226,half_shrink,-0.0103156102419354,0.5
2018-12-31,20260911,2138,2019-11-15,-0.0060576496216228,-0.0030352847172176,0.0011463872665226,half_shrink,-0.0072169567009578,0.5
2018-12-31,20260911,2143,2019-11-22,-0.0040145729517496,-0.00134223242870015,0.0011463872665226,half_shrink,-0.0038308521239229,0.5
2018-12-31,20260911,2148,2019-11-29,0.0192986069649145,0.0037779251859207997,0.0011463872665226,half_shrink,0.006409463105319,0.5
2018-12-31,20260911,2153,2019-12-06,0.0156489398981463,-5.3063347929350156e-05,0.0011463872665226,half_shrink,-0.0012525139623813,0.5
2018-12-31,20260911,2158,2019-12-13,0.0110761047772312,-0.00043482019972914993,0.0011463872665226,half_shrink,-0.0020160276659809,0.5
2018-12-31,20260911,2163,2019-12-20,0.0002067407446153,-0.00068035733095495,0.0011463872665226,half_shrink,-0.0025071019284325,0.5
2018-12-31,20260911,2168,2019-12-27,0.0261485436506356,-0.0071919949714777005,0.0011463872665226,half_shrink,-0.015530377209478,0.5
2018-12-31,20260912,1929,2019-01-04,0.0122252589889202,0.0032565996382925,0.0011463872665226,half_shrink,0.0053668120100624,0.5
2018-12-31,20260912,1934,2019-01-11,0.0253451899757477,-0.0028846762945388504,0.0011463872665226,half_shrink,-0.0069157398556003,0.5
2018-12-31,20260912,1939,2019-01-18,0.0101675244727015,0.00216413039289275,0.0011463872665226,half_shrink,0.0031818735192629,0.5
2018-12-31,20260912,1944,2019-01-25,0.011454456904518,0.0026197289687706,0.0011463872665226,half_shrink,0.0040930706710186,0.5
2018-12-31,20260912,1949,2019-02-01,0.0390794521900976,0.00566664214183475,0.0011463872665226,half_shrink,0.0101868970171469,0.5
2018-12-31,20260912,1954,2019-02-15,0.0622114887625429,0.0062189174198837,0.0011463872665226,half_shrink,0.0112914475732448,0.5
2018-12-31,20260912,1959,2019-02-22,0.057941468462044,0.0025283397205445,0.0011463872665226,half_shrink,0.0039102921745664,0.5
2018-12-31,20260912,1964,2019-03-01,-0.0314720436474369,-0.0030578367331736502,0.0011463872665226,half_shrink,-0.0072620607328699,0.5
2018-12-31,20260912,1969,2019-03-08,0.0244706575909257,-0.00034798423042699993,0.0011463872665226,half_shrink,-0.0018423557273766,0.5
2018-12-31,20260912,1974,2019-03-15,0.0060741040696496,-0.0024017068287492996,0.0011463872665226,half_shrink,-0.0059498009240212,0.5
2018-12-31,20260912,1979,2019-03-22,0.0330284606666595,-0.00129376603669445,0.0011463872665226,half_shrink,-0.0037339193399115,0.5
2018-12-31,20260912,1984,2019-03-29,0.0398136969165658,0.0012791721027454002,0.0011463872665226,half_shrink,0.0014119569389682,0.5
2018-12-31,20260912,1993,2019-04-12,0.0171281082906651,0.0022063515959327,0.0011463872665226,half_shrink,0.0032663159253428,0.5
2018-12-31,20260912,1998,2019-04-19,-0.0555966233394814,0.0045453862002712495,0.0011463872665226,half_shrink,0.0079443851340199,0.5
2018-12-31,20260912,2003,2019-04-26,-0.0566702082338871,-0.0056318997107142,0.0011463872665226,half_shrink,-0.012410186687951,0.5
2018-12-31,20260912,2010,2019-05-10,-0.010887544344571,-0.0043181815074888,0.0011463872665226,half_shrink,-0.0097827502815002,0.5
2018-12-31,20260912,2015,2019-05-17,-0.011865534939242,0.00480373660484615,0.0011463872665226,half_shrink,0.0084610859431697,0.5
2018-12-31,20260912,2020,2019-05-24,0.013363580693648,0.0063586016014319496,0.0011463872665226,half_shrink,0.0115708159363413,0.5
2018-12-31,20260912,2025,2019-05-31,0.0037988139350273,0.0092968897250705,0.0011463872665226,half_shrink,0.0174473921836184,0.5
2018-12-31,20260912,2034,2019-06-14,0.0497668589441884,0.007593808541606151,0.0011463872665226,half_shrink,0.0140412298166897,0.5
2018-12-31,20260912,2039,2019-06-21,0.0164272438880068,0.004569256346339,0.0011463872665226,half_shrink,0.0079921254261554,0.5
2018-12-31,20260912,2044,2019-06-28,-0.0060471927228523,0.005111414677110701,0.0011463872665226,half_shrink,0.0090764420876988,0.5
2018-12-31,20260912,2049,2019-07-05,-0.0214435915629233,0.009167587311501699,0.0011463872665226,half_shrink,0.0171887873564808,0.5
2018-12-31,20260912,2054,2019-07-12,0.005500126560918,0.00218327060228325,0.0011463872665226,half_shrink,0.0032201539380439,0.5
2018-12-31,20260912,2059,2019-07-19,0.011653336829684,-0.00349576698949535,0.0011463872665226,half_shrink,-0.0081379212455133,0.5
2018-12-31,20260912,2064,2019-07-26,-0.0346117357968243,-0.00358465072857155,0.0011463872665226,half_shrink,-0.0083156887236657,0.5
2018-12-31,20260912,2069,2019-08-02,-0.0205509060495487,-0.0049053994015334,0.0011463872665226,half_shrink,-0.0109571860695894,0.5
2018-12-31,20260912,2074,2019-08-09,0.024167527899843,-0.0024400996359319,0.0011463872665226,half_shrink,-0.0060265865383864,0.5
2018-12-31,20260912,2079,2019-08-16,0.0054416051262971,-0.00104982922338795,0.0011463872665226,half_shrink,-0.0032460457132985,0.5
2018-12-31,20260912,2084,2019-08-23,0.0125999637947373,-0.0027496588865011996,0.0011463872665226,half_shrink,-0.006645705039525,0.5
2018-12-31,20260912,2089,2019-08-30,0.0466047443403643,0.00037115574463394995,0.0011463872665226,half_shrink,-0.0004040757772547,0.5
2018-12-31,20260912,2094,2019-09-06,-0.0140091837144809,-0.00138464179381795,0.0011463872665226,half_shrink,-0.0039156708541585,0.5
2018-12-31,20260912,2103,2019-09-20,-0.021176044981262,-0.004994361900985499,0.0011463872665226,half_shrink,-0.0111351110684936,0.5
2018-12-31,20260912,2108,2019-09-27,0.0267538071924768,0.0017831960449907,0.0011463872665226,half_shrink,0.0024200048234588,0.5
2018-12-31,20260912,2113,2019-10-11,-0.0201578763251421,0.0060737753212734506,0.0011463872665226,half_shrink,0.0110011633760243,0.5
2018-12-31,20260912,2118,2019-10-18,0.0102552427470803,0.00126418932395685,0.0011463872665226,half_shrink,0.0013819913813911,0.5
2018-12-31,20260912,2123,2019-10-25,0.0151165947072713,0.0018444530335519,0.0011463872665226,half_shrink,0.0025425188005812,0.5
2018-12-31,20260912,2128,2019-11-01,-0.0038824321835717,0.00140205721878115,0.0011463872665226,half_shrink,0.0016577271710397,0.5
2018-12-31,20260912,2133,2019-11-08,-0.0187863101539271,0.0038881790928402,0.0011463872665226,half_shrink,0.0066299709191578,0.5
2018-12-31,20260912,2138,2019-11-15,-0.0060576496216228,-0.0054335540932181,0.0011463872665226,half_shrink,-0.0120134954529588,0.5
2018-12-31,20260912,2143,2019-11-22,-0.0040145729517496,-0.006222364479132599,0.0011463872665226,half_shrink,-0.0135911162247878,0.5
2018-12-31,20260912,2148,2019-11-29,0.0192986069649145,0.0029397881278832,0.0011463872665226,half_shrink,0.0047331889892438,0.5
2018-12-31,20260912,2153,2019-12-06,0.0156489398981463,-0.00409180339079945,0.0011463872665226,half_shrink,-0.0093299940481215,0.5
2018-12-31,20260912,2158,2019-12-13,0.0110761047772312,-0.004923276236972399,0.0011463872665226,half_shrink,-0.0109929397404674,0.5
2018-12-31,20260912,2163,2019-12-20,0.0002067407446153,-0.004528500914495699,0.0011463872665226,half_shrink,-0.010203389095514,0.5
2018-12-31,20260912,2168,2019-12-27,0.0261485436506356,0.0031135247783132497,0.0011463872665226,half_shrink,0.0050806622901039,0.5
2019-12-31,20260910,2172,2020-01-03,0.0112631415452417,-0.00047997255701015,0.0017267351812499,half_shrink,-0.0026866802952702,0.5
2019-12-31,20260910,2177,2020-01-10,0.000914342213572,0.00962906256726795,0.0017267351812499,half_shrink,0.017531389953286,0.5
2019-12-31,20260910,2182,2020-01-17,-0.0715388636069378,0.00411460295748755,0.0017267351812499,half_shrink,0.0065024707337252,0.5
2019-12-31,20260910,2191,2020-02-07,0.0328687599583719,0.004963532371235401,0.0017267351812499,half_shrink,0.0082003295612209,0.5
2019-12-31,20260910,2196,2020-02-14,0.0330503919092921,-0.0008115143228495001,0.0017267351812499,half_shrink,-0.0033497638269489,0.5
2019-12-31,20260910,2201,2020-02-21,-0.0394497366790582,-0.0008963834624835002,0.0017267351812499,half_shrink,-0.0035195021062169,0.5
2019-12-31,20260910,2206,2020-02-28,0.0237449733423367,0.007154954029381549,0.0017267351812499,half_shrink,0.0125831728775132,0.5
2019-12-31,20260910,2211,2020-03-06,-0.040171495515717,0.0058752155250856,0.0017267351812499,half_shrink,0.0100236958689213,0.5
2019-12-31,20260910,2216,2020-03-13,-0.0915879031554979,0.00418639542513355,0.0017267351812499,half_shrink,0.0066460556690172,0.5
2019-12-31,20260910,2221,2020-03-20,0.0323992006051916,0.00206041193356725,0.0017267351812499,half_shrink,0.0023940886858846,0.5
2019-12-31,20260910,2226,2020-03-27,0.0334795185729988,0.006942999417864349,0.0017267351812499,half_shrink,0.0121592636544788,0.5
2019-12-31,20260910,2231,2020-04-03,-0.0074604950911528,0.007448364659255949,0.0017267351812499,half_shrink,0.013169994137262,0.5
2019-12-31,20260910,2235,2020-04-10,0.0249886051960306,0.0077134980298923,0.0017267351812499,half_shrink,0.0137002608785347,0.5
2019-12-31,20260910,2240,2020-04-17,-0.009736156402615,0.005833519182851899,0.0017267351812499,half_shrink,0.0099403031844539,0.5
2019-12-31,20260910,2245,2020-04-24,0.0437865347345864,0.00948305130493815,0.0017267351812499,half_shrink,0.0172393674286264,0.5
2019-12-31,20260910,2252,2020-05-08,-0.0151204097857481,0.007136051095638949,0.0017267351812499,half_shrink,0.012545367010028,0.5
2019-12-31,20260910,2257,2020-05-15,-0.022055555271722,0.00529927361687885,0.0017267351812499,half_shrink,0.0088718120525078,0.5
2019-12-31,20260910,2262,2020-05-22,0.0191755130187654,0.00430578258329585,0.0017267351812499,half_shrink,0.0068848299853418,0.5
2019-12-31,20260910,2267,2020-05-29,0.0312374254497365,0.0029069606512693,0.0017267351812499,half_shrink,0.0040871861212887,0.5
2019-12-31,20260910,2272,2020-06-05,-0.010100382492339,0.00057890271561675,0.0017267351812499,half_shrink,-0.0005689297500164,0.5
2019-12-31,20260910,2277,2020-06-12,0.0287574347785699,-0.00513797916124165,0.0017267351812499,half_shrink,-0.0120026935037332,0.5
2019-12-31,20260910,2282,2020-06-19,0.0898838562932122,0.0058997016483271,0.0017267351812499,half_shrink,0.0100726681154043,0.5
2019-12-31,20260910,2290,2020-07-03,0.0619282952028859,-0.0005371499206696499,0.0017267351812499,half_shrink,-0.0028010350225892,0.5
2019-12-31,20260910,2295,2020-07-10,-0.0306112766401609,-0.0026654029016258502,0.0017267351812499,half_shrink,-0.0070575409845016,0.5
2019-12-31,20260910,2300,2020-07-17,-0.0135277995301487,-0.003968749304268101,0.0017267351812499,half_shrink,-0.0096642337897861,0.5
2019-12-31,20260910,2305,2020-07-24,0.0442975869953978,-0.0022617029608768503,0.0017267351812499,half_shrink,-0.0062501411030036,0.5
2019-12-31,20260910,2310,2020-07-31,-0.0114318292193668,0.0032235517151704,0.0017267351812499,half_shrink,0.0047203682490909,0.5
2019-12-31,20260910,2315,2020-08-07,0.0096886640921363,0.0053020566403643,0.0017267351812499,half_shrink,0.0088773780994787,0.5
2019-12-31,20260910,2320,2020-08-14,0.0040785933083991,0.0031329981791896003,0.0017267351812499,half_shrink,0.0045392611771293,0.5
2019-12-31,20260910,2325,2020-08-21,0.0262367267824037,0.0084291704419066,0.0017267351812499,half_shrink,0.0151316057025633,0.5
2019-12-31,20260910,2330,2020-08-28,-0.0228724288790846,0.0096136633025141,0.0017267351812499,half_shrink,0.0175005914237783,0.5
2019-12-31,20260910,2335,2020-09-04,-0.0225800080680405,0.0077187735329914495,0.0017267351812499,half_shrink,0.013710811884733,0.5
2019-12-31,20260910,2340,2020-09-11,0.0212164529615974,0.0059217979273467995,0.0017267351812499,half_shrink,0.0101168606734437,0.5
2019-12-31,20260910,2345,2020-09-18,-0.035383886754723,0.007211949418513199,0.0017267351812499,half_shrink,0.0126971636557765,0.5
2019-12-31,20260910,2350,2020-09-25,0.0267399866889246,0.0085152360420835,0.0017267351812499,half_shrink,0.0153037369029171,0.5
2019-12-31,20260910,2354,2020-10-09,0.0251424490828213,0.00830247661085505,0.0017267351812499,half_shrink,0.0148782180404602,0.5
2019-12-31,20260910,2359,2020-10-16,-0.0289085288867603,0.007804144201456999,0.0017267351812499,half_shrink,0.0138815532216641,0.5
2019-12-31,20260910,2364,2020-10-23,0.0039922716452642,0.0101452557326176,0.0017267351812499,half_shrink,0.0185637762839853,0.5
2019-12-31,20260910,2369,2020-10-30,0.0459539631066927,0.01074545783433805,0.0017267351812499,half_shrink,0.0197641804874262,0.5
2019-12-31,20260910,2374,2020-11-06,-0.0077050373460516,0.0106653855256756,0.0017267351812499,half_shrink,0.0196040358701013,0.5
2019-12-31,20260910,2379,2020-11-13,0.0150871959614502,0.0060863196034836,0.0017267351812499,half_shrink,0.0104459040257173,0.5
2019-12-31,20260910,2384,2020-11-20,0.0079744076212002,0.00522757763089675,0.0017267351812499,half_shrink,0.0087284200805436,0.5
2019-12-31,20260910,2389,2020-11-27,0.0143408935726285,-0.0014338362196215997,0.0017267351812499,half_shrink,-0.0045944076204931,0.5
2019-12-31,20260910,2394,2020-12-04,-0.0319993367194855,-0.0014094421825240498,0.0017267351812499,half_shrink,-0.004545619546298,0.5
2019-12-31,20260910,2399,2020-12-11,0.018788122268605,-0.003930716188399051,0.0017267351812499,half_shrink,-0.009588167558048,0.5
2019-12-31,20260910,2404,2020-12-18,0.0094440085192242,0.00044081822415965,0.0017267351812499,half_shrink,-0.0008450987329306,0.5
2019-12-31,20260911,2172,2020-01-03,0.0112631415452417,0.0033363963615946996,0.0017267351812499,half_shrink,0.0049460575419395,0.5
2019-12-31,20260911,2177,2020-01-10,0.000914342213572,0.007040412492462849,0.0017267351812499,half_shrink,0.0123540898036758,0.5
2019-12-31,20260911,2182,2020-01-17,-0.0715388636069378,-0.0013467271229976499,0.0017267351812499,half_shrink,-0.0044201894272452,0.5
2019-12-31,20260911,2191,2020-02-07,0.0328687599583719,0.0005572982952845998,0.0017267351812499,half_shrink,-0.0006121385906807,0.5
2019-12-31,20260911,2196,2020-02-14,0.0330503919092921,0.0033613012680038003,0.0017267351812499,half_shrink,0.0049958673547577,0.5
2019-12-31,20260911,2201,2020-02-21,-0.0394497366790582,0.00432568088254155,0.0017267351812499,half_shrink,0.0069246265838332,0.5
2019-12-31,20260911,2206,2020-02-28,0.0237449733423367,0.0099589393101328,0.0017267351812499,half_shrink,0.0181911434390157,0.5
2019-12-31,20260911,2211,2020-03-06,-0.040171495515717,0.00877682178853115,0.0017267351812499,half_shrink,0.0158269083958124,0.5
2019-12-31,20260911,2216,2020-03-13,-0.0915879031554979,0.00608757232668245,0.0017267351812499,half_shrink,0.010448409472115,0.5
2019-12-31,20260911,2221,2020-03-20,0.0323992006051916,-0.00013300383464100022,0.0017267351812499,half_shrink,-0.0019927428505319,0.5
2019-12-31,20260911,2226,2020-03-27,0.0334795185729988,0.00333424684242865,0.0017267351812499,half_shrink,0.0049417585036074,0.5
2019-12-31,20260911,2231,2020-04-03,-0.0074604950911528,-0.0008315836078230502,0.0017267351812499,half_shrink,-0.003389902396896,0.5
2019-12-31,20260911,2235,2020-04-10,0.0249886051960306,0.0004817777673540001,0.0017267351812499,half_shrink,-0.0007631796465419,0.5
2019-12-31,20260911,2240,2020-04-17,-0.009736156402615,0.0014500228021762,0.0017267351812499,half_shrink,0.0011733104231025,0.5
2019-12-31,20260911,2245,2020-04-24,0.0437865347345864,0.0049529352120771504,0.0017267351812499,half_shrink,0.0081791352429044,0.5
2019-12-31,20260911,2252,2020-05-08,-0.0151204097857481,-0.0014547791141943497,0.0017267351812499,half_shrink,-0.0046362934096386,0.5
2019-12-31,20260911,2257,2020-05-15,-0.022055555271722,0.0033082043754446002,0.0017267351812499,half_shrink,0.0048896735696393,0.5
2019-12-31,20260911,2262,2020-05-22,0.0191755130187654,0.0009037148304542454,0.0017267351812499,half_shrink,8.069447965859092e-05,0.5
2019-12-31,20260911,2267,2020-05-29,0.0312374254497365,0.00103754852441125,0.0017267351812499,half_shrink,0.0003483618675726,0.5
2019-12-31,20260911,2272,2020-06-05,-0.010100382492339,0.0017987677060997,0.0017267351812499,half_shrink,0.0018708002309495,0.5
2019-12-31,20260911,2277,2020-06-12,0.0287574347785699,-0.0034422635892959507,0.0017267351812499,half_shrink,-0.0086112623598418,0.5
2019-12-31,20260911,2282,2020-06-19,0.0898838562932122,0.00473148495871265,0.0017267351812499,half_shrink,0.0077362347361754,0.5
2019-12-31,20260911,2290,2020-07-03,0.0619282952028859,-0.0023229879379725003,0.0017267351812499,half_shrink,-0.0063727110571949,0.5
2019-12-31,20260911,2295,2020-07-10,-0.0306112766401609,0.00151122195674395,0.0017267351812499,half_shrink,0.001295708732238,0.5
2019-12-31,20260911,2300,2020-07-17,-0.0135277995301487,0.0011616394384092,0.0017267351812499,half_shrink,0.0005965436955685,0.5
2019-12-31,20260911,2305,2020-07-24,0.0442975869953978,0.00075587415270215,0.0017267351812499,half_shrink,-0.0002149868758456,0.5
2019-12-31,20260911,2310,2020-07-31,-0.0114318292193668,-0.0015474256869091997,0.0017267351812499,half_shrink,-0.0048215865550683,0.5
2019-12-31,20260911,2315,2020-08-07,0.0096886640921363,0.00664785827176755,0.0017267351812499,half_shrink,0.0115689813622852,0.5
2019-12-31,20260911,2320,2020-08-14,0.0040785933083991,6.335580159454982e-05,0.0017267351812499,half_shrink,-0.0016000235780608,0.5
2019-12-31,20260911,2325,2020-08-21,0.0262367267824037,-0.0029071393588757004,0.0017267351812499,half_shrink,-0.0075410138990013,0.5
2019-12-31,20260911,2330,2020-08-28,-0.0228724288790846,-0.0027124371633426006,0.0017267351812499,half_shrink,-0.0071516095079351,0.5
2019-12-31,20260911,2335,2020-09-04,-0.0225800080680405,0.00019427098016219996,0.0017267351812499,half_shrink,-0.0013381932209255,0.5
2019-12-31,20260911,2340,2020-09-11,0.0212164529615974,0.00237034035067445,0.0017267351812499,half_shrink,0.003013945520099,0.5
2019-12-31,20260911,2345,2020-09-18,-0.035383886754723,0.00408651954068135,0.0017267351812499,half_shrink,0.0064463039001128,0.5
2019-12-31,20260911,2350,2020-09-25,0.0267399866889246,0.00852848413935135,0.0017267351812499,half_shrink,0.0153302330974528,0.5
2019-12-31,20260911,2354,2020-10-09,0.0251424490828213,0.0010273402588846,0.0017267351812499,half_shrink,0.0003279453365193,0.5
2019-12-31,20260911,2359,2020-10-16,-0.0289085288867603,0.006481109385648799,0.0017267351812499,half_shrink,0.0112354835900477,0.5
2019-12-31,20260911,2364,2020-10-23,0.0039922716452642,0.00830835869571365,0.0017267351812499,half_shrink,0.0148899822101774,0.5
2019-12-31,20260911,2369,2020-10-30,0.0459539631066927,0.0080582492124235,0.0017267351812499,half_shrink,0.0143897632435971,0.5
2019-12-31,20260911,2374,2020-11-06,-0.0077050373460516,0.0033710096530188503,0.0017267351812499,half_shrink,0.0050152841247878,0.5
2019-12-31,20260911,2379,2020-11-13,0.0150871959614502,0.0032322207794823997,0.0017267351812499,half_shrink,0.0047377063777149,0.5
2019-12-31,20260911,2384,2020-11-20,0.0079744076212002,0.0032738084424842,0.0017267351812499,half_shrink,0.0048208817037185,0.5
2019-12-31,20260911,2389,2020-11-27,0.0143408935726285,-0.00010445119607524998,0.0017267351812499,half_shrink,-0.0019356375734004,0.5
2019-12-31,20260911,2394,2020-12-04,-0.0319993367194855,-0.0033832699967741506,0.0017267351812499,half_shrink,-0.0084932751747982,0.5
2019-12-31,20260911,2399,2020-12-11,0.018788122268605,-0.0044406105735945,0.0017267351812499,half_shrink,-0.0106079563284389,0.5
2019-12-31,20260911,2404,2020-12-18,0.0094440085192242,-0.0027062601390923004,0.0017267351812499,half_shrink,-0.0071392554594345,0.5
2019-12-31,20260912,2172,2020-01-03,0.0112631415452417,0.006578387957335399,0.0017267351812499,half_shrink,0.0114300407334209,0.5
2019-12-31,20260912,2177,2020-01-10,0.000914342213572,0.0052787959880977,0.0017267351812499,half_shrink,0.0088308567949455,0.5
2019-12-31,20260912,2182,2020-01-17,-0.0715388636069378,0.0045773580280383,0.0017267351812499,half_shrink,0.0074279808748267,0.5
2019-12-31,20260912,2191,2020-02-07,0.0328687599583719,-0.0025952776547143,0.0017267351812499,half_shrink,-0.0069172904906785,0.5
2019-12-31,20260912,2196,2020-02-14,0.0330503919092921,-0.00394127862294935,0.0017267351812499,half_shrink,-0.0096092924271486,0.5
2019-12-31,20260912,2201,2020-02-21,-0.0394497366790582,0.00017837051624084994,0.0017267351812499,half_shrink,-0.0013699941487682,0.5
2019-12-31,20260912,2206,2020-02-28,0.0237449733423367,0.0021850650345727,0.0017267351812499,half_shrink,0.0026433948878955,0.5
2019-12-31,20260912,2211,2020-03-06,-0.040171495515717,0.00091900233911215,0.0017267351812499,half_shrink,0.0001112694969744,0.5
2019-12-31,20260912,2216,2020-03-13,-0.0915879031554979,0.0027931534958539,0.0017267351812499,half_shrink,0.0038595718104579,0.5
2019-12-31,20260912,2221,2020-03-20,0.0323992006051916,0.0026530104724947,0.0017267351812499,half_shrink,0.0035792857637395,0.5
2019-12-31,20260912,2226,2020-03-27,0.0334795185729988,0.007145463662158299,0.0017267351812499,half_shrink,0.0125641921430667,0.5
2019-12-31,20260912,2231,2020-04-03,-0.0074604950911528,0.00312782619058635,0.0017267351812499,half_shrink,0.0045289171999228,0.5
2019-12-31,20260912,2235,2020-04-10,0.0249886051960306,0.00387768508903325,0.0017267351812499,half_shrink,0.0060286349968166,0.5
2019-12-31,20260912,2240,2020-04-17,-0.009736156402615,0.00453961391760895,0.0017267351812499,half_shrink,0.007352492653968,0.5
2019-12-31,20260912,2245,2020-04-24,0.0437865347345864,0.0013917903763577,0.0017267351812499,half_shrink,0.0010568455714655,0.5
2019-12-31,20260912,2252,2020-05-08,-0.0151204097857481,0.0021123825015995,0.0017267351812499,half_shrink,0.0024980298219491,0.5
2019-12-31,20260912,2257,2020-05-15,-0.022055555271722,0.0032496347308263998,0.0017267351812499,half_shrink,0.0047725342804029,0.5
2019-12-31,20260912,2262,2020-05-22,0.0191755130187654,0.00241006667578995,0.0017267351812499,half_shrink,0.00309339817033,0.5
2019-12-31,20260912,2267,2020-05-29,0.0312374254497365,0.0039320482210153,0.0017267351812499,half_shrink,0.0061373612607807,0.5
2019-12-31,20260912,2272,2020-06-05,-0.010100382492339,-0.0008594166997655001,0.0017267351812499,half_shrink,-0.0034455685807809,0.5
2019-12-31,20260912,2277,2020-06-12,0.0287574347785699,-0.003102980433639751,0.0017267351812499,half_shrink,-0.0079326960485294,0.5
2019-12-31,20260912,2282,2020-06-19,0.0898838562932122,0.00402284581824385,0.0017267351812499,half_shrink,0.0063189564552378,0.5
2019-12-31,20260912,2290,2020-07-03,0.0619282952028859,0.00114756866463015,0.0017267351812499,half_shrink,0.0005684021480104,0.5
2019-12-31,20260912,2295,2020-07-10,-0.0306112766401609,0.00038523302773075,0.0017267351812499,half_shrink,-0.0009562691257884,0.5
2019-12-31,20260912,2300,2020-07-17,-0.0135277995301487,-0.0064839801294767,0.0017267351812499,half_shrink,-0.0146946954402033,0.5
2019-12-31,20260912,2305,2020-07-24,0.0442975869953978,-0.0055508894745902,0.0017267351812499,half_shrink,-0.0128285141304303,0.5
2019-12-31,20260912,2310,2020-07-31,-0.0114318292193668,0.0006448945254120999,0.0017267351812499,half_shrink,-0.0004369461304257,0.5
2019-12-31,20260912,2315,2020-08-07,0.0096886640921363,0.0015541308581124998,0.0017267351812499,half_shrink,0.0013815265349751,0.5
2019-12-31,20260912,2320,2020-08-14,0.0040785933083991,0.0087091725380333,0.0017267351812499,half_shrink,0.0156916098948167,0.5
2019-12-31,20260912,2325,2020-08-21,0.0262367267824037,0.01163132126417995,0.0017267351812499,half_shrink,0.02153590734711,0.5
2019-12-31,20260912,2330,2020-08-28,-0.0228724288790846,0.012063419340966901,0.0017267351812499,half_shrink,0.0224001035006839,0.5
2019-12-31,20260912,2335,2020-09-04,-0.0225800080680405,0.00827556635833575,0.0017267351812499,half_shrink,0.0148243975354216,0.5
2019-12-31,20260912,2340,2020-09-11,0.0212164529615974,0.0099083565451233,0.0017267351812499,half_shrink,0.0180899779089967,0.5
2019-12-31,20260912,2345,2020-09-18,-0.035383886754723,0.0102420907963366,0.0017267351812499,half_shrink,0.0187574464114233,0.5
2019-12-31,20260912,2350,2020-09-25,0.0267399866889246,0.00901326164418585,0.0017267351812499,half_shrink,0.0162997881071218,0.5
2019-12-31,20260912,2354,2020-10-09,0.0251424490828213,0.01052890990442505,0.0017267351812499,half_shrink,0.0193310846276002,0.5
2019-12-31,20260912,2359,2020-10-16,-0.0289085288867603,0.009614258455921551,0.0017267351812499,half_shrink,0.0175017817305932,0.5
2019-12-31,20260912,2364,2020-10-23,0.0039922716452642,0.0066597050772607,0.0017267351812499,half_shrink,0.0115926749732715,0.5
2019-12-31,20260912,2369,2020-10-30,0.0459539631066927,0.0065672817969615995,0.0017267351812499,half_shrink,0.0114078284126733,0.5
2019-12-31,20260912,2374,2020-11-06,-0.0077050373460516,0.005250786416027451,0.0017267351812499,half_shrink,0.008774837650805,0.5
2019-12-31,20260912,2379,2020-11-13,0.0150871959614502,0.004969431598622,0.0017267351812499,half_shrink,0.0082121280159941,0.5
2019-12-31,20260912,2384,2020-11-20,0.0079744076212002,0.0064358364087944,0.0017267351812499,half_shrink,0.0111449376363389,0.5
2019-12-31,20260912,2389,2020-11-27,0.0143408935726285,-0.002174490129981,0.0017267351812499,half_shrink,-0.0060757154412119,0.5
2019-12-31,20260912,2394,2020-12-04,-0.0319993367194855,-0.00120223407327445,0.0017267351812499,half_shrink,-0.0041312033277988,0.5
2019-12-31,20260912,2399,2020-12-11,0.018788122268605,-0.00108567433334955,0.0017267351812499,half_shrink,-0.003898083847949,0.5
2019-12-31,20260912,2404,2020-12-18,0.0094440085192242,-0.00021490995424575002,0.0017267351812499,half_shrink,-0.0021565550897414,0.5
