row_index,anchor,date,exit,joint_completed,matured,actual_return,actual_up,year,name,cutoff,probability
821,1549,2023-01-03,1550,2023-01-04,True,-0.027034883720930214,0.0,2023,own,2022-12-31,0.49117829056058426
822,1550,2023-01-04,1551,2023-01-05,True,0.02240812668060932,1.0,2023,own,2022-12-31,0.5366945346517659
823,1551,2023-01-05,1552,2023-01-06,True,0.0021429962984609308,1.0,2023,own,2022-12-31,0.48979828689160804
824,1552,2023-01-06,1553,2023-01-09,True,0.021189735614308036,1.0,2023,own,2022-12-31,0.487615675943961
825,1553,2023-01-09,1554,2023-01-10,True,0.01256424900057107,1.0,2023,own,2022-12-31,0.4755874055174645
826,1554,2023-01-10,1555,2023-01-11,True,0.006768189509306355,1.0,2023,own,2022-12-31,0.4744515213561264
827,1555,2023-01-11,1556,2023-01-12,True,-0.007189542483659994,0.0,2023,own,2022-12-31,0.48429796744215353
828,1556,2023-01-12,1557,2023-01-13,True,0.01974983541803832,1.0,2023,own,2022-12-31,0.5047608962475265
829,1557,2023-01-13,1558,2023-01-16,True,0.0607765378585261,1.0,2023,own,2022-12-31,0.4687669111774296
830,1558,2023-01-16,1559,2023-01-17,True,0.043383759346200756,1.0,2023,own,2022-12-31,0.40161147062700836
831,1559,2023-01-17,1560,2023-01-18,True,-0.027664361303224805,0.0,2023,own,2022-12-31,0.41910555874476285
832,1560,2023-01-18,1561,2023-01-19,True,0.01833918930499623,1.0,2023,own,2022-12-31,0.5029336557379217
833,1561,2023-01-19,1562,2023-01-20,True,0.031978456618699136,1.0,2023,own,2022-12-31,0.45420457875181713
834,1562,2023-01-20,1563,2023-01-30,True,-0.011253363777215974,0.0,2023,own,2022-12-31,0.4347760951890318
835,1563,2023-01-30,1564,2023-01-31,True,-0.055257731958762824,0.0,2023,own,2022-12-31,0.5104760297637948
836,1564,2023-01-31,1565,2023-02-01,True,0.003928415539065977,1.0,2023,own,2022-12-31,0.5548647060392924
837,1565,2023-02-01,1566,2023-02-02,True,0.018173913043478374,1.0,2023,own,2022-12-31,0.4852989660414135
838,1566,2023-02-02,1567,2023-02-03,True,0.0036723887607823524,1.0,2023,own,2022-12-31,0.4731196500575733
839,1567,2023-02-03,1568,2023-02-06,True,-0.026633764465622933,0.0,2023,own,2022-12-31,0.48234501263327056
840,1568,2023-02-06,1569,2023-02-07,True,-0.007867820613690069,0.0,2023,own,2022-12-31,0.5133320588220016
841,1569,2023-02-07,1570,2023-02-08,True,-0.003612653097189056,0.0,2023,own,2022-12-31,0.4985948372533502
842,1570,2023-02-08,1571,2023-02-09,True,0.04421648390519972,1.0,2023,own,2022-12-31,0.49967408268355323
843,1571,2023-02-09,1572,2023-02-10,True,-0.012957317073170604,0.0,2023,own,2022-12-31,0.4391570906048822
844,1572,2023-02-10,1573,2023-02-13,True,0.004290004290004257,1.0,2023,own,2022-12-31,0.5129860479666752
845,1573,2023-02-13,1574,2023-02-14,True,-0.010166595472020479,0.0,2023,own,2022-12-31,0.4808913502778012
846,1574,2023-02-14,1575,2023-02-15,True,0.007854306922147503,1.0,2023,own,2022-12-31,0.5047809333589158
847,1575,2023-02-15,1576,2023-02-16,True,-0.029459621478119424,0.0,2023,own,2022-12-31,0.4822013599712482
848,1576,2023-02-16,1577,2023-02-17,True,-0.040501191211506304,0.0,2023,own,2022-12-31,0.5218491984566519
849,1577,2023-02-17,1578,2023-02-20,True,0.007173073386058659,1.0,2023,own,2022-12-31,0.538058682637917
850,1578,2023-02-20,1579,2023-02-21,True,-0.006117604090577045,0.0,2023,own,2022-12-31,0.4947385281516833
851,1579,2023-02-21,1580,2023-02-22,True,-0.003215434083601254,0.0,2023,own,2022-12-31,0.5049284197535988
852,1580,2023-02-22,1581,2023-02-23,True,0.0002764976958524734,1.0,2023,own,2022-12-31,0.4955169599313326
853,1581,2023-02-23,1582,2023-02-24,True,-0.013913203722473066,0.0,2023,own,2022-12-31,0.4933242852935075
854,1582,2023-02-24,1583,2023-02-27,True,-0.028032143524574726,0.0,2023,own,2022-12-31,0.4935457809500889
855,1583,2023-02-27,1584,2023-02-28,True,0.008363776196885109,1.0,2023,own,2022-12-31,0.500543488438803
856,1584,2023-02-28,1585,2023-03-01,True,-0.003718180951472916,0.0,2023,own,2022-12-31,0.4792679029455152
857,1585,2023-03-01,1586,2023-03-02,True,0.006602870813396944,1.0,2023,own,2022-12-31,0.4694737177633585
858,1586,2023-03-02,1587,2023-03-03,True,0.0053236999714803,1.0,2023,own,2022-12-31,0.4627515656783857
859,1587,2023-03-03,1588,2023-03-06,True,-0.005957446808510625,0.0,2023,own,2022-12-31,0.466983060628726
860,1588,2023-03-06,1589,2023-03-07,True,-0.036624809741248265,0.0,2023,own,2022-12-31,0.46539988645125013
861,1589,2023-03-07,1590,2023-03-08,True,0.005233534116717786,1.0,2023,own,2022-12-31,0.4995737110750391
862,1590,2023-03-08,1591,2023-03-09,True,0.00383104125736744,1.0,2023,own,2022-12-31,0.4594705588512524
863,1591,2023-03-09,1592,2023-03-10,True,-0.011351404246990882,0.0,2023,own,2022-12-31,0.46629745520099336
864,1592,2023-03-10,1593,2023-03-13,True,0.004652083539542717,1.0,2023,own,2022-12-31,0.47241043665391896
865,1593,2023-03-13,1594,2023-03-14,True,0.034876847290640445,1.0,2023,own,2022-12-31,0.46318540574986033
866,1594,2023-03-14,1595,2023-03-15,True,-0.0007616146230009502,0.0,2023,own,2022-12-31,0.4064008659165615
867,1595,2023-03-15,1596,2023-03-16,True,0.0030487804878049918,1.0,2023,own,2022-12-31,0.4540623656055098
868,1596,2023-03-16,1597,2023-03-17,True,-0.0010448328267476104,0.0,2023,own,2022-12-31,0.4469414052835955
869,1597,2023-03-17,1598,2023-03-20,True,0.025197299610154822,1.0,2023,own,2022-12-31,0.46149648693428363
870,1598,2023-03-20,1599,2023-03-21,True,-0.0028751623075495836,0.0,2023,own,2022-12-31,0.42032250724630127
871,1599,2023-03-21,1600,2023-03-22,True,-0.013580132080736607,0.0,2023,own,2022-12-31,0.4600780516989498
872,1600,2023-03-22,1601,2023-03-23,True,0.10004714757190003,1.0,2023,own,2022-12-31,0.46971544516566843
873,1601,2023-03-23,1602,2023-03-24,True,0.010629178810217965,1.0,2023,own,2022-12-31,0.3610165150394327
874,1602,2023-03-24,1603,2023-03-27,True,-0.03299406276505523,0.0,2023,own,2022-12-31,0.458710418503197
875,1603,2023-03-27,1604,2023-03-28,True,-0.045697745811770996,0.0,2023,own,2022-12-31,0.512216126909622
876,1604,2023-03-28,1605,2023-03-29,True,0.05716911764705879,1.0,2023,own,2022-12-31,0.5253896732041922
877,1605,2023-03-29,1606,2023-03-30,True,0.05477308294209693,1.0,2023,own,2022-12-31,0.4120633106793861
878,1606,2023-03-30,1607,2023-03-31,True,0.0056050115397296985,1.0,2023,own,2022-12-31,0.4554626983889498
879,1607,2023-03-31,1608,2023-04-03,True,0.07811475409836066,1.0,2023,own,2022-12-31,0.48381334096826173
880,1608,2023-04-03,1609,2023-04-04,True,-0.00737474340454658,0.0,2023,own,2022-12-31,0.4287351336340657
881,1609,2023-04-04,1610,2023-04-06,True,0.03017769607843146,1.0,2023,own,2022-12-31,0.4642156548147607
882,1610,2023-04-06,1611,2023-04-07,True,0.030483271375464582,1.0,2023,own,2022-12-31,0.4412818176864298
883,1611,2023-04-07,1612,2023-04-10,True,-0.055844155844155696,0.0,2023,own,2022-12-31,0.4555069896830298
884,1612,2023-04-10,1613,2023-04-11,True,0.01421366345712971,1.0,2023,own,2022-12-31,0.5549596058701042
885,1613,2023-04-11,1614,2023-04-12,True,0.017103676913803545,1.0,2023,own,2022-12-31,0.502206270482607
886,1614,2023-04-12,1615,2023-04-13,True,-0.0494851470479295,0.0,2023,own,2022-12-31,0.48207899101689605
887,1615,2023-04-13,1616,2023-04-14,True,0.05533473618580009,1.0,2023,own,2022-12-31,0.5625862869631064
888,1616,2023-04-14,1617,2023-04-17,True,0.0036186396868769233,1.0,2023,own,2022-12-31,0.4723640218625223
889,1617,2023-04-17,1618,2023-04-18,True,-0.02200147167034594,0.0,2023,own,2022-12-31,0.5168407361301934
890,1618,2023-04-18,1619,2023-04-19,True,-0.01625159882627336,0.0,2023,own,2022-12-31,0.5357261057080975
891,1619,2023-04-19,1620,2023-04-20,True,0.042294455066921754,1.0,2023,own,2022-12-31,0.5374840066914185
892,1620,2023-04-20,1621,2023-04-21,True,-0.07242442031112417,0.0,2023,own,2022-12-31,0.4529014612100889
893,1621,2023-04-21,1622,2023-04-24,True,-0.044854046357092114,0.0,2023,own,2022-12-31,0.6114972810058477
894,1622,2023-04-24,1623,2023-04-25,True,-0.02501242338910059,0.0,2023,own,2022-12-31,0.592513635531866
895,1623,2023-04-25,1624,2023-04-26,True,-0.0572545022086306,0.0,2023,own,2022-12-31,0.5684211559070685
896,1624,2023-04-26,1625,2023-04-27,True,0.01351594881960727,1.0,2023,own,2022-12-31,0.6067005016391241
897,1625,2023-04-27,1626,2023-04-28,True,-0.0356507823613087,0.0,2023,own,2022-12-31,0.5317614975362164
898,1626,2023-04-28,1627,2023-05-04,True,-0.031990412095510345,0.0,2023,own,2022-12-31,0.5504088891525392
899,1627,2023-05-04,1628,2023-05-05,True,-0.0019047619047619646,0.0,2023,own,2022-12-31,0.5651512417795272
900,1628,2023-05-05,1629,2023-05-08,True,-0.006106870229007688,0.0,2023,own,2022-12-31,0.5283450659849673
901,1629,2023-05-08,1630,2023-05-09,True,-0.02304147465437767,0.0,2023,own,2022-12-31,0.5227627781447268
902,1630,2023-05-09,1631,2023-05-10,True,-0.01641116352201266,0.0,2023,own,2022-12-31,0.5460236757696911
903,1631,2023-05-10,1632,2023-05-11,True,0.007393345988610189,1.0,2023,own,2022-12-31,0.5254869390637215
904,1632,2023-05-11,1633,2023-05-12,True,-0.0030744818010512986,0.0,2023,own,2022-12-31,0.5039707493471053
905,1633,2023-05-12,1634,2023-05-15,True,0.015519299641862272,1.0,2023,own,2022-12-31,0.5093563941977873
906,1634,2023-05-15,1635,2023-05-16,True,0.03908699059561127,1.0,2023,own,2022-12-31,0.4795500532668282
907,1635,2023-05-16,1636,2023-05-17,True,0.03186574903365713,1.0,2023,own,2022-12-31,0.45100166763716854
908,1636,2023-05-17,1637,2023-05-18,True,-0.02055733211512123,0.0,2023,own,2022-12-31,0.4265571407863062
909,1637,2023-05-18,1638,2023-05-19,True,0.04486940298507469,1.0,2023,own,2022-12-31,0.4941870906052193
910,1638,2023-05-19,1639,2023-05-22,True,0.011606106597625176,1.0,2023,own,2022-12-31,0.4376198631466667
911,1639,2023-05-22,1640,2023-05-23,True,-0.05145176948195218,0.0,2023,own,2022-12-31,0.4854003092010069
912,1640,2023-05-23,1641,2023-05-24,True,0.008373650911797315,1.0,2023,own,2022-12-31,0.5366379125114508
913,1641,2023-05-24,1642,2023-05-25,True,0.02232884295995574,1.0,2023,own,2022-12-31,0.4926041477197158
914,1642,2023-05-25,1643,2023-05-26,True,0.028880866425992746,1.0,2023,own,2022-12-31,0.4665076761833379
915,1643,2023-05-26,1644,2023-05-29,True,-0.01605263157894743,0.0,2023,own,2022-12-31,0.46265739086410274
916,1644,2023-05-29,1645,2023-05-30,True,0.003833467058928397,1.0,2023,own,2022-12-31,0.5111881312053104
917,1645,2023-05-30,1646,2023-05-31,True,-0.015985790408525657,0.0,2023,own,2022-12-31,0.4666038731348124
918,1646,2023-05-31,1647,2023-06-01,True,-0.004422382671480096,0.0,2023,own,2022-12-31,0.49074122222396527
919,1647,2023-06-01,1648,2023-06-02,True,-0.01287281298159726,0.0,2023,own,2022-12-31,0.4708527676705979
920,1648,2023-06-02,1649,2023-06-05,True,-0.017356965745247366,0.0,2023,own,2022-12-31,0.4981243893053154
921,1649,2023-06-05,1650,2023-06-06,True,-0.036822429906542165,0.0,2023,own,2022-12-31,0.500945176075907
922,1650,2023-06-06,1651,2023-06-07,True,0.001746555404618766,1.0,2023,own,2022-12-31,0.5289255748009141
923,1651,2023-06-07,1652,2023-06-08,True,-0.020437814800464804,0.0,2023,own,2022-12-31,0.4940703501303418
924,1652,2023-06-08,1653,2023-06-09,True,0.020963116780381652,1.0,2023,own,2022-12-31,0.5138547449683061
925,1653,2023-06-09,1654,2023-06-12,True,-0.003389830508474523,0.0,2023,own,2022-12-31,0.4708018576678813
926,1654,2023-06-12,1655,2023-06-13,True,0.08785228377065102,1.0,2023,own,2022-12-31,0.4802268922594054
927,1655,2023-06-13,1656,2023-06-14,True,0.0023226728604610614,1.0,2023,own,2022-12-31,0.38934575933130733
928,1656,2023-06-14,1657,2023-06-15,True,-0.011497326203208758,0.0,2023,own,2022-12-31,0.4753673424504695
929,1657,2023-06-15,1658,2023-06-16,True,0.008745829952213624,1.0,2023,own,2022-12-31,0.4903039839313346
930,1658,2023-06-16,1659,2023-06-19,True,0.019663925634608503,1.0,2023,own,2022-12-31,0.461896495052366
931,1659,2023-06-19,1660,2023-06-20,True,-0.0008765778401123026,0.0,2023,own,2022-12-31,0.44437544206529433
932,1660,2023-06-20,1661,2023-06-21,True,-0.04904728299223693,0.0,2023,own,2022-12-31,0.47547921687753136
933,1661,2023-06-21,1662,2023-06-26,True,-0.018089053803339694,0.0,2023,own,2022-12-31,0.5360385839621186
934,1662,2023-06-26,1663,2023-06-27,True,-9.447331128942249e-05,0.0,2023,own,2022-12-31,0.49504458458502315
935,1663,2023-06-27,1664,2023-06-28,True,-0.007464096749811189,0.0,2023,own,2022-12-31,0.49584342614937643
936,1664,2023-06-28,1665,2023-06-29,True,0.0029509757258450175,1.0,2023,own,2022-12-31,0.5069685493343101
937,1665,2023-06-29,1666,2023-06-30,True,0.008447228549734342,1.0,2023,own,2022-12-31,0.508790689923253
938,1666,2023-06-30,1667,2023-07-03,True,0.0013176470588234235,1.0,2023,own,2022-12-31,0.467371292398003
939,1667,2023-07-03,1668,2023-07-04,True,0.022840492527493206,1.0,2023,own,2022-12-31,0.47494715877706456
940,1668,2023-07-04,1669,2023-07-05,True,0.014059915456717587,1.0,2023,own,2022-12-31,0.4416214408104624
941,1669,2023-07-05,1670,2023-07-06,True,0.0008155867693702135,1.0,2023,own,2022-12-31,0.4431068926497164
942,1670,2023-07-06,1671,2023-07-07,True,-0.047356030423759465,0.0,2023,own,2022-12-31,0.4519843554787932
943,1671,2023-07-07,1672,2023-07-10,True,0.007508791939929704,1.0,2023,own,2022-12-31,0.4931478658336127
944,1672,2023-07-10,1673,2023-07-11,True,0.0880188679245284,1.0,2023,own,2022-12-31,0.4660595333893849
945,1673,2023-07-11,1674,2023-07-12,True,-0.018382034162837013,0.0,2023,own,2022-12-31,0.38868657047763655
946,1674,2023-07-12,1675,2023-07-13,True,0.04451903542089908,1.0,2023,own,2022-12-31,0.4998976892250223
947,1675,2023-07-13,1676,2023-07-14,True,-0.007695560253699663,0.0,2023,own,2022-12-31,0.4283617479555939
948,1676,2023-07-14,1677,2023-07-17,True,0.008692687915459407,1.0,2023,own,2022-12-31,0.4663612331188023
949,1677,2023-07-17,1678,2023-07-18,True,-0.022220344711051054,0.0,2023,own,2022-12-31,0.43926541941910885
950,1678,2023-07-18,1679,2023-07-19,True,-0.009764106109046988,0.0,2023,own,2022-12-31,0.4994420063656188
951,1679,2023-07-19,1680,2023-07-20,True,-0.019458987783595005,0.0,2023,own,2022-12-31,0.49006622591211413
952,1680,2023-07-20,1681,2023-07-21,True,-0.0008899172376969355,0.0,2023,own,2022-12-31,0.5125765601565286
953,1681,2023-07-21,1682,2023-07-24,True,-0.011935512603544862,0.0,2023,own,2022-12-31,0.4893982750871483
954,1682,2023-07-24,1683,2023-07-25,True,0.01775894708374648,1.0,2023,own,2022-12-31,0.5049350170293616
955,1683,2023-07-25,1684,2023-07-26,True,-0.009743135518157753,0.0,2023,own,2022-12-31,0.47160481706758095
956,1684,2023-07-26,1685,2023-07-27,True,-0.011985688729874822,0.0,2023,own,2022-12-31,0.4974427226923736
957,1685,2023-07-27,1686,2023-07-28,True,0.03413000181061032,1.0,2023,own,2022-12-31,0.4985878301680975
958,1686,2023-07-28,1687,2023-07-31,True,0.004814847238028497,1.0,2023,own,2022-12-31,0.4508428077435297
959,1687,2023-07-31,1688,2023-08-01,True,-0.0032235581111692557,0.0,2023,own,2022-12-31,0.4676795773727265
960,1688,2023-08-01,1689,2023-08-02,True,-0.0037584127261602873,0.0,2023,own,2022-12-31,0.49821350815158616
961,1689,2023-08-02,1690,2023-08-03,True,0.0011405509738551256,1.0,2023,own,2022-12-31,0.4956169069704211
962,1690,2023-08-03,1691,2023-08-04,True,-0.06353518534747171,0.0,2023,own,2022-12-31,0.4863364870824601
963,1691,2023-08-04,1692,2023-08-07,True,-0.014317798989331942,0.0,2023,own,2022-12-31,0.563795268517411
964,1692,2023-08-07,1693,2023-08-08,True,-0.00550650337035985,0.0,2023,own,2022-12-31,0.509244187418693
965,1693,2023-08-08,1694,2023-08-09,True,-0.006587112171837606,0.0,2023,own,2022-12-31,0.5054689785550355
966,1694,2023-08-09,1695,2023-08-10,True,-0.003940034595425801,0.0,2023,own,2022-12-31,0.5068201946184884
967,1695,2023-08-10,1696,2023-08-11,True,-0.015436565364206456,0.0,2023,own,2022-12-31,0.49518162284485673
968,1696,2023-08-11,1697,2023-08-14,True,-0.008427241548260689,0.0,2023,own,2022-12-31,0.49653748135400155
969,1697,2023-08-14,1698,2023-08-15,True,-0.033995454096254485,0.0,2023,own,2022-12-31,0.47143383862632443
970,1698,2023-08-15,1699,2023-08-16,True,-0.03324808184143224,0.0,2023,own,2022-12-31,0.5052185089341907
971,1699,2023-08-16,1700,2023-08-17,True,0.010264550264550198,1.0,2023,own,2022-12-31,0.5003889024303984
972,1700,2023-08-17,1701,2023-08-18,True,-0.017806640829580056,0.0,2023,own,2022-12-31,0.46374812678912497
973,1701,2023-08-18,1702,2023-08-21,True,-0.024101525007998004,0.0,2023,own,2022-12-31,0.494277196183339
974,1702,2023-08-21,1703,2023-08-22,True,0.006884493497978372,1.0,2023,own,2022-12-31,0.4973204758748763
975,1703,2023-08-22,1704,2023-08-23,True,-0.022140221402214055,0.0,2023,own,2022-12-31,0.4625445747622373
976,1704,2023-08-23,1705,2023-08-24,True,0.015649278579356496,1.0,2023,own,2022-12-31,0.48641622238329657
977,1705,2023-08-24,1706,2023-08-25,True,-0.026335919571631616,0.0,2023,own,2022-12-31,0.4488013968784653
978,1706,2023-08-25,1707,2023-08-28,True,0.004377104377104368,1.0,2023,own,2022-12-31,0.4844902396598001
979,1707,2023-08-28,1708,2023-08-29,True,0.031064923455134563,1.0,2023,own,2022-12-31,0.4751788591036887
980,1708,2023-08-29,1709,2023-08-30,True,0.018749322640078114,1.0,2023,own,2022-12-31,0.4191347317853108
981,1709,2023-08-30,1710,2023-08-31,True,-0.00021276595744668114,0.0,2023,own,2022-12-31,0.4277838570727908
982,1710,2023-08-31,1711,2023-09-01,True,0.005533092147265384,1.0,2023,own,2022-12-31,0.4503856102992022
983,1711,2023-09-01,1712,2023-09-04,True,0.024338624338624326,1.0,2023,own,2022-12-31,0.4572222964238855
984,1712,2023-09-04,1713,2023-09-05,True,0.029338842975206614,1.0,2023,own,2022-12-31,0.4167743653712748
985,1713,2023-09-05,1714,2023-09-06,True,0.002810116419108777,1.0,2023,own,2022-12-31,0.4082736022239559
986,1714,2023-09-06,1715,2023-09-07,True,-0.016212970376301095,0.0,2023,own,2022-12-31,0.433587619307852
987,1715,2023-09-07,1716,2023-09-08,True,-0.009664292980671285,0.0,2023,own,2022-12-31,0.4600088735819807
988,1716,2023-09-08,1717,2023-09-11,True,0.0015408320493064398,1.0,2023,own,2022-12-31,0.44960257473059584
989,1717,2023-09-11,1718,2023-09-12,True,0.002974358974359159,1.0,2023,own,2022-12-31,0.4483804895835723
990,1718,2023-09-12,1719,2023-09-13,True,0.011862153594436986,1.0,2023,own,2022-12-31,0.46491505234141334
991,1719,2023-09-13,1720,2023-09-14,True,-0.02011116725619011,0.0,2023,own,2022-12-31,0.44202452159051664
992,1720,2023-09-14,1721,2023-09-15,True,0.031353135313531455,1.0,2023,own,2022-12-31,0.4635759859842845
993,1721,2023-09-15,1722,2023-09-18,True,-0.0049000000000000155,0.0,2023,own,2022-12-31,0.4098498794443562
994,1722,2023-09-18,1723,2023-09-19,True,0.01889257361069241,1.0,2023,own,2022-12-31,0.4494611960973998
995,1723,2023-09-19,1724,2023-09-20,True,-0.009369760331393695,0.0,2023,own,2022-12-31,0.42368289772298806
996,1724,2023-09-20,1725,2023-09-21,True,0.0007964954201513663,1.0,2023,own,2022-12-31,0.4587648587370079
997,1725,2023-09-21,1726,2023-09-22,True,0.014524472741743066,1.0,2023,own,2022-12-31,0.4461325872363647
998,1726,2023-09-22,1727,2023-09-25,True,-0.01990586389488147,0.0,2023,own,2022-12-31,0.43280202272770446
999,1727,2023-09-25,1728,2023-09-26,True,-0.01170585292646309,0.0,2023,own,2022-12-31,0.4773579830558253
1000,1728,2023-09-26,1729,2023-09-27,True,0.001012350678274876,1.0,2023,own,2022-12-31,0.4735552637799642
1001,1729,2023-09-27,1730,2023-09-28,True,-0.0028317152103560783,0.0,2023,own,2022-12-31,0.46540548186135855
1002,1730,2023-09-28,1731,2023-10-09,True,0.04148073022312393,1.0,2023,own,2022-12-31,0.46332193688860457
1003,1731,2023-10-09,1732,2023-10-10,True,0.011296133995520208,1.0,2023,own,2022-12-31,0.4140815064665518
1004,1732,2023-10-10,1733,2023-10-11,True,0.011073663938372835,1.0,2023,own,2022-12-31,0.43472643549773377
1005,1733,2023-10-11,1734,2023-10-12,True,-0.006666666666666821,0.0,2023,own,2022-12-31,0.43748361875848196
1006,1734,2023-10-12,1735,2023-10-13,True,-0.010738255033556854,0.0,2023,own,2022-12-31,0.4424186176199184
1007,1735,2023-10-13,1736,2023-10-16,True,-0.01977127350261676,0.0,2023,own,2022-12-31,0.44975658847349625
1008,1736,2023-10-16,1737,2023-10-17,True,0.010480522048645469,1.0,2023,own,2022-12-31,0.4656090264471408
1009,1737,2023-10-17,1738,2023-10-18,True,-0.017612524461839585,0.0,2023,own,2022-12-31,0.44222177885902886
1010,1738,2023-10-18,1739,2023-10-19,True,-0.009362549800796871,0.0,2023,own,2022-12-31,0.4683250554561682
1011,1739,2023-10-19,1740,2023-10-20,True,-0.020812386889201617,0.0,2023,own,2022-12-31,0.46367026387719973
1012,1740,2023-10-20,1741,2023-10-23,True,-0.027620905637128934,0.0,2023,own,2022-12-31,0.48033376603769684
1013,1741,2023-10-23,1742,2023-10-24,True,0.03146779303062308,1.0,2023,own,2022-12-31,0.492950607723332
1014,1742,2023-10-24,1743,2023-10-25,True,-0.012592137592137731,0.0,2023,own,2022-12-31,0.4343024639706846
1015,1743,2023-10-25,1744,2023-10-26,True,-0.021461897356143234,0.0,2023,own,2022-12-31,0.4546670808162284
1016,1744,2023-10-26,1745,2023-10-27,True,0.07893621529985184,1.0,2023,own,2022-12-31,0.47812023470946835
1017,1745,2023-10-27,1746,2023-10-30,True,0.04959245801826562,1.0,2023,own,2022-12-31,0.3774935191332385
1018,1746,2023-10-30,1747,2023-10-31,True,0.0011227544910181741,1.0,2023,own,2022-12-31,0.39128003663187344
1019,1747,2023-10-31,1748,2023-11-01,True,-0.014392523364486154,0.0,2023,own,2022-12-31,0.4641270595979725
1020,1748,2023-11-01,1749,2023-11-02,True,-0.008818509387445439,0.0,2023,own,2022-12-31,0.4718785147551662
1021,1749,2023-11-02,1750,2023-11-03,True,0.03319621161389086,1.0,2023,own,2022-12-31,0.4627929952951343
1022,1750,2023-11-03,1751,2023-11-06,True,0.012499999999999956,1.0,2023,own,2022-12-31,0.4283100061972053
1023,1751,2023-11-06,1752,2023-11-07,True,-0.02203932327389102,0.0,2023,own,2022-12-31,0.46382886965134906
1024,1752,2023-11-07,1753,2023-11-08,True,-0.002337759491303437,0.0,2023,own,2022-12-31,0.5022898874736234
1025,1753,2023-11-08,1754,2023-11-09,True,-0.01490298997094397,0.0,2023,own,2022-12-31,0.4830529545340903
1026,1754,2023-11-09,1755,2023-11-10,True,0.0007611798287348037,1.0,2023,own,2022-12-31,0.4977437000612466
1027,1755,2023-11-10,1756,2023-11-13,True,-0.010173036698992166,0.0,2023,own,2022-12-31,0.49217452229636843
1028,1756,2023-11-13,1757,2023-11-14,True,-0.004226299106714015,0.0,2023,own,2022-12-31,0.504967801560942
1029,1757,2023-11-14,1758,2023-11-15,True,0.03202469373975103,1.0,2023,own,2022-12-31,0.49235046654096226
1030,1758,2023-11-15,1759,2023-11-16,True,-0.02149733619964478,0.0,2023,own,2022-12-31,0.45908934384087896
1031,1759,2023-11-16,1760,2023-11-17,True,0.0027700831024930483,1.0,2023,own,2022-12-31,0.5091245087998755
1032,1760,2023-11-17,1761,2023-11-20,True,-0.04686606972756713,0.0,2023,own,2022-12-31,0.48476741599051515
1033,1761,2023-11-20,1762,2023-11-21,True,-0.02158704777133713,0.0,2023,own,2022-12-31,0.540939126714014
1034,1762,2023-11-21,1763,2023-11-22,True,-0.022574055158325,0.0,2023,own,2022-12-31,0.5219256844528546
1035,1763,2023-11-22,1764,2023-11-23,True,0.01045041279130543,1.0,2023,own,2022-12-31,0.5337962155829793
1036,1764,2023-11-23,1765,2023-11-24,True,-0.019960699141586602,0.0,2023,own,2022-12-31,0.494190469770268
1037,1765,2023-11-24,1766,2023-11-27,True,0.0029548332629802943,1.0,2023,own,2022-12-31,0.5262437195347518
1038,1766,2023-11-27,1767,2023-11-28,True,0.0016835016835015093,1.0,2023,own,2022-12-31,0.48062835009914406
1039,1767,2023-11-28,1768,2023-11-29,True,-0.005882352941176339,0.0,2023,own,2022-12-31,0.47622180931260616
1040,1768,2023-11-29,1769,2023-11-30,True,-0.005705832628909557,0.0,2023,own,2022-12-31,0.4791065285511496
1041,1769,2023-11-30,1770,2023-12-01,True,0.011158342189160564,1.0,2023,own,2022-12-31,0.47028327542227794
1042,1770,2023-12-01,1771,2023-12-04,True,-0.007146610614818805,0.0,2023,own,2022-12-31,0.4498823872967566
1043,1771,2023-12-04,1772,2023-12-05,True,-0.046681486186090915,0.0,2023,own,2022-12-31,0.47230219455140526
1044,1772,2023-12-05,1773,2023-12-06,True,0.013990672884743649,1.0,2023,own,2022-12-31,0.513597261903956
1045,1773,2023-12-06,1774,2023-12-07,True,-0.016973280770915422,0.0,2023,own,2022-12-31,0.44548612290401207
1046,1774,2023-12-07,1775,2023-12-08,True,0.02383869889718171,1.0,2023,own,2022-12-31,0.481992626210579
1047,1775,2023-12-08,1776,2023-12-11,True,0.010771406811010964,1.0,2023,own,2022-12-31,0.43943028944493523
1048,1776,2023-12-11,1777,2023-12-12,True,0.007750269106566066,1.0,2023,own,2022-12-31,0.45072046294117285
1049,1777,2023-12-12,1778,2023-12-13,True,-0.0034180730613116994,0.0,2023,own,2022-12-31,0.4476285742639025
1050,1778,2023-12-13,1779,2023-12-14,True,0.019399785637727707,1.0,2023,own,2022-12-31,0.4610656210767661
1051,1779,2023-12-14,1780,2023-12-15,True,-0.010198717274734537,0.0,2023,own,2022-12-31,0.4340397191186584
1052,1780,2023-12-15,1781,2023-12-18,True,-0.015933715742511123,0.0,2023,own,2022-12-31,0.47007191556265204
1053,1781,2023-12-18,1782,2023-12-19,True,0.013385146804835824,1.0,2023,own,2022-12-31,0.4764699330598871
1054,1782,2023-12-19,1783,2023-12-20,True,-0.028973157221985568,0.0,2023,own,2022-12-31,0.4448987844459523
1055,1783,2023-12-20,1784,2023-12-21,True,0.005813953488372103,1.0,2023,own,2022-12-31,0.4886370686019762
1056,1784,2023-12-21,1785,2023-12-22,True,-0.0062165994110587874,0.0,2023,own,2022-12-31,0.45602719518725854
1057,1785,2023-12-22,1786,2023-12-25,True,-0.0021949078138717715,0.0,2023,own,2022-12-31,0.47409618546279797
1058,1786,2023-12-25,1787,2023-12-26,True,-0.01957765068191819,0.0,2023,own,2022-12-31,0.45876430355783593
1059,1787,2023-12-26,1788,2023-12-27,True,0.018958940991698592,1.0,2023,own,2022-12-31,0.4847418949360221
1060,1788,2023-12-27,1789,2023-12-28,True,0.018385995816360357,1.0,2023,own,2022-12-31,0.4348932274096336
1061,1789,2023-12-28,1790,2023-12-29,True,-0.0011891891891890882,0.0,2023,own,2022-12-31,0.43093799968157087
1062,1790,2023-12-29,1791,2024-01-02,True,-0.026085074142223164,0.0,2023,own,2022-12-31,0.45532931696638673
821,1549,2023-01-03,1550,2023-01-04,True,-0.027034883720930214,0.0,2023,market,2022-12-31,0.48833708956273914
822,1550,2023-01-04,1551,2023-01-05,True,0.02240812668060932,1.0,2023,market,2022-12-31,0.5398261239446434
823,1551,2023-01-05,1552,2023-01-06,True,0.0021429962984609308,1.0,2023,market,2022-12-31,0.5140788161258166
824,1552,2023-01-06,1553,2023-01-09,True,0.021189735614308036,1.0,2023,market,2022-12-31,0.49270830889819656
825,1553,2023-01-09,1554,2023-01-10,True,0.01256424900057107,1.0,2023,market,2022-12-31,0.47761040687706097
826,1554,2023-01-10,1555,2023-01-11,True,0.006768189509306355,1.0,2023,market,2022-12-31,0.4581356818267687
827,1555,2023-01-11,1556,2023-01-12,True,-0.007189542483659994,0.0,2023,market,2022-12-31,0.45455157750149283
828,1556,2023-01-12,1557,2023-01-13,True,0.01974983541803832,1.0,2023,market,2022-12-31,0.4938057789227552
829,1557,2023-01-13,1558,2023-01-16,True,0.0607765378585261,1.0,2023,market,2022-12-31,0.4900938938688261
830,1558,2023-01-16,1559,2023-01-17,True,0.043383759346200756,1.0,2023,market,2022-12-31,0.4285189976807634
831,1559,2023-01-17,1560,2023-01-18,True,-0.027664361303224805,0.0,2023,market,2022-12-31,0.41913701077818866
832,1560,2023-01-18,1561,2023-01-19,True,0.01833918930499623,1.0,2023,market,2022-12-31,0.5302320088642742
833,1561,2023-01-19,1562,2023-01-20,True,0.031978456618699136,1.0,2023,market,2022-12-31,0.48287928075358216
834,1562,2023-01-20,1563,2023-01-30,True,-0.011253363777215974,0.0,2023,market,2022-12-31,0.4640770568337704
835,1563,2023-01-30,1564,2023-01-31,True,-0.055257731958762824,0.0,2023,market,2022-12-31,0.5414184933062078
836,1564,2023-01-31,1565,2023-02-01,True,0.003928415539065977,1.0,2023,market,2022-12-31,0.5764054385432844
837,1565,2023-02-01,1566,2023-02-02,True,0.018173913043478374,1.0,2023,market,2022-12-31,0.5346898401021837
838,1566,2023-02-02,1567,2023-02-03,True,0.0036723887607823524,1.0,2023,market,2022-12-31,0.4725868669340778
839,1567,2023-02-03,1568,2023-02-06,True,-0.026633764465622933,0.0,2023,market,2022-12-31,0.4784575493642113
840,1568,2023-02-06,1569,2023-02-07,True,-0.007867820613690069,0.0,2023,market,2022-12-31,0.4994764558810074
841,1569,2023-02-07,1570,2023-02-08,True,-0.003612653097189056,0.0,2023,market,2022-12-31,0.5125422777577939
842,1570,2023-02-08,1571,2023-02-09,True,0.04421648390519972,1.0,2023,market,2022-12-31,0.489259067782892
843,1571,2023-02-09,1572,2023-02-10,True,-0.012957317073170604,0.0,2023,market,2022-12-31,0.47344445101491606
844,1572,2023-02-10,1573,2023-02-13,True,0.004290004290004257,1.0,2023,market,2022-12-31,0.5116115065992346
845,1573,2023-02-13,1574,2023-02-14,True,-0.010166595472020479,0.0,2023,market,2022-12-31,0.5150687355341673
846,1574,2023-02-14,1575,2023-02-15,True,0.007854306922147503,1.0,2023,market,2022-12-31,0.519863404452946
847,1575,2023-02-15,1576,2023-02-16,True,-0.029459621478119424,0.0,2023,market,2022-12-31,0.4703794160764856
848,1576,2023-02-16,1577,2023-02-17,True,-0.040501191211506304,0.0,2023,market,2022-12-31,0.5293910638559625
849,1577,2023-02-17,1578,2023-02-20,True,0.007173073386058659,1.0,2023,market,2022-12-31,0.5354990925637731
850,1578,2023-02-20,1579,2023-02-21,True,-0.006117604090577045,0.0,2023,market,2022-12-31,0.5727194719366476
851,1579,2023-02-21,1580,2023-02-22,True,-0.003215434083601254,0.0,2023,market,2022-12-31,0.5302968953993844
852,1580,2023-02-22,1581,2023-02-23,True,0.0002764976958524734,1.0,2023,market,2022-12-31,0.48569025887739303
853,1581,2023-02-23,1582,2023-02-24,True,-0.013913203722473066,0.0,2023,market,2022-12-31,0.49890420889787507
854,1582,2023-02-24,1583,2023-02-27,True,-0.028032143524574726,0.0,2023,market,2022-12-31,0.4779476562906319
855,1583,2023-02-27,1584,2023-02-28,True,0.008363776196885109,1.0,2023,market,2022-12-31,0.5148421338330793
856,1584,2023-02-28,1585,2023-03-01,True,-0.003718180951472916,0.0,2023,market,2022-12-31,0.49450927101875375
857,1585,2023-03-01,1586,2023-03-02,True,0.006602870813396944,1.0,2023,market,2022-12-31,0.5211125471780286
858,1586,2023-03-02,1587,2023-03-03,True,0.0053236999714803,1.0,2023,market,2022-12-31,0.4580468651181246
859,1587,2023-03-03,1588,2023-03-06,True,-0.005957446808510625,0.0,2023,market,2022-12-31,0.47060497998055545
860,1588,2023-03-06,1589,2023-03-07,True,-0.036624809741248265,0.0,2023,market,2022-12-31,0.4559623198983451
861,1589,2023-03-07,1590,2023-03-08,True,0.005233534116717786,1.0,2023,market,2022-12-31,0.4687301367693094
862,1590,2023-03-08,1591,2023-03-09,True,0.00383104125736744,1.0,2023,market,2022-12-31,0.4363931410834727
863,1591,2023-03-09,1592,2023-03-10,True,-0.011351404246990882,0.0,2023,market,2022-12-31,0.4346564587091834
864,1592,2023-03-10,1593,2023-03-13,True,0.004652083539542717,1.0,2023,market,2022-12-31,0.4195338723125507
865,1593,2023-03-13,1594,2023-03-14,True,0.034876847290640445,1.0,2023,market,2022-12-31,0.46315423271237605
866,1594,2023-03-14,1595,2023-03-15,True,-0.0007616146230009502,0.0,2023,market,2022-12-31,0.3685914407215993
867,1595,2023-03-15,1596,2023-03-16,True,0.0030487804878049918,1.0,2023,market,2022-12-31,0.4419846414518413
868,1596,2023-03-16,1597,2023-03-17,True,-0.0010448328267476104,0.0,2023,market,2022-12-31,0.3902143052749101
869,1597,2023-03-17,1598,2023-03-20,True,0.025197299610154822,1.0,2023,market,2022-12-31,0.4486431742560801
870,1598,2023-03-20,1599,2023-03-21,True,-0.0028751623075495836,0.0,2023,market,2022-12-31,0.372580327340623
871,1599,2023-03-21,1600,2023-03-22,True,-0.013580132080736607,0.0,2023,market,2022-12-31,0.4711686010010511
872,1600,2023-03-22,1601,2023-03-23,True,0.10004714757190003,1.0,2023,market,2022-12-31,0.48197413668539946
873,1601,2023-03-23,1602,2023-03-24,True,0.010629178810217965,1.0,2023,market,2022-12-31,0.3564091069558269
874,1602,2023-03-24,1603,2023-03-27,True,-0.03299406276505523,0.0,2023,market,2022-12-31,0.4382490151204584
875,1603,2023-03-27,1604,2023-03-28,True,-0.045697745811770996,0.0,2023,market,2022-12-31,0.5065267648357734
876,1604,2023-03-28,1605,2023-03-29,True,0.05716911764705879,1.0,2023,market,2022-12-31,0.5424405298696794
877,1605,2023-03-29,1606,2023-03-30,True,0.05477308294209693,1.0,2023,market,2022-12-31,0.40054584631287915
878,1606,2023-03-30,1607,2023-03-31,True,0.0056050115397296985,1.0,2023,market,2022-12-31,0.44337178980616576
879,1607,2023-03-31,1608,2023-04-03,True,0.07811475409836066,1.0,2023,market,2022-12-31,0.49640624312543313
880,1608,2023-04-03,1609,2023-04-04,True,-0.00737474340454658,0.0,2023,market,2022-12-31,0.4185581232511496
881,1609,2023-04-04,1610,2023-04-06,True,0.03017769607843146,1.0,2023,market,2022-12-31,0.49390681076996384
882,1610,2023-04-06,1611,2023-04-07,True,0.030483271375464582,1.0,2023,market,2022-12-31,0.43120169222284693
883,1611,2023-04-07,1612,2023-04-10,True,-0.055844155844155696,0.0,2023,market,2022-12-31,0.4541472669917902
884,1612,2023-04-10,1613,2023-04-11,True,0.01421366345712971,1.0,2023,market,2022-12-31,0.5708016403092137
885,1613,2023-04-11,1614,2023-04-12,True,0.017103676913803545,1.0,2023,market,2022-12-31,0.48415189267729714
886,1614,2023-04-12,1615,2023-04-13,True,-0.0494851470479295,0.0,2023,market,2022-12-31,0.47352744004364755
887,1615,2023-04-13,1616,2023-04-14,True,0.05533473618580009,1.0,2023,market,2022-12-31,0.5726403151883659
888,1616,2023-04-14,1617,2023-04-17,True,0.0036186396868769233,1.0,2023,market,2022-12-31,0.4613229731468909
889,1617,2023-04-17,1618,2023-04-18,True,-0.02200147167034594,0.0,2023,market,2022-12-31,0.5523579492918972
890,1618,2023-04-18,1619,2023-04-19,True,-0.01625159882627336,0.0,2023,market,2022-12-31,0.5617088701995836
891,1619,2023-04-19,1620,2023-04-20,True,0.042294455066921754,1.0,2023,market,2022-12-31,0.5248698487390737
892,1620,2023-04-20,1621,2023-04-21,True,-0.07242442031112417,0.0,2023,market,2022-12-31,0.43681292590236975
893,1621,2023-04-21,1622,2023-04-24,True,-0.044854046357092114,0.0,2023,market,2022-12-31,0.5776780209774796
894,1622,2023-04-24,1623,2023-04-25,True,-0.02501242338910059,0.0,2023,market,2022-12-31,0.5625207960962256
895,1623,2023-04-25,1624,2023-04-26,True,-0.0572545022086306,0.0,2023,market,2022-12-31,0.546942378741702
896,1624,2023-04-26,1625,2023-04-27,True,0.01351594881960727,1.0,2023,market,2022-12-31,0.6162088812742003
897,1625,2023-04-27,1626,2023-04-28,True,-0.0356507823613087,0.0,2023,market,2022-12-31,0.5314237640524297
898,1626,2023-04-28,1627,2023-05-04,True,-0.031990412095510345,0.0,2023,market,2022-12-31,0.6046364905797967
899,1627,2023-05-04,1628,2023-05-05,True,-0.0019047619047619646,0.0,2023,market,2022-12-31,0.5875712688703736
900,1628,2023-05-05,1629,2023-05-08,True,-0.006106870229007688,0.0,2023,market,2022-12-31,0.5249352723299593
901,1629,2023-05-08,1630,2023-05-09,True,-0.02304147465437767,0.0,2023,market,2022-12-31,0.5677225039035326
902,1630,2023-05-09,1631,2023-05-10,True,-0.01641116352201266,0.0,2023,market,2022-12-31,0.5375447321320759
903,1631,2023-05-10,1632,2023-05-11,True,0.007393345988610189,1.0,2023,market,2022-12-31,0.5128531935159183
904,1632,2023-05-11,1633,2023-05-12,True,-0.0030744818010512986,0.0,2023,market,2022-12-31,0.4898289181464367
905,1633,2023-05-12,1634,2023-05-15,True,0.015519299641862272,1.0,2023,market,2022-12-31,0.4569302185880844
906,1634,2023-05-15,1635,2023-05-16,True,0.03908699059561127,1.0,2023,market,2022-12-31,0.5084115624447176
907,1635,2023-05-16,1636,2023-05-17,True,0.03186574903365713,1.0,2023,market,2022-12-31,0.4113549111453278
908,1636,2023-05-17,1637,2023-05-18,True,-0.02055733211512123,0.0,2023,market,2022-12-31,0.4014337167756334
909,1637,2023-05-18,1638,2023-05-19,True,0.04486940298507469,1.0,2023,market,2022-12-31,0.49860823862386594
910,1638,2023-05-19,1639,2023-05-22,True,0.011606106597625176,1.0,2023,market,2022-12-31,0.38656730677560364
911,1639,2023-05-22,1640,2023-05-23,True,-0.05145176948195218,0.0,2023,market,2022-12-31,0.4647812044782484
912,1640,2023-05-23,1641,2023-05-24,True,0.008373650911797315,1.0,2023,market,2022-12-31,0.5035190829713385
913,1641,2023-05-24,1642,2023-05-25,True,0.02232884295995574,1.0,2023,market,2022-12-31,0.40899329136519696
914,1642,2023-05-25,1643,2023-05-26,True,0.028880866425992746,1.0,2023,market,2022-12-31,0.41296557268620504
915,1643,2023-05-26,1644,2023-05-29,True,-0.01605263157894743,0.0,2023,market,2022-12-31,0.41025675909245624
916,1644,2023-05-29,1645,2023-05-30,True,0.003833467058928397,1.0,2023,market,2022-12-31,0.45206039441774853
917,1645,2023-05-30,1646,2023-05-31,True,-0.015985790408525657,0.0,2023,market,2022-12-31,0.41550929981368206
918,1646,2023-05-31,1647,2023-06-01,True,-0.004422382671480096,0.0,2023,market,2022-12-31,0.41118269044041234
919,1647,2023-06-01,1648,2023-06-02,True,-0.01287281298159726,0.0,2023,market,2022-12-31,0.42305310305714133
920,1648,2023-06-02,1649,2023-06-05,True,-0.017356965745247366,0.0,2023,market,2022-12-31,0.4900495204279476
921,1649,2023-06-05,1650,2023-06-06,True,-0.036822429906542165,0.0,2023,market,2022-12-31,0.4490654442930962
922,1650,2023-06-06,1651,2023-06-07,True,0.001746555404618766,1.0,2023,market,2022-12-31,0.47237679752282097
923,1651,2023-06-07,1652,2023-06-08,True,-0.020437814800464804,0.0,2023,market,2022-12-31,0.42747164578674546
924,1652,2023-06-08,1653,2023-06-09,True,0.020963116780381652,1.0,2023,market,2022-12-31,0.5081548888378801
925,1653,2023-06-09,1654,2023-06-12,True,-0.003389830508474523,0.0,2023,market,2022-12-31,0.4317777722066802
926,1654,2023-06-12,1655,2023-06-13,True,0.08785228377065102,1.0,2023,market,2022-12-31,0.46034126047812524
927,1655,2023-06-13,1656,2023-06-14,True,0.0023226728604610614,1.0,2023,market,2022-12-31,0.34768283259004196
928,1656,2023-06-14,1657,2023-06-15,True,-0.011497326203208758,0.0,2023,market,2022-12-31,0.4526984518505163
929,1657,2023-06-15,1658,2023-06-16,True,0.008745829952213624,1.0,2023,market,2022-12-31,0.5212540928937274
930,1658,2023-06-16,1659,2023-06-19,True,0.019663925634608503,1.0,2023,market,2022-12-31,0.4789624532344155
931,1659,2023-06-19,1660,2023-06-20,True,-0.0008765778401123026,0.0,2023,market,2022-12-31,0.39888567233808353
932,1660,2023-06-20,1661,2023-06-21,True,-0.04904728299223693,0.0,2023,market,2022-12-31,0.4436033498945238
933,1661,2023-06-21,1662,2023-06-26,True,-0.018089053803339694,0.0,2023,market,2022-12-31,0.4858815563149491
934,1662,2023-06-26,1663,2023-06-27,True,-9.447331128942249e-05,0.0,2023,market,2022-12-31,0.4368037948694113
935,1663,2023-06-27,1664,2023-06-28,True,-0.007464096749811189,0.0,2023,market,2022-12-31,0.4853866187119158
936,1664,2023-06-28,1665,2023-06-29,True,0.0029509757258450175,1.0,2023,market,2022-12-31,0.46801551513862893
937,1665,2023-06-29,1666,2023-06-30,True,0.008447228549734342,1.0,2023,market,2022-12-31,0.44699315727358746
938,1666,2023-06-30,1667,2023-07-03,True,0.0013176470588234235,1.0,2023,market,2022-12-31,0.45331642364731295
939,1667,2023-07-03,1668,2023-07-04,True,0.022840492527493206,1.0,2023,market,2022-12-31,0.4882420979937863
940,1668,2023-07-04,1669,2023-07-05,True,0.014059915456717587,1.0,2023,market,2022-12-31,0.4212843973900343
941,1669,2023-07-05,1670,2023-07-06,True,0.0008155867693702135,1.0,2023,market,2022-12-31,0.39681130768053696
942,1670,2023-07-06,1671,2023-07-07,True,-0.047356030423759465,0.0,2023,market,2022-12-31,0.4128412650129568
943,1671,2023-07-07,1672,2023-07-10,True,0.007508791939929704,1.0,2023,market,2022-12-31,0.4955059488023961
944,1672,2023-07-10,1673,2023-07-11,True,0.0880188679245284,1.0,2023,market,2022-12-31,0.4520220901104211
945,1673,2023-07-11,1674,2023-07-12,True,-0.018382034162837013,0.0,2023,market,2022-12-31,0.35562081207245705
946,1674,2023-07-12,1675,2023-07-13,True,0.04451903542089908,1.0,2023,market,2022-12-31,0.46995561910974265
947,1675,2023-07-13,1676,2023-07-14,True,-0.007695560253699663,0.0,2023,market,2022-12-31,0.4268754945634871
948,1676,2023-07-14,1677,2023-07-17,True,0.008692687915459407,1.0,2023,market,2022-12-31,0.4562600132763965
949,1677,2023-07-17,1678,2023-07-18,True,-0.022220344711051054,0.0,2023,market,2022-12-31,0.3946047513156935
950,1678,2023-07-18,1679,2023-07-19,True,-0.009764106109046988,0.0,2023,market,2022-12-31,0.46841790097917285
951,1679,2023-07-19,1680,2023-07-20,True,-0.019458987783595005,0.0,2023,market,2022-12-31,0.4610699033836361
952,1680,2023-07-20,1681,2023-07-21,True,-0.0008899172376969355,0.0,2023,market,2022-12-31,0.47054163275582866
953,1681,2023-07-21,1682,2023-07-24,True,-0.011935512603544862,0.0,2023,market,2022-12-31,0.45859066254710595
954,1682,2023-07-24,1683,2023-07-25,True,0.01775894708374648,1.0,2023,market,2022-12-31,0.4678346825367742
955,1683,2023-07-25,1684,2023-07-26,True,-0.009743135518157753,0.0,2023,market,2022-12-31,0.5230861711343981
956,1684,2023-07-26,1685,2023-07-27,True,-0.011985688729874822,0.0,2023,market,2022-12-31,0.4744221884126908
957,1685,2023-07-27,1686,2023-07-28,True,0.03413000181061032,1.0,2023,market,2022-12-31,0.47783065664716656
958,1686,2023-07-28,1687,2023-07-31,True,0.004814847238028497,1.0,2023,market,2022-12-31,0.4738605561538623
959,1687,2023-07-31,1688,2023-08-01,True,-0.0032235581111692557,0.0,2023,market,2022-12-31,0.4619060647854482
960,1688,2023-08-01,1689,2023-08-02,True,-0.0037584127261602873,0.0,2023,market,2022-12-31,0.4570066491123232
961,1689,2023-08-02,1690,2023-08-03,True,0.0011405509738551256,1.0,2023,market,2022-12-31,0.43887608678855
962,1690,2023-08-03,1691,2023-08-04,True,-0.06353518534747171,0.0,2023,market,2022-12-31,0.4779504869134357
963,1691,2023-08-04,1692,2023-08-07,True,-0.014317798989331942,0.0,2023,market,2022-12-31,0.5853331352038424
964,1692,2023-08-07,1693,2023-08-08,True,-0.00550650337035985,0.0,2023,market,2022-12-31,0.48039193820134013
965,1693,2023-08-08,1694,2023-08-09,True,-0.006587112171837606,0.0,2023,market,2022-12-31,0.47289534434212105
966,1694,2023-08-09,1695,2023-08-10,True,-0.003940034595425801,0.0,2023,market,2022-12-31,0.46488166397408914
967,1695,2023-08-10,1696,2023-08-11,True,-0.015436565364206456,0.0,2023,market,2022-12-31,0.4721562756720108
968,1696,2023-08-11,1697,2023-08-14,True,-0.008427241548260689,0.0,2023,market,2022-12-31,0.4061491997318178
969,1697,2023-08-14,1698,2023-08-15,True,-0.033995454096254485,0.0,2023,market,2022-12-31,0.42644656876116577
970,1698,2023-08-15,1699,2023-08-16,True,-0.03324808184143224,0.0,2023,market,2022-12-31,0.48922686220979983
971,1699,2023-08-16,1700,2023-08-17,True,0.010264550264550198,1.0,2023,market,2022-12-31,0.4747367713731309
972,1700,2023-08-17,1701,2023-08-18,True,-0.017806640829580056,0.0,2023,market,2022-12-31,0.44724842872360127
973,1701,2023-08-18,1702,2023-08-21,True,-0.024101525007998004,0.0,2023,market,2022-12-31,0.44837804483893184
974,1702,2023-08-21,1703,2023-08-22,True,0.006884493497978372,1.0,2023,market,2022-12-31,0.44958331260251727
975,1703,2023-08-22,1704,2023-08-23,True,-0.022140221402214055,0.0,2023,market,2022-12-31,0.46872239207274485
976,1704,2023-08-23,1705,2023-08-24,True,0.015649278579356496,1.0,2023,market,2022-12-31,0.43707598903216927
977,1705,2023-08-24,1706,2023-08-25,True,-0.026335919571631616,0.0,2023,market,2022-12-31,0.45031444538573984
978,1706,2023-08-25,1707,2023-08-28,True,0.004377104377104368,1.0,2023,market,2022-12-31,0.48072087376134703
979,1707,2023-08-28,1708,2023-08-29,True,0.031064923455134563,1.0,2023,market,2022-12-31,0.4929081843915393
980,1708,2023-08-29,1709,2023-08-30,True,0.018749322640078114,1.0,2023,market,2022-12-31,0.43171932985207284
981,1709,2023-08-30,1710,2023-08-31,True,-0.00021276595744668114,0.0,2023,market,2022-12-31,0.4180645685749167
982,1710,2023-08-31,1711,2023-09-01,True,0.005533092147265384,1.0,2023,market,2022-12-31,0.430807194070154
983,1711,2023-09-01,1712,2023-09-04,True,0.024338624338624326,1.0,2023,market,2022-12-31,0.4552071374464496
984,1712,2023-09-04,1713,2023-09-05,True,0.029338842975206614,1.0,2023,market,2022-12-31,0.44043607179540273
985,1713,2023-09-05,1714,2023-09-06,True,0.002810116419108777,1.0,2023,market,2022-12-31,0.36860432741884985
986,1714,2023-09-06,1715,2023-09-07,True,-0.016212970376301095,0.0,2023,market,2022-12-31,0.4176878216089738
987,1715,2023-09-07,1716,2023-09-08,True,-0.009664292980671285,0.0,2023,market,2022-12-31,0.41799929989174883
988,1716,2023-09-08,1717,2023-09-11,True,0.0015408320493064398,1.0,2023,market,2022-12-31,0.43389872592453277
989,1717,2023-09-11,1718,2023-09-12,True,0.002974358974359159,1.0,2023,market,2022-12-31,0.4503368153056522
990,1718,2023-09-12,1719,2023-09-13,True,0.011862153594436986,1.0,2023,market,2022-12-31,0.42392697136259994
991,1719,2023-09-13,1720,2023-09-14,True,-0.02011116725619011,0.0,2023,market,2022-12-31,0.3904067139579412
992,1720,2023-09-14,1721,2023-09-15,True,0.031353135313531455,1.0,2023,market,2022-12-31,0.4491432349800469
993,1721,2023-09-15,1722,2023-09-18,True,-0.0049000000000000155,0.0,2023,market,2022-12-31,0.3569668842381251
994,1722,2023-09-18,1723,2023-09-19,True,0.01889257361069241,1.0,2023,market,2022-12-31,0.4467831382950177
995,1723,2023-09-19,1724,2023-09-20,True,-0.009369760331393695,0.0,2023,market,2022-12-31,0.38576272287795266
996,1724,2023-09-20,1725,2023-09-21,True,0.0007964954201513663,1.0,2023,market,2022-12-31,0.4231539611546808
997,1725,2023-09-21,1726,2023-09-22,True,0.014524472741743066,1.0,2023,market,2022-12-31,0.3921006381292269
998,1726,2023-09-22,1727,2023-09-25,True,-0.01990586389488147,0.0,2023,market,2022-12-31,0.4495382613887018
999,1727,2023-09-25,1728,2023-09-26,True,-0.01170585292646309,0.0,2023,market,2022-12-31,0.4300134340095121
1000,1728,2023-09-26,1729,2023-09-27,True,0.001012350678274876,1.0,2023,market,2022-12-31,0.42331464058141877
1001,1729,2023-09-27,1730,2023-09-28,True,-0.0028317152103560783,0.0,2023,market,2022-12-31,0.43388572786598384
1002,1730,2023-09-28,1731,2023-10-09,True,0.04148073022312393,1.0,2023,market,2022-12-31,0.42522386222824016
1003,1731,2023-10-09,1732,2023-10-10,True,0.011296133995520208,1.0,2023,market,2022-12-31,0.3582713539105533
1004,1732,2023-10-10,1733,2023-10-11,True,0.011073663938372835,1.0,2023,market,2022-12-31,0.3720183471178719
1005,1733,2023-10-11,1734,2023-10-12,True,-0.006666666666666821,0.0,2023,market,2022-12-31,0.40641699854135455
1006,1734,2023-10-12,1735,2023-10-13,True,-0.010738255033556854,0.0,2023,market,2022-12-31,0.45027586193690644
1007,1735,2023-10-13,1736,2023-10-16,True,-0.01977127350261676,0.0,2023,market,2022-12-31,0.39992004000273723
1008,1736,2023-10-16,1737,2023-10-17,True,0.010480522048645469,1.0,2023,market,2022-12-31,0.41628677051183377
1009,1737,2023-10-17,1738,2023-10-18,True,-0.017612524461839585,0.0,2023,market,2022-12-31,0.41825964891074174
1010,1738,2023-10-18,1739,2023-10-19,True,-0.009362549800796871,0.0,2023,market,2022-12-31,0.4260892913436194
1011,1739,2023-10-19,1740,2023-10-20,True,-0.020812386889201617,0.0,2023,market,2022-12-31,0.37257851107804896
1012,1740,2023-10-20,1741,2023-10-23,True,-0.027620905637128934,0.0,2023,market,2022-12-31,0.4301876673094182
1013,1741,2023-10-23,1742,2023-10-24,True,0.03146779303062308,1.0,2023,market,2022-12-31,0.4321188086762834
1014,1742,2023-10-24,1743,2023-10-25,True,-0.012592137592137731,0.0,2023,market,2022-12-31,0.3842831489775844
1015,1743,2023-10-25,1744,2023-10-26,True,-0.021461897356143234,0.0,2023,market,2022-12-31,0.427975859390352
1016,1744,2023-10-26,1745,2023-10-27,True,0.07893621529985184,1.0,2023,market,2022-12-31,0.44611031149060476
1017,1745,2023-10-27,1746,2023-10-30,True,0.04959245801826562,1.0,2023,market,2022-12-31,0.3445181675622224
1018,1746,2023-10-30,1747,2023-10-31,True,0.0011227544910181741,1.0,2023,market,2022-12-31,0.3465760536427345
1019,1747,2023-10-31,1748,2023-11-01,True,-0.014392523364486154,0.0,2023,market,2022-12-31,0.39328962346724455
1020,1748,2023-11-01,1749,2023-11-02,True,-0.008818509387445439,0.0,2023,market,2022-12-31,0.42418486715901155
1021,1749,2023-11-02,1750,2023-11-03,True,0.03319621161389086,1.0,2023,market,2022-12-31,0.40442403492157
1022,1750,2023-11-03,1751,2023-11-06,True,0.012499999999999956,1.0,2023,market,2022-12-31,0.384101789795223
1023,1751,2023-11-06,1752,2023-11-07,True,-0.02203932327389102,0.0,2023,market,2022-12-31,0.42891677782713494
1024,1752,2023-11-07,1753,2023-11-08,True,-0.002337759491303437,0.0,2023,market,2022-12-31,0.4396804181394283
1025,1753,2023-11-08,1754,2023-11-09,True,-0.01490298997094397,0.0,2023,market,2022-12-31,0.41387511215687506
1026,1754,2023-11-09,1755,2023-11-10,True,0.0007611798287348037,1.0,2023,market,2022-12-31,0.4437853640178884
1027,1755,2023-11-10,1756,2023-11-13,True,-0.010173036698992166,0.0,2023,market,2022-12-31,0.40168210276993876
1028,1756,2023-11-13,1757,2023-11-14,True,-0.004226299106714015,0.0,2023,market,2022-12-31,0.43986744812487316
1029,1757,2023-11-14,1758,2023-11-15,True,0.03202469373975103,1.0,2023,market,2022-12-31,0.43907531484617773
1030,1758,2023-11-15,1759,2023-11-16,True,-0.02149733619964478,0.0,2023,market,2022-12-31,0.4016716399037227
1031,1759,2023-11-16,1760,2023-11-17,True,0.0027700831024930483,1.0,2023,market,2022-12-31,0.432189009676465
1032,1760,2023-11-17,1761,2023-11-20,True,-0.04686606972756713,0.0,2023,market,2022-12-31,0.41707051191525074
1033,1761,2023-11-20,1762,2023-11-21,True,-0.02158704777133713,0.0,2023,market,2022-12-31,0.5177190861125577
1034,1762,2023-11-21,1763,2023-11-22,True,-0.022574055158325,0.0,2023,market,2022-12-31,0.48980205949856387
1035,1763,2023-11-22,1764,2023-11-23,True,0.01045041279130543,1.0,2023,market,2022-12-31,0.4605800138506093
1036,1764,2023-11-23,1765,2023-11-24,True,-0.019960699141586602,0.0,2023,market,2022-12-31,0.4549218378719832
1037,1765,2023-11-24,1766,2023-11-27,True,0.0029548332629802943,1.0,2023,market,2022-12-31,0.4538327215111066
1038,1766,2023-11-27,1767,2023-11-28,True,0.0016835016835015093,1.0,2023,market,2022-12-31,0.39539199020351423
1039,1767,2023-11-28,1768,2023-11-29,True,-0.005882352941176339,0.0,2023,market,2022-12-31,0.4112643549835029
1040,1768,2023-11-29,1769,2023-11-30,True,-0.005705832628909557,0.0,2023,market,2022-12-31,0.38219687181959333
1041,1769,2023-11-30,1770,2023-12-01,True,0.011158342189160564,1.0,2023,market,2022-12-31,0.4130040993893577
1042,1770,2023-12-01,1771,2023-12-04,True,-0.007146610614818805,0.0,2023,market,2022-12-31,0.36909624484554165
1043,1771,2023-12-04,1772,2023-12-05,True,-0.046681486186090915,0.0,2023,market,2022-12-31,0.38291996954274243
1044,1772,2023-12-05,1773,2023-12-06,True,0.013990672884743649,1.0,2023,market,2022-12-31,0.39973579739751347
1045,1773,2023-12-06,1774,2023-12-07,True,-0.016973280770915422,0.0,2023,market,2022-12-31,0.37189317344874884
1046,1774,2023-12-07,1775,2023-12-08,True,0.02383869889718171,1.0,2023,market,2022-12-31,0.4082489071711578
1047,1775,2023-12-08,1776,2023-12-11,True,0.010771406811010964,1.0,2023,market,2022-12-31,0.369173464225723
1048,1776,2023-12-11,1777,2023-12-12,True,0.007750269106566066,1.0,2023,market,2022-12-31,0.3997279431074941
1049,1777,2023-12-12,1778,2023-12-13,True,-0.0034180730613116994,0.0,2023,market,2022-12-31,0.3839460143703172
1050,1778,2023-12-13,1779,2023-12-14,True,0.019399785637727707,1.0,2023,market,2022-12-31,0.344118243398146
1051,1779,2023-12-14,1780,2023-12-15,True,-0.010198717274734537,0.0,2023,market,2022-12-31,0.33849334717954777
1052,1780,2023-12-15,1781,2023-12-18,True,-0.015933715742511123,0.0,2023,market,2022-12-31,0.3859114692558884
1053,1781,2023-12-18,1782,2023-12-19,True,0.013385146804835824,1.0,2023,market,2022-12-31,0.3979515704402361
1054,1782,2023-12-19,1783,2023-12-20,True,-0.028973157221985568,0.0,2023,market,2022-12-31,0.36412981876811396
1055,1783,2023-12-20,1784,2023-12-21,True,0.005813953488372103,1.0,2023,market,2022-12-31,0.3916604185355772
1056,1784,2023-12-21,1785,2023-12-22,True,-0.0062165994110587874,0.0,2023,market,2022-12-31,0.40807161083475807
1057,1785,2023-12-22,1786,2023-12-25,True,-0.0021949078138717715,0.0,2023,market,2022-12-31,0.4105248944417738
1058,1786,2023-12-25,1787,2023-12-26,True,-0.01957765068191819,0.0,2023,market,2022-12-31,0.39452100200986717
1059,1787,2023-12-26,1788,2023-12-27,True,0.018958940991698592,1.0,2023,market,2022-12-31,0.3972762769665692
1060,1788,2023-12-27,1789,2023-12-28,True,0.018385995816360357,1.0,2023,market,2022-12-31,0.3666503742951907
1061,1789,2023-12-28,1790,2023-12-29,True,-0.0011891891891890882,0.0,2023,market,2022-12-31,0.4301546842900665
1062,1790,2023-12-29,1791,2024-01-02,True,-0.026085074142223164,0.0,2023,market,2022-12-31,0.4148567684460395
821,1549,2023-01-03,1550,2023-01-04,True,-0.027034883720930214,0.0,2023,sector,2022-12-31,0.47918430243267685
822,1550,2023-01-04,1551,2023-01-05,True,0.02240812668060932,1.0,2023,sector,2022-12-31,0.5321876003198576
823,1551,2023-01-05,1552,2023-01-06,True,0.0021429962984609308,1.0,2023,sector,2022-12-31,0.4480864252105149
824,1552,2023-01-06,1553,2023-01-09,True,0.021189735614308036,1.0,2023,sector,2022-12-31,0.4437421892968766
825,1553,2023-01-09,1554,2023-01-10,True,0.01256424900057107,1.0,2023,sector,2022-12-31,0.4164118833989247
826,1554,2023-01-10,1555,2023-01-11,True,0.006768189509306355,1.0,2023,sector,2022-12-31,0.4639056645386919
827,1555,2023-01-11,1556,2023-01-12,True,-0.007189542483659994,0.0,2023,sector,2022-12-31,0.44625981115772345
828,1556,2023-01-12,1557,2023-01-13,True,0.01974983541803832,1.0,2023,sector,2022-12-31,0.48428304999658633
829,1557,2023-01-13,1558,2023-01-16,True,0.0607765378585261,1.0,2023,sector,2022-12-31,0.4176680396405649
830,1558,2023-01-16,1559,2023-01-17,True,0.043383759346200756,1.0,2023,sector,2022-12-31,0.3619726830196883
831,1559,2023-01-17,1560,2023-01-18,True,-0.027664361303224805,0.0,2023,sector,2022-12-31,0.37568833667259377
832,1560,2023-01-18,1561,2023-01-19,True,0.01833918930499623,1.0,2023,sector,2022-12-31,0.5076274939249744
833,1561,2023-01-19,1562,2023-01-20,True,0.031978456618699136,1.0,2023,sector,2022-12-31,0.4797144870980607
834,1562,2023-01-20,1563,2023-01-30,True,-0.011253363777215974,0.0,2023,sector,2022-12-31,0.4096927719254033
835,1563,2023-01-30,1564,2023-01-31,True,-0.055257731958762824,0.0,2023,sector,2022-12-31,0.5036607971326708
836,1564,2023-01-31,1565,2023-02-01,True,0.003928415539065977,1.0,2023,sector,2022-12-31,0.5625359141506616
837,1565,2023-02-01,1566,2023-02-02,True,0.018173913043478374,1.0,2023,sector,2022-12-31,0.5355025787755237
838,1566,2023-02-02,1567,2023-02-03,True,0.0036723887607823524,1.0,2023,sector,2022-12-31,0.5073027270718397
839,1567,2023-02-03,1568,2023-02-06,True,-0.026633764465622933,0.0,2023,sector,2022-12-31,0.5001457959015493
840,1568,2023-02-06,1569,2023-02-07,True,-0.007867820613690069,0.0,2023,sector,2022-12-31,0.5492818818584516
841,1569,2023-02-07,1570,2023-02-08,True,-0.003612653097189056,0.0,2023,sector,2022-12-31,0.5275695544086818
842,1570,2023-02-08,1571,2023-02-09,True,0.04421648390519972,1.0,2023,sector,2022-12-31,0.49396752227940716
843,1571,2023-02-09,1572,2023-02-10,True,-0.012957317073170604,0.0,2023,sector,2022-12-31,0.4918654687177382
844,1572,2023-02-10,1573,2023-02-13,True,0.004290004290004257,1.0,2023,sector,2022-12-31,0.539509096687547
845,1573,2023-02-13,1574,2023-02-14,True,-0.010166595472020479,0.0,2023,sector,2022-12-31,0.5125931100390564
846,1574,2023-02-14,1575,2023-02-15,True,0.007854306922147503,1.0,2023,sector,2022-12-31,0.547487666258663
847,1575,2023-02-15,1576,2023-02-16,True,-0.029459621478119424,0.0,2023,sector,2022-12-31,0.5521210112233287
848,1576,2023-02-16,1577,2023-02-17,True,-0.040501191211506304,0.0,2023,sector,2022-12-31,0.5339567347036054
849,1577,2023-02-17,1578,2023-02-20,True,0.007173073386058659,1.0,2023,sector,2022-12-31,0.5572107319160994
850,1578,2023-02-20,1579,2023-02-21,True,-0.006117604090577045,0.0,2023,sector,2022-12-31,0.5722542539141846
851,1579,2023-02-21,1580,2023-02-22,True,-0.003215434083601254,0.0,2023,sector,2022-12-31,0.5692126310389546
852,1580,2023-02-22,1581,2023-02-23,True,0.0002764976958524734,1.0,2023,sector,2022-12-31,0.5324844898869506
853,1581,2023-02-23,1582,2023-02-24,True,-0.013913203722473066,0.0,2023,sector,2022-12-31,0.5278295191999186
854,1582,2023-02-24,1583,2023-02-27,True,-0.028032143524574726,0.0,2023,sector,2022-12-31,0.5561027930244118
855,1583,2023-02-27,1584,2023-02-28,True,0.008363776196885109,1.0,2023,sector,2022-12-31,0.5371504407189163
856,1584,2023-02-28,1585,2023-03-01,True,-0.003718180951472916,0.0,2023,sector,2022-12-31,0.5157772454865417
857,1585,2023-03-01,1586,2023-03-02,True,0.006602870813396944,1.0,2023,sector,2022-12-31,0.5064899247260278
858,1586,2023-03-02,1587,2023-03-03,True,0.0053236999714803,1.0,2023,sector,2022-12-31,0.4433771847630236
859,1587,2023-03-03,1588,2023-03-06,True,-0.005957446808510625,0.0,2023,sector,2022-12-31,0.5376804329652665
860,1588,2023-03-06,1589,2023-03-07,True,-0.036624809741248265,0.0,2023,sector,2022-12-31,0.5119792619162579
861,1589,2023-03-07,1590,2023-03-08,True,0.005233534116717786,1.0,2023,sector,2022-12-31,0.5069072442046636
862,1590,2023-03-08,1591,2023-03-09,True,0.00383104125736744,1.0,2023,sector,2022-12-31,0.5087736910569659
863,1591,2023-03-09,1592,2023-03-10,True,-0.011351404246990882,0.0,2023,sector,2022-12-31,0.5256221930553004
864,1592,2023-03-10,1593,2023-03-13,True,0.004652083539542717,1.0,2023,sector,2022-12-31,0.5084448292761035
865,1593,2023-03-13,1594,2023-03-14,True,0.034876847290640445,1.0,2023,sector,2022-12-31,0.5017202529871531
866,1594,2023-03-14,1595,2023-03-15,True,-0.0007616146230009502,0.0,2023,sector,2022-12-31,0.4676710128035566
867,1595,2023-03-15,1596,2023-03-16,True,0.0030487804878049918,1.0,2023,sector,2022-12-31,0.4815671924575
868,1596,2023-03-16,1597,2023-03-17,True,-0.0010448328267476104,0.0,2023,sector,2022-12-31,0.4712127358641748
869,1597,2023-03-17,1598,2023-03-20,True,0.025197299610154822,1.0,2023,sector,2022-12-31,0.5468248645139787
870,1598,2023-03-20,1599,2023-03-21,True,-0.0028751623075495836,0.0,2023,sector,2022-12-31,0.48378515394522636
871,1599,2023-03-21,1600,2023-03-22,True,-0.013580132080736607,0.0,2023,sector,2022-12-31,0.5035977225707324
872,1600,2023-03-22,1601,2023-03-23,True,0.10004714757190003,1.0,2023,sector,2022-12-31,0.5381673559969149
873,1601,2023-03-23,1602,2023-03-24,True,0.010629178810217965,1.0,2023,sector,2022-12-31,0.38902311492103236
874,1602,2023-03-24,1603,2023-03-27,True,-0.03299406276505523,0.0,2023,sector,2022-12-31,0.45228233421553604
875,1603,2023-03-27,1604,2023-03-28,True,-0.045697745811770996,0.0,2023,sector,2022-12-31,0.5328087235325425
876,1604,2023-03-28,1605,2023-03-29,True,0.05716911764705879,1.0,2023,sector,2022-12-31,0.5411317564270174
877,1605,2023-03-29,1606,2023-03-30,True,0.05477308294209693,1.0,2023,sector,2022-12-31,0.42805467587583285
878,1606,2023-03-30,1607,2023-03-31,True,0.0056050115397296985,1.0,2023,sector,2022-12-31,0.4268193175188863
879,1607,2023-03-31,1608,2023-04-03,True,0.07811475409836066,1.0,2023,sector,2022-12-31,0.47863917303293785
880,1608,2023-04-03,1609,2023-04-04,True,-0.00737474340454658,0.0,2023,sector,2022-12-31,0.4414921575841361
881,1609,2023-04-04,1610,2023-04-06,True,0.03017769607843146,1.0,2023,sector,2022-12-31,0.5053304794928472
882,1610,2023-04-06,1611,2023-04-07,True,0.030483271375464582,1.0,2023,sector,2022-12-31,0.4968883347859698
883,1611,2023-04-07,1612,2023-04-10,True,-0.055844155844155696,0.0,2023,sector,2022-12-31,0.42633212616664556
884,1612,2023-04-10,1613,2023-04-11,True,0.01421366345712971,1.0,2023,sector,2022-12-31,0.5439153473797957
885,1613,2023-04-11,1614,2023-04-12,True,0.017103676913803545,1.0,2023,sector,2022-12-31,0.46710012463161005
886,1614,2023-04-12,1615,2023-04-13,True,-0.0494851470479295,0.0,2023,sector,2022-12-31,0.4733386987184239
887,1615,2023-04-13,1616,2023-04-14,True,0.05533473618580009,1.0,2023,sector,2022-12-31,0.5158127409384795
888,1616,2023-04-14,1617,2023-04-17,True,0.0036186396868769233,1.0,2023,sector,2022-12-31,0.49410375650117117
889,1617,2023-04-17,1618,2023-04-18,True,-0.02200147167034594,0.0,2023,sector,2022-12-31,0.46359235188746367
890,1618,2023-04-18,1619,2023-04-19,True,-0.01625159882627336,0.0,2023,sector,2022-12-31,0.4784590625658027
891,1619,2023-04-19,1620,2023-04-20,True,0.042294455066921754,1.0,2023,sector,2022-12-31,0.5076772033441106
892,1620,2023-04-20,1621,2023-04-21,True,-0.07242442031112417,0.0,2023,sector,2022-12-31,0.3997606271455245
893,1621,2023-04-21,1622,2023-04-24,True,-0.044854046357092114,0.0,2023,sector,2022-12-31,0.5474423082836751
894,1622,2023-04-24,1623,2023-04-25,True,-0.02501242338910059,0.0,2023,sector,2022-12-31,0.5764618979182377
895,1623,2023-04-25,1624,2023-04-26,True,-0.0572545022086306,0.0,2023,sector,2022-12-31,0.5173852421882689
896,1624,2023-04-26,1625,2023-04-27,True,0.01351594881960727,1.0,2023,sector,2022-12-31,0.6016886575625654
897,1625,2023-04-27,1626,2023-04-28,True,-0.0356507823613087,0.0,2023,sector,2022-12-31,0.5057971706521707
898,1626,2023-04-28,1627,2023-05-04,True,-0.031990412095510345,0.0,2023,sector,2022-12-31,0.653024541278272
899,1627,2023-05-04,1628,2023-05-05,True,-0.0019047619047619646,0.0,2023,sector,2022-12-31,0.5870852817911729
900,1628,2023-05-05,1629,2023-05-08,True,-0.006106870229007688,0.0,2023,sector,2022-12-31,0.5597781618295115
901,1629,2023-05-08,1630,2023-05-09,True,-0.02304147465437767,0.0,2023,sector,2022-12-31,0.5590088915775194
902,1630,2023-05-09,1631,2023-05-10,True,-0.01641116352201266,0.0,2023,sector,2022-12-31,0.5478808113821252
903,1631,2023-05-10,1632,2023-05-11,True,0.007393345988610189,1.0,2023,sector,2022-12-31,0.5469376430341246
904,1632,2023-05-11,1633,2023-05-12,True,-0.0030744818010512986,0.0,2023,sector,2022-12-31,0.5270312722714083
905,1633,2023-05-12,1634,2023-05-15,True,0.015519299641862272,1.0,2023,sector,2022-12-31,0.5103108525196971
906,1634,2023-05-15,1635,2023-05-16,True,0.03908699059561127,1.0,2023,sector,2022-12-31,0.5077612577968689
907,1635,2023-05-16,1636,2023-05-17,True,0.03186574903365713,1.0,2023,sector,2022-12-31,0.43872767785499617
908,1636,2023-05-17,1637,2023-05-18,True,-0.02055733211512123,0.0,2023,sector,2022-12-31,0.4075422890880466
909,1637,2023-05-18,1638,2023-05-19,True,0.04486940298507469,1.0,2023,sector,2022-12-31,0.5324958894505313
910,1638,2023-05-19,1639,2023-05-22,True,0.011606106597625176,1.0,2023,sector,2022-12-31,0.4313549487616581
911,1639,2023-05-22,1640,2023-05-23,True,-0.05145176948195218,0.0,2023,sector,2022-12-31,0.4387477802618109
912,1640,2023-05-23,1641,2023-05-24,True,0.008373650911797315,1.0,2023,sector,2022-12-31,0.5529371285576878
913,1641,2023-05-24,1642,2023-05-25,True,0.02232884295995574,1.0,2023,sector,2022-12-31,0.481763234692941
914,1642,2023-05-25,1643,2023-05-26,True,0.028880866425992746,1.0,2023,sector,2022-12-31,0.46012371037972866
915,1643,2023-05-26,1644,2023-05-29,True,-0.01605263157894743,0.0,2023,sector,2022-12-31,0.4533015227517387
916,1644,2023-05-29,1645,2023-05-30,True,0.003833467058928397,1.0,2023,sector,2022-12-31,0.5290691948873459
917,1645,2023-05-30,1646,2023-05-31,True,-0.015985790408525657,0.0,2023,sector,2022-12-31,0.469501685815773
918,1646,2023-05-31,1647,2023-06-01,True,-0.004422382671480096,0.0,2023,sector,2022-12-31,0.5008145250945613
919,1647,2023-06-01,1648,2023-06-02,True,-0.01287281298159726,0.0,2023,sector,2022-12-31,0.44777587154534787
920,1648,2023-06-02,1649,2023-06-05,True,-0.017356965745247366,0.0,2023,sector,2022-12-31,0.49618081806034986
921,1649,2023-06-05,1650,2023-06-06,True,-0.036822429906542165,0.0,2023,sector,2022-12-31,0.5176062372289696
922,1650,2023-06-06,1651,2023-06-07,True,0.001746555404618766,1.0,2023,sector,2022-12-31,0.5021348651557107
923,1651,2023-06-07,1652,2023-06-08,True,-0.020437814800464804,0.0,2023,sector,2022-12-31,0.4960845289002063
924,1652,2023-06-08,1653,2023-06-09,True,0.020963116780381652,1.0,2023,sector,2022-12-31,0.48786474783818956
925,1653,2023-06-09,1654,2023-06-12,True,-0.003389830508474523,0.0,2023,sector,2022-12-31,0.4760052873334938
926,1654,2023-06-12,1655,2023-06-13,True,0.08785228377065102,1.0,2023,sector,2022-12-31,0.49529025895993856
927,1655,2023-06-13,1656,2023-06-14,True,0.0023226728604610614,1.0,2023,sector,2022-12-31,0.3764028644069904
928,1656,2023-06-14,1657,2023-06-15,True,-0.011497326203208758,0.0,2023,sector,2022-12-31,0.4965042899848211
929,1657,2023-06-15,1658,2023-06-16,True,0.008745829952213624,1.0,2023,sector,2022-12-31,0.5078394716509698
930,1658,2023-06-16,1659,2023-06-19,True,0.019663925634608503,1.0,2023,sector,2022-12-31,0.5057259787201666
931,1659,2023-06-19,1660,2023-06-20,True,-0.0008765778401123026,0.0,2023,sector,2022-12-31,0.4744270598401333
932,1660,2023-06-20,1661,2023-06-21,True,-0.04904728299223693,0.0,2023,sector,2022-12-31,0.4882173248901316
933,1661,2023-06-21,1662,2023-06-26,True,-0.018089053803339694,0.0,2023,sector,2022-12-31,0.5145716153568516
934,1662,2023-06-26,1663,2023-06-27,True,-9.447331128942249e-05,0.0,2023,sector,2022-12-31,0.4965420789815216
935,1663,2023-06-27,1664,2023-06-28,True,-0.007464096749811189,0.0,2023,sector,2022-12-31,0.5127627017709101
936,1664,2023-06-28,1665,2023-06-29,True,0.0029509757258450175,1.0,2023,sector,2022-12-31,0.5147077916414747
937,1665,2023-06-29,1666,2023-06-30,True,0.008447228549734342,1.0,2023,sector,2022-12-31,0.4959618712772296
938,1666,2023-06-30,1667,2023-07-03,True,0.0013176470588234235,1.0,2023,sector,2022-12-31,0.4576802798969831
939,1667,2023-07-03,1668,2023-07-04,True,0.022840492527493206,1.0,2023,sector,2022-12-31,0.4722958128500562
940,1668,2023-07-04,1669,2023-07-05,True,0.014059915456717587,1.0,2023,sector,2022-12-31,0.4461671653205528
941,1669,2023-07-05,1670,2023-07-06,True,0.0008155867693702135,1.0,2023,sector,2022-12-31,0.36843952171349514
942,1670,2023-07-06,1671,2023-07-07,True,-0.047356030423759465,0.0,2023,sector,2022-12-31,0.41227501099246866
943,1671,2023-07-07,1672,2023-07-10,True,0.007508791939929704,1.0,2023,sector,2022-12-31,0.4783349454484975
944,1672,2023-07-10,1673,2023-07-11,True,0.0880188679245284,1.0,2023,sector,2022-12-31,0.44579142550615586
945,1673,2023-07-11,1674,2023-07-12,True,-0.018382034162837013,0.0,2023,sector,2022-12-31,0.32761740264266026
946,1674,2023-07-12,1675,2023-07-13,True,0.04451903542089908,1.0,2023,sector,2022-12-31,0.40905526210031096
947,1675,2023-07-13,1676,2023-07-14,True,-0.007695560253699663,0.0,2023,sector,2022-12-31,0.3891775987853397
948,1676,2023-07-14,1677,2023-07-17,True,0.008692687915459407,1.0,2023,sector,2022-12-31,0.45458142163060944
949,1677,2023-07-17,1678,2023-07-18,True,-0.022220344711051054,0.0,2023,sector,2022-12-31,0.3751294832595979
950,1678,2023-07-18,1679,2023-07-19,True,-0.009764106109046988,0.0,2023,sector,2022-12-31,0.48236504159637456
951,1679,2023-07-19,1680,2023-07-20,True,-0.019458987783595005,0.0,2023,sector,2022-12-31,0.45023013910104376
952,1680,2023-07-20,1681,2023-07-21,True,-0.0008899172376969355,0.0,2023,sector,2022-12-31,0.4649977170847264
953,1681,2023-07-21,1682,2023-07-24,True,-0.011935512603544862,0.0,2023,sector,2022-12-31,0.44787557879383527
954,1682,2023-07-24,1683,2023-07-25,True,0.01775894708374648,1.0,2023,sector,2022-12-31,0.4790479959480388
955,1683,2023-07-25,1684,2023-07-26,True,-0.009743135518157753,0.0,2023,sector,2022-12-31,0.45758163448781797
956,1684,2023-07-26,1685,2023-07-27,True,-0.011985688729874822,0.0,2023,sector,2022-12-31,0.481702509614965
957,1685,2023-07-27,1686,2023-07-28,True,0.03413000181061032,1.0,2023,sector,2022-12-31,0.4637188035590931
958,1686,2023-07-28,1687,2023-07-31,True,0.004814847238028497,1.0,2023,sector,2022-12-31,0.39331727247735193
959,1687,2023-07-31,1688,2023-08-01,True,-0.0032235581111692557,0.0,2023,sector,2022-12-31,0.4545637706925044
960,1688,2023-08-01,1689,2023-08-02,True,-0.0037584127261602873,0.0,2023,sector,2022-12-31,0.4734599732501338
961,1689,2023-08-02,1690,2023-08-03,True,0.0011405509738551256,1.0,2023,sector,2022-12-31,0.49710833979401897
962,1690,2023-08-03,1691,2023-08-04,True,-0.06353518534747171,0.0,2023,sector,2022-12-31,0.4861696010999444
963,1691,2023-08-04,1692,2023-08-07,True,-0.014317798989331942,0.0,2023,sector,2022-12-31,0.6267634501522394
964,1692,2023-08-07,1693,2023-08-08,True,-0.00550650337035985,0.0,2023,sector,2022-12-31,0.5201727998521849
965,1693,2023-08-08,1694,2023-08-09,True,-0.006587112171837606,0.0,2023,sector,2022-12-31,0.528680837400633
966,1694,2023-08-09,1695,2023-08-10,True,-0.003940034595425801,0.0,2023,sector,2022-12-31,0.5323751055009655
967,1695,2023-08-10,1696,2023-08-11,True,-0.015436565364206456,0.0,2023,sector,2022-12-31,0.5506807965169555
968,1696,2023-08-11,1697,2023-08-14,True,-0.008427241548260689,0.0,2023,sector,2022-12-31,0.49821493704480097
969,1697,2023-08-14,1698,2023-08-15,True,-0.033995454096254485,0.0,2023,sector,2022-12-31,0.5121890965458685
970,1698,2023-08-15,1699,2023-08-16,True,-0.03324808184143224,0.0,2023,sector,2022-12-31,0.5244326646082785
971,1699,2023-08-16,1700,2023-08-17,True,0.010264550264550198,1.0,2023,sector,2022-12-31,0.5229732094941179
972,1700,2023-08-17,1701,2023-08-18,True,-0.017806640829580056,0.0,2023,sector,2022-12-31,0.5111566817401407
973,1701,2023-08-18,1702,2023-08-21,True,-0.024101525007998004,0.0,2023,sector,2022-12-31,0.5344845206285177
974,1702,2023-08-21,1703,2023-08-22,True,0.006884493497978372,1.0,2023,sector,2022-12-31,0.5448040867400015
975,1703,2023-08-22,1704,2023-08-23,True,-0.022140221402214055,0.0,2023,sector,2022-12-31,0.5340308288680865
976,1704,2023-08-23,1705,2023-08-24,True,0.015649278579356496,1.0,2023,sector,2022-12-31,0.510383521091773
977,1705,2023-08-24,1706,2023-08-25,True,-0.026335919571631616,0.0,2023,sector,2022-12-31,0.526711578640446
978,1706,2023-08-25,1707,2023-08-28,True,0.004377104377104368,1.0,2023,sector,2022-12-31,0.5403512213696424
979,1707,2023-08-28,1708,2023-08-29,True,0.031064923455134563,1.0,2023,sector,2022-12-31,0.5735604189636935
980,1708,2023-08-29,1709,2023-08-30,True,0.018749322640078114,1.0,2023,sector,2022-12-31,0.5317777111619391
981,1709,2023-08-30,1710,2023-08-31,True,-0.00021276595744668114,0.0,2023,sector,2022-12-31,0.5371764532774681
982,1710,2023-08-31,1711,2023-09-01,True,0.005533092147265384,1.0,2023,sector,2022-12-31,0.5467259546473731
983,1711,2023-09-01,1712,2023-09-04,True,0.024338624338624326,1.0,2023,sector,2022-12-31,0.4701011970134573
984,1712,2023-09-04,1713,2023-09-05,True,0.029338842975206614,1.0,2023,sector,2022-12-31,0.4476576106349727
985,1713,2023-09-05,1714,2023-09-06,True,0.002810116419108777,1.0,2023,sector,2022-12-31,0.37225671224654266
986,1714,2023-09-06,1715,2023-09-07,True,-0.016212970376301095,0.0,2023,sector,2022-12-31,0.48868875086964825
987,1715,2023-09-07,1716,2023-09-08,True,-0.009664292980671285,0.0,2023,sector,2022-12-31,0.38680575886649643
988,1716,2023-09-08,1717,2023-09-11,True,0.0015408320493064398,1.0,2023,sector,2022-12-31,0.4790061645300074
989,1717,2023-09-11,1718,2023-09-12,True,0.002974358974359159,1.0,2023,sector,2022-12-31,0.44864795672294416
990,1718,2023-09-12,1719,2023-09-13,True,0.011862153594436986,1.0,2023,sector,2022-12-31,0.44419252646927776
991,1719,2023-09-13,1720,2023-09-14,True,-0.02011116725619011,0.0,2023,sector,2022-12-31,0.3743501412242804
992,1720,2023-09-14,1721,2023-09-15,True,0.031353135313531455,1.0,2023,sector,2022-12-31,0.4263476068647921
993,1721,2023-09-15,1722,2023-09-18,True,-0.0049000000000000155,0.0,2023,sector,2022-12-31,0.36312188659644906
994,1722,2023-09-18,1723,2023-09-19,True,0.01889257361069241,1.0,2023,sector,2022-12-31,0.37576731909405076
995,1723,2023-09-19,1724,2023-09-20,True,-0.009369760331393695,0.0,2023,sector,2022-12-31,0.3295851718332588
996,1724,2023-09-20,1725,2023-09-21,True,0.0007964954201513663,1.0,2023,sector,2022-12-31,0.372403193295645
997,1725,2023-09-21,1726,2023-09-22,True,0.014524472741743066,1.0,2023,sector,2022-12-31,0.37069292074513627
998,1726,2023-09-22,1727,2023-09-25,True,-0.01990586389488147,0.0,2023,sector,2022-12-31,0.3915921073189715
999,1727,2023-09-25,1728,2023-09-26,True,-0.01170585292646309,0.0,2023,sector,2022-12-31,0.4171817673274838
1000,1728,2023-09-26,1729,2023-09-27,True,0.001012350678274876,1.0,2023,sector,2022-12-31,0.40246130136466735
1001,1729,2023-09-27,1730,2023-09-28,True,-0.0028317152103560783,0.0,2023,sector,2022-12-31,0.402528195223177
1002,1730,2023-09-28,1731,2023-10-09,True,0.04148073022312393,1.0,2023,sector,2022-12-31,0.42426852971771906
1003,1731,2023-10-09,1732,2023-10-10,True,0.011296133995520208,1.0,2023,sector,2022-12-31,0.3212527868713298
1004,1732,2023-10-10,1733,2023-10-11,True,0.011073663938372835,1.0,2023,sector,2022-12-31,0.3799665750093494
1005,1733,2023-10-11,1734,2023-10-12,True,-0.006666666666666821,0.0,2023,sector,2022-12-31,0.400999337467795
1006,1734,2023-10-12,1735,2023-10-13,True,-0.010738255033556854,0.0,2023,sector,2022-12-31,0.3996506345536626
1007,1735,2023-10-13,1736,2023-10-16,True,-0.01977127350261676,0.0,2023,sector,2022-12-31,0.41756344239547055
1008,1736,2023-10-16,1737,2023-10-17,True,0.010480522048645469,1.0,2023,sector,2022-12-31,0.3743367721181089
1009,1737,2023-10-17,1738,2023-10-18,True,-0.017612524461839585,0.0,2023,sector,2022-12-31,0.39335297884445797
1010,1738,2023-10-18,1739,2023-10-19,True,-0.009362549800796871,0.0,2023,sector,2022-12-31,0.4113647365107744
1011,1739,2023-10-19,1740,2023-10-20,True,-0.020812386889201617,0.0,2023,sector,2022-12-31,0.4682632136663305
1012,1740,2023-10-20,1741,2023-10-23,True,-0.027620905637128934,0.0,2023,sector,2022-12-31,0.4388021041817103
1013,1741,2023-10-23,1742,2023-10-24,True,0.03146779303062308,1.0,2023,sector,2022-12-31,0.47202030321662064
1014,1742,2023-10-24,1743,2023-10-25,True,-0.012592137592137731,0.0,2023,sector,2022-12-31,0.4204950007525996
1015,1743,2023-10-25,1744,2023-10-26,True,-0.021461897356143234,0.0,2023,sector,2022-12-31,0.4891483739756947
1016,1744,2023-10-26,1745,2023-10-27,True,0.07893621529985184,1.0,2023,sector,2022-12-31,0.5334962733530659
1017,1745,2023-10-27,1746,2023-10-30,True,0.04959245801826562,1.0,2023,sector,2022-12-31,0.361781868625771
1018,1746,2023-10-30,1747,2023-10-31,True,0.0011227544910181741,1.0,2023,sector,2022-12-31,0.4347030891951344
1019,1747,2023-10-31,1748,2023-11-01,True,-0.014392523364486154,0.0,2023,sector,2022-12-31,0.4566968731157947
1020,1748,2023-11-01,1749,2023-11-02,True,-0.008818509387445439,0.0,2023,sector,2022-12-31,0.4798197958045841
1021,1749,2023-11-02,1750,2023-11-03,True,0.03319621161389086,1.0,2023,sector,2022-12-31,0.45230193777265804
1022,1750,2023-11-03,1751,2023-11-06,True,0.012499999999999956,1.0,2023,sector,2022-12-31,0.42214628507634594
1023,1751,2023-11-06,1752,2023-11-07,True,-0.02203932327389102,0.0,2023,sector,2022-12-31,0.5086176177396267
1024,1752,2023-11-07,1753,2023-11-08,True,-0.002337759491303437,0.0,2023,sector,2022-12-31,0.5631571945903464
1025,1753,2023-11-08,1754,2023-11-09,True,-0.01490298997094397,0.0,2023,sector,2022-12-31,0.5253831319983753
1026,1754,2023-11-09,1755,2023-11-10,True,0.0007611798287348037,1.0,2023,sector,2022-12-31,0.5141785679877479
1027,1755,2023-11-10,1756,2023-11-13,True,-0.010173036698992166,0.0,2023,sector,2022-12-31,0.4966962267131454
1028,1756,2023-11-13,1757,2023-11-14,True,-0.004226299106714015,0.0,2023,sector,2022-12-31,0.5451888349236202
1029,1757,2023-11-14,1758,2023-11-15,True,0.03202469373975103,1.0,2023,sector,2022-12-31,0.5505591367124272
1030,1758,2023-11-15,1759,2023-11-16,True,-0.02149733619964478,0.0,2023,sector,2022-12-31,0.4292100104284581
1031,1759,2023-11-16,1760,2023-11-17,True,0.0027700831024930483,1.0,2023,sector,2022-12-31,0.5026338238586064
1032,1760,2023-11-17,1761,2023-11-20,True,-0.04686606972756713,0.0,2023,sector,2022-12-31,0.4927716767087163
1033,1761,2023-11-20,1762,2023-11-21,True,-0.02158704777133713,0.0,2023,sector,2022-12-31,0.5999121302692768
1034,1762,2023-11-21,1763,2023-11-22,True,-0.022574055158325,0.0,2023,sector,2022-12-31,0.5697814745583897
1035,1763,2023-11-22,1764,2023-11-23,True,0.01045041279130543,1.0,2023,sector,2022-12-31,0.5666484047409726
1036,1764,2023-11-23,1765,2023-11-24,True,-0.019960699141586602,0.0,2023,sector,2022-12-31,0.5229227880205988
1037,1765,2023-11-24,1766,2023-11-27,True,0.0029548332629802943,1.0,2023,sector,2022-12-31,0.5791250252180706
1038,1766,2023-11-27,1767,2023-11-28,True,0.0016835016835015093,1.0,2023,sector,2022-12-31,0.5691624709060301
1039,1767,2023-11-28,1768,2023-11-29,True,-0.005882352941176339,0.0,2023,sector,2022-12-31,0.5380909777247811
1040,1768,2023-11-29,1769,2023-11-30,True,-0.005705832628909557,0.0,2023,sector,2022-12-31,0.5509979374355608
1041,1769,2023-11-30,1770,2023-12-01,True,0.011158342189160564,1.0,2023,sector,2022-12-31,0.5466676800132615
1042,1770,2023-12-01,1771,2023-12-04,True,-0.007146610614818805,0.0,2023,sector,2022-12-31,0.5221895042851228
1043,1771,2023-12-04,1772,2023-12-05,True,-0.046681486186090915,0.0,2023,sector,2022-12-31,0.5208796353102079
1044,1772,2023-12-05,1773,2023-12-06,True,0.013990672884743649,1.0,2023,sector,2022-12-31,0.5621451915115641
1045,1773,2023-12-06,1774,2023-12-07,True,-0.016973280770915422,0.0,2023,sector,2022-12-31,0.4687099876919851
1046,1774,2023-12-07,1775,2023-12-08,True,0.02383869889718171,1.0,2023,sector,2022-12-31,0.5227583457283291
1047,1775,2023-12-08,1776,2023-12-11,True,0.010771406811010964,1.0,2023,sector,2022-12-31,0.4967859161551221
1048,1776,2023-12-11,1777,2023-12-12,True,0.007750269106566066,1.0,2023,sector,2022-12-31,0.5077214414779609
1049,1777,2023-12-12,1778,2023-12-13,True,-0.0034180730613116994,0.0,2023,sector,2022-12-31,0.4608868670395375
1050,1778,2023-12-13,1779,2023-12-14,True,0.019399785637727707,1.0,2023,sector,2022-12-31,0.4844942085072747
1051,1779,2023-12-14,1780,2023-12-15,True,-0.010198717274734537,0.0,2023,sector,2022-12-31,0.43261689945490445
1052,1780,2023-12-15,1781,2023-12-18,True,-0.015933715742511123,0.0,2023,sector,2022-12-31,0.49035511243962326
1053,1781,2023-12-18,1782,2023-12-19,True,0.013385146804835824,1.0,2023,sector,2022-12-31,0.4638540069859
1054,1782,2023-12-19,1783,2023-12-20,True,-0.028973157221985568,0.0,2023,sector,2022-12-31,0.4375818379087442
1055,1783,2023-12-20,1784,2023-12-21,True,0.005813953488372103,1.0,2023,sector,2022-12-31,0.4750364584561847
1056,1784,2023-12-21,1785,2023-12-22,True,-0.0062165994110587874,0.0,2023,sector,2022-12-31,0.4503786306547849
1057,1785,2023-12-22,1786,2023-12-25,True,-0.0021949078138717715,0.0,2023,sector,2022-12-31,0.4297922739129127
1058,1786,2023-12-25,1787,2023-12-26,True,-0.01957765068191819,0.0,2023,sector,2022-12-31,0.406137177072933
1059,1787,2023-12-26,1788,2023-12-27,True,0.018958940991698592,1.0,2023,sector,2022-12-31,0.42353344441347845
1060,1788,2023-12-27,1789,2023-12-28,True,0.018385995816360357,1.0,2023,sector,2022-12-31,0.4009453696931507
1061,1789,2023-12-28,1790,2023-12-29,True,-0.0011891891891890882,0.0,2023,sector,2022-12-31,0.41120316309642363
1062,1790,2023-12-29,1791,2024-01-02,True,-0.026085074142223164,0.0,2023,sector,2022-12-31,0.42966158733199833
821,1549,2023-01-03,1550,2023-01-04,True,-0.027034883720930214,0.0,2023,both,2022-12-31,0.4587542795998161
822,1550,2023-01-04,1551,2023-01-05,True,0.02240812668060932,1.0,2023,both,2022-12-31,0.512586788440407
823,1551,2023-01-05,1552,2023-01-06,True,0.0021429962984609308,1.0,2023,both,2022-12-31,0.4525025165810637
824,1552,2023-01-06,1553,2023-01-09,True,0.021189735614308036,1.0,2023,both,2022-12-31,0.4369341714479461
825,1553,2023-01-09,1554,2023-01-10,True,0.01256424900057107,1.0,2023,both,2022-12-31,0.40959315032578064
826,1554,2023-01-10,1555,2023-01-11,True,0.006768189509306355,1.0,2023,both,2022-12-31,0.4322572261677482
827,1555,2023-01-11,1556,2023-01-12,True,-0.007189542483659994,0.0,2023,both,2022-12-31,0.416658409826082
828,1556,2023-01-12,1557,2023-01-13,True,0.01974983541803832,1.0,2023,both,2022-12-31,0.47056133494097774
829,1557,2023-01-13,1558,2023-01-16,True,0.0607765378585261,1.0,2023,both,2022-12-31,0.42845550846245634
830,1558,2023-01-16,1559,2023-01-17,True,0.043383759346200756,1.0,2023,both,2022-12-31,0.36504227583778853
831,1559,2023-01-17,1560,2023-01-18,True,-0.027664361303224805,0.0,2023,both,2022-12-31,0.3774093654315368
832,1560,2023-01-18,1561,2023-01-19,True,0.01833918930499623,1.0,2023,both,2022-12-31,0.5197645783443576
833,1561,2023-01-19,1562,2023-01-20,True,0.031978456618699136,1.0,2023,both,2022-12-31,0.5074861957059315
834,1562,2023-01-20,1563,2023-01-30,True,-0.011253363777215974,0.0,2023,both,2022-12-31,0.4671990592597175
835,1563,2023-01-30,1564,2023-01-31,True,-0.055257731958762824,0.0,2023,both,2022-12-31,0.5767595480420281
836,1564,2023-01-31,1565,2023-02-01,True,0.003928415539065977,1.0,2023,both,2022-12-31,0.6224445675129643
837,1565,2023-02-01,1566,2023-02-02,True,0.018173913043478374,1.0,2023,both,2022-12-31,0.5975328439605336
838,1566,2023-02-02,1567,2023-02-03,True,0.0036723887607823524,1.0,2023,both,2022-12-31,0.5457314644871087
839,1567,2023-02-03,1568,2023-02-06,True,-0.026633764465622933,0.0,2023,both,2022-12-31,0.5546635460823224
840,1568,2023-02-06,1569,2023-02-07,True,-0.007867820613690069,0.0,2023,both,2022-12-31,0.5911878471249129
841,1569,2023-02-07,1570,2023-02-08,True,-0.003612653097189056,0.0,2023,both,2022-12-31,0.58213850403441
842,1570,2023-02-08,1571,2023-02-09,True,0.04421648390519972,1.0,2023,both,2022-12-31,0.5406550712093005
843,1571,2023-02-09,1572,2023-02-10,True,-0.012957317073170604,0.0,2023,both,2022-12-31,0.5508425599732595
844,1572,2023-02-10,1573,2023-02-13,True,0.004290004290004257,1.0,2023,both,2022-12-31,0.5934964678049394
845,1573,2023-02-13,1574,2023-02-14,True,-0.010166595472020479,0.0,2023,both,2022-12-31,0.5822200216681157
846,1574,2023-02-14,1575,2023-02-15,True,0.007854306922147503,1.0,2023,both,2022-12-31,0.6001438546941839
847,1575,2023-02-15,1576,2023-02-16,True,-0.029459621478119424,0.0,2023,both,2022-12-31,0.6050858041078395
848,1576,2023-02-16,1577,2023-02-17,True,-0.040501191211506304,0.0,2023,both,2022-12-31,0.6056428826146614
849,1577,2023-02-17,1578,2023-02-20,True,0.007173073386058659,1.0,2023,both,2022-12-31,0.6314651046212092
850,1578,2023-02-20,1579,2023-02-21,True,-0.006117604090577045,0.0,2023,both,2022-12-31,0.6690092052665322
851,1579,2023-02-21,1580,2023-02-22,True,-0.003215434083601254,0.0,2023,both,2022-12-31,0.6293702027777992
852,1580,2023-02-22,1581,2023-02-23,True,0.0002764976958524734,1.0,2023,both,2022-12-31,0.5674763320836332
853,1581,2023-02-23,1582,2023-02-24,True,-0.013913203722473066,0.0,2023,both,2022-12-31,0.5644975865999151
854,1582,2023-02-24,1583,2023-02-27,True,-0.028032143524574726,0.0,2023,both,2022-12-31,0.5616557008999283
855,1583,2023-02-27,1584,2023-02-28,True,0.008363776196885109,1.0,2023,both,2022-12-31,0.5577658686958832
856,1584,2023-02-28,1585,2023-03-01,True,-0.003718180951472916,0.0,2023,both,2022-12-31,0.5521671460034353
857,1585,2023-03-01,1586,2023-03-02,True,0.006602870813396944,1.0,2023,both,2022-12-31,0.542187573605778
858,1586,2023-03-02,1587,2023-03-03,True,0.0053236999714803,1.0,2023,both,2022-12-31,0.4447073712956385
859,1587,2023-03-03,1588,2023-03-06,True,-0.005957446808510625,0.0,2023,both,2022-12-31,0.5148115189997392
860,1588,2023-03-06,1589,2023-03-07,True,-0.036624809741248265,0.0,2023,both,2022-12-31,0.4923683321890125
861,1589,2023-03-07,1590,2023-03-08,True,0.005233534116717786,1.0,2023,both,2022-12-31,0.4790547950276615
862,1590,2023-03-08,1591,2023-03-09,True,0.00383104125736744,1.0,2023,both,2022-12-31,0.4866408037385784
863,1591,2023-03-09,1592,2023-03-10,True,-0.011351404246990882,0.0,2023,both,2022-12-31,0.4851706518419157
864,1592,2023-03-10,1593,2023-03-13,True,0.004652083539542717,1.0,2023,both,2022-12-31,0.4519426628874015
865,1593,2023-03-13,1594,2023-03-14,True,0.034876847290640445,1.0,2023,both,2022-12-31,0.48598316902735844
866,1594,2023-03-14,1595,2023-03-15,True,-0.0007616146230009502,0.0,2023,both,2022-12-31,0.4193161762721733
867,1595,2023-03-15,1596,2023-03-16,True,0.0030487804878049918,1.0,2023,both,2022-12-31,0.45573071976301827
868,1596,2023-03-16,1597,2023-03-17,True,-0.0010448328267476104,0.0,2023,both,2022-12-31,0.4313089658479447
869,1597,2023-03-17,1598,2023-03-20,True,0.025197299610154822,1.0,2023,both,2022-12-31,0.538635788315093
870,1598,2023-03-20,1599,2023-03-21,True,-0.0028751623075495836,0.0,2023,both,2022-12-31,0.45226714208766233
871,1599,2023-03-21,1600,2023-03-22,True,-0.013580132080736607,0.0,2023,both,2022-12-31,0.5246915191784216
872,1600,2023-03-22,1601,2023-03-23,True,0.10004714757190003,1.0,2023,both,2022-12-31,0.5568669044375628
873,1601,2023-03-23,1602,2023-03-24,True,0.010629178810217965,1.0,2023,both,2022-12-31,0.40420826081084704
874,1602,2023-03-24,1603,2023-03-27,True,-0.03299406276505523,0.0,2023,both,2022-12-31,0.4530380928172109
875,1603,2023-03-27,1604,2023-03-28,True,-0.045697745811770996,0.0,2023,both,2022-12-31,0.5459208430549802
876,1604,2023-03-28,1605,2023-03-29,True,0.05716911764705879,1.0,2023,both,2022-12-31,0.5737256711109098
877,1605,2023-03-29,1606,2023-03-30,True,0.05477308294209693,1.0,2023,both,2022-12-31,0.4398031688445305
878,1606,2023-03-30,1607,2023-03-31,True,0.0056050115397296985,1.0,2023,both,2022-12-31,0.464605017078198
879,1607,2023-03-31,1608,2023-04-03,True,0.07811475409836066,1.0,2023,both,2022-12-31,0.5151443276376475
880,1608,2023-04-03,1609,2023-04-04,True,-0.00737474340454658,0.0,2023,both,2022-12-31,0.44392231342268856
881,1609,2023-04-04,1610,2023-04-06,True,0.03017769607843146,1.0,2023,both,2022-12-31,0.5364030437896564
882,1610,2023-04-06,1611,2023-04-07,True,0.030483271375464582,1.0,2023,both,2022-12-31,0.4993769423994365
883,1611,2023-04-07,1612,2023-04-10,True,-0.055844155844155696,0.0,2023,both,2022-12-31,0.44960336226505604
884,1612,2023-04-10,1613,2023-04-11,True,0.01421366345712971,1.0,2023,both,2022-12-31,0.5711743598582737
885,1613,2023-04-11,1614,2023-04-12,True,0.017103676913803545,1.0,2023,both,2022-12-31,0.4861344857830032
886,1614,2023-04-12,1615,2023-04-13,True,-0.0494851470479295,0.0,2023,both,2022-12-31,0.4802722959224911
887,1615,2023-04-13,1616,2023-04-14,True,0.05533473618580009,1.0,2023,both,2022-12-31,0.5442726682173747
888,1616,2023-04-14,1617,2023-04-17,True,0.0036186396868769233,1.0,2023,both,2022-12-31,0.4867688314145576
889,1617,2023-04-17,1618,2023-04-18,True,-0.02200147167034594,0.0,2023,both,2022-12-31,0.4911839577268671
890,1618,2023-04-18,1619,2023-04-19,True,-0.01625159882627336,0.0,2023,both,2022-12-31,0.4883392165101642
891,1619,2023-04-19,1620,2023-04-20,True,0.042294455066921754,1.0,2023,both,2022-12-31,0.4958528458135828
892,1620,2023-04-20,1621,2023-04-21,True,-0.07242442031112417,0.0,2023,both,2022-12-31,0.3830431805621039
893,1621,2023-04-21,1622,2023-04-24,True,-0.044854046357092114,0.0,2023,both,2022-12-31,0.5406299263890104
894,1622,2023-04-24,1623,2023-04-25,True,-0.02501242338910059,0.0,2023,both,2022-12-31,0.5661355178826069
895,1623,2023-04-25,1624,2023-04-26,True,-0.0572545022086306,0.0,2023,both,2022-12-31,0.5164870814705792
896,1624,2023-04-26,1625,2023-04-27,True,0.01351594881960727,1.0,2023,both,2022-12-31,0.6121402961523489
897,1625,2023-04-27,1626,2023-04-28,True,-0.0356507823613087,0.0,2023,both,2022-12-31,0.5096294885632439
898,1626,2023-04-28,1627,2023-05-04,True,-0.031990412095510345,0.0,2023,both,2022-12-31,0.6684726160192053
899,1627,2023-05-04,1628,2023-05-05,True,-0.0019047619047619646,0.0,2023,both,2022-12-31,0.607558547756447
900,1628,2023-05-05,1629,2023-05-08,True,-0.006106870229007688,0.0,2023,both,2022-12-31,0.5507506833955828
901,1629,2023-05-08,1630,2023-05-09,True,-0.02304147465437767,0.0,2023,both,2022-12-31,0.5622002691710167
902,1630,2023-05-09,1631,2023-05-10,True,-0.01641116352201266,0.0,2023,both,2022-12-31,0.505292076994512
903,1631,2023-05-10,1632,2023-05-11,True,0.007393345988610189,1.0,2023,both,2022-12-31,0.49410421093488
904,1632,2023-05-11,1633,2023-05-12,True,-0.0030744818010512986,0.0,2023,both,2022-12-31,0.4788361621895456
905,1633,2023-05-12,1634,2023-05-15,True,0.015519299641862272,1.0,2023,both,2022-12-31,0.4362530590734322
906,1634,2023-05-15,1635,2023-05-16,True,0.03908699059561127,1.0,2023,both,2022-12-31,0.47019033519640774
907,1635,2023-05-16,1636,2023-05-17,True,0.03186574903365713,1.0,2023,both,2022-12-31,0.3737137542772532
908,1636,2023-05-17,1637,2023-05-18,True,-0.02055733211512123,0.0,2023,both,2022-12-31,0.3311819085157218
909,1637,2023-05-18,1638,2023-05-19,True,0.04486940298507469,1.0,2023,both,2022-12-31,0.47049009080534937
910,1638,2023-05-19,1639,2023-05-22,True,0.011606106597625176,1.0,2023,both,2022-12-31,0.3454979179663902
911,1639,2023-05-22,1640,2023-05-23,True,-0.05145176948195218,0.0,2023,both,2022-12-31,0.37432387773265485
912,1640,2023-05-23,1641,2023-05-24,True,0.008373650911797315,1.0,2023,both,2022-12-31,0.46632628697145073
913,1641,2023-05-24,1642,2023-05-25,True,0.02232884295995574,1.0,2023,both,2022-12-31,0.38910573688420375
914,1642,2023-05-25,1643,2023-05-26,True,0.028880866425992746,1.0,2023,both,2022-12-31,0.39003110739009117
915,1643,2023-05-26,1644,2023-05-29,True,-0.01605263157894743,0.0,2023,both,2022-12-31,0.39108171684572984
916,1644,2023-05-29,1645,2023-05-30,True,0.003833467058928397,1.0,2023,both,2022-12-31,0.46200544390019643
917,1645,2023-05-30,1646,2023-05-31,True,-0.015985790408525657,0.0,2023,both,2022-12-31,0.4074644174860881
918,1646,2023-05-31,1647,2023-06-01,True,-0.004422382671480096,0.0,2023,both,2022-12-31,0.4113457543050353
919,1647,2023-06-01,1648,2023-06-02,True,-0.01287281298159726,0.0,2023,both,2022-12-31,0.4033788099864577
920,1648,2023-06-02,1649,2023-06-05,True,-0.017356965745247366,0.0,2023,both,2022-12-31,0.4820263850975533
921,1649,2023-06-05,1650,2023-06-06,True,-0.036822429906542165,0.0,2023,both,2022-12-31,0.4732739313438517
922,1650,2023-06-06,1651,2023-06-07,True,0.001746555404618766,1.0,2023,both,2022-12-31,0.47870194931073345
923,1651,2023-06-07,1652,2023-06-08,True,-0.020437814800464804,0.0,2023,both,2022-12-31,0.46246275038373447
924,1652,2023-06-08,1653,2023-06-09,True,0.020963116780381652,1.0,2023,both,2022-12-31,0.5004186594225883
925,1653,2023-06-09,1654,2023-06-12,True,-0.003389830508474523,0.0,2023,both,2022-12-31,0.4494534721608937
926,1654,2023-06-12,1655,2023-06-13,True,0.08785228377065102,1.0,2023,both,2022-12-31,0.48884089081792287
927,1655,2023-06-13,1656,2023-06-14,True,0.0023226728604610614,1.0,2023,both,2022-12-31,0.3581604246107071
928,1656,2023-06-14,1657,2023-06-15,True,-0.011497326203208758,0.0,2023,both,2022-12-31,0.48681082450656726
929,1657,2023-06-15,1658,2023-06-16,True,0.008745829952213624,1.0,2023,both,2022-12-31,0.527077722752667
930,1658,2023-06-16,1659,2023-06-19,True,0.019663925634608503,1.0,2023,both,2022-12-31,0.5149101591530297
931,1659,2023-06-19,1660,2023-06-20,True,-0.0008765778401123026,0.0,2023,both,2022-12-31,0.44763831197774506
932,1660,2023-06-20,1661,2023-06-21,True,-0.04904728299223693,0.0,2023,both,2022-12-31,0.4717051449657253
933,1661,2023-06-21,1662,2023-06-26,True,-0.018089053803339694,0.0,2023,both,2022-12-31,0.48926684761994166
934,1662,2023-06-26,1663,2023-06-27,True,-9.447331128942249e-05,0.0,2023,both,2022-12-31,0.45193294283122365
935,1663,2023-06-27,1664,2023-06-28,True,-0.007464096749811189,0.0,2023,both,2022-12-31,0.49484889394476206
936,1664,2023-06-28,1665,2023-06-29,True,0.0029509757258450175,1.0,2023,both,2022-12-31,0.46512624408334907
937,1665,2023-06-29,1666,2023-06-30,True,0.008447228549734342,1.0,2023,both,2022-12-31,0.44239157017161773
938,1666,2023-06-30,1667,2023-07-03,True,0.0013176470588234235,1.0,2023,both,2022-12-31,0.4170059478006845
939,1667,2023-07-03,1668,2023-07-04,True,0.022840492527493206,1.0,2023,both,2022-12-31,0.44986955230459125
940,1668,2023-07-04,1669,2023-07-05,True,0.014059915456717587,1.0,2023,both,2022-12-31,0.40901546819278806
941,1669,2023-07-05,1670,2023-07-06,True,0.0008155867693702135,1.0,2023,both,2022-12-31,0.33118494883080574
942,1670,2023-07-06,1671,2023-07-07,True,-0.047356030423759465,0.0,2023,both,2022-12-31,0.39087344335922347
943,1671,2023-07-07,1672,2023-07-10,True,0.007508791939929704,1.0,2023,both,2022-12-31,0.4706331801256267
944,1672,2023-07-10,1673,2023-07-11,True,0.0880188679245284,1.0,2023,both,2022-12-31,0.4504149776988346
945,1673,2023-07-11,1674,2023-07-12,True,-0.018382034162837013,0.0,2023,both,2022-12-31,0.32328968570904326
946,1674,2023-07-12,1675,2023-07-13,True,0.04451903542089908,1.0,2023,both,2022-12-31,0.41537788051395225
947,1675,2023-07-13,1676,2023-07-14,True,-0.007695560253699663,0.0,2023,both,2022-12-31,0.3864045740415614
948,1676,2023-07-14,1677,2023-07-17,True,0.008692687915459407,1.0,2023,both,2022-12-31,0.4470073710851469
949,1677,2023-07-17,1678,2023-07-18,True,-0.022220344711051054,0.0,2023,both,2022-12-31,0.356573445948925
950,1678,2023-07-18,1679,2023-07-19,True,-0.009764106109046988,0.0,2023,both,2022-12-31,0.4616208327583826
951,1679,2023-07-19,1680,2023-07-20,True,-0.019458987783595005,0.0,2023,both,2022-12-31,0.4428054889907676
952,1680,2023-07-20,1681,2023-07-21,True,-0.0008899172376969355,0.0,2023,both,2022-12-31,0.45898160218177575
953,1681,2023-07-21,1682,2023-07-24,True,-0.011935512603544862,0.0,2023,both,2022-12-31,0.45816424414715806
954,1682,2023-07-24,1683,2023-07-25,True,0.01775894708374648,1.0,2023,both,2022-12-31,0.4783873574037613
955,1683,2023-07-25,1684,2023-07-26,True,-0.009743135518157753,0.0,2023,both,2022-12-31,0.5063930538379096
956,1684,2023-07-26,1685,2023-07-27,True,-0.011985688729874822,0.0,2023,both,2022-12-31,0.4789078614313193
957,1685,2023-07-27,1686,2023-07-28,True,0.03413000181061032,1.0,2023,both,2022-12-31,0.46691374336595587
958,1686,2023-07-28,1687,2023-07-31,True,0.004814847238028497,1.0,2023,both,2022-12-31,0.4129866065997291
959,1687,2023-07-31,1688,2023-08-01,True,-0.0032235581111692557,0.0,2023,both,2022-12-31,0.43549270307881677
960,1688,2023-08-01,1689,2023-08-02,True,-0.0037584127261602873,0.0,2023,both,2022-12-31,0.4353743015925003
961,1689,2023-08-02,1690,2023-08-03,True,0.0011405509738551256,1.0,2023,both,2022-12-31,0.44627913096202454
962,1690,2023-08-03,1691,2023-08-04,True,-0.06353518534747171,0.0,2023,both,2022-12-31,0.45886059886228836
963,1691,2023-08-04,1692,2023-08-07,True,-0.014317798989331942,0.0,2023,both,2022-12-31,0.6146175667200795
964,1692,2023-08-07,1693,2023-08-08,True,-0.00550650337035985,0.0,2023,both,2022-12-31,0.49582626035894645
965,1693,2023-08-08,1694,2023-08-09,True,-0.006587112171837606,0.0,2023,both,2022-12-31,0.4947891148495197
966,1694,2023-08-09,1695,2023-08-10,True,-0.003940034595425801,0.0,2023,both,2022-12-31,0.5036592672734039
967,1695,2023-08-10,1696,2023-08-11,True,-0.015436565364206456,0.0,2023,both,2022-12-31,0.52048002742656
968,1696,2023-08-11,1697,2023-08-14,True,-0.008427241548260689,0.0,2023,both,2022-12-31,0.43467780021333413
969,1697,2023-08-14,1698,2023-08-15,True,-0.033995454096254485,0.0,2023,both,2022-12-31,0.46447598376373844
970,1698,2023-08-15,1699,2023-08-16,True,-0.03324808184143224,0.0,2023,both,2022-12-31,0.4946720125761374
971,1699,2023-08-16,1700,2023-08-17,True,0.010264550264550198,1.0,2023,both,2022-12-31,0.4852648778699597
972,1700,2023-08-17,1701,2023-08-18,True,-0.017806640829580056,0.0,2023,both,2022-12-31,0.4839644338271394
973,1701,2023-08-18,1702,2023-08-21,True,-0.024101525007998004,0.0,2023,both,2022-12-31,0.49831054068715724
974,1702,2023-08-21,1703,2023-08-22,True,0.006884493497978372,1.0,2023,both,2022-12-31,0.5050864818200553
975,1703,2023-08-22,1704,2023-08-23,True,-0.022140221402214055,0.0,2023,both,2022-12-31,0.5308067809145137
976,1704,2023-08-23,1705,2023-08-24,True,0.015649278579356496,1.0,2023,both,2022-12-31,0.48696234564600815
977,1705,2023-08-24,1706,2023-08-25,True,-0.026335919571631616,0.0,2023,both,2022-12-31,0.5298761098125535
978,1706,2023-08-25,1707,2023-08-28,True,0.004377104377104368,1.0,2023,both,2022-12-31,0.5650108678717934
979,1707,2023-08-28,1708,2023-08-29,True,0.031064923455134563,1.0,2023,both,2022-12-31,0.5878695484925314
980,1708,2023-08-29,1709,2023-08-30,True,0.018749322640078114,1.0,2023,both,2022-12-31,0.5255184391696276
981,1709,2023-08-30,1710,2023-08-31,True,-0.00021276595744668114,0.0,2023,both,2022-12-31,0.5180276329842081
982,1710,2023-08-31,1711,2023-09-01,True,0.005533092147265384,1.0,2023,both,2022-12-31,0.5301567728011072
983,1711,2023-09-01,1712,2023-09-04,True,0.024338624338624326,1.0,2023,both,2022-12-31,0.48918239849342193
984,1712,2023-09-04,1713,2023-09-05,True,0.029338842975206614,1.0,2023,both,2022-12-31,0.455316865107295
985,1713,2023-09-05,1714,2023-09-06,True,0.002810116419108777,1.0,2023,both,2022-12-31,0.3507300158869143
986,1714,2023-09-06,1715,2023-09-07,True,-0.016212970376301095,0.0,2023,both,2022-12-31,0.46638569152888987
987,1715,2023-09-07,1716,2023-09-08,True,-0.009664292980671285,0.0,2023,both,2022-12-31,0.38826587388200384
988,1716,2023-09-08,1717,2023-09-11,True,0.0015408320493064398,1.0,2023,both,2022-12-31,0.4685564046487573
989,1717,2023-09-11,1718,2023-09-12,True,0.002974358974359159,1.0,2023,both,2022-12-31,0.4516208250371148
990,1718,2023-09-12,1719,2023-09-13,True,0.011862153594436986,1.0,2023,both,2022-12-31,0.4481824909391383
991,1719,2023-09-13,1720,2023-09-14,True,-0.02011116725619011,0.0,2023,both,2022-12-31,0.3774097776498829
992,1720,2023-09-14,1721,2023-09-15,True,0.031353135313531455,1.0,2023,both,2022-12-31,0.4384729729892463
993,1721,2023-09-15,1722,2023-09-18,True,-0.0049000000000000155,0.0,2023,both,2022-12-31,0.33865378598215456
994,1722,2023-09-18,1723,2023-09-19,True,0.01889257361069241,1.0,2023,both,2022-12-31,0.3966515115499844
995,1723,2023-09-19,1724,2023-09-20,True,-0.009369760331393695,0.0,2023,both,2022-12-31,0.32379873430450723
996,1724,2023-09-20,1725,2023-09-21,True,0.0007964954201513663,1.0,2023,both,2022-12-31,0.3700806691198608
997,1725,2023-09-21,1726,2023-09-22,True,0.014524472741743066,1.0,2023,both,2022-12-31,0.350616559981827
998,1726,2023-09-22,1727,2023-09-25,True,-0.01990586389488147,0.0,2023,both,2022-12-31,0.4120126267894104
999,1727,2023-09-25,1728,2023-09-26,True,-0.01170585292646309,0.0,2023,both,2022-12-31,0.40945792936220865
1000,1728,2023-09-26,1729,2023-09-27,True,0.001012350678274876,1.0,2023,both,2022-12-31,0.3970357038829348
1001,1729,2023-09-27,1730,2023-09-28,True,-0.0028317152103560783,0.0,2023,both,2022-12-31,0.39839226889866225
1002,1730,2023-09-28,1731,2023-10-09,True,0.04148073022312393,1.0,2023,both,2022-12-31,0.4006451250169276
1003,1731,2023-10-09,1732,2023-10-10,True,0.011296133995520208,1.0,2023,both,2022-12-31,0.3046623654437637
1004,1732,2023-10-10,1733,2023-10-11,True,0.011073663938372835,1.0,2023,both,2022-12-31,0.34462231402065324
1005,1733,2023-10-11,1734,2023-10-12,True,-0.006666666666666821,0.0,2023,both,2022-12-31,0.3922400489756322
1006,1734,2023-10-12,1735,2023-10-13,True,-0.010738255033556854,0.0,2023,both,2022-12-31,0.3934570466506897
1007,1735,2023-10-13,1736,2023-10-16,True,-0.01977127350261676,0.0,2023,both,2022-12-31,0.3906609564923712
1008,1736,2023-10-16,1737,2023-10-17,True,0.010480522048645469,1.0,2023,both,2022-12-31,0.36188694607939403
1009,1737,2023-10-17,1738,2023-10-18,True,-0.017612524461839585,0.0,2023,both,2022-12-31,0.38758531860639767
1010,1738,2023-10-18,1739,2023-10-19,True,-0.009362549800796871,0.0,2023,both,2022-12-31,0.3997741985268937
1011,1739,2023-10-19,1740,2023-10-20,True,-0.020812386889201617,0.0,2023,both,2022-12-31,0.4143392446035751
1012,1740,2023-10-20,1741,2023-10-23,True,-0.027620905637128934,0.0,2023,both,2022-12-31,0.4283967523425307
1013,1741,2023-10-23,1742,2023-10-24,True,0.03146779303062308,1.0,2023,both,2022-12-31,0.44404884641285575
1014,1742,2023-10-24,1743,2023-10-25,True,-0.012592137592137731,0.0,2023,both,2022-12-31,0.39741322131239204
1015,1743,2023-10-25,1744,2023-10-26,True,-0.021461897356143234,0.0,2023,both,2022-12-31,0.4598714370693485
1016,1744,2023-10-26,1745,2023-10-27,True,0.07893621529985184,1.0,2023,both,2022-12-31,0.5052663333510279
1017,1745,2023-10-27,1746,2023-10-30,True,0.04959245801826562,1.0,2023,both,2022-12-31,0.34484268508142324
1018,1746,2023-10-30,1747,2023-10-31,True,0.0011227544910181741,1.0,2023,both,2022-12-31,0.3729617713249316
1019,1747,2023-10-31,1748,2023-11-01,True,-0.014392523364486154,0.0,2023,both,2022-12-31,0.4055028390286884
1020,1748,2023-11-01,1749,2023-11-02,True,-0.008818509387445439,0.0,2023,both,2022-12-31,0.4486361909845664
1021,1749,2023-11-02,1750,2023-11-03,True,0.03319621161389086,1.0,2023,both,2022-12-31,0.4192666606266938
1022,1750,2023-11-03,1751,2023-11-06,True,0.012499999999999956,1.0,2023,both,2022-12-31,0.38503274190774917
1023,1751,2023-11-06,1752,2023-11-07,True,-0.02203932327389102,0.0,2023,both,2022-12-31,0.4748683433133435
1024,1752,2023-11-07,1753,2023-11-08,True,-0.002337759491303437,0.0,2023,both,2022-12-31,0.5026013044848741
1025,1753,2023-11-08,1754,2023-11-09,True,-0.01490298997094397,0.0,2023,both,2022-12-31,0.46561420096539047
1026,1754,2023-11-09,1755,2023-11-10,True,0.0007611798287348037,1.0,2023,both,2022-12-31,0.47192061083199516
1027,1755,2023-11-10,1756,2023-11-13,True,-0.010173036698992166,0.0,2023,both,2022-12-31,0.431086016092483
1028,1756,2023-11-13,1757,2023-11-14,True,-0.004226299106714015,0.0,2023,both,2022-12-31,0.49446877830818586
1029,1757,2023-11-14,1758,2023-11-15,True,0.03202469373975103,1.0,2023,both,2022-12-31,0.5007987656085434
1030,1758,2023-11-15,1759,2023-11-16,True,-0.02149733619964478,0.0,2023,both,2022-12-31,0.3899565945081324
1031,1759,2023-11-16,1760,2023-11-17,True,0.0027700831024930483,1.0,2023,both,2022-12-31,0.4252502923688403
1032,1760,2023-11-17,1761,2023-11-20,True,-0.04686606972756713,0.0,2023,both,2022-12-31,0.420468574418173
1033,1761,2023-11-20,1762,2023-11-21,True,-0.02158704777133713,0.0,2023,both,2022-12-31,0.5452077383864325
1034,1762,2023-11-21,1763,2023-11-22,True,-0.022574055158325,0.0,2023,both,2022-12-31,0.5188032631409961
1035,1763,2023-11-22,1764,2023-11-23,True,0.01045041279130543,1.0,2023,both,2022-12-31,0.5029923878682612
1036,1764,2023-11-23,1765,2023-11-24,True,-0.019960699141586602,0.0,2023,both,2022-12-31,0.473075719370599
1037,1765,2023-11-24,1766,2023-11-27,True,0.0029548332629802943,1.0,2023,both,2022-12-31,0.5112152541504674
1038,1766,2023-11-27,1767,2023-11-28,True,0.0016835016835015093,1.0,2023,both,2022-12-31,0.4536082427103349
1039,1767,2023-11-28,1768,2023-11-29,True,-0.005882352941176339,0.0,2023,both,2022-12-31,0.4352368030921323
1040,1768,2023-11-29,1769,2023-11-30,True,-0.005705832628909557,0.0,2023,both,2022-12-31,0.42361305741527056
1041,1769,2023-11-30,1770,2023-12-01,True,0.011158342189160564,1.0,2023,both,2022-12-31,0.45790981928202495
1042,1770,2023-12-01,1771,2023-12-04,True,-0.007146610614818805,0.0,2023,both,2022-12-31,0.4177964839249691
1043,1771,2023-12-04,1772,2023-12-05,True,-0.046681486186090915,0.0,2023,both,2022-12-31,0.41487183759032675
1044,1772,2023-12-05,1773,2023-12-06,True,0.013990672884743649,1.0,2023,both,2022-12-31,0.4334569839201859
1045,1773,2023-12-06,1774,2023-12-07,True,-0.016973280770915422,0.0,2023,both,2022-12-31,0.37157863910209227
1046,1774,2023-12-07,1775,2023-12-08,True,0.02383869889718171,1.0,2023,both,2022-12-31,0.434552081052497
1047,1775,2023-12-08,1776,2023-12-11,True,0.010771406811010964,1.0,2023,both,2022-12-31,0.3879799276664936
1048,1776,2023-12-11,1777,2023-12-12,True,0.007750269106566066,1.0,2023,both,2022-12-31,0.4209050410217988
1049,1777,2023-12-12,1778,2023-12-13,True,-0.0034180730613116994,0.0,2023,both,2022-12-31,0.36485215212751904
1050,1778,2023-12-13,1779,2023-12-14,True,0.019399785637727707,1.0,2023,both,2022-12-31,0.36378219953529833
1051,1779,2023-12-14,1780,2023-12-15,True,-0.010198717274734537,0.0,2023,both,2022-12-31,0.32472529339005646
1052,1780,2023-12-15,1781,2023-12-18,True,-0.015933715742511123,0.0,2023,both,2022-12-31,0.379113096811919
1053,1781,2023-12-18,1782,2023-12-19,True,0.013385146804835824,1.0,2023,both,2022-12-31,0.3855902323773472
1054,1782,2023-12-19,1783,2023-12-20,True,-0.028973157221985568,0.0,2023,both,2022-12-31,0.34861384106543813
1055,1783,2023-12-20,1784,2023-12-21,True,0.005813953488372103,1.0,2023,both,2022-12-31,0.37720144481617185
1056,1784,2023-12-21,1785,2023-12-22,True,-0.0062165994110587874,0.0,2023,both,2022-12-31,0.3782393800885455
1057,1785,2023-12-22,1786,2023-12-25,True,-0.0021949078138717715,0.0,2023,both,2022-12-31,0.3605338064312247
1058,1786,2023-12-25,1787,2023-12-26,True,-0.01957765068191819,0.0,2023,both,2022-12-31,0.3269263363082877
1059,1787,2023-12-26,1788,2023-12-27,True,0.018958940991698592,1.0,2023,both,2022-12-31,0.3328037459608868
1060,1788,2023-12-27,1789,2023-12-28,True,0.018385995816360357,1.0,2023,both,2022-12-31,0.3009457224189782
1061,1789,2023-12-28,1790,2023-12-29,True,-0.0011891891891890882,0.0,2023,both,2022-12-31,0.34432479345504496
1062,1790,2023-12-29,1791,2024-01-02,True,-0.026085074142223164,0.0,2023,both,2022-12-31,0.34718970249840075
821,1549,2023-01-03,1550,2023-01-04,True,-0.027034883720930214,0.0,2023,frequency,2022-12-31,0.4945054945054945
822,1550,2023-01-04,1551,2023-01-05,True,0.02240812668060932,1.0,2023,frequency,2022-12-31,0.4945054945054945
823,1551,2023-01-05,1552,2023-01-06,True,0.0021429962984609308,1.0,2023,frequency,2022-12-31,0.4945054945054945
824,1552,2023-01-06,1553,2023-01-09,True,0.021189735614308036,1.0,2023,frequency,2022-12-31,0.4945054945054945
825,1553,2023-01-09,1554,2023-01-10,True,0.01256424900057107,1.0,2023,frequency,2022-12-31,0.4945054945054945
826,1554,2023-01-10,1555,2023-01-11,True,0.006768189509306355,1.0,2023,frequency,2022-12-31,0.4945054945054945
827,1555,2023-01-11,1556,2023-01-12,True,-0.007189542483659994,0.0,2023,frequency,2022-12-31,0.4945054945054945
828,1556,2023-01-12,1557,2023-01-13,True,0.01974983541803832,1.0,2023,frequency,2022-12-31,0.4945054945054945
829,1557,2023-01-13,1558,2023-01-16,True,0.0607765378585261,1.0,2023,frequency,2022-12-31,0.4945054945054945
830,1558,2023-01-16,1559,2023-01-17,True,0.043383759346200756,1.0,2023,frequency,2022-12-31,0.4945054945054945
831,1559,2023-01-17,1560,2023-01-18,True,-0.027664361303224805,0.0,2023,frequency,2022-12-31,0.4945054945054945
832,1560,2023-01-18,1561,2023-01-19,True,0.01833918930499623,1.0,2023,frequency,2022-12-31,0.4945054945054945
833,1561,2023-01-19,1562,2023-01-20,True,0.031978456618699136,1.0,2023,frequency,2022-12-31,0.4945054945054945
834,1562,2023-01-20,1563,2023-01-30,True,-0.011253363777215974,0.0,2023,frequency,2022-12-31,0.4945054945054945
835,1563,2023-01-30,1564,2023-01-31,True,-0.055257731958762824,0.0,2023,frequency,2022-12-31,0.4945054945054945
836,1564,2023-01-31,1565,2023-02-01,True,0.003928415539065977,1.0,2023,frequency,2022-12-31,0.4945054945054945
837,1565,2023-02-01,1566,2023-02-02,True,0.018173913043478374,1.0,2023,frequency,2022-12-31,0.4945054945054945
838,1566,2023-02-02,1567,2023-02-03,True,0.0036723887607823524,1.0,2023,frequency,2022-12-31,0.4945054945054945
839,1567,2023-02-03,1568,2023-02-06,True,-0.026633764465622933,0.0,2023,frequency,2022-12-31,0.4945054945054945
840,1568,2023-02-06,1569,2023-02-07,True,-0.007867820613690069,0.0,2023,frequency,2022-12-31,0.4945054945054945
841,1569,2023-02-07,1570,2023-02-08,True,-0.003612653097189056,0.0,2023,frequency,2022-12-31,0.4945054945054945
842,1570,2023-02-08,1571,2023-02-09,True,0.04421648390519972,1.0,2023,frequency,2022-12-31,0.4945054945054945
843,1571,2023-02-09,1572,2023-02-10,True,-0.012957317073170604,0.0,2023,frequency,2022-12-31,0.4945054945054945
844,1572,2023-02-10,1573,2023-02-13,True,0.004290004290004257,1.0,2023,frequency,2022-12-31,0.4945054945054945
845,1573,2023-02-13,1574,2023-02-14,True,-0.010166595472020479,0.0,2023,frequency,2022-12-31,0.4945054945054945
846,1574,2023-02-14,1575,2023-02-15,True,0.007854306922147503,1.0,2023,frequency,2022-12-31,0.4945054945054945
847,1575,2023-02-15,1576,2023-02-16,True,-0.029459621478119424,0.0,2023,frequency,2022-12-31,0.4945054945054945
848,1576,2023-02-16,1577,2023-02-17,True,-0.040501191211506304,0.0,2023,frequency,2022-12-31,0.4945054945054945
849,1577,2023-02-17,1578,2023-02-20,True,0.007173073386058659,1.0,2023,frequency,2022-12-31,0.4945054945054945
850,1578,2023-02-20,1579,2023-02-21,True,-0.006117604090577045,0.0,2023,frequency,2022-12-31,0.4945054945054945
851,1579,2023-02-21,1580,2023-02-22,True,-0.003215434083601254,0.0,2023,frequency,2022-12-31,0.4945054945054945
852,1580,2023-02-22,1581,2023-02-23,True,0.0002764976958524734,1.0,2023,frequency,2022-12-31,0.4945054945054945
853,1581,2023-02-23,1582,2023-02-24,True,-0.013913203722473066,0.0,2023,frequency,2022-12-31,0.4945054945054945
854,1582,2023-02-24,1583,2023-02-27,True,-0.028032143524574726,0.0,2023,frequency,2022-12-31,0.4945054945054945
855,1583,2023-02-27,1584,2023-02-28,True,0.008363776196885109,1.0,2023,frequency,2022-12-31,0.4945054945054945
856,1584,2023-02-28,1585,2023-03-01,True,-0.003718180951472916,0.0,2023,frequency,2022-12-31,0.4945054945054945
857,1585,2023-03-01,1586,2023-03-02,True,0.006602870813396944,1.0,2023,frequency,2022-12-31,0.4945054945054945
858,1586,2023-03-02,1587,2023-03-03,True,0.0053236999714803,1.0,2023,frequency,2022-12-31,0.4945054945054945
859,1587,2023-03-03,1588,2023-03-06,True,-0.005957446808510625,0.0,2023,frequency,2022-12-31,0.4945054945054945
860,1588,2023-03-06,1589,2023-03-07,True,-0.036624809741248265,0.0,2023,frequency,2022-12-31,0.4945054945054945
861,1589,2023-03-07,1590,2023-03-08,True,0.005233534116717786,1.0,2023,frequency,2022-12-31,0.4945054945054945
862,1590,2023-03-08,1591,2023-03-09,True,0.00383104125736744,1.0,2023,frequency,2022-12-31,0.4945054945054945
863,1591,2023-03-09,1592,2023-03-10,True,-0.011351404246990882,0.0,2023,frequency,2022-12-31,0.4945054945054945
864,1592,2023-03-10,1593,2023-03-13,True,0.004652083539542717,1.0,2023,frequency,2022-12-31,0.4945054945054945
865,1593,2023-03-13,1594,2023-03-14,True,0.034876847290640445,1.0,2023,frequency,2022-12-31,0.4945054945054945
866,1594,2023-03-14,1595,2023-03-15,True,-0.0007616146230009502,0.0,2023,frequency,2022-12-31,0.4945054945054945
867,1595,2023-03-15,1596,2023-03-16,True,0.0030487804878049918,1.0,2023,frequency,2022-12-31,0.4945054945054945
868,1596,2023-03-16,1597,2023-03-17,True,-0.0010448328267476104,0.0,2023,frequency,2022-12-31,0.4945054945054945
869,1597,2023-03-17,1598,2023-03-20,True,0.025197299610154822,1.0,2023,frequency,2022-12-31,0.4945054945054945
870,1598,2023-03-20,1599,2023-03-21,True,-0.0028751623075495836,0.0,2023,frequency,2022-12-31,0.4945054945054945
871,1599,2023-03-21,1600,2023-03-22,True,-0.013580132080736607,0.0,2023,frequency,2022-12-31,0.4945054945054945
872,1600,2023-03-22,1601,2023-03-23,True,0.10004714757190003,1.0,2023,frequency,2022-12-31,0.4945054945054945
873,1601,2023-03-23,1602,2023-03-24,True,0.010629178810217965,1.0,2023,frequency,2022-12-31,0.4945054945054945
874,1602,2023-03-24,1603,2023-03-27,True,-0.03299406276505523,0.0,2023,frequency,2022-12-31,0.4945054945054945
875,1603,2023-03-27,1604,2023-03-28,True,-0.045697745811770996,0.0,2023,frequency,2022-12-31,0.4945054945054945
876,1604,2023-03-28,1605,2023-03-29,True,0.05716911764705879,1.0,2023,frequency,2022-12-31,0.4945054945054945
877,1605,2023-03-29,1606,2023-03-30,True,0.05477308294209693,1.0,2023,frequency,2022-12-31,0.4945054945054945
878,1606,2023-03-30,1607,2023-03-31,True,0.0056050115397296985,1.0,2023,frequency,2022-12-31,0.4945054945054945
879,1607,2023-03-31,1608,2023-04-03,True,0.07811475409836066,1.0,2023,frequency,2022-12-31,0.4945054945054945
880,1608,2023-04-03,1609,2023-04-04,True,-0.00737474340454658,0.0,2023,frequency,2022-12-31,0.4945054945054945
881,1609,2023-04-04,1610,2023-04-06,True,0.03017769607843146,1.0,2023,frequency,2022-12-31,0.4945054945054945
882,1610,2023-04-06,1611,2023-04-07,True,0.030483271375464582,1.0,2023,frequency,2022-12-31,0.4945054945054945
883,1611,2023-04-07,1612,2023-04-10,True,-0.055844155844155696,0.0,2023,frequency,2022-12-31,0.4945054945054945
884,1612,2023-04-10,1613,2023-04-11,True,0.01421366345712971,1.0,2023,frequency,2022-12-31,0.4945054945054945
885,1613,2023-04-11,1614,2023-04-12,True,0.017103676913803545,1.0,2023,frequency,2022-12-31,0.4945054945054945
886,1614,2023-04-12,1615,2023-04-13,True,-0.0494851470479295,0.0,2023,frequency,2022-12-31,0.4945054945054945
887,1615,2023-04-13,1616,2023-04-14,True,0.05533473618580009,1.0,2023,frequency,2022-12-31,0.4945054945054945
888,1616,2023-04-14,1617,2023-04-17,True,0.0036186396868769233,1.0,2023,frequency,2022-12-31,0.4945054945054945
889,1617,2023-04-17,1618,2023-04-18,True,-0.02200147167034594,0.0,2023,frequency,2022-12-31,0.4945054945054945
890,1618,2023-04-18,1619,2023-04-19,True,-0.01625159882627336,0.0,2023,frequency,2022-12-31,0.4945054945054945
891,1619,2023-04-19,1620,2023-04-20,True,0.042294455066921754,1.0,2023,frequency,2022-12-31,0.4945054945054945
892,1620,2023-04-20,1621,2023-04-21,True,-0.07242442031112417,0.0,2023,frequency,2022-12-31,0.4945054945054945
893,1621,2023-04-21,1622,2023-04-24,True,-0.044854046357092114,0.0,2023,frequency,2022-12-31,0.4945054945054945
894,1622,2023-04-24,1623,2023-04-25,True,-0.02501242338910059,0.0,2023,frequency,2022-12-31,0.4945054945054945
895,1623,2023-04-25,1624,2023-04-26,True,-0.0572545022086306,0.0,2023,frequency,2022-12-31,0.4945054945054945
896,1624,2023-04-26,1625,2023-04-27,True,0.01351594881960727,1.0,2023,frequency,2022-12-31,0.4945054945054945
897,1625,2023-04-27,1626,2023-04-28,True,-0.0356507823613087,0.0,2023,frequency,2022-12-31,0.4945054945054945
898,1626,2023-04-28,1627,2023-05-04,True,-0.031990412095510345,0.0,2023,frequency,2022-12-31,0.4945054945054945
899,1627,2023-05-04,1628,2023-05-05,True,-0.0019047619047619646,0.0,2023,frequency,2022-12-31,0.4945054945054945
900,1628,2023-05-05,1629,2023-05-08,True,-0.006106870229007688,0.0,2023,frequency,2022-12-31,0.4945054945054945
901,1629,2023-05-08,1630,2023-05-09,True,-0.02304147465437767,0.0,2023,frequency,2022-12-31,0.4945054945054945
902,1630,2023-05-09,1631,2023-05-10,True,-0.01641116352201266,0.0,2023,frequency,2022-12-31,0.4945054945054945
903,1631,2023-05-10,1632,2023-05-11,True,0.007393345988610189,1.0,2023,frequency,2022-12-31,0.4945054945054945
904,1632,2023-05-11,1633,2023-05-12,True,-0.0030744818010512986,0.0,2023,frequency,2022-12-31,0.4945054945054945
905,1633,2023-05-12,1634,2023-05-15,True,0.015519299641862272,1.0,2023,frequency,2022-12-31,0.4945054945054945
906,1634,2023-05-15,1635,2023-05-16,True,0.03908699059561127,1.0,2023,frequency,2022-12-31,0.4945054945054945
907,1635,2023-05-16,1636,2023-05-17,True,0.03186574903365713,1.0,2023,frequency,2022-12-31,0.4945054945054945
908,1636,2023-05-17,1637,2023-05-18,True,-0.02055733211512123,0.0,2023,frequency,2022-12-31,0.4945054945054945
909,1637,2023-05-18,1638,2023-05-19,True,0.04486940298507469,1.0,2023,frequency,2022-12-31,0.4945054945054945
910,1638,2023-05-19,1639,2023-05-22,True,0.011606106597625176,1.0,2023,frequency,2022-12-31,0.4945054945054945
911,1639,2023-05-22,1640,2023-05-23,True,-0.05145176948195218,0.0,2023,frequency,2022-12-31,0.4945054945054945
912,1640,2023-05-23,1641,2023-05-24,True,0.008373650911797315,1.0,2023,frequency,2022-12-31,0.4945054945054945
913,1641,2023-05-24,1642,2023-05-25,True,0.02232884295995574,1.0,2023,frequency,2022-12-31,0.4945054945054945
914,1642,2023-05-25,1643,2023-05-26,True,0.028880866425992746,1.0,2023,frequency,2022-12-31,0.4945054945054945
915,1643,2023-05-26,1644,2023-05-29,True,-0.01605263157894743,0.0,2023,frequency,2022-12-31,0.4945054945054945
916,1644,2023-05-29,1645,2023-05-30,True,0.003833467058928397,1.0,2023,frequency,2022-12-31,0.4945054945054945
917,1645,2023-05-30,1646,2023-05-31,True,-0.015985790408525657,0.0,2023,frequency,2022-12-31,0.4945054945054945
918,1646,2023-05-31,1647,2023-06-01,True,-0.004422382671480096,0.0,2023,frequency,2022-12-31,0.4945054945054945
919,1647,2023-06-01,1648,2023-06-02,True,-0.01287281298159726,0.0,2023,frequency,2022-12-31,0.4945054945054945
920,1648,2023-06-02,1649,2023-06-05,True,-0.017356965745247366,0.0,2023,frequency,2022-12-31,0.4945054945054945
921,1649,2023-06-05,1650,2023-06-06,True,-0.036822429906542165,0.0,2023,frequency,2022-12-31,0.4945054945054945
922,1650,2023-06-06,1651,2023-06-07,True,0.001746555404618766,1.0,2023,frequency,2022-12-31,0.4945054945054945
923,1651,2023-06-07,1652,2023-06-08,True,-0.020437814800464804,0.0,2023,frequency,2022-12-31,0.4945054945054945
924,1652,2023-06-08,1653,2023-06-09,True,0.020963116780381652,1.0,2023,frequency,2022-12-31,0.4945054945054945
925,1653,2023-06-09,1654,2023-06-12,True,-0.003389830508474523,0.0,2023,frequency,2022-12-31,0.4945054945054945
926,1654,2023-06-12,1655,2023-06-13,True,0.08785228377065102,1.0,2023,frequency,2022-12-31,0.4945054945054945
927,1655,2023-06-13,1656,2023-06-14,True,0.0023226728604610614,1.0,2023,frequency,2022-12-31,0.4945054945054945
928,1656,2023-06-14,1657,2023-06-15,True,-0.011497326203208758,0.0,2023,frequency,2022-12-31,0.4945054945054945
929,1657,2023-06-15,1658,2023-06-16,True,0.008745829952213624,1.0,2023,frequency,2022-12-31,0.4945054945054945
930,1658,2023-06-16,1659,2023-06-19,True,0.019663925634608503,1.0,2023,frequency,2022-12-31,0.4945054945054945
931,1659,2023-06-19,1660,2023-06-20,True,-0.0008765778401123026,0.0,2023,frequency,2022-12-31,0.4945054945054945
932,1660,2023-06-20,1661,2023-06-21,True,-0.04904728299223693,0.0,2023,frequency,2022-12-31,0.4945054945054945
933,1661,2023-06-21,1662,2023-06-26,True,-0.018089053803339694,0.0,2023,frequency,2022-12-31,0.4945054945054945
934,1662,2023-06-26,1663,2023-06-27,True,-9.447331128942249e-05,0.0,2023,frequency,2022-12-31,0.4945054945054945
935,1663,2023-06-27,1664,2023-06-28,True,-0.007464096749811189,0.0,2023,frequency,2022-12-31,0.4945054945054945
936,1664,2023-06-28,1665,2023-06-29,True,0.0029509757258450175,1.0,2023,frequency,2022-12-31,0.4945054945054945
937,1665,2023-06-29,1666,2023-06-30,True,0.008447228549734342,1.0,2023,frequency,2022-12-31,0.4945054945054945
938,1666,2023-06-30,1667,2023-07-03,True,0.0013176470588234235,1.0,2023,frequency,2022-12-31,0.4945054945054945
939,1667,2023-07-03,1668,2023-07-04,True,0.022840492527493206,1.0,2023,frequency,2022-12-31,0.4945054945054945
940,1668,2023-07-04,1669,2023-07-05,True,0.014059915456717587,1.0,2023,frequency,2022-12-31,0.4945054945054945
941,1669,2023-07-05,1670,2023-07-06,True,0.0008155867693702135,1.0,2023,frequency,2022-12-31,0.4945054945054945
942,1670,2023-07-06,1671,2023-07-07,True,-0.047356030423759465,0.0,2023,frequency,2022-12-31,0.4945054945054945
943,1671,2023-07-07,1672,2023-07-10,True,0.007508791939929704,1.0,2023,frequency,2022-12-31,0.4945054945054945
944,1672,2023-07-10,1673,2023-07-11,True,0.0880188679245284,1.0,2023,frequency,2022-12-31,0.4945054945054945
945,1673,2023-07-11,1674,2023-07-12,True,-0.018382034162837013,0.0,2023,frequency,2022-12-31,0.4945054945054945
946,1674,2023-07-12,1675,2023-07-13,True,0.04451903542089908,1.0,2023,frequency,2022-12-31,0.4945054945054945
947,1675,2023-07-13,1676,2023-07-14,True,-0.007695560253699663,0.0,2023,frequency,2022-12-31,0.4945054945054945
948,1676,2023-07-14,1677,2023-07-17,True,0.008692687915459407,1.0,2023,frequency,2022-12-31,0.4945054945054945
949,1677,2023-07-17,1678,2023-07-18,True,-0.022220344711051054,0.0,2023,frequency,2022-12-31,0.4945054945054945
950,1678,2023-07-18,1679,2023-07-19,True,-0.009764106109046988,0.0,2023,frequency,2022-12-31,0.4945054945054945
951,1679,2023-07-19,1680,2023-07-20,True,-0.019458987783595005,0.0,2023,frequency,2022-12-31,0.4945054945054945
952,1680,2023-07-20,1681,2023-07-21,True,-0.0008899172376969355,0.0,2023,frequency,2022-12-31,0.4945054945054945
953,1681,2023-07-21,1682,2023-07-24,True,-0.011935512603544862,0.0,2023,frequency,2022-12-31,0.4945054945054945
954,1682,2023-07-24,1683,2023-07-25,True,0.01775894708374648,1.0,2023,frequency,2022-12-31,0.4945054945054945
955,1683,2023-07-25,1684,2023-07-26,True,-0.009743135518157753,0.0,2023,frequency,2022-12-31,0.4945054945054945
956,1684,2023-07-26,1685,2023-07-27,True,-0.011985688729874822,0.0,2023,frequency,2022-12-31,0.4945054945054945
957,1685,2023-07-27,1686,2023-07-28,True,0.03413000181061032,1.0,2023,frequency,2022-12-31,0.4945054945054945
958,1686,2023-07-28,1687,2023-07-31,True,0.004814847238028497,1.0,2023,frequency,2022-12-31,0.4945054945054945
959,1687,2023-07-31,1688,2023-08-01,True,-0.0032235581111692557,0.0,2023,frequency,2022-12-31,0.4945054945054945
960,1688,2023-08-01,1689,2023-08-02,True,-0.0037584127261602873,0.0,2023,frequency,2022-12-31,0.4945054945054945
961,1689,2023-08-02,1690,2023-08-03,True,0.0011405509738551256,1.0,2023,frequency,2022-12-31,0.4945054945054945
962,1690,2023-08-03,1691,2023-08-04,True,-0.06353518534747171,0.0,2023,frequency,2022-12-31,0.4945054945054945
963,1691,2023-08-04,1692,2023-08-07,True,-0.014317798989331942,0.0,2023,frequency,2022-12-31,0.4945054945054945
964,1692,2023-08-07,1693,2023-08-08,True,-0.00550650337035985,0.0,2023,frequency,2022-12-31,0.4945054945054945
965,1693,2023-08-08,1694,2023-08-09,True,-0.006587112171837606,0.0,2023,frequency,2022-12-31,0.4945054945054945
966,1694,2023-08-09,1695,2023-08-10,True,-0.003940034595425801,0.0,2023,frequency,2022-12-31,0.4945054945054945
967,1695,2023-08-10,1696,2023-08-11,True,-0.015436565364206456,0.0,2023,frequency,2022-12-31,0.4945054945054945
968,1696,2023-08-11,1697,2023-08-14,True,-0.008427241548260689,0.0,2023,frequency,2022-12-31,0.4945054945054945
969,1697,2023-08-14,1698,2023-08-15,True,-0.033995454096254485,0.0,2023,frequency,2022-12-31,0.4945054945054945
970,1698,2023-08-15,1699,2023-08-16,True,-0.03324808184143224,0.0,2023,frequency,2022-12-31,0.4945054945054945
971,1699,2023-08-16,1700,2023-08-17,True,0.010264550264550198,1.0,2023,frequency,2022-12-31,0.4945054945054945
972,1700,2023-08-17,1701,2023-08-18,True,-0.017806640829580056,0.0,2023,frequency,2022-12-31,0.4945054945054945
973,1701,2023-08-18,1702,2023-08-21,True,-0.024101525007998004,0.0,2023,frequency,2022-12-31,0.4945054945054945
974,1702,2023-08-21,1703,2023-08-22,True,0.006884493497978372,1.0,2023,frequency,2022-12-31,0.4945054945054945
975,1703,2023-08-22,1704,2023-08-23,True,-0.022140221402214055,0.0,2023,frequency,2022-12-31,0.4945054945054945
976,1704,2023-08-23,1705,2023-08-24,True,0.015649278579356496,1.0,2023,frequency,2022-12-31,0.4945054945054945
977,1705,2023-08-24,1706,2023-08-25,True,-0.026335919571631616,0.0,2023,frequency,2022-12-31,0.4945054945054945
978,1706,2023-08-25,1707,2023-08-28,True,0.004377104377104368,1.0,2023,frequency,2022-12-31,0.4945054945054945
979,1707,2023-08-28,1708,2023-08-29,True,0.031064923455134563,1.0,2023,frequency,2022-12-31,0.4945054945054945
980,1708,2023-08-29,1709,2023-08-30,True,0.018749322640078114,1.0,2023,frequency,2022-12-31,0.4945054945054945
981,1709,2023-08-30,1710,2023-08-31,True,-0.00021276595744668114,0.0,2023,frequency,2022-12-31,0.4945054945054945
982,1710,2023-08-31,1711,2023-09-01,True,0.005533092147265384,1.0,2023,frequency,2022-12-31,0.4945054945054945
983,1711,2023-09-01,1712,2023-09-04,True,0.024338624338624326,1.0,2023,frequency,2022-12-31,0.4945054945054945
984,1712,2023-09-04,1713,2023-09-05,True,0.029338842975206614,1.0,2023,frequency,2022-12-31,0.4945054945054945
985,1713,2023-09-05,1714,2023-09-06,True,0.002810116419108777,1.0,2023,frequency,2022-12-31,0.4945054945054945
986,1714,2023-09-06,1715,2023-09-07,True,-0.016212970376301095,0.0,2023,frequency,2022-12-31,0.4945054945054945
987,1715,2023-09-07,1716,2023-09-08,True,-0.009664292980671285,0.0,2023,frequency,2022-12-31,0.4945054945054945
988,1716,2023-09-08,1717,2023-09-11,True,0.0015408320493064398,1.0,2023,frequency,2022-12-31,0.4945054945054945
989,1717,2023-09-11,1718,2023-09-12,True,0.002974358974359159,1.0,2023,frequency,2022-12-31,0.4945054945054945
990,1718,2023-09-12,1719,2023-09-13,True,0.011862153594436986,1.0,2023,frequency,2022-12-31,0.4945054945054945
991,1719,2023-09-13,1720,2023-09-14,True,-0.02011116725619011,0.0,2023,frequency,2022-12-31,0.4945054945054945
992,1720,2023-09-14,1721,2023-09-15,True,0.031353135313531455,1.0,2023,frequency,2022-12-31,0.4945054945054945
993,1721,2023-09-15,1722,2023-09-18,True,-0.0049000000000000155,0.0,2023,frequency,2022-12-31,0.4945054945054945
994,1722,2023-09-18,1723,2023-09-19,True,0.01889257361069241,1.0,2023,frequency,2022-12-31,0.4945054945054945
995,1723,2023-09-19,1724,2023-09-20,True,-0.009369760331393695,0.0,2023,frequency,2022-12-31,0.4945054945054945
996,1724,2023-09-20,1725,2023-09-21,True,0.0007964954201513663,1.0,2023,frequency,2022-12-31,0.4945054945054945
997,1725,2023-09-21,1726,2023-09-22,True,0.014524472741743066,1.0,2023,frequency,2022-12-31,0.4945054945054945
998,1726,2023-09-22,1727,2023-09-25,True,-0.01990586389488147,0.0,2023,frequency,2022-12-31,0.4945054945054945
999,1727,2023-09-25,1728,2023-09-26,True,-0.01170585292646309,0.0,2023,frequency,2022-12-31,0.4945054945054945
1000,1728,2023-09-26,1729,2023-09-27,True,0.001012350678274876,1.0,2023,frequency,2022-12-31,0.4945054945054945
1001,1729,2023-09-27,1730,2023-09-28,True,-0.0028317152103560783,0.0,2023,frequency,2022-12-31,0.4945054945054945
1002,1730,2023-09-28,1731,2023-10-09,True,0.04148073022312393,1.0,2023,frequency,2022-12-31,0.4945054945054945
1003,1731,2023-10-09,1732,2023-10-10,True,0.011296133995520208,1.0,2023,frequency,2022-12-31,0.4945054945054945
1004,1732,2023-10-10,1733,2023-10-11,True,0.011073663938372835,1.0,2023,frequency,2022-12-31,0.4945054945054945
1005,1733,2023-10-11,1734,2023-10-12,True,-0.006666666666666821,0.0,2023,frequency,2022-12-31,0.4945054945054945
1006,1734,2023-10-12,1735,2023-10-13,True,-0.010738255033556854,0.0,2023,frequency,2022-12-31,0.4945054945054945
1007,1735,2023-10-13,1736,2023-10-16,True,-0.01977127350261676,0.0,2023,frequency,2022-12-31,0.4945054945054945
1008,1736,2023-10-16,1737,2023-10-17,True,0.010480522048645469,1.0,2023,frequency,2022-12-31,0.4945054945054945
1009,1737,2023-10-17,1738,2023-10-18,True,-0.017612524461839585,0.0,2023,frequency,2022-12-31,0.4945054945054945
1010,1738,2023-10-18,1739,2023-10-19,True,-0.009362549800796871,0.0,2023,frequency,2022-12-31,0.4945054945054945
1011,1739,2023-10-19,1740,2023-10-20,True,-0.020812386889201617,0.0,2023,frequency,2022-12-31,0.4945054945054945
1012,1740,2023-10-20,1741,2023-10-23,True,-0.027620905637128934,0.0,2023,frequency,2022-12-31,0.4945054945054945
1013,1741,2023-10-23,1742,2023-10-24,True,0.03146779303062308,1.0,2023,frequency,2022-12-31,0.4945054945054945
1014,1742,2023-10-24,1743,2023-10-25,True,-0.012592137592137731,0.0,2023,frequency,2022-12-31,0.4945054945054945
1015,1743,2023-10-25,1744,2023-10-26,True,-0.021461897356143234,0.0,2023,frequency,2022-12-31,0.4945054945054945
1016,1744,2023-10-26,1745,2023-10-27,True,0.07893621529985184,1.0,2023,frequency,2022-12-31,0.4945054945054945
1017,1745,2023-10-27,1746,2023-10-30,True,0.04959245801826562,1.0,2023,frequency,2022-12-31,0.4945054945054945
1018,1746,2023-10-30,1747,2023-10-31,True,0.0011227544910181741,1.0,2023,frequency,2022-12-31,0.4945054945054945
1019,1747,2023-10-31,1748,2023-11-01,True,-0.014392523364486154,0.0,2023,frequency,2022-12-31,0.4945054945054945
1020,1748,2023-11-01,1749,2023-11-02,True,-0.008818509387445439,0.0,2023,frequency,2022-12-31,0.4945054945054945
1021,1749,2023-11-02,1750,2023-11-03,True,0.03319621161389086,1.0,2023,frequency,2022-12-31,0.4945054945054945
1022,1750,2023-11-03,1751,2023-11-06,True,0.012499999999999956,1.0,2023,frequency,2022-12-31,0.4945054945054945
1023,1751,2023-11-06,1752,2023-11-07,True,-0.02203932327389102,0.0,2023,frequency,2022-12-31,0.4945054945054945
1024,1752,2023-11-07,1753,2023-11-08,True,-0.002337759491303437,0.0,2023,frequency,2022-12-31,0.4945054945054945
1025,1753,2023-11-08,1754,2023-11-09,True,-0.01490298997094397,0.0,2023,frequency,2022-12-31,0.4945054945054945
1026,1754,2023-11-09,1755,2023-11-10,True,0.0007611798287348037,1.0,2023,frequency,2022-12-31,0.4945054945054945
1027,1755,2023-11-10,1756,2023-11-13,True,-0.010173036698992166,0.0,2023,frequency,2022-12-31,0.4945054945054945
1028,1756,2023-11-13,1757,2023-11-14,True,-0.004226299106714015,0.0,2023,frequency,2022-12-31,0.4945054945054945
1029,1757,2023-11-14,1758,2023-11-15,True,0.03202469373975103,1.0,2023,frequency,2022-12-31,0.4945054945054945
1030,1758,2023-11-15,1759,2023-11-16,True,-0.02149733619964478,0.0,2023,frequency,2022-12-31,0.4945054945054945
1031,1759,2023-11-16,1760,2023-11-17,True,0.0027700831024930483,1.0,2023,frequency,2022-12-31,0.4945054945054945
1032,1760,2023-11-17,1761,2023-11-20,True,-0.04686606972756713,0.0,2023,frequency,2022-12-31,0.4945054945054945
1033,1761,2023-11-20,1762,2023-11-21,True,-0.02158704777133713,0.0,2023,frequency,2022-12-31,0.4945054945054945
1034,1762,2023-11-21,1763,2023-11-22,True,-0.022574055158325,0.0,2023,frequency,2022-12-31,0.4945054945054945
1035,1763,2023-11-22,1764,2023-11-23,True,0.01045041279130543,1.0,2023,frequency,2022-12-31,0.4945054945054945
1036,1764,2023-11-23,1765,2023-11-24,True,-0.019960699141586602,0.0,2023,frequency,2022-12-31,0.4945054945054945
1037,1765,2023-11-24,1766,2023-11-27,True,0.0029548332629802943,1.0,2023,frequency,2022-12-31,0.4945054945054945
1038,1766,2023-11-27,1767,2023-11-28,True,0.0016835016835015093,1.0,2023,frequency,2022-12-31,0.4945054945054945
1039,1767,2023-11-28,1768,2023-11-29,True,-0.005882352941176339,0.0,2023,frequency,2022-12-31,0.4945054945054945
1040,1768,2023-11-29,1769,2023-11-30,True,-0.005705832628909557,0.0,2023,frequency,2022-12-31,0.4945054945054945
1041,1769,2023-11-30,1770,2023-12-01,True,0.011158342189160564,1.0,2023,frequency,2022-12-31,0.4945054945054945
1042,1770,2023-12-01,1771,2023-12-04,True,-0.007146610614818805,0.0,2023,frequency,2022-12-31,0.4945054945054945
1043,1771,2023-12-04,1772,2023-12-05,True,-0.046681486186090915,0.0,2023,frequency,2022-12-31,0.4945054945054945
1044,1772,2023-12-05,1773,2023-12-06,True,0.013990672884743649,1.0,2023,frequency,2022-12-31,0.4945054945054945
1045,1773,2023-12-06,1774,2023-12-07,True,-0.016973280770915422,0.0,2023,frequency,2022-12-31,0.4945054945054945
1046,1774,2023-12-07,1775,2023-12-08,True,0.02383869889718171,1.0,2023,frequency,2022-12-31,0.4945054945054945
1047,1775,2023-12-08,1776,2023-12-11,True,0.010771406811010964,1.0,2023,frequency,2022-12-31,0.4945054945054945
1048,1776,2023-12-11,1777,2023-12-12,True,0.007750269106566066,1.0,2023,frequency,2022-12-31,0.4945054945054945
1049,1777,2023-12-12,1778,2023-12-13,True,-0.0034180730613116994,0.0,2023,frequency,2022-12-31,0.4945054945054945
1050,1778,2023-12-13,1779,2023-12-14,True,0.019399785637727707,1.0,2023,frequency,2022-12-31,0.4945054945054945
1051,1779,2023-12-14,1780,2023-12-15,True,-0.010198717274734537,0.0,2023,frequency,2022-12-31,0.4945054945054945
1052,1780,2023-12-15,1781,2023-12-18,True,-0.015933715742511123,0.0,2023,frequency,2022-12-31,0.4945054945054945
1053,1781,2023-12-18,1782,2023-12-19,True,0.013385146804835824,1.0,2023,frequency,2022-12-31,0.4945054945054945
1054,1782,2023-12-19,1783,2023-12-20,True,-0.028973157221985568,0.0,2023,frequency,2022-12-31,0.4945054945054945
1055,1783,2023-12-20,1784,2023-12-21,True,0.005813953488372103,1.0,2023,frequency,2022-12-31,0.4945054945054945
1056,1784,2023-12-21,1785,2023-12-22,True,-0.0062165994110587874,0.0,2023,frequency,2022-12-31,0.4945054945054945
1057,1785,2023-12-22,1786,2023-12-25,True,-0.0021949078138717715,0.0,2023,frequency,2022-12-31,0.4945054945054945
1058,1786,2023-12-25,1787,2023-12-26,True,-0.01957765068191819,0.0,2023,frequency,2022-12-31,0.4945054945054945
1059,1787,2023-12-26,1788,2023-12-27,True,0.018958940991698592,1.0,2023,frequency,2022-12-31,0.4945054945054945
1060,1788,2023-12-27,1789,2023-12-28,True,0.018385995816360357,1.0,2023,frequency,2022-12-31,0.4945054945054945
1061,1789,2023-12-28,1790,2023-12-29,True,-0.0011891891891890882,0.0,2023,frequency,2022-12-31,0.4945054945054945
1062,1790,2023-12-29,1791,2024-01-02,True,-0.026085074142223164,0.0,2023,frequency,2022-12-31,0.4945054945054945
1063,1791,2024-01-02,1792,2024-01-03,True,-0.04356523671927104,0.0,2024,own,2023-12-31,0.49880390610239067
1064,1792,2024-01-03,1793,2024-01-04,True,-0.05531024866372303,0.0,2024,own,2023-12-31,0.5162004021053063
1065,1793,2024-01-04,1794,2024-01-05,True,-0.019680196801967864,0.0,2024,own,2023-12-31,0.5456868541809938
1066,1794,2024-01-05,1795,2024-01-08,True,-0.026223337515683953,0.0,2024,own,2023-12-31,0.4986951340895658
1067,1795,2024-01-08,1796,2024-01-09,True,0.0011596443757249109,1.0,2024,own,2023-12-31,0.4968716718434745
1068,1796,2024-01-09,1797,2024-01-10,True,-0.01441441441441449,0.0,2024,own,2023-12-31,0.474493552926649
1069,1797,2024-01-10,1798,2024-01-11,True,0.016714546879080583,1.0,2024,own,2023-12-31,0.4734460881505319
1070,1798,2024-01-11,1799,2024-01-12,True,-0.016182892370922297,0.0,2024,own,2023-12-31,0.4408732727699773
1071,1799,2024-01-12,1800,2024-01-15,True,-0.0006527415143602333,0.0,2024,own,2023-12-31,0.468199997304258
1072,1800,2024-01-15,1801,2024-01-16,True,-0.0009144350097973764,0.0,2024,own,2023-12-31,0.45810949737148354
1073,1801,2024-01-16,1802,2024-01-17,True,-0.028111924686192613,0.0,2024,own,2023-12-31,0.47041123580462213
1074,1802,2024-01-17,1803,2024-01-18,True,0.021525628951971187,1.0,2024,own,2023-12-31,0.48739324903588777
1075,1803,2024-01-18,1804,2024-01-19,True,-0.00856051626498111,0.0,2024,own,2023-12-31,0.43724988907185935
1076,1804,2024-01-19,1805,2024-01-22,True,-0.039718384697130626,0.0,2024,own,2023-12-31,0.46971949370438243
1077,1805,2024-01-22,1806,2024-01-23,True,0.013003181629547722,1.0,2024,own,2023-12-31,0.5112301059302446
1078,1806,2024-01-23,1807,2024-01-24,True,-0.01543083435750392,0.0,2024,own,2023-12-31,0.45466667157093893
1079,1807,2024-01-24,1808,2024-01-25,True,0.02857142857142847,1.0,2024,own,2023-12-31,0.4947954770706762
1080,1808,2024-01-25,1809,2024-01-26,True,-0.07322006472491904,0.0,2024,own,2023-12-31,0.4250477416682708
1081,1809,2024-01-26,1810,2024-01-29,True,-0.02982685872253732,0.0,2024,own,2023-12-31,0.54741163357547
1082,1810,2024-01-29,1811,2024-01-30,True,-0.01994601079784053,0.0,2024,own,2023-12-31,0.5057527187567695
1083,1811,2024-01-30,1812,2024-01-31,True,-0.04361132364192799,0.0,2024,own,2023-12-31,0.49425272889357025
1084,1812,2024-01-31,1813,2024-02-01,True,0.01295999999999986,1.0,2024,own,2023-12-31,0.5184205651259315
1085,1813,2024-02-01,1814,2024-02-02,True,-0.04943926709840463,0.0,2024,own,2023-12-31,0.45101158295757177
1086,1814,2024-02-02,1815,2024-02-05,True,-0.03755400465270853,0.0,2024,own,2023-12-31,0.537827662732476
1087,1815,2024-02-05,1816,2024-02-06,True,0.06975138121546953,1.0,2024,own,2023-12-31,0.5152638666300312
1088,1816,2024-02-06,1817,2024-02-07,True,0.0054874112330534075,1.0,2024,own,2023-12-31,0.40208599450267846
1089,1817,2024-02-07,1818,2024-02-08,True,0.10000000000000009,1.0,2024,own,2023-12-31,0.48173196913183586
1090,1818,2024-02-08,1819,2024-02-19,True,-0.023055596089303965,0.0,2024,own,2023-12-31,0.39571136901662757
1091,1819,2024-02-19,1820,2024-02-20,True,0.0477968633308441,1.0,2024,own,2023-12-31,0.5300557347789029
1092,1820,2024-02-20,1821,2024-02-21,True,-0.012544547398432138,0.0,2024,own,2023-12-31,0.43612748561512965
1093,1821,2024-02-21,1822,2024-02-22,True,0.04720658293633617,1.0,2024,own,2023-12-31,0.48568147250820853
1094,1822,2024-02-22,1823,2024-02-23,True,-0.007719878687620696,0.0,2024,own,2023-12-31,0.4396140614356879
1095,1823,2024-02-23,1824,2024-02-26,True,-0.008613503751041973,0.0,2024,own,2023-12-31,0.5169196889221997
1096,1824,2024-02-26,1825,2024-02-27,True,0.03965807174887881,1.0,2024,own,2023-12-31,0.5187633969280525
1097,1825,2024-02-27,1826,2024-02-28,True,-0.057824504650222264,0.0,2024,own,2023-12-31,0.4567853403611532
1098,1826,2024-02-28,1827,2024-02-29,True,0.04821173104434884,1.0,2024,own,2023-12-31,0.5871495416296505
1099,1827,2024-02-29,1828,2024-03-01,True,0.033983895182202906,1.0,2024,own,2023-12-31,0.45337261075219515
1100,1828,2024-03-01,1829,2024-03-04,True,-0.01095564941921845,0.0,2024,own,2023-12-31,0.4799135822126404
1101,1829,2024-03-04,1830,2024-03-05,True,-0.008941678900306949,0.0,2024,own,2023-12-31,0.5114167487158978
1102,1830,2024-03-05,1831,2024-03-06,True,-0.019256665768920156,0.0,2024,own,2023-12-31,0.49911512113988693
1103,1831,2024-03-06,1832,2024-03-07,True,-0.03171769875051489,0.0,2024,own,2023-12-31,0.5234647996156203
1104,1832,2024-03-07,1833,2024-03-08,True,0.015314804310833763,1.0,2024,own,2023-12-31,0.5423277225783497
1105,1833,2024-03-08,1834,2024-03-11,True,0.04231843575418992,1.0,2024,own,2023-12-31,0.4895225233121031
1106,1834,2024-03-11,1835,2024-03-12,True,0.05855554066729218,1.0,2024,own,2023-12-31,0.44080281967006
1107,1835,2024-03-12,1836,2024-03-13,True,-0.008227848101265978,0.0,2024,own,2023-12-31,0.4453626365407595
1108,1836,2024-03-13,1837,2024-03-14,True,-0.014932992980216775,0.0,2024,own,2023-12-31,0.5200766676639159
1109,1837,2024-03-14,1838,2024-03-15,True,0.003109613889608731,1.0,2024,own,2023-12-31,0.4990322828226383
1110,1838,2024-03-15,1839,2024-03-18,True,0.0060707827434771655,1.0,2024,own,2023-12-31,0.4713496647691994
1111,1839,2024-03-18,1840,2024-03-19,True,-0.008730260623956987,0.0,2024,own,2023-12-31,0.47277532514786497
1112,1840,2024-03-19,1841,2024-03-20,True,-0.0014246859215127916,0.0,2024,own,2023-12-31,0.48943726546883026
1113,1841,2024-03-20,1842,2024-03-21,True,0.039559014267185555,1.0,2024,own,2023-12-31,0.4688320711160279
1114,1842,2024-03-21,1843,2024-03-22,True,-0.02208359326263276,0.0,2024,own,2023-12-31,0.4644712693420656
1115,1843,2024-03-22,1844,2024-03-25,True,-0.061878030109721815,0.0,2024,own,2023-12-31,0.5219506658764411
1116,1844,2024-03-25,1845,2024-03-26,True,0.039983680130559085,1.0,2024,own,2023-12-31,0.5577640840694913
1117,1845,2024-03-26,1846,2024-03-27,True,-0.0748005753890415,0.0,2024,own,2023-12-31,0.4633968486016884
1118,1846,2024-03-27,1847,2024-03-28,True,0.028268551236749095,1.0,2024,own,2023-12-31,0.5842996095918878
1119,1847,2024-03-28,1848,2024-03-29,True,-0.012096219931271412,0.0,2024,own,2023-12-31,0.4622754116947716
1120,1848,2024-03-29,1849,2024-04-01,True,0.007930986503408954,1.0,2024,own,2023-12-31,0.5027133811789694
1121,1849,2024-04-01,1850,2024-04-02,True,-0.007454445057978876,0.0,2024,own,2023-12-31,0.4821153276841319
1122,1850,2024-04-02,1851,2024-04-03,True,-0.004033379694019623,0.0,2024,own,2023-12-31,0.5206478948040377
1123,1851,2024-04-03,1852,2024-04-08,True,-0.02611367127496167,0.0,2024,own,2023-12-31,0.49292339787937645
1124,1852,2024-04-08,1853,2024-04-09,True,0.001577287066246047,1.0,2024,own,2023-12-31,0.5211649160364198
1125,1853,2024-04-09,1854,2024-04-10,True,-0.049105225483178194,0.0,2024,own,2023-12-31,0.4910605968605147
1126,1854,2024-04-10,1855,2024-04-11,True,0.056609454983438834,1.0,2024,own,2023-12-31,0.5551871338511054
1127,1855,2024-04-11,1856,2024-04-12,True,0.05229410088344255,1.0,2024,own,2023-12-31,0.4285886005074126
1128,1856,2024-04-12,1857,2024-04-15,True,-0.008801624915368844,0.0,2024,own,2023-12-31,0.43520717211345455
1129,1857,2024-04-15,1858,2024-04-16,True,-0.05915300546448088,0.0,2024,own,2023-12-31,0.49828610224650616
1130,1858,2024-04-16,1859,2024-04-17,True,0.10004356033105855,1.0,2024,own,2023-12-31,0.5675677591856553
1131,1859,2024-04-17,1860,2024-04-18,True,0.0031678986272438703,1.0,2024,own,2023-12-31,0.42776721522209504
1132,1860,2024-04-18,1861,2024-04-19,True,-0.025131578947368394,0.0,2024,own,2023-12-31,0.5233167410152318
1133,1861,2024-04-19,1862,2024-04-22,True,0.025239573491699252,1.0,2024,own,2023-12-31,0.546240492479615
1134,1862,2024-04-22,1863,2024-04-23,True,-0.019220642443391167,0.0,2024,own,2023-12-31,0.44593723002847385
1135,1863,2024-04-23,1864,2024-04-24,True,0.04563758389261752,1.0,2024,own,2023-12-31,0.5258726718453821
1136,1864,2024-04-24,1865,2024-04-25,True,-0.010141206675224668,0.0,2024,own,2023-12-31,0.47268059251866323
1137,1865,2024-04-25,1866,2024-04-26,True,0.020619893658410104,1.0,2024,own,2023-12-31,0.5133295606284893
1138,1866,2024-04-26,1867,2024-04-29,True,0.0006353240152476847,1.0,2024,own,2023-12-31,0.47981749570251325
1139,1867,2024-04-29,1868,2024-04-30,True,0.0,0.0,2024,own,2023-12-31,0.5118976820469103
1140,1868,2024-04-30,1869,2024-05-06,True,0.04050793650793638,1.0,2024,own,2023-12-31,0.5053467464583107
1141,1869,2024-05-06,1870,2024-05-07,True,0.025506468147424854,1.0,2024,own,2023-12-31,0.4803182490637697
1142,1870,2024-05-07,1871,2024-05-08,True,-0.024277043912888208,0.0,2024,own,2023-12-31,0.4853232280393134
1143,1871,2024-05-08,1872,2024-05-09,True,0.007317965605561749,1.0,2024,own,2023-12-31,0.5376103430861668
1144,1872,2024-05-09,1873,2024-05-10,True,-0.0012108003390242095,0.0,2024,own,2023-12-31,0.4984248285112021
1145,1873,2024-05-10,1874,2024-05-13,True,0.046429870287307606,1.0,2024,own,2023-12-31,0.524293059098102
1146,1874,2024-05-13,1875,2024-05-14,True,0.0034754402224281833,1.0,2024,own,2023-12-31,0.44435815719249844
1147,1875,2024-05-14,1876,2024-05-15,True,-0.03694296929115681,0.0,2024,own,2023-12-31,0.4998455069738237
1148,1876,2024-05-15,1877,2024-05-16,True,-0.02241668664588825,0.0,2024,own,2023-12-31,0.5440407584112193
1149,1877,2024-05-16,1878,2024-05-17,True,0.016186388718577582,1.0,2024,own,2023-12-31,0.5418019067671487
1150,1878,2024-05-17,1879,2024-05-20,True,-0.002292747677084539,0.0,2024,own,2023-12-31,0.47731657403044403
1151,1879,2024-05-20,1880,2024-05-21,True,0.002902757619738683,1.0,2024,own,2023-12-31,0.47386479365610584
1152,1880,2024-05-21,1881,2024-05-22,True,-0.004703328509406579,0.0,2024,own,2023-12-31,0.46561558127282104
1153,1881,2024-05-22,1882,2024-05-23,True,-0.015388343632618318,0.0,2024,own,2023-12-31,0.47808600280364427
1154,1882,2024-05-23,1883,2024-05-24,True,-0.03273443268520815,0.0,2024,own,2023-12-31,0.4827452902234905
1155,1883,2024-05-24,1884,2024-05-27,True,0.03664122137404613,1.0,2024,own,2023-12-31,0.5205307857618289
1156,1884,2024-05-27,1885,2024-05-28,True,0.0025773195876286348,1.0,2024,own,2023-12-31,0.4349629619153664
1157,1885,2024-05-28,1886,2024-05-29,True,-0.015301750520259394,0.0,2024,own,2023-12-31,0.4751870654860004
1158,1886,2024-05-29,1887,2024-05-30,True,0.0241173545499751,1.0,2024,own,2023-12-31,0.47997162980429525
1159,1887,2024-05-30,1888,2024-05-31,True,0.008861374119932153,1.0,2024,own,2023-12-31,0.44167944897289696
1160,1888,2024-05-31,1889,2024-06-03,True,0.036818674046444455,1.0,2024,own,2023-12-31,0.4654615233875106
1161,1889,2024-06-03,1890,2024-06-04,True,-0.01009632122548454,0.0,2024,own,2023-12-31,0.44414264660987485
1162,1890,2024-06-04,1891,2024-06-05,True,-0.006213364595545112,0.0,2024,own,2023-12-31,0.479431551509969
1163,1891,2024-06-05,1892,2024-06-06,True,-0.019110534387165257,0.0,2024,own,2023-12-31,0.47321155616006133
1164,1892,2024-06-06,1893,2024-06-07,True,0.0037282020444977526,1.0,2024,own,2023-12-31,0.5124272507608183
1165,1893,2024-06-07,1894,2024-06-11,True,0.049125329499161374,1.0,2024,own,2023-12-31,0.4718026629500762
1166,1894,2024-06-11,1895,2024-06-12,True,-0.010963910461397997,0.0,2024,own,2023-12-31,0.4277710048796472
1167,1895,2024-06-12,1896,2024-06-13,True,0.02771362586605086,1.0,2024,own,2023-12-31,0.4861747591549186
1168,1896,2024-06-13,1897,2024-06-14,True,0.018651685393258566,1.0,2024,own,2023-12-31,0.46281236331104253
1169,1897,2024-06-14,1898,2024-06-17,True,0.03992940657401278,1.0,2024,own,2023-12-31,0.4458696527437365
1170,1898,2024-06-17,1899,2024-06-18,True,-0.007212558336868957,0.0,2024,own,2023-12-31,0.43171853769713053
1171,1899,2024-06-18,1900,2024-06-19,True,0.011858974358974317,1.0,2024,own,2023-12-31,0.49073121512872536
1172,1900,2024-06-19,1901,2024-06-20,True,-0.018055115616091078,0.0,2024,own,2023-12-31,0.486954560379562
1173,1901,2024-06-20,1902,2024-06-21,True,0.016129032258064502,1.0,2024,own,2023-12-31,0.4977236799994735
1174,1902,2024-06-21,1903,2024-06-24,True,-0.021693121693121542,0.0,2024,own,2023-12-31,0.4434567054210821
1175,1903,2024-06-24,1904,2024-06-25,True,-0.027041644131963305,0.0,2024,own,2023-12-31,0.5014080977735583
1176,1904,2024-06-25,1905,2024-06-26,True,0.036131183991106264,1.0,2024,own,2023-12-31,0.5118403997576808
1177,1905,2024-06-26,1906,2024-06-27,True,0.010729613733905685,1.0,2024,own,2023-12-31,0.44330347451876706
1178,1906,2024-06-27,1907,2024-06-28,True,0.015074309978768463,1.0,2024,own,2023-12-31,0.4686539260834935
1179,1907,2024-06-28,1908,2024-07-01,True,-0.012654256431708921,0.0,2024,own,2023-12-31,0.4537999263738392
1180,1908,2024-07-01,1909,2024-07-02,True,-0.044486812837623124,0.0,2024,own,2023-12-31,0.4910791125266979
1181,1909,2024-07-02,1910,2024-07-03,True,0.016406163396519124,1.0,2024,own,2023-12-31,0.5307611038961365
1182,1910,2024-07-03,1911,2024-07-04,True,-0.0009815683280619547,0.0,2024,own,2023-12-31,0.4644487618186821
1183,1911,2024-07-04,1912,2024-07-05,True,0.0026200873362445254,1.0,2024,own,2023-12-31,0.4867034364465285
1184,1912,2024-07-05,1913,2024-07-08,True,0.0013066202090592505,1.0,2024,own,2023-12-31,0.48131435912895043
1185,1913,2024-07-08,1914,2024-07-09,True,0.04849934754240981,1.0,2024,own,2023-12-31,0.4951344986733255
1186,1914,2024-07-09,1915,2024-07-10,True,0.0064302012030699185,1.0,2024,own,2023-12-31,0.4279473602045887
1187,1915,2024-07-10,1916,2024-07-11,True,0.008037922506182849,1.0,2024,own,2023-12-31,0.47237203982536774
1188,1916,2024-07-11,1917,2024-07-12,True,-0.004804743406256251,0.0,2024,own,2023-12-31,0.4746630749538132
1189,1917,2024-07-12,1918,2024-07-15,True,-0.0015408320493066618,0.0,2024,own,2023-12-31,0.46618081801672195
1190,1918,2024-07-15,1919,2024-07-16,True,0.00812757201646086,1.0,2024,own,2023-12-31,0.4636675852146545
1191,1919,2024-07-16,1920,2024-07-17,True,-0.02030819471374623,0.0,2024,own,2023-12-31,0.46191995338436226
1192,1920,2024-07-17,1921,2024-07-18,True,-0.02083333333333337,0.0,2024,own,2023-12-31,0.4970250860559363
1193,1921,2024-07-18,1922,2024-07-19,True,0.02127659574468077,1.0,2024,own,2023-12-31,0.49586844256172347
1194,1922,2024-07-19,1923,2024-07-22,True,-0.016979166666666545,0.0,2024,own,2023-12-31,0.4475784218996094
1195,1923,2024-07-22,1924,2024-07-23,True,-0.0581752675638445,0.0,2024,own,2023-12-31,0.4992556180373101
1196,1924,2024-07-23,1925,2024-07-24,True,-0.029027902790279003,0.0,2024,own,2023-12-31,0.5605430967841797
1197,1925,2024-07-24,1926,2024-07-25,True,-0.022016222479721792,0.0,2024,own,2023-12-31,0.5227665372689749
1198,1926,2024-07-25,1927,2024-07-26,True,0.00011848341232223447,1.0,2024,own,2023-12-31,0.5062665680793512
1199,1927,2024-07-26,1928,2024-07-29,True,-0.022035303873948586,0.0,2024,own,2023-12-31,0.4865314115553023
1200,1928,2024-07-29,1929,2024-07-30,True,0.005330102967898265,1.0,2024,own,2023-12-31,0.5113534402689608
1201,1929,2024-07-30,1930,2024-07-31,True,0.03602843716110393,1.0,2024,own,2023-12-31,0.462956292241248
1202,1930,2024-07-31,1931,2024-08-01,True,0.008839264945335934,1.0,2024,own,2023-12-31,0.4326307112544029
1203,1931,2024-08-01,1932,2024-08-02,True,-0.04242563984320957,0.0,2024,own,2023-12-31,0.47337767400936037
1204,1932,2024-08-02,1933,2024-08-05,True,-0.06501324343847825,0.0,2024,own,2023-12-31,0.5164125134845294
1205,1933,2024-08-05,1934,2024-08-06,True,0.0066958537213495095,1.0,2024,own,2023-12-31,0.5560443852747848
1206,1934,2024-08-06,1935,2024-08-07,True,-0.01573292402148896,0.0,2024,own,2023-12-31,0.4826523768720306
1207,1935,2024-08-07,1936,2024-08-08,True,0.008057179987004393,1.0,2024,own,2023-12-31,0.4944997882578851
1208,1936,2024-08-08,1937,2024-08-09,True,0.007090369988397738,1.0,2024,own,2023-12-31,0.46694038580424013
1209,1937,2024-08-09,1938,2024-08-12,True,0.0008960573476701761,1.0,2024,own,2023-12-31,0.4927219119158855
1210,1938,2024-08-12,1939,2024-08-13,True,0.009847806624888156,1.0,2024,own,2023-12-31,0.471196602095352
1211,1939,2024-08-13,1940,2024-08-14,True,-0.009245187436676683,0.0,2024,own,2023-12-31,0.46463928225783496
1212,1940,2024-08-14,1941,2024-08-15,True,0.006647066342835073,1.0,2024,own,2023-12-31,0.4848027244069542
1213,1941,2024-08-15,1942,2024-08-16,True,0.0019047619047620756,1.0,2024,own,2023-12-31,0.46362876113403945
1214,1942,2024-08-16,1943,2024-08-19,True,0.0010139416983523386,1.0,2024,own,2023-12-31,0.4744423348560259
1215,1943,2024-08-19,1944,2024-08-20,True,0.003165358318561795,1.0,2024,own,2023-12-31,0.47106589786852987
1216,1944,2024-08-20,1945,2024-08-21,True,-0.06613656443266447,0.0,2024,own,2023-12-31,0.46656666301017036
1217,1945,2024-08-21,1946,2024-08-22,True,-0.0045952155696714625,0.0,2024,own,2023-12-31,0.5655605628295653
1218,1946,2024-08-22,1947,2024-08-23,True,-0.01751527494908356,0.0,2024,own,2023-12-31,0.49875225698522535
1219,1947,2024-08-23,1948,2024-08-26,True,-0.014925373134328401,0.0,2024,own,2023-12-31,0.49788963118141677
1220,1948,2024-08-26,1949,2024-08-27,True,-0.014730639730639594,0.0,2024,own,2023-12-31,0.503708013739911
1221,1949,2024-08-27,1950,2024-08-28,True,-0.003986900185106168,0.0,2024,own,2023-12-31,0.49777925675452284
1222,1950,2024-08-28,1951,2024-08-29,True,0.0007147962830593713,1.0,2024,own,2023-12-31,0.47064378986838634
1223,1951,2024-08-29,1952,2024-08-30,True,0.03399999999999981,1.0,2024,own,2023-12-31,0.4680409547357318
1224,1952,2024-08-30,1953,2024-09-02,True,-0.053053329649074166,0.0,2024,own,2023-12-31,0.44080194093702685
1225,1953,2024-09-02,1954,2024-09-03,True,0.021593230230522176,1.0,2024,own,2023-12-31,0.530469537717948
1226,1954,2024-09-03,1955,2024-09-04,True,-0.016852327906312525,0.0,2024,own,2023-12-31,0.4506109683233604
1227,1955,2024-09-04,1956,2024-09-05,True,0.007989540964555397,1.0,2024,own,2023-12-31,0.4791953752877587
1228,1956,2024-09-05,1957,2024-09-06,True,-0.021761060671566468,0.0,2024,own,2023-12-31,0.45427540818680756
1229,1957,2024-09-06,1958,2024-09-09,True,-0.003535651149086605,0.0,2024,own,2023-12-31,0.4923324802088926
1230,1958,2024-09-09,1959,2024-09-10,True,0.004287403903016074,1.0,2024,own,2023-12-31,0.46406661425506535
1231,1959,2024-09-10,1960,2024-09-11,True,-0.00426910054467855,0.0,2024,own,2023-12-31,0.47083648532902217
1232,1960,2024-09-11,1961,2024-09-12,True,-0.012418687167356612,0.0,2024,own,2023-12-31,0.4690896665890597
1233,1961,2024-09-12,1962,2024-09-13,True,-0.022455089820359375,0.0,2024,own,2023-12-31,0.4817691051015221
1234,1962,2024-09-13,1963,2024-09-18,True,-0.007963246554364423,0.0,2024,own,2023-12-31,0.49451915306432964
1235,1963,2024-09-18,1964,2024-09-19,True,0.011268910157456125,1.0,2024,own,2023-12-31,0.4787228386115014
1236,1964,2024-09-19,1965,2024-09-20,True,-0.0033582659136009996,0.0,2024,own,2023-12-31,0.46484751518783124
1237,1965,2024-09-20,1966,2024-09-23,True,-0.0024506049931078966,0.0,2024,own,2023-12-31,0.44335809607670984
1238,1966,2024-09-23,1967,2024-09-24,True,0.05020727775218803,1.0,2024,own,2023-12-31,0.4467753675239629
1239,1967,2024-09-24,1968,2024-09-25,True,0.015350877192982448,1.0,2024,own,2023-12-31,0.41891348772012094
1240,1968,2024-09-25,1969,2024-09-26,True,0.08380129589632812,1.0,2024,own,2023-12-31,0.46233434116901306
1241,1969,2024-09-26,1970,2024-09-27,True,0.06815464328417709,1.0,2024,own,2023-12-31,0.40480190201575617
1242,1970,2024-09-27,1971,2024-09-30,True,0.09912935323383087,1.0,2024,own,2023-12-31,0.43026726366501966
1243,1971,2024-09-30,1972,2024-10-08,True,0.10003394817245681,1.0,2024,own,2023-12-31,0.450177265896024
1244,1972,2024-10-08,1973,2024-10-09,True,-0.04227960086410876,0.0,2024,own,2023-12-31,0.47146483872572686
1245,1973,2024-10-09,1974,2024-10-10,True,-0.05392051557465083,0.0,2024,own,2023-12-31,0.5761503846824982
1246,1974,2024-10-10,1975,2024-10-11,True,-0.04632152588555849,0.0,2024,own,2023-12-31,0.5989551334547092
1247,1975,2024-10-11,1976,2024-10-14,True,0.02523809523809528,1.0,2024,own,2023-12-31,0.5726116646579312
1248,1976,2024-10-14,1977,2024-10-15,True,-0.013005109150023286,0.0,2024,own,2023-12-31,0.5129362073221589
1249,1977,2024-10-15,1978,2024-10-16,True,-0.022588235294117687,0.0,2024,own,2023-12-31,0.5610868601468981
1250,1978,2024-10-16,1979,2024-10-17,True,-0.008305247953779515,0.0,2024,own,2023-12-31,0.5483737869245217
1251,1979,2024-10-17,1980,2024-10-18,True,0.06493506493506485,1.0,2024,own,2023-12-31,0.5486537788158456
1252,1980,2024-10-18,1981,2024-10-21,True,0.024846136311830413,1.0,2024,own,2023-12-31,0.46477520225207
1253,1981,2024-10-21,1982,2024-10-22,True,-0.01245551601423489,0.0,2024,own,2023-12-31,0.5536490393496555
1254,1982,2024-10-22,1983,2024-10-23,True,-0.009009009009008917,0.0,2024,own,2023-12-31,0.5365914894586006
1255,1983,2024-10-23,1984,2024-10-24,True,0.003409090909090917,1.0,2024,own,2023-12-31,0.5340885378367958
1256,1984,2024-10-24,1985,2024-10-25,True,0.00962627406568517,1.0,2024,own,2023-12-31,0.5204116664021341
1257,1985,2024-10-25,1986,2024-10-28,True,0.018059450364554364,1.0,2024,own,2023-12-31,0.530336158017782
1258,1986,2024-10-28,1987,2024-10-29,True,-0.0237990304098723,0.0,2024,own,2023-12-31,0.5213810290021557
1259,1987,2024-10-29,1988,2024-10-30,True,0.0018058690744922057,1.0,2024,own,2023-12-31,0.5619875897071279
1260,1988,2024-10-30,1989,2024-10-31,True,0.015885534024335124,1.0,2024,own,2023-12-31,0.5188380227622295
1261,1989,2024-10-31,1990,2024-11-01,True,-0.04291893090828436,0.0,2024,own,2023-12-31,0.5017120408178314
1262,1990,2024-11-01,1991,2024-11-04,True,0.042873696407879525,1.0,2024,own,2023-12-31,0.567786262248766
1263,1991,2024-11-04,1992,2024-11-05,True,0.023111111111111082,1.0,2024,own,2023-12-31,0.45538577369990213
1264,1992,2024-11-05,1993,2024-11-06,True,0.026498696785403952,1.0,2024,own,2023-12-31,0.46202992986496383
1265,1993,2024-11-06,1994,2024-11-07,True,0.022429115531104715,1.0,2024,own,2023-12-31,0.5180032578015181
1266,1994,2024-11-07,1995,2024-11-08,True,-0.012003311258278138,0.0,2024,own,2023-12-31,0.4573763563756131
1267,1995,2024-11-08,1996,2024-11-11,True,0.038332635106828716,1.0,2024,own,2023-12-31,0.5078561097938864
1268,1996,2024-11-11,1997,2024-11-12,True,-0.022997780915876564,0.0,2024,own,2023-12-31,0.444985927535439
1269,1997,2024-11-12,1998,2024-11-13,True,-0.005678298575263363,0.0,2024,own,2023-12-31,0.5172190395396222
1270,1998,2024-11-13,1999,2024-11-14,True,-0.04246703353753489,0.0,2024,own,2023-12-31,0.48590293812800023
1271,1999,2024-11-14,2000,2024-11-15,True,-0.0285187594881805,0.0,2024,own,2023-12-31,0.5428831397977741
1272,2000,2024-11-15,2001,2024-11-18,True,-0.0349369349257731,0.0,2024,own,2023-12-31,0.5161026348120629
1273,2001,2024-11-18,2002,2024-11-19,True,0.026601896830904748,1.0,2024,own,2023-12-31,0.5221365341354339
1274,2002,2024-11-19,2003,2024-11-20,True,-0.005069851284362326,0.0,2024,own,2023-12-31,0.4615522962670876
1275,2003,2024-11-20,2004,2024-11-21,True,0.00011323745895142068,1.0,2024,own,2023-12-31,0.48679500078850146
1276,2004,2024-11-21,2005,2024-11-22,True,-0.04461050724637683,0.0,2024,own,2023-12-31,0.48344303256980914
1277,2005,2024-11-22,2006,2024-11-25,True,-0.005570040293908507,0.0,2024,own,2023-12-31,0.5460814434628609
1278,2006,2024-11-25,2007,2024-11-26,True,-0.008223096174472588,0.0,2024,own,2023-12-31,0.497942890667658
1279,2007,2024-11-26,2008,2024-11-27,True,0.021389089161259367,1.0,2024,own,2023-12-31,0.4810940829519405
1280,2008,2024-11-27,2009,2024-11-28,True,0.002823529411764669,1.0,2024,own,2023-12-31,0.4626482631974182
1281,2009,2024-11-28,2010,2024-11-29,True,0.006335053965274673,1.0,2024,own,2023-12-31,0.4855109993031456
1282,2010,2024-11-29,2011,2024-12-02,True,-0.011657729074376344,0.0,2024,own,2023-12-31,0.47142161448712994
1283,2011,2024-12-02,2012,2024-12-03,True,-0.012502948808681413,0.0,2024,own,2023-12-31,0.478221826372335
1284,2012,2024-12-03,2013,2024-12-04,True,0.025680840898232304,1.0,2024,own,2023-12-31,0.49159971301167316
1285,2013,2024-12-04,2014,2024-12-05,True,-0.00919995341795743,0.0,2024,own,2023-12-31,0.47150445153461246
1286,2014,2024-12-05,2015,2024-12-06,True,0.010578279266572732,1.0,2024,own,2023-12-31,0.48480740152136187
1287,2015,2024-12-06,2016,2024-12-09,True,-0.030937427308676546,0.0,2024,own,2023-12-31,0.4603211754258767
1288,2016,2024-12-09,2017,2024-12-10,True,0.004440710513682111,1.0,2024,own,2023-12-31,0.5001622961854106
1289,2017,2024-12-10,2018,2024-12-11,True,0.0062134066196679605,1.0,2024,own,2023-12-31,0.4994638330066249
1290,2018,2024-12-11,2019,2024-12-12,True,0.00380002375014854,1.0,2024,own,2023-12-31,0.4649936508629114
1291,2019,2024-12-12,2020,2024-12-13,True,0.09996450964154757,1.0,2024,own,2023-12-31,0.4706434406424073
1292,2020,2024-12-13,2021,2024-12-16,True,0.03957840395784018,1.0,2024,own,2023-12-31,0.4057963928714771
1293,2021,2024-12-16,2022,2024-12-17,True,-0.030829712393958042,0.0,2024,own,2023-12-31,0.45214084207605193
1294,2022,2024-12-17,2023,2024-12-18,True,0.10002134927412443,1.0,2024,own,2023-12-31,0.5320010326493281
1295,2023,2024-12-18,2024,2024-12-19,True,0.08830664725861248,1.0,2024,own,2023-12-31,0.417598837699499
1296,2024,2024-12-19,2025,2024-12-20,True,0.009362460989745802,1.0,2024,own,2023-12-31,0.4676132854945902
1297,2025,2024-12-20,2026,2024-12-23,True,-0.05256183745583043,0.0,2024,own,2023-12-31,0.5092400336449714
1298,2026,2024-12-23,2027,2024-12-24,True,0.006993006993006867,1.0,2024,own,2023-12-31,0.6269162911372894
1299,2027,2024-12-24,2028,2024-12-25,True,0.016296296296296475,1.0,2024,own,2023-12-31,0.5344272883733862
1300,2028,2024-12-25,2029,2024-12-26,True,0.047740524781341165,1.0,2024,own,2023-12-31,0.5288268181565294
1301,2029,2024-12-26,2030,2024-12-27,True,-0.026434782608695695,0.0,2024,own,2023-12-31,0.47443136464545566
1302,2030,2024-12-27,2031,2024-12-30,True,0.016613076098606516,1.0,2024,own,2023-12-31,0.5699989711211251
1303,2031,2024-12-30,2032,2024-12-31,True,-0.06167633104902481,0.0,2024,own,2023-12-31,0.5122250154258294
1304,2032,2024-12-31,2033,2025-01-02,True,-0.03567415730337076,0.0,2024,own,2023-12-31,0.6108789931632915
1063,1791,2024-01-02,1792,2024-01-03,True,-0.04356523671927104,0.0,2024,market,2023-12-31,0.4484926783502556
1064,1792,2024-01-03,1793,2024-01-04,True,-0.05531024866372303,0.0,2024,market,2023-12-31,0.5057298845467171
1065,1793,2024-01-04,1794,2024-01-05,True,-0.019680196801967864,0.0,2024,market,2023-12-31,0.5303709358863333
1066,1794,2024-01-05,1795,2024-01-08,True,-0.026223337515683953,0.0,2024,market,2023-12-31,0.4722201846060936
1067,1795,2024-01-08,1796,2024-01-09,True,0.0011596443757249109,1.0,2024,market,2023-12-31,0.45412933607706457
1068,1796,2024-01-09,1797,2024-01-10,True,-0.01441441441441449,0.0,2024,market,2023-12-31,0.45546822620301597
1069,1797,2024-01-10,1798,2024-01-11,True,0.016714546879080583,1.0,2024,market,2023-12-31,0.44976401656237114
1070,1798,2024-01-11,1799,2024-01-12,True,-0.016182892370922297,0.0,2024,market,2023-12-31,0.4440446137889297
1071,1799,2024-01-12,1800,2024-01-15,True,-0.0006527415143602333,0.0,2024,market,2023-12-31,0.4694570433510416
1072,1800,2024-01-15,1801,2024-01-16,True,-0.0009144350097973764,0.0,2024,market,2023-12-31,0.4677230741459535
1073,1801,2024-01-16,1802,2024-01-17,True,-0.028111924686192613,0.0,2024,market,2023-12-31,0.5038344330733923
1074,1802,2024-01-17,1803,2024-01-18,True,0.021525628951971187,1.0,2024,market,2023-12-31,0.4571075695732975
1075,1803,2024-01-18,1804,2024-01-19,True,-0.00856051626498111,0.0,2024,market,2023-12-31,0.47656619130450717
1076,1804,2024-01-19,1805,2024-01-22,True,-0.039718384697130626,0.0,2024,market,2023-12-31,0.4790022577793538
1077,1805,2024-01-22,1806,2024-01-23,True,0.013003181629547722,1.0,2024,market,2023-12-31,0.49565965719143384
1078,1806,2024-01-23,1807,2024-01-24,True,-0.01543083435750392,0.0,2024,market,2023-12-31,0.46776774910916663
1079,1807,2024-01-24,1808,2024-01-25,True,0.02857142857142847,1.0,2024,market,2023-12-31,0.5469718302206564
1080,1808,2024-01-25,1809,2024-01-26,True,-0.07322006472491904,0.0,2024,market,2023-12-31,0.4872230776260971
1081,1809,2024-01-26,1810,2024-01-29,True,-0.02982685872253732,0.0,2024,market,2023-12-31,0.6043008606306806
1082,1810,2024-01-29,1811,2024-01-30,True,-0.01994601079784053,0.0,2024,market,2023-12-31,0.5215528546319177
1083,1811,2024-01-30,1812,2024-01-31,True,-0.04361132364192799,0.0,2024,market,2023-12-31,0.46146541240067374
1084,1812,2024-01-31,1813,2024-02-01,True,0.01295999999999986,1.0,2024,market,2023-12-31,0.5074539067165276
1085,1813,2024-02-01,1814,2024-02-02,True,-0.04943926709840463,0.0,2024,market,2023-12-31,0.44145459577695995
1086,1814,2024-02-02,1815,2024-02-05,True,-0.03755400465270853,0.0,2024,market,2023-12-31,0.5178989600969174
1087,1815,2024-02-05,1816,2024-02-06,True,0.06975138121546953,1.0,2024,market,2023-12-31,0.5432059671196824
1088,1816,2024-02-06,1817,2024-02-07,True,0.0054874112330534075,1.0,2024,market,2023-12-31,0.47477603405269364
1089,1817,2024-02-07,1818,2024-02-08,True,0.10000000000000009,1.0,2024,market,2023-12-31,0.5387001362581897
1090,1818,2024-02-08,1819,2024-02-19,True,-0.023055596089303965,0.0,2024,market,2023-12-31,0.41870179943888547
1091,1819,2024-02-19,1820,2024-02-20,True,0.0477968633308441,1.0,2024,market,2023-12-31,0.6205756574774765
1092,1820,2024-02-20,1821,2024-02-21,True,-0.012544547398432138,0.0,2024,market,2023-12-31,0.49101888449918923
1093,1821,2024-02-21,1822,2024-02-22,True,0.04720658293633617,1.0,2024,market,2023-12-31,0.5940699098280472
1094,1822,2024-02-22,1823,2024-02-23,True,-0.007719878687620696,0.0,2024,market,2023-12-31,0.5128402168060859
1095,1823,2024-02-23,1824,2024-02-26,True,-0.008613503751041973,0.0,2024,market,2023-12-31,0.5714636091294601
1096,1824,2024-02-26,1825,2024-02-27,True,0.03965807174887881,1.0,2024,market,2023-12-31,0.5450306287310444
1097,1825,2024-02-27,1826,2024-02-28,True,-0.057824504650222264,0.0,2024,market,2023-12-31,0.5181318966101528
1098,1826,2024-02-28,1827,2024-02-29,True,0.04821173104434884,1.0,2024,market,2023-12-31,0.6250635748479778
1099,1827,2024-02-29,1828,2024-03-01,True,0.033983895182202906,1.0,2024,market,2023-12-31,0.5296670361204214
1100,1828,2024-03-01,1829,2024-03-04,True,-0.01095564941921845,0.0,2024,market,2023-12-31,0.5320885322473687
1101,1829,2024-03-04,1830,2024-03-05,True,-0.008941678900306949,0.0,2024,market,2023-12-31,0.5477534277956044
1102,1830,2024-03-05,1831,2024-03-06,True,-0.019256665768920156,0.0,2024,market,2023-12-31,0.558593789567363
1103,1831,2024-03-06,1832,2024-03-07,True,-0.03171769875051489,0.0,2024,market,2023-12-31,0.5706492651081431
1104,1832,2024-03-07,1833,2024-03-08,True,0.015314804310833763,1.0,2024,market,2023-12-31,0.580633515008006
1105,1833,2024-03-08,1834,2024-03-11,True,0.04231843575418992,1.0,2024,market,2023-12-31,0.5316091496182307
1106,1834,2024-03-11,1835,2024-03-12,True,0.05855554066729218,1.0,2024,market,2023-12-31,0.5031847498799943
1107,1835,2024-03-12,1836,2024-03-13,True,-0.008227848101265978,0.0,2024,market,2023-12-31,0.4716413339580457
1108,1836,2024-03-13,1837,2024-03-14,True,-0.014932992980216775,0.0,2024,market,2023-12-31,0.5371638998078953
1109,1837,2024-03-14,1838,2024-03-15,True,0.003109613889608731,1.0,2024,market,2023-12-31,0.5341973496973612
1110,1838,2024-03-15,1839,2024-03-18,True,0.0060707827434771655,1.0,2024,market,2023-12-31,0.5210391708105292
1111,1839,2024-03-18,1840,2024-03-19,True,-0.008730260623956987,0.0,2024,market,2023-12-31,0.5332977331833012
1112,1840,2024-03-19,1841,2024-03-20,True,-0.0014246859215127916,0.0,2024,market,2023-12-31,0.5124807418002769
1113,1841,2024-03-20,1842,2024-03-21,True,0.039559014267185555,1.0,2024,market,2023-12-31,0.5069155900213687
1114,1842,2024-03-21,1843,2024-03-22,True,-0.02208359326263276,0.0,2024,market,2023-12-31,0.4753702934914568
1115,1843,2024-03-22,1844,2024-03-25,True,-0.061878030109721815,0.0,2024,market,2023-12-31,0.536424288868265
1116,1844,2024-03-25,1845,2024-03-26,True,0.039983680130559085,1.0,2024,market,2023-12-31,0.6081214501012518
1117,1845,2024-03-26,1846,2024-03-27,True,-0.0748005753890415,0.0,2024,market,2023-12-31,0.49352208166516537
1118,1846,2024-03-27,1847,2024-03-28,True,0.028268551236749095,1.0,2024,market,2023-12-31,0.6139114473117234
1119,1847,2024-03-28,1848,2024-03-29,True,-0.012096219931271412,0.0,2024,market,2023-12-31,0.49294035044033807
1120,1848,2024-03-29,1849,2024-04-01,True,0.007930986503408954,1.0,2024,market,2023-12-31,0.5500133820075368
1121,1849,2024-04-01,1850,2024-04-02,True,-0.007454445057978876,0.0,2024,market,2023-12-31,0.5572246809857275
1122,1850,2024-04-02,1851,2024-04-03,True,-0.004033379694019623,0.0,2024,market,2023-12-31,0.538169863699612
1123,1851,2024-04-03,1852,2024-04-08,True,-0.02611367127496167,0.0,2024,market,2023-12-31,0.5338551246842541
1124,1852,2024-04-08,1853,2024-04-09,True,0.001577287066246047,1.0,2024,market,2023-12-31,0.5423362408314071
1125,1853,2024-04-09,1854,2024-04-10,True,-0.049105225483178194,0.0,2024,market,2023-12-31,0.5208753459948795
1126,1854,2024-04-10,1855,2024-04-11,True,0.056609454983438834,1.0,2024,market,2023-12-31,0.5834328437764819
1127,1855,2024-04-11,1856,2024-04-12,True,0.05229410088344255,1.0,2024,market,2023-12-31,0.4454755714094854
1128,1856,2024-04-12,1857,2024-04-15,True,-0.008801624915368844,0.0,2024,market,2023-12-31,0.4362047613254292
1129,1857,2024-04-15,1858,2024-04-16,True,-0.05915300546448088,0.0,2024,market,2023-12-31,0.5964535531310778
1130,1858,2024-04-16,1859,2024-04-17,True,0.10004356033105855,1.0,2024,market,2023-12-31,0.604820850830582
1131,1859,2024-04-17,1860,2024-04-18,True,0.0031678986272438703,1.0,2024,market,2023-12-31,0.4734471678923191
1132,1860,2024-04-18,1861,2024-04-19,True,-0.025131578947368394,0.0,2024,market,2023-12-31,0.566205422657959
1133,1861,2024-04-19,1862,2024-04-22,True,0.025239573491699252,1.0,2024,market,2023-12-31,0.5768015317360629
1134,1862,2024-04-22,1863,2024-04-23,True,-0.019220642443391167,0.0,2024,market,2023-12-31,0.4903512665860499
1135,1863,2024-04-23,1864,2024-04-24,True,0.04563758389261752,1.0,2024,market,2023-12-31,0.5563296418511043
1136,1864,2024-04-24,1865,2024-04-25,True,-0.010141206675224668,0.0,2024,market,2023-12-31,0.494573473165188
1137,1865,2024-04-25,1866,2024-04-26,True,0.020619893658410104,1.0,2024,market,2023-12-31,0.5603221163810143
1138,1866,2024-04-26,1867,2024-04-29,True,0.0006353240152476847,1.0,2024,market,2023-12-31,0.5465618434213404
1139,1867,2024-04-29,1868,2024-04-30,True,0.0,0.0,2024,market,2023-12-31,0.5773101175098548
1140,1868,2024-04-30,1869,2024-05-06,True,0.04050793650793638,1.0,2024,market,2023-12-31,0.5242774944721362
1141,1869,2024-05-06,1870,2024-05-07,True,0.025506468147424854,1.0,2024,market,2023-12-31,0.5220475082573812
1142,1870,2024-05-07,1871,2024-05-08,True,-0.024277043912888208,0.0,2024,market,2023-12-31,0.509954985567127
1143,1871,2024-05-08,1872,2024-05-09,True,0.007317965605561749,1.0,2024,market,2023-12-31,0.5555325506457454
1144,1872,2024-05-09,1873,2024-05-10,True,-0.0012108003390242095,0.0,2024,market,2023-12-31,0.554927522376475
1145,1873,2024-05-10,1874,2024-05-13,True,0.046429870287307606,1.0,2024,market,2023-12-31,0.5656237061431677
1146,1874,2024-05-13,1875,2024-05-14,True,0.0034754402224281833,1.0,2024,market,2023-12-31,0.4703290741629738
1147,1875,2024-05-14,1876,2024-05-15,True,-0.03694296929115681,0.0,2024,market,2023-12-31,0.5131591283431365
1148,1876,2024-05-15,1877,2024-05-16,True,-0.02241668664588825,0.0,2024,market,2023-12-31,0.5543966860155434
1149,1877,2024-05-16,1878,2024-05-17,True,0.016186388718577582,1.0,2024,market,2023-12-31,0.572890729941806
1150,1878,2024-05-17,1879,2024-05-20,True,-0.002292747677084539,0.0,2024,market,2023-12-31,0.5149075244721488
1151,1879,2024-05-20,1880,2024-05-21,True,0.002902757619738683,1.0,2024,market,2023-12-31,0.49425154295363705
1152,1880,2024-05-21,1881,2024-05-22,True,-0.004703328509406579,0.0,2024,market,2023-12-31,0.46716939026373905
1153,1881,2024-05-22,1882,2024-05-23,True,-0.015388343632618318,0.0,2024,market,2023-12-31,0.49628639532405144
1154,1882,2024-05-23,1883,2024-05-24,True,-0.03273443268520815,0.0,2024,market,2023-12-31,0.46402508208646237
1155,1883,2024-05-24,1884,2024-05-27,True,0.03664122137404613,1.0,2024,market,2023-12-31,0.5093543506493293
1156,1884,2024-05-27,1885,2024-05-28,True,0.0025773195876286348,1.0,2024,market,2023-12-31,0.45517129225453035
1157,1885,2024-05-28,1886,2024-05-29,True,-0.015301750520259394,0.0,2024,market,2023-12-31,0.4641197653500733
1158,1886,2024-05-29,1887,2024-05-30,True,0.0241173545499751,1.0,2024,market,2023-12-31,0.49352663148118275
1159,1887,2024-05-30,1888,2024-05-31,True,0.008861374119932153,1.0,2024,market,2023-12-31,0.4161822350480466
1160,1888,2024-05-31,1889,2024-06-03,True,0.036818674046444455,1.0,2024,market,2023-12-31,0.4502783572547443
1161,1889,2024-06-03,1890,2024-06-04,True,-0.01009632122548454,0.0,2024,market,2023-12-31,0.42806779135040224
1162,1890,2024-06-04,1891,2024-06-05,True,-0.006213364595545112,0.0,2024,market,2023-12-31,0.49167109975206674
1163,1891,2024-06-05,1892,2024-06-06,True,-0.019110534387165257,0.0,2024,market,2023-12-31,0.45588420846193795
1164,1892,2024-06-06,1893,2024-06-07,True,0.0037282020444977526,1.0,2024,market,2023-12-31,0.5072004507847407
1165,1893,2024-06-07,1894,2024-06-11,True,0.049125329499161374,1.0,2024,market,2023-12-31,0.4414412029218465
1166,1894,2024-06-11,1895,2024-06-12,True,-0.010963910461397997,0.0,2024,market,2023-12-31,0.36841046439539366
1167,1895,2024-06-12,1896,2024-06-13,True,0.02771362586605086,1.0,2024,market,2023-12-31,0.47490993665104964
1168,1896,2024-06-13,1897,2024-06-14,True,0.018651685393258566,1.0,2024,market,2023-12-31,0.4179596181120741
1169,1897,2024-06-14,1898,2024-06-17,True,0.03992940657401278,1.0,2024,market,2023-12-31,0.43077427524830403
1170,1898,2024-06-17,1899,2024-06-18,True,-0.007212558336868957,0.0,2024,market,2023-12-31,0.39698878469024856
1171,1899,2024-06-18,1900,2024-06-19,True,0.011858974358974317,1.0,2024,market,2023-12-31,0.470048464143082
1172,1900,2024-06-19,1901,2024-06-20,True,-0.018055115616091078,0.0,2024,market,2023-12-31,0.439230504727837
1173,1901,2024-06-20,1902,2024-06-21,True,0.016129032258064502,1.0,2024,market,2023-12-31,0.45362806243909026
1174,1902,2024-06-21,1903,2024-06-24,True,-0.021693121693121542,0.0,2024,market,2023-12-31,0.40631648718526914
1175,1903,2024-06-24,1904,2024-06-25,True,-0.027041644131963305,0.0,2024,market,2023-12-31,0.4551605795122109
1176,1904,2024-06-25,1905,2024-06-26,True,0.036131183991106264,1.0,2024,market,2023-12-31,0.46713784306315664
1177,1905,2024-06-26,1906,2024-06-27,True,0.010729613733905685,1.0,2024,market,2023-12-31,0.39980526823351603
1178,1906,2024-06-27,1907,2024-06-28,True,0.015074309978768463,1.0,2024,market,2023-12-31,0.4103702964955979
1179,1907,2024-06-28,1908,2024-07-01,True,-0.012654256431708921,0.0,2024,market,2023-12-31,0.41275086789816356
1180,1908,2024-07-01,1909,2024-07-02,True,-0.044486812837623124,0.0,2024,market,2023-12-31,0.4655748712876213
1181,1909,2024-07-02,1910,2024-07-03,True,0.016406163396519124,1.0,2024,market,2023-12-31,0.499276851589122
1182,1910,2024-07-03,1911,2024-07-04,True,-0.0009815683280619547,0.0,2024,market,2023-12-31,0.4072532772331274
1183,1911,2024-07-04,1912,2024-07-05,True,0.0026200873362445254,1.0,2024,market,2023-12-31,0.42544107470630965
1184,1912,2024-07-05,1913,2024-07-08,True,0.0013066202090592505,1.0,2024,market,2023-12-31,0.4160289000297935
1185,1913,2024-07-08,1914,2024-07-09,True,0.04849934754240981,1.0,2024,market,2023-12-31,0.4131574133515816
1186,1914,2024-07-09,1915,2024-07-10,True,0.0064302012030699185,1.0,2024,market,2023-12-31,0.39525221364365876
1187,1915,2024-07-10,1916,2024-07-11,True,0.008037922506182849,1.0,2024,market,2023-12-31,0.4165607066943051
1188,1916,2024-07-11,1917,2024-07-12,True,-0.004804743406256251,0.0,2024,market,2023-12-31,0.4602823951378766
1189,1917,2024-07-12,1918,2024-07-15,True,-0.0015408320493066618,0.0,2024,market,2023-12-31,0.43257024185260645
1190,1918,2024-07-15,1919,2024-07-16,True,0.00812757201646086,1.0,2024,market,2023-12-31,0.42587719367162824
1191,1919,2024-07-16,1920,2024-07-17,True,-0.02030819471374623,0.0,2024,market,2023-12-31,0.43349434012261834
1192,1920,2024-07-17,1921,2024-07-18,True,-0.02083333333333337,0.0,2024,market,2023-12-31,0.4650291659494927
1193,1921,2024-07-18,1922,2024-07-19,True,0.02127659574468077,1.0,2024,market,2023-12-31,0.4964672476508368
1194,1922,2024-07-19,1923,2024-07-22,True,-0.016979166666666545,0.0,2024,market,2023-12-31,0.4369140580056125
1195,1923,2024-07-22,1924,2024-07-23,True,-0.0581752675638445,0.0,2024,market,2023-12-31,0.46366910173279474
1196,1924,2024-07-23,1925,2024-07-24,True,-0.029027902790279003,0.0,2024,market,2023-12-31,0.4995770398718856
1197,1925,2024-07-24,1926,2024-07-25,True,-0.022016222479721792,0.0,2024,market,2023-12-31,0.4905874116183694
1198,1926,2024-07-25,1927,2024-07-26,True,0.00011848341232223447,1.0,2024,market,2023-12-31,0.4646683716159984
1199,1927,2024-07-26,1928,2024-07-29,True,-0.022035303873948586,0.0,2024,market,2023-12-31,0.45140475138853237
1200,1928,2024-07-29,1929,2024-07-30,True,0.005330102967898265,1.0,2024,market,2023-12-31,0.46604329556558977
1201,1929,2024-07-30,1930,2024-07-31,True,0.03602843716110393,1.0,2024,market,2023-12-31,0.3962453939885422
1202,1930,2024-07-31,1931,2024-08-01,True,0.008839264945335934,1.0,2024,market,2023-12-31,0.44465116412600003
1203,1931,2024-08-01,1932,2024-08-02,True,-0.04242563984320957,0.0,2024,market,2023-12-31,0.42535863357596665
1204,1932,2024-08-02,1933,2024-08-05,True,-0.06501324343847825,0.0,2024,market,2023-12-31,0.47742485510153304
1205,1933,2024-08-05,1934,2024-08-06,True,0.0066958537213495095,1.0,2024,market,2023-12-31,0.5324727254505974
1206,1934,2024-08-06,1935,2024-08-07,True,-0.01573292402148896,0.0,2024,market,2023-12-31,0.44351922923809395
1207,1935,2024-08-07,1936,2024-08-08,True,0.008057179987004393,1.0,2024,market,2023-12-31,0.4709255803907302
1208,1936,2024-08-08,1937,2024-08-09,True,0.007090369988397738,1.0,2024,market,2023-12-31,0.4425169832760094
1209,1937,2024-08-09,1938,2024-08-12,True,0.0008960573476701761,1.0,2024,market,2023-12-31,0.4460976751588657
1210,1938,2024-08-12,1939,2024-08-13,True,0.009847806624888156,1.0,2024,market,2023-12-31,0.43440416152953887
1211,1939,2024-08-13,1940,2024-08-14,True,-0.009245187436676683,0.0,2024,market,2023-12-31,0.4249396576181764
1212,1940,2024-08-14,1941,2024-08-15,True,0.006647066342835073,1.0,2024,market,2023-12-31,0.42805106888684497
1213,1941,2024-08-15,1942,2024-08-16,True,0.0019047619047620756,1.0,2024,market,2023-12-31,0.44005517213562595
1214,1942,2024-08-16,1943,2024-08-19,True,0.0010139416983523386,1.0,2024,market,2023-12-31,0.43642558714463714
1215,1943,2024-08-19,1944,2024-08-20,True,0.003165358318561795,1.0,2024,market,2023-12-31,0.4465369350668631
1216,1944,2024-08-20,1945,2024-08-21,True,-0.06613656443266447,0.0,2024,market,2023-12-31,0.39967123595734316
1217,1945,2024-08-21,1946,2024-08-22,True,-0.0045952155696714625,0.0,2024,market,2023-12-31,0.5520705123000849
1218,1946,2024-08-22,1947,2024-08-23,True,-0.01751527494908356,0.0,2024,market,2023-12-31,0.45323088681840545
1219,1947,2024-08-23,1948,2024-08-26,True,-0.014925373134328401,0.0,2024,market,2023-12-31,0.4856497142981515
1220,1948,2024-08-26,1949,2024-08-27,True,-0.014730639730639594,0.0,2024,market,2023-12-31,0.47499674320019436
1221,1949,2024-08-27,1950,2024-08-28,True,-0.003986900185106168,0.0,2024,market,2023-12-31,0.46046910932471774
1222,1950,2024-08-28,1951,2024-08-29,True,0.0007147962830593713,1.0,2024,market,2023-12-31,0.4230820813570473
1223,1951,2024-08-29,1952,2024-08-30,True,0.03399999999999981,1.0,2024,market,2023-12-31,0.43420733528652533
1224,1952,2024-08-30,1953,2024-09-02,True,-0.053053329649074166,0.0,2024,market,2023-12-31,0.439285518691687
1225,1953,2024-09-02,1954,2024-09-03,True,0.021593230230522176,1.0,2024,market,2023-12-31,0.4756741684912437
1226,1954,2024-09-03,1955,2024-09-04,True,-0.016852327906312525,0.0,2024,market,2023-12-31,0.4241254964890186
1227,1955,2024-09-04,1956,2024-09-05,True,0.007989540964555397,1.0,2024,market,2023-12-31,0.45053160917997426
1228,1956,2024-09-05,1957,2024-09-06,True,-0.021761060671566468,0.0,2024,market,2023-12-31,0.4305350946857504
1229,1957,2024-09-06,1958,2024-09-09,True,-0.003535651149086605,0.0,2024,market,2023-12-31,0.45253700660406365
1230,1958,2024-09-09,1959,2024-09-10,True,0.004287403903016074,1.0,2024,market,2023-12-31,0.4198787093529516
1231,1959,2024-09-10,1960,2024-09-11,True,-0.00426910054467855,0.0,2024,market,2023-12-31,0.44732692478410785
1232,1960,2024-09-11,1961,2024-09-12,True,-0.012418687167356612,0.0,2024,market,2023-12-31,0.446018057368757
1233,1961,2024-09-12,1962,2024-09-13,True,-0.022455089820359375,0.0,2024,market,2023-12-31,0.4479812519715078
1234,1962,2024-09-13,1963,2024-09-18,True,-0.007963246554364423,0.0,2024,market,2023-12-31,0.4746774597619855
1235,1963,2024-09-18,1964,2024-09-19,True,0.011268910157456125,1.0,2024,market,2023-12-31,0.47724731966484113
1236,1964,2024-09-19,1965,2024-09-20,True,-0.0033582659136009996,0.0,2024,market,2023-12-31,0.47233785581124305
1237,1965,2024-09-20,1966,2024-09-23,True,-0.0024506049931078966,0.0,2024,market,2023-12-31,0.425814165730211
1238,1966,2024-09-23,1967,2024-09-24,True,0.05020727775218803,1.0,2024,market,2023-12-31,0.44707587431532764
1239,1967,2024-09-24,1968,2024-09-25,True,0.015350877192982448,1.0,2024,market,2023-12-31,0.4883797098867114
1240,1968,2024-09-25,1969,2024-09-26,True,0.08380129589632812,1.0,2024,market,2023-12-31,0.5160428429295337
1241,1969,2024-09-26,1970,2024-09-27,True,0.06815464328417709,1.0,2024,market,2023-12-31,0.48187429732168113
1242,1970,2024-09-27,1971,2024-09-30,True,0.09912935323383087,1.0,2024,market,2023-12-31,0.523011477913908
1243,1971,2024-09-30,1972,2024-10-08,True,0.10003394817245681,1.0,2024,market,2023-12-31,0.5353910526696051
1244,1972,2024-10-08,1973,2024-10-09,True,-0.04227960086410876,0.0,2024,market,2023-12-31,0.5628737134373609
1245,1973,2024-10-09,1974,2024-10-10,True,-0.05392051557465083,0.0,2024,market,2023-12-31,0.5508808889124824
1246,1974,2024-10-10,1975,2024-10-11,True,-0.04632152588555849,0.0,2024,market,2023-12-31,0.6836982369748348
1247,1975,2024-10-11,1976,2024-10-14,True,0.02523809523809528,1.0,2024,market,2023-12-31,0.5731677656951346
1248,1976,2024-10-14,1977,2024-10-15,True,-0.013005109150023286,0.0,2024,market,2023-12-31,0.5862115328836716
1249,1977,2024-10-15,1978,2024-10-16,True,-0.022588235294117687,0.0,2024,market,2023-12-31,0.5243656052309678
1250,1978,2024-10-16,1979,2024-10-17,True,-0.008305247953779515,0.0,2024,market,2023-12-31,0.5750465313245471
1251,1979,2024-10-17,1980,2024-10-18,True,0.06493506493506485,1.0,2024,market,2023-12-31,0.5442385695927753
1252,1980,2024-10-18,1981,2024-10-21,True,0.024846136311830413,1.0,2024,market,2023-12-31,0.5480315742843819
1253,1981,2024-10-21,1982,2024-10-22,True,-0.01245551601423489,0.0,2024,market,2023-12-31,0.5679388793166315
1254,1982,2024-10-22,1983,2024-10-23,True,-0.009009009009008917,0.0,2024,market,2023-12-31,0.5883806603676723
1255,1983,2024-10-23,1984,2024-10-24,True,0.003409090909090917,1.0,2024,market,2023-12-31,0.581550907899069
1256,1984,2024-10-24,1985,2024-10-25,True,0.00962627406568517,1.0,2024,market,2023-12-31,0.5232245824360138
1257,1985,2024-10-25,1986,2024-10-28,True,0.018059450364554364,1.0,2024,market,2023-12-31,0.5658951317213899
1258,1986,2024-10-28,1987,2024-10-29,True,-0.0237990304098723,0.0,2024,market,2023-12-31,0.5414108554182131
1259,1987,2024-10-29,1988,2024-10-30,True,0.0018058690744922057,1.0,2024,market,2023-12-31,0.559784486396297
1260,1988,2024-10-30,1989,2024-10-31,True,0.015885534024335124,1.0,2024,market,2023-12-31,0.507903703106044
1261,1989,2024-10-31,1990,2024-11-01,True,-0.04291893090828436,0.0,2024,market,2023-12-31,0.5077344231771489
1262,1990,2024-11-01,1991,2024-11-04,True,0.042873696407879525,1.0,2024,market,2023-12-31,0.598201734622091
1263,1991,2024-11-04,1992,2024-11-05,True,0.023111111111111082,1.0,2024,market,2023-12-31,0.4803638856779198
1264,1992,2024-11-05,1993,2024-11-06,True,0.026498696785403952,1.0,2024,market,2023-12-31,0.5287392542004823
1265,1993,2024-11-06,1994,2024-11-07,True,0.022429115531104715,1.0,2024,market,2023-12-31,0.5101962426873005
1266,1994,2024-11-07,1995,2024-11-08,True,-0.012003311258278138,0.0,2024,market,2023-12-31,0.5307951157315066
1267,1995,2024-11-08,1996,2024-11-11,True,0.038332635106828716,1.0,2024,market,2023-12-31,0.5056857928292318
1268,1996,2024-11-11,1997,2024-11-12,True,-0.022997780915876564,0.0,2024,market,2023-12-31,0.46352186982724786
1269,1997,2024-11-12,1998,2024-11-13,True,-0.005678298575263363,0.0,2024,market,2023-12-31,0.5160153483734209
1270,1998,2024-11-13,1999,2024-11-14,True,-0.04246703353753489,0.0,2024,market,2023-12-31,0.5207968607439382
1271,1999,2024-11-14,2000,2024-11-15,True,-0.0285187594881805,0.0,2024,market,2023-12-31,0.5321460176315133
1272,2000,2024-11-15,2001,2024-11-18,True,-0.0349369349257731,0.0,2024,market,2023-12-31,0.494879512742954
1273,2001,2024-11-18,2002,2024-11-19,True,0.026601896830904748,1.0,2024,market,2023-12-31,0.5311166516783128
1274,2002,2024-11-19,2003,2024-11-20,True,-0.005069851284362326,0.0,2024,market,2023-12-31,0.47543266278947033
1275,2003,2024-11-20,2004,2024-11-21,True,0.00011323745895142068,1.0,2024,market,2023-12-31,0.504804171966036
1276,2004,2024-11-21,2005,2024-11-22,True,-0.04461050724637683,0.0,2024,market,2023-12-31,0.5026572051057713
1277,2005,2024-11-22,2006,2024-11-25,True,-0.005570040293908507,0.0,2024,market,2023-12-31,0.5008851693803577
1278,2006,2024-11-25,2007,2024-11-26,True,-0.008223096174472588,0.0,2024,market,2023-12-31,0.4996362930275417
1279,2007,2024-11-26,2008,2024-11-27,True,0.021389089161259367,1.0,2024,market,2023-12-31,0.48623372725757946
1280,2008,2024-11-27,2009,2024-11-28,True,0.002823529411764669,1.0,2024,market,2023-12-31,0.5092186045578483
1281,2009,2024-11-28,2010,2024-11-29,True,0.006335053965274673,1.0,2024,market,2023-12-31,0.4728046973505256
1282,2010,2024-11-29,2011,2024-12-02,True,-0.011657729074376344,0.0,2024,market,2023-12-31,0.5102011688674165
1283,2011,2024-12-02,2012,2024-12-03,True,-0.012502948808681413,0.0,2024,market,2023-12-31,0.5314451908567457
1284,2012,2024-12-03,2013,2024-12-04,True,0.025680840898232304,1.0,2024,market,2023-12-31,0.5176411592023704
1285,2013,2024-12-04,2014,2024-12-05,True,-0.00919995341795743,0.0,2024,market,2023-12-31,0.45881042252125115
1286,2014,2024-12-05,2015,2024-12-06,True,0.010578279266572732,1.0,2024,market,2023-12-31,0.49897537883959137
1287,2015,2024-12-06,2016,2024-12-09,True,-0.030937427308676546,0.0,2024,market,2023-12-31,0.5033122767924555
1288,2016,2024-12-09,2017,2024-12-10,True,0.004440710513682111,1.0,2024,market,2023-12-31,0.5373463728516693
1289,2017,2024-12-10,2018,2024-12-11,True,0.0062134066196679605,1.0,2024,market,2023-12-31,0.5325509807324319
1290,2018,2024-12-11,2019,2024-12-12,True,0.00380002375014854,1.0,2024,market,2023-12-31,0.48738476355417115
1291,2019,2024-12-12,2020,2024-12-13,True,0.09996450964154757,1.0,2024,market,2023-12-31,0.51951290776543
1292,2020,2024-12-13,2021,2024-12-16,True,0.03957840395784018,1.0,2024,market,2023-12-31,0.35164520665064614
1293,2021,2024-12-16,2022,2024-12-17,True,-0.030829712393958042,0.0,2024,market,2023-12-31,0.4528373941525123
1294,2022,2024-12-17,2023,2024-12-18,True,0.10002134927412443,1.0,2024,market,2023-12-31,0.5734605156236153
1295,2023,2024-12-18,2024,2024-12-19,True,0.08830664725861248,1.0,2024,market,2023-12-31,0.4205891086544538
1296,2024,2024-12-19,2025,2024-12-20,True,0.009362460989745802,1.0,2024,market,2023-12-31,0.43918921705299524
1297,2025,2024-12-20,2026,2024-12-23,True,-0.05256183745583043,0.0,2024,market,2023-12-31,0.5087676975878972
1298,2026,2024-12-23,2027,2024-12-24,True,0.006993006993006867,1.0,2024,market,2023-12-31,0.6426404643905874
1299,2027,2024-12-24,2028,2024-12-25,True,0.016296296296296475,1.0,2024,market,2023-12-31,0.5695023697153094
1300,2028,2024-12-25,2029,2024-12-26,True,0.047740524781341165,1.0,2024,market,2023-12-31,0.5231520884606727
1301,2029,2024-12-26,2030,2024-12-27,True,-0.026434782608695695,0.0,2024,market,2023-12-31,0.457776174566155
1302,2030,2024-12-27,2031,2024-12-30,True,0.016613076098606516,1.0,2024,market,2023-12-31,0.5613468690562554
1303,2031,2024-12-30,2032,2024-12-31,True,-0.06167633104902481,0.0,2024,market,2023-12-31,0.48786120230126373
1304,2032,2024-12-31,2033,2025-01-02,True,-0.03567415730337076,0.0,2024,market,2023-12-31,0.5639922185535633
1063,1791,2024-01-02,1792,2024-01-03,True,-0.04356523671927104,0.0,2024,sector,2023-12-31,0.4652364349721268
1064,1792,2024-01-03,1793,2024-01-04,True,-0.05531024866372303,0.0,2024,sector,2023-12-31,0.5002405990127643
1065,1793,2024-01-04,1794,2024-01-05,True,-0.019680196801967864,0.0,2024,sector,2023-12-31,0.5742372907880323
1066,1794,2024-01-05,1795,2024-01-08,True,-0.026223337515683953,0.0,2024,sector,2023-12-31,0.4942292609679063
1067,1795,2024-01-08,1796,2024-01-09,True,0.0011596443757249109,1.0,2024,sector,2023-12-31,0.460939331915374
1068,1796,2024-01-09,1797,2024-01-10,True,-0.01441441441441449,0.0,2024,sector,2023-12-31,0.4649185817922189
1069,1797,2024-01-10,1798,2024-01-11,True,0.016714546879080583,1.0,2024,sector,2023-12-31,0.469942975729835
1070,1798,2024-01-11,1799,2024-01-12,True,-0.016182892370922297,0.0,2024,sector,2023-12-31,0.4597243065280747
1071,1799,2024-01-12,1800,2024-01-15,True,-0.0006527415143602333,0.0,2024,sector,2023-12-31,0.47388436483175983
1072,1800,2024-01-15,1801,2024-01-16,True,-0.0009144350097973764,0.0,2024,sector,2023-12-31,0.48976980535503994
1073,1801,2024-01-16,1802,2024-01-17,True,-0.028111924686192613,0.0,2024,sector,2023-12-31,0.49603345864619725
1074,1802,2024-01-17,1803,2024-01-18,True,0.021525628951971187,1.0,2024,sector,2023-12-31,0.49569967670628345
1075,1803,2024-01-18,1804,2024-01-19,True,-0.00856051626498111,0.0,2024,sector,2023-12-31,0.4740441016065406
1076,1804,2024-01-19,1805,2024-01-22,True,-0.039718384697130626,0.0,2024,sector,2023-12-31,0.4960095562227264
1077,1805,2024-01-22,1806,2024-01-23,True,0.013003181629547722,1.0,2024,sector,2023-12-31,0.529936936927706
1078,1806,2024-01-23,1807,2024-01-24,True,-0.01543083435750392,0.0,2024,sector,2023-12-31,0.48887487348886094
1079,1807,2024-01-24,1808,2024-01-25,True,0.02857142857142847,1.0,2024,sector,2023-12-31,0.5492603310495374
1080,1808,2024-01-25,1809,2024-01-26,True,-0.07322006472491904,0.0,2024,sector,2023-12-31,0.4879796577565191
1081,1809,2024-01-26,1810,2024-01-29,True,-0.02982685872253732,0.0,2024,sector,2023-12-31,0.6102782730996837
1082,1810,2024-01-29,1811,2024-01-30,True,-0.01994601079784053,0.0,2024,sector,2023-12-31,0.5451431570214086
1083,1811,2024-01-30,1812,2024-01-31,True,-0.04361132364192799,0.0,2024,sector,2023-12-31,0.47204246309231235
1084,1812,2024-01-31,1813,2024-02-01,True,0.01295999999999986,1.0,2024,sector,2023-12-31,0.5525479419285136
1085,1813,2024-02-01,1814,2024-02-02,True,-0.04943926709840463,0.0,2024,sector,2023-12-31,0.4645515971049912
1086,1814,2024-02-02,1815,2024-02-05,True,-0.03755400465270853,0.0,2024,sector,2023-12-31,0.5267494507761847
1087,1815,2024-02-05,1816,2024-02-06,True,0.06975138121546953,1.0,2024,sector,2023-12-31,0.5748783043036803
1088,1816,2024-02-06,1817,2024-02-07,True,0.0054874112330534075,1.0,2024,sector,2023-12-31,0.49180197393938885
1089,1817,2024-02-07,1818,2024-02-08,True,0.10000000000000009,1.0,2024,sector,2023-12-31,0.5539893260253143
1090,1818,2024-02-08,1819,2024-02-19,True,-0.023055596089303965,0.0,2024,sector,2023-12-31,0.3927892787352698
1091,1819,2024-02-19,1820,2024-02-20,True,0.0477968633308441,1.0,2024,sector,2023-12-31,0.6454408496033525
1092,1820,2024-02-20,1821,2024-02-21,True,-0.012544547398432138,0.0,2024,sector,2023-12-31,0.41707923236963557
1093,1821,2024-02-21,1822,2024-02-22,True,0.04720658293633617,1.0,2024,sector,2023-12-31,0.5441436020931747
1094,1822,2024-02-22,1823,2024-02-23,True,-0.007719878687620696,0.0,2024,sector,2023-12-31,0.4591126997379905
1095,1823,2024-02-23,1824,2024-02-26,True,-0.008613503751041973,0.0,2024,sector,2023-12-31,0.557115915128695
1096,1824,2024-02-26,1825,2024-02-27,True,0.03965807174887881,1.0,2024,sector,2023-12-31,0.5658453134795993
1097,1825,2024-02-27,1826,2024-02-28,True,-0.057824504650222264,0.0,2024,sector,2023-12-31,0.5325629616430567
1098,1826,2024-02-28,1827,2024-02-29,True,0.04821173104434884,1.0,2024,sector,2023-12-31,0.600451492876614
1099,1827,2024-02-29,1828,2024-03-01,True,0.033983895182202906,1.0,2024,sector,2023-12-31,0.5473884942952104
1100,1828,2024-03-01,1829,2024-03-04,True,-0.01095564941921845,0.0,2024,sector,2023-12-31,0.5178032242857165
1101,1829,2024-03-04,1830,2024-03-05,True,-0.008941678900306949,0.0,2024,sector,2023-12-31,0.5532501585003102
1102,1830,2024-03-05,1831,2024-03-06,True,-0.019256665768920156,0.0,2024,sector,2023-12-31,0.524675792173349
1103,1831,2024-03-06,1832,2024-03-07,True,-0.03171769875051489,0.0,2024,sector,2023-12-31,0.5535967449113709
1104,1832,2024-03-07,1833,2024-03-08,True,0.015314804310833763,1.0,2024,sector,2023-12-31,0.5576158986355138
1105,1833,2024-03-08,1834,2024-03-11,True,0.04231843575418992,1.0,2024,sector,2023-12-31,0.5416042933166926
1106,1834,2024-03-11,1835,2024-03-12,True,0.05855554066729218,1.0,2024,sector,2023-12-31,0.4374908632679698
1107,1835,2024-03-12,1836,2024-03-13,True,-0.008227848101265978,0.0,2024,sector,2023-12-31,0.3864579263933003
1108,1836,2024-03-13,1837,2024-03-14,True,-0.014932992980216775,0.0,2024,sector,2023-12-31,0.5127749571009937
1109,1837,2024-03-14,1838,2024-03-15,True,0.003109613889608731,1.0,2024,sector,2023-12-31,0.47375731532917886
1110,1838,2024-03-15,1839,2024-03-18,True,0.0060707827434771655,1.0,2024,sector,2023-12-31,0.4716000625792487
1111,1839,2024-03-18,1840,2024-03-19,True,-0.008730260623956987,0.0,2024,sector,2023-12-31,0.5000244159063842
1112,1840,2024-03-19,1841,2024-03-20,True,-0.0014246859215127916,0.0,2024,sector,2023-12-31,0.4666044377065165
1113,1841,2024-03-20,1842,2024-03-21,True,0.039559014267185555,1.0,2024,sector,2023-12-31,0.4539896125670595
1114,1842,2024-03-21,1843,2024-03-22,True,-0.02208359326263276,0.0,2024,sector,2023-12-31,0.4164979829436796
1115,1843,2024-03-22,1844,2024-03-25,True,-0.061878030109721815,0.0,2024,sector,2023-12-31,0.5139106837840794
1116,1844,2024-03-25,1845,2024-03-26,True,0.039983680130559085,1.0,2024,sector,2023-12-31,0.5737387200532896
1117,1845,2024-03-26,1846,2024-03-27,True,-0.0748005753890415,0.0,2024,sector,2023-12-31,0.3868311023858053
1118,1846,2024-03-27,1847,2024-03-28,True,0.028268551236749095,1.0,2024,sector,2023-12-31,0.6012872002571271
1119,1847,2024-03-28,1848,2024-03-29,True,-0.012096219931271412,0.0,2024,sector,2023-12-31,0.44962593231985454
1120,1848,2024-03-29,1849,2024-04-01,True,0.007930986503408954,1.0,2024,sector,2023-12-31,0.5035474088446299
1121,1849,2024-04-01,1850,2024-04-02,True,-0.007454445057978876,0.0,2024,sector,2023-12-31,0.4939539203173985
1122,1850,2024-04-02,1851,2024-04-03,True,-0.004033379694019623,0.0,2024,sector,2023-12-31,0.47950197611334267
1123,1851,2024-04-03,1852,2024-04-08,True,-0.02611367127496167,0.0,2024,sector,2023-12-31,0.4664804130091151
1124,1852,2024-04-08,1853,2024-04-09,True,0.001577287066246047,1.0,2024,sector,2023-12-31,0.48570739899854615
1125,1853,2024-04-09,1854,2024-04-10,True,-0.049105225483178194,0.0,2024,sector,2023-12-31,0.48891604920613807
1126,1854,2024-04-10,1855,2024-04-11,True,0.056609454983438834,1.0,2024,sector,2023-12-31,0.5488831561131852
1127,1855,2024-04-11,1856,2024-04-12,True,0.05229410088344255,1.0,2024,sector,2023-12-31,0.3864803513692761
1128,1856,2024-04-12,1857,2024-04-15,True,-0.008801624915368844,0.0,2024,sector,2023-12-31,0.39388263991346206
1129,1857,2024-04-15,1858,2024-04-16,True,-0.05915300546448088,0.0,2024,sector,2023-12-31,0.541780014191433
1130,1858,2024-04-16,1859,2024-04-17,True,0.10004356033105855,1.0,2024,sector,2023-12-31,0.5880198432432171
1131,1859,2024-04-17,1860,2024-04-18,True,0.0031678986272438703,1.0,2024,sector,2023-12-31,0.4010817374962712
1132,1860,2024-04-18,1861,2024-04-19,True,-0.025131578947368394,0.0,2024,sector,2023-12-31,0.49451595681407745
1133,1861,2024-04-19,1862,2024-04-22,True,0.025239573491699252,1.0,2024,sector,2023-12-31,0.5090921979230828
1134,1862,2024-04-22,1863,2024-04-23,True,-0.019220642443391167,0.0,2024,sector,2023-12-31,0.4166852725362269
1135,1863,2024-04-23,1864,2024-04-24,True,0.04563758389261752,1.0,2024,sector,2023-12-31,0.5323630123207402
1136,1864,2024-04-24,1865,2024-04-25,True,-0.010141206675224668,0.0,2024,sector,2023-12-31,0.44323981521725264
1137,1865,2024-04-25,1866,2024-04-26,True,0.020619893658410104,1.0,2024,sector,2023-12-31,0.5213232571039597
1138,1866,2024-04-26,1867,2024-04-29,True,0.0006353240152476847,1.0,2024,sector,2023-12-31,0.4942261265696523
1139,1867,2024-04-29,1868,2024-04-30,True,0.0,0.0,2024,sector,2023-12-31,0.5619701065509359
1140,1868,2024-04-30,1869,2024-05-06,True,0.04050793650793638,1.0,2024,sector,2023-12-31,0.4629287409663455
1141,1869,2024-05-06,1870,2024-05-07,True,0.025506468147424854,1.0,2024,sector,2023-12-31,0.4350692961576963
1142,1870,2024-05-07,1871,2024-05-08,True,-0.024277043912888208,0.0,2024,sector,2023-12-31,0.42131368708226496
1143,1871,2024-05-08,1872,2024-05-09,True,0.007317965605561749,1.0,2024,sector,2023-12-31,0.5068810499247559
1144,1872,2024-05-09,1873,2024-05-10,True,-0.0012108003390242095,0.0,2024,sector,2023-12-31,0.5076367868829244
1145,1873,2024-05-10,1874,2024-05-13,True,0.046429870287307606,1.0,2024,sector,2023-12-31,0.45366182933899163
1146,1874,2024-05-13,1875,2024-05-14,True,0.0034754402224281833,1.0,2024,sector,2023-12-31,0.3405489231254265
1147,1875,2024-05-14,1876,2024-05-15,True,-0.03694296929115681,0.0,2024,sector,2023-12-31,0.46025627146379827
1148,1876,2024-05-15,1877,2024-05-16,True,-0.02241668664588825,0.0,2024,sector,2023-12-31,0.5435296571825828
1149,1877,2024-05-16,1878,2024-05-17,True,0.016186388718577582,1.0,2024,sector,2023-12-31,0.5471705417457577
1150,1878,2024-05-17,1879,2024-05-20,True,-0.002292747677084539,0.0,2024,sector,2023-12-31,0.4468765100767054
1151,1879,2024-05-20,1880,2024-05-21,True,0.002902757619738683,1.0,2024,sector,2023-12-31,0.45765008387473566
1152,1880,2024-05-21,1881,2024-05-22,True,-0.004703328509406579,0.0,2024,sector,2023-12-31,0.42827237344840574
1153,1881,2024-05-22,1882,2024-05-23,True,-0.015388343632618318,0.0,2024,sector,2023-12-31,0.4796790959692684
1154,1882,2024-05-23,1883,2024-05-24,True,-0.03273443268520815,0.0,2024,sector,2023-12-31,0.4627447516266827
1155,1883,2024-05-24,1884,2024-05-27,True,0.03664122137404613,1.0,2024,sector,2023-12-31,0.4921567987532074
1156,1884,2024-05-27,1885,2024-05-28,True,0.0025773195876286348,1.0,2024,sector,2023-12-31,0.44994099606351934
1157,1885,2024-05-28,1886,2024-05-29,True,-0.015301750520259394,0.0,2024,sector,2023-12-31,0.4675896499599141
1158,1886,2024-05-29,1887,2024-05-30,True,0.0241173545499751,1.0,2024,sector,2023-12-31,0.4810467519743381
1159,1887,2024-05-30,1888,2024-05-31,True,0.008861374119932153,1.0,2024,sector,2023-12-31,0.4459470756619983
1160,1888,2024-05-31,1889,2024-06-03,True,0.036818674046444455,1.0,2024,sector,2023-12-31,0.44720192151570304
1161,1889,2024-06-03,1890,2024-06-04,True,-0.01009632122548454,0.0,2024,sector,2023-12-31,0.44555341414616306
1162,1890,2024-06-04,1891,2024-06-05,True,-0.006213364595545112,0.0,2024,sector,2023-12-31,0.5094336702354634
1163,1891,2024-06-05,1892,2024-06-06,True,-0.019110534387165257,0.0,2024,sector,2023-12-31,0.5068281187874398
1164,1892,2024-06-06,1893,2024-06-07,True,0.0037282020444977526,1.0,2024,sector,2023-12-31,0.5317584355464824
1165,1893,2024-06-07,1894,2024-06-11,True,0.049125329499161374,1.0,2024,sector,2023-12-31,0.4916119352200298
1166,1894,2024-06-11,1895,2024-06-12,True,-0.010963910461397997,0.0,2024,sector,2023-12-31,0.4769328990475707
1167,1895,2024-06-12,1896,2024-06-13,True,0.02771362586605086,1.0,2024,sector,2023-12-31,0.5229753160600954
1168,1896,2024-06-13,1897,2024-06-14,True,0.018651685393258566,1.0,2024,sector,2023-12-31,0.4713462263858508
1169,1897,2024-06-14,1898,2024-06-17,True,0.03992940657401278,1.0,2024,sector,2023-12-31,0.4272838968639274
1170,1898,2024-06-17,1899,2024-06-18,True,-0.007212558336868957,0.0,2024,sector,2023-12-31,0.443410322654017
1171,1899,2024-06-18,1900,2024-06-19,True,0.011858974358974317,1.0,2024,sector,2023-12-31,0.5058014518275161
1172,1900,2024-06-19,1901,2024-06-20,True,-0.018055115616091078,0.0,2024,sector,2023-12-31,0.48216961674511927
1173,1901,2024-06-20,1902,2024-06-21,True,0.016129032258064502,1.0,2024,sector,2023-12-31,0.5214552362334555
1174,1902,2024-06-21,1903,2024-06-24,True,-0.021693121693121542,0.0,2024,sector,2023-12-31,0.4327861013476979
1175,1903,2024-06-24,1904,2024-06-25,True,-0.027041644131963305,0.0,2024,sector,2023-12-31,0.47124391326415904
1176,1904,2024-06-25,1905,2024-06-26,True,0.036131183991106264,1.0,2024,sector,2023-12-31,0.45615927032971504
1177,1905,2024-06-26,1906,2024-06-27,True,0.010729613733905685,1.0,2024,sector,2023-12-31,0.43053893153585726
1178,1906,2024-06-27,1907,2024-06-28,True,0.015074309978768463,1.0,2024,sector,2023-12-31,0.4048831784576338
1179,1907,2024-06-28,1908,2024-07-01,True,-0.012654256431708921,0.0,2024,sector,2023-12-31,0.4132350505872532
1180,1908,2024-07-01,1909,2024-07-02,True,-0.044486812837623124,0.0,2024,sector,2023-12-31,0.47776959901323063
1181,1909,2024-07-02,1910,2024-07-03,True,0.016406163396519124,1.0,2024,sector,2023-12-31,0.5402142161159336
1182,1910,2024-07-03,1911,2024-07-04,True,-0.0009815683280619547,0.0,2024,sector,2023-12-31,0.45763387038758363
1183,1911,2024-07-04,1912,2024-07-05,True,0.0026200873362445254,1.0,2024,sector,2023-12-31,0.4380837963266104
1184,1912,2024-07-05,1913,2024-07-08,True,0.0013066202090592505,1.0,2024,sector,2023-12-31,0.44866672492569687
1185,1913,2024-07-08,1914,2024-07-09,True,0.04849934754240981,1.0,2024,sector,2023-12-31,0.4652229208725739
1186,1914,2024-07-09,1915,2024-07-10,True,0.0064302012030699185,1.0,2024,sector,2023-12-31,0.42661601208813266
1187,1915,2024-07-10,1916,2024-07-11,True,0.008037922506182849,1.0,2024,sector,2023-12-31,0.4300822688772264
1188,1916,2024-07-11,1917,2024-07-12,True,-0.004804743406256251,0.0,2024,sector,2023-12-31,0.4491220968238112
1189,1917,2024-07-12,1918,2024-07-15,True,-0.0015408320493066618,0.0,2024,sector,2023-12-31,0.4678073984514336
1190,1918,2024-07-15,1919,2024-07-16,True,0.00812757201646086,1.0,2024,sector,2023-12-31,0.4750845337693852
1191,1919,2024-07-16,1920,2024-07-17,True,-0.02030819471374623,0.0,2024,sector,2023-12-31,0.5001780767283762
1192,1920,2024-07-17,1921,2024-07-18,True,-0.02083333333333337,0.0,2024,sector,2023-12-31,0.49286768451498464
1193,1921,2024-07-18,1922,2024-07-19,True,0.02127659574468077,1.0,2024,sector,2023-12-31,0.5057188621194554
1194,1922,2024-07-19,1923,2024-07-22,True,-0.016979166666666545,0.0,2024,sector,2023-12-31,0.46565111403961335
1195,1923,2024-07-22,1924,2024-07-23,True,-0.0581752675638445,0.0,2024,sector,2023-12-31,0.5172982629592171
1196,1924,2024-07-23,1925,2024-07-24,True,-0.029027902790279003,0.0,2024,sector,2023-12-31,0.5405363436390737
1197,1925,2024-07-24,1926,2024-07-25,True,-0.022016222479721792,0.0,2024,sector,2023-12-31,0.56124874326505
1198,1926,2024-07-25,1927,2024-07-26,True,0.00011848341232223447,1.0,2024,sector,2023-12-31,0.5576674577620306
1199,1927,2024-07-26,1928,2024-07-29,True,-0.022035303873948586,0.0,2024,sector,2023-12-31,0.5663648262131659
1200,1928,2024-07-29,1929,2024-07-30,True,0.005330102967898265,1.0,2024,sector,2023-12-31,0.5606834043724541
1201,1929,2024-07-30,1930,2024-07-31,True,0.03602843716110393,1.0,2024,sector,2023-12-31,0.5265991366945764
1202,1930,2024-07-31,1931,2024-08-01,True,0.008839264945335934,1.0,2024,sector,2023-12-31,0.5168860879618007
1203,1931,2024-08-01,1932,2024-08-02,True,-0.04242563984320957,0.0,2024,sector,2023-12-31,0.5337135240583688
1204,1932,2024-08-02,1933,2024-08-05,True,-0.06501324343847825,0.0,2024,sector,2023-12-31,0.5757194414350804
1205,1933,2024-08-05,1934,2024-08-06,True,0.0066958537213495095,1.0,2024,sector,2023-12-31,0.5965767900229624
1206,1934,2024-08-06,1935,2024-08-07,True,-0.01573292402148896,0.0,2024,sector,2023-12-31,0.5394203482421657
1207,1935,2024-08-07,1936,2024-08-08,True,0.008057179987004393,1.0,2024,sector,2023-12-31,0.5387630471726546
1208,1936,2024-08-08,1937,2024-08-09,True,0.007090369988397738,1.0,2024,sector,2023-12-31,0.5174647173640918
1209,1937,2024-08-09,1938,2024-08-12,True,0.0008960573476701761,1.0,2024,sector,2023-12-31,0.5477948283237809
1210,1938,2024-08-12,1939,2024-08-13,True,0.009847806624888156,1.0,2024,sector,2023-12-31,0.5282883824598749
1211,1939,2024-08-13,1940,2024-08-14,True,-0.009245187436676683,0.0,2024,sector,2023-12-31,0.5396419759288442
1212,1940,2024-08-14,1941,2024-08-15,True,0.006647066342835073,1.0,2024,sector,2023-12-31,0.5330598814649711
1213,1941,2024-08-15,1942,2024-08-16,True,0.0019047619047620756,1.0,2024,sector,2023-12-31,0.5168754640009237
1214,1942,2024-08-16,1943,2024-08-19,True,0.0010139416983523386,1.0,2024,sector,2023-12-31,0.5021588172078204
1215,1943,2024-08-19,1944,2024-08-20,True,0.003165358318561795,1.0,2024,sector,2023-12-31,0.4954293330105196
1216,1944,2024-08-20,1945,2024-08-21,True,-0.06613656443266447,0.0,2024,sector,2023-12-31,0.4529958601739384
1217,1945,2024-08-21,1946,2024-08-22,True,-0.0045952155696714625,0.0,2024,sector,2023-12-31,0.6388422068965922
1218,1946,2024-08-22,1947,2024-08-23,True,-0.01751527494908356,0.0,2024,sector,2023-12-31,0.4858667165428623
1219,1947,2024-08-23,1948,2024-08-26,True,-0.014925373134328401,0.0,2024,sector,2023-12-31,0.5150542588189355
1220,1948,2024-08-26,1949,2024-08-27,True,-0.014730639730639594,0.0,2024,sector,2023-12-31,0.5306247029921909
1221,1949,2024-08-27,1950,2024-08-28,True,-0.003986900185106168,0.0,2024,sector,2023-12-31,0.4939352666560232
1222,1950,2024-08-28,1951,2024-08-29,True,0.0007147962830593713,1.0,2024,sector,2023-12-31,0.493293340772213
1223,1951,2024-08-29,1952,2024-08-30,True,0.03399999999999981,1.0,2024,sector,2023-12-31,0.5112204359024783
1224,1952,2024-08-30,1953,2024-09-02,True,-0.053053329649074166,0.0,2024,sector,2023-12-31,0.4898002407346562
1225,1953,2024-09-02,1954,2024-09-03,True,0.021593230230522176,1.0,2024,sector,2023-12-31,0.531741666691245
1226,1954,2024-09-03,1955,2024-09-04,True,-0.016852327906312525,0.0,2024,sector,2023-12-31,0.45547461809381096
1227,1955,2024-09-04,1956,2024-09-05,True,0.007989540964555397,1.0,2024,sector,2023-12-31,0.4941627475937645
1228,1956,2024-09-05,1957,2024-09-06,True,-0.021761060671566468,0.0,2024,sector,2023-12-31,0.45421122131060054
1229,1957,2024-09-06,1958,2024-09-09,True,-0.003535651149086605,0.0,2024,sector,2023-12-31,0.5035573462724268
1230,1958,2024-09-09,1959,2024-09-10,True,0.004287403903016074,1.0,2024,sector,2023-12-31,0.47827734064449345
1231,1959,2024-09-10,1960,2024-09-11,True,-0.00426910054467855,0.0,2024,sector,2023-12-31,0.5013730745228949
1232,1960,2024-09-11,1961,2024-09-12,True,-0.012418687167356612,0.0,2024,sector,2023-12-31,0.49316431117823567
1233,1961,2024-09-12,1962,2024-09-13,True,-0.022455089820359375,0.0,2024,sector,2023-12-31,0.49778237218857624
1234,1962,2024-09-13,1963,2024-09-18,True,-0.007963246554364423,0.0,2024,sector,2023-12-31,0.5327557592509776
1235,1963,2024-09-18,1964,2024-09-19,True,0.011268910157456125,1.0,2024,sector,2023-12-31,0.49441359476765584
1236,1964,2024-09-19,1965,2024-09-20,True,-0.0033582659136009996,0.0,2024,sector,2023-12-31,0.5105533728184434
1237,1965,2024-09-20,1966,2024-09-23,True,-0.0024506049931078966,0.0,2024,sector,2023-12-31,0.4314479140031126
1238,1966,2024-09-23,1967,2024-09-24,True,0.05020727775218803,1.0,2024,sector,2023-12-31,0.42280212969700504
1239,1967,2024-09-24,1968,2024-09-25,True,0.015350877192982448,1.0,2024,sector,2023-12-31,0.42629836490692685
1240,1968,2024-09-25,1969,2024-09-26,True,0.08380129589632812,1.0,2024,sector,2023-12-31,0.4388471265587959
1241,1969,2024-09-26,1970,2024-09-27,True,0.06815464328417709,1.0,2024,sector,2023-12-31,0.37797701156434843
1242,1970,2024-09-27,1971,2024-09-30,True,0.09912935323383087,1.0,2024,sector,2023-12-31,0.45101526584298174
1243,1971,2024-09-30,1972,2024-10-08,True,0.10003394817245681,1.0,2024,sector,2023-12-31,0.43546276329247424
1244,1972,2024-10-08,1973,2024-10-09,True,-0.04227960086410876,0.0,2024,sector,2023-12-31,0.47400159013736215
1245,1973,2024-10-09,1974,2024-10-10,True,-0.05392051557465083,0.0,2024,sector,2023-12-31,0.629706014743415
1246,1974,2024-10-10,1975,2024-10-11,True,-0.04632152588555849,0.0,2024,sector,2023-12-31,0.528772701454113
1247,1975,2024-10-11,1976,2024-10-14,True,0.02523809523809528,1.0,2024,sector,2023-12-31,0.4815322523720706
1248,1976,2024-10-14,1977,2024-10-15,True,-0.013005109150023286,0.0,2024,sector,2023-12-31,0.5201692663683783
1249,1977,2024-10-15,1978,2024-10-16,True,-0.022588235294117687,0.0,2024,sector,2023-12-31,0.49628506797657373
1250,1978,2024-10-16,1979,2024-10-17,True,-0.008305247953779515,0.0,2024,sector,2023-12-31,0.48846392484813905
1251,1979,2024-10-17,1980,2024-10-18,True,0.06493506493506485,1.0,2024,sector,2023-12-31,0.5371854186801522
1252,1980,2024-10-18,1981,2024-10-21,True,0.024846136311830413,1.0,2024,sector,2023-12-31,0.4974825886523772
1253,1981,2024-10-21,1982,2024-10-22,True,-0.01245551601423489,0.0,2024,sector,2023-12-31,0.5714466962363702
1254,1982,2024-10-22,1983,2024-10-23,True,-0.009009009009008917,0.0,2024,sector,2023-12-31,0.5013784679820078
1255,1983,2024-10-23,1984,2024-10-24,True,0.003409090909090917,1.0,2024,sector,2023-12-31,0.49403951878274616
1256,1984,2024-10-24,1985,2024-10-25,True,0.00962627406568517,1.0,2024,sector,2023-12-31,0.49639702389983664
1257,1985,2024-10-25,1986,2024-10-28,True,0.018059450364554364,1.0,2024,sector,2023-12-31,0.5075506465977326
1258,1986,2024-10-28,1987,2024-10-29,True,-0.0237990304098723,0.0,2024,sector,2023-12-31,0.4701816731330101
1259,1987,2024-10-29,1988,2024-10-30,True,0.0018058690744922057,1.0,2024,sector,2023-12-31,0.574518246290534
1260,1988,2024-10-30,1989,2024-10-31,True,0.015885534024335124,1.0,2024,sector,2023-12-31,0.4808070682069697
1261,1989,2024-10-31,1990,2024-11-01,True,-0.04291893090828436,0.0,2024,sector,2023-12-31,0.5370282793100585
1262,1990,2024-11-01,1991,2024-11-04,True,0.042873696407879525,1.0,2024,sector,2023-12-31,0.5554846326797155
1263,1991,2024-11-04,1992,2024-11-05,True,0.023111111111111082,1.0,2024,sector,2023-12-31,0.4425415692123112
1264,1992,2024-11-05,1993,2024-11-06,True,0.026498696785403952,1.0,2024,sector,2023-12-31,0.5199812078965151
1265,1993,2024-11-06,1994,2024-11-07,True,0.022429115531104715,1.0,2024,sector,2023-12-31,0.4984885581079683
1266,1994,2024-11-07,1995,2024-11-08,True,-0.012003311258278138,0.0,2024,sector,2023-12-31,0.4457628904805395
1267,1995,2024-11-08,1996,2024-11-11,True,0.038332635106828716,1.0,2024,sector,2023-12-31,0.47688861859586235
1268,1996,2024-11-11,1997,2024-11-12,True,-0.022997780915876564,0.0,2024,sector,2023-12-31,0.4758338620049653
1269,1997,2024-11-12,1998,2024-11-13,True,-0.005678298575263363,0.0,2024,sector,2023-12-31,0.4518947965470741
1270,1998,2024-11-13,1999,2024-11-14,True,-0.04246703353753489,0.0,2024,sector,2023-12-31,0.45286214930776236
1271,1999,2024-11-14,2000,2024-11-15,True,-0.0285187594881805,0.0,2024,sector,2023-12-31,0.4753087161482432
1272,2000,2024-11-15,2001,2024-11-18,True,-0.0349369349257731,0.0,2024,sector,2023-12-31,0.41838647015711705
1273,2001,2024-11-18,2002,2024-11-19,True,0.026601896830904748,1.0,2024,sector,2023-12-31,0.4788868434174389
1274,2002,2024-11-19,2003,2024-11-20,True,-0.005069851284362326,0.0,2024,sector,2023-12-31,0.453193646261653
1275,2003,2024-11-20,2004,2024-11-21,True,0.00011323745895142068,1.0,2024,sector,2023-12-31,0.45168970010948994
1276,2004,2024-11-21,2005,2024-11-22,True,-0.04461050724637683,0.0,2024,sector,2023-12-31,0.46610991920952155
1277,2005,2024-11-22,2006,2024-11-25,True,-0.005570040293908507,0.0,2024,sector,2023-12-31,0.4925241615939882
1278,2006,2024-11-25,2007,2024-11-26,True,-0.008223096174472588,0.0,2024,sector,2023-12-31,0.4647126541820672
1279,2007,2024-11-26,2008,2024-11-27,True,0.021389089161259367,1.0,2024,sector,2023-12-31,0.45580702423131697
1280,2008,2024-11-27,2009,2024-11-28,True,0.002823529411764669,1.0,2024,sector,2023-12-31,0.4939122240225656
1281,2009,2024-11-28,2010,2024-11-29,True,0.006335053965274673,1.0,2024,sector,2023-12-31,0.4662481719551743
1282,2010,2024-11-29,2011,2024-12-02,True,-0.011657729074376344,0.0,2024,sector,2023-12-31,0.4859578984539187
1283,2011,2024-12-02,2012,2024-12-03,True,-0.012502948808681413,0.0,2024,sector,2023-12-31,0.5056564530957722
1284,2012,2024-12-03,2013,2024-12-04,True,0.025680840898232304,1.0,2024,sector,2023-12-31,0.47508295559100694
1285,2013,2024-12-04,2014,2024-12-05,True,-0.00919995341795743,0.0,2024,sector,2023-12-31,0.45546924715917475
1286,2014,2024-12-05,2015,2024-12-06,True,0.010578279266572732,1.0,2024,sector,2023-12-31,0.49228811854305515
1287,2015,2024-12-06,2016,2024-12-09,True,-0.030937427308676546,0.0,2024,sector,2023-12-31,0.470910328855363
1288,2016,2024-12-09,2017,2024-12-10,True,0.004440710513682111,1.0,2024,sector,2023-12-31,0.5026408526057253
1289,2017,2024-12-10,2018,2024-12-11,True,0.0062134066196679605,1.0,2024,sector,2023-12-31,0.5103967329964642
1290,2018,2024-12-11,2019,2024-12-12,True,0.00380002375014854,1.0,2024,sector,2023-12-31,0.4410297145573733
1291,2019,2024-12-12,2020,2024-12-13,True,0.09996450964154757,1.0,2024,sector,2023-12-31,0.47009514962364174
1292,2020,2024-12-13,2021,2024-12-16,True,0.03957840395784018,1.0,2024,sector,2023-12-31,0.2741513935893652
1293,2021,2024-12-16,2022,2024-12-17,True,-0.030829712393958042,0.0,2024,sector,2023-12-31,0.3458002631194182
1294,2022,2024-12-17,2023,2024-12-18,True,0.10002134927412443,1.0,2024,sector,2023-12-31,0.513494912440052
1295,2023,2024-12-18,2024,2024-12-19,True,0.08830664725861248,1.0,2024,sector,2023-12-31,0.34318576156328306
1296,2024,2024-12-19,2025,2024-12-20,True,0.009362460989745802,1.0,2024,sector,2023-12-31,0.3898800368502464
1297,2025,2024-12-20,2026,2024-12-23,True,-0.05256183745583043,0.0,2024,sector,2023-12-31,0.5148952569985445
1298,2026,2024-12-23,2027,2024-12-24,True,0.006993006993006867,1.0,2024,sector,2023-12-31,0.602550482908395
1299,2027,2024-12-24,2028,2024-12-25,True,0.016296296296296475,1.0,2024,sector,2023-12-31,0.5070994698515976
1300,2028,2024-12-25,2029,2024-12-26,True,0.047740524781341165,1.0,2024,sector,2023-12-31,0.47034395589914363
1301,2029,2024-12-26,2030,2024-12-27,True,-0.026434782608695695,0.0,2024,sector,2023-12-31,0.41090140047444496
1302,2030,2024-12-27,2031,2024-12-30,True,0.016613076098606516,1.0,2024,sector,2023-12-31,0.5301068919493512
1303,2031,2024-12-30,2032,2024-12-31,True,-0.06167633104902481,0.0,2024,sector,2023-12-31,0.46368215868113033
1304,2032,2024-12-31,2033,2025-01-02,True,-0.03567415730337076,0.0,2024,sector,2023-12-31,0.559572092621714
1063,1791,2024-01-02,1792,2024-01-03,True,-0.04356523671927104,0.0,2024,both,2023-12-31,0.40122681141906247
1064,1792,2024-01-03,1793,2024-01-04,True,-0.05531024866372303,0.0,2024,both,2023-12-31,0.4622398700868783
1065,1793,2024-01-04,1794,2024-01-05,True,-0.019680196801967864,0.0,2024,both,2023-12-31,0.5291650546382297
1066,1794,2024-01-05,1795,2024-01-08,True,-0.026223337515683953,0.0,2024,both,2023-12-31,0.45307537797323594
1067,1795,2024-01-08,1796,2024-01-09,True,0.0011596443757249109,1.0,2024,both,2023-12-31,0.4183980744404265
1068,1796,2024-01-09,1797,2024-01-10,True,-0.01441441441441449,0.0,2024,both,2023-12-31,0.42418187450395806
1069,1797,2024-01-10,1798,2024-01-11,True,0.016714546879080583,1.0,2024,both,2023-12-31,0.4274876068729346
1070,1798,2024-01-11,1799,2024-01-12,True,-0.016182892370922297,0.0,2024,both,2023-12-31,0.42174709793694354
1071,1799,2024-01-12,1800,2024-01-15,True,-0.0006527415143602333,0.0,2024,both,2023-12-31,0.44765932749333875
1072,1800,2024-01-15,1801,2024-01-16,True,-0.0009144350097973764,0.0,2024,both,2023-12-31,0.45497372659343077
1073,1801,2024-01-16,1802,2024-01-17,True,-0.028111924686192613,0.0,2024,both,2023-12-31,0.4770193520468701
1074,1802,2024-01-17,1803,2024-01-18,True,0.021525628951971187,1.0,2024,both,2023-12-31,0.44539700084630435
1075,1803,2024-01-18,1804,2024-01-19,True,-0.00856051626498111,0.0,2024,both,2023-12-31,0.45374673966114426
1076,1804,2024-01-19,1805,2024-01-22,True,-0.039718384697130626,0.0,2024,both,2023-12-31,0.45965615204810517
1077,1805,2024-01-22,1806,2024-01-23,True,0.013003181629547722,1.0,2024,both,2023-12-31,0.49003289436026226
1078,1806,2024-01-23,1807,2024-01-24,True,-0.01543083435750392,0.0,2024,both,2023-12-31,0.46910167660253893
1079,1807,2024-01-24,1808,2024-01-25,True,0.02857142857142847,1.0,2024,both,2023-12-31,0.5614138826354533
1080,1808,2024-01-25,1809,2024-01-26,True,-0.07322006472491904,0.0,2024,both,2023-12-31,0.515487466034989
1081,1809,2024-01-26,1810,2024-01-29,True,-0.02982685872253732,0.0,2024,both,2023-12-31,0.6376744851120932
1082,1810,2024-01-29,1811,2024-01-30,True,-0.01994601079784053,0.0,2024,both,2023-12-31,0.5494305347071041
1083,1811,2024-01-30,1812,2024-01-31,True,-0.04361132364192799,0.0,2024,both,2023-12-31,0.44776977793448425
1084,1812,2024-01-31,1813,2024-02-01,True,0.01295999999999986,1.0,2024,both,2023-12-31,0.5234900143156692
1085,1813,2024-02-01,1814,2024-02-02,True,-0.04943926709840463,0.0,2024,both,2023-12-31,0.431317807595789
1086,1814,2024-02-02,1815,2024-02-05,True,-0.03755400465270853,0.0,2024,both,2023-12-31,0.4895205323924161
1087,1815,2024-02-05,1816,2024-02-06,True,0.06975138121546953,1.0,2024,both,2023-12-31,0.5682851828349683
1088,1816,2024-02-06,1817,2024-02-07,True,0.0054874112330534075,1.0,2024,both,2023-12-31,0.5195949896086101
1089,1817,2024-02-07,1818,2024-02-08,True,0.10000000000000009,1.0,2024,both,2023-12-31,0.5783194926535011
1090,1818,2024-02-08,1819,2024-02-19,True,-0.023055596089303965,0.0,2024,both,2023-12-31,0.4124284324800873
1091,1819,2024-02-19,1820,2024-02-20,True,0.0477968633308441,1.0,2024,both,2023-12-31,0.6755569198161304
1092,1820,2024-02-20,1821,2024-02-21,True,-0.012544547398432138,0.0,2024,both,2023-12-31,0.4659496845647768
1093,1821,2024-02-21,1822,2024-02-22,True,0.04720658293633617,1.0,2024,both,2023-12-31,0.6076029328374816
1094,1822,2024-02-22,1823,2024-02-23,True,-0.007719878687620696,0.0,2024,both,2023-12-31,0.5085398395178675
1095,1823,2024-02-23,1824,2024-02-26,True,-0.008613503751041973,0.0,2024,both,2023-12-31,0.5943093412835524
1096,1824,2024-02-26,1825,2024-02-27,True,0.03965807174887881,1.0,2024,both,2023-12-31,0.5827710292273283
1097,1825,2024-02-27,1826,2024-02-28,True,-0.057824504650222264,0.0,2024,both,2023-12-31,0.5629804106842631
1098,1826,2024-02-28,1827,2024-02-29,True,0.04821173104434884,1.0,2024,both,2023-12-31,0.6372310957265105
1099,1827,2024-02-29,1828,2024-03-01,True,0.033983895182202906,1.0,2024,both,2023-12-31,0.5868992468837613
1100,1828,2024-03-01,1829,2024-03-04,True,-0.01095564941921845,0.0,2024,both,2023-12-31,0.5616958726499013
1101,1829,2024-03-04,1830,2024-03-05,True,-0.008941678900306949,0.0,2024,both,2023-12-31,0.5931774135837871
1102,1830,2024-03-05,1831,2024-03-06,True,-0.019256665768920156,0.0,2024,both,2023-12-31,0.5870828398902433
1103,1831,2024-03-06,1832,2024-03-07,True,-0.03171769875051489,0.0,2024,both,2023-12-31,0.6081918453394645
1104,1832,2024-03-07,1833,2024-03-08,True,0.015314804310833763,1.0,2024,both,2023-12-31,0.6151357557036986
1105,1833,2024-03-08,1834,2024-03-11,True,0.04231843575418992,1.0,2024,both,2023-12-31,0.5896455803070155
1106,1834,2024-03-11,1835,2024-03-12,True,0.05855554066729218,1.0,2024,both,2023-12-31,0.5131763686191492
1107,1835,2024-03-12,1836,2024-03-13,True,-0.008227848101265978,0.0,2024,both,2023-12-31,0.4523079404693595
1108,1836,2024-03-13,1837,2024-03-14,True,-0.014932992980216775,0.0,2024,both,2023-12-31,0.5604933922364599
1109,1837,2024-03-14,1838,2024-03-15,True,0.003109613889608731,1.0,2024,both,2023-12-31,0.5382298359221355
1110,1838,2024-03-15,1839,2024-03-18,True,0.0060707827434771655,1.0,2024,both,2023-12-31,0.5318898826228312
1111,1839,2024-03-18,1840,2024-03-19,True,-0.008730260623956987,0.0,2024,both,2023-12-31,0.5564701868031443
1112,1840,2024-03-19,1841,2024-03-20,True,-0.0014246859215127916,0.0,2024,both,2023-12-31,0.5159235651347623
1113,1841,2024-03-20,1842,2024-03-21,True,0.039559014267185555,1.0,2024,both,2023-12-31,0.5138298140294361
1114,1842,2024-03-21,1843,2024-03-22,True,-0.02208359326263276,0.0,2024,both,2023-12-31,0.4626346242765226
1115,1843,2024-03-22,1844,2024-03-25,True,-0.061878030109721815,0.0,2024,both,2023-12-31,0.5539472398992794
1116,1844,2024-03-25,1845,2024-03-26,True,0.039983680130559085,1.0,2024,both,2023-12-31,0.6270005612421071
1117,1845,2024-03-26,1846,2024-03-27,True,-0.0748005753890415,0.0,2024,both,2023-12-31,0.44952355825670415
1118,1846,2024-03-27,1847,2024-03-28,True,0.028268551236749095,1.0,2024,both,2023-12-31,0.6437304051466693
1119,1847,2024-03-28,1848,2024-03-29,True,-0.012096219931271412,0.0,2024,both,2023-12-31,0.505281862289888
1120,1848,2024-03-29,1849,2024-04-01,True,0.007930986503408954,1.0,2024,both,2023-12-31,0.5661016967759378
1121,1849,2024-04-01,1850,2024-04-02,True,-0.007454445057978876,0.0,2024,both,2023-12-31,0.5618875831479154
1122,1850,2024-04-02,1851,2024-04-03,True,-0.004033379694019623,0.0,2024,both,2023-12-31,0.5286661043971662
1123,1851,2024-04-03,1852,2024-04-08,True,-0.02611367127496167,0.0,2024,both,2023-12-31,0.5240805067340629
1124,1852,2024-04-08,1853,2024-04-09,True,0.001577287066246047,1.0,2024,both,2023-12-31,0.5361849720188508
1125,1853,2024-04-09,1854,2024-04-10,True,-0.049105225483178194,0.0,2024,both,2023-12-31,0.5345194180536407
1126,1854,2024-04-10,1855,2024-04-11,True,0.056609454983438834,1.0,2024,both,2023-12-31,0.5968084101099254
1127,1855,2024-04-11,1856,2024-04-12,True,0.05229410088344255,1.0,2024,both,2023-12-31,0.4355654161157766
1128,1856,2024-04-12,1857,2024-04-15,True,-0.008801624915368844,0.0,2024,both,2023-12-31,0.4298389772820312
1129,1857,2024-04-15,1858,2024-04-16,True,-0.05915300546448088,0.0,2024,both,2023-12-31,0.6148152097590167
1130,1858,2024-04-16,1859,2024-04-17,True,0.10004356033105855,1.0,2024,both,2023-12-31,0.6338261505115231
1131,1859,2024-04-17,1860,2024-04-18,True,0.0031678986272438703,1.0,2024,both,2023-12-31,0.46323444739684816
1132,1860,2024-04-18,1861,2024-04-19,True,-0.025131578947368394,0.0,2024,both,2023-12-31,0.5602143526700547
1133,1861,2024-04-19,1862,2024-04-22,True,0.025239573491699252,1.0,2024,both,2023-12-31,0.5694917353769331
1134,1862,2024-04-22,1863,2024-04-23,True,-0.019220642443391167,0.0,2024,both,2023-12-31,0.48856523920568373
1135,1863,2024-04-23,1864,2024-04-24,True,0.04563758389261752,1.0,2024,both,2023-12-31,0.5836675291570717
1136,1864,2024-04-24,1865,2024-04-25,True,-0.010141206675224668,0.0,2024,both,2023-12-31,0.4983944002727449
1137,1865,2024-04-25,1866,2024-04-26,True,0.020619893658410104,1.0,2024,both,2023-12-31,0.5871050633606494
1138,1866,2024-04-26,1867,2024-04-29,True,0.0006353240152476847,1.0,2024,both,2023-12-31,0.5610741639681639
1139,1867,2024-04-29,1868,2024-04-30,True,0.0,0.0,2024,both,2023-12-31,0.6065031108115091
1140,1868,2024-04-30,1869,2024-05-06,True,0.04050793650793638,1.0,2024,both,2023-12-31,0.5059012757250922
1141,1869,2024-05-06,1870,2024-05-07,True,0.025506468147424854,1.0,2024,both,2023-12-31,0.4934461062096127
1142,1870,2024-05-07,1871,2024-05-08,True,-0.024277043912888208,0.0,2024,both,2023-12-31,0.47405939605248654
1143,1871,2024-05-08,1872,2024-05-09,True,0.007317965605561749,1.0,2024,both,2023-12-31,0.549209749863641
1144,1872,2024-05-09,1873,2024-05-10,True,-0.0012108003390242095,0.0,2024,both,2023-12-31,0.5610678291540845
1145,1873,2024-05-10,1874,2024-05-13,True,0.046429870287307606,1.0,2024,both,2023-12-31,0.5182209090953217
1146,1874,2024-05-13,1875,2024-05-14,True,0.0034754402224281833,1.0,2024,both,2023-12-31,0.40552792986873126
1147,1875,2024-05-14,1876,2024-05-15,True,-0.03694296929115681,0.0,2024,both,2023-12-31,0.5000611305076841
1148,1876,2024-05-15,1877,2024-05-16,True,-0.02241668664588825,0.0,2024,both,2023-12-31,0.5675326624661639
1149,1877,2024-05-16,1878,2024-05-17,True,0.016186388718577582,1.0,2024,both,2023-12-31,0.5847059946549757
1150,1878,2024-05-17,1879,2024-05-20,True,-0.002292747677084539,0.0,2024,both,2023-12-31,0.4991090046251751
1151,1879,2024-05-20,1880,2024-05-21,True,0.002902757619738683,1.0,2024,both,2023-12-31,0.4925269090784065
1152,1880,2024-05-21,1881,2024-05-22,True,-0.004703328509406579,0.0,2024,both,2023-12-31,0.45673020026128736
1153,1881,2024-05-22,1882,2024-05-23,True,-0.015388343632618318,0.0,2024,both,2023-12-31,0.5037221660634125
1154,1882,2024-05-23,1883,2024-05-24,True,-0.03273443268520815,0.0,2024,both,2023-12-31,0.4682355551304477
1155,1883,2024-05-24,1884,2024-05-27,True,0.03664122137404613,1.0,2024,both,2023-12-31,0.5003101608255542
1156,1884,2024-05-27,1885,2024-05-28,True,0.0025773195876286348,1.0,2024,both,2023-12-31,0.46711439553985323
1157,1885,2024-05-28,1886,2024-05-29,True,-0.015301750520259394,0.0,2024,both,2023-12-31,0.47596821593807875
1158,1886,2024-05-29,1887,2024-05-30,True,0.0241173545499751,1.0,2024,both,2023-12-31,0.5063819522449934
1159,1887,2024-05-30,1888,2024-05-31,True,0.008861374119932153,1.0,2024,both,2023-12-31,0.45004848601793956
1160,1888,2024-05-31,1889,2024-06-03,True,0.036818674046444455,1.0,2024,both,2023-12-31,0.46508255591889436
1161,1889,2024-06-03,1890,2024-06-04,True,-0.01009632122548454,0.0,2024,both,2023-12-31,0.45929382269080804
1162,1890,2024-06-04,1891,2024-06-05,True,-0.006213364595545112,0.0,2024,both,2023-12-31,0.5351224064862058
1163,1891,2024-06-05,1892,2024-06-06,True,-0.019110534387165257,0.0,2024,both,2023-12-31,0.5080942089145521
1164,1892,2024-06-06,1893,2024-06-07,True,0.0037282020444977526,1.0,2024,both,2023-12-31,0.5423198110096648
1165,1893,2024-06-07,1894,2024-06-11,True,0.049125329499161374,1.0,2024,both,2023-12-31,0.4988024431077375
1166,1894,2024-06-11,1895,2024-06-12,True,-0.010963910461397997,0.0,2024,both,2023-12-31,0.4453135678307151
1167,1895,2024-06-12,1896,2024-06-13,True,0.02771362586605086,1.0,2024,both,2023-12-31,0.5251605100360183
1168,1896,2024-06-13,1897,2024-06-14,True,0.018651685393258566,1.0,2024,both,2023-12-31,0.4569370430654165
1169,1897,2024-06-14,1898,2024-06-17,True,0.03992940657401278,1.0,2024,both,2023-12-31,0.4384618547460742
1170,1898,2024-06-17,1899,2024-06-18,True,-0.007212558336868957,0.0,2024,both,2023-12-31,0.4283405006784958
1171,1899,2024-06-18,1900,2024-06-19,True,0.011858974358974317,1.0,2024,both,2023-12-31,0.5070877845455234
1172,1900,2024-06-19,1901,2024-06-20,True,-0.018055115616091078,0.0,2024,both,2023-12-31,0.46967243307072315
1173,1901,2024-06-20,1902,2024-06-21,True,0.016129032258064502,1.0,2024,both,2023-12-31,0.5037268674717986
1174,1902,2024-06-21,1903,2024-06-24,True,-0.021693121693121542,0.0,2024,both,2023-12-31,0.42990986831528655
1175,1903,2024-06-24,1904,2024-06-25,True,-0.027041644131963305,0.0,2024,both,2023-12-31,0.4757232387925499
1176,1904,2024-06-25,1905,2024-06-26,True,0.036131183991106264,1.0,2024,both,2023-12-31,0.46098670881487663
1177,1905,2024-06-26,1906,2024-06-27,True,0.010729613733905685,1.0,2024,both,2023-12-31,0.41732848192805055
1178,1906,2024-06-27,1907,2024-06-28,True,0.015074309978768463,1.0,2024,both,2023-12-31,0.38922459181993563
1179,1907,2024-06-28,1908,2024-07-01,True,-0.012654256431708921,0.0,2024,both,2023-12-31,0.4013534141882034
1180,1908,2024-07-01,1909,2024-07-02,True,-0.044486812837623124,0.0,2024,both,2023-12-31,0.46821387688495647
1181,1909,2024-07-02,1910,2024-07-03,True,0.016406163396519124,1.0,2024,both,2023-12-31,0.5185825696250586
1182,1910,2024-07-03,1911,2024-07-04,True,-0.0009815683280619547,0.0,2024,both,2023-12-31,0.4213302535448033
1183,1911,2024-07-04,1912,2024-07-05,True,0.0026200873362445254,1.0,2024,both,2023-12-31,0.40800870943195133
1184,1912,2024-07-05,1913,2024-07-08,True,0.0013066202090592505,1.0,2024,both,2023-12-31,0.4094220532905263
1185,1913,2024-07-08,1914,2024-07-09,True,0.04849934754240981,1.0,2024,both,2023-12-31,0.41303288261227417
1186,1914,2024-07-09,1915,2024-07-10,True,0.0064302012030699185,1.0,2024,both,2023-12-31,0.38498890589262336
1187,1915,2024-07-10,1916,2024-07-11,True,0.008037922506182849,1.0,2024,both,2023-12-31,0.386327438528947
1188,1916,2024-07-11,1917,2024-07-12,True,-0.004804743406256251,0.0,2024,both,2023-12-31,0.4305841047176109
1189,1917,2024-07-12,1918,2024-07-15,True,-0.0015408320493066618,0.0,2024,both,2023-12-31,0.4285894419083984
1190,1918,2024-07-15,1919,2024-07-16,True,0.00812757201646086,1.0,2024,both,2023-12-31,0.42555696452739933
1191,1919,2024-07-16,1920,2024-07-17,True,-0.02030819471374623,0.0,2024,both,2023-12-31,0.44231132815230256
1192,1920,2024-07-17,1921,2024-07-18,True,-0.02083333333333337,0.0,2024,both,2023-12-31,0.44389635117534815
1193,1921,2024-07-18,1922,2024-07-19,True,0.02127659574468077,1.0,2024,both,2023-12-31,0.4645094187081843
1194,1922,2024-07-19,1923,2024-07-22,True,-0.016979166666666545,0.0,2024,both,2023-12-31,0.4157125278689966
1195,1923,2024-07-22,1924,2024-07-23,True,-0.0581752675638445,0.0,2024,both,2023-12-31,0.4578853735387886
1196,1924,2024-07-23,1925,2024-07-24,True,-0.029027902790279003,0.0,2024,both,2023-12-31,0.48753319786329097
1197,1925,2024-07-24,1926,2024-07-25,True,-0.022016222479721792,0.0,2024,both,2023-12-31,0.5061003895444661
1198,1926,2024-07-25,1927,2024-07-26,True,0.00011848341232223447,1.0,2024,both,2023-12-31,0.49529452155031234
1199,1927,2024-07-26,1928,2024-07-29,True,-0.022035303873948586,0.0,2024,both,2023-12-31,0.5047968823744027
1200,1928,2024-07-29,1929,2024-07-30,True,0.005330102967898265,1.0,2024,both,2023-12-31,0.5007330632573657
1201,1929,2024-07-30,1930,2024-07-31,True,0.03602843716110393,1.0,2024,both,2023-12-31,0.439411031983926
1202,1930,2024-07-31,1931,2024-08-01,True,0.008839264945335934,1.0,2024,both,2023-12-31,0.4715692656112584
1203,1931,2024-08-01,1932,2024-08-02,True,-0.04242563984320957,0.0,2024,both,2023-12-31,0.45833100414846634
1204,1932,2024-08-02,1933,2024-08-05,True,-0.06501324343847825,0.0,2024,both,2023-12-31,0.5060100336588538
1205,1933,2024-08-05,1934,2024-08-06,True,0.0066958537213495095,1.0,2024,both,2023-12-31,0.5295179685890724
1206,1934,2024-08-06,1935,2024-08-07,True,-0.01573292402148896,0.0,2024,both,2023-12-31,0.4525553104391935
1207,1935,2024-08-07,1936,2024-08-08,True,0.008057179987004393,1.0,2024,both,2023-12-31,0.46389284683062193
1208,1936,2024-08-08,1937,2024-08-09,True,0.007090369988397738,1.0,2024,both,2023-12-31,0.4420613180240233
1209,1937,2024-08-09,1938,2024-08-12,True,0.0008960573476701761,1.0,2024,both,2023-12-31,0.4559196990477785
1210,1938,2024-08-12,1939,2024-08-13,True,0.009847806624888156,1.0,2024,both,2023-12-31,0.44035486809251356
1211,1939,2024-08-13,1940,2024-08-14,True,-0.009245187436676683,0.0,2024,both,2023-12-31,0.4491153574184688
1212,1940,2024-08-14,1941,2024-08-15,True,0.006647066342835073,1.0,2024,both,2023-12-31,0.4395568456744679
1213,1941,2024-08-15,1942,2024-08-16,True,0.0019047619047620756,1.0,2024,both,2023-12-31,0.44461338646939186
1214,1942,2024-08-16,1943,2024-08-19,True,0.0010139416983523386,1.0,2024,both,2023-12-31,0.42293011037467954
1215,1943,2024-08-19,1944,2024-08-20,True,0.003165358318561795,1.0,2024,both,2023-12-31,0.4184863597002131
1216,1944,2024-08-20,1945,2024-08-21,True,-0.06613656443266447,0.0,2024,both,2023-12-31,0.3650090737149237
1217,1945,2024-08-21,1946,2024-08-22,True,-0.0045952155696714625,0.0,2024,both,2023-12-31,0.5622053064673924
1218,1946,2024-08-22,1947,2024-08-23,True,-0.01751527494908356,0.0,2024,both,2023-12-31,0.41142002366568314
1219,1947,2024-08-23,1948,2024-08-26,True,-0.014925373134328401,0.0,2024,both,2023-12-31,0.45974641037684133
1220,1948,2024-08-26,1949,2024-08-27,True,-0.014730639730639594,0.0,2024,both,2023-12-31,0.46638021660170703
1221,1949,2024-08-27,1950,2024-08-28,True,-0.003986900185106168,0.0,2024,both,2023-12-31,0.43051850987805523
1222,1950,2024-08-28,1951,2024-08-29,True,0.0007147962830593713,1.0,2024,both,2023-12-31,0.412293145650513
1223,1951,2024-08-29,1952,2024-08-30,True,0.03399999999999981,1.0,2024,both,2023-12-31,0.43061909824302014
1224,1952,2024-08-30,1953,2024-09-02,True,-0.053053329649074166,0.0,2024,both,2023-12-31,0.42678797529653156
1225,1953,2024-09-02,1954,2024-09-03,True,0.021593230230522176,1.0,2024,both,2023-12-31,0.46023728327634134
1226,1954,2024-09-03,1955,2024-09-04,True,-0.016852327906312525,0.0,2024,both,2023-12-31,0.40925568734580775
1227,1955,2024-09-04,1956,2024-09-05,True,0.007989540964555397,1.0,2024,both,2023-12-31,0.44335785721921295
1228,1956,2024-09-05,1957,2024-09-06,True,-0.021761060671566468,0.0,2024,both,2023-12-31,0.41709074956639414
1229,1957,2024-09-06,1958,2024-09-09,True,-0.003535651149086605,0.0,2024,both,2023-12-31,0.44806694851769163
1230,1958,2024-09-09,1959,2024-09-10,True,0.004287403903016074,1.0,2024,both,2023-12-31,0.42230083998133155
1231,1959,2024-09-10,1960,2024-09-11,True,-0.00426910054467855,0.0,2024,both,2023-12-31,0.45157075795796714
1232,1960,2024-09-11,1961,2024-09-12,True,-0.012418687167356612,0.0,2024,both,2023-12-31,0.44778727690226316
1233,1961,2024-09-12,1962,2024-09-13,True,-0.022455089820359375,0.0,2024,both,2023-12-31,0.4575724099976014
1234,1962,2024-09-13,1963,2024-09-18,True,-0.007963246554364423,0.0,2024,both,2023-12-31,0.4958516126832365
1235,1963,2024-09-18,1964,2024-09-19,True,0.011268910157456125,1.0,2024,both,2023-12-31,0.47289672602833166
1236,1964,2024-09-19,1965,2024-09-20,True,-0.0033582659136009996,0.0,2024,both,2023-12-31,0.48087843085819976
1237,1965,2024-09-20,1966,2024-09-23,True,-0.0024506049931078966,0.0,2024,both,2023-12-31,0.40163076509866
1238,1966,2024-09-23,1967,2024-09-24,True,0.05020727775218803,1.0,2024,both,2023-12-31,0.40753328778315107
1239,1967,2024-09-24,1968,2024-09-25,True,0.015350877192982448,1.0,2024,both,2023-12-31,0.44314737582114866
1240,1968,2024-09-25,1969,2024-09-26,True,0.08380129589632812,1.0,2024,both,2023-12-31,0.44910707877057726
1241,1969,2024-09-26,1970,2024-09-27,True,0.06815464328417709,1.0,2024,both,2023-12-31,0.4020831480815619
1242,1970,2024-09-27,1971,2024-09-30,True,0.09912935323383087,1.0,2024,both,2023-12-31,0.4657661869774282
1243,1971,2024-09-30,1972,2024-10-08,True,0.10003394817245681,1.0,2024,both,2023-12-31,0.43382262481493594
1244,1972,2024-10-08,1973,2024-10-09,True,-0.04227960086410876,0.0,2024,both,2023-12-31,0.4639360348929146
1245,1973,2024-10-09,1974,2024-10-10,True,-0.05392051557465083,0.0,2024,both,2023-12-31,0.5544851020343499
1246,1974,2024-10-10,1975,2024-10-11,True,-0.04632152588555849,0.0,2024,both,2023-12-31,0.567834043146797
1247,1975,2024-10-11,1976,2024-10-14,True,0.02523809523809528,1.0,2024,both,2023-12-31,0.474169028951659
1248,1976,2024-10-14,1977,2024-10-15,True,-0.013005109150023286,0.0,2024,both,2023-12-31,0.5335670559343937
1249,1977,2024-10-15,1978,2024-10-16,True,-0.022588235294117687,0.0,2024,both,2023-12-31,0.46771921765828306
1250,1978,2024-10-16,1979,2024-10-17,True,-0.008305247953779515,0.0,2024,both,2023-12-31,0.49728877589755854
1251,1979,2024-10-17,1980,2024-10-18,True,0.06493506493506485,1.0,2024,both,2023-12-31,0.5178176042087653
1252,1980,2024-10-18,1981,2024-10-21,True,0.024846136311830413,1.0,2024,both,2023-12-31,0.5167233317887938
1253,1981,2024-10-21,1982,2024-10-22,True,-0.01245551601423489,0.0,2024,both,2023-12-31,0.5541842633013131
1254,1982,2024-10-22,1983,2024-10-23,True,-0.009009009009008917,0.0,2024,both,2023-12-31,0.5252731578016077
1255,1983,2024-10-23,1984,2024-10-24,True,0.003409090909090917,1.0,2024,both,2023-12-31,0.5189600562626314
1256,1984,2024-10-24,1985,2024-10-25,True,0.00962627406568517,1.0,2024,both,2023-12-31,0.48936172169935116
1257,1985,2024-10-25,1986,2024-10-28,True,0.018059450364554364,1.0,2024,both,2023-12-31,0.5228301679692509
1258,1986,2024-10-28,1987,2024-10-29,True,-0.0237990304098723,0.0,2024,both,2023-12-31,0.4854213864795622
1259,1987,2024-10-29,1988,2024-10-30,True,0.0018058690744922057,1.0,2024,both,2023-12-31,0.568955642922263
1260,1988,2024-10-30,1989,2024-10-31,True,0.015885534024335124,1.0,2024,both,2023-12-31,0.4875967056568999
1261,1989,2024-10-31,1990,2024-11-01,True,-0.04291893090828436,0.0,2024,both,2023-12-31,0.5370856614091096
1262,1990,2024-11-01,1991,2024-11-04,True,0.042873696407879525,1.0,2024,both,2023-12-31,0.5824605278092898
1263,1991,2024-11-04,1992,2024-11-05,True,0.023111111111111082,1.0,2024,both,2023-12-31,0.46158111386985345
1264,1992,2024-11-05,1993,2024-11-06,True,0.026498696785403952,1.0,2024,both,2023-12-31,0.5358656640657727
1265,1993,2024-11-06,1994,2024-11-07,True,0.022429115531104715,1.0,2024,both,2023-12-31,0.4577532798529184
1266,1994,2024-11-07,1995,2024-11-08,True,-0.012003311258278138,0.0,2024,both,2023-12-31,0.4653898208932775
1267,1995,2024-11-08,1996,2024-11-11,True,0.038332635106828716,1.0,2024,both,2023-12-31,0.45543340666343163
1268,1996,2024-11-11,1997,2024-11-12,True,-0.022997780915876564,0.0,2024,both,2023-12-31,0.44986188540377847
1269,1997,2024-11-12,1998,2024-11-13,True,-0.005678298575263363,0.0,2024,both,2023-12-31,0.43965750159042927
1270,1998,2024-11-13,1999,2024-11-14,True,-0.04246703353753489,0.0,2024,both,2023-12-31,0.4572538637214873
1271,1999,2024-11-14,2000,2024-11-15,True,-0.0285187594881805,0.0,2024,both,2023-12-31,0.45988701467667686
1272,2000,2024-11-15,2001,2024-11-18,True,-0.0349369349257731,0.0,2024,both,2023-12-31,0.40778584659072237
1273,2001,2024-11-18,2002,2024-11-19,True,0.026601896830904748,1.0,2024,both,2023-12-31,0.47184354769263964
1274,2002,2024-11-19,2003,2024-11-20,True,-0.005069851284362326,0.0,2024,both,2023-12-31,0.43953120569483295
1275,2003,2024-11-20,2004,2024-11-21,True,0.00011323745895142068,1.0,2024,both,2023-12-31,0.45145307487027914
1276,2004,2024-11-21,2005,2024-11-22,True,-0.04461050724637683,0.0,2024,both,2023-12-31,0.4566936019915103
1277,2005,2024-11-22,2006,2024-11-25,True,-0.005570040293908507,0.0,2024,both,2023-12-31,0.4561810839963116
1278,2006,2024-11-25,2007,2024-11-26,True,-0.008223096174472588,0.0,2024,both,2023-12-31,0.4518545681985466
1279,2007,2024-11-26,2008,2024-11-27,True,0.021389089161259367,1.0,2024,both,2023-12-31,0.44035552736569145
1280,2008,2024-11-27,2009,2024-11-28,True,0.002823529411764669,1.0,2024,both,2023-12-31,0.48455801436127477
1281,2009,2024-11-28,2010,2024-11-29,True,0.006335053965274673,1.0,2024,both,2023-12-31,0.4320381647032747
1282,2010,2024-11-29,2011,2024-12-02,True,-0.011657729074376344,0.0,2024,both,2023-12-31,0.47766276890115256
1283,2011,2024-12-02,2012,2024-12-03,True,-0.012502948808681413,0.0,2024,both,2023-12-31,0.5013962499236605
1284,2012,2024-12-03,2013,2024-12-04,True,0.025680840898232304,1.0,2024,both,2023-12-31,0.4690586434673546
1285,2013,2024-12-04,2014,2024-12-05,True,-0.00919995341795743,0.0,2024,both,2023-12-31,0.42054789660421626
1286,2014,2024-12-05,2015,2024-12-06,True,0.010578279266572732,1.0,2024,both,2023-12-31,0.4707516371413694
1287,2015,2024-12-06,2016,2024-12-09,True,-0.030937427308676546,0.0,2024,both,2023-12-31,0.46368642382952446
1288,2016,2024-12-09,2017,2024-12-10,True,0.004440710513682111,1.0,2024,both,2023-12-31,0.4887254585840457
1289,2017,2024-12-10,2018,2024-12-11,True,0.0062134066196679605,1.0,2024,both,2023-12-31,0.49110649921466715
1290,2018,2024-12-11,2019,2024-12-12,True,0.00380002375014854,1.0,2024,both,2023-12-31,0.42805079229729437
1291,2019,2024-12-12,2020,2024-12-13,True,0.09996450964154757,1.0,2024,both,2023-12-31,0.4652636614287322
1292,2020,2024-12-13,2021,2024-12-16,True,0.03957840395784018,1.0,2024,both,2023-12-31,0.257651171913774
1293,2021,2024-12-16,2022,2024-12-17,True,-0.030829712393958042,0.0,2024,both,2023-12-31,0.3509562684800448
1294,2022,2024-12-17,2023,2024-12-18,True,0.10002134927412443,1.0,2024,both,2023-12-31,0.5229931690695675
1295,2023,2024-12-18,2024,2024-12-19,True,0.08830664725861248,1.0,2024,both,2023-12-31,0.3476207718018614
1296,2024,2024-12-19,2025,2024-12-20,True,0.009362460989745802,1.0,2024,both,2023-12-31,0.38861553581968095
1297,2025,2024-12-20,2026,2024-12-23,True,-0.05256183745583043,0.0,2024,both,2023-12-31,0.5041537228858581
1298,2026,2024-12-23,2027,2024-12-24,True,0.006993006993006867,1.0,2024,both,2023-12-31,0.6109029043605497
1299,2027,2024-12-24,2028,2024-12-25,True,0.016296296296296475,1.0,2024,both,2023-12-31,0.5255739541687309
1300,2028,2024-12-25,2029,2024-12-26,True,0.047740524781341165,1.0,2024,both,2023-12-31,0.4774938799648554
1301,2029,2024-12-26,2030,2024-12-27,True,-0.026434782608695695,0.0,2024,both,2023-12-31,0.4165452556385615
1302,2030,2024-12-27,2031,2024-12-30,True,0.016613076098606516,1.0,2024,both,2023-12-31,0.5360816010877892
1303,2031,2024-12-30,2032,2024-12-31,True,-0.06167633104902481,0.0,2024,both,2023-12-31,0.4671161956421918
1304,2032,2024-12-31,2033,2025-01-02,True,-0.03567415730337076,0.0,2024,both,2023-12-31,0.549661576620121
1063,1791,2024-01-02,1792,2024-01-03,True,-0.04356523671927104,0.0,2024,frequency,2023-12-31,0.49221789883268485
1064,1792,2024-01-03,1793,2024-01-04,True,-0.05531024866372303,0.0,2024,frequency,2023-12-31,0.49221789883268485
1065,1793,2024-01-04,1794,2024-01-05,True,-0.019680196801967864,0.0,2024,frequency,2023-12-31,0.49221789883268485
1066,1794,2024-01-05,1795,2024-01-08,True,-0.026223337515683953,0.0,2024,frequency,2023-12-31,0.49221789883268485
1067,1795,2024-01-08,1796,2024-01-09,True,0.0011596443757249109,1.0,2024,frequency,2023-12-31,0.49221789883268485
1068,1796,2024-01-09,1797,2024-01-10,True,-0.01441441441441449,0.0,2024,frequency,2023-12-31,0.49221789883268485
1069,1797,2024-01-10,1798,2024-01-11,True,0.016714546879080583,1.0,2024,frequency,2023-12-31,0.49221789883268485
1070,1798,2024-01-11,1799,2024-01-12,True,-0.016182892370922297,0.0,2024,frequency,2023-12-31,0.49221789883268485
1071,1799,2024-01-12,1800,2024-01-15,True,-0.0006527415143602333,0.0,2024,frequency,2023-12-31,0.49221789883268485
1072,1800,2024-01-15,1801,2024-01-16,True,-0.0009144350097973764,0.0,2024,frequency,2023-12-31,0.49221789883268485
1073,1801,2024-01-16,1802,2024-01-17,True,-0.028111924686192613,0.0,2024,frequency,2023-12-31,0.49221789883268485
1074,1802,2024-01-17,1803,2024-01-18,True,0.021525628951971187,1.0,2024,frequency,2023-12-31,0.49221789883268485
1075,1803,2024-01-18,1804,2024-01-19,True,-0.00856051626498111,0.0,2024,frequency,2023-12-31,0.49221789883268485
1076,1804,2024-01-19,1805,2024-01-22,True,-0.039718384697130626,0.0,2024,frequency,2023-12-31,0.49221789883268485
1077,1805,2024-01-22,1806,2024-01-23,True,0.013003181629547722,1.0,2024,frequency,2023-12-31,0.49221789883268485
1078,1806,2024-01-23,1807,2024-01-24,True,-0.01543083435750392,0.0,2024,frequency,2023-12-31,0.49221789883268485
1079,1807,2024-01-24,1808,2024-01-25,True,0.02857142857142847,1.0,2024,frequency,2023-12-31,0.49221789883268485
1080,1808,2024-01-25,1809,2024-01-26,True,-0.07322006472491904,0.0,2024,frequency,2023-12-31,0.49221789883268485
1081,1809,2024-01-26,1810,2024-01-29,True,-0.02982685872253732,0.0,2024,frequency,2023-12-31,0.49221789883268485
1082,1810,2024-01-29,1811,2024-01-30,True,-0.01994601079784053,0.0,2024,frequency,2023-12-31,0.49221789883268485
1083,1811,2024-01-30,1812,2024-01-31,True,-0.04361132364192799,0.0,2024,frequency,2023-12-31,0.49221789883268485
1084,1812,2024-01-31,1813,2024-02-01,True,0.01295999999999986,1.0,2024,frequency,2023-12-31,0.49221789883268485
1085,1813,2024-02-01,1814,2024-02-02,True,-0.04943926709840463,0.0,2024,frequency,2023-12-31,0.49221789883268485
1086,1814,2024-02-02,1815,2024-02-05,True,-0.03755400465270853,0.0,2024,frequency,2023-12-31,0.49221789883268485
1087,1815,2024-02-05,1816,2024-02-06,True,0.06975138121546953,1.0,2024,frequency,2023-12-31,0.49221789883268485
1088,1816,2024-02-06,1817,2024-02-07,True,0.0054874112330534075,1.0,2024,frequency,2023-12-31,0.49221789883268485
1089,1817,2024-02-07,1818,2024-02-08,True,0.10000000000000009,1.0,2024,frequency,2023-12-31,0.49221789883268485
1090,1818,2024-02-08,1819,2024-02-19,True,-0.023055596089303965,0.0,2024,frequency,2023-12-31,0.49221789883268485
1091,1819,2024-02-19,1820,2024-02-20,True,0.0477968633308441,1.0,2024,frequency,2023-12-31,0.49221789883268485
1092,1820,2024-02-20,1821,2024-02-21,True,-0.012544547398432138,0.0,2024,frequency,2023-12-31,0.49221789883268485
1093,1821,2024-02-21,1822,2024-02-22,True,0.04720658293633617,1.0,2024,frequency,2023-12-31,0.49221789883268485
1094,1822,2024-02-22,1823,2024-02-23,True,-0.007719878687620696,0.0,2024,frequency,2023-12-31,0.49221789883268485
1095,1823,2024-02-23,1824,2024-02-26,True,-0.008613503751041973,0.0,2024,frequency,2023-12-31,0.49221789883268485
1096,1824,2024-02-26,1825,2024-02-27,True,0.03965807174887881,1.0,2024,frequency,2023-12-31,0.49221789883268485
1097,1825,2024-02-27,1826,2024-02-28,True,-0.057824504650222264,0.0,2024,frequency,2023-12-31,0.49221789883268485
1098,1826,2024-02-28,1827,2024-02-29,True,0.04821173104434884,1.0,2024,frequency,2023-12-31,0.49221789883268485
1099,1827,2024-02-29,1828,2024-03-01,True,0.033983895182202906,1.0,2024,frequency,2023-12-31,0.49221789883268485
1100,1828,2024-03-01,1829,2024-03-04,True,-0.01095564941921845,0.0,2024,frequency,2023-12-31,0.49221789883268485
1101,1829,2024-03-04,1830,2024-03-05,True,-0.008941678900306949,0.0,2024,frequency,2023-12-31,0.49221789883268485
1102,1830,2024-03-05,1831,2024-03-06,True,-0.019256665768920156,0.0,2024,frequency,2023-12-31,0.49221789883268485
1103,1831,2024-03-06,1832,2024-03-07,True,-0.03171769875051489,0.0,2024,frequency,2023-12-31,0.49221789883268485
1104,1832,2024-03-07,1833,2024-03-08,True,0.015314804310833763,1.0,2024,frequency,2023-12-31,0.49221789883268485
1105,1833,2024-03-08,1834,2024-03-11,True,0.04231843575418992,1.0,2024,frequency,2023-12-31,0.49221789883268485
1106,1834,2024-03-11,1835,2024-03-12,True,0.05855554066729218,1.0,2024,frequency,2023-12-31,0.49221789883268485
1107,1835,2024-03-12,1836,2024-03-13,True,-0.008227848101265978,0.0,2024,frequency,2023-12-31,0.49221789883268485
1108,1836,2024-03-13,1837,2024-03-14,True,-0.014932992980216775,0.0,2024,frequency,2023-12-31,0.49221789883268485
1109,1837,2024-03-14,1838,2024-03-15,True,0.003109613889608731,1.0,2024,frequency,2023-12-31,0.49221789883268485
1110,1838,2024-03-15,1839,2024-03-18,True,0.0060707827434771655,1.0,2024,frequency,2023-12-31,0.49221789883268485
1111,1839,2024-03-18,1840,2024-03-19,True,-0.008730260623956987,0.0,2024,frequency,2023-12-31,0.49221789883268485
1112,1840,2024-03-19,1841,2024-03-20,True,-0.0014246859215127916,0.0,2024,frequency,2023-12-31,0.49221789883268485
1113,1841,2024-03-20,1842,2024-03-21,True,0.039559014267185555,1.0,2024,frequency,2023-12-31,0.49221789883268485
1114,1842,2024-03-21,1843,2024-03-22,True,-0.02208359326263276,0.0,2024,frequency,2023-12-31,0.49221789883268485
1115,1843,2024-03-22,1844,2024-03-25,True,-0.061878030109721815,0.0,2024,frequency,2023-12-31,0.49221789883268485
1116,1844,2024-03-25,1845,2024-03-26,True,0.039983680130559085,1.0,2024,frequency,2023-12-31,0.49221789883268485
1117,1845,2024-03-26,1846,2024-03-27,True,-0.0748005753890415,0.0,2024,frequency,2023-12-31,0.49221789883268485
1118,1846,2024-03-27,1847,2024-03-28,True,0.028268551236749095,1.0,2024,frequency,2023-12-31,0.49221789883268485
1119,1847,2024-03-28,1848,2024-03-29,True,-0.012096219931271412,0.0,2024,frequency,2023-12-31,0.49221789883268485
1120,1848,2024-03-29,1849,2024-04-01,True,0.007930986503408954,1.0,2024,frequency,2023-12-31,0.49221789883268485
1121,1849,2024-04-01,1850,2024-04-02,True,-0.007454445057978876,0.0,2024,frequency,2023-12-31,0.49221789883268485
1122,1850,2024-04-02,1851,2024-04-03,True,-0.004033379694019623,0.0,2024,frequency,2023-12-31,0.49221789883268485
1123,1851,2024-04-03,1852,2024-04-08,True,-0.02611367127496167,0.0,2024,frequency,2023-12-31,0.49221789883268485
1124,1852,2024-04-08,1853,2024-04-09,True,0.001577287066246047,1.0,2024,frequency,2023-12-31,0.49221789883268485
1125,1853,2024-04-09,1854,2024-04-10,True,-0.049105225483178194,0.0,2024,frequency,2023-12-31,0.49221789883268485
1126,1854,2024-04-10,1855,2024-04-11,True,0.056609454983438834,1.0,2024,frequency,2023-12-31,0.49221789883268485
1127,1855,2024-04-11,1856,2024-04-12,True,0.05229410088344255,1.0,2024,frequency,2023-12-31,0.49221789883268485
1128,1856,2024-04-12,1857,2024-04-15,True,-0.008801624915368844,0.0,2024,frequency,2023-12-31,0.49221789883268485
1129,1857,2024-04-15,1858,2024-04-16,True,-0.05915300546448088,0.0,2024,frequency,2023-12-31,0.49221789883268485
1130,1858,2024-04-16,1859,2024-04-17,True,0.10004356033105855,1.0,2024,frequency,2023-12-31,0.49221789883268485
1131,1859,2024-04-17,1860,2024-04-18,True,0.0031678986272438703,1.0,2024,frequency,2023-12-31,0.49221789883268485
1132,1860,2024-04-18,1861,2024-04-19,True,-0.025131578947368394,0.0,2024,frequency,2023-12-31,0.49221789883268485
1133,1861,2024-04-19,1862,2024-04-22,True,0.025239573491699252,1.0,2024,frequency,2023-12-31,0.49221789883268485
1134,1862,2024-04-22,1863,2024-04-23,True,-0.019220642443391167,0.0,2024,frequency,2023-12-31,0.49221789883268485
1135,1863,2024-04-23,1864,2024-04-24,True,0.04563758389261752,1.0,2024,frequency,2023-12-31,0.49221789883268485
1136,1864,2024-04-24,1865,2024-04-25,True,-0.010141206675224668,0.0,2024,frequency,2023-12-31,0.49221789883268485
1137,1865,2024-04-25,1866,2024-04-26,True,0.020619893658410104,1.0,2024,frequency,2023-12-31,0.49221789883268485
1138,1866,2024-04-26,1867,2024-04-29,True,0.0006353240152476847,1.0,2024,frequency,2023-12-31,0.49221789883268485
1139,1867,2024-04-29,1868,2024-04-30,True,0.0,0.0,2024,frequency,2023-12-31,0.49221789883268485
1140,1868,2024-04-30,1869,2024-05-06,True,0.04050793650793638,1.0,2024,frequency,2023-12-31,0.49221789883268485
1141,1869,2024-05-06,1870,2024-05-07,True,0.025506468147424854,1.0,2024,frequency,2023-12-31,0.49221789883268485
1142,1870,2024-05-07,1871,2024-05-08,True,-0.024277043912888208,0.0,2024,frequency,2023-12-31,0.49221789883268485
1143,1871,2024-05-08,1872,2024-05-09,True,0.007317965605561749,1.0,2024,frequency,2023-12-31,0.49221789883268485
1144,1872,2024-05-09,1873,2024-05-10,True,-0.0012108003390242095,0.0,2024,frequency,2023-12-31,0.49221789883268485
1145,1873,2024-05-10,1874,2024-05-13,True,0.046429870287307606,1.0,2024,frequency,2023-12-31,0.49221789883268485
1146,1874,2024-05-13,1875,2024-05-14,True,0.0034754402224281833,1.0,2024,frequency,2023-12-31,0.49221789883268485
1147,1875,2024-05-14,1876,2024-05-15,True,-0.03694296929115681,0.0,2024,frequency,2023-12-31,0.49221789883268485
1148,1876,2024-05-15,1877,2024-05-16,True,-0.02241668664588825,0.0,2024,frequency,2023-12-31,0.49221789883268485
1149,1877,2024-05-16,1878,2024-05-17,True,0.016186388718577582,1.0,2024,frequency,2023-12-31,0.49221789883268485
1150,1878,2024-05-17,1879,2024-05-20,True,-0.002292747677084539,0.0,2024,frequency,2023-12-31,0.49221789883268485
1151,1879,2024-05-20,1880,2024-05-21,True,0.002902757619738683,1.0,2024,frequency,2023-12-31,0.49221789883268485
1152,1880,2024-05-21,1881,2024-05-22,True,-0.004703328509406579,0.0,2024,frequency,2023-12-31,0.49221789883268485
1153,1881,2024-05-22,1882,2024-05-23,True,-0.015388343632618318,0.0,2024,frequency,2023-12-31,0.49221789883268485
1154,1882,2024-05-23,1883,2024-05-24,True,-0.03273443268520815,0.0,2024,frequency,2023-12-31,0.49221789883268485
1155,1883,2024-05-24,1884,2024-05-27,True,0.03664122137404613,1.0,2024,frequency,2023-12-31,0.49221789883268485
1156,1884,2024-05-27,1885,2024-05-28,True,0.0025773195876286348,1.0,2024,frequency,2023-12-31,0.49221789883268485
1157,1885,2024-05-28,1886,2024-05-29,True,-0.015301750520259394,0.0,2024,frequency,2023-12-31,0.49221789883268485
1158,1886,2024-05-29,1887,2024-05-30,True,0.0241173545499751,1.0,2024,frequency,2023-12-31,0.49221789883268485
1159,1887,2024-05-30,1888,2024-05-31,True,0.008861374119932153,1.0,2024,frequency,2023-12-31,0.49221789883268485
1160,1888,2024-05-31,1889,2024-06-03,True,0.036818674046444455,1.0,2024,frequency,2023-12-31,0.49221789883268485
1161,1889,2024-06-03,1890,2024-06-04,True,-0.01009632122548454,0.0,2024,frequency,2023-12-31,0.49221789883268485
1162,1890,2024-06-04,1891,2024-06-05,True,-0.006213364595545112,0.0,2024,frequency,2023-12-31,0.49221789883268485
1163,1891,2024-06-05,1892,2024-06-06,True,-0.019110534387165257,0.0,2024,frequency,2023-12-31,0.49221789883268485
1164,1892,2024-06-06,1893,2024-06-07,True,0.0037282020444977526,1.0,2024,frequency,2023-12-31,0.49221789883268485
1165,1893,2024-06-07,1894,2024-06-11,True,0.049125329499161374,1.0,2024,frequency,2023-12-31,0.49221789883268485
1166,1894,2024-06-11,1895,2024-06-12,True,-0.010963910461397997,0.0,2024,frequency,2023-12-31,0.49221789883268485
1167,1895,2024-06-12,1896,2024-06-13,True,0.02771362586605086,1.0,2024,frequency,2023-12-31,0.49221789883268485
1168,1896,2024-06-13,1897,2024-06-14,True,0.018651685393258566,1.0,2024,frequency,2023-12-31,0.49221789883268485
1169,1897,2024-06-14,1898,2024-06-17,True,0.03992940657401278,1.0,2024,frequency,2023-12-31,0.49221789883268485
1170,1898,2024-06-17,1899,2024-06-18,True,-0.007212558336868957,0.0,2024,frequency,2023-12-31,0.49221789883268485
1171,1899,2024-06-18,1900,2024-06-19,True,0.011858974358974317,1.0,2024,frequency,2023-12-31,0.49221789883268485
1172,1900,2024-06-19,1901,2024-06-20,True,-0.018055115616091078,0.0,2024,frequency,2023-12-31,0.49221789883268485
1173,1901,2024-06-20,1902,2024-06-21,True,0.016129032258064502,1.0,2024,frequency,2023-12-31,0.49221789883268485
1174,1902,2024-06-21,1903,2024-06-24,True,-0.021693121693121542,0.0,2024,frequency,2023-12-31,0.49221789883268485
1175,1903,2024-06-24,1904,2024-06-25,True,-0.027041644131963305,0.0,2024,frequency,2023-12-31,0.49221789883268485
1176,1904,2024-06-25,1905,2024-06-26,True,0.036131183991106264,1.0,2024,frequency,2023-12-31,0.49221789883268485
1177,1905,2024-06-26,1906,2024-06-27,True,0.010729613733905685,1.0,2024,frequency,2023-12-31,0.49221789883268485
1178,1906,2024-06-27,1907,2024-06-28,True,0.015074309978768463,1.0,2024,frequency,2023-12-31,0.49221789883268485
1179,1907,2024-06-28,1908,2024-07-01,True,-0.012654256431708921,0.0,2024,frequency,2023-12-31,0.49221789883268485
1180,1908,2024-07-01,1909,2024-07-02,True,-0.044486812837623124,0.0,2024,frequency,2023-12-31,0.49221789883268485
1181,1909,2024-07-02,1910,2024-07-03,True,0.016406163396519124,1.0,2024,frequency,2023-12-31,0.49221789883268485
1182,1910,2024-07-03,1911,2024-07-04,True,-0.0009815683280619547,0.0,2024,frequency,2023-12-31,0.49221789883268485
1183,1911,2024-07-04,1912,2024-07-05,True,0.0026200873362445254,1.0,2024,frequency,2023-12-31,0.49221789883268485
1184,1912,2024-07-05,1913,2024-07-08,True,0.0013066202090592505,1.0,2024,frequency,2023-12-31,0.49221789883268485
1185,1913,2024-07-08,1914,2024-07-09,True,0.04849934754240981,1.0,2024,frequency,2023-12-31,0.49221789883268485
1186,1914,2024-07-09,1915,2024-07-10,True,0.0064302012030699185,1.0,2024,frequency,2023-12-31,0.49221789883268485
1187,1915,2024-07-10,1916,2024-07-11,True,0.008037922506182849,1.0,2024,frequency,2023-12-31,0.49221789883268485
1188,1916,2024-07-11,1917,2024-07-12,True,-0.004804743406256251,0.0,2024,frequency,2023-12-31,0.49221789883268485
1189,1917,2024-07-12,1918,2024-07-15,True,-0.0015408320493066618,0.0,2024,frequency,2023-12-31,0.49221789883268485
1190,1918,2024-07-15,1919,2024-07-16,True,0.00812757201646086,1.0,2024,frequency,2023-12-31,0.49221789883268485
1191,1919,2024-07-16,1920,2024-07-17,True,-0.02030819471374623,0.0,2024,frequency,2023-12-31,0.49221789883268485
1192,1920,2024-07-17,1921,2024-07-18,True,-0.02083333333333337,0.0,2024,frequency,2023-12-31,0.49221789883268485
1193,1921,2024-07-18,1922,2024-07-19,True,0.02127659574468077,1.0,2024,frequency,2023-12-31,0.49221789883268485
1194,1922,2024-07-19,1923,2024-07-22,True,-0.016979166666666545,0.0,2024,frequency,2023-12-31,0.49221789883268485
1195,1923,2024-07-22,1924,2024-07-23,True,-0.0581752675638445,0.0,2024,frequency,2023-12-31,0.49221789883268485
1196,1924,2024-07-23,1925,2024-07-24,True,-0.029027902790279003,0.0,2024,frequency,2023-12-31,0.49221789883268485
1197,1925,2024-07-24,1926,2024-07-25,True,-0.022016222479721792,0.0,2024,frequency,2023-12-31,0.49221789883268485
1198,1926,2024-07-25,1927,2024-07-26,True,0.00011848341232223447,1.0,2024,frequency,2023-12-31,0.49221789883268485
1199,1927,2024-07-26,1928,2024-07-29,True,-0.022035303873948586,0.0,2024,frequency,2023-12-31,0.49221789883268485
1200,1928,2024-07-29,1929,2024-07-30,True,0.005330102967898265,1.0,2024,frequency,2023-12-31,0.49221789883268485
1201,1929,2024-07-30,1930,2024-07-31,True,0.03602843716110393,1.0,2024,frequency,2023-12-31,0.49221789883268485
1202,1930,2024-07-31,1931,2024-08-01,True,0.008839264945335934,1.0,2024,frequency,2023-12-31,0.49221789883268485
1203,1931,2024-08-01,1932,2024-08-02,True,-0.04242563984320957,0.0,2024,frequency,2023-12-31,0.49221789883268485
1204,1932,2024-08-02,1933,2024-08-05,True,-0.06501324343847825,0.0,2024,frequency,2023-12-31,0.49221789883268485
1205,1933,2024-08-05,1934,2024-08-06,True,0.0066958537213495095,1.0,2024,frequency,2023-12-31,0.49221789883268485
1206,1934,2024-08-06,1935,2024-08-07,True,-0.01573292402148896,0.0,2024,frequency,2023-12-31,0.49221789883268485
1207,1935,2024-08-07,1936,2024-08-08,True,0.008057179987004393,1.0,2024,frequency,2023-12-31,0.49221789883268485
1208,1936,2024-08-08,1937,2024-08-09,True,0.007090369988397738,1.0,2024,frequency,2023-12-31,0.49221789883268485
1209,1937,2024-08-09,1938,2024-08-12,True,0.0008960573476701761,1.0,2024,frequency,2023-12-31,0.49221789883268485
1210,1938,2024-08-12,1939,2024-08-13,True,0.009847806624888156,1.0,2024,frequency,2023-12-31,0.49221789883268485
1211,1939,2024-08-13,1940,2024-08-14,True,-0.009245187436676683,0.0,2024,frequency,2023-12-31,0.49221789883268485
1212,1940,2024-08-14,1941,2024-08-15,True,0.006647066342835073,1.0,2024,frequency,2023-12-31,0.49221789883268485
1213,1941,2024-08-15,1942,2024-08-16,True,0.0019047619047620756,1.0,2024,frequency,2023-12-31,0.49221789883268485
1214,1942,2024-08-16,1943,2024-08-19,True,0.0010139416983523386,1.0,2024,frequency,2023-12-31,0.49221789883268485
1215,1943,2024-08-19,1944,2024-08-20,True,0.003165358318561795,1.0,2024,frequency,2023-12-31,0.49221789883268485
1216,1944,2024-08-20,1945,2024-08-21,True,-0.06613656443266447,0.0,2024,frequency,2023-12-31,0.49221789883268485
1217,1945,2024-08-21,1946,2024-08-22,True,-0.0045952155696714625,0.0,2024,frequency,2023-12-31,0.49221789883268485
1218,1946,2024-08-22,1947,2024-08-23,True,-0.01751527494908356,0.0,2024,frequency,2023-12-31,0.49221789883268485
1219,1947,2024-08-23,1948,2024-08-26,True,-0.014925373134328401,0.0,2024,frequency,2023-12-31,0.49221789883268485
1220,1948,2024-08-26,1949,2024-08-27,True,-0.014730639730639594,0.0,2024,frequency,2023-12-31,0.49221789883268485
1221,1949,2024-08-27,1950,2024-08-28,True,-0.003986900185106168,0.0,2024,frequency,2023-12-31,0.49221789883268485
1222,1950,2024-08-28,1951,2024-08-29,True,0.0007147962830593713,1.0,2024,frequency,2023-12-31,0.49221789883268485
1223,1951,2024-08-29,1952,2024-08-30,True,0.03399999999999981,1.0,2024,frequency,2023-12-31,0.49221789883268485
1224,1952,2024-08-30,1953,2024-09-02,True,-0.053053329649074166,0.0,2024,frequency,2023-12-31,0.49221789883268485
1225,1953,2024-09-02,1954,2024-09-03,True,0.021593230230522176,1.0,2024,frequency,2023-12-31,0.49221789883268485
1226,1954,2024-09-03,1955,2024-09-04,True,-0.016852327906312525,0.0,2024,frequency,2023-12-31,0.49221789883268485
1227,1955,2024-09-04,1956,2024-09-05,True,0.007989540964555397,1.0,2024,frequency,2023-12-31,0.49221789883268485
1228,1956,2024-09-05,1957,2024-09-06,True,-0.021761060671566468,0.0,2024,frequency,2023-12-31,0.49221789883268485
1229,1957,2024-09-06,1958,2024-09-09,True,-0.003535651149086605,0.0,2024,frequency,2023-12-31,0.49221789883268485
1230,1958,2024-09-09,1959,2024-09-10,True,0.004287403903016074,1.0,2024,frequency,2023-12-31,0.49221789883268485
1231,1959,2024-09-10,1960,2024-09-11,True,-0.00426910054467855,0.0,2024,frequency,2023-12-31,0.49221789883268485
1232,1960,2024-09-11,1961,2024-09-12,True,-0.012418687167356612,0.0,2024,frequency,2023-12-31,0.49221789883268485
1233,1961,2024-09-12,1962,2024-09-13,True,-0.022455089820359375,0.0,2024,frequency,2023-12-31,0.49221789883268485
1234,1962,2024-09-13,1963,2024-09-18,True,-0.007963246554364423,0.0,2024,frequency,2023-12-31,0.49221789883268485
1235,1963,2024-09-18,1964,2024-09-19,True,0.011268910157456125,1.0,2024,frequency,2023-12-31,0.49221789883268485
1236,1964,2024-09-19,1965,2024-09-20,True,-0.0033582659136009996,0.0,2024,frequency,2023-12-31,0.49221789883268485
1237,1965,2024-09-20,1966,2024-09-23,True,-0.0024506049931078966,0.0,2024,frequency,2023-12-31,0.49221789883268485
1238,1966,2024-09-23,1967,2024-09-24,True,0.05020727775218803,1.0,2024,frequency,2023-12-31,0.49221789883268485
1239,1967,2024-09-24,1968,2024-09-25,True,0.015350877192982448,1.0,2024,frequency,2023-12-31,0.49221789883268485
1240,1968,2024-09-25,1969,2024-09-26,True,0.08380129589632812,1.0,2024,frequency,2023-12-31,0.49221789883268485
1241,1969,2024-09-26,1970,2024-09-27,True,0.06815464328417709,1.0,2024,frequency,2023-12-31,0.49221789883268485
1242,1970,2024-09-27,1971,2024-09-30,True,0.09912935323383087,1.0,2024,frequency,2023-12-31,0.49221789883268485
1243,1971,2024-09-30,1972,2024-10-08,True,0.10003394817245681,1.0,2024,frequency,2023-12-31,0.49221789883268485
1244,1972,2024-10-08,1973,2024-10-09,True,-0.04227960086410876,0.0,2024,frequency,2023-12-31,0.49221789883268485
1245,1973,2024-10-09,1974,2024-10-10,True,-0.05392051557465083,0.0,2024,frequency,2023-12-31,0.49221789883268485
1246,1974,2024-10-10,1975,2024-10-11,True,-0.04632152588555849,0.0,2024,frequency,2023-12-31,0.49221789883268485
1247,1975,2024-10-11,1976,2024-10-14,True,0.02523809523809528,1.0,2024,frequency,2023-12-31,0.49221789883268485
1248,1976,2024-10-14,1977,2024-10-15,True,-0.013005109150023286,0.0,2024,frequency,2023-12-31,0.49221789883268485
1249,1977,2024-10-15,1978,2024-10-16,True,-0.022588235294117687,0.0,2024,frequency,2023-12-31,0.49221789883268485
1250,1978,2024-10-16,1979,2024-10-17,True,-0.008305247953779515,0.0,2024,frequency,2023-12-31,0.49221789883268485
1251,1979,2024-10-17,1980,2024-10-18,True,0.06493506493506485,1.0,2024,frequency,2023-12-31,0.49221789883268485
1252,1980,2024-10-18,1981,2024-10-21,True,0.024846136311830413,1.0,2024,frequency,2023-12-31,0.49221789883268485
1253,1981,2024-10-21,1982,2024-10-22,True,-0.01245551601423489,0.0,2024,frequency,2023-12-31,0.49221789883268485
1254,1982,2024-10-22,1983,2024-10-23,True,-0.009009009009008917,0.0,2024,frequency,2023-12-31,0.49221789883268485
1255,1983,2024-10-23,1984,2024-10-24,True,0.003409090909090917,1.0,2024,frequency,2023-12-31,0.49221789883268485
1256,1984,2024-10-24,1985,2024-10-25,True,0.00962627406568517,1.0,2024,frequency,2023-12-31,0.49221789883268485
1257,1985,2024-10-25,1986,2024-10-28,True,0.018059450364554364,1.0,2024,frequency,2023-12-31,0.49221789883268485
1258,1986,2024-10-28,1987,2024-10-29,True,-0.0237990304098723,0.0,2024,frequency,2023-12-31,0.49221789883268485
1259,1987,2024-10-29,1988,2024-10-30,True,0.0018058690744922057,1.0,2024,frequency,2023-12-31,0.49221789883268485
1260,1988,2024-10-30,1989,2024-10-31,True,0.015885534024335124,1.0,2024,frequency,2023-12-31,0.49221789883268485
1261,1989,2024-10-31,1990,2024-11-01,True,-0.04291893090828436,0.0,2024,frequency,2023-12-31,0.49221789883268485
1262,1990,2024-11-01,1991,2024-11-04,True,0.042873696407879525,1.0,2024,frequency,2023-12-31,0.49221789883268485
1263,1991,2024-11-04,1992,2024-11-05,True,0.023111111111111082,1.0,2024,frequency,2023-12-31,0.49221789883268485
1264,1992,2024-11-05,1993,2024-11-06,True,0.026498696785403952,1.0,2024,frequency,2023-12-31,0.49221789883268485
1265,1993,2024-11-06,1994,2024-11-07,True,0.022429115531104715,1.0,2024,frequency,2023-12-31,0.49221789883268485
1266,1994,2024-11-07,1995,2024-11-08,True,-0.012003311258278138,0.0,2024,frequency,2023-12-31,0.49221789883268485
1267,1995,2024-11-08,1996,2024-11-11,True,0.038332635106828716,1.0,2024,frequency,2023-12-31,0.49221789883268485
1268,1996,2024-11-11,1997,2024-11-12,True,-0.022997780915876564,0.0,2024,frequency,2023-12-31,0.49221789883268485
1269,1997,2024-11-12,1998,2024-11-13,True,-0.005678298575263363,0.0,2024,frequency,2023-12-31,0.49221789883268485
1270,1998,2024-11-13,1999,2024-11-14,True,-0.04246703353753489,0.0,2024,frequency,2023-12-31,0.49221789883268485
1271,1999,2024-11-14,2000,2024-11-15,True,-0.0285187594881805,0.0,2024,frequency,2023-12-31,0.49221789883268485
1272,2000,2024-11-15,2001,2024-11-18,True,-0.0349369349257731,0.0,2024,frequency,2023-12-31,0.49221789883268485
1273,2001,2024-11-18,2002,2024-11-19,True,0.026601896830904748,1.0,2024,frequency,2023-12-31,0.49221789883268485
1274,2002,2024-11-19,2003,2024-11-20,True,-0.005069851284362326,0.0,2024,frequency,2023-12-31,0.49221789883268485
1275,2003,2024-11-20,2004,2024-11-21,True,0.00011323745895142068,1.0,2024,frequency,2023-12-31,0.49221789883268485
1276,2004,2024-11-21,2005,2024-11-22,True,-0.04461050724637683,0.0,2024,frequency,2023-12-31,0.49221789883268485
1277,2005,2024-11-22,2006,2024-11-25,True,-0.005570040293908507,0.0,2024,frequency,2023-12-31,0.49221789883268485
1278,2006,2024-11-25,2007,2024-11-26,True,-0.008223096174472588,0.0,2024,frequency,2023-12-31,0.49221789883268485
1279,2007,2024-11-26,2008,2024-11-27,True,0.021389089161259367,1.0,2024,frequency,2023-12-31,0.49221789883268485
1280,2008,2024-11-27,2009,2024-11-28,True,0.002823529411764669,1.0,2024,frequency,2023-12-31,0.49221789883268485
1281,2009,2024-11-28,2010,2024-11-29,True,0.006335053965274673,1.0,2024,frequency,2023-12-31,0.49221789883268485
1282,2010,2024-11-29,2011,2024-12-02,True,-0.011657729074376344,0.0,2024,frequency,2023-12-31,0.49221789883268485
1283,2011,2024-12-02,2012,2024-12-03,True,-0.012502948808681413,0.0,2024,frequency,2023-12-31,0.49221789883268485
1284,2012,2024-12-03,2013,2024-12-04,True,0.025680840898232304,1.0,2024,frequency,2023-12-31,0.49221789883268485
1285,2013,2024-12-04,2014,2024-12-05,True,-0.00919995341795743,0.0,2024,frequency,2023-12-31,0.49221789883268485
1286,2014,2024-12-05,2015,2024-12-06,True,0.010578279266572732,1.0,2024,frequency,2023-12-31,0.49221789883268485
1287,2015,2024-12-06,2016,2024-12-09,True,-0.030937427308676546,0.0,2024,frequency,2023-12-31,0.49221789883268485
1288,2016,2024-12-09,2017,2024-12-10,True,0.004440710513682111,1.0,2024,frequency,2023-12-31,0.49221789883268485
1289,2017,2024-12-10,2018,2024-12-11,True,0.0062134066196679605,1.0,2024,frequency,2023-12-31,0.49221789883268485
1290,2018,2024-12-11,2019,2024-12-12,True,0.00380002375014854,1.0,2024,frequency,2023-12-31,0.49221789883268485
1291,2019,2024-12-12,2020,2024-12-13,True,0.09996450964154757,1.0,2024,frequency,2023-12-31,0.49221789883268485
1292,2020,2024-12-13,2021,2024-12-16,True,0.03957840395784018,1.0,2024,frequency,2023-12-31,0.49221789883268485
1293,2021,2024-12-16,2022,2024-12-17,True,-0.030829712393958042,0.0,2024,frequency,2023-12-31,0.49221789883268485
1294,2022,2024-12-17,2023,2024-12-18,True,0.10002134927412443,1.0,2024,frequency,2023-12-31,0.49221789883268485
1295,2023,2024-12-18,2024,2024-12-19,True,0.08830664725861248,1.0,2024,frequency,2023-12-31,0.49221789883268485
1296,2024,2024-12-19,2025,2024-12-20,True,0.009362460989745802,1.0,2024,frequency,2023-12-31,0.49221789883268485
1297,2025,2024-12-20,2026,2024-12-23,True,-0.05256183745583043,0.0,2024,frequency,2023-12-31,0.49221789883268485
1298,2026,2024-12-23,2027,2024-12-24,True,0.006993006993006867,1.0,2024,frequency,2023-12-31,0.49221789883268485
1299,2027,2024-12-24,2028,2024-12-25,True,0.016296296296296475,1.0,2024,frequency,2023-12-31,0.49221789883268485
1300,2028,2024-12-25,2029,2024-12-26,True,0.047740524781341165,1.0,2024,frequency,2023-12-31,0.49221789883268485
1301,2029,2024-12-26,2030,2024-12-27,True,-0.026434782608695695,0.0,2024,frequency,2023-12-31,0.49221789883268485
1302,2030,2024-12-27,2031,2024-12-30,True,0.016613076098606516,1.0,2024,frequency,2023-12-31,0.49221789883268485
1303,2031,2024-12-30,2032,2024-12-31,True,-0.06167633104902481,0.0,2024,frequency,2023-12-31,0.49221789883268485
1304,2032,2024-12-31,2033,2025-01-02,True,-0.03567415730337076,0.0,2024,frequency,2023-12-31,0.49221789883268485
1305,2033,2025-01-02,2034,2025-01-03,True,0.0010680648606660181,1.0,2025,own,2024-12-31,0.5800975287240863
1306,2034,2025-01-03,2035,2025-01-06,True,-0.034529582929194835,0.0,2025,own,2024-12-31,0.5592450624086189
1307,2035,2025-01-06,2036,2025-01-07,True,0.056861563190677034,1.0,2025,own,2024-12-31,0.6005624553811502
1308,2036,2025-01-07,2037,2025-01-08,True,0.08982889733840316,1.0,2025,own,2024-12-31,0.49725631345595495
1309,2037,2025-01-08,2038,2025-01-09,True,0.07195813344962931,1.0,2025,own,2024-12-31,0.4469143665717416
1310,2038,2025-01-09,2039,2025-01-10,True,-0.019528071602929242,0.0,2025,own,2024-12-31,0.4548977293851464
1311,2039,2025-01-10,2040,2025-01-13,True,-0.021991701244813422,0.0,2025,own,2024-12-31,0.5409428992005528
1312,2040,2025-01-13,2041,2025-01-14,True,0.10004242681374609,1.0,2025,own,2024-12-31,0.5331879897878606
1313,2041,2025-01-14,2042,2025-01-15,True,0.024838012958963596,1.0,2025,own,2024-12-31,0.43403184634335745
1314,2042,2025-01-15,2043,2025-01-16,True,-0.03507451452656951,0.0,2025,own,2024-12-31,0.5146879420735402
1315,2043,2025-01-16,2044,2025-01-17,True,0.051404056162246636,1.0,2025,own,2024-12-31,0.5721694300403105
1316,2044,2025-01-17,2045,2025-01-20,True,-0.013279916907782519,0.0,2025,own,2024-12-31,0.471783240343757
1317,2045,2025-01-20,2046,2025-01-21,True,-0.006766917293233088,0.0,2025,own,2024-12-31,0.5393667984104206
1318,2046,2025-01-21,2047,2025-01-22,True,0.03111279333838035,1.0,2025,own,2024-12-31,0.5420648186522314
1319,2047,2025-01-22,2048,2025-01-23,True,-0.042140811981499326,0.0,2025,own,2024-12-31,0.4720979829670749
1320,2048,2025-01-23,2049,2025-01-24,True,0.00022993791676251263,1.0,2025,own,2024-12-31,0.5840686099834845
1321,2049,2025-01-24,2050,2025-01-27,True,-0.023754789272030563,0.0,2025,own,2024-12-31,0.5245720529306739
1322,2050,2025-01-27,2051,2025-02-05,True,0.062401883830454974,1.0,2025,own,2024-12-31,0.5505878170602185
1323,2051,2025-02-05,2052,2025-02-06,True,0.039009974141115844,1.0,2025,own,2024-12-31,0.5257282444837599
1324,2052,2025-02-06,2053,2025-02-07,True,-0.01471947664083062,0.0,2025,own,2024-12-31,0.46263534270267026
1325,2053,2025-02-07,2054,2025-02-10,True,-0.02836316397228633,0.0,2025,own,2024-12-31,0.5244566487225374
1326,2054,2025-02-10,2055,2025-02-11,True,-0.004679491940875025,0.0,2025,own,2024-12-31,0.5536271612486126
1327,2055,2025-02-11,2056,2025-02-12,True,0.0073134328358206435,1.0,2025,own,2024-12-31,0.5215708188571851
1328,2056,2025-02-12,2057,2025-02-13,True,-0.05408208623499755,0.0,2025,own,2024-12-31,0.5061145375370296
1329,2057,2025-02-13,2058,2025-02-14,True,-0.0028195488721806106,0.0,2025,own,2024-12-31,0.586524063912338
1330,2058,2025-02-14,2059,2025-02-17,True,0.0013352183474708568,1.0,2025,own,2024-12-31,0.5163118507957891
1331,2059,2025-02-17,2060,2025-02-18,True,-0.03153188485371394,0.0,2025,own,2024-12-31,0.5195476695792393
1332,2060,2025-02-18,2061,2025-02-19,True,0.03272049890661699,1.0,2025,own,2024-12-31,0.5637088161262683
1333,2061,2025-02-19,2062,2025-02-20,True,0.0069014194965100195,1.0,2025,own,2024-12-31,0.4744780561226097
1334,2062,2025-02-20,2063,2025-02-21,True,0.07523950463431728,1.0,2025,own,2024-12-31,0.49567624243955066
1335,2063,2025-02-21,2064,2025-02-24,True,0.03585657370517925,1.0,2025,own,2024-12-31,0.4357073332622771
1336,2064,2025-02-24,2065,2025-02-25,True,-0.04195804195804198,0.0,2025,own,2024-12-31,0.4780119523877239
1337,2065,2025-02-25,2066,2025-02-26,True,-0.0016788321167882092,0.0,2025,own,2024-12-31,0.5349990838075042
1338,2066,2025-02-26,2067,2025-02-27,True,-0.02215398113621414,0.0,2025,own,2024-12-31,0.5251057239068719
1339,2067,2025-02-27,2068,2025-02-28,True,-0.014281441603110512,0.0,2025,own,2024-12-31,0.5452663724794692
1340,2068,2025-02-28,2069,2025-03-03,True,-0.01706743533338384,0.0,2025,own,2024-12-31,0.5310754638693068
1341,2069,2025-03-03,2070,2025-03-04,True,0.037968822349127906,1.0,2025,own,2024-12-31,0.5765655695892242
1342,2070,2025-03-04,2071,2025-03-05,True,0.010260223048327077,1.0,2025,own,2024-12-31,0.4533712571667494
1343,2071,2025-03-05,2072,2025-03-06,True,0.013614954371504284,1.0,2025,own,2024-12-31,0.5017377218099487
1344,2072,2025-03-06,2073,2025-03-07,True,-0.022144776011036038,0.0,2025,own,2024-12-31,0.4891891196928713
1345,2073,2025-03-07,2074,2025-03-10,True,-0.016038016038016023,0.0,2025,own,2024-12-31,0.5192152070415442
1346,2074,2025-03-10,2075,2025-03-11,True,-0.032749773619076494,0.0,2025,own,2024-12-31,0.4990839085986085
1347,2075,2025-03-11,2076,2025-03-12,True,0.0023404587299109547,1.0,2025,own,2024-12-31,0.5200783711850102
1348,2076,2025-03-12,2077,2025-03-13,True,-0.03268991282689904,0.0,2025,own,2024-12-31,0.5231255477622414
1349,2077,2025-03-13,2078,2025-03-14,True,0.045140006437077496,1.0,2025,own,2024-12-31,0.5382154527104531
1350,2078,2025-03-14,2079,2025-03-17,True,-0.014319809069212375,0.0,2025,own,2024-12-31,0.4586486616422443
1351,2079,2025-03-17,2080,2025-03-18,True,0.014684058423807045,1.0,2025,own,2024-12-31,0.5190302598224785
1352,2080,2025-03-18,2081,2025-03-19,True,0.008005542298514357,1.0,2025,own,2024-12-31,0.4886818773500207
1353,2081,2025-03-19,2082,2025-03-20,True,-0.019473081328751363,0.0,2025,own,2024-12-31,0.4747817637186338
1354,2082,2025-03-20,2083,2025-03-21,True,-0.03730529595015575,0.0,2025,own,2024-12-31,0.5119097886727738
1355,2083,2025-03-21,2084,2025-03-24,True,0.012215840142383305,1.0,2025,own,2024-12-31,0.506914747851323
1356,2084,2025-03-24,2085,2025-03-25,True,-0.04643542199488482,0.0,2025,own,2024-12-31,0.45622262343268694
1357,2085,2025-03-25,2086,2025-03-26,True,-0.01969658871846469,0.0,2025,own,2024-12-31,0.520612782275715
1358,2086,2025-03-26,2087,2025-03-27,True,0.005728454172366559,1.0,2025,own,2024-12-31,0.5053306253221443
1359,2087,2025-03-27,2088,2025-03-28,True,-0.005270764260817629,0.0,2025,own,2024-12-31,0.4702741429790669
1360,2088,2025-03-28,2089,2025-03-31,True,-0.0011110161524657824,0.0,2025,own,2024-12-31,0.4793071628568463
1361,2089,2025-03-31,2090,2025-04-01,True,0.005219028062970477,1.0,2025,own,2024-12-31,0.4844266089060678
1362,2090,2025-04-01,2091,2025-04-02,True,0.0008511362669163525,1.0,2025,own,2024-12-31,0.4798928388389874
1363,2091,2025-04-02,2092,2025-04-03,True,-0.015647589080704072,0.0,2025,own,2024-12-31,0.4760797787996473
1364,2092,2025-04-03,2093,2025-04-07,True,-0.09978401727861774,0.0,2025,own,2024-12-31,0.4805826192861554
1365,2093,2025-04-07,2094,2025-04-08,True,-0.006909788867562439,0.0,2025,own,2024-12-31,0.556907119660792
1366,2094,2025-04-08,2095,2025-04-09,True,0.014302280633938791,1.0,2025,own,2024-12-31,0.5530782290846048
1367,2095,2025-04-09,2096,2025-04-10,True,0.0280106707317076,1.0,2025,own,2024-12-31,0.4885857983648286
1368,2096,2025-04-10,2097,2025-04-11,True,0.04096385542168668,1.0,2025,own,2024-12-31,0.5341983794203454
1369,2097,2025-04-11,2098,2025-04-14,True,-0.005252849002849058,0.0,2025,own,2024-12-31,0.46431140201032556
1370,2098,2025-04-14,2099,2025-04-15,True,-0.015483755481965455,0.0,2025,own,2024-12-31,0.5125617755751182
1371,2099,2025-04-15,2100,2025-04-16,True,-0.007363636363636461,0.0,2025,own,2024-12-31,0.49761399615451496
1372,2100,2025-04-16,2101,2025-04-17,True,9.158347834059555e-05,1.0,2025,own,2024-12-31,0.4954331823919186
1373,2101,2025-04-17,2102,2025-04-18,True,-0.008241758241758323,0.0,2025,own,2024-12-31,0.47444970275733717
1374,2102,2025-04-18,2103,2025-04-21,True,0.03841181902123725,1.0,2025,own,2024-12-31,0.4851429150948583
1375,2103,2025-04-21,2104,2025-04-22,True,-0.000978125555753051,0.0,2025,own,2024-12-31,0.45296321887701474
1376,2104,2025-04-22,2105,2025-04-23,True,0.020026702269692942,1.0,2025,own,2024-12-31,0.4817511592240173
1377,2105,2025-04-23,2106,2025-04-24,True,-0.030017452006980694,0.0,2025,own,2024-12-31,0.4622775671084124
1378,2106,2025-04-24,2107,2025-04-25,True,0.013224181360201426,1.0,2025,own,2024-12-31,0.5198901074064937
1379,2107,2025-04-25,2108,2025-04-28,True,0.02281807688892834,1.0,2025,own,2024-12-31,0.463274108093718
1380,2108,2025-04-28,2109,2025-04-29,True,0.10000000000000009,1.0,2025,own,2024-12-31,0.46271472844520023
1381,2109,2025-04-29,2110,2025-04-30,True,0.015546085858585856,1.0,2025,own,2024-12-31,0.41799511975320963
1382,2110,2025-04-30,2111,2025-05-06,True,0.024555132488926823,1.0,2025,own,2024-12-31,0.5021382953576619
1383,2111,2025-05-06,2112,2025-05-07,True,-0.011376564277588153,0.0,2025,own,2024-12-31,0.5001432739915185
1384,2112,2025-05-07,2113,2025-05-08,True,-0.02171077867280391,0.0,2025,own,2024-12-31,0.5184808187337505
1385,2113,2025-05-08,2114,2025-05-09,True,-0.02446675031367629,0.0,2025,own,2024-12-31,0.4767698233238954
1386,2114,2025-05-09,2115,2025-05-12,True,0.008681672025723453,1.0,2025,own,2024-12-31,0.49852764915023556
1387,2115,2025-05-12,2116,2025-05-13,True,0.000239081925406337,1.0,2025,own,2024-12-31,0.4895620075358075
1388,2116,2025-05-13,2117,2025-05-14,True,-0.008126842482670704,0.0,2025,own,2024-12-31,0.5080967144221346
1389,2117,2025-05-14,2118,2025-05-15,True,-0.020001606554743367,0.0,2025,own,2024-12-31,0.5074918717352939
1390,2118,2025-05-15,2119,2025-05-16,True,0.0023770491803278837,1.0,2025,own,2024-12-31,0.52058826964573
1391,2119,2025-05-16,2120,2025-05-19,True,0.03279090686074082,1.0,2025,own,2024-12-31,0.4969819591314595
1392,2120,2025-05-19,2121,2025-05-20,True,-0.0011876484560569,0.0,2025,own,2024-12-31,0.479639382704121
1393,2121,2025-05-20,2122,2025-05-21,True,-0.06349583828775274,0.0,2025,own,2024-12-31,0.501523461796254
1394,2122,2025-05-21,2123,2025-05-22,True,-0.004062976130015161,0.0,2025,own,2024-12-31,0.5832688690545771
1395,2123,2025-05-22,2124,2025-05-23,True,-0.01920788713241539,0.0,2025,own,2024-12-31,0.5054997389255564
1396,2124,2025-05-23,2125,2025-05-26,True,0.005459272097053658,1.0,2025,own,2024-12-31,0.5179996175439532
1397,2125,2025-05-26,2126,2025-05-27,True,-0.026975782125312375,0.0,2025,own,2024-12-31,0.5005977706224067
1398,2126,2025-05-27,2127,2025-05-28,True,0.005314437555358653,1.0,2025,own,2024-12-31,0.532404990629933
1399,2127,2025-05-28,2128,2025-05-29,True,0.0022026431718062955,1.0,2025,own,2024-12-31,0.5069466145099194
1400,2128,2025-05-29,2129,2025-05-30,True,-0.012747252747252857,0.0,2025,own,2024-12-31,0.5069754349770809
1401,2129,2025-05-30,2130,2025-06-03,True,0.005164737310774825,1.0,2025,own,2024-12-31,0.4755886345938946
1402,2130,2025-06-03,2131,2025-06-04,True,0.02391920623671151,1.0,2025,own,2024-12-31,0.44293874323109866
1403,2131,2025-06-04,2132,2025-06-05,True,0.02007267693372583,1.0,2025,own,2024-12-31,0.43697678243805627
1404,2132,2025-06-05,2133,2025-06-06,True,0.04698897370653099,1.0,2025,own,2024-12-31,0.44728734402880144
1405,2133,2025-06-06,2134,2025-06-09,True,-0.00656189241736882,0.0,2025,own,2024-12-31,0.4224463986236673
1406,2134,2025-06-09,2135,2025-06-10,True,-0.02633939492783166,0.0,2025,own,2024-12-31,0.4752047622204845
1407,2135,2025-06-10,2136,2025-06-11,True,-0.0020938023450587373,0.0,2025,own,2024-12-31,0.5097009444355076
1408,2136,2025-06-11,2137,2025-06-12,True,0.006714225765841464,1.0,2025,own,2024-12-31,0.47859791333927826
1409,2137,2025-06-12,2138,2025-06-13,True,-0.00875364735306372,0.0,2025,own,2024-12-31,0.48305319766631877
1410,2138,2025-06-13,2139,2025-06-16,True,0.01774600504625745,1.0,2025,own,2024-12-31,0.48158836816295236
1411,2139,2025-06-16,2140,2025-06-17,True,0.010825551607305028,1.0,2025,own,2024-12-31,0.467048394917187
1412,2140,2025-06-17,2141,2025-06-18,True,0.00245258338783505,1.0,2025,own,2024-12-31,0.4748660259457025
1413,2141,2025-06-18,2142,2025-06-19,True,0.00481161311368461,1.0,2025,own,2024-12-31,0.46503775926409513
1414,2142,2025-06-19,2143,2025-06-20,True,-0.034493953412872425,0.0,2025,own,2024-12-31,0.44097041872802095
1415,2143,2025-06-20,2144,2025-06-23,True,0.010507733691997423,1.0,2025,own,2024-12-31,0.4966270369934542
1416,2144,2025-06-23,2145,2025-06-24,True,0.030779469262124604,1.0,2025,own,2024-12-31,0.431659636842803
1417,2145,2025-06-24,2146,2025-06-25,True,0.012831894116697606,1.0,2025,own,2024-12-31,0.45642242893688856
1418,2146,2025-06-25,2147,2025-06-26,True,-0.017928286852589626,0.0,2025,own,2024-12-31,0.46382562139106553
1419,2147,2025-06-26,2148,2025-06-27,True,0.025070993914807493,1.0,2025,own,2024-12-31,0.4867328049188955
1420,2148,2025-06-27,2149,2025-06-30,True,0.0015038784233021296,1.0,2025,own,2024-12-31,0.4506014471017447
1421,2149,2025-06-30,2150,2025-07-01,True,-0.019837192760610245,0.0,2025,own,2024-12-31,0.4835576088590378
1422,2150,2025-07-01,2151,2025-07-02,True,-0.024512175455571605,0.0,2025,own,2024-12-31,0.490483828002736
1423,2151,2025-07-02,2152,2025-07-03,True,-0.0076045627376425395,0.0,2025,own,2024-12-31,0.4962315762300829
1424,2152,2025-07-03,2153,2025-07-04,True,-0.007266956231206101,0.0,2025,own,2024-12-31,0.48223170890564687
1425,2153,2025-07-04,2154,2025-07-07,True,0.0164913756836349,1.0,2025,own,2024-12-31,0.48378475083769434
1426,2154,2025-07-07,2155,2025-07-08,True,0.007449714427613552,1.0,2025,own,2024-12-31,0.4685374949616054
1427,2155,2025-07-08,2156,2025-07-09,True,-0.018404403910935785,0.0,2025,own,2024-12-31,0.4964886800930135
1428,2156,2025-07-09,2157,2025-07-10,True,-0.011802126056750573,0.0,2025,own,2024-12-31,0.4950008019345772
1429,2157,2025-07-10,2158,2025-07-11,True,0.0025410808063695,1.0,2025,own,2024-12-31,0.48444816689094583
1430,2158,2025-07-11,2159,2025-07-14,True,-0.006505576208178487,0.0,2025,own,2024-12-31,0.47272555170358926
1431,2159,2025-07-14,2160,2025-07-15,True,-0.022025682455991014,0.0,2025,own,2024-12-31,0.48858780026868076
1432,2160,2025-07-15,2161,2025-07-16,True,-0.006608695652174146,0.0,2025,own,2024-12-31,0.5081476217866947
1433,2161,2025-07-16,2162,2025-07-17,True,0.032825630252100835,1.0,2025,own,2024-12-31,0.4925260332986789
1434,2162,2025-07-17,2163,2025-07-18,True,-0.007034494448681983,0.0,2025,own,2024-12-31,0.4558068724349726
1435,2163,2025-07-18,2164,2025-07-21,True,-0.0004267668146125114,0.0,2025,own,2024-12-31,0.4892249402319606
1436,2164,2025-07-21,2165,2025-07-22,True,-0.01058833575271112,0.0,2025,own,2024-12-31,0.4769930444825413
1437,2165,2025-07-22,2166,2025-07-23,True,0.009666005005609879,1.0,2025,own,2024-12-31,0.479103197980542
1438,2166,2025-07-23,2167,2025-07-24,True,0.007692965210701841,1.0,2025,own,2024-12-31,0.4600477710979739
1439,2167,2025-07-24,2168,2025-07-25,True,0.034354058868436566,1.0,2025,own,2024-12-31,0.46348235393770126
1440,2168,2025-07-25,2169,2025-07-28,True,-0.013777267508610747,0.0,2025,own,2024-12-31,0.43802964656274596
1441,2169,2025-07-28,2170,2025-07-29,True,0.0001663063362715711,1.0,2025,own,2024-12-31,0.47836464726103906
1442,2170,2025-07-29,2171,2025-07-30,True,0.030844695710009917,1.0,2025,own,2024-12-31,0.45307946818860856
1443,2171,2025-07-30,2172,2025-07-31,True,-0.0230663763206711,0.0,2025,own,2024-12-31,0.46573699766885956
1444,2172,2025-07-31,2173,2025-08-01,True,-0.031536365887888884,0.0,2025,own,2024-12-31,0.4632939018729579
1445,2173,2025-08-01,2174,2025-08-04,True,0.013042366379677706,1.0,2025,own,2024-12-31,0.5044119612864857
1446,2174,2025-08-04,2175,2025-08-05,True,-0.007068327162571553,0.0,2025,own,2024-12-31,0.44885020236291473
1447,2175,2025-08-05,2176,2025-08-06,True,0.002372881355932277,1.0,2025,own,2024-12-31,0.4788489400135019
1448,2176,2025-08-06,2177,2025-08-07,True,-0.005157253973621878,0.0,2025,own,2024-12-31,0.46791228318134903
1449,2177,2025-08-07,2178,2025-08-08,True,-0.010792895385399959,0.0,2025,own,2024-12-31,0.4747799257140072
1450,2178,2025-08-08,2179,2025-08-11,True,0.013316151202749094,1.0,2025,own,2024-12-31,0.48201729733377013
1451,2179,2025-08-11,2180,2025-08-12,True,0.02136498516320473,1.0,2025,own,2024-12-31,0.46178752252478855
1452,2180,2025-08-12,2181,2025-08-13,True,0.008217813563542897,1.0,2025,own,2024-12-31,0.4464774392184519
1453,2181,2025-08-13,2182,2025-08-14,True,-0.003704923431582241,0.0,2025,own,2024-12-31,0.46003266795518105
1454,2182,2025-08-14,2183,2025-08-15,True,0.015618543921989803,1.0,2025,own,2024-12-31,0.47847322451968977
1455,2183,2025-08-15,2184,2025-08-18,True,0.022782750203417468,1.0,2025,own,2024-12-31,0.4452325303638649
1456,2184,2025-08-18,2185,2025-08-19,True,-0.019411296738265693,0.0,2025,own,2024-12-31,0.4622627972107698
1457,2185,2025-08-19,2186,2025-08-20,True,0.030423495051111527,1.0,2025,own,2024-12-31,0.5003059963266849
1458,2186,2025-08-20,2187,2025-08-21,True,0.07991496732540737,1.0,2025,own,2024-12-31,0.4532334079893109
1459,2187,2025-08-21,2188,2025-08-22,True,0.10002916302128906,1.0,2025,own,2024-12-31,0.47734963351566895
1460,2188,2025-08-22,2189,2025-08-25,True,0.045864262990456206,1.0,2025,own,2024-12-31,0.4232438987636076
1461,2189,2025-08-25,2190,2025-08-26,True,-0.021546261089987362,0.0,2025,own,2024-12-31,0.5457942866954768
1462,2190,2025-08-26,2191,2025-08-27,True,0.027396373056994605,1.0,2025,own,2024-12-31,0.5608386342775289
1463,2191,2025-08-27,2192,2025-08-28,True,0.03668915085418889,1.0,2025,own,2024-12-31,0.5063766991196795
1464,2192,2025-08-28,2193,2025-08-29,True,-0.03326238978412899,0.0,2025,own,2024-12-31,0.5052799966722162
1465,2193,2025-08-29,2194,2025-09-01,True,0.10001258019876724,1.0,2025,own,2024-12-31,0.5519457208999423
1466,2194,2025-09-01,2195,2025-09-02,True,0.006404391582799596,1.0,2025,own,2024-12-31,0.48230346576077116
1467,2195,2025-09-02,2196,2025-09-03,True,-0.027897727272727324,0.0,2025,own,2024-12-31,0.5691481873974192
1468,2196,2025-09-03,2197,2025-09-04,True,-0.1000058448769654,0.0,2025,own,2024-12-31,0.5829255876812396
1469,2197,2025-09-04,2198,2025-09-05,True,0.0362384725289,1.0,2025,own,2024-12-31,0.6532825123489475
1470,2198,2025-09-05,2199,2025-09-08,True,0.02676109300576579,1.0,2025,own,2024-12-31,0.48852428933710956
1471,2199,2025-09-08,2200,2025-09-09,True,-0.040773973020814314,0.0,2025,own,2024-12-31,0.5498400809149323
1472,2200,2025-09-09,2201,2025-09-10,True,0.02634425707922361,1.0,2025,own,2024-12-31,0.5863953894806823
1473,2201,2025-09-10,2202,2025-09-11,True,0.10000620001240001,1.0,2025,own,2024-12-31,0.5251123954629964
1474,2202,2025-09-11,2203,2025-09-12,True,0.07208882876789557,1.0,2025,own,2024-12-31,0.4475946294578875
1475,2203,2025-09-12,2204,2025-09-15,True,0.0038378634141211787,1.0,2025,own,2024-12-31,0.49503849330764393
1476,2204,2025-09-15,2205,2025-09-16,True,-0.009322300199015365,0.0,2025,own,2024-12-31,0.5727779279598263
1477,2205,2025-09-16,2206,2025-09-17,True,-0.01353351659970392,0.0,2025,own,2024-12-31,0.5457063087519891
1478,2206,2025-09-17,2207,2025-09-18,True,0.022936763129689286,1.0,2025,own,2024-12-31,0.5623501947607903
1479,2207,2025-09-18,2208,2025-09-19,True,-0.02975691533948044,0.0,2025,own,2024-12-31,0.5378051530250595
1480,2208,2025-09-19,2209,2025-09-22,True,0.05296976241900664,1.0,2025,own,2024-12-31,0.5982109551396765
1481,2209,2025-09-22,2210,2025-09-23,True,-0.004820265627403897,0.0,2025,own,2024-12-31,0.5083383515194029
1482,2210,2025-09-23,2211,2025-09-24,True,0.029525428968928846,1.0,2025,own,2024-12-31,0.5557413687891213
1483,2211,2025-09-24,2212,2025-09-25,True,-0.011961961961962086,0.0,2025,own,2024-12-31,0.5163694546881621
1484,2212,2025-09-25,2213,2025-09-26,True,-0.036472316498657675,0.0,2025,own,2024-12-31,0.556252650556241
1485,2213,2025-09-26,2214,2025-09-29,True,0.03638084222701221,1.0,2025,own,2024-12-31,0.5759660820789662
1486,2214,2025-09-29,2215,2025-09-30,True,0.08202708872317777,1.0,2025,own,2024-12-31,0.5301200060272129
1487,2215,2025-09-30,2216,2025-10-09,True,0.05714955461790905,1.0,2025,own,2024-12-31,0.4969882957533487
1488,2216,2025-10-09,2217,2025-10-10,True,-0.046432214288882,0.0,2025,own,2024-12-31,0.5294257158852871
1489,2217,2025-10-10,2218,2025-10-13,True,-0.03334573528043905,0.0,2025,own,2024-12-31,0.5762958496992813
1490,2218,2025-10-13,2219,2025-10-14,True,-0.057012268462833804,0.0,2025,own,2024-12-31,0.5059034361531909
1491,2219,2025-10-14,2220,2025-10-15,True,0.03066326530612251,1.0,2025,own,2024-12-31,0.632560805038015
1492,2220,2025-10-15,2221,2025-10-16,True,0.0302955299242611,1.0,2025,own,2024-12-31,0.49933570732951044
1493,2221,2025-10-16,2222,2025-10-17,True,-0.033248450487675996,0.0,2025,own,2024-12-31,0.5015707882084738
1494,2222,2025-10-17,2223,2025-10-20,True,0.03548531385120035,1.0,2025,own,2024-12-31,0.5577425167179891
1495,2223,2025-10-20,2224,2025-10-21,True,0.051163906887448984,1.0,2025,own,2024-12-31,0.5075518395535279
1496,2224,2025-10-21,2225,2025-10-22,True,-0.036893292543719425,0.0,2025,own,2024-12-31,0.46714297928742626
1497,2225,2025-10-22,2226,2025-10-23,True,-0.01882140994642778,0.0,2025,own,2024-12-31,0.5361464415176439
1498,2226,2025-10-23,2227,2025-10-24,True,0.06822574410514104,1.0,2025,own,2024-12-31,0.517470080063207
1499,2227,2025-10-24,2228,2025-10-27,True,0.10000904649900488,1.0,2025,own,2024-12-31,0.49491771790586897
1500,2228,2025-10-27,2229,2025-10-28,True,0.015461162054360766,1.0,2025,own,2024-12-31,0.47950198833224944
1501,2229,2025-10-28,2230,2025-10-29,True,-0.02348653573597881,0.0,2025,own,2024-12-31,0.4862611761652782
1502,2230,2025-10-29,2231,2025-10-30,True,-0.03794318888658521,0.0,2025,own,2024-12-31,0.566416973590783
1503,2231,2025-10-30,2232,2025-10-31,True,-0.051724137931034475,0.0,2025,own,2024-12-31,0.6102098588295455
1504,2232,2025-10-31,2233,2025-11-03,True,0.0459090909090909,1.0,2025,own,2024-12-31,0.6115031836538426
1505,2233,2025-11-03,2234,2025-11-04,True,-0.02220773576705759,0.0,2025,own,2024-12-31,0.4976233263431112
1506,2234,2025-11-04,2235,2025-11-05,True,-0.029334637094982186,0.0,2025,own,2024-12-31,0.595195307104135
1507,2235,2025-11-05,2236,2025-11-06,True,0.04034067493932891,1.0,2025,own,2024-12-31,0.5343317242681659
1508,2236,2025-11-06,2237,2025-11-07,True,-0.02750880281690138,0.0,2025,own,2024-12-31,0.5388083272107905
1509,2237,2025-11-07,2238,2025-11-10,True,-0.009006562570717302,0.0,2025,own,2024-12-31,0.5571366822570537
1510,2238,2025-11-10,2239,2025-11-11,True,-0.008997077091706163,0.0,2025,own,2024-12-31,0.6007593647669431
1511,2239,2025-11-11,2240,2025-11-12,True,-0.034517719710585926,0.0,2025,own,2024-12-31,0.5812719065717377
1512,2240,2025-11-12,2241,2025-11-13,True,0.08591885441527447,1.0,2025,own,2024-12-31,0.5678478504899341
1513,2241,2025-11-13,2242,2025-11-14,True,-0.09547252747252755,0.0,2025,own,2024-12-31,0.4859351699565004
1514,2242,2025-11-14,2243,2025-11-17,True,0.008358441053552434,1.0,2025,own,2024-12-31,0.643110369753479
1515,2243,2025-11-17,2244,2025-11-18,True,-0.024096385542168752,0.0,2025,own,2024-12-31,0.5857832312568266
1516,2244,2025-11-18,2245,2025-11-19,True,9.876543209874633e-05,1.0,2025,own,2024-12-31,0.5931197324084396
1517,2245,2025-11-19,2246,2025-11-20,True,-0.016887221015208453,0.0,2025,own,2024-12-31,0.5608984587486807
1518,2246,2025-11-20,2247,2025-11-21,True,-0.08332496233048714,0.0,2025,own,2024-12-31,0.6275002300111149
1519,2247,2025-11-21,2248,2025-11-24,True,-0.018245575584899476,0.0,2025,own,2024-12-31,0.6193412600888967
1520,2248,2025-11-24,2249,2025-11-25,True,0.06384641142984715,1.0,2025,own,2024-12-31,0.5706375112086179
1521,2249,2025-11-25,2250,2025-11-26,True,0.030846710733396288,1.0,2025,own,2024-12-31,0.520551649013363
1522,2250,2025-11-26,2251,2025-11-27,True,0.022188295165394445,1.0,2025,own,2024-12-31,0.4998280734474187
1523,2251,2025-11-27,2252,2025-11-28,True,0.010654186995917359,1.0,2025,own,2024-12-31,0.5472180477303551
1524,2252,2025-11-28,2253,2025-12-01,True,0.04837438423645324,1.0,2025,own,2024-12-31,0.5211454123759682
1525,2253,2025-12-01,2254,2025-12-02,True,-0.010901231087303898,0.0,2025,own,2024-12-31,0.4991047493141378
1526,2254,2025-12-02,2255,2025-12-03,True,-0.013776722090261262,0.0,2025,own,2024-12-31,0.5537442970632652
1527,2255,2025-12-03,2256,2025-12-04,True,0.01353564547206143,1.0,2025,own,2024-12-31,0.5629168005925066
1528,2256,2025-12-04,2257,2025-12-05,True,-0.017109452972767336,0.0,2025,own,2024-12-31,0.5206274658540865
1529,2257,2025-12-05,2258,2025-12-08,True,0.03423432135776783,1.0,2025,own,2024-12-31,0.5766145821846668
1530,2258,2025-12-08,2259,2025-12-09,True,-0.013745383140866818,0.0,2025,own,2024-12-31,0.5368239116682475
1531,2259,2025-12-09,2260,2025-12-10,True,-0.010002370229912128,0.0,2025,own,2024-12-31,0.5686802098653798
1532,2260,2025-12-10,2261,2025-12-11,True,-0.004932005362957348,0.0,2025,own,2024-12-31,0.5653227968396074
1533,2261,2025-12-11,2262,2025-12-12,True,0.0100091429671334,1.0,2025,own,2024-12-31,0.5693812473855372
1534,2262,2025-12-12,2263,2025-12-15,True,-0.02730001429320117,0.0,2025,own,2024-12-31,0.4850802319709868
1535,2263,2025-12-15,2264,2025-12-16,True,-0.030858150470219226,0.0,2025,own,2024-12-31,0.51577065434574
1536,2264,2025-12-16,2265,2025-12-17,True,0.021833619731122855,1.0,2025,own,2024-12-31,0.5419816059592897
1537,2265,2025-12-17,2266,2025-12-18,True,0.06068849540013832,1.0,2025,own,2024-12-31,0.48351604770331646
1538,2266,2025-12-18,2267,2025-12-19,True,-0.0197715085101422,0.0,2025,own,2024-12-31,0.46521326508478383
1539,2267,2025-12-19,2268,2025-12-22,True,0.029732172589315375,1.0,2025,own,2024-12-31,0.5424249848567426
1540,2268,2025-12-22,2269,2025-12-23,True,0.004250207890603486,1.0,2025,own,2024-12-31,0.47305618566916363
1541,2269,2025-12-23,2270,2025-12-24,True,0.030913607507590424,1.0,2025,own,2024-12-31,0.4676374598676513
1542,2270,2025-12-24,2271,2025-12-25,True,-0.009370816599732157,0.0,2025,own,2024-12-31,0.4555818124345298
1543,2271,2025-12-25,2272,2025-12-26,True,0.022387387387387214,1.0,2025,own,2024-12-31,0.4824627779518759
1544,2272,2025-12-26,2273,2025-12-29,True,0.004229633872318006,1.0,2025,own,2024-12-31,0.4488187440505981
1545,2273,2025-12-29,2274,2025-12-30,True,-0.033826174702759615,0.0,2025,own,2024-12-31,0.4645600257998827
1546,2274,2025-12-30,2275,2025-12-31,True,-0.02710925438198175,0.0,2025,own,2024-12-31,0.5115904813348097
1547,2275,2025-12-31,2276,2026-01-05,True,0.10002333722287071,1.0,2025,own,2024-12-31,0.5539390925243879
1305,2033,2025-01-02,2034,2025-01-03,True,0.0010680648606660181,1.0,2025,market,2024-12-31,0.49585909610500706
1306,2034,2025-01-03,2035,2025-01-06,True,-0.034529582929194835,0.0,2025,market,2024-12-31,0.4870905991356128
1307,2035,2025-01-06,2036,2025-01-07,True,0.056861563190677034,1.0,2025,market,2024-12-31,0.5708922505224775
1308,2036,2025-01-07,2037,2025-01-08,True,0.08982889733840316,1.0,2025,market,2024-12-31,0.4444062317106764
1309,2037,2025-01-08,2038,2025-01-09,True,0.07195813344962931,1.0,2025,market,2024-12-31,0.38301164995400844
1310,2038,2025-01-09,2039,2025-01-10,True,-0.019528071602929242,0.0,2025,market,2024-12-31,0.4026343552231891
1311,2039,2025-01-10,2040,2025-01-13,True,-0.021991701244813422,0.0,2025,market,2024-12-31,0.4959803035134036
1312,2040,2025-01-13,2041,2025-01-14,True,0.10004242681374609,1.0,2025,market,2024-12-31,0.4972230746129923
1313,2041,2025-01-14,2042,2025-01-15,True,0.024838012958963596,1.0,2025,market,2024-12-31,0.42168773752570365
1314,2042,2025-01-15,2043,2025-01-16,True,-0.03507451452656951,0.0,2025,market,2024-12-31,0.4493217821155628
1315,2043,2025-01-16,2044,2025-01-17,True,0.051404056162246636,1.0,2025,market,2024-12-31,0.5476616440188534
1316,2044,2025-01-17,2045,2025-01-20,True,-0.013279916907782519,0.0,2025,market,2024-12-31,0.4280206577033236
1317,2045,2025-01-20,2046,2025-01-21,True,-0.006766917293233088,0.0,2025,market,2024-12-31,0.5241178200871254
1318,2046,2025-01-21,2047,2025-01-22,True,0.03111279333838035,1.0,2025,market,2024-12-31,0.50766458538002
1319,2047,2025-01-22,2048,2025-01-23,True,-0.042140811981499326,0.0,2025,market,2024-12-31,0.4091935903409439
1320,2048,2025-01-23,2049,2025-01-24,True,0.00022993791676251263,1.0,2025,market,2024-12-31,0.5696616415605239
1321,2049,2025-01-24,2050,2025-01-27,True,-0.023754789272030563,0.0,2025,market,2024-12-31,0.5147357488824706
1322,2050,2025-01-27,2051,2025-02-05,True,0.062401883830454974,1.0,2025,market,2024-12-31,0.5218347341528455
1323,2051,2025-02-05,2052,2025-02-06,True,0.039009974141115844,1.0,2025,market,2024-12-31,0.44546008374217655
1324,2052,2025-02-06,2053,2025-02-07,True,-0.01471947664083062,0.0,2025,market,2024-12-31,0.4380331798561193
1325,2053,2025-02-07,2054,2025-02-10,True,-0.02836316397228633,0.0,2025,market,2024-12-31,0.5255839906231031
1326,2054,2025-02-10,2055,2025-02-11,True,-0.004679491940875025,0.0,2025,market,2024-12-31,0.5260401195092691
1327,2055,2025-02-11,2056,2025-02-12,True,0.0073134328358206435,1.0,2025,market,2024-12-31,0.4707788077684075
1328,2056,2025-02-12,2057,2025-02-13,True,-0.05408208623499755,0.0,2025,market,2024-12-31,0.4846700254700167
1329,2057,2025-02-13,2058,2025-02-14,True,-0.0028195488721806106,0.0,2025,market,2024-12-31,0.5656247620140694
1330,2058,2025-02-14,2059,2025-02-17,True,0.0013352183474708568,1.0,2025,market,2024-12-31,0.5108399307848056
1331,2059,2025-02-17,2060,2025-02-18,True,-0.03153188485371394,0.0,2025,market,2024-12-31,0.5063869486516754
1332,2060,2025-02-18,2061,2025-02-19,True,0.03272049890661699,1.0,2025,market,2024-12-31,0.5412710182239707
1333,2061,2025-02-19,2062,2025-02-20,True,0.0069014194965100195,1.0,2025,market,2024-12-31,0.47033569942636033
1334,2062,2025-02-20,2063,2025-02-21,True,0.07523950463431728,1.0,2025,market,2024-12-31,0.47989771071342197
1335,2063,2025-02-21,2064,2025-02-24,True,0.03585657370517925,1.0,2025,market,2024-12-31,0.43271871139874724
1336,2064,2025-02-24,2065,2025-02-25,True,-0.04195804195804198,0.0,2025,market,2024-12-31,0.45534467387688415
1337,2065,2025-02-25,2066,2025-02-26,True,-0.0016788321167882092,0.0,2025,market,2024-12-31,0.5396451846280897
1338,2066,2025-02-26,2067,2025-02-27,True,-0.02215398113621414,0.0,2025,market,2024-12-31,0.5457538152630935
1339,2067,2025-02-27,2068,2025-02-28,True,-0.014281441603110512,0.0,2025,market,2024-12-31,0.565940534647163
1340,2068,2025-02-28,2069,2025-03-03,True,-0.01706743533338384,0.0,2025,market,2024-12-31,0.4886678036835516
1341,2069,2025-03-03,2070,2025-03-04,True,0.037968822349127906,1.0,2025,market,2024-12-31,0.5626156009009212
1342,2070,2025-03-04,2071,2025-03-05,True,0.010260223048327077,1.0,2025,market,2024-12-31,0.4355999762843607
1343,2071,2025-03-05,2072,2025-03-06,True,0.013614954371504284,1.0,2025,market,2024-12-31,0.4953020154821977
1344,2072,2025-03-06,2073,2025-03-07,True,-0.022144776011036038,0.0,2025,market,2024-12-31,0.5110976020819032
1345,2073,2025-03-07,2074,2025-03-10,True,-0.016038016038016023,0.0,2025,market,2024-12-31,0.5222515924369214
1346,2074,2025-03-10,2075,2025-03-11,True,-0.032749773619076494,0.0,2025,market,2024-12-31,0.4989529414979026
1347,2075,2025-03-11,2076,2025-03-12,True,0.0023404587299109547,1.0,2025,market,2024-12-31,0.5407298786329483
1348,2076,2025-03-12,2077,2025-03-13,True,-0.03268991282689904,0.0,2025,market,2024-12-31,0.501507948615366
1349,2077,2025-03-13,2078,2025-03-14,True,0.045140006437077496,1.0,2025,market,2024-12-31,0.5250167499543651
1350,2078,2025-03-14,2079,2025-03-17,True,-0.014319809069212375,0.0,2025,market,2024-12-31,0.4876716893339337
1351,2079,2025-03-17,2080,2025-03-18,True,0.014684058423807045,1.0,2025,market,2024-12-31,0.5074578508029388
1352,2080,2025-03-18,2081,2025-03-19,True,0.008005542298514357,1.0,2025,market,2024-12-31,0.4878847045578736
1353,2081,2025-03-19,2082,2025-03-20,True,-0.019473081328751363,0.0,2025,market,2024-12-31,0.47959460554021016
1354,2082,2025-03-20,2083,2025-03-21,True,-0.03730529595015575,0.0,2025,market,2024-12-31,0.5041758526954395
1355,2083,2025-03-21,2084,2025-03-24,True,0.012215840142383305,1.0,2025,market,2024-12-31,0.488495612471464
1356,2084,2025-03-24,2085,2025-03-25,True,-0.04643542199488482,0.0,2025,market,2024-12-31,0.4678091787325564
1357,2085,2025-03-25,2086,2025-03-26,True,-0.01969658871846469,0.0,2025,market,2024-12-31,0.5450236540664347
1358,2086,2025-03-26,2087,2025-03-27,True,0.005728454172366559,1.0,2025,market,2024-12-31,0.5097385453810839
1359,2087,2025-03-27,2088,2025-03-28,True,-0.005270764260817629,0.0,2025,market,2024-12-31,0.47519518303158925
1360,2088,2025-03-28,2089,2025-03-31,True,-0.0011110161524657824,0.0,2025,market,2024-12-31,0.4716628098338699
1361,2089,2025-03-31,2090,2025-04-01,True,0.005219028062970477,1.0,2025,market,2024-12-31,0.4639654476422003
1362,2090,2025-04-01,2091,2025-04-02,True,0.0008511362669163525,1.0,2025,market,2024-12-31,0.4755003713344598
1363,2091,2025-04-02,2092,2025-04-03,True,-0.015647589080704072,0.0,2025,market,2024-12-31,0.4722880234444771
1364,2092,2025-04-03,2093,2025-04-07,True,-0.09978401727861774,0.0,2025,market,2024-12-31,0.47903907922404465
1365,2093,2025-04-07,2094,2025-04-08,True,-0.006909788867562439,0.0,2025,market,2024-12-31,0.5131521994341306
1366,2094,2025-04-08,2095,2025-04-09,True,0.014302280633938791,1.0,2025,market,2024-12-31,0.5830681491064249
1367,2095,2025-04-09,2096,2025-04-10,True,0.0280106707317076,1.0,2025,market,2024-12-31,0.507017856917999
1368,2096,2025-04-10,2097,2025-04-11,True,0.04096385542168668,1.0,2025,market,2024-12-31,0.5392723533553591
1369,2097,2025-04-11,2098,2025-04-14,True,-0.005252849002849058,0.0,2025,market,2024-12-31,0.46203628256763124
1370,2098,2025-04-14,2099,2025-04-15,True,-0.015483755481965455,0.0,2025,market,2024-12-31,0.5227802663292523
1371,2099,2025-04-15,2100,2025-04-16,True,-0.007363636363636461,0.0,2025,market,2024-12-31,0.5208571973752162
1372,2100,2025-04-16,2101,2025-04-17,True,9.158347834059555e-05,1.0,2025,market,2024-12-31,0.5192326005067087
1373,2101,2025-04-17,2102,2025-04-18,True,-0.008241758241758323,0.0,2025,market,2024-12-31,0.4866253229543673
1374,2102,2025-04-18,2103,2025-04-21,True,0.03841181902123725,1.0,2025,market,2024-12-31,0.4991892824760211
1375,2103,2025-04-21,2104,2025-04-22,True,-0.000978125555753051,0.0,2025,market,2024-12-31,0.45279073914679335
1376,2104,2025-04-22,2105,2025-04-23,True,0.020026702269692942,1.0,2025,market,2024-12-31,0.4921512969859825
1377,2105,2025-04-23,2106,2025-04-24,True,-0.030017452006980694,0.0,2025,market,2024-12-31,0.4561250398967955
1378,2106,2025-04-24,2107,2025-04-25,True,0.013224181360201426,1.0,2025,market,2024-12-31,0.5283520961689548
1379,2107,2025-04-25,2108,2025-04-28,True,0.02281807688892834,1.0,2025,market,2024-12-31,0.4657805725473282
1380,2108,2025-04-28,2109,2025-04-29,True,0.10000000000000009,1.0,2025,market,2024-12-31,0.4554083467751876
1381,2109,2025-04-29,2110,2025-04-30,True,0.015546085858585856,1.0,2025,market,2024-12-31,0.3753567791105832
1382,2110,2025-04-30,2111,2025-05-06,True,0.024555132488926823,1.0,2025,market,2024-12-31,0.48460710967690795
1383,2111,2025-05-06,2112,2025-05-07,True,-0.011376564277588153,0.0,2025,market,2024-12-31,0.50601342549809
1384,2112,2025-05-07,2113,2025-05-08,True,-0.02171077867280391,0.0,2025,market,2024-12-31,0.5290568811502212
1385,2113,2025-05-08,2114,2025-05-09,True,-0.02446675031367629,0.0,2025,market,2024-12-31,0.4902048541796936
1386,2114,2025-05-09,2115,2025-05-12,True,0.008681672025723453,1.0,2025,market,2024-12-31,0.4872073160499693
1387,2115,2025-05-12,2116,2025-05-13,True,0.000239081925406337,1.0,2025,market,2024-12-31,0.4904770160860681
1388,2116,2025-05-13,2117,2025-05-14,True,-0.008126842482670704,0.0,2025,market,2024-12-31,0.4901242003063592
1389,2117,2025-05-14,2118,2025-05-15,True,-0.020001606554743367,0.0,2025,market,2024-12-31,0.5255551049615997
1390,2118,2025-05-15,2119,2025-05-16,True,0.0023770491803278837,1.0,2025,market,2024-12-31,0.4972433981566145
1391,2119,2025-05-16,2120,2025-05-19,True,0.03279090686074082,1.0,2025,market,2024-12-31,0.47046140637184125
1392,2120,2025-05-19,2121,2025-05-20,True,-0.0011876484560569,0.0,2025,market,2024-12-31,0.4442181022588721
1393,2121,2025-05-20,2122,2025-05-21,True,-0.06349583828775274,0.0,2025,market,2024-12-31,0.4984955840515206
1394,2122,2025-05-21,2123,2025-05-22,True,-0.004062976130015161,0.0,2025,market,2024-12-31,0.6145568781290154
1395,2123,2025-05-22,2124,2025-05-23,True,-0.01920788713241539,0.0,2025,market,2024-12-31,0.49930661553961064
1396,2124,2025-05-23,2125,2025-05-26,True,0.005459272097053658,1.0,2025,market,2024-12-31,0.5024117416562716
1397,2125,2025-05-26,2126,2025-05-27,True,-0.026975782125312375,0.0,2025,market,2024-12-31,0.4778701658356311
1398,2126,2025-05-27,2127,2025-05-28,True,0.005314437555358653,1.0,2025,market,2024-12-31,0.5173126427944754
1399,2127,2025-05-28,2128,2025-05-29,True,0.0022026431718062955,1.0,2025,market,2024-12-31,0.4893251170899519
1400,2128,2025-05-29,2129,2025-05-30,True,-0.012747252747252857,0.0,2025,market,2024-12-31,0.5148262846601087
1401,2129,2025-05-30,2130,2025-06-03,True,0.005164737310774825,1.0,2025,market,2024-12-31,0.48241117773400577
1402,2130,2025-06-03,2131,2025-06-04,True,0.02391920623671151,1.0,2025,market,2024-12-31,0.46751091328229055
1403,2131,2025-06-04,2132,2025-06-05,True,0.02007267693372583,1.0,2025,market,2024-12-31,0.4557327332697062
1404,2132,2025-06-05,2133,2025-06-06,True,0.04698897370653099,1.0,2025,market,2024-12-31,0.4579754909452173
1405,2133,2025-06-06,2134,2025-06-09,True,-0.00656189241736882,0.0,2025,market,2024-12-31,0.41460990099251455
1406,2134,2025-06-09,2135,2025-06-10,True,-0.02633939492783166,0.0,2025,market,2024-12-31,0.49085292879942505
1407,2135,2025-06-10,2136,2025-06-11,True,-0.0020938023450587373,0.0,2025,market,2024-12-31,0.5112851280684263
1408,2136,2025-06-11,2137,2025-06-12,True,0.006714225765841464,1.0,2025,market,2024-12-31,0.4988599232711479
1409,2137,2025-06-12,2138,2025-06-13,True,-0.00875364735306372,0.0,2025,market,2024-12-31,0.47834179680121447
1410,2138,2025-06-13,2139,2025-06-16,True,0.01774600504625745,1.0,2025,market,2024-12-31,0.4620383985604169
1411,2139,2025-06-16,2140,2025-06-17,True,0.010825551607305028,1.0,2025,market,2024-12-31,0.4605929953246472
1412,2140,2025-06-17,2141,2025-06-18,True,0.00245258338783505,1.0,2025,market,2024-12-31,0.4591526819543603
1413,2141,2025-06-18,2142,2025-06-19,True,0.00481161311368461,1.0,2025,market,2024-12-31,0.4631081833580968
1414,2142,2025-06-19,2143,2025-06-20,True,-0.034493953412872425,0.0,2025,market,2024-12-31,0.4069856158126319
1415,2143,2025-06-20,2144,2025-06-23,True,0.010507733691997423,1.0,2025,market,2024-12-31,0.5055483986955951
1416,2144,2025-06-23,2145,2025-06-24,True,0.030779469262124604,1.0,2025,market,2024-12-31,0.4271006482408493
1417,2145,2025-06-24,2146,2025-06-25,True,0.012831894116697606,1.0,2025,market,2024-12-31,0.45849457159293194
1418,2146,2025-06-25,2147,2025-06-26,True,-0.017928286852589626,0.0,2025,market,2024-12-31,0.4827356047896393
1419,2147,2025-06-26,2148,2025-06-27,True,0.025070993914807493,1.0,2025,market,2024-12-31,0.48145894681029383
1420,2148,2025-06-27,2149,2025-06-30,True,0.0015038784233021296,1.0,2025,market,2024-12-31,0.4218355235326836
1421,2149,2025-06-30,2150,2025-07-01,True,-0.019837192760610245,0.0,2025,market,2024-12-31,0.4805900614615285
1422,2150,2025-07-01,2151,2025-07-02,True,-0.024512175455571605,0.0,2025,market,2024-12-31,0.4979362569335824
1423,2151,2025-07-02,2152,2025-07-03,True,-0.0076045627376425395,0.0,2025,market,2024-12-31,0.5059494632031147
1424,2152,2025-07-03,2153,2025-07-04,True,-0.007266956231206101,0.0,2025,market,2024-12-31,0.5041633084404554
1425,2153,2025-07-04,2154,2025-07-07,True,0.0164913756836349,1.0,2025,market,2024-12-31,0.5404487227965822
1426,2154,2025-07-07,2155,2025-07-08,True,0.007449714427613552,1.0,2025,market,2024-12-31,0.4967802033158162
1427,2155,2025-07-08,2156,2025-07-09,True,-0.018404403910935785,0.0,2025,market,2024-12-31,0.5475816808043834
1428,2156,2025-07-09,2157,2025-07-10,True,-0.011802126056750573,0.0,2025,market,2024-12-31,0.5383206082024458
1429,2157,2025-07-10,2158,2025-07-11,True,0.0025410808063695,1.0,2025,market,2024-12-31,0.5402029825243644
1430,2158,2025-07-11,2159,2025-07-14,True,-0.006505576208178487,0.0,2025,market,2024-12-31,0.5155739810970613
1431,2159,2025-07-14,2160,2025-07-15,True,-0.022025682455991014,0.0,2025,market,2024-12-31,0.5310985861281943
1432,2160,2025-07-15,2161,2025-07-16,True,-0.006608695652174146,0.0,2025,market,2024-12-31,0.562368632995847
1433,2161,2025-07-16,2162,2025-07-17,True,0.032825630252100835,1.0,2025,market,2024-12-31,0.5315652927325557
1434,2162,2025-07-17,2163,2025-07-18,True,-0.007034494448681983,0.0,2025,market,2024-12-31,0.505607644958055
1435,2163,2025-07-18,2164,2025-07-21,True,-0.0004267668146125114,0.0,2025,market,2024-12-31,0.548716253129749
1436,2164,2025-07-21,2165,2025-07-22,True,-0.01058833575271112,0.0,2025,market,2024-12-31,0.541427165222247
1437,2165,2025-07-22,2166,2025-07-23,True,0.009666005005609879,1.0,2025,market,2024-12-31,0.5590622552343888
1438,2166,2025-07-23,2167,2025-07-24,True,0.007692965210701841,1.0,2025,market,2024-12-31,0.5161445359976922
1439,2167,2025-07-24,2168,2025-07-25,True,0.034354058868436566,1.0,2025,market,2024-12-31,0.5331609946317343
1440,2168,2025-07-25,2169,2025-07-28,True,-0.013777267508610747,0.0,2025,market,2024-12-31,0.4732051824747033
1441,2169,2025-07-28,2170,2025-07-29,True,0.0001663063362715711,1.0,2025,market,2024-12-31,0.5513886472648754
1442,2170,2025-07-29,2171,2025-07-30,True,0.030844695710009917,1.0,2025,market,2024-12-31,0.5242457024988822
1443,2171,2025-07-30,2172,2025-07-31,True,-0.0230663763206711,0.0,2025,market,2024-12-31,0.5024638000580153
1444,2172,2025-07-31,2173,2025-08-01,True,-0.031536365887888884,0.0,2025,market,2024-12-31,0.48200553448901995
1445,2173,2025-08-01,2174,2025-08-04,True,0.013042366379677706,1.0,2025,market,2024-12-31,0.5393212380210358
1446,2174,2025-08-04,2175,2025-08-05,True,-0.007068327162571553,0.0,2025,market,2024-12-31,0.49241080897354167
1447,2175,2025-08-05,2176,2025-08-06,True,0.002372881355932277,1.0,2025,market,2024-12-31,0.5326049380326466
1448,2176,2025-08-06,2177,2025-08-07,True,-0.005157253973621878,0.0,2025,market,2024-12-31,0.5039228480099974
1449,2177,2025-08-07,2178,2025-08-08,True,-0.010792895385399959,0.0,2025,market,2024-12-31,0.5063577103753718
1450,2178,2025-08-08,2179,2025-08-11,True,0.013316151202749094,1.0,2025,market,2024-12-31,0.5136996712100939
1451,2179,2025-08-11,2180,2025-08-12,True,0.02136498516320473,1.0,2025,market,2024-12-31,0.5010604911679327
1452,2180,2025-08-12,2181,2025-08-13,True,0.008217813563542897,1.0,2025,market,2024-12-31,0.48570519882045554
1453,2181,2025-08-13,2182,2025-08-14,True,-0.003704923431582241,0.0,2025,market,2024-12-31,0.5121582795796087
1454,2182,2025-08-14,2183,2025-08-15,True,0.015618543921989803,1.0,2025,market,2024-12-31,0.5163459170543628
1455,2183,2025-08-15,2184,2025-08-18,True,0.022782750203417468,1.0,2025,market,2024-12-31,0.49591137947100716
1456,2184,2025-08-18,2185,2025-08-19,True,-0.019411296738265693,0.0,2025,market,2024-12-31,0.5188311122600378
1457,2185,2025-08-19,2186,2025-08-20,True,0.030423495051111527,1.0,2025,market,2024-12-31,0.5444493491578462
1458,2186,2025-08-20,2187,2025-08-21,True,0.07991496732540737,1.0,2025,market,2024-12-31,0.510118991307802
1459,2187,2025-08-21,2188,2025-08-22,True,0.10002916302128906,1.0,2025,market,2024-12-31,0.48193485134209774
1460,2188,2025-08-22,2189,2025-08-25,True,0.045864262990456206,1.0,2025,market,2024-12-31,0.4772875883050164
1461,2189,2025-08-25,2190,2025-08-26,True,-0.021546261089987362,0.0,2025,market,2024-12-31,0.5944029971816696
1462,2190,2025-08-26,2191,2025-08-27,True,0.027396373056994605,1.0,2025,market,2024-12-31,0.5940215339176887
1463,2191,2025-08-27,2192,2025-08-28,True,0.03668915085418889,1.0,2025,market,2024-12-31,0.490573962999686
1464,2192,2025-08-28,2193,2025-08-29,True,-0.03326238978412899,0.0,2025,market,2024-12-31,0.55088555766741
1465,2193,2025-08-29,2194,2025-09-01,True,0.10001258019876724,1.0,2025,market,2024-12-31,0.6065140869414043
1466,2194,2025-09-01,2195,2025-09-02,True,0.006404391582799596,1.0,2025,market,2024-12-31,0.47324350424154044
1467,2195,2025-09-02,2196,2025-09-03,True,-0.027897727272727324,0.0,2025,market,2024-12-31,0.5607066881189535
1468,2196,2025-09-03,2197,2025-09-04,True,-0.1000058448769654,0.0,2025,market,2024-12-31,0.5949524186893043
1469,2197,2025-09-04,2198,2025-09-05,True,0.0362384725289,1.0,2025,market,2024-12-31,0.6603353830511932
1470,2198,2025-09-05,2199,2025-09-08,True,0.02676109300576579,1.0,2025,market,2024-12-31,0.5604492717065519
1471,2199,2025-09-08,2200,2025-09-09,True,-0.040773973020814314,0.0,2025,market,2024-12-31,0.5627821378153968
1472,2200,2025-09-09,2201,2025-09-10,True,0.02634425707922361,1.0,2025,market,2024-12-31,0.6126656397569842
1473,2201,2025-09-10,2202,2025-09-11,True,0.10000620001240001,1.0,2025,market,2024-12-31,0.542512675481237
1474,2202,2025-09-11,2203,2025-09-12,True,0.07208882876789557,1.0,2025,market,2024-12-31,0.4944589967481755
1475,2203,2025-09-12,2204,2025-09-15,True,0.0038378634141211787,1.0,2025,market,2024-12-31,0.4790461637777511
1476,2204,2025-09-15,2205,2025-09-16,True,-0.009322300199015365,0.0,2025,market,2024-12-31,0.5896974932866523
1477,2205,2025-09-16,2206,2025-09-17,True,-0.01353351659970392,0.0,2025,market,2024-12-31,0.5688726531523741
1478,2206,2025-09-17,2207,2025-09-18,True,0.022936763129689286,1.0,2025,market,2024-12-31,0.6006878980858013
1479,2207,2025-09-18,2208,2025-09-19,True,-0.02975691533948044,0.0,2025,market,2024-12-31,0.5179178394324736
1480,2208,2025-09-19,2209,2025-09-22,True,0.05296976241900664,1.0,2025,market,2024-12-31,0.6235111027871315
1481,2209,2025-09-22,2210,2025-09-23,True,-0.004820265627403897,0.0,2025,market,2024-12-31,0.5124145046272534
1482,2210,2025-09-23,2211,2025-09-24,True,0.029525428968928846,1.0,2025,market,2024-12-31,0.57537904269866
1483,2211,2025-09-24,2212,2025-09-25,True,-0.011961961961962086,0.0,2025,market,2024-12-31,0.5533190003127834
1484,2212,2025-09-25,2213,2025-09-26,True,-0.036472316498657675,0.0,2025,market,2024-12-31,0.6003619913914441
1485,2213,2025-09-26,2214,2025-09-29,True,0.03638084222701221,1.0,2025,market,2024-12-31,0.5959423633274779
1486,2214,2025-09-29,2215,2025-09-30,True,0.08202708872317777,1.0,2025,market,2024-12-31,0.5702908904476409
1487,2215,2025-09-30,2216,2025-10-09,True,0.05714955461790905,1.0,2025,market,2024-12-31,0.4979803376734874
1488,2216,2025-10-09,2217,2025-10-10,True,-0.046432214288882,0.0,2025,market,2024-12-31,0.5584434762793656
1489,2217,2025-10-10,2218,2025-10-13,True,-0.03334573528043905,0.0,2025,market,2024-12-31,0.5738006424340928
1490,2218,2025-10-13,2219,2025-10-14,True,-0.057012268462833804,0.0,2025,market,2024-12-31,0.5359050971707116
1491,2219,2025-10-14,2220,2025-10-15,True,0.03066326530612251,1.0,2025,market,2024-12-31,0.6306052544414077
1492,2220,2025-10-15,2221,2025-10-16,True,0.0302955299242611,1.0,2025,market,2024-12-31,0.5381308120513318
1493,2221,2025-10-16,2222,2025-10-17,True,-0.033248450487675996,0.0,2025,market,2024-12-31,0.5162383474938418
1494,2222,2025-10-17,2223,2025-10-20,True,0.03548531385120035,1.0,2025,market,2024-12-31,0.5295983410779477
1495,2223,2025-10-20,2224,2025-10-21,True,0.051163906887448984,1.0,2025,market,2024-12-31,0.5124087397649205
1496,2224,2025-10-21,2225,2025-10-22,True,-0.036893292543719425,0.0,2025,market,2024-12-31,0.5024586858927235
1497,2225,2025-10-22,2226,2025-10-23,True,-0.01882140994642778,0.0,2025,market,2024-12-31,0.5701253503987205
1498,2226,2025-10-23,2227,2025-10-24,True,0.06822574410514104,1.0,2025,market,2024-12-31,0.5562976124572648
1499,2227,2025-10-24,2228,2025-10-27,True,0.10000904649900488,1.0,2025,market,2024-12-31,0.5098203454958743
1500,2228,2025-10-27,2229,2025-10-28,True,0.015461162054360766,1.0,2025,market,2024-12-31,0.48411860784845845
1501,2229,2025-10-28,2230,2025-10-29,True,-0.02348653573597881,0.0,2025,market,2024-12-31,0.5028536856653892
1502,2230,2025-10-29,2231,2025-10-30,True,-0.03794318888658521,0.0,2025,market,2024-12-31,0.6266203153020569
1503,2231,2025-10-30,2232,2025-10-31,True,-0.051724137931034475,0.0,2025,market,2024-12-31,0.6250695512692662
1504,2232,2025-10-31,2233,2025-11-03,True,0.0459090909090909,1.0,2025,market,2024-12-31,0.6215236443860976
1505,2233,2025-11-03,2234,2025-11-04,True,-0.02220773576705759,0.0,2025,market,2024-12-31,0.5080072452731795
1506,2234,2025-11-04,2235,2025-11-05,True,-0.029334637094982186,0.0,2025,market,2024-12-31,0.592836173013689
1507,2235,2025-11-05,2236,2025-11-06,True,0.04034067493932891,1.0,2025,market,2024-12-31,0.5736266759717972
1508,2236,2025-11-06,2237,2025-11-07,True,-0.02750880281690138,0.0,2025,market,2024-12-31,0.568422249907573
1509,2237,2025-11-07,2238,2025-11-10,True,-0.009006562570717302,0.0,2025,market,2024-12-31,0.5929850250681654
1510,2238,2025-11-10,2239,2025-11-11,True,-0.008997077091706163,0.0,2025,market,2024-12-31,0.6250255258418957
1511,2239,2025-11-11,2240,2025-11-12,True,-0.034517719710585926,0.0,2025,market,2024-12-31,0.5761531120831406
1512,2240,2025-11-12,2241,2025-11-13,True,0.08591885441527447,1.0,2025,market,2024-12-31,0.6021317191463267
1513,2241,2025-11-13,2242,2025-11-14,True,-0.09547252747252755,0.0,2025,market,2024-12-31,0.4997541769036115
1514,2242,2025-11-14,2243,2025-11-17,True,0.008358441053552434,1.0,2025,market,2024-12-31,0.6680285704253545
1515,2243,2025-11-17,2244,2025-11-18,True,-0.024096385542168752,0.0,2025,market,2024-12-31,0.5798815789657201
1516,2244,2025-11-18,2245,2025-11-19,True,9.876543209874633e-05,1.0,2025,market,2024-12-31,0.6000686020793782
1517,2245,2025-11-19,2246,2025-11-20,True,-0.016887221015208453,0.0,2025,market,2024-12-31,0.5849035072775752
1518,2246,2025-11-20,2247,2025-11-21,True,-0.08332496233048714,0.0,2025,market,2024-12-31,0.6151390752789073
1519,2247,2025-11-21,2248,2025-11-24,True,-0.018245575584899476,0.0,2025,market,2024-12-31,0.6080108427773451
1520,2248,2025-11-24,2249,2025-11-25,True,0.06384641142984715,1.0,2025,market,2024-12-31,0.5737950625400053
1521,2249,2025-11-25,2250,2025-11-26,True,0.030846710733396288,1.0,2025,market,2024-12-31,0.5097068108355646
1522,2250,2025-11-26,2251,2025-11-27,True,0.022188295165394445,1.0,2025,market,2024-12-31,0.5063226901416468
1523,2251,2025-11-27,2252,2025-11-28,True,0.010654186995917359,1.0,2025,market,2024-12-31,0.5351458627299398
1524,2252,2025-11-28,2253,2025-12-01,True,0.04837438423645324,1.0,2025,market,2024-12-31,0.5247981901777206
1525,2253,2025-12-01,2254,2025-12-02,True,-0.010901231087303898,0.0,2025,market,2024-12-31,0.5118757203517956
1526,2254,2025-12-02,2255,2025-12-03,True,-0.013776722090261262,0.0,2025,market,2024-12-31,0.5508448920953973
1527,2255,2025-12-03,2256,2025-12-04,True,0.01353564547206143,1.0,2025,market,2024-12-31,0.5507327087601797
1528,2256,2025-12-04,2257,2025-12-05,True,-0.017109452972767336,0.0,2025,market,2024-12-31,0.522767559231894
1529,2257,2025-12-05,2258,2025-12-08,True,0.03423432135776783,1.0,2025,market,2024-12-31,0.6031721426644773
1530,2258,2025-12-08,2259,2025-12-09,True,-0.013745383140866818,0.0,2025,market,2024-12-31,0.5370325396646044
1531,2259,2025-12-09,2260,2025-12-10,True,-0.010002370229912128,0.0,2025,market,2024-12-31,0.5623930457437711
1532,2260,2025-12-10,2261,2025-12-11,True,-0.004932005362957348,0.0,2025,market,2024-12-31,0.5636186682742649
1533,2261,2025-12-11,2262,2025-12-12,True,0.0100091429671334,1.0,2025,market,2024-12-31,0.5397132749886255
1534,2262,2025-12-12,2263,2025-12-15,True,-0.02730001429320117,0.0,2025,market,2024-12-31,0.4871431618523135
1535,2263,2025-12-15,2264,2025-12-16,True,-0.030858150470219226,0.0,2025,market,2024-12-31,0.5117508661670044
1536,2264,2025-12-16,2265,2025-12-17,True,0.021833619731122855,1.0,2025,market,2024-12-31,0.5164898639681478
1537,2265,2025-12-17,2266,2025-12-18,True,0.06068849540013832,1.0,2025,market,2024-12-31,0.5132179100097362
1538,2266,2025-12-18,2267,2025-12-19,True,-0.0197715085101422,0.0,2025,market,2024-12-31,0.4226800539944288
1539,2267,2025-12-19,2268,2025-12-22,True,0.029732172589315375,1.0,2025,market,2024-12-31,0.5428843111472093
1540,2268,2025-12-22,2269,2025-12-23,True,0.004250207890603486,1.0,2025,market,2024-12-31,0.4759265283528853
1541,2269,2025-12-23,2270,2025-12-24,True,0.030913607507590424,1.0,2025,market,2024-12-31,0.47456222516015156
1542,2270,2025-12-24,2271,2025-12-25,True,-0.009370816599732157,0.0,2025,market,2024-12-31,0.45344828550532357
1543,2271,2025-12-25,2272,2025-12-26,True,0.022387387387387214,1.0,2025,market,2024-12-31,0.49505793683594634
1544,2272,2025-12-26,2273,2025-12-29,True,0.004229633872318006,1.0,2025,market,2024-12-31,0.4557739713087459
1545,2273,2025-12-29,2274,2025-12-30,True,-0.033826174702759615,0.0,2025,market,2024-12-31,0.4604527902997083
1546,2274,2025-12-30,2275,2025-12-31,True,-0.02710925438198175,0.0,2025,market,2024-12-31,0.5359133457015072
1547,2275,2025-12-31,2276,2026-01-05,True,0.10002333722287071,1.0,2025,market,2024-12-31,0.5464958005252214
1305,2033,2025-01-02,2034,2025-01-03,True,0.0010680648606660181,1.0,2025,sector,2024-12-31,0.5143131679924694
1306,2034,2025-01-03,2035,2025-01-06,True,-0.034529582929194835,0.0,2025,sector,2024-12-31,0.4905022123596468
1307,2035,2025-01-06,2036,2025-01-07,True,0.056861563190677034,1.0,2025,sector,2024-12-31,0.5768138699179989
1308,2036,2025-01-07,2037,2025-01-08,True,0.08982889733840316,1.0,2025,sector,2024-12-31,0.4680775933145573
1309,2037,2025-01-08,2038,2025-01-09,True,0.07195813344962931,1.0,2025,sector,2024-12-31,0.37163375839328566
1310,2038,2025-01-09,2039,2025-01-10,True,-0.019528071602929242,0.0,2025,sector,2024-12-31,0.39883130285478297
1311,2039,2025-01-10,2040,2025-01-13,True,-0.021991701244813422,0.0,2025,sector,2024-12-31,0.5299701135761259
1312,2040,2025-01-13,2041,2025-01-14,True,0.10004242681374609,1.0,2025,sector,2024-12-31,0.5333107840462927
1313,2041,2025-01-14,2042,2025-01-15,True,0.024838012958963596,1.0,2025,sector,2024-12-31,0.4196478405681833
1314,2042,2025-01-15,2043,2025-01-16,True,-0.03507451452656951,0.0,2025,sector,2024-12-31,0.48886946598996456
1315,2043,2025-01-16,2044,2025-01-17,True,0.051404056162246636,1.0,2025,sector,2024-12-31,0.5549846230058673
1316,2044,2025-01-17,2045,2025-01-20,True,-0.013279916907782519,0.0,2025,sector,2024-12-31,0.4681674523873933
1317,2045,2025-01-20,2046,2025-01-21,True,-0.006766917293233088,0.0,2025,sector,2024-12-31,0.5519607734586898
1318,2046,2025-01-21,2047,2025-01-22,True,0.03111279333838035,1.0,2025,sector,2024-12-31,0.5386608681372543
1319,2047,2025-01-22,2048,2025-01-23,True,-0.042140811981499326,0.0,2025,sector,2024-12-31,0.4308042440135018
1320,2048,2025-01-23,2049,2025-01-24,True,0.00022993791676251263,1.0,2025,sector,2024-12-31,0.5790418346910503
1321,2049,2025-01-24,2050,2025-01-27,True,-0.023754789272030563,0.0,2025,sector,2024-12-31,0.5231340356493731
1322,2050,2025-01-27,2051,2025-02-05,True,0.062401883830454974,1.0,2025,sector,2024-12-31,0.5167753968712343
1323,2051,2025-02-05,2052,2025-02-06,True,0.039009974141115844,1.0,2025,sector,2024-12-31,0.5164771242781209
1324,2052,2025-02-06,2053,2025-02-07,True,-0.01471947664083062,0.0,2025,sector,2024-12-31,0.46271584830461776
1325,2053,2025-02-07,2054,2025-02-10,True,-0.02836316397228633,0.0,2025,sector,2024-12-31,0.5298785921112783
1326,2054,2025-02-10,2055,2025-02-11,True,-0.004679491940875025,0.0,2025,sector,2024-12-31,0.5899558273518227
1327,2055,2025-02-11,2056,2025-02-12,True,0.0073134328358206435,1.0,2025,sector,2024-12-31,0.5122090648963067
1328,2056,2025-02-12,2057,2025-02-13,True,-0.05408208623499755,0.0,2025,sector,2024-12-31,0.5425876308355385
1329,2057,2025-02-13,2058,2025-02-14,True,-0.0028195488721806106,0.0,2025,sector,2024-12-31,0.6087656582618911
1330,2058,2025-02-14,2059,2025-02-17,True,0.0013352183474708568,1.0,2025,sector,2024-12-31,0.556242001103262
1331,2059,2025-02-17,2060,2025-02-18,True,-0.03153188485371394,0.0,2025,sector,2024-12-31,0.5689863784354587
1332,2060,2025-02-18,2061,2025-02-19,True,0.03272049890661699,1.0,2025,sector,2024-12-31,0.5858158572831381
1333,2061,2025-02-19,2062,2025-02-20,True,0.0069014194965100195,1.0,2025,sector,2024-12-31,0.5303059877542327
1334,2062,2025-02-20,2063,2025-02-21,True,0.07523950463431728,1.0,2025,sector,2024-12-31,0.5269140152946165
1335,2063,2025-02-21,2064,2025-02-24,True,0.03585657370517925,1.0,2025,sector,2024-12-31,0.5002153702703107
1336,2064,2025-02-24,2065,2025-02-25,True,-0.04195804195804198,0.0,2025,sector,2024-12-31,0.5090601670504036
1337,2065,2025-02-25,2066,2025-02-26,True,-0.0016788321167882092,0.0,2025,sector,2024-12-31,0.6009580812126772
1338,2066,2025-02-26,2067,2025-02-27,True,-0.02215398113621414,0.0,2025,sector,2024-12-31,0.5852230697501448
1339,2067,2025-02-27,2068,2025-02-28,True,-0.014281441603110512,0.0,2025,sector,2024-12-31,0.6000804978746112
1340,2068,2025-02-28,2069,2025-03-03,True,-0.01706743533338384,0.0,2025,sector,2024-12-31,0.5155069130770202
1341,2069,2025-03-03,2070,2025-03-04,True,0.037968822349127906,1.0,2025,sector,2024-12-31,0.592886697852217
1342,2070,2025-03-04,2071,2025-03-05,True,0.010260223048327077,1.0,2025,sector,2024-12-31,0.48562433289670986
1343,2071,2025-03-05,2072,2025-03-06,True,0.013614954371504284,1.0,2025,sector,2024-12-31,0.5384058022556067
1344,2072,2025-03-06,2073,2025-03-07,True,-0.022144776011036038,0.0,2025,sector,2024-12-31,0.5583222405406812
1345,2073,2025-03-07,2074,2025-03-10,True,-0.016038016038016023,0.0,2025,sector,2024-12-31,0.5482764577585993
1346,2074,2025-03-10,2075,2025-03-11,True,-0.032749773619076494,0.0,2025,sector,2024-12-31,0.5333407313903249
1347,2075,2025-03-11,2076,2025-03-12,True,0.0023404587299109547,1.0,2025,sector,2024-12-31,0.5614300309426227
1348,2076,2025-03-12,2077,2025-03-13,True,-0.03268991282689904,0.0,2025,sector,2024-12-31,0.5380982494673776
1349,2077,2025-03-13,2078,2025-03-14,True,0.045140006437077496,1.0,2025,sector,2024-12-31,0.5409008138678886
1350,2078,2025-03-14,2079,2025-03-17,True,-0.014319809069212375,0.0,2025,sector,2024-12-31,0.46691153705187927
1351,2079,2025-03-17,2080,2025-03-18,True,0.014684058423807045,1.0,2025,sector,2024-12-31,0.534200826154792
1352,2080,2025-03-18,2081,2025-03-19,True,0.008005542298514357,1.0,2025,sector,2024-12-31,0.4907858047713784
1353,2081,2025-03-19,2082,2025-03-20,True,-0.019473081328751363,0.0,2025,sector,2024-12-31,0.44703841606326633
1354,2082,2025-03-20,2083,2025-03-21,True,-0.03730529595015575,0.0,2025,sector,2024-12-31,0.5140342304415919
1355,2083,2025-03-21,2084,2025-03-24,True,0.012215840142383305,1.0,2025,sector,2024-12-31,0.49914278422640845
1356,2084,2025-03-24,2085,2025-03-25,True,-0.04643542199488482,0.0,2025,sector,2024-12-31,0.4584356467774582
1357,2085,2025-03-25,2086,2025-03-26,True,-0.01969658871846469,0.0,2025,sector,2024-12-31,0.5254601720583812
1358,2086,2025-03-26,2087,2025-03-27,True,0.005728454172366559,1.0,2025,sector,2024-12-31,0.5089688873125505
1359,2087,2025-03-27,2088,2025-03-28,True,-0.005270764260817629,0.0,2025,sector,2024-12-31,0.4702054126131417
1360,2088,2025-03-28,2089,2025-03-31,True,-0.0011110161524657824,0.0,2025,sector,2024-12-31,0.47750633923500746
1361,2089,2025-03-31,2090,2025-04-01,True,0.005219028062970477,1.0,2025,sector,2024-12-31,0.49307917490439573
1362,2090,2025-04-01,2091,2025-04-02,True,0.0008511362669163525,1.0,2025,sector,2024-12-31,0.4994552350374995
1363,2091,2025-04-02,2092,2025-04-03,True,-0.015647589080704072,0.0,2025,sector,2024-12-31,0.49641685644607714
1364,2092,2025-04-03,2093,2025-04-07,True,-0.09978401727861774,0.0,2025,sector,2024-12-31,0.5065832444003995
1365,2093,2025-04-07,2094,2025-04-08,True,-0.006909788867562439,0.0,2025,sector,2024-12-31,0.5396313723917178
1366,2094,2025-04-08,2095,2025-04-09,True,0.014302280633938791,1.0,2025,sector,2024-12-31,0.5578798125588501
1367,2095,2025-04-09,2096,2025-04-10,True,0.0280106707317076,1.0,2025,sector,2024-12-31,0.5444254256611577
1368,2096,2025-04-10,2097,2025-04-11,True,0.04096385542168668,1.0,2025,sector,2024-12-31,0.535080321557102
1369,2097,2025-04-11,2098,2025-04-14,True,-0.005252849002849058,0.0,2025,sector,2024-12-31,0.4878250809722951
1370,2098,2025-04-14,2099,2025-04-15,True,-0.015483755481965455,0.0,2025,sector,2024-12-31,0.5307664147774199
1371,2099,2025-04-15,2100,2025-04-16,True,-0.007363636363636461,0.0,2025,sector,2024-12-31,0.5051690509662096
1372,2100,2025-04-16,2101,2025-04-17,True,9.158347834059555e-05,1.0,2025,sector,2024-12-31,0.5357483556834254
1373,2101,2025-04-17,2102,2025-04-18,True,-0.008241758241758323,0.0,2025,sector,2024-12-31,0.5041695578151515
1374,2102,2025-04-18,2103,2025-04-21,True,0.03841181902123725,1.0,2025,sector,2024-12-31,0.4966562098718882
1375,2103,2025-04-21,2104,2025-04-22,True,-0.000978125555753051,0.0,2025,sector,2024-12-31,0.45150371597248673
1376,2104,2025-04-22,2105,2025-04-23,True,0.020026702269692942,1.0,2025,sector,2024-12-31,0.4875964067916495
1377,2105,2025-04-23,2106,2025-04-24,True,-0.030017452006980694,0.0,2025,sector,2024-12-31,0.44003088197473494
1378,2106,2025-04-24,2107,2025-04-25,True,0.013224181360201426,1.0,2025,sector,2024-12-31,0.5180014141337052
1379,2107,2025-04-25,2108,2025-04-28,True,0.02281807688892834,1.0,2025,sector,2024-12-31,0.4407192744720441
1380,2108,2025-04-28,2109,2025-04-29,True,0.10000000000000009,1.0,2025,sector,2024-12-31,0.437368975580714
1381,2109,2025-04-29,2110,2025-04-30,True,0.015546085858585856,1.0,2025,sector,2024-12-31,0.35617370872382453
1382,2110,2025-04-30,2111,2025-05-06,True,0.024555132488926823,1.0,2025,sector,2024-12-31,0.4785380136095096
1383,2111,2025-05-06,2112,2025-05-07,True,-0.011376564277588153,0.0,2025,sector,2024-12-31,0.48145411243276925
1384,2112,2025-05-07,2113,2025-05-08,True,-0.02171077867280391,0.0,2025,sector,2024-12-31,0.49827140561287314
1385,2113,2025-05-08,2114,2025-05-09,True,-0.02446675031367629,0.0,2025,sector,2024-12-31,0.45360269215729776
1386,2114,2025-05-09,2115,2025-05-12,True,0.008681672025723453,1.0,2025,sector,2024-12-31,0.45891482144162515
1387,2115,2025-05-12,2116,2025-05-13,True,0.000239081925406337,1.0,2025,sector,2024-12-31,0.44591554903310165
1388,2116,2025-05-13,2117,2025-05-14,True,-0.008126842482670704,0.0,2025,sector,2024-12-31,0.46537481181190127
1389,2117,2025-05-14,2118,2025-05-15,True,-0.020001606554743367,0.0,2025,sector,2024-12-31,0.4883923171947096
1390,2118,2025-05-15,2119,2025-05-16,True,0.0023770491803278837,1.0,2025,sector,2024-12-31,0.47820368752511216
1391,2119,2025-05-16,2120,2025-05-19,True,0.03279090686074082,1.0,2025,sector,2024-12-31,0.46106943810403817
1392,2120,2025-05-19,2121,2025-05-20,True,-0.0011876484560569,0.0,2025,sector,2024-12-31,0.4229009745132464
1393,2121,2025-05-20,2122,2025-05-21,True,-0.06349583828775274,0.0,2025,sector,2024-12-31,0.46650911097060127
1394,2122,2025-05-21,2123,2025-05-22,True,-0.004062976130015161,0.0,2025,sector,2024-12-31,0.5852302227865543
1395,2123,2025-05-22,2124,2025-05-23,True,-0.01920788713241539,0.0,2025,sector,2024-12-31,0.49525628595130294
1396,2124,2025-05-23,2125,2025-05-26,True,0.005459272097053658,1.0,2025,sector,2024-12-31,0.5027221059233405
1397,2125,2025-05-26,2126,2025-05-27,True,-0.026975782125312375,0.0,2025,sector,2024-12-31,0.49792847828898223
1398,2126,2025-05-27,2127,2025-05-28,True,0.005314437555358653,1.0,2025,sector,2024-12-31,0.5271812823771432
1399,2127,2025-05-28,2128,2025-05-29,True,0.0022026431718062955,1.0,2025,sector,2024-12-31,0.49676158060551906
1400,2128,2025-05-29,2129,2025-05-30,True,-0.012747252747252857,0.0,2025,sector,2024-12-31,0.5327770628512117
1401,2129,2025-05-30,2130,2025-06-03,True,0.005164737310774825,1.0,2025,sector,2024-12-31,0.48912807463899893
1402,2130,2025-06-03,2131,2025-06-04,True,0.02391920623671151,1.0,2025,sector,2024-12-31,0.4713219833641358
1403,2131,2025-06-04,2132,2025-06-05,True,0.02007267693372583,1.0,2025,sector,2024-12-31,0.4540141286317874
1404,2132,2025-06-05,2133,2025-06-06,True,0.04698897370653099,1.0,2025,sector,2024-12-31,0.4781565850973673
1405,2133,2025-06-06,2134,2025-06-09,True,-0.00656189241736882,0.0,2025,sector,2024-12-31,0.40900659150788915
1406,2134,2025-06-09,2135,2025-06-10,True,-0.02633939492783166,0.0,2025,sector,2024-12-31,0.4950855651808419
1407,2135,2025-06-10,2136,2025-06-11,True,-0.0020938023450587373,0.0,2025,sector,2024-12-31,0.5242392347867376
1408,2136,2025-06-11,2137,2025-06-12,True,0.006714225765841464,1.0,2025,sector,2024-12-31,0.49554400510275604
1409,2137,2025-06-12,2138,2025-06-13,True,-0.00875364735306372,0.0,2025,sector,2024-12-31,0.4785844640275496
1410,2138,2025-06-13,2139,2025-06-16,True,0.01774600504625745,1.0,2025,sector,2024-12-31,0.4941791797584855
1411,2139,2025-06-16,2140,2025-06-17,True,0.010825551607305028,1.0,2025,sector,2024-12-31,0.46683651919683605
1412,2140,2025-06-17,2141,2025-06-18,True,0.00245258338783505,1.0,2025,sector,2024-12-31,0.476001225737774
1413,2141,2025-06-18,2142,2025-06-19,True,0.00481161311368461,1.0,2025,sector,2024-12-31,0.47819928093419306
1414,2142,2025-06-19,2143,2025-06-20,True,-0.034493953412872425,0.0,2025,sector,2024-12-31,0.4198285547058883
1415,2143,2025-06-20,2144,2025-06-23,True,0.010507733691997423,1.0,2025,sector,2024-12-31,0.4989312156696122
1416,2144,2025-06-23,2145,2025-06-24,True,0.030779469262124604,1.0,2025,sector,2024-12-31,0.4238098349991178
1417,2145,2025-06-24,2146,2025-06-25,True,0.012831894116697606,1.0,2025,sector,2024-12-31,0.4460888369218106
1418,2146,2025-06-25,2147,2025-06-26,True,-0.017928286852589626,0.0,2025,sector,2024-12-31,0.4572266178176914
1419,2147,2025-06-26,2148,2025-06-27,True,0.025070993914807493,1.0,2025,sector,2024-12-31,0.48109261372186135
1420,2148,2025-06-27,2149,2025-06-30,True,0.0015038784233021296,1.0,2025,sector,2024-12-31,0.41886879791244536
1421,2149,2025-06-30,2150,2025-07-01,True,-0.019837192760610245,0.0,2025,sector,2024-12-31,0.4808993057523306
1422,2150,2025-07-01,2151,2025-07-02,True,-0.024512175455571605,0.0,2025,sector,2024-12-31,0.47837574681497896
1423,2151,2025-07-02,2152,2025-07-03,True,-0.0076045627376425395,0.0,2025,sector,2024-12-31,0.47924285919961995
1424,2152,2025-07-03,2153,2025-07-04,True,-0.007266956231206101,0.0,2025,sector,2024-12-31,0.48593587352617496
1425,2153,2025-07-04,2154,2025-07-07,True,0.0164913756836349,1.0,2025,sector,2024-12-31,0.49079407560760585
1426,2154,2025-07-07,2155,2025-07-08,True,0.007449714427613552,1.0,2025,sector,2024-12-31,0.4538737501150528
1427,2155,2025-07-08,2156,2025-07-09,True,-0.018404403910935785,0.0,2025,sector,2024-12-31,0.5172071599467263
1428,2156,2025-07-09,2157,2025-07-10,True,-0.011802126056750573,0.0,2025,sector,2024-12-31,0.5088834001512856
1429,2157,2025-07-10,2158,2025-07-11,True,0.0025410808063695,1.0,2025,sector,2024-12-31,0.5186222726989482
1430,2158,2025-07-11,2159,2025-07-14,True,-0.006505576208178487,0.0,2025,sector,2024-12-31,0.5223485770336017
1431,2159,2025-07-14,2160,2025-07-15,True,-0.022025682455991014,0.0,2025,sector,2024-12-31,0.5210539139199769
1432,2160,2025-07-15,2161,2025-07-16,True,-0.006608695652174146,0.0,2025,sector,2024-12-31,0.5718355929517013
1433,2161,2025-07-16,2162,2025-07-17,True,0.032825630252100835,1.0,2025,sector,2024-12-31,0.5540418167936424
1434,2162,2025-07-17,2163,2025-07-18,True,-0.007034494448681983,0.0,2025,sector,2024-12-31,0.49743822196626547
1435,2163,2025-07-18,2164,2025-07-21,True,-0.0004267668146125114,0.0,2025,sector,2024-12-31,0.54095157118154
1436,2164,2025-07-21,2165,2025-07-22,True,-0.01058833575271112,0.0,2025,sector,2024-12-31,0.5155824244915217
1437,2165,2025-07-22,2166,2025-07-23,True,0.009666005005609879,1.0,2025,sector,2024-12-31,0.5267957800223874
1438,2166,2025-07-23,2167,2025-07-24,True,0.007692965210701841,1.0,2025,sector,2024-12-31,0.5001622589486814
1439,2167,2025-07-24,2168,2025-07-25,True,0.034354058868436566,1.0,2025,sector,2024-12-31,0.5035068780987676
1440,2168,2025-07-25,2169,2025-07-28,True,-0.013777267508610747,0.0,2025,sector,2024-12-31,0.4793715511009017
1441,2169,2025-07-28,2170,2025-07-29,True,0.0001663063362715711,1.0,2025,sector,2024-12-31,0.5139432905092761
1442,2170,2025-07-29,2171,2025-07-30,True,0.030844695710009917,1.0,2025,sector,2024-12-31,0.4952094165777857
1443,2171,2025-07-30,2172,2025-07-31,True,-0.0230663763206711,0.0,2025,sector,2024-12-31,0.44540764878783845
1444,2172,2025-07-31,2173,2025-08-01,True,-0.031536365887888884,0.0,2025,sector,2024-12-31,0.47211089610639956
1445,2173,2025-08-01,2174,2025-08-04,True,0.013042366379677706,1.0,2025,sector,2024-12-31,0.524005131539044
1446,2174,2025-08-04,2175,2025-08-05,True,-0.007068327162571553,0.0,2025,sector,2024-12-31,0.4728755264922786
1447,2175,2025-08-05,2176,2025-08-06,True,0.002372881355932277,1.0,2025,sector,2024-12-31,0.5060704896044859
1448,2176,2025-08-06,2177,2025-08-07,True,-0.005157253973621878,0.0,2025,sector,2024-12-31,0.4874226893810957
1449,2177,2025-08-07,2178,2025-08-08,True,-0.010792895385399959,0.0,2025,sector,2024-12-31,0.49747967258163
1450,2178,2025-08-08,2179,2025-08-11,True,0.013316151202749094,1.0,2025,sector,2024-12-31,0.4749273749832479
1451,2179,2025-08-11,2180,2025-08-12,True,0.02136498516320473,1.0,2025,sector,2024-12-31,0.46154162708285207
1452,2180,2025-08-12,2181,2025-08-13,True,0.008217813563542897,1.0,2025,sector,2024-12-31,0.4552999678521305
1453,2181,2025-08-13,2182,2025-08-14,True,-0.003704923431582241,0.0,2025,sector,2024-12-31,0.4482297749609558
1454,2182,2025-08-14,2183,2025-08-15,True,0.015618543921989803,1.0,2025,sector,2024-12-31,0.5037912744254508
1455,2183,2025-08-15,2184,2025-08-18,True,0.022782750203417468,1.0,2025,sector,2024-12-31,0.447504855135227
1456,2184,2025-08-18,2185,2025-08-19,True,-0.019411296738265693,0.0,2025,sector,2024-12-31,0.45829806982372295
1457,2185,2025-08-19,2186,2025-08-20,True,0.030423495051111527,1.0,2025,sector,2024-12-31,0.4790855864699028
1458,2186,2025-08-20,2187,2025-08-21,True,0.07991496732540737,1.0,2025,sector,2024-12-31,0.4653623255794739
1459,2187,2025-08-21,2188,2025-08-22,True,0.10002916302128906,1.0,2025,sector,2024-12-31,0.4035259919886926
1460,2188,2025-08-22,2189,2025-08-25,True,0.045864262990456206,1.0,2025,sector,2024-12-31,0.4334625099497282
1461,2189,2025-08-25,2190,2025-08-26,True,-0.021546261089987362,0.0,2025,sector,2024-12-31,0.5365900949288229
1462,2190,2025-08-26,2191,2025-08-27,True,0.027396373056994605,1.0,2025,sector,2024-12-31,0.5442643114951476
1463,2191,2025-08-27,2192,2025-08-28,True,0.03668915085418889,1.0,2025,sector,2024-12-31,0.4711809270813207
1464,2192,2025-08-28,2193,2025-08-29,True,-0.03326238978412899,0.0,2025,sector,2024-12-31,0.5319005315226824
1465,2193,2025-08-29,2194,2025-09-01,True,0.10001258019876724,1.0,2025,sector,2024-12-31,0.4951616279692549
1466,2194,2025-09-01,2195,2025-09-02,True,0.006404391582799596,1.0,2025,sector,2024-12-31,0.3912651647368824
1467,2195,2025-09-02,2196,2025-09-03,True,-0.027897727272727324,0.0,2025,sector,2024-12-31,0.47211171166419424
1468,2196,2025-09-03,2197,2025-09-04,True,-0.1000058448769654,0.0,2025,sector,2024-12-31,0.5115122059151627
1469,2197,2025-09-04,2198,2025-09-05,True,0.0362384725289,1.0,2025,sector,2024-12-31,0.5898453679323481
1470,2198,2025-09-05,2199,2025-09-08,True,0.02676109300576579,1.0,2025,sector,2024-12-31,0.4571862174608678
1471,2199,2025-09-08,2200,2025-09-09,True,-0.040773973020814314,0.0,2025,sector,2024-12-31,0.48030027358646127
1472,2200,2025-09-09,2201,2025-09-10,True,0.02634425707922361,1.0,2025,sector,2024-12-31,0.5207515735764223
1473,2201,2025-09-10,2202,2025-09-11,True,0.10000620001240001,1.0,2025,sector,2024-12-31,0.47357710912310935
1474,2202,2025-09-11,2203,2025-09-12,True,0.07208882876789557,1.0,2025,sector,2024-12-31,0.40957989909438824
1475,2203,2025-09-12,2204,2025-09-15,True,0.0038378634141211787,1.0,2025,sector,2024-12-31,0.41602141427320627
1476,2204,2025-09-15,2205,2025-09-16,True,-0.009322300199015365,0.0,2025,sector,2024-12-31,0.5242478532651087
1477,2205,2025-09-16,2206,2025-09-17,True,-0.01353351659970392,0.0,2025,sector,2024-12-31,0.5133708509280839
1478,2206,2025-09-17,2207,2025-09-18,True,0.022936763129689286,1.0,2025,sector,2024-12-31,0.5335669158880204
1479,2207,2025-09-18,2208,2025-09-19,True,-0.02975691533948044,0.0,2025,sector,2024-12-31,0.5105342159088209
1480,2208,2025-09-19,2209,2025-09-22,True,0.05296976241900664,1.0,2025,sector,2024-12-31,0.5574536848466066
1481,2209,2025-09-22,2210,2025-09-23,True,-0.004820265627403897,0.0,2025,sector,2024-12-31,0.4872376182315383
1482,2210,2025-09-23,2211,2025-09-24,True,0.029525428968928846,1.0,2025,sector,2024-12-31,0.5170691734566178
1483,2211,2025-09-24,2212,2025-09-25,True,-0.011961961961962086,0.0,2025,sector,2024-12-31,0.5230777448521873
1484,2212,2025-09-25,2213,2025-09-26,True,-0.036472316498657675,0.0,2025,sector,2024-12-31,0.5396979268341882
1485,2213,2025-09-26,2214,2025-09-29,True,0.03638084222701221,1.0,2025,sector,2024-12-31,0.5545303056287678
1486,2214,2025-09-29,2215,2025-09-30,True,0.08202708872317777,1.0,2025,sector,2024-12-31,0.5076485741174618
1487,2215,2025-09-30,2216,2025-10-09,True,0.05714955461790905,1.0,2025,sector,2024-12-31,0.4614363187186254
1488,2216,2025-10-09,2217,2025-10-10,True,-0.046432214288882,0.0,2025,sector,2024-12-31,0.5132404332504453
1489,2217,2025-10-10,2218,2025-10-13,True,-0.03334573528043905,0.0,2025,sector,2024-12-31,0.5067299186500003
1490,2218,2025-10-13,2219,2025-10-14,True,-0.057012268462833804,0.0,2025,sector,2024-12-31,0.5182082204151333
1491,2219,2025-10-14,2220,2025-10-15,True,0.03066326530612251,1.0,2025,sector,2024-12-31,0.5825309799700928
1492,2220,2025-10-15,2221,2025-10-16,True,0.0302955299242611,1.0,2025,sector,2024-12-31,0.4780824205788423
1493,2221,2025-10-16,2222,2025-10-17,True,-0.033248450487675996,0.0,2025,sector,2024-12-31,0.44447398664743004
1494,2222,2025-10-17,2223,2025-10-20,True,0.03548531385120035,1.0,2025,sector,2024-12-31,0.5106442727305232
1495,2223,2025-10-20,2224,2025-10-21,True,0.051163906887448984,1.0,2025,sector,2024-12-31,0.4830210475013247
1496,2224,2025-10-21,2225,2025-10-22,True,-0.036893292543719425,0.0,2025,sector,2024-12-31,0.4640308803628163
1497,2225,2025-10-22,2226,2025-10-23,True,-0.01882140994642778,0.0,2025,sector,2024-12-31,0.5465883428718489
1498,2226,2025-10-23,2227,2025-10-24,True,0.06822574410514104,1.0,2025,sector,2024-12-31,0.5031897305320058
1499,2227,2025-10-24,2228,2025-10-27,True,0.10000904649900488,1.0,2025,sector,2024-12-31,0.4990354481368569
1500,2228,2025-10-27,2229,2025-10-28,True,0.015461162054360766,1.0,2025,sector,2024-12-31,0.4275933438217524
1501,2229,2025-10-28,2230,2025-10-29,True,-0.02348653573597881,0.0,2025,sector,2024-12-31,0.439368728795212
1502,2230,2025-10-29,2231,2025-10-30,True,-0.03794318888658521,0.0,2025,sector,2024-12-31,0.5628351665036647
1503,2231,2025-10-30,2232,2025-10-31,True,-0.051724137931034475,0.0,2025,sector,2024-12-31,0.5883879825470089
1504,2232,2025-10-31,2233,2025-11-03,True,0.0459090909090909,1.0,2025,sector,2024-12-31,0.5673433485015839
1505,2233,2025-11-03,2234,2025-11-04,True,-0.02220773576705759,0.0,2025,sector,2024-12-31,0.4104607820830775
1506,2234,2025-11-04,2235,2025-11-05,True,-0.029334637094982186,0.0,2025,sector,2024-12-31,0.5635226390229576
1507,2235,2025-11-05,2236,2025-11-06,True,0.04034067493932891,1.0,2025,sector,2024-12-31,0.5146016980856407
1508,2236,2025-11-06,2237,2025-11-07,True,-0.02750880281690138,0.0,2025,sector,2024-12-31,0.5482873686471198
1509,2237,2025-11-07,2238,2025-11-10,True,-0.009006562570717302,0.0,2025,sector,2024-12-31,0.5595986487579575
1510,2238,2025-11-10,2239,2025-11-11,True,-0.008997077091706163,0.0,2025,sector,2024-12-31,0.583308135343786
1511,2239,2025-11-11,2240,2025-11-12,True,-0.034517719710585926,0.0,2025,sector,2024-12-31,0.5497622025472138
1512,2240,2025-11-12,2241,2025-11-13,True,0.08591885441527447,1.0,2025,sector,2024-12-31,0.5778708973283724
1513,2241,2025-11-13,2242,2025-11-14,True,-0.09547252747252755,0.0,2025,sector,2024-12-31,0.4533143756591428
1514,2242,2025-11-14,2243,2025-11-17,True,0.008358441053552434,1.0,2025,sector,2024-12-31,0.6669286142454138
1515,2243,2025-11-17,2244,2025-11-18,True,-0.024096385542168752,0.0,2025,sector,2024-12-31,0.5941043156923373
1516,2244,2025-11-18,2245,2025-11-19,True,9.876543209874633e-05,1.0,2025,sector,2024-12-31,0.6448838457951716
1517,2245,2025-11-19,2246,2025-11-20,True,-0.016887221015208453,0.0,2025,sector,2024-12-31,0.5701588044435887
1518,2246,2025-11-20,2247,2025-11-21,True,-0.08332496233048714,0.0,2025,sector,2024-12-31,0.6354503675658209
1519,2247,2025-11-21,2248,2025-11-24,True,-0.018245575584899476,0.0,2025,sector,2024-12-31,0.6360366258839336
1520,2248,2025-11-24,2249,2025-11-25,True,0.06384641142984715,1.0,2025,sector,2024-12-31,0.6229309247751892
1521,2249,2025-11-25,2250,2025-11-26,True,0.030846710733396288,1.0,2025,sector,2024-12-31,0.5309760284111498
1522,2250,2025-11-26,2251,2025-11-27,True,0.022188295165394445,1.0,2025,sector,2024-12-31,0.5347688979011176
1523,2251,2025-11-27,2252,2025-11-28,True,0.010654186995917359,1.0,2025,sector,2024-12-31,0.5678968197517659
1524,2252,2025-11-28,2253,2025-12-01,True,0.04837438423645324,1.0,2025,sector,2024-12-31,0.5718924545336689
1525,2253,2025-12-01,2254,2025-12-02,True,-0.010901231087303898,0.0,2025,sector,2024-12-31,0.54739588425704
1526,2254,2025-12-02,2255,2025-12-03,True,-0.013776722090261262,0.0,2025,sector,2024-12-31,0.5831772474427505
1527,2255,2025-12-03,2256,2025-12-04,True,0.01353564547206143,1.0,2025,sector,2024-12-31,0.5951811784744304
1528,2256,2025-12-04,2257,2025-12-05,True,-0.017109452972767336,0.0,2025,sector,2024-12-31,0.565123494452355
1529,2257,2025-12-05,2258,2025-12-08,True,0.03423432135776783,1.0,2025,sector,2024-12-31,0.6064967602068975
1530,2258,2025-12-08,2259,2025-12-09,True,-0.013745383140866818,0.0,2025,sector,2024-12-31,0.567649279857461
1531,2259,2025-12-09,2260,2025-12-10,True,-0.010002370229912128,0.0,2025,sector,2024-12-31,0.6064806973382052
1532,2260,2025-12-10,2261,2025-12-11,True,-0.004932005362957348,0.0,2025,sector,2024-12-31,0.5959504152483769
1533,2261,2025-12-11,2262,2025-12-12,True,0.0100091429671334,1.0,2025,sector,2024-12-31,0.5823846871517316
1534,2262,2025-12-12,2263,2025-12-15,True,-0.02730001429320117,0.0,2025,sector,2024-12-31,0.506370275370459
1535,2263,2025-12-15,2264,2025-12-16,True,-0.030858150470219226,0.0,2025,sector,2024-12-31,0.5133498820080872
1536,2264,2025-12-16,2265,2025-12-17,True,0.021833619731122855,1.0,2025,sector,2024-12-31,0.540776429628381
1537,2265,2025-12-17,2266,2025-12-18,True,0.06068849540013832,1.0,2025,sector,2024-12-31,0.5085171067191019
1538,2266,2025-12-18,2267,2025-12-19,True,-0.0197715085101422,0.0,2025,sector,2024-12-31,0.4247624454880279
1539,2267,2025-12-19,2268,2025-12-22,True,0.029732172589315375,1.0,2025,sector,2024-12-31,0.5482319034405589
1540,2268,2025-12-22,2269,2025-12-23,True,0.004250207890603486,1.0,2025,sector,2024-12-31,0.4809799267279156
1541,2269,2025-12-23,2270,2025-12-24,True,0.030913607507590424,1.0,2025,sector,2024-12-31,0.48070914793943587
1542,2270,2025-12-24,2271,2025-12-25,True,-0.009370816599732157,0.0,2025,sector,2024-12-31,0.45527192000036804
1543,2271,2025-12-25,2272,2025-12-26,True,0.022387387387387214,1.0,2025,sector,2024-12-31,0.4964263258904908
1544,2272,2025-12-26,2273,2025-12-29,True,0.004229633872318006,1.0,2025,sector,2024-12-31,0.4383220005143242
1545,2273,2025-12-29,2274,2025-12-30,True,-0.033826174702759615,0.0,2025,sector,2024-12-31,0.4750414560956659
1546,2274,2025-12-30,2275,2025-12-31,True,-0.02710925438198175,0.0,2025,sector,2024-12-31,0.5667883721939693
1547,2275,2025-12-31,2276,2026-01-05,True,0.10002333722287071,1.0,2025,sector,2024-12-31,0.5679466533963287
1305,2033,2025-01-02,2034,2025-01-03,True,0.0010680648606660181,1.0,2025,both,2024-12-31,0.48987556856479914
1306,2034,2025-01-03,2035,2025-01-06,True,-0.034529582929194835,0.0,2025,both,2024-12-31,0.4699158366084664
1307,2035,2025-01-06,2036,2025-01-07,True,0.056861563190677034,1.0,2025,both,2024-12-31,0.5661578041622738
1308,2036,2025-01-07,2037,2025-01-08,True,0.08982889733840316,1.0,2025,both,2024-12-31,0.43827822796871
1309,2037,2025-01-08,2038,2025-01-09,True,0.07195813344962931,1.0,2025,both,2024-12-31,0.3673322409673368
1310,2038,2025-01-09,2039,2025-01-10,True,-0.019528071602929242,0.0,2025,both,2024-12-31,0.39154654216416096
1311,2039,2025-01-10,2040,2025-01-13,True,-0.021991701244813422,0.0,2025,both,2024-12-31,0.5097107093335652
1312,2040,2025-01-13,2041,2025-01-14,True,0.10004242681374609,1.0,2025,both,2024-12-31,0.5150360533454742
1313,2041,2025-01-14,2042,2025-01-15,True,0.024838012958963596,1.0,2025,both,2024-12-31,0.4411310705032694
1314,2042,2025-01-15,2043,2025-01-16,True,-0.03507451452656951,0.0,2025,both,2024-12-31,0.47252420782946125
1315,2043,2025-01-16,2044,2025-01-17,True,0.051404056162246636,1.0,2025,both,2024-12-31,0.5621178588659489
1316,2044,2025-01-17,2045,2025-01-20,True,-0.013279916907782519,0.0,2025,both,2024-12-31,0.45269918013252286
1317,2045,2025-01-20,2046,2025-01-21,True,-0.006766917293233088,0.0,2025,both,2024-12-31,0.5484566250278644
1318,2046,2025-01-21,2047,2025-01-22,True,0.03111279333838035,1.0,2025,both,2024-12-31,0.5245867243122961
1319,2047,2025-01-22,2048,2025-01-23,True,-0.042140811981499326,0.0,2025,both,2024-12-31,0.41244252258366365
1320,2048,2025-01-23,2049,2025-01-24,True,0.00022993791676251263,1.0,2025,both,2024-12-31,0.584285414082793
1321,2049,2025-01-24,2050,2025-01-27,True,-0.023754789272030563,0.0,2025,both,2024-12-31,0.5355436497566883
1322,2050,2025-01-27,2051,2025-02-05,True,0.062401883830454974,1.0,2025,both,2024-12-31,0.5241977845491118
1323,2051,2025-02-05,2052,2025-02-06,True,0.039009974141115844,1.0,2025,both,2024-12-31,0.4641515971543693
1324,2052,2025-02-06,2053,2025-02-07,True,-0.01471947664083062,0.0,2025,both,2024-12-31,0.4484187363402186
1325,2053,2025-02-07,2054,2025-02-10,True,-0.02836316397228633,0.0,2025,both,2024-12-31,0.5413033721815926
1326,2054,2025-02-10,2055,2025-02-11,True,-0.004679491940875025,0.0,2025,both,2024-12-31,0.5697830090314414
1327,2055,2025-02-11,2056,2025-02-12,True,0.0073134328358206435,1.0,2025,both,2024-12-31,0.49430353453501286
1328,2056,2025-02-12,2057,2025-02-13,True,-0.05408208623499755,0.0,2025,both,2024-12-31,0.5352321652147266
1329,2057,2025-02-13,2058,2025-02-14,True,-0.0028195488721806106,0.0,2025,both,2024-12-31,0.6114443143611669
1330,2058,2025-02-14,2059,2025-02-17,True,0.0013352183474708568,1.0,2025,both,2024-12-31,0.5637813668089116
1331,2059,2025-02-17,2060,2025-02-18,True,-0.03153188485371394,0.0,2025,both,2024-12-31,0.5579146414535291
1332,2060,2025-02-18,2061,2025-02-19,True,0.03272049890661699,1.0,2025,both,2024-12-31,0.5761505350272027
1333,2061,2025-02-19,2062,2025-02-20,True,0.0069014194965100195,1.0,2025,both,2024-12-31,0.5056904025727534
1334,2062,2025-02-20,2063,2025-02-21,True,0.07523950463431728,1.0,2025,both,2024-12-31,0.5082225370169633
1335,2063,2025-02-21,2064,2025-02-24,True,0.03585657370517925,1.0,2025,both,2024-12-31,0.4731292906024199
1336,2064,2025-02-24,2065,2025-02-25,True,-0.04195804195804198,0.0,2025,both,2024-12-31,0.48218815120304964
1337,2065,2025-02-25,2066,2025-02-26,True,-0.0016788321167882092,0.0,2025,both,2024-12-31,0.5779075151433304
1338,2066,2025-02-26,2067,2025-02-27,True,-0.02215398113621414,0.0,2025,both,2024-12-31,0.5787019362275998
1339,2067,2025-02-27,2068,2025-02-28,True,-0.014281441603110512,0.0,2025,both,2024-12-31,0.5965192926334777
1340,2068,2025-02-28,2069,2025-03-03,True,-0.01706743533338384,0.0,2025,both,2024-12-31,0.4922745802154065
1341,2069,2025-03-03,2070,2025-03-04,True,0.037968822349127906,1.0,2025,both,2024-12-31,0.5814343819028405
1342,2070,2025-03-04,2071,2025-03-05,True,0.010260223048327077,1.0,2025,both,2024-12-31,0.46346014737615504
1343,2071,2025-03-05,2072,2025-03-06,True,0.013614954371504284,1.0,2025,both,2024-12-31,0.5218807732547592
1344,2072,2025-03-06,2073,2025-03-07,True,-0.022144776011036038,0.0,2025,both,2024-12-31,0.5404483797585987
1345,2073,2025-03-07,2074,2025-03-10,True,-0.016038016038016023,0.0,2025,both,2024-12-31,0.5338761298033841
1346,2074,2025-03-10,2075,2025-03-11,True,-0.032749773619076494,0.0,2025,both,2024-12-31,0.5096626422125449
1347,2075,2025-03-11,2076,2025-03-12,True,0.0023404587299109547,1.0,2025,both,2024-12-31,0.5533114574024621
1348,2076,2025-03-12,2077,2025-03-13,True,-0.03268991282689904,0.0,2025,both,2024-12-31,0.5064554652731612
1349,2077,2025-03-13,2078,2025-03-14,True,0.045140006437077496,1.0,2025,both,2024-12-31,0.5227133393830535
1350,2078,2025-03-14,2079,2025-03-17,True,-0.014319809069212375,0.0,2025,both,2024-12-31,0.4822335372107036
1351,2079,2025-03-17,2080,2025-03-18,True,0.014684058423807045,1.0,2025,both,2024-12-31,0.5133206208444867
1352,2080,2025-03-18,2081,2025-03-19,True,0.008005542298514357,1.0,2025,both,2024-12-31,0.4810932614922875
1353,2081,2025-03-19,2082,2025-03-20,True,-0.019473081328751363,0.0,2025,both,2024-12-31,0.44912838447882775
1354,2082,2025-03-20,2083,2025-03-21,True,-0.03730529595015575,0.0,2025,both,2024-12-31,0.4921164730798967
1355,2083,2025-03-21,2084,2025-03-24,True,0.012215840142383305,1.0,2025,both,2024-12-31,0.4755494155507656
1356,2084,2025-03-24,2085,2025-03-25,True,-0.04643542199488482,0.0,2025,both,2024-12-31,0.4531709896124225
1357,2085,2025-03-25,2086,2025-03-26,True,-0.01969658871846469,0.0,2025,both,2024-12-31,0.5311396462899926
1358,2086,2025-03-26,2087,2025-03-27,True,0.005728454172366559,1.0,2025,both,2024-12-31,0.49831094840396
1359,2087,2025-03-27,2088,2025-03-28,True,-0.005270764260817629,0.0,2025,both,2024-12-31,0.4607757060334179
1360,2088,2025-03-28,2089,2025-03-31,True,-0.0011110161524657824,0.0,2025,both,2024-12-31,0.4695969305977801
1361,2089,2025-03-31,2090,2025-04-01,True,0.005219028062970477,1.0,2025,both,2024-12-31,0.4740117181561619
1362,2090,2025-04-01,2091,2025-04-02,True,0.0008511362669163525,1.0,2025,both,2024-12-31,0.4844895907838306
1363,2091,2025-04-02,2092,2025-04-03,True,-0.015647589080704072,0.0,2025,both,2024-12-31,0.4802242861696562
1364,2092,2025-04-03,2093,2025-04-07,True,-0.09978401727861774,0.0,2025,both,2024-12-31,0.4888381673661848
1365,2093,2025-04-07,2094,2025-04-08,True,-0.006909788867562439,0.0,2025,both,2024-12-31,0.5177002744479476
1366,2094,2025-04-08,2095,2025-04-09,True,0.014302280633938791,1.0,2025,both,2024-12-31,0.5831451658288603
1367,2095,2025-04-09,2096,2025-04-10,True,0.0280106707317076,1.0,2025,both,2024-12-31,0.5316858223355571
1368,2096,2025-04-10,2097,2025-04-11,True,0.04096385542168668,1.0,2025,both,2024-12-31,0.546381236160825
1369,2097,2025-04-11,2098,2025-04-14,True,-0.005252849002849058,0.0,2025,both,2024-12-31,0.47862453689556045
1370,2098,2025-04-14,2099,2025-04-15,True,-0.015483755481965455,0.0,2025,both,2024-12-31,0.5341297444580194
1371,2099,2025-04-15,2100,2025-04-16,True,-0.007363636363636461,0.0,2025,both,2024-12-31,0.5243644269973236
1372,2100,2025-04-16,2101,2025-04-17,True,9.158347834059555e-05,1.0,2025,both,2024-12-31,0.543316671851611
1373,2101,2025-04-17,2102,2025-04-18,True,-0.008241758241758323,0.0,2025,both,2024-12-31,0.511323994120299
1374,2102,2025-04-18,2103,2025-04-21,True,0.03841181902123725,1.0,2025,both,2024-12-31,0.5142295782657081
1375,2103,2025-04-21,2104,2025-04-22,True,-0.000978125555753051,0.0,2025,both,2024-12-31,0.45623431135061665
1376,2104,2025-04-22,2105,2025-04-23,True,0.020026702269692942,1.0,2025,both,2024-12-31,0.4969770473259293
1377,2105,2025-04-23,2106,2025-04-24,True,-0.030017452006980694,0.0,2025,both,2024-12-31,0.4469601583338552
1378,2106,2025-04-24,2107,2025-04-25,True,0.013224181360201426,1.0,2025,both,2024-12-31,0.5281136809150946
1379,2107,2025-04-25,2108,2025-04-28,True,0.02281807688892834,1.0,2025,both,2024-12-31,0.4528305994984436
1380,2108,2025-04-28,2109,2025-04-29,True,0.10000000000000009,1.0,2025,both,2024-12-31,0.44324631190209307
1381,2109,2025-04-29,2110,2025-04-30,True,0.015546085858585856,1.0,2025,both,2024-12-31,0.3525362866068996
1382,2110,2025-04-30,2111,2025-05-06,True,0.024555132488926823,1.0,2025,both,2024-12-31,0.47258554553958143
1383,2111,2025-05-06,2112,2025-05-07,True,-0.011376564277588153,0.0,2025,both,2024-12-31,0.4951397572582372
1384,2112,2025-05-07,2113,2025-05-08,True,-0.02171077867280391,0.0,2025,both,2024-12-31,0.5191702977913546
1385,2113,2025-05-08,2114,2025-05-09,True,-0.02446675031367629,0.0,2025,both,2024-12-31,0.459853974529794
1386,2114,2025-05-09,2115,2025-05-12,True,0.008681672025723453,1.0,2025,both,2024-12-31,0.4629888841355513
1387,2115,2025-05-12,2116,2025-05-13,True,0.000239081925406337,1.0,2025,both,2024-12-31,0.4603282149977959
1388,2116,2025-05-13,2117,2025-05-14,True,-0.008126842482670704,0.0,2025,both,2024-12-31,0.4696961358167296
1389,2117,2025-05-14,2118,2025-05-15,True,-0.020001606554743367,0.0,2025,both,2024-12-31,0.5068366698178036
1390,2118,2025-05-15,2119,2025-05-16,True,0.0023770491803278837,1.0,2025,both,2024-12-31,0.4724783069790965
1391,2119,2025-05-16,2120,2025-05-19,True,0.03279090686074082,1.0,2025,both,2024-12-31,0.45326032336449895
1392,2120,2025-05-19,2121,2025-05-20,True,-0.0011876484560569,0.0,2025,both,2024-12-31,0.41103847514627495
1393,2121,2025-05-20,2122,2025-05-21,True,-0.06349583828775274,0.0,2025,both,2024-12-31,0.4744821037068697
1394,2122,2025-05-21,2123,2025-05-22,True,-0.004062976130015161,0.0,2025,both,2024-12-31,0.6100288791397122
1395,2123,2025-05-22,2124,2025-05-23,True,-0.01920788713241539,0.0,2025,both,2024-12-31,0.5086824683491086
1396,2124,2025-05-23,2125,2025-05-26,True,0.005459272097053658,1.0,2025,both,2024-12-31,0.512314709636928
1397,2125,2025-05-26,2126,2025-05-27,True,-0.026975782125312375,0.0,2025,both,2024-12-31,0.503609575207019
1398,2126,2025-05-27,2127,2025-05-28,True,0.005314437555358653,1.0,2025,both,2024-12-31,0.5433246864553488
1399,2127,2025-05-28,2128,2025-05-29,True,0.0022026431718062955,1.0,2025,both,2024-12-31,0.5123257064320448
1400,2128,2025-05-29,2129,2025-05-30,True,-0.012747252747252857,0.0,2025,both,2024-12-31,0.5454038298135094
1401,2129,2025-05-30,2130,2025-06-03,True,0.005164737310774825,1.0,2025,both,2024-12-31,0.49786894109499863
1402,2130,2025-06-03,2131,2025-06-04,True,0.02391920623671151,1.0,2025,both,2024-12-31,0.48704554681120393
1403,2131,2025-06-04,2132,2025-06-05,True,0.02007267693372583,1.0,2025,both,2024-12-31,0.4672874212899551
1404,2132,2025-06-05,2133,2025-06-06,True,0.04698897370653099,1.0,2025,both,2024-12-31,0.4826315075614163
1405,2133,2025-06-06,2134,2025-06-09,True,-0.00656189241736882,0.0,2025,both,2024-12-31,0.4176348339992967
1406,2134,2025-06-09,2135,2025-06-10,True,-0.02633939492783166,0.0,2025,both,2024-12-31,0.5131132222800364
1407,2135,2025-06-10,2136,2025-06-11,True,-0.0020938023450587373,0.0,2025,both,2024-12-31,0.5354558953018301
1408,2136,2025-06-11,2137,2025-06-12,True,0.006714225765841464,1.0,2025,both,2024-12-31,0.5244351250659294
1409,2137,2025-06-12,2138,2025-06-13,True,-0.00875364735306372,0.0,2025,both,2024-12-31,0.492129907988896
1410,2138,2025-06-13,2139,2025-06-16,True,0.01774600504625745,1.0,2025,both,2024-12-31,0.4885189857010246
1411,2139,2025-06-16,2140,2025-06-17,True,0.010825551607305028,1.0,2025,both,2024-12-31,0.47534905839334146
1412,2140,2025-06-17,2141,2025-06-18,True,0.00245258338783505,1.0,2025,both,2024-12-31,0.47842973597374633
1413,2141,2025-06-18,2142,2025-06-19,True,0.00481161311368461,1.0,2025,both,2024-12-31,0.4794804083717588
1414,2142,2025-06-19,2143,2025-06-20,True,-0.034493953412872425,0.0,2025,both,2024-12-31,0.4047257446758992
1415,2143,2025-06-20,2144,2025-06-23,True,0.010507733691997423,1.0,2025,both,2024-12-31,0.5079805362008485
1416,2144,2025-06-23,2145,2025-06-24,True,0.030779469262124604,1.0,2025,both,2024-12-31,0.4279412221040679
1417,2145,2025-06-24,2146,2025-06-25,True,0.012831894116697606,1.0,2025,both,2024-12-31,0.4532272142988415
1418,2146,2025-06-25,2147,2025-06-26,True,-0.017928286852589626,0.0,2025,both,2024-12-31,0.47627230883854704
1419,2147,2025-06-26,2148,2025-06-27,True,0.025070993914807493,1.0,2025,both,2024-12-31,0.4868409710820304
1420,2148,2025-06-27,2149,2025-06-30,True,0.0015038784233021296,1.0,2025,both,2024-12-31,0.40941171847180974
1421,2149,2025-06-30,2150,2025-07-01,True,-0.019837192760610245,0.0,2025,both,2024-12-31,0.48199944733388395
1422,2150,2025-07-01,2151,2025-07-02,True,-0.024512175455571605,0.0,2025,both,2024-12-31,0.49454333436554004
1423,2151,2025-07-02,2152,2025-07-03,True,-0.0076045627376425395,0.0,2025,both,2024-12-31,0.5030389936774791
1424,2152,2025-07-03,2153,2025-07-04,True,-0.007266956231206101,0.0,2025,both,2024-12-31,0.5092496305116557
1425,2153,2025-07-04,2154,2025-07-07,True,0.0164913756836349,1.0,2025,both,2024-12-31,0.557068431392544
1426,2154,2025-07-07,2155,2025-07-08,True,0.007449714427613552,1.0,2025,both,2024-12-31,0.5065471517781442
1427,2155,2025-07-08,2156,2025-07-09,True,-0.018404403910935785,0.0,2025,both,2024-12-31,0.5853827852225613
1428,2156,2025-07-09,2157,2025-07-10,True,-0.011802126056750573,0.0,2025,both,2024-12-31,0.5732566933537963
1429,2157,2025-07-10,2158,2025-07-11,True,0.0025410808063695,1.0,2025,both,2024-12-31,0.6030075300397227
1430,2158,2025-07-11,2159,2025-07-14,True,-0.006505576208178487,0.0,2025,both,2024-12-31,0.5847468646774675
1431,2159,2025-07-14,2160,2025-07-15,True,-0.022025682455991014,0.0,2025,both,2024-12-31,0.5906827683574961
1432,2160,2025-07-15,2161,2025-07-16,True,-0.006608695652174146,0.0,2025,both,2024-12-31,0.6417809433061382
1433,2161,2025-07-16,2162,2025-07-17,True,0.032825630252100835,1.0,2025,both,2024-12-31,0.614004920286175
1434,2162,2025-07-17,2163,2025-07-18,True,-0.007034494448681983,0.0,2025,both,2024-12-31,0.5728673988002643
1435,2163,2025-07-18,2164,2025-07-21,True,-0.0004267668146125114,0.0,2025,both,2024-12-31,0.6180536066673357
1436,2164,2025-07-21,2165,2025-07-22,True,-0.01058833575271112,0.0,2025,both,2024-12-31,0.6018633024003438
1437,2165,2025-07-22,2166,2025-07-23,True,0.009666005005609879,1.0,2025,both,2024-12-31,0.6150890428950111
1438,2166,2025-07-23,2167,2025-07-24,True,0.007692965210701841,1.0,2025,both,2024-12-31,0.5664012885303181
1439,2167,2025-07-24,2168,2025-07-25,True,0.034354058868436566,1.0,2025,both,2024-12-31,0.5775797373933628
1440,2168,2025-07-25,2169,2025-07-28,True,-0.013777267508610747,0.0,2025,both,2024-12-31,0.5253276081986199
1441,2169,2025-07-28,2170,2025-07-29,True,0.0001663063362715711,1.0,2025,both,2024-12-31,0.5871619370096341
1442,2170,2025-07-29,2171,2025-07-30,True,0.030844695710009917,1.0,2025,both,2024-12-31,0.5641721609578115
1443,2171,2025-07-30,2172,2025-07-31,True,-0.0230663763206711,0.0,2025,both,2024-12-31,0.5211850501653081
1444,2172,2025-07-31,2173,2025-08-01,True,-0.031536365887888884,0.0,2025,both,2024-12-31,0.5109827692090816
1445,2173,2025-08-01,2174,2025-08-04,True,0.013042366379677706,1.0,2025,both,2024-12-31,0.5727439954960729
1446,2174,2025-08-04,2175,2025-08-05,True,-0.007068327162571553,0.0,2025,both,2024-12-31,0.5232583603408433
1447,2175,2025-08-05,2176,2025-08-06,True,0.002372881355932277,1.0,2025,both,2024-12-31,0.561128974939864
1448,2176,2025-08-06,2177,2025-08-07,True,-0.005157253973621878,0.0,2025,both,2024-12-31,0.5312357589347285
1449,2177,2025-08-07,2178,2025-08-08,True,-0.010792895385399959,0.0,2025,both,2024-12-31,0.5333000796098626
1450,2178,2025-08-08,2179,2025-08-11,True,0.013316151202749094,1.0,2025,both,2024-12-31,0.5183041922110739
1451,2179,2025-08-11,2180,2025-08-12,True,0.02136498516320473,1.0,2025,both,2024-12-31,0.5093498090636562
1452,2180,2025-08-12,2181,2025-08-13,True,0.008217813563542897,1.0,2025,both,2024-12-31,0.49301367684338687
1453,2181,2025-08-13,2182,2025-08-14,True,-0.003704923431582241,0.0,2025,both,2024-12-31,0.5031087307223031
1454,2182,2025-08-14,2183,2025-08-15,True,0.015618543921989803,1.0,2025,both,2024-12-31,0.524514278203216
1455,2183,2025-08-15,2184,2025-08-18,True,0.022782750203417468,1.0,2025,both,2024-12-31,0.4882428937412884
1456,2184,2025-08-18,2185,2025-08-19,True,-0.019411296738265693,0.0,2025,both,2024-12-31,0.5062016730608382
1457,2185,2025-08-19,2186,2025-08-20,True,0.030423495051111527,1.0,2025,both,2024-12-31,0.5296731741361095
1458,2186,2025-08-20,2187,2025-08-21,True,0.07991496732540737,1.0,2025,both,2024-12-31,0.49800708939587746
1459,2187,2025-08-21,2188,2025-08-22,True,0.10002916302128906,1.0,2025,both,2024-12-31,0.4299107866098602
1460,2188,2025-08-22,2189,2025-08-25,True,0.045864262990456206,1.0,2025,both,2024-12-31,0.4521132659459793
1461,2189,2025-08-25,2190,2025-08-26,True,-0.021546261089987362,0.0,2025,both,2024-12-31,0.5573267440702242
1462,2190,2025-08-26,2191,2025-08-27,True,0.027396373056994605,1.0,2025,both,2024-12-31,0.5537099325072165
1463,2191,2025-08-27,2192,2025-08-28,True,0.03668915085418889,1.0,2025,both,2024-12-31,0.4662503675761096
1464,2192,2025-08-28,2193,2025-08-29,True,-0.03326238978412899,0.0,2025,both,2024-12-31,0.5341013483080774
1465,2193,2025-08-29,2194,2025-09-01,True,0.10001258019876724,1.0,2025,both,2024-12-31,0.5395190528539171
1466,2194,2025-09-01,2195,2025-09-02,True,0.006404391582799596,1.0,2025,both,2024-12-31,0.39920566734049195
1467,2195,2025-09-02,2196,2025-09-03,True,-0.027897727272727324,0.0,2025,both,2024-12-31,0.478786450812034
1468,2196,2025-09-03,2197,2025-09-04,True,-0.1000058448769654,0.0,2025,both,2024-12-31,0.5254067898855568
1469,2197,2025-09-04,2198,2025-09-05,True,0.0362384725289,1.0,2025,both,2024-12-31,0.6097064988919129
1470,2198,2025-09-05,2199,2025-09-08,True,0.02676109300576579,1.0,2025,both,2024-12-31,0.5080632191758268
1471,2199,2025-09-08,2200,2025-09-09,True,-0.040773973020814314,0.0,2025,both,2024-12-31,0.5069398728074381
1472,2200,2025-09-09,2201,2025-09-10,True,0.02634425707922361,1.0,2025,both,2024-12-31,0.5591212878742693
1473,2201,2025-09-10,2202,2025-09-11,True,0.10000620001240001,1.0,2025,both,2024-12-31,0.49730231835072297
1474,2202,2025-09-11,2203,2025-09-12,True,0.07208882876789557,1.0,2025,both,2024-12-31,0.4331925729790872
1475,2203,2025-09-12,2204,2025-09-15,True,0.0038378634141211787,1.0,2025,both,2024-12-31,0.4175402052560961
1476,2204,2025-09-15,2205,2025-09-16,True,-0.009322300199015365,0.0,2025,both,2024-12-31,0.5405747524668633
1477,2205,2025-09-16,2206,2025-09-17,True,-0.01353351659970392,0.0,2025,both,2024-12-31,0.5276083171589615
1478,2206,2025-09-17,2207,2025-09-18,True,0.022936763129689286,1.0,2025,both,2024-12-31,0.5609859126888941
1479,2207,2025-09-18,2208,2025-09-19,True,-0.02975691533948044,0.0,2025,both,2024-12-31,0.5033193608152673
1480,2208,2025-09-19,2209,2025-09-22,True,0.05296976241900664,1.0,2025,both,2024-12-31,0.59541046740066
1481,2209,2025-09-22,2210,2025-09-23,True,-0.004820265627403897,0.0,2025,both,2024-12-31,0.49842584798430684
1482,2210,2025-09-23,2211,2025-09-24,True,0.029525428968928846,1.0,2025,both,2024-12-31,0.5446307760838599
1483,2211,2025-09-24,2212,2025-09-25,True,-0.011961961961962086,0.0,2025,both,2024-12-31,0.5349929471277839
1484,2212,2025-09-25,2213,2025-09-26,True,-0.036472316498657675,0.0,2025,both,2024-12-31,0.5681704227490075
1485,2213,2025-09-26,2214,2025-09-29,True,0.03638084222701221,1.0,2025,both,2024-12-31,0.5751081377181432
1486,2214,2025-09-29,2215,2025-09-30,True,0.08202708872317777,1.0,2025,both,2024-12-31,0.5468749620922843
1487,2215,2025-09-30,2216,2025-10-09,True,0.05714955461790905,1.0,2025,both,2024-12-31,0.4809855436511562
1488,2216,2025-10-09,2217,2025-10-10,True,-0.046432214288882,0.0,2025,both,2024-12-31,0.5440842556742908
1489,2217,2025-10-10,2218,2025-10-13,True,-0.03334573528043905,0.0,2025,both,2024-12-31,0.5357819262420187
1490,2218,2025-10-13,2219,2025-10-14,True,-0.057012268462833804,0.0,2025,both,2024-12-31,0.5385771823052496
1491,2219,2025-10-14,2220,2025-10-15,True,0.03066326530612251,1.0,2025,both,2024-12-31,0.6103973798407581
1492,2220,2025-10-15,2221,2025-10-16,True,0.0302955299242611,1.0,2025,both,2024-12-31,0.5259294035381847
1493,2221,2025-10-16,2222,2025-10-17,True,-0.033248450487675996,0.0,2025,both,2024-12-31,0.48915924283683704
1494,2222,2025-10-17,2223,2025-10-20,True,0.03548531385120035,1.0,2025,both,2024-12-31,0.5165688476512145
1495,2223,2025-10-20,2224,2025-10-21,True,0.051163906887448984,1.0,2025,both,2024-12-31,0.49990345542864034
1496,2224,2025-10-21,2225,2025-10-22,True,-0.036893292543719425,0.0,2025,both,2024-12-31,0.4869850750688556
1497,2225,2025-10-22,2226,2025-10-23,True,-0.01882140994642778,0.0,2025,both,2024-12-31,0.5602675825595798
1498,2226,2025-10-23,2227,2025-10-24,True,0.06822574410514104,1.0,2025,both,2024-12-31,0.5337656606584945
1499,2227,2025-10-24,2228,2025-10-27,True,0.10000904649900488,1.0,2025,both,2024-12-31,0.49336906119512997
1500,2228,2025-10-27,2229,2025-10-28,True,0.015461162054360766,1.0,2025,both,2024-12-31,0.4441521027077488
1501,2229,2025-10-28,2230,2025-10-29,True,-0.02348653573597881,0.0,2025,both,2024-12-31,0.4579131259224545
1502,2230,2025-10-29,2231,2025-10-30,True,-0.03794318888658521,0.0,2025,both,2024-12-31,0.5996367430832275
1503,2231,2025-10-30,2232,2025-10-31,True,-0.051724137931034475,0.0,2025,both,2024-12-31,0.5988137494546973
1504,2232,2025-10-31,2233,2025-11-03,True,0.0459090909090909,1.0,2025,both,2024-12-31,0.5898284357979486
1505,2233,2025-11-03,2234,2025-11-04,True,-0.02220773576705759,0.0,2025,both,2024-12-31,0.4505905700712259
1506,2234,2025-11-04,2235,2025-11-05,True,-0.029334637094982186,0.0,2025,both,2024-12-31,0.576012107346156
1507,2235,2025-11-05,2236,2025-11-06,True,0.04034067493932891,1.0,2025,both,2024-12-31,0.5520723557643392
1508,2236,2025-11-06,2237,2025-11-07,True,-0.02750880281690138,0.0,2025,both,2024-12-31,0.564700580997629
1509,2237,2025-11-07,2238,2025-11-10,True,-0.009006562570717302,0.0,2025,both,2024-12-31,0.589257779058026
1510,2238,2025-11-10,2239,2025-11-11,True,-0.008997077091706163,0.0,2025,both,2024-12-31,0.6070384948862861
1511,2239,2025-11-11,2240,2025-11-12,True,-0.034517719710585926,0.0,2025,both,2024-12-31,0.5632263569383456
1512,2240,2025-11-12,2241,2025-11-13,True,0.08591885441527447,1.0,2025,both,2024-12-31,0.6057145728660834
1513,2241,2025-11-13,2242,2025-11-14,True,-0.09547252747252755,0.0,2025,both,2024-12-31,0.4895085502420548
1514,2242,2025-11-14,2243,2025-11-17,True,0.008358441053552434,1.0,2025,both,2024-12-31,0.6890304023071292
1515,2243,2025-11-17,2244,2025-11-18,True,-0.024096385542168752,0.0,2025,both,2024-12-31,0.6057026932189177
1516,2244,2025-11-18,2245,2025-11-19,True,9.876543209874633e-05,1.0,2025,both,2024-12-31,0.6479730945504663
1517,2245,2025-11-19,2246,2025-11-20,True,-0.016887221015208453,0.0,2025,both,2024-12-31,0.6019370105265588
1518,2246,2025-11-20,2247,2025-11-21,True,-0.08332496233048714,0.0,2025,both,2024-12-31,0.6449064191656643
1519,2247,2025-11-21,2248,2025-11-24,True,-0.018245575584899476,0.0,2025,both,2024-12-31,0.6412757778113727
1520,2248,2025-11-24,2249,2025-11-25,True,0.06384641142984715,1.0,2025,both,2024-12-31,0.6277909619093051
1521,2249,2025-11-25,2250,2025-11-26,True,0.030846710733396288,1.0,2025,both,2024-12-31,0.5463891040398953
1522,2250,2025-11-26,2251,2025-11-27,True,0.022188295165394445,1.0,2025,both,2024-12-31,0.5516488447766066
1523,2251,2025-11-27,2252,2025-11-28,True,0.010654186995917359,1.0,2025,both,2024-12-31,0.5791424473763703
1524,2252,2025-11-28,2253,2025-12-01,True,0.04837438423645324,1.0,2025,both,2024-12-31,0.5859054591651596
1525,2253,2025-12-01,2254,2025-12-02,True,-0.010901231087303898,0.0,2025,both,2024-12-31,0.5665709434268134
1526,2254,2025-12-02,2255,2025-12-03,True,-0.013776722090261262,0.0,2025,both,2024-12-31,0.594103655115412
1527,2255,2025-12-03,2256,2025-12-04,True,0.01353564547206143,1.0,2025,both,2024-12-31,0.5989596968065293
1528,2256,2025-12-04,2257,2025-12-05,True,-0.017109452972767336,0.0,2025,both,2024-12-31,0.5730159847051026
1529,2257,2025-12-05,2258,2025-12-08,True,0.03423432135776783,1.0,2025,both,2024-12-31,0.6358636296845033
1530,2258,2025-12-08,2259,2025-12-09,True,-0.013745383140866818,0.0,2025,both,2024-12-31,0.5778132542001185
1531,2259,2025-12-09,2260,2025-12-10,True,-0.010002370229912128,0.0,2025,both,2024-12-31,0.6098945268697342
1532,2260,2025-12-10,2261,2025-12-11,True,-0.004932005362957348,0.0,2025,both,2024-12-31,0.6032180006886304
1533,2261,2025-12-11,2262,2025-12-12,True,0.0100091429671334,1.0,2025,both,2024-12-31,0.5800499463203114
1534,2262,2025-12-12,2263,2025-12-15,True,-0.02730001429320117,0.0,2025,both,2024-12-31,0.5145385969583833
1535,2263,2025-12-15,2264,2025-12-16,True,-0.030858150470219226,0.0,2025,both,2024-12-31,0.5280787661482764
1536,2264,2025-12-16,2265,2025-12-17,True,0.021833619731122855,1.0,2025,both,2024-12-31,0.5335651740484904
1537,2265,2025-12-17,2266,2025-12-18,True,0.06068849540013832,1.0,2025,both,2024-12-31,0.5369865565728238
1538,2266,2025-12-18,2267,2025-12-19,True,-0.0197715085101422,0.0,2025,both,2024-12-31,0.4283325734525756
1539,2267,2025-12-19,2268,2025-12-22,True,0.029732172589315375,1.0,2025,both,2024-12-31,0.5635311968181821
1540,2268,2025-12-22,2269,2025-12-23,True,0.004250207890603486,1.0,2025,both,2024-12-31,0.4863455446260395
1541,2269,2025-12-23,2270,2025-12-24,True,0.030913607507590424,1.0,2025,both,2024-12-31,0.4909208808984459
1542,2270,2025-12-24,2271,2025-12-25,True,-0.009370816599732157,0.0,2025,both,2024-12-31,0.46406815853549394
1543,2271,2025-12-25,2272,2025-12-26,True,0.022387387387387214,1.0,2025,both,2024-12-31,0.5169533766870594
1544,2272,2025-12-26,2273,2025-12-29,True,0.004229633872318006,1.0,2025,both,2024-12-31,0.4615900457989473
1545,2273,2025-12-29,2274,2025-12-30,True,-0.033826174702759615,0.0,2025,both,2024-12-31,0.4838937422594181
1546,2274,2025-12-30,2275,2025-12-31,True,-0.02710925438198175,0.0,2025,both,2024-12-31,0.5773571433501298
1547,2275,2025-12-31,2276,2026-01-05,True,0.10002333722287071,1.0,2025,both,2024-12-31,0.5729418194373731
1305,2033,2025-01-02,2034,2025-01-03,True,0.0010680648606660181,1.0,2025,frequency,2024-12-31,0.48967795210569776
1306,2034,2025-01-03,2035,2025-01-06,True,-0.034529582929194835,0.0,2025,frequency,2024-12-31,0.48967795210569776
1307,2035,2025-01-06,2036,2025-01-07,True,0.056861563190677034,1.0,2025,frequency,2024-12-31,0.48967795210569776
1308,2036,2025-01-07,2037,2025-01-08,True,0.08982889733840316,1.0,2025,frequency,2024-12-31,0.48967795210569776
1309,2037,2025-01-08,2038,2025-01-09,True,0.07195813344962931,1.0,2025,frequency,2024-12-31,0.48967795210569776
1310,2038,2025-01-09,2039,2025-01-10,True,-0.019528071602929242,0.0,2025,frequency,2024-12-31,0.48967795210569776
1311,2039,2025-01-10,2040,2025-01-13,True,-0.021991701244813422,0.0,2025,frequency,2024-12-31,0.48967795210569776
1312,2040,2025-01-13,2041,2025-01-14,True,0.10004242681374609,1.0,2025,frequency,2024-12-31,0.48967795210569776
1313,2041,2025-01-14,2042,2025-01-15,True,0.024838012958963596,1.0,2025,frequency,2024-12-31,0.48967795210569776
1314,2042,2025-01-15,2043,2025-01-16,True,-0.03507451452656951,0.0,2025,frequency,2024-12-31,0.48967795210569776
1315,2043,2025-01-16,2044,2025-01-17,True,0.051404056162246636,1.0,2025,frequency,2024-12-31,0.48967795210569776
1316,2044,2025-01-17,2045,2025-01-20,True,-0.013279916907782519,0.0,2025,frequency,2024-12-31,0.48967795210569776
1317,2045,2025-01-20,2046,2025-01-21,True,-0.006766917293233088,0.0,2025,frequency,2024-12-31,0.48967795210569776
1318,2046,2025-01-21,2047,2025-01-22,True,0.03111279333838035,1.0,2025,frequency,2024-12-31,0.48967795210569776
1319,2047,2025-01-22,2048,2025-01-23,True,-0.042140811981499326,0.0,2025,frequency,2024-12-31,0.48967795210569776
1320,2048,2025-01-23,2049,2025-01-24,True,0.00022993791676251263,1.0,2025,frequency,2024-12-31,0.48967795210569776
1321,2049,2025-01-24,2050,2025-01-27,True,-0.023754789272030563,0.0,2025,frequency,2024-12-31,0.48967795210569776
1322,2050,2025-01-27,2051,2025-02-05,True,0.062401883830454974,1.0,2025,frequency,2024-12-31,0.48967795210569776
1323,2051,2025-02-05,2052,2025-02-06,True,0.039009974141115844,1.0,2025,frequency,2024-12-31,0.48967795210569776
1324,2052,2025-02-06,2053,2025-02-07,True,-0.01471947664083062,0.0,2025,frequency,2024-12-31,0.48967795210569776
1325,2053,2025-02-07,2054,2025-02-10,True,-0.02836316397228633,0.0,2025,frequency,2024-12-31,0.48967795210569776
1326,2054,2025-02-10,2055,2025-02-11,True,-0.004679491940875025,0.0,2025,frequency,2024-12-31,0.48967795210569776
1327,2055,2025-02-11,2056,2025-02-12,True,0.0073134328358206435,1.0,2025,frequency,2024-12-31,0.48967795210569776
1328,2056,2025-02-12,2057,2025-02-13,True,-0.05408208623499755,0.0,2025,frequency,2024-12-31,0.48967795210569776
1329,2057,2025-02-13,2058,2025-02-14,True,-0.0028195488721806106,0.0,2025,frequency,2024-12-31,0.48967795210569776
1330,2058,2025-02-14,2059,2025-02-17,True,0.0013352183474708568,1.0,2025,frequency,2024-12-31,0.48967795210569776
1331,2059,2025-02-17,2060,2025-02-18,True,-0.03153188485371394,0.0,2025,frequency,2024-12-31,0.48967795210569776
1332,2060,2025-02-18,2061,2025-02-19,True,0.03272049890661699,1.0,2025,frequency,2024-12-31,0.48967795210569776
1333,2061,2025-02-19,2062,2025-02-20,True,0.0069014194965100195,1.0,2025,frequency,2024-12-31,0.48967795210569776
1334,2062,2025-02-20,2063,2025-02-21,True,0.07523950463431728,1.0,2025,frequency,2024-12-31,0.48967795210569776
1335,2063,2025-02-21,2064,2025-02-24,True,0.03585657370517925,1.0,2025,frequency,2024-12-31,0.48967795210569776
1336,2064,2025-02-24,2065,2025-02-25,True,-0.04195804195804198,0.0,2025,frequency,2024-12-31,0.48967795210569776
1337,2065,2025-02-25,2066,2025-02-26,True,-0.0016788321167882092,0.0,2025,frequency,2024-12-31,0.48967795210569776
1338,2066,2025-02-26,2067,2025-02-27,True,-0.02215398113621414,0.0,2025,frequency,2024-12-31,0.48967795210569776
1339,2067,2025-02-27,2068,2025-02-28,True,-0.014281441603110512,0.0,2025,frequency,2024-12-31,0.48967795210569776
1340,2068,2025-02-28,2069,2025-03-03,True,-0.01706743533338384,0.0,2025,frequency,2024-12-31,0.48967795210569776
1341,2069,2025-03-03,2070,2025-03-04,True,0.037968822349127906,1.0,2025,frequency,2024-12-31,0.48967795210569776
1342,2070,2025-03-04,2071,2025-03-05,True,0.010260223048327077,1.0,2025,frequency,2024-12-31,0.48967795210569776
1343,2071,2025-03-05,2072,2025-03-06,True,0.013614954371504284,1.0,2025,frequency,2024-12-31,0.48967795210569776
1344,2072,2025-03-06,2073,2025-03-07,True,-0.022144776011036038,0.0,2025,frequency,2024-12-31,0.48967795210569776
1345,2073,2025-03-07,2074,2025-03-10,True,-0.016038016038016023,0.0,2025,frequency,2024-12-31,0.48967795210569776
1346,2074,2025-03-10,2075,2025-03-11,True,-0.032749773619076494,0.0,2025,frequency,2024-12-31,0.48967795210569776
1347,2075,2025-03-11,2076,2025-03-12,True,0.0023404587299109547,1.0,2025,frequency,2024-12-31,0.48967795210569776
1348,2076,2025-03-12,2077,2025-03-13,True,-0.03268991282689904,0.0,2025,frequency,2024-12-31,0.48967795210569776
1349,2077,2025-03-13,2078,2025-03-14,True,0.045140006437077496,1.0,2025,frequency,2024-12-31,0.48967795210569776
1350,2078,2025-03-14,2079,2025-03-17,True,-0.014319809069212375,0.0,2025,frequency,2024-12-31,0.48967795210569776
1351,2079,2025-03-17,2080,2025-03-18,True,0.014684058423807045,1.0,2025,frequency,2024-12-31,0.48967795210569776
1352,2080,2025-03-18,2081,2025-03-19,True,0.008005542298514357,1.0,2025,frequency,2024-12-31,0.48967795210569776
1353,2081,2025-03-19,2082,2025-03-20,True,-0.019473081328751363,0.0,2025,frequency,2024-12-31,0.48967795210569776
1354,2082,2025-03-20,2083,2025-03-21,True,-0.03730529595015575,0.0,2025,frequency,2024-12-31,0.48967795210569776
1355,2083,2025-03-21,2084,2025-03-24,True,0.012215840142383305,1.0,2025,frequency,2024-12-31,0.48967795210569776
1356,2084,2025-03-24,2085,2025-03-25,True,-0.04643542199488482,0.0,2025,frequency,2024-12-31,0.48967795210569776
1357,2085,2025-03-25,2086,2025-03-26,True,-0.01969658871846469,0.0,2025,frequency,2024-12-31,0.48967795210569776
1358,2086,2025-03-26,2087,2025-03-27,True,0.005728454172366559,1.0,2025,frequency,2024-12-31,0.48967795210569776
1359,2087,2025-03-27,2088,2025-03-28,True,-0.005270764260817629,0.0,2025,frequency,2024-12-31,0.48967795210569776
1360,2088,2025-03-28,2089,2025-03-31,True,-0.0011110161524657824,0.0,2025,frequency,2024-12-31,0.48967795210569776
1361,2089,2025-03-31,2090,2025-04-01,True,0.005219028062970477,1.0,2025,frequency,2024-12-31,0.48967795210569776
1362,2090,2025-04-01,2091,2025-04-02,True,0.0008511362669163525,1.0,2025,frequency,2024-12-31,0.48967795210569776
1363,2091,2025-04-02,2092,2025-04-03,True,-0.015647589080704072,0.0,2025,frequency,2024-12-31,0.48967795210569776
1364,2092,2025-04-03,2093,2025-04-07,True,-0.09978401727861774,0.0,2025,frequency,2024-12-31,0.48967795210569776
1365,2093,2025-04-07,2094,2025-04-08,True,-0.006909788867562439,0.0,2025,frequency,2024-12-31,0.48967795210569776
1366,2094,2025-04-08,2095,2025-04-09,True,0.014302280633938791,1.0,2025,frequency,2024-12-31,0.48967795210569776
1367,2095,2025-04-09,2096,2025-04-10,True,0.0280106707317076,1.0,2025,frequency,2024-12-31,0.48967795210569776
1368,2096,2025-04-10,2097,2025-04-11,True,0.04096385542168668,1.0,2025,frequency,2024-12-31,0.48967795210569776
1369,2097,2025-04-11,2098,2025-04-14,True,-0.005252849002849058,0.0,2025,frequency,2024-12-31,0.48967795210569776
1370,2098,2025-04-14,2099,2025-04-15,True,-0.015483755481965455,0.0,2025,frequency,2024-12-31,0.48967795210569776
1371,2099,2025-04-15,2100,2025-04-16,True,-0.007363636363636461,0.0,2025,frequency,2024-12-31,0.48967795210569776
1372,2100,2025-04-16,2101,2025-04-17,True,9.158347834059555e-05,1.0,2025,frequency,2024-12-31,0.48967795210569776
1373,2101,2025-04-17,2102,2025-04-18,True,-0.008241758241758323,0.0,2025,frequency,2024-12-31,0.48967795210569776
1374,2102,2025-04-18,2103,2025-04-21,True,0.03841181902123725,1.0,2025,frequency,2024-12-31,0.48967795210569776
1375,2103,2025-04-21,2104,2025-04-22,True,-0.000978125555753051,0.0,2025,frequency,2024-12-31,0.48967795210569776
1376,2104,2025-04-22,2105,2025-04-23,True,0.020026702269692942,1.0,2025,frequency,2024-12-31,0.48967795210569776
1377,2105,2025-04-23,2106,2025-04-24,True,-0.030017452006980694,0.0,2025,frequency,2024-12-31,0.48967795210569776
1378,2106,2025-04-24,2107,2025-04-25,True,0.013224181360201426,1.0,2025,frequency,2024-12-31,0.48967795210569776
1379,2107,2025-04-25,2108,2025-04-28,True,0.02281807688892834,1.0,2025,frequency,2024-12-31,0.48967795210569776
1380,2108,2025-04-28,2109,2025-04-29,True,0.10000000000000009,1.0,2025,frequency,2024-12-31,0.48967795210569776
1381,2109,2025-04-29,2110,2025-04-30,True,0.015546085858585856,1.0,2025,frequency,2024-12-31,0.48967795210569776
1382,2110,2025-04-30,2111,2025-05-06,True,0.024555132488926823,1.0,2025,frequency,2024-12-31,0.48967795210569776
1383,2111,2025-05-06,2112,2025-05-07,True,-0.011376564277588153,0.0,2025,frequency,2024-12-31,0.48967795210569776
1384,2112,2025-05-07,2113,2025-05-08,True,-0.02171077867280391,0.0,2025,frequency,2024-12-31,0.48967795210569776
1385,2113,2025-05-08,2114,2025-05-09,True,-0.02446675031367629,0.0,2025,frequency,2024-12-31,0.48967795210569776
1386,2114,2025-05-09,2115,2025-05-12,True,0.008681672025723453,1.0,2025,frequency,2024-12-31,0.48967795210569776
1387,2115,2025-05-12,2116,2025-05-13,True,0.000239081925406337,1.0,2025,frequency,2024-12-31,0.48967795210569776
1388,2116,2025-05-13,2117,2025-05-14,True,-0.008126842482670704,0.0,2025,frequency,2024-12-31,0.48967795210569776
1389,2117,2025-05-14,2118,2025-05-15,True,-0.020001606554743367,0.0,2025,frequency,2024-12-31,0.48967795210569776
1390,2118,2025-05-15,2119,2025-05-16,True,0.0023770491803278837,1.0,2025,frequency,2024-12-31,0.48967795210569776
1391,2119,2025-05-16,2120,2025-05-19,True,0.03279090686074082,1.0,2025,frequency,2024-12-31,0.48967795210569776
1392,2120,2025-05-19,2121,2025-05-20,True,-0.0011876484560569,0.0,2025,frequency,2024-12-31,0.48967795210569776
1393,2121,2025-05-20,2122,2025-05-21,True,-0.06349583828775274,0.0,2025,frequency,2024-12-31,0.48967795210569776
1394,2122,2025-05-21,2123,2025-05-22,True,-0.004062976130015161,0.0,2025,frequency,2024-12-31,0.48967795210569776
1395,2123,2025-05-22,2124,2025-05-23,True,-0.01920788713241539,0.0,2025,frequency,2024-12-31,0.48967795210569776
1396,2124,2025-05-23,2125,2025-05-26,True,0.005459272097053658,1.0,2025,frequency,2024-12-31,0.48967795210569776
1397,2125,2025-05-26,2126,2025-05-27,True,-0.026975782125312375,0.0,2025,frequency,2024-12-31,0.48967795210569776
1398,2126,2025-05-27,2127,2025-05-28,True,0.005314437555358653,1.0,2025,frequency,2024-12-31,0.48967795210569776
1399,2127,2025-05-28,2128,2025-05-29,True,0.0022026431718062955,1.0,2025,frequency,2024-12-31,0.48967795210569776
1400,2128,2025-05-29,2129,2025-05-30,True,-0.012747252747252857,0.0,2025,frequency,2024-12-31,0.48967795210569776
1401,2129,2025-05-30,2130,2025-06-03,True,0.005164737310774825,1.0,2025,frequency,2024-12-31,0.48967795210569776
1402,2130,2025-06-03,2131,2025-06-04,True,0.02391920623671151,1.0,2025,frequency,2024-12-31,0.48967795210569776
1403,2131,2025-06-04,2132,2025-06-05,True,0.02007267693372583,1.0,2025,frequency,2024-12-31,0.48967795210569776
1404,2132,2025-06-05,2133,2025-06-06,True,0.04698897370653099,1.0,2025,frequency,2024-12-31,0.48967795210569776
1405,2133,2025-06-06,2134,2025-06-09,True,-0.00656189241736882,0.0,2025,frequency,2024-12-31,0.48967795210569776
1406,2134,2025-06-09,2135,2025-06-10,True,-0.02633939492783166,0.0,2025,frequency,2024-12-31,0.48967795210569776
1407,2135,2025-06-10,2136,2025-06-11,True,-0.0020938023450587373,0.0,2025,frequency,2024-12-31,0.48967795210569776
1408,2136,2025-06-11,2137,2025-06-12,True,0.006714225765841464,1.0,2025,frequency,2024-12-31,0.48967795210569776
1409,2137,2025-06-12,2138,2025-06-13,True,-0.00875364735306372,0.0,2025,frequency,2024-12-31,0.48967795210569776
1410,2138,2025-06-13,2139,2025-06-16,True,0.01774600504625745,1.0,2025,frequency,2024-12-31,0.48967795210569776
1411,2139,2025-06-16,2140,2025-06-17,True,0.010825551607305028,1.0,2025,frequency,2024-12-31,0.48967795210569776
1412,2140,2025-06-17,2141,2025-06-18,True,0.00245258338783505,1.0,2025,frequency,2024-12-31,0.48967795210569776
1413,2141,2025-06-18,2142,2025-06-19,True,0.00481161311368461,1.0,2025,frequency,2024-12-31,0.48967795210569776
1414,2142,2025-06-19,2143,2025-06-20,True,-0.034493953412872425,0.0,2025,frequency,2024-12-31,0.48967795210569776
1415,2143,2025-06-20,2144,2025-06-23,True,0.010507733691997423,1.0,2025,frequency,2024-12-31,0.48967795210569776
1416,2144,2025-06-23,2145,2025-06-24,True,0.030779469262124604,1.0,2025,frequency,2024-12-31,0.48967795210569776
1417,2145,2025-06-24,2146,2025-06-25,True,0.012831894116697606,1.0,2025,frequency,2024-12-31,0.48967795210569776
1418,2146,2025-06-25,2147,2025-06-26,True,-0.017928286852589626,0.0,2025,frequency,2024-12-31,0.48967795210569776
1419,2147,2025-06-26,2148,2025-06-27,True,0.025070993914807493,1.0,2025,frequency,2024-12-31,0.48967795210569776
1420,2148,2025-06-27,2149,2025-06-30,True,0.0015038784233021296,1.0,2025,frequency,2024-12-31,0.48967795210569776
1421,2149,2025-06-30,2150,2025-07-01,True,-0.019837192760610245,0.0,2025,frequency,2024-12-31,0.48967795210569776
1422,2150,2025-07-01,2151,2025-07-02,True,-0.024512175455571605,0.0,2025,frequency,2024-12-31,0.48967795210569776
1423,2151,2025-07-02,2152,2025-07-03,True,-0.0076045627376425395,0.0,2025,frequency,2024-12-31,0.48967795210569776
1424,2152,2025-07-03,2153,2025-07-04,True,-0.007266956231206101,0.0,2025,frequency,2024-12-31,0.48967795210569776
1425,2153,2025-07-04,2154,2025-07-07,True,0.0164913756836349,1.0,2025,frequency,2024-12-31,0.48967795210569776
1426,2154,2025-07-07,2155,2025-07-08,True,0.007449714427613552,1.0,2025,frequency,2024-12-31,0.48967795210569776
1427,2155,2025-07-08,2156,2025-07-09,True,-0.018404403910935785,0.0,2025,frequency,2024-12-31,0.48967795210569776
1428,2156,2025-07-09,2157,2025-07-10,True,-0.011802126056750573,0.0,2025,frequency,2024-12-31,0.48967795210569776
1429,2157,2025-07-10,2158,2025-07-11,True,0.0025410808063695,1.0,2025,frequency,2024-12-31,0.48967795210569776
1430,2158,2025-07-11,2159,2025-07-14,True,-0.006505576208178487,0.0,2025,frequency,2024-12-31,0.48967795210569776
1431,2159,2025-07-14,2160,2025-07-15,True,-0.022025682455991014,0.0,2025,frequency,2024-12-31,0.48967795210569776
1432,2160,2025-07-15,2161,2025-07-16,True,-0.006608695652174146,0.0,2025,frequency,2024-12-31,0.48967795210569776
1433,2161,2025-07-16,2162,2025-07-17,True,0.032825630252100835,1.0,2025,frequency,2024-12-31,0.48967795210569776
1434,2162,2025-07-17,2163,2025-07-18,True,-0.007034494448681983,0.0,2025,frequency,2024-12-31,0.48967795210569776
1435,2163,2025-07-18,2164,2025-07-21,True,-0.0004267668146125114,0.0,2025,frequency,2024-12-31,0.48967795210569776
1436,2164,2025-07-21,2165,2025-07-22,True,-0.01058833575271112,0.0,2025,frequency,2024-12-31,0.48967795210569776
1437,2165,2025-07-22,2166,2025-07-23,True,0.009666005005609879,1.0,2025,frequency,2024-12-31,0.48967795210569776
1438,2166,2025-07-23,2167,2025-07-24,True,0.007692965210701841,1.0,2025,frequency,2024-12-31,0.48967795210569776
1439,2167,2025-07-24,2168,2025-07-25,True,0.034354058868436566,1.0,2025,frequency,2024-12-31,0.48967795210569776
1440,2168,2025-07-25,2169,2025-07-28,True,-0.013777267508610747,0.0,2025,frequency,2024-12-31,0.48967795210569776
1441,2169,2025-07-28,2170,2025-07-29,True,0.0001663063362715711,1.0,2025,frequency,2024-12-31,0.48967795210569776
1442,2170,2025-07-29,2171,2025-07-30,True,0.030844695710009917,1.0,2025,frequency,2024-12-31,0.48967795210569776
1443,2171,2025-07-30,2172,2025-07-31,True,-0.0230663763206711,0.0,2025,frequency,2024-12-31,0.48967795210569776
1444,2172,2025-07-31,2173,2025-08-01,True,-0.031536365887888884,0.0,2025,frequency,2024-12-31,0.48967795210569776
1445,2173,2025-08-01,2174,2025-08-04,True,0.013042366379677706,1.0,2025,frequency,2024-12-31,0.48967795210569776
1446,2174,2025-08-04,2175,2025-08-05,True,-0.007068327162571553,0.0,2025,frequency,2024-12-31,0.48967795210569776
1447,2175,2025-08-05,2176,2025-08-06,True,0.002372881355932277,1.0,2025,frequency,2024-12-31,0.48967795210569776
1448,2176,2025-08-06,2177,2025-08-07,True,-0.005157253973621878,0.0,2025,frequency,2024-12-31,0.48967795210569776
1449,2177,2025-08-07,2178,2025-08-08,True,-0.010792895385399959,0.0,2025,frequency,2024-12-31,0.48967795210569776
1450,2178,2025-08-08,2179,2025-08-11,True,0.013316151202749094,1.0,2025,frequency,2024-12-31,0.48967795210569776
1451,2179,2025-08-11,2180,2025-08-12,True,0.02136498516320473,1.0,2025,frequency,2024-12-31,0.48967795210569776
1452,2180,2025-08-12,2181,2025-08-13,True,0.008217813563542897,1.0,2025,frequency,2024-12-31,0.48967795210569776
1453,2181,2025-08-13,2182,2025-08-14,True,-0.003704923431582241,0.0,2025,frequency,2024-12-31,0.48967795210569776
1454,2182,2025-08-14,2183,2025-08-15,True,0.015618543921989803,1.0,2025,frequency,2024-12-31,0.48967795210569776
1455,2183,2025-08-15,2184,2025-08-18,True,0.022782750203417468,1.0,2025,frequency,2024-12-31,0.48967795210569776
1456,2184,2025-08-18,2185,2025-08-19,True,-0.019411296738265693,0.0,2025,frequency,2024-12-31,0.48967795210569776
1457,2185,2025-08-19,2186,2025-08-20,True,0.030423495051111527,1.0,2025,frequency,2024-12-31,0.48967795210569776
1458,2186,2025-08-20,2187,2025-08-21,True,0.07991496732540737,1.0,2025,frequency,2024-12-31,0.48967795210569776
1459,2187,2025-08-21,2188,2025-08-22,True,0.10002916302128906,1.0,2025,frequency,2024-12-31,0.48967795210569776
1460,2188,2025-08-22,2189,2025-08-25,True,0.045864262990456206,1.0,2025,frequency,2024-12-31,0.48967795210569776
1461,2189,2025-08-25,2190,2025-08-26,True,-0.021546261089987362,0.0,2025,frequency,2024-12-31,0.48967795210569776
1462,2190,2025-08-26,2191,2025-08-27,True,0.027396373056994605,1.0,2025,frequency,2024-12-31,0.48967795210569776
1463,2191,2025-08-27,2192,2025-08-28,True,0.03668915085418889,1.0,2025,frequency,2024-12-31,0.48967795210569776
1464,2192,2025-08-28,2193,2025-08-29,True,-0.03326238978412899,0.0,2025,frequency,2024-12-31,0.48967795210569776
1465,2193,2025-08-29,2194,2025-09-01,True,0.10001258019876724,1.0,2025,frequency,2024-12-31,0.48967795210569776
1466,2194,2025-09-01,2195,2025-09-02,True,0.006404391582799596,1.0,2025,frequency,2024-12-31,0.48967795210569776
1467,2195,2025-09-02,2196,2025-09-03,True,-0.027897727272727324,0.0,2025,frequency,2024-12-31,0.48967795210569776
1468,2196,2025-09-03,2197,2025-09-04,True,-0.1000058448769654,0.0,2025,frequency,2024-12-31,0.48967795210569776
1469,2197,2025-09-04,2198,2025-09-05,True,0.0362384725289,1.0,2025,frequency,2024-12-31,0.48967795210569776
1470,2198,2025-09-05,2199,2025-09-08,True,0.02676109300576579,1.0,2025,frequency,2024-12-31,0.48967795210569776
1471,2199,2025-09-08,2200,2025-09-09,True,-0.040773973020814314,0.0,2025,frequency,2024-12-31,0.48967795210569776
1472,2200,2025-09-09,2201,2025-09-10,True,0.02634425707922361,1.0,2025,frequency,2024-12-31,0.48967795210569776
1473,2201,2025-09-10,2202,2025-09-11,True,0.10000620001240001,1.0,2025,frequency,2024-12-31,0.48967795210569776
1474,2202,2025-09-11,2203,2025-09-12,True,0.07208882876789557,1.0,2025,frequency,2024-12-31,0.48967795210569776
1475,2203,2025-09-12,2204,2025-09-15,True,0.0038378634141211787,1.0,2025,frequency,2024-12-31,0.48967795210569776
1476,2204,2025-09-15,2205,2025-09-16,True,-0.009322300199015365,0.0,2025,frequency,2024-12-31,0.48967795210569776
1477,2205,2025-09-16,2206,2025-09-17,True,-0.01353351659970392,0.0,2025,frequency,2024-12-31,0.48967795210569776
1478,2206,2025-09-17,2207,2025-09-18,True,0.022936763129689286,1.0,2025,frequency,2024-12-31,0.48967795210569776
1479,2207,2025-09-18,2208,2025-09-19,True,-0.02975691533948044,0.0,2025,frequency,2024-12-31,0.48967795210569776
1480,2208,2025-09-19,2209,2025-09-22,True,0.05296976241900664,1.0,2025,frequency,2024-12-31,0.48967795210569776
1481,2209,2025-09-22,2210,2025-09-23,True,-0.004820265627403897,0.0,2025,frequency,2024-12-31,0.48967795210569776
1482,2210,2025-09-23,2211,2025-09-24,True,0.029525428968928846,1.0,2025,frequency,2024-12-31,0.48967795210569776
1483,2211,2025-09-24,2212,2025-09-25,True,-0.011961961961962086,0.0,2025,frequency,2024-12-31,0.48967795210569776
1484,2212,2025-09-25,2213,2025-09-26,True,-0.036472316498657675,0.0,2025,frequency,2024-12-31,0.48967795210569776
1485,2213,2025-09-26,2214,2025-09-29,True,0.03638084222701221,1.0,2025,frequency,2024-12-31,0.48967795210569776
1486,2214,2025-09-29,2215,2025-09-30,True,0.08202708872317777,1.0,2025,frequency,2024-12-31,0.48967795210569776
1487,2215,2025-09-30,2216,2025-10-09,True,0.05714955461790905,1.0,2025,frequency,2024-12-31,0.48967795210569776
1488,2216,2025-10-09,2217,2025-10-10,True,-0.046432214288882,0.0,2025,frequency,2024-12-31,0.48967795210569776
1489,2217,2025-10-10,2218,2025-10-13,True,-0.03334573528043905,0.0,2025,frequency,2024-12-31,0.48967795210569776
1490,2218,2025-10-13,2219,2025-10-14,True,-0.057012268462833804,0.0,2025,frequency,2024-12-31,0.48967795210569776
1491,2219,2025-10-14,2220,2025-10-15,True,0.03066326530612251,1.0,2025,frequency,2024-12-31,0.48967795210569776
1492,2220,2025-10-15,2221,2025-10-16,True,0.0302955299242611,1.0,2025,frequency,2024-12-31,0.48967795210569776
1493,2221,2025-10-16,2222,2025-10-17,True,-0.033248450487675996,0.0,2025,frequency,2024-12-31,0.48967795210569776
1494,2222,2025-10-17,2223,2025-10-20,True,0.03548531385120035,1.0,2025,frequency,2024-12-31,0.48967795210569776
1495,2223,2025-10-20,2224,2025-10-21,True,0.051163906887448984,1.0,2025,frequency,2024-12-31,0.48967795210569776
1496,2224,2025-10-21,2225,2025-10-22,True,-0.036893292543719425,0.0,2025,frequency,2024-12-31,0.48967795210569776
1497,2225,2025-10-22,2226,2025-10-23,True,-0.01882140994642778,0.0,2025,frequency,2024-12-31,0.48967795210569776
1498,2226,2025-10-23,2227,2025-10-24,True,0.06822574410514104,1.0,2025,frequency,2024-12-31,0.48967795210569776
1499,2227,2025-10-24,2228,2025-10-27,True,0.10000904649900488,1.0,2025,frequency,2024-12-31,0.48967795210569776
1500,2228,2025-10-27,2229,2025-10-28,True,0.015461162054360766,1.0,2025,frequency,2024-12-31,0.48967795210569776
1501,2229,2025-10-28,2230,2025-10-29,True,-0.02348653573597881,0.0,2025,frequency,2024-12-31,0.48967795210569776
1502,2230,2025-10-29,2231,2025-10-30,True,-0.03794318888658521,0.0,2025,frequency,2024-12-31,0.48967795210569776
1503,2231,2025-10-30,2232,2025-10-31,True,-0.051724137931034475,0.0,2025,frequency,2024-12-31,0.48967795210569776
1504,2232,2025-10-31,2233,2025-11-03,True,0.0459090909090909,1.0,2025,frequency,2024-12-31,0.48967795210569776
1505,2233,2025-11-03,2234,2025-11-04,True,-0.02220773576705759,0.0,2025,frequency,2024-12-31,0.48967795210569776
1506,2234,2025-11-04,2235,2025-11-05,True,-0.029334637094982186,0.0,2025,frequency,2024-12-31,0.48967795210569776
1507,2235,2025-11-05,2236,2025-11-06,True,0.04034067493932891,1.0,2025,frequency,2024-12-31,0.48967795210569776
1508,2236,2025-11-06,2237,2025-11-07,True,-0.02750880281690138,0.0,2025,frequency,2024-12-31,0.48967795210569776
1509,2237,2025-11-07,2238,2025-11-10,True,-0.009006562570717302,0.0,2025,frequency,2024-12-31,0.48967795210569776
1510,2238,2025-11-10,2239,2025-11-11,True,-0.008997077091706163,0.0,2025,frequency,2024-12-31,0.48967795210569776
1511,2239,2025-11-11,2240,2025-11-12,True,-0.034517719710585926,0.0,2025,frequency,2024-12-31,0.48967795210569776
1512,2240,2025-11-12,2241,2025-11-13,True,0.08591885441527447,1.0,2025,frequency,2024-12-31,0.48967795210569776
1513,2241,2025-11-13,2242,2025-11-14,True,-0.09547252747252755,0.0,2025,frequency,2024-12-31,0.48967795210569776
1514,2242,2025-11-14,2243,2025-11-17,True,0.008358441053552434,1.0,2025,frequency,2024-12-31,0.48967795210569776
1515,2243,2025-11-17,2244,2025-11-18,True,-0.024096385542168752,0.0,2025,frequency,2024-12-31,0.48967795210569776
1516,2244,2025-11-18,2245,2025-11-19,True,9.876543209874633e-05,1.0,2025,frequency,2024-12-31,0.48967795210569776
1517,2245,2025-11-19,2246,2025-11-20,True,-0.016887221015208453,0.0,2025,frequency,2024-12-31,0.48967795210569776
1518,2246,2025-11-20,2247,2025-11-21,True,-0.08332496233048714,0.0,2025,frequency,2024-12-31,0.48967795210569776
1519,2247,2025-11-21,2248,2025-11-24,True,-0.018245575584899476,0.0,2025,frequency,2024-12-31,0.48967795210569776
1520,2248,2025-11-24,2249,2025-11-25,True,0.06384641142984715,1.0,2025,frequency,2024-12-31,0.48967795210569776
1521,2249,2025-11-25,2250,2025-11-26,True,0.030846710733396288,1.0,2025,frequency,2024-12-31,0.48967795210569776
1522,2250,2025-11-26,2251,2025-11-27,True,0.022188295165394445,1.0,2025,frequency,2024-12-31,0.48967795210569776
1523,2251,2025-11-27,2252,2025-11-28,True,0.010654186995917359,1.0,2025,frequency,2024-12-31,0.48967795210569776
1524,2252,2025-11-28,2253,2025-12-01,True,0.04837438423645324,1.0,2025,frequency,2024-12-31,0.48967795210569776
1525,2253,2025-12-01,2254,2025-12-02,True,-0.010901231087303898,0.0,2025,frequency,2024-12-31,0.48967795210569776
1526,2254,2025-12-02,2255,2025-12-03,True,-0.013776722090261262,0.0,2025,frequency,2024-12-31,0.48967795210569776
1527,2255,2025-12-03,2256,2025-12-04,True,0.01353564547206143,1.0,2025,frequency,2024-12-31,0.48967795210569776
1528,2256,2025-12-04,2257,2025-12-05,True,-0.017109452972767336,0.0,2025,frequency,2024-12-31,0.48967795210569776
1529,2257,2025-12-05,2258,2025-12-08,True,0.03423432135776783,1.0,2025,frequency,2024-12-31,0.48967795210569776
1530,2258,2025-12-08,2259,2025-12-09,True,-0.013745383140866818,0.0,2025,frequency,2024-12-31,0.48967795210569776
1531,2259,2025-12-09,2260,2025-12-10,True,-0.010002370229912128,0.0,2025,frequency,2024-12-31,0.48967795210569776
1532,2260,2025-12-10,2261,2025-12-11,True,-0.004932005362957348,0.0,2025,frequency,2024-12-31,0.48967795210569776
1533,2261,2025-12-11,2262,2025-12-12,True,0.0100091429671334,1.0,2025,frequency,2024-12-31,0.48967795210569776
1534,2262,2025-12-12,2263,2025-12-15,True,-0.02730001429320117,0.0,2025,frequency,2024-12-31,0.48967795210569776
1535,2263,2025-12-15,2264,2025-12-16,True,-0.030858150470219226,0.0,2025,frequency,2024-12-31,0.48967795210569776
1536,2264,2025-12-16,2265,2025-12-17,True,0.021833619731122855,1.0,2025,frequency,2024-12-31,0.48967795210569776
1537,2265,2025-12-17,2266,2025-12-18,True,0.06068849540013832,1.0,2025,frequency,2024-12-31,0.48967795210569776
1538,2266,2025-12-18,2267,2025-12-19,True,-0.0197715085101422,0.0,2025,frequency,2024-12-31,0.48967795210569776
1539,2267,2025-12-19,2268,2025-12-22,True,0.029732172589315375,1.0,2025,frequency,2024-12-31,0.48967795210569776
1540,2268,2025-12-22,2269,2025-12-23,True,0.004250207890603486,1.0,2025,frequency,2024-12-31,0.48967795210569776
1541,2269,2025-12-23,2270,2025-12-24,True,0.030913607507590424,1.0,2025,frequency,2024-12-31,0.48967795210569776
1542,2270,2025-12-24,2271,2025-12-25,True,-0.009370816599732157,0.0,2025,frequency,2024-12-31,0.48967795210569776
1543,2271,2025-12-25,2272,2025-12-26,True,0.022387387387387214,1.0,2025,frequency,2024-12-31,0.48967795210569776
1544,2272,2025-12-26,2273,2025-12-29,True,0.004229633872318006,1.0,2025,frequency,2024-12-31,0.48967795210569776
1545,2273,2025-12-29,2274,2025-12-30,True,-0.033826174702759615,0.0,2025,frequency,2024-12-31,0.48967795210569776
1546,2274,2025-12-30,2275,2025-12-31,True,-0.02710925438198175,0.0,2025,frequency,2024-12-31,0.48967795210569776
1547,2275,2025-12-31,2276,2026-01-05,True,0.10002333722287071,1.0,2025,frequency,2024-12-31,0.48967795210569776
1548,2276,2026-01-05,2277,2026-01-06,True,0.06406992532247102,1.0,2026,own,2025-12-31,0.49079370488857094
1549,2277,2026-01-06,2278,2026-01-07,True,0.04673418932929252,1.0,2026,own,2025-12-31,0.4641069003397245
1550,2278,2026-01-07,2279,2026-01-08,True,-0.014285714285714235,0.0,2026,own,2025-12-31,0.5449699294908017
1551,2279,2026-01-08,2280,2026-01-09,True,-0.03362318840579703,0.0,2026,own,2025-12-31,0.43083161207019616
1552,2280,2026-01-09,2281,2026-01-12,True,0.047110577884422966,1.0,2026,own,2025-12-31,0.44085344047272906
1553,2281,2026-01-12,2282,2026-01-13,True,0.0063781843180690245,1.0,2026,own,2025-12-31,0.4866999551100887
1554,2282,2026-01-13,2283,2026-01-14,True,-0.03984819734345357,0.0,2026,own,2025-12-31,0.5176620062350484
1555,2283,2026-01-14,2284,2026-01-15,True,0.007747035573122618,1.0,2026,own,2025-12-31,0.5824491549906932
1556,2284,2026-01-15,2285,2026-01-16,True,0.10001568873548772,1.0,2026,own,2025-12-31,0.47967718610562776
1557,2285,2026-01-16,2286,2026-01-19,True,0.028488911074663115,1.0,2026,own,2025-12-31,0.46635839115079497
1558,2286,2026-01-19,2287,2026-01-20,True,0.01230715895302481,1.0,2026,own,2025-12-31,0.4597414870130637
1559,2287,2026-01-20,2288,2026-01-21,True,0.0535958904109588,1.0,2026,own,2025-12-31,0.4300300015608807
1560,2288,2026-01-21,2289,2026-01-22,True,-0.020087762067284243,0.0,2026,own,2025-12-31,0.4295683818032175
1561,2289,2026-01-22,2290,2026-01-23,True,-0.0139980760938071,0.0,2026,own,2025-12-31,0.5191285622606648
1562,2290,2026-01-23,2291,2026-01-26,True,-0.015643397813288273,0.0,2026,own,2025-12-31,0.45645128490028364
1563,2291,2026-01-26,2292,2026-01-27,True,0.050102529049897315,1.0,2026,own,2025-12-31,0.5184799700304148
1564,2292,2026-01-27,2293,2026-01-28,True,0.053440083317060516,1.0,2026,own,2025-12-31,0.45226147570935554
1565,2293,2026-01-28,2294,2026-01-29,True,-0.04998764211566997,0.0,2026,own,2025-12-31,0.5021348030063684
1566,2294,2026-01-29,2295,2026-01-30,True,0.02400000000000002,1.0,2026,own,2025-12-31,0.5503280766329326
1567,2295,2026-01-30,2296,2026-02-02,True,-0.10000635162601623,0.0,2026,own,2025-12-31,0.5149942762405839
1568,2296,2026-02-02,2297,2026-02-03,True,0.03239352129574091,1.0,2026,own,2025-12-31,0.5191505883354149
1569,2297,2026-02-03,2298,2026-02-04,True,-0.03500017089927199,0.0,2026,own,2025-12-31,0.567613527426531
1570,2298,2026-02-04,2299,2026-02-05,True,-0.0162575709276378,0.0,2026,own,2025-12-31,0.5293561219528411
1571,2299,2026-02-05,2300,2026-02-06,True,-0.005652768776553629,0.0,2026,own,2025-12-31,0.480515869185608
1572,2300,2026-02-06,2301,2026-02-09,True,0.06086830575370228,1.0,2026,own,2025-12-31,0.5096211838538414
1573,2301,2026-02-09,2302,2026-02-10,True,-0.010512662980408316,0.0,2026,own,2025-12-31,0.5126051214998575
1574,2302,2026-02-10,2303,2026-02-11,True,-0.018316660917557792,0.0,2026,own,2025-12-31,0.4792620682786786
1575,2303,2026-02-11,2304,2026-02-12,True,0.06553287185073287,1.0,2026,own,2025-12-31,0.4792429288931331
1576,2304,2026-02-12,2305,2026-02-13,True,0.018005540166204925,1.0,2026,own,2025-12-31,0.49436979142440624
1577,2305,2026-02-13,2306,2026-02-24,True,0.046485260770975145,1.0,2026,own,2025-12-31,0.4562547857371206
1578,2306,2026-02-24,2307,2026-02-25,True,-0.03631016870453496,0.0,2026,own,2025-12-31,0.5008343235725926
1579,2307,2026-02-25,2308,2026-02-26,True,-0.006167287678273237,0.0,2026,own,2025-12-31,0.4691798113906176
1580,2308,2026-02-26,2309,2026-02-27,True,-0.030381383322559685,0.0,2026,own,2025-12-31,0.5086554295181757
1581,2309,2026-02-27,2310,2026-03-02,True,-0.022833333333333372,0.0,2026,own,2025-12-31,0.4953096928514907
1582,2310,2026-03-02,2311,2026-03-03,True,-0.06911137642844956,0.0,2026,own,2025-12-31,0.4882685458779637
1583,2311,2026-03-03,2312,2026-03-04,True,0.02264648759573462,1.0,2026,own,2025-12-31,0.6057579906409453
1584,2312,2026-03-04,2313,2026-03-05,True,0.013365822195148258,1.0,2026,own,2025-12-31,0.547169742337248
1585,2313,2026-03-05,2314,2026-03-06,True,0.007743988684582703,1.0,2026,own,2025-12-31,0.5892358406878934
1586,2314,2026-03-06,2315,2026-03-09,True,-0.03122916593564684,0.0,2026,own,2025-12-31,0.4950722107792684
1587,2315,2026-03-09,2316,2026-03-10,True,0.03386576840885236,1.0,2026,own,2025-12-31,0.47814670927449576
1588,2316,2026-03-10,2317,2026-03-11,True,-0.013698150224215278,0.0,2026,own,2025-12-31,0.5137610784311287
1589,2317,2026-03-11,2318,2026-03-12,True,-0.023976130430149567,0.0,2026,own,2025-12-31,0.5178972205640094
1590,2318,2026-03-12,2319,2026-03-13,True,0.012919426450251237,1.0,2026,own,2025-12-31,0.506746205763178
1591,2319,2026-03-13,2320,2026-03-16,True,0.09998922142780153,1.0,2026,own,2025-12-31,0.48064423662404393
1592,2320,2026-03-16,2321,2026-03-17,True,-0.03318526260778687,0.0,2026,own,2025-12-31,0.4624273360297107
1593,2321,2026-03-17,2322,2026-03-18,True,0.051520270270270396,1.0,2026,own,2025-12-31,0.517190778512978
1594,2322,2026-03-18,2323,2026-03-19,True,-0.0243212851405622,0.0,2026,own,2025-12-31,0.5129622992337178
1595,2323,2026-03-19,2324,2026-03-20,True,-0.044388830347734554,0.0,2026,own,2025-12-31,0.4347325489703299
1596,2324,2026-03-20,2325,2026-03-23,True,-0.05806340454858705,0.0,2026,own,2025-12-31,0.5252907567990539
1597,2325,2026-03-23,2326,2026-03-24,True,0.0013169928662883912,1.0,2026,own,2025-12-31,0.5063239680801601
1598,2326,2026-03-24,2327,2026-03-25,True,0.01713492382448556,1.0,2026,own,2025-12-31,0.5631875309099914
1599,2327,2026-03-25,2328,2026-03-26,True,-0.05890804597701149,0.0,2026,own,2025-12-31,0.5494100573401987
1600,2328,2026-03-26,2329,2026-03-27,True,-0.012748091603053235,0.0,2026,own,2025-12-31,0.533105235036542
1601,2329,2026-03-27,2330,2026-03-30,True,-0.010863682053661394,0.0,2026,own,2025-12-31,0.47807920333206894
1602,2330,2026-03-30,2331,2026-03-31,True,-0.06937658784444012,0.0,2026,own,2025-12-31,0.490388963876521
1603,2331,2026-03-31,2332,2026-04-01,True,0.07097858042839156,1.0,2026,own,2025-12-31,0.5486086075136869
1604,2332,2026-04-01,2333,2026-04-02,True,-0.03141176470588225,0.0,2026,own,2025-12-31,0.5899041611185858
1605,2333,2026-04-02,2334,2026-04-03,True,0.008542855986072295,1.0,2026,own,2025-12-31,0.5605055825223734
1606,2334,2026-04-03,2335,2026-04-07,True,0.002248093135286844,1.0,2026,own,2025-12-31,0.5444739695015062
1607,2335,2026-04-07,2336,2026-04-08,True,0.025234318673395872,1.0,2026,own,2025-12-31,0.5392503444294492
1608,2336,2026-04-08,2337,2026-04-09,True,-0.021370526644788224,0.0,2026,own,2025-12-31,0.486556799393985
1609,2337,2026-04-09,2338,2026-04-10,True,0.05828575991057505,1.0,2026,own,2025-12-31,0.48960883167268787
1610,2338,2026-04-10,2339,2026-04-13,True,-0.01112829605039789,0.0,2026,own,2025-12-31,0.5033344599667752
1611,2339,2026-04-13,2340,2026-04-14,True,0.06816968032349124,1.0,2026,own,2025-12-31,0.47535396808125857
1612,2340,2026-04-14,2341,2026-04-15,True,-0.021463519160029976,0.0,2026,own,2025-12-31,0.48129664064605393
1613,2341,2026-04-15,2342,2026-04-16,True,0.04645985401459862,1.0,2026,own,2025-12-31,0.5176933974536222
1614,2342,2026-04-16,2343,2026-04-17,True,0.00777735151536274,1.0,2026,own,2025-12-31,0.4101484763475094
1615,2343,2026-04-17,2344,2026-04-20,True,0.005467884828350034,1.0,2026,own,2025-12-31,0.4567763218436541
1616,2344,2026-04-20,2345,2026-04-21,True,0.054140565842913047,1.0,2026,own,2025-12-31,0.4861922068954826
1617,2345,2026-04-21,2346,2026-04-22,True,0.025173866196493533,1.0,2026,own,2025-12-31,0.4499519217447256
1618,2346,2026-04-22,2347,2026-04-23,True,-0.029237531052933363,0.0,2026,own,2025-12-31,0.4252670040655788
1619,2347,2026-04-23,2348,2026-04-24,True,-0.02329396325459332,0.0,2026,own,2025-12-31,0.557831327904901
1620,2348,2026-04-24,2349,2026-04-27,True,0.019213973799126816,1.0,2026,own,2025-12-31,0.4918315815843082
1621,2349,2026-04-27,2350,2026-04-28,True,0.013446707534110924,1.0,2026,own,2025-12-31,0.49263270361325207
1622,2350,2026-04-28,2351,2026-04-29,True,0.0045203252032519625,1.0,2026,own,2025-12-31,0.5025853854004306
1623,2351,2026-04-29,2352,2026-04-30,True,0.013273333549159938,1.0,2026,own,2025-12-31,0.4653300106818693
1624,2352,2026-04-30,2353,2026-05-06,True,0.10000319499025534,1.0,2026,own,2025-12-31,0.5284407311569536
1625,2353,2026-05-06,2354,2026-05-07,True,0.017049580295680933,1.0,2026,own,2025-12-31,0.48136829644174944
1626,2354,2026-05-07,2355,2026-05-08,True,-0.045864747543979845,0.0,2026,own,2025-12-31,0.4555120817548221
1627,2355,2026-05-08,2356,2026-05-11,True,0.08389703681532468,1.0,2026,own,2025-12-31,0.449143744830393
1628,2356,2026-05-11,2357,2026-05-12,True,-0.023693148869190606,0.0,2026,own,2025-12-31,0.48070517647779226
1629,2357,2026-05-12,2358,2026-05-13,True,0.03238580115966627,1.0,2026,own,2025-12-31,0.4662185073944216
1630,2358,2026-05-13,2359,2026-05-14,True,-0.024136986301369845,0.0,2026,own,2025-12-31,0.41977713172693465
1631,2359,2026-05-14,2360,2026-05-15,True,0.053763440860215006,1.0,2026,own,2025-12-31,0.5060995223319992
1632,2360,2026-05-15,2361,2026-05-18,True,0.06570043160867489,1.0,2026,own,2025-12-31,0.4229888637956715
1633,2361,2026-05-18,2362,2026-05-19,True,0.011400000000000077,1.0,2026,own,2025-12-31,0.5684241015810575
1634,2362,2026-05-19,2363,2026-05-20,True,0.1000098872849513,1.0,2026,own,2025-12-31,0.4085361212491218
1635,2363,2026-05-20,2364,2026-05-21,True,-0.0294818210417509,0.0,2026,own,2025-12-31,0.417464556430523
1636,2364,2026-05-21,2365,2026-05-22,True,0.08529752257467016,1.0,2026,own,2025-12-31,0.45645920747436913
1637,2365,2026-05-22,2366,2026-05-25,True,0.09997013269616417,1.0,2026,own,2025-12-31,0.4675134586232942
1638,2366,2026-05-25,2367,2026-05-26,True,0.02205197827773464,1.0,2026,own,2025-12-31,0.43722666157490603
1639,2367,2026-05-26,2368,2026-05-27,True,-0.0228801641898827,0.0,2026,own,2025-12-31,0.41877588134597404
1640,2368,2026-05-27,2369,2026-05-28,True,-0.060640242716558435,0.0,2026,own,2025-12-31,0.519860471938209
1641,2369,2026-05-28,2370,2026-05-29,True,-0.03310559006211178,0.0,2026,own,2025-12-31,0.44549923699480576
1642,2370,2026-05-29,2371,2026-06-01,True,0.002119868953555759,1.0,2026,own,2025-12-31,0.5653724316004446
1643,2371,2026-06-01,2372,2026-06-02,True,0.014294871794871877,1.0,2026,own,2025-12-31,0.5817229590750566
1644,2372,2026-06-02,2373,2026-06-03,True,0.0369504308074744,1.0,2026,own,2025-12-31,0.5520260118813023
1645,2373,2026-06-03,2374,2026-06-04,True,0.07533063811632745,1.0,2026,own,2025-12-31,0.5306696518736888
1646,2374,2026-06-04,2375,2026-06-05,True,-0.07804500198371456,0.0,2026,own,2025-12-31,0.43129727936758816
1647,2375,2026-06-05,2376,2026-06-08,True,-0.028668032786885345,0.0,2026,own,2025-12-31,0.4707077852103121
1648,2376,2026-06-08,2377,2026-06-09,True,0.0558848969431025,1.0,2026,own,2025-12-31,0.42773901675452464
1649,2377,2026-06-09,2378,2026-06-10,True,-0.0392807192807193,0.0,2026,own,2025-12-31,0.5328330215461295
1650,2378,2026-06-10,2379,2026-06-11,True,0.005531985691706209,1.0,2026,own,2025-12-31,0.4928854474303786
1651,2379,2026-06-11,2380,2026-06-12,True,-0.004198552223371288,0.0,2026,own,2025-12-31,0.5358260037379945
1652,2380,2026-06-12,2381,2026-06-15,True,0.07587180925083592,1.0,2026,own,2025-12-31,0.58631331281281
1653,2381,2026-06-15,2382,2026-06-16,True,0.028494208494208584,1.0,2026,own,2025-12-31,0.48628986858466305
1654,2382,2026-06-16,2383,2026-06-17,True,0.10000750807117642,1.0,2026,own,2025-12-31,0.4962865601880312
1655,2383,2026-06-17,2384,2026-06-18,True,0.07330557641116653,1.0,2026,own,2025-12-31,0.4046065700825868
1656,2384,2026-06-18,2385,2026-06-22,True,0.09650238473767891,1.0,2026,own,2025-12-31,0.43102335016283
1657,2385,2026-06-22,2386,2026-06-23,True,-0.07062490938089017,0.0,2026,own,2025-12-31,0.4340644981607091
1658,2386,2026-06-23,2387,2026-06-24,True,0.10000156008674077,1.0,2026,own,2025-12-31,0.4486994606505432
1659,2387,2026-06-24,2388,2026-06-25,True,0.09944829738047622,1.0,2026,own,2025-12-31,0.4130224138128756
1660,2388,2026-06-25,2389,2026-06-26,True,-0.00672075953612572,0.0,2026,own,2025-12-31,0.47043741741763545
1661,2389,2026-06-26,2390,2026-06-29,True,0.09090909090909083,1.0,2026,own,2025-12-31,0.39301254230344007
1662,2390,2026-06-29,2391,2026-06-30,True,-0.029761904761904767,0.0,2026,own,2025-12-31,0.4214520353297147
1663,2391,2026-06-30,2392,2026-07-01,True,-0.052748466257668825,0.0,2026,own,2025-12-31,0.3935960250521497
1664,2392,2026-07-01,2393,2026-07-02,True,-0.09999870467999128,0.0,2026,own,2025-12-31,0.4801317831831853
1665,2393,2026-07-02,2394,2026-07-03,True,-0.024524690203077015,0.0,2026,own,2025-12-31,0.5233133407618625
1666,2394,2026-07-03,2395,2026-07-06,True,-0.034643020493677845,0.0,2026,own,2025-12-31,0.5194476294864084
1667,2395,2026-07-06,2396,2026-07-07,True,-0.0524079536596922,0.0,2026,own,2025-12-31,0.615701441018675
1668,2396,2026-07-07,2397,2026-07-08,True,-0.027145161290322628,0.0,2026,own,2025-12-31,0.5255559407157115
1669,2397,2026-07-08,2398,2026-07-09,True,0.10000497372216799,1.0,2026,own,2025-12-31,0.6123302795728504
1670,2398,2026-07-09,2399,2026-07-10,True,-0.07760478680914562,0.0,2026,own,2025-12-31,0.5717892107767581
1671,2399,2026-07-10,2400,2026-07-13,True,-0.10000000000000009,0.0,2026,own,2025-12-31,0.6013223134533833
1672,2400,2026-07-13,2401,2026-07-14,True,0.060257806826434335,1.0,2026,own,2025-12-31,0.5649038337897715
1673,2401,2026-07-14,2402,2026-07-15,True,-0.020890768677545912,0.0,2026,own,2025-12-31,0.5139014566150965
1674,2402,2026-07-15,2403,2026-07-16,True,-0.10000174889382452,0.0,2026,own,2025-12-31,0.5870625470892084
1675,2403,2026-07-16,2404,2026-07-17,True,-0.09999805678086315,0.0,2026,own,2025-12-31,0.5583118709137209
1676,2404,2026-07-17,2405,2026-07-20,True,-0.06660908992766923,0.0,2026,own,2025-12-31,0.5759047511770589
1677,2405,2026-07-20,2406,2026-07-21,True,0.10000000000000009,1.0,2026,own,2025-12-31,0.6018172784926066
1678,2406,2026-07-21,2407,2026-07-22,True,-0.01162912960275908,0.0,2026,own,2025-12-31,0.5714987366136579
1679,2407,2026-07-22,2408,2026-07-23,True,-0.038382978723404126,0.0,2026,own,2025-12-31,0.5838752874415781
1680,2408,2026-07-23,2409,2026-07-24,True,0.011151429330028995,1.0,2026,own,2025-12-31,0.6012084775494121
1681,2409,2026-07-24,2410,2026-07-27,True,-0.05026258205689271,0.0,2026,own,2025-12-31,0.4738456538838039
1682,2410,2026-07-27,2411,2026-07-28,True,-0.09999308803538931,0.0,2026,own,2025-12-31,0.48409397956854094
1683,2411,2026-07-28,2412,2026-07-29,True,-0.06809512838235676,0.0,2026,own,2025-12-31,0.5116348877372204
1684,2412,2026-07-29,2413,2026-07-30,True,0.01942147625195756,1.0,2026,own,2025-12-31,0.5213232597663433
1685,2413,2026-07-30,2414,2026-07-31,True,0.02021018593371071,1.0,2026,own,2025-12-31,0.5218727044938422
1686,2414,2026-07-31,2415,2026-08-03,True,-0.09999999999999998,0.0,2026,own,2025-12-31,0.6700351621421166
1687,2415,2026-08-03,2416,2026-08-04,True,0.044843575746903674,1.0,2026,own,2025-12-31,0.564595721856534
1688,2416,2026-08-04,2417,2026-08-05,True,0.08263580697713624,1.0,2026,own,2025-12-31,0.5182315716755838
1689,2417,2026-08-05,2418,2026-08-06,True,-0.0011415525114154557,0.0,2026,own,2025-12-31,0.4519998228120884
1690,2418,2026-08-06,2419,2026-08-07,True,0.08324675324675312,1.0,2026,own,2025-12-31,0.39450816621569296
1691,2419,2026-08-07,2420,2026-08-10,True,-0.03361707229349009,0.0,2026,own,2025-12-31,0.4204754687392899
1692,2420,2026-08-10,2421,2026-08-11,True,-0.0018360916060838894,0.0,2026,own,2025-12-31,0.4413616293880765
1693,2421,2026-08-11,2422,2026-08-12,True,0.02704516642223287,1.0,2026,own,2025-12-31,0.41936486795138084
1694,2422,2026-08-12,2423,2026-08-13,True,-0.020984098555074326,0.0,2026,own,2025-12-31,0.4780340486687491
1695,2423,2026-08-13,2424,2026-08-14,True,0.03208899876390614,1.0,2026,own,2025-12-31,0.5310529722359804
1696,2424,2026-08-14,2425,2026-08-17,True,0.06352400114975576,1.0,2026,own,2025-12-31,0.5331557520675602
1697,2425,2026-08-17,2426,2026-08-18,True,-0.016351351351351462,0.0,2026,own,2025-12-31,0.45324831720513825
1698,2426,2026-08-18,2427,2026-08-19,True,-0.07562852040115409,0.0,2026,own,2025-12-31,0.48684565159328785
1699,2427,2026-08-19,2428,2026-08-20,True,-0.0005201753734115355,0.0,2026,own,2025-12-31,0.4619407585844262
1700,2428,2026-08-20,2429,2026-08-21,True,0.013779429987608394,1.0,2026,own,2025-12-31,0.5152878303475109
1701,2429,2026-08-21,2430,2026-08-24,True,-0.06698283870336874,0.0,2026,own,2025-12-31,0.4972221170175739
1702,2430,2026-08-24,2431,2026-08-25,True,0.036288843473248455,1.0,2026,own,2025-12-31,0.5597285417566926
1703,2431,2026-08-25,2432,2026-08-26,True,-0.007610427043564072,0.0,2026,own,2025-12-31,0.45089278647732156
1704,2432,2026-08-26,2433,2026-08-27,True,0.04764331210191086,1.0,2026,own,2025-12-31,0.5074867987991968
1705,2433,2026-08-27,2434,2026-08-28,True,-0.034970817120622444,0.0,2026,own,2025-12-31,0.4789359974348009
1706,2434,2026-08-28,2435,2026-08-31,True,0.023133914621238594,1.0,2026,own,2025-12-31,0.49629329834463304
1707,2435,2026-08-31,2436,2026-09-01,True,-0.03201970443349733,0.0,2026,own,2025-12-31,0.41085583667638176
1708,2436,2026-09-01,2437,2026-09-02,True,-0.01053435114503809,0.0,2026,own,2025-12-31,0.5000331488468279
1709,2437,2026-09-02,2438,2026-09-03,True,-0.014555366970117833,0.0,2026,own,2025-12-31,0.46203078625242955
1710,2438,2026-09-03,2439,2026-09-04,True,-0.029540709812108545,0.0,2026,own,2025-12-31,0.5315124900324302
1711,2439,2026-09-04,2440,2026-09-07,True,0.03646337528234911,1.0,2026,own,2025-12-31,0.5310870160611506
1712,2440,2026-09-07,2441,2026-09-08,True,0.0013491075134910435,1.0,2026,own,2025-12-31,0.5354756253040529
1713,2441,2026-09-08,2442,2026-09-09,True,-0.010596953052129598,0.0,2026,own,2025-12-31,0.49615215273409785
1714,2442,2026-09-09,2443,2026-09-10,True,-0.003220991436876597,0.0,2026,own,2025-12-31,0.5083670850080628
1715,2443,2026-09-10,2444,2026-09-11,True,-0.024485077763766183,0.0,2026,own,2025-12-31,0.4751881618525855
1716,2444,2026-09-11,2445,2026-09-14,True,-0.03888829042335451,0.0,2026,own,2025-12-31,0.4511552786494035
1717,2445,2026-09-14,2446,2026-09-15,True,0.0174568482403048,1.0,2026,own,2025-12-31,0.46144084810026603
1718,2446,2026-09-15,2447,,False,,,2026,own,2025-12-31,0.4866206876993854
1548,2276,2026-01-05,2277,2026-01-06,True,0.06406992532247102,1.0,2026,market,2025-12-31,0.49107750464009436
1549,2277,2026-01-06,2278,2026-01-07,True,0.04673418932929252,1.0,2026,market,2025-12-31,0.47434035053233004
1550,2278,2026-01-07,2279,2026-01-08,True,-0.014285714285714235,0.0,2026,market,2025-12-31,0.5401383388931086
1551,2279,2026-01-08,2280,2026-01-09,True,-0.03362318840579703,0.0,2026,market,2025-12-31,0.4346480989822349
1552,2280,2026-01-09,2281,2026-01-12,True,0.047110577884422966,1.0,2026,market,2025-12-31,0.45203706019623785
1553,2281,2026-01-12,2282,2026-01-13,True,0.0063781843180690245,1.0,2026,market,2025-12-31,0.48989373725428076
1554,2282,2026-01-13,2283,2026-01-14,True,-0.03984819734345357,0.0,2026,market,2025-12-31,0.5228641149426065
1555,2283,2026-01-14,2284,2026-01-15,True,0.007747035573122618,1.0,2026,market,2025-12-31,0.5884279913373105
1556,2284,2026-01-15,2285,2026-01-16,True,0.10001568873548772,1.0,2026,market,2025-12-31,0.4892811716830279
1557,2285,2026-01-16,2286,2026-01-19,True,0.028488911074663115,1.0,2026,market,2025-12-31,0.44987042196773513
1558,2286,2026-01-19,2287,2026-01-20,True,0.01230715895302481,1.0,2026,market,2025-12-31,0.45125852468275657
1559,2287,2026-01-20,2288,2026-01-21,True,0.0535958904109588,1.0,2026,market,2025-12-31,0.4134929768893813
1560,2288,2026-01-21,2289,2026-01-22,True,-0.020087762067284243,0.0,2026,market,2025-12-31,0.4014717288940614
1561,2289,2026-01-22,2290,2026-01-23,True,-0.0139980760938071,0.0,2026,market,2025-12-31,0.49429411329386835
1562,2290,2026-01-23,2291,2026-01-26,True,-0.015643397813288273,0.0,2026,market,2025-12-31,0.4304665324401624
1563,2291,2026-01-26,2292,2026-01-27,True,0.050102529049897315,1.0,2026,market,2025-12-31,0.49212612968068803
1564,2292,2026-01-27,2293,2026-01-28,True,0.053440083317060516,1.0,2026,market,2025-12-31,0.4276901052083887
1565,2293,2026-01-28,2294,2026-01-29,True,-0.04998764211566997,0.0,2026,market,2025-12-31,0.46988856690070047
1566,2294,2026-01-29,2295,2026-01-30,True,0.02400000000000002,1.0,2026,market,2025-12-31,0.5371714996772602
1567,2295,2026-01-30,2296,2026-02-02,True,-0.10000635162601623,0.0,2026,market,2025-12-31,0.478822037178626
1568,2296,2026-02-02,2297,2026-02-03,True,0.03239352129574091,1.0,2026,market,2025-12-31,0.4875121666572945
1569,2297,2026-02-03,2298,2026-02-04,True,-0.03500017089927199,0.0,2026,market,2025-12-31,0.5355091897020776
1570,2298,2026-02-04,2299,2026-02-05,True,-0.0162575709276378,0.0,2026,market,2025-12-31,0.5208527234543717
1571,2299,2026-02-05,2300,2026-02-06,True,-0.005652768776553629,0.0,2026,market,2025-12-31,0.4733819045377989
1572,2300,2026-02-06,2301,2026-02-09,True,0.06086830575370228,1.0,2026,market,2025-12-31,0.4909969607567501
1573,2301,2026-02-09,2302,2026-02-10,True,-0.010512662980408316,0.0,2026,market,2025-12-31,0.49577290731304957
1574,2302,2026-02-10,2303,2026-02-11,True,-0.018316660917557792,0.0,2026,market,2025-12-31,0.4752930223258073
1575,2303,2026-02-11,2304,2026-02-12,True,0.06553287185073287,1.0,2026,market,2025-12-31,0.4755885115863124
1576,2304,2026-02-12,2305,2026-02-13,True,0.018005540166204925,1.0,2026,market,2025-12-31,0.4794587691613944
1577,2305,2026-02-13,2306,2026-02-24,True,0.046485260770975145,1.0,2026,market,2025-12-31,0.4392437397174145
1578,2306,2026-02-24,2307,2026-02-25,True,-0.03631016870453496,0.0,2026,market,2025-12-31,0.48836533492783735
1579,2307,2026-02-25,2308,2026-02-26,True,-0.006167287678273237,0.0,2026,market,2025-12-31,0.48794100819258285
1580,2308,2026-02-26,2309,2026-02-27,True,-0.030381383322559685,0.0,2026,market,2025-12-31,0.5223967592054026
1581,2309,2026-02-27,2310,2026-03-02,True,-0.022833333333333372,0.0,2026,market,2025-12-31,0.5097347071539562
1582,2310,2026-03-02,2311,2026-03-03,True,-0.06911137642844956,0.0,2026,market,2025-12-31,0.5085718199240089
1583,2311,2026-03-03,2312,2026-03-04,True,0.02264648759573462,1.0,2026,market,2025-12-31,0.6121263278426613
1584,2312,2026-03-04,2313,2026-03-05,True,0.013365822195148258,1.0,2026,market,2025-12-31,0.5450870129230737
1585,2313,2026-03-05,2314,2026-03-06,True,0.007743988684582703,1.0,2026,market,2025-12-31,0.5930325777049538
1586,2314,2026-03-06,2315,2026-03-09,True,-0.03122916593564684,0.0,2026,market,2025-12-31,0.5028063702494863
1587,2315,2026-03-09,2316,2026-03-10,True,0.03386576840885236,1.0,2026,market,2025-12-31,0.4904385365477289
1588,2316,2026-03-10,2317,2026-03-11,True,-0.013698150224215278,0.0,2026,market,2025-12-31,0.5186967812607671
1589,2317,2026-03-11,2318,2026-03-12,True,-0.023976130430149567,0.0,2026,market,2025-12-31,0.5272597218967613
1590,2318,2026-03-12,2319,2026-03-13,True,0.012919426450251237,1.0,2026,market,2025-12-31,0.5092862632521626
1591,2319,2026-03-13,2320,2026-03-16,True,0.09998922142780153,1.0,2026,market,2025-12-31,0.48042476535895234
1592,2320,2026-03-16,2321,2026-03-17,True,-0.03318526260778687,0.0,2026,market,2025-12-31,0.4498755453931786
1593,2321,2026-03-17,2322,2026-03-18,True,0.051520270270270396,1.0,2026,market,2025-12-31,0.5130867009251517
1594,2322,2026-03-18,2323,2026-03-19,True,-0.0243212851405622,0.0,2026,market,2025-12-31,0.4982126557374739
1595,2323,2026-03-19,2324,2026-03-20,True,-0.044388830347734554,0.0,2026,market,2025-12-31,0.4207278436340267
1596,2324,2026-03-20,2325,2026-03-23,True,-0.05806340454858705,0.0,2026,market,2025-12-31,0.5207260983493952
1597,2325,2026-03-23,2326,2026-03-24,True,0.0013169928662883912,1.0,2026,market,2025-12-31,0.478622698791
1598,2326,2026-03-24,2327,2026-03-25,True,0.01713492382448556,1.0,2026,market,2025-12-31,0.5517263826630067
1599,2327,2026-03-25,2328,2026-03-26,True,-0.05890804597701149,0.0,2026,market,2025-12-31,0.5385917316736175
1600,2328,2026-03-26,2329,2026-03-27,True,-0.012748091603053235,0.0,2026,market,2025-12-31,0.5196134396747603
1601,2329,2026-03-27,2330,2026-03-30,True,-0.010863682053661394,0.0,2026,market,2025-12-31,0.47160115207558545
1602,2330,2026-03-30,2331,2026-03-31,True,-0.06937658784444012,0.0,2026,market,2025-12-31,0.4792296783975459
1603,2331,2026-03-31,2332,2026-04-01,True,0.07097858042839156,1.0,2026,market,2025-12-31,0.5342539232881117
1604,2332,2026-04-01,2333,2026-04-02,True,-0.03141176470588225,0.0,2026,market,2025-12-31,0.5739122762768767
1605,2333,2026-04-02,2334,2026-04-03,True,0.008542855986072295,1.0,2026,market,2025-12-31,0.5457487882534098
1606,2334,2026-04-03,2335,2026-04-07,True,0.002248093135286844,1.0,2026,market,2025-12-31,0.5193053301578239
1607,2335,2026-04-07,2336,2026-04-08,True,0.025234318673395872,1.0,2026,market,2025-12-31,0.5162035224753281
1608,2336,2026-04-08,2337,2026-04-09,True,-0.021370526644788224,0.0,2026,market,2025-12-31,0.4882150172644072
1609,2337,2026-04-09,2338,2026-04-10,True,0.05828575991057505,1.0,2026,market,2025-12-31,0.480340538158854
1610,2338,2026-04-10,2339,2026-04-13,True,-0.01112829605039789,0.0,2026,market,2025-12-31,0.49428018205896873
1611,2339,2026-04-13,2340,2026-04-14,True,0.06816968032349124,1.0,2026,market,2025-12-31,0.4780070583324281
1612,2340,2026-04-14,2341,2026-04-15,True,-0.021463519160029976,0.0,2026,market,2025-12-31,0.4808386107231527
1613,2341,2026-04-15,2342,2026-04-16,True,0.04645985401459862,1.0,2026,market,2025-12-31,0.5158928165705796
1614,2342,2026-04-16,2343,2026-04-17,True,0.00777735151536274,1.0,2026,market,2025-12-31,0.42285913736984476
1615,2343,2026-04-17,2344,2026-04-20,True,0.005467884828350034,1.0,2026,market,2025-12-31,0.4652973946556652
1616,2344,2026-04-20,2345,2026-04-21,True,0.054140565842913047,1.0,2026,market,2025-12-31,0.4918183760828654
1617,2345,2026-04-21,2346,2026-04-22,True,0.025173866196493533,1.0,2026,market,2025-12-31,0.4583688504687378
1618,2346,2026-04-22,2347,2026-04-23,True,-0.029237531052933363,0.0,2026,market,2025-12-31,0.43696483066762243
1619,2347,2026-04-23,2348,2026-04-24,True,-0.02329396325459332,0.0,2026,market,2025-12-31,0.5639289344292284
1620,2348,2026-04-24,2349,2026-04-27,True,0.019213973799126816,1.0,2026,market,2025-12-31,0.5039230896568535
1621,2349,2026-04-27,2350,2026-04-28,True,0.013446707534110924,1.0,2026,market,2025-12-31,0.49590665287649394
1622,2350,2026-04-28,2351,2026-04-29,True,0.0045203252032519625,1.0,2026,market,2025-12-31,0.5028097044977098
1623,2351,2026-04-29,2352,2026-04-30,True,0.013273333549159938,1.0,2026,market,2025-12-31,0.4714253039875802
1624,2352,2026-04-30,2353,2026-05-06,True,0.10000319499025534,1.0,2026,market,2025-12-31,0.5276804200114799
1625,2353,2026-05-06,2354,2026-05-07,True,0.017049580295680933,1.0,2026,market,2025-12-31,0.479678626449183
1626,2354,2026-05-07,2355,2026-05-08,True,-0.045864747543979845,0.0,2026,market,2025-12-31,0.45808377459515237
1627,2355,2026-05-08,2356,2026-05-11,True,0.08389703681532468,1.0,2026,market,2025-12-31,0.4649656412454107
1628,2356,2026-05-11,2357,2026-05-12,True,-0.023693148869190606,0.0,2026,market,2025-12-31,0.4867489527892851
1629,2357,2026-05-12,2358,2026-05-13,True,0.03238580115966627,1.0,2026,market,2025-12-31,0.47699609314030306
1630,2358,2026-05-13,2359,2026-05-14,True,-0.024136986301369845,0.0,2026,market,2025-12-31,0.4334076141073063
1631,2359,2026-05-14,2360,2026-05-15,True,0.053763440860215006,1.0,2026,market,2025-12-31,0.5018457925197165
1632,2360,2026-05-15,2361,2026-05-18,True,0.06570043160867489,1.0,2026,market,2025-12-31,0.41347777670022684
1633,2361,2026-05-18,2362,2026-05-19,True,0.011400000000000077,1.0,2026,market,2025-12-31,0.5340604548913557
1634,2362,2026-05-19,2363,2026-05-20,True,0.1000098872849513,1.0,2026,market,2025-12-31,0.3925352756169245
1635,2363,2026-05-20,2364,2026-05-21,True,-0.0294818210417509,0.0,2026,market,2025-12-31,0.3852832187624271
1636,2364,2026-05-21,2365,2026-05-22,True,0.08529752257467016,1.0,2026,market,2025-12-31,0.4235332004773471
1637,2365,2026-05-22,2366,2026-05-25,True,0.09997013269616417,1.0,2026,market,2025-12-31,0.4384934233011546
1638,2366,2026-05-25,2367,2026-05-26,True,0.02205197827773464,1.0,2026,market,2025-12-31,0.4127964128950457
1639,2367,2026-05-26,2368,2026-05-27,True,-0.0228801641898827,0.0,2026,market,2025-12-31,0.3968151459099634
1640,2368,2026-05-27,2369,2026-05-28,True,-0.060640242716558435,0.0,2026,market,2025-12-31,0.4872874776565105
1641,2369,2026-05-28,2370,2026-05-29,True,-0.03310559006211178,0.0,2026,market,2025-12-31,0.42940223684440487
1642,2370,2026-05-29,2371,2026-06-01,True,0.002119868953555759,1.0,2026,market,2025-12-31,0.5363393433284991
1643,2371,2026-06-01,2372,2026-06-02,True,0.014294871794871877,1.0,2026,market,2025-12-31,0.5448822832275073
1644,2372,2026-06-02,2373,2026-06-03,True,0.0369504308074744,1.0,2026,market,2025-12-31,0.5333489283488865
1645,2373,2026-06-03,2374,2026-06-04,True,0.07533063811632745,1.0,2026,market,2025-12-31,0.5111952026737346
1646,2374,2026-06-04,2375,2026-06-05,True,-0.07804500198371456,0.0,2026,market,2025-12-31,0.40456873047668446
1647,2375,2026-06-05,2376,2026-06-08,True,-0.028668032786885345,0.0,2026,market,2025-12-31,0.446947131483035
1648,2376,2026-06-08,2377,2026-06-09,True,0.0558848969431025,1.0,2026,market,2025-12-31,0.3927087065734132
1649,2377,2026-06-09,2378,2026-06-10,True,-0.0392807192807193,0.0,2026,market,2025-12-31,0.4916319908017409
1650,2378,2026-06-10,2379,2026-06-11,True,0.005531985691706209,1.0,2026,market,2025-12-31,0.45489088959278506
1651,2379,2026-06-11,2380,2026-06-12,True,-0.004198552223371288,0.0,2026,market,2025-12-31,0.4922651570370929
1652,2380,2026-06-12,2381,2026-06-15,True,0.07587180925083592,1.0,2026,market,2025-12-31,0.558152364141938
1653,2381,2026-06-15,2382,2026-06-16,True,0.028494208494208584,1.0,2026,market,2025-12-31,0.47317043058613595
1654,2382,2026-06-16,2383,2026-06-17,True,0.10000750807117642,1.0,2026,market,2025-12-31,0.4762752220809049
1655,2383,2026-06-17,2384,2026-06-18,True,0.07330557641116653,1.0,2026,market,2025-12-31,0.4017228024340954
1656,2384,2026-06-18,2385,2026-06-22,True,0.09650238473767891,1.0,2026,market,2025-12-31,0.4180343939502353
1657,2385,2026-06-22,2386,2026-06-23,True,-0.07062490938089017,0.0,2026,market,2025-12-31,0.4475183090248613
1658,2386,2026-06-23,2387,2026-06-24,True,0.10000156008674077,1.0,2026,market,2025-12-31,0.4492678796315532
1659,2387,2026-06-24,2388,2026-06-25,True,0.09944829738047622,1.0,2026,market,2025-12-31,0.4041471770807408
1660,2388,2026-06-25,2389,2026-06-26,True,-0.00672075953612572,0.0,2026,market,2025-12-31,0.4631406605104879
1661,2389,2026-06-26,2390,2026-06-29,True,0.09090909090909083,1.0,2026,market,2025-12-31,0.37095072685265684
1662,2390,2026-06-29,2391,2026-06-30,True,-0.029761904761904767,0.0,2026,market,2025-12-31,0.402838392678551
1663,2391,2026-06-30,2392,2026-07-01,True,-0.052748466257668825,0.0,2026,market,2025-12-31,0.3922777463621246
1664,2392,2026-07-01,2393,2026-07-02,True,-0.09999870467999128,0.0,2026,market,2025-12-31,0.46413470163059006
1665,2393,2026-07-02,2394,2026-07-03,True,-0.024524690203077015,0.0,2026,market,2025-12-31,0.49312312290056165
1666,2394,2026-07-03,2395,2026-07-06,True,-0.034643020493677845,0.0,2026,market,2025-12-31,0.5108083450757414
1667,2395,2026-07-06,2396,2026-07-07,True,-0.0524079536596922,0.0,2026,market,2025-12-31,0.5986747517175252
1668,2396,2026-07-07,2397,2026-07-08,True,-0.027145161290322628,0.0,2026,market,2025-12-31,0.504899527434811
1669,2397,2026-07-08,2398,2026-07-09,True,0.10000497372216799,1.0,2026,market,2025-12-31,0.5847913189044619
1670,2398,2026-07-09,2399,2026-07-10,True,-0.07760478680914562,0.0,2026,market,2025-12-31,0.545175516371368
1671,2399,2026-07-10,2400,2026-07-13,True,-0.10000000000000009,0.0,2026,market,2025-12-31,0.5664610713135444
1672,2400,2026-07-13,2401,2026-07-14,True,0.060257806826434335,1.0,2026,market,2025-12-31,0.535588039338437
1673,2401,2026-07-14,2402,2026-07-15,True,-0.020890768677545912,0.0,2026,market,2025-12-31,0.49182835836833977
1674,2402,2026-07-15,2403,2026-07-16,True,-0.10000174889382452,0.0,2026,market,2025-12-31,0.5608484395036102
1675,2403,2026-07-16,2404,2026-07-17,True,-0.09999805678086315,0.0,2026,market,2025-12-31,0.5444668231008212
1676,2404,2026-07-17,2405,2026-07-20,True,-0.06660908992766923,0.0,2026,market,2025-12-31,0.5529487615796267
1677,2405,2026-07-20,2406,2026-07-21,True,0.10000000000000009,1.0,2026,market,2025-12-31,0.5982599087489711
1678,2406,2026-07-21,2407,2026-07-22,True,-0.01162912960275908,0.0,2026,market,2025-12-31,0.5706865548936888
1679,2407,2026-07-22,2408,2026-07-23,True,-0.038382978723404126,0.0,2026,market,2025-12-31,0.5872637224147359
1680,2408,2026-07-23,2409,2026-07-24,True,0.011151429330028995,1.0,2026,market,2025-12-31,0.6145678636974546
1681,2409,2026-07-24,2410,2026-07-27,True,-0.05026258205689271,0.0,2026,market,2025-12-31,0.48833283171755026
1682,2410,2026-07-27,2411,2026-07-28,True,-0.09999308803538931,0.0,2026,market,2025-12-31,0.5222876087158534
1683,2411,2026-07-28,2412,2026-07-29,True,-0.06809512838235676,0.0,2026,market,2025-12-31,0.5296574796394576
1684,2412,2026-07-29,2413,2026-07-30,True,0.01942147625195756,1.0,2026,market,2025-12-31,0.552910308523393
1685,2413,2026-07-30,2414,2026-07-31,True,0.02021018593371071,1.0,2026,market,2025-12-31,0.5356560485233229
1686,2414,2026-07-31,2415,2026-08-03,True,-0.09999999999999998,0.0,2026,market,2025-12-31,0.675714805012187
1687,2415,2026-08-03,2416,2026-08-04,True,0.044843575746903674,1.0,2026,market,2025-12-31,0.5843754684482083
1688,2416,2026-08-04,2417,2026-08-05,True,0.08263580697713624,1.0,2026,market,2025-12-31,0.5330249830874283
1689,2417,2026-08-05,2418,2026-08-06,True,-0.0011415525114154557,0.0,2026,market,2025-12-31,0.46588500845064773
1690,2418,2026-08-06,2419,2026-08-07,True,0.08324675324675312,1.0,2026,market,2025-12-31,0.41335510874027875
1691,2419,2026-08-07,2420,2026-08-10,True,-0.03361707229349009,0.0,2026,market,2025-12-31,0.434761051784835
1692,2420,2026-08-10,2421,2026-08-11,True,-0.0018360916060838894,0.0,2026,market,2025-12-31,0.46532250915735884
1693,2421,2026-08-11,2422,2026-08-12,True,0.02704516642223287,1.0,2026,market,2025-12-31,0.4410313735982163
1694,2422,2026-08-12,2423,2026-08-13,True,-0.020984098555074326,0.0,2026,market,2025-12-31,0.494498762707335
1695,2423,2026-08-13,2424,2026-08-14,True,0.03208899876390614,1.0,2026,market,2025-12-31,0.5431187483516086
1696,2424,2026-08-14,2425,2026-08-17,True,0.06352400114975576,1.0,2026,market,2025-12-31,0.5448018440777561
1697,2425,2026-08-17,2426,2026-08-18,True,-0.016351351351351462,0.0,2026,market,2025-12-31,0.4650785218508289
1698,2426,2026-08-18,2427,2026-08-19,True,-0.07562852040115409,0.0,2026,market,2025-12-31,0.49732624550567567
1699,2427,2026-08-19,2428,2026-08-20,True,-0.0005201753734115355,0.0,2026,market,2025-12-31,0.46559549163005776
1700,2428,2026-08-20,2429,2026-08-21,True,0.013779429987608394,1.0,2026,market,2025-12-31,0.51371510391834
1701,2429,2026-08-21,2430,2026-08-24,True,-0.06698283870336874,0.0,2026,market,2025-12-31,0.5012094526898727
1702,2430,2026-08-24,2431,2026-08-25,True,0.036288843473248455,1.0,2026,market,2025-12-31,0.5568922463092189
1703,2431,2026-08-25,2432,2026-08-26,True,-0.007610427043564072,0.0,2026,market,2025-12-31,0.4495117454089165
1704,2432,2026-08-26,2433,2026-08-27,True,0.04764331210191086,1.0,2026,market,2025-12-31,0.49955911819347365
1705,2433,2026-08-27,2434,2026-08-28,True,-0.034970817120622444,0.0,2026,market,2025-12-31,0.4711635847113694
1706,2434,2026-08-28,2435,2026-08-31,True,0.023133914621238594,1.0,2026,market,2025-12-31,0.49512420673670854
1707,2435,2026-08-31,2436,2026-09-01,True,-0.03201970443349733,0.0,2026,market,2025-12-31,0.4096434927209288
1708,2436,2026-09-01,2437,2026-09-02,True,-0.01053435114503809,0.0,2026,market,2025-12-31,0.5009948146759277
1709,2437,2026-09-02,2438,2026-09-03,True,-0.014555366970117833,0.0,2026,market,2025-12-31,0.4545346299975876
1710,2438,2026-09-03,2439,2026-09-04,True,-0.029540709812108545,0.0,2026,market,2025-12-31,0.5255012921096642
1711,2439,2026-09-04,2440,2026-09-07,True,0.03646337528234911,1.0,2026,market,2025-12-31,0.5328742605664456
1712,2440,2026-09-07,2441,2026-09-08,True,0.0013491075134910435,1.0,2026,market,2025-12-31,0.5255459593713656
1713,2441,2026-09-08,2442,2026-09-09,True,-0.010596953052129598,0.0,2026,market,2025-12-31,0.48499954629104686
1714,2442,2026-09-09,2443,2026-09-10,True,-0.003220991436876597,0.0,2026,market,2025-12-31,0.5024689011229551
1715,2443,2026-09-10,2444,2026-09-11,True,-0.024485077763766183,0.0,2026,market,2025-12-31,0.4665793389050516
1716,2444,2026-09-11,2445,2026-09-14,True,-0.03888829042335451,0.0,2026,market,2025-12-31,0.44813988621026585
1717,2445,2026-09-14,2446,2026-09-15,True,0.0174568482403048,1.0,2026,market,2025-12-31,0.4568405060161928
1718,2446,2026-09-15,2447,,False,,,2026,market,2025-12-31,0.47449671511643676
1548,2276,2026-01-05,2277,2026-01-06,True,0.06406992532247102,1.0,2026,sector,2025-12-31,0.49048794151290404
1549,2277,2026-01-06,2278,2026-01-07,True,0.04673418932929252,1.0,2026,sector,2025-12-31,0.45909664685635904
1550,2278,2026-01-07,2279,2026-01-08,True,-0.014285714285714235,0.0,2026,sector,2025-12-31,0.5438991568320177
1551,2279,2026-01-08,2280,2026-01-09,True,-0.03362318840579703,0.0,2026,sector,2025-12-31,0.43346480027218776
1552,2280,2026-01-09,2281,2026-01-12,True,0.047110577884422966,1.0,2026,sector,2025-12-31,0.44721035611579146
1553,2281,2026-01-12,2282,2026-01-13,True,0.0063781843180690245,1.0,2026,sector,2025-12-31,0.4875764459108206
1554,2282,2026-01-13,2283,2026-01-14,True,-0.03984819734345357,0.0,2026,sector,2025-12-31,0.5021432244660068
1555,2283,2026-01-14,2284,2026-01-15,True,0.007747035573122618,1.0,2026,sector,2025-12-31,0.5801955573194504
1556,2284,2026-01-15,2285,2026-01-16,True,0.10001568873548772,1.0,2026,sector,2025-12-31,0.47488316118089785
1557,2285,2026-01-16,2286,2026-01-19,True,0.028488911074663115,1.0,2026,sector,2025-12-31,0.45858994847821094
1558,2286,2026-01-19,2287,2026-01-20,True,0.01230715895302481,1.0,2026,sector,2025-12-31,0.4610254515692675
1559,2287,2026-01-20,2288,2026-01-21,True,0.0535958904109588,1.0,2026,sector,2025-12-31,0.42521626899858345
1560,2288,2026-01-21,2289,2026-01-22,True,-0.020087762067284243,0.0,2026,sector,2025-12-31,0.42926972260933405
1561,2289,2026-01-22,2290,2026-01-23,True,-0.0139980760938071,0.0,2026,sector,2025-12-31,0.5159943226687387
1562,2290,2026-01-23,2291,2026-01-26,True,-0.015643397813288273,0.0,2026,sector,2025-12-31,0.452567904034223
1563,2291,2026-01-26,2292,2026-01-27,True,0.050102529049897315,1.0,2026,sector,2025-12-31,0.5079970120711979
1564,2292,2026-01-27,2293,2026-01-28,True,0.053440083317060516,1.0,2026,sector,2025-12-31,0.44629380190578455
1565,2293,2026-01-28,2294,2026-01-29,True,-0.04998764211566997,0.0,2026,sector,2025-12-31,0.4924312538808426
1566,2294,2026-01-29,2295,2026-01-30,True,0.02400000000000002,1.0,2026,sector,2025-12-31,0.5303683676570883
1567,2295,2026-01-30,2296,2026-02-02,True,-0.10000635162601623,0.0,2026,sector,2025-12-31,0.49811105322496146
1568,2296,2026-02-02,2297,2026-02-03,True,0.03239352129574091,1.0,2026,sector,2025-12-31,0.5077492730343226
1569,2297,2026-02-03,2298,2026-02-04,True,-0.03500017089927199,0.0,2026,sector,2025-12-31,0.5614969240274696
1570,2298,2026-02-04,2299,2026-02-05,True,-0.0162575709276378,0.0,2026,sector,2025-12-31,0.5216704440018135
1571,2299,2026-02-05,2300,2026-02-06,True,-0.005652768776553629,0.0,2026,sector,2025-12-31,0.4675786841135539
1572,2300,2026-02-06,2301,2026-02-09,True,0.06086830575370228,1.0,2026,sector,2025-12-31,0.48923139255213577
1573,2301,2026-02-09,2302,2026-02-10,True,-0.010512662980408316,0.0,2026,sector,2025-12-31,0.5033576628569758
1574,2302,2026-02-10,2303,2026-02-11,True,-0.018316660917557792,0.0,2026,sector,2025-12-31,0.48343967576656277
1575,2303,2026-02-11,2304,2026-02-12,True,0.06553287185073287,1.0,2026,sector,2025-12-31,0.47091897722338244
1576,2304,2026-02-12,2305,2026-02-13,True,0.018005540166204925,1.0,2026,sector,2025-12-31,0.48098620640334355
1577,2305,2026-02-13,2306,2026-02-24,True,0.046485260770975145,1.0,2026,sector,2025-12-31,0.45012386204133153
1578,2306,2026-02-24,2307,2026-02-25,True,-0.03631016870453496,0.0,2026,sector,2025-12-31,0.4919611529291661
1579,2307,2026-02-25,2308,2026-02-26,True,-0.006167287678273237,0.0,2026,sector,2025-12-31,0.47656774628637005
1580,2308,2026-02-26,2309,2026-02-27,True,-0.030381383322559685,0.0,2026,sector,2025-12-31,0.5177682779728525
1581,2309,2026-02-27,2310,2026-03-02,True,-0.022833333333333372,0.0,2026,sector,2025-12-31,0.4981462609006475
1582,2310,2026-03-02,2311,2026-03-03,True,-0.06911137642844956,0.0,2026,sector,2025-12-31,0.48430933148428706
1583,2311,2026-03-03,2312,2026-03-04,True,0.02264648759573462,1.0,2026,sector,2025-12-31,0.5965610300773064
1584,2312,2026-03-04,2313,2026-03-05,True,0.013365822195148258,1.0,2026,sector,2025-12-31,0.5394584200117596
1585,2313,2026-03-05,2314,2026-03-06,True,0.007743988684582703,1.0,2026,sector,2025-12-31,0.5954796817029244
1586,2314,2026-03-06,2315,2026-03-09,True,-0.03122916593564684,0.0,2026,sector,2025-12-31,0.49886509042091554
1587,2315,2026-03-09,2316,2026-03-10,True,0.03386576840885236,1.0,2026,sector,2025-12-31,0.48094406677998064
1588,2316,2026-03-10,2317,2026-03-11,True,-0.013698150224215278,0.0,2026,sector,2025-12-31,0.5175476853498601
1589,2317,2026-03-11,2318,2026-03-12,True,-0.023976130430149567,0.0,2026,sector,2025-12-31,0.5192932366125382
1590,2318,2026-03-12,2319,2026-03-13,True,0.012919426450251237,1.0,2026,sector,2025-12-31,0.5061658819243373
1591,2319,2026-03-13,2320,2026-03-16,True,0.09998922142780153,1.0,2026,sector,2025-12-31,0.47400351801800694
1592,2320,2026-03-16,2321,2026-03-17,True,-0.03318526260778687,0.0,2026,sector,2025-12-31,0.45206605133234196
1593,2321,2026-03-17,2322,2026-03-18,True,0.051520270270270396,1.0,2026,sector,2025-12-31,0.5059259122340978
1594,2322,2026-03-18,2323,2026-03-19,True,-0.0243212851405622,0.0,2026,sector,2025-12-31,0.5003034148845943
1595,2323,2026-03-19,2324,2026-03-20,True,-0.044388830347734554,0.0,2026,sector,2025-12-31,0.41902139845268466
1596,2324,2026-03-20,2325,2026-03-23,True,-0.05806340454858705,0.0,2026,sector,2025-12-31,0.5195813923577481
1597,2325,2026-03-23,2326,2026-03-24,True,0.0013169928662883912,1.0,2026,sector,2025-12-31,0.49067076772581314
1598,2326,2026-03-24,2327,2026-03-25,True,0.01713492382448556,1.0,2026,sector,2025-12-31,0.5616708688379076
1599,2327,2026-03-25,2328,2026-03-26,True,-0.05890804597701149,0.0,2026,sector,2025-12-31,0.5432124828579086
1600,2328,2026-03-26,2329,2026-03-27,True,-0.012748091603053235,0.0,2026,sector,2025-12-31,0.5201457501809564
1601,2329,2026-03-27,2330,2026-03-30,True,-0.010863682053661394,0.0,2026,sector,2025-12-31,0.4659398395937466
1602,2330,2026-03-30,2331,2026-03-31,True,-0.06937658784444012,0.0,2026,sector,2025-12-31,0.4808734014201641
1603,2331,2026-03-31,2332,2026-04-01,True,0.07097858042839156,1.0,2026,sector,2025-12-31,0.5376391991864694
1604,2332,2026-04-01,2333,2026-04-02,True,-0.03141176470588225,0.0,2026,sector,2025-12-31,0.5873583293158239
1605,2333,2026-04-02,2334,2026-04-03,True,0.008542855986072295,1.0,2026,sector,2025-12-31,0.5512984462363869
1606,2334,2026-04-03,2335,2026-04-07,True,0.002248093135286844,1.0,2026,sector,2025-12-31,0.5369777555711716
1607,2335,2026-04-07,2336,2026-04-08,True,0.025234318673395872,1.0,2026,sector,2025-12-31,0.5417649512341964
1608,2336,2026-04-08,2337,2026-04-09,True,-0.021370526644788224,0.0,2026,sector,2025-12-31,0.5072250782242019
1609,2337,2026-04-09,2338,2026-04-10,True,0.05828575991057505,1.0,2026,sector,2025-12-31,0.5039675138498747
1610,2338,2026-04-10,2339,2026-04-13,True,-0.01112829605039789,0.0,2026,sector,2025-12-31,0.5129933387664264
1611,2339,2026-04-13,2340,2026-04-14,True,0.06816968032349124,1.0,2026,sector,2025-12-31,0.49567884252173955
1612,2340,2026-04-14,2341,2026-04-15,True,-0.021463519160029976,0.0,2026,sector,2025-12-31,0.5110319254187076
1613,2341,2026-04-15,2342,2026-04-16,True,0.04645985401459862,1.0,2026,sector,2025-12-31,0.5490513989698871
1614,2342,2026-04-16,2343,2026-04-17,True,0.00777735151536274,1.0,2026,sector,2025-12-31,0.4396584382403512
1615,2343,2026-04-17,2344,2026-04-20,True,0.005467884828350034,1.0,2026,sector,2025-12-31,0.49057281983576695
1616,2344,2026-04-20,2345,2026-04-21,True,0.054140565842913047,1.0,2026,sector,2025-12-31,0.5227584520040944
1617,2345,2026-04-21,2346,2026-04-22,True,0.025173866196493533,1.0,2026,sector,2025-12-31,0.46130955110910965
1618,2346,2026-04-22,2347,2026-04-23,True,-0.029237531052933363,0.0,2026,sector,2025-12-31,0.44616213864818016
1619,2347,2026-04-23,2348,2026-04-24,True,-0.02329396325459332,0.0,2026,sector,2025-12-31,0.5709222517166445
1620,2348,2026-04-24,2349,2026-04-27,True,0.019213973799126816,1.0,2026,sector,2025-12-31,0.5083083177773756
1621,2349,2026-04-27,2350,2026-04-28,True,0.013446707534110924,1.0,2026,sector,2025-12-31,0.5149957176310189
1622,2350,2026-04-28,2351,2026-04-29,True,0.0045203252032519625,1.0,2026,sector,2025-12-31,0.508994537740815
1623,2351,2026-04-29,2352,2026-04-30,True,0.013273333549159938,1.0,2026,sector,2025-12-31,0.46454374375172697
1624,2352,2026-04-30,2353,2026-05-06,True,0.10000319499025534,1.0,2026,sector,2025-12-31,0.5449244126723627
1625,2353,2026-05-06,2354,2026-05-07,True,0.017049580295680933,1.0,2026,sector,2025-12-31,0.4998397623437928
1626,2354,2026-05-07,2355,2026-05-08,True,-0.045864747543979845,0.0,2026,sector,2025-12-31,0.47319163626012034
1627,2355,2026-05-08,2356,2026-05-11,True,0.08389703681532468,1.0,2026,sector,2025-12-31,0.4626276509389984
1628,2356,2026-05-11,2357,2026-05-12,True,-0.023693148869190606,0.0,2026,sector,2025-12-31,0.49781126462712477
1629,2357,2026-05-12,2358,2026-05-13,True,0.03238580115966627,1.0,2026,sector,2025-12-31,0.4800724976537088
1630,2358,2026-05-13,2359,2026-05-14,True,-0.024136986301369845,0.0,2026,sector,2025-12-31,0.43394117789049486
1631,2359,2026-05-14,2360,2026-05-15,True,0.053763440860215006,1.0,2026,sector,2025-12-31,0.5120357916991132
1632,2360,2026-05-15,2361,2026-05-18,True,0.06570043160867489,1.0,2026,sector,2025-12-31,0.42897102897999684
1633,2361,2026-05-18,2362,2026-05-19,True,0.011400000000000077,1.0,2026,sector,2025-12-31,0.5654554815733898
1634,2362,2026-05-19,2363,2026-05-20,True,0.1000098872849513,1.0,2026,sector,2025-12-31,0.42241614659535653
1635,2363,2026-05-20,2364,2026-05-21,True,-0.0294818210417509,0.0,2026,sector,2025-12-31,0.4283218651897166
1636,2364,2026-05-21,2365,2026-05-22,True,0.08529752257467016,1.0,2026,sector,2025-12-31,0.46020666336613547
1637,2365,2026-05-22,2366,2026-05-25,True,0.09997013269616417,1.0,2026,sector,2025-12-31,0.4778014594362943
1638,2366,2026-05-25,2367,2026-05-26,True,0.02205197827773464,1.0,2026,sector,2025-12-31,0.45006881559059053
1639,2367,2026-05-26,2368,2026-05-27,True,-0.0228801641898827,0.0,2026,sector,2025-12-31,0.4211121697523634
1640,2368,2026-05-27,2369,2026-05-28,True,-0.060640242716558435,0.0,2026,sector,2025-12-31,0.5123183326478569
1641,2369,2026-05-28,2370,2026-05-29,True,-0.03310559006211178,0.0,2026,sector,2025-12-31,0.44648013878100185
1642,2370,2026-05-29,2371,2026-06-01,True,0.002119868953555759,1.0,2026,sector,2025-12-31,0.5536361192769211
1643,2371,2026-06-01,2372,2026-06-02,True,0.014294871794871877,1.0,2026,sector,2025-12-31,0.5578015915276127
1644,2372,2026-06-02,2373,2026-06-03,True,0.0369504308074744,1.0,2026,sector,2025-12-31,0.5291731005723412
1645,2373,2026-06-03,2374,2026-06-04,True,0.07533063811632745,1.0,2026,sector,2025-12-31,0.5136185115384838
1646,2374,2026-06-04,2375,2026-06-05,True,-0.07804500198371456,0.0,2026,sector,2025-12-31,0.4119090668136705
1647,2375,2026-06-05,2376,2026-06-08,True,-0.028668032786885345,0.0,2026,sector,2025-12-31,0.45079780297462996
1648,2376,2026-06-08,2377,2026-06-09,True,0.0558848969431025,1.0,2026,sector,2025-12-31,0.403673915482071
1649,2377,2026-06-09,2378,2026-06-10,True,-0.0392807192807193,0.0,2026,sector,2025-12-31,0.5168462751249719
1650,2378,2026-06-10,2379,2026-06-11,True,0.005531985691706209,1.0,2026,sector,2025-12-31,0.47340571705352885
1651,2379,2026-06-11,2380,2026-06-12,True,-0.004198552223371288,0.0,2026,sector,2025-12-31,0.5121729106603448
1652,2380,2026-06-12,2381,2026-06-15,True,0.07587180925083592,1.0,2026,sector,2025-12-31,0.5711931846199074
1653,2381,2026-06-15,2382,2026-06-16,True,0.028494208494208584,1.0,2026,sector,2025-12-31,0.4877969002603331
1654,2382,2026-06-16,2383,2026-06-17,True,0.10000750807117642,1.0,2026,sector,2025-12-31,0.4843219022120079
1655,2383,2026-06-17,2384,2026-06-18,True,0.07330557641116653,1.0,2026,sector,2025-12-31,0.4055262078699126
1656,2384,2026-06-18,2385,2026-06-22,True,0.09650238473767891,1.0,2026,sector,2025-12-31,0.428145430496651
1657,2385,2026-06-22,2386,2026-06-23,True,-0.07062490938089017,0.0,2026,sector,2025-12-31,0.429350700255516
1658,2386,2026-06-23,2387,2026-06-24,True,0.10000156008674077,1.0,2026,sector,2025-12-31,0.4547655768243725
1659,2387,2026-06-24,2388,2026-06-25,True,0.09944829738047622,1.0,2026,sector,2025-12-31,0.41880760360405356
1660,2388,2026-06-25,2389,2026-06-26,True,-0.00672075953612572,0.0,2026,sector,2025-12-31,0.4743507952152253
1661,2389,2026-06-26,2390,2026-06-29,True,0.09090909090909083,1.0,2026,sector,2025-12-31,0.383841247283368
1662,2390,2026-06-29,2391,2026-06-30,True,-0.029761904761904767,0.0,2026,sector,2025-12-31,0.41310887702095994
1663,2391,2026-06-30,2392,2026-07-01,True,-0.052748466257668825,0.0,2026,sector,2025-12-31,0.40304038863273856
1664,2392,2026-07-01,2393,2026-07-02,True,-0.09999870467999128,0.0,2026,sector,2025-12-31,0.48383631431758595
1665,2393,2026-07-02,2394,2026-07-03,True,-0.024524690203077015,0.0,2026,sector,2025-12-31,0.5201684153125427
1666,2394,2026-07-03,2395,2026-07-06,True,-0.034643020493677845,0.0,2026,sector,2025-12-31,0.5256194387663934
1667,2395,2026-07-06,2396,2026-07-07,True,-0.0524079536596922,0.0,2026,sector,2025-12-31,0.6255943010312117
1668,2396,2026-07-07,2397,2026-07-08,True,-0.027145161290322628,0.0,2026,sector,2025-12-31,0.544474591670194
1669,2397,2026-07-08,2398,2026-07-09,True,0.10000497372216799,1.0,2026,sector,2025-12-31,0.6300204019359826
1670,2398,2026-07-09,2399,2026-07-10,True,-0.07760478680914562,0.0,2026,sector,2025-12-31,0.5954753468586838
1671,2399,2026-07-10,2400,2026-07-13,True,-0.10000000000000009,0.0,2026,sector,2025-12-31,0.6203037676178392
1672,2400,2026-07-13,2401,2026-07-14,True,0.060257806826434335,1.0,2026,sector,2025-12-31,0.5921152825866391
1673,2401,2026-07-14,2402,2026-07-15,True,-0.020890768677545912,0.0,2026,sector,2025-12-31,0.5416148733688023
1674,2402,2026-07-15,2403,2026-07-16,True,-0.10000174889382452,0.0,2026,sector,2025-12-31,0.608402475165662
1675,2403,2026-07-16,2404,2026-07-17,True,-0.09999805678086315,0.0,2026,sector,2025-12-31,0.5852537106916834
1676,2404,2026-07-17,2405,2026-07-20,True,-0.06660908992766923,0.0,2026,sector,2025-12-31,0.6063528643951551
1677,2405,2026-07-20,2406,2026-07-21,True,0.10000000000000009,1.0,2026,sector,2025-12-31,0.6413248737981715
1678,2406,2026-07-21,2407,2026-07-22,True,-0.01162912960275908,0.0,2026,sector,2025-12-31,0.6176736273900223
1679,2407,2026-07-22,2408,2026-07-23,True,-0.038382978723404126,0.0,2026,sector,2025-12-31,0.6295386510255144
1680,2408,2026-07-23,2409,2026-07-24,True,0.011151429330028995,1.0,2026,sector,2025-12-31,0.6486570811523807
1681,2409,2026-07-24,2410,2026-07-27,True,-0.05026258205689271,0.0,2026,sector,2025-12-31,0.5343686039388558
1682,2410,2026-07-27,2411,2026-07-28,True,-0.09999308803538931,0.0,2026,sector,2025-12-31,0.5560806693714163
1683,2411,2026-07-28,2412,2026-07-29,True,-0.06809512838235676,0.0,2026,sector,2025-12-31,0.5618098456958324
1684,2412,2026-07-29,2413,2026-07-30,True,0.01942147625195756,1.0,2026,sector,2025-12-31,0.5733816640002795
1685,2413,2026-07-30,2414,2026-07-31,True,0.02021018593371071,1.0,2026,sector,2025-12-31,0.5531117830157379
1686,2414,2026-07-31,2415,2026-08-03,True,-0.09999999999999998,0.0,2026,sector,2025-12-31,0.7093379644842337
1687,2415,2026-08-03,2416,2026-08-04,True,0.044843575746903674,1.0,2026,sector,2025-12-31,0.6010659299413791
1688,2416,2026-08-04,2417,2026-08-05,True,0.08263580697713624,1.0,2026,sector,2025-12-31,0.5619440596546122
1689,2417,2026-08-05,2418,2026-08-06,True,-0.0011415525114154557,0.0,2026,sector,2025-12-31,0.500338551791022
1690,2418,2026-08-06,2419,2026-08-07,True,0.08324675324675312,1.0,2026,sector,2025-12-31,0.43695427647074303
1691,2419,2026-08-07,2420,2026-08-10,True,-0.03361707229349009,0.0,2026,sector,2025-12-31,0.4601609101395197
1692,2420,2026-08-10,2421,2026-08-11,True,-0.0018360916060838894,0.0,2026,sector,2025-12-31,0.482181689112384
1693,2421,2026-08-11,2422,2026-08-12,True,0.02704516642223287,1.0,2026,sector,2025-12-31,0.4566089153290377
1694,2422,2026-08-12,2423,2026-08-13,True,-0.020984098555074326,0.0,2026,sector,2025-12-31,0.5213809682481785
1695,2423,2026-08-13,2424,2026-08-14,True,0.03208899876390614,1.0,2026,sector,2025-12-31,0.5658650249309735
1696,2424,2026-08-14,2425,2026-08-17,True,0.06352400114975576,1.0,2026,sector,2025-12-31,0.5597492866408584
1697,2425,2026-08-17,2426,2026-08-18,True,-0.016351351351351462,0.0,2026,sector,2025-12-31,0.4825556374383416
1698,2426,2026-08-18,2427,2026-08-19,True,-0.07562852040115409,0.0,2026,sector,2025-12-31,0.5052746663633285
1699,2427,2026-08-19,2428,2026-08-20,True,-0.0005201753734115355,0.0,2026,sector,2025-12-31,0.4712118306702689
1700,2428,2026-08-20,2429,2026-08-21,True,0.013779429987608394,1.0,2026,sector,2025-12-31,0.5270637059193903
1701,2429,2026-08-21,2430,2026-08-24,True,-0.06698283870336874,0.0,2026,sector,2025-12-31,0.510534657795408
1702,2430,2026-08-24,2431,2026-08-25,True,0.036288843473248455,1.0,2026,sector,2025-12-31,0.560720567734099
1703,2431,2026-08-25,2432,2026-08-26,True,-0.007610427043564072,0.0,2026,sector,2025-12-31,0.4419136538729785
1704,2432,2026-08-26,2433,2026-08-27,True,0.04764331210191086,1.0,2026,sector,2025-12-31,0.5074537456591285
1705,2433,2026-08-27,2434,2026-08-28,True,-0.034970817120622444,0.0,2026,sector,2025-12-31,0.49536036065069494
1706,2434,2026-08-28,2435,2026-08-31,True,0.023133914621238594,1.0,2026,sector,2025-12-31,0.504568764438457
1707,2435,2026-08-31,2436,2026-09-01,True,-0.03201970443349733,0.0,2026,sector,2025-12-31,0.4180196354833735
1708,2436,2026-09-01,2437,2026-09-02,True,-0.01053435114503809,0.0,2026,sector,2025-12-31,0.4990763915123657
1709,2437,2026-09-02,2438,2026-09-03,True,-0.014555366970117833,0.0,2026,sector,2025-12-31,0.4577977610334718
1710,2438,2026-09-03,2439,2026-09-04,True,-0.029540709812108545,0.0,2026,sector,2025-12-31,0.5253997707550084
1711,2439,2026-09-04,2440,2026-09-07,True,0.03646337528234911,1.0,2026,sector,2025-12-31,0.5274859985241062
1712,2440,2026-09-07,2441,2026-09-08,True,0.0013491075134910435,1.0,2026,sector,2025-12-31,0.5345418740585748
1713,2441,2026-09-08,2442,2026-09-09,True,-0.010596953052129598,0.0,2026,sector,2025-12-31,0.49107145860095985
1714,2442,2026-09-09,2443,2026-09-10,True,-0.003220991436876597,0.0,2026,sector,2025-12-31,0.5067171416270906
1715,2443,2026-09-10,2444,2026-09-11,True,-0.024485077763766183,0.0,2026,sector,2025-12-31,0.472799114022745
1716,2444,2026-09-11,2445,2026-09-14,True,-0.03888829042335451,0.0,2026,sector,2025-12-31,0.45107592670563473
1717,2445,2026-09-14,2446,2026-09-15,True,0.0174568482403048,1.0,2026,sector,2025-12-31,0.4570082873131707
1718,2446,2026-09-15,2447,,False,,,2026,sector,2025-12-31,0.48463146373750754
1548,2276,2026-01-05,2277,2026-01-06,True,0.06406992532247102,1.0,2026,both,2025-12-31,0.5017250368873428
1549,2277,2026-01-06,2278,2026-01-07,True,0.04673418932929252,1.0,2026,both,2025-12-31,0.4759875590279799
1550,2278,2026-01-07,2279,2026-01-08,True,-0.014285714285714235,0.0,2026,both,2025-12-31,0.5509757489648155
1551,2279,2026-01-08,2280,2026-01-09,True,-0.03362318840579703,0.0,2026,both,2025-12-31,0.4376987279774651
1552,2280,2026-01-09,2281,2026-01-12,True,0.047110577884422966,1.0,2026,both,2025-12-31,0.45341478170125765
1553,2281,2026-01-12,2282,2026-01-13,True,0.0063781843180690245,1.0,2026,both,2025-12-31,0.49062335322530914
1554,2282,2026-01-13,2283,2026-01-14,True,-0.03984819734345357,0.0,2026,both,2025-12-31,0.5177878956716016
1555,2283,2026-01-14,2284,2026-01-15,True,0.007747035573122618,1.0,2026,both,2025-12-31,0.5883575170088797
1556,2284,2026-01-15,2285,2026-01-16,True,0.10001568873548772,1.0,2026,both,2025-12-31,0.4877566103707851
1557,2285,2026-01-16,2286,2026-01-19,True,0.028488911074663115,1.0,2026,both,2025-12-31,0.45630528067896914
1558,2286,2026-01-19,2287,2026-01-20,True,0.01230715895302481,1.0,2026,both,2025-12-31,0.4617972837456097
1559,2287,2026-01-20,2288,2026-01-21,True,0.0535958904109588,1.0,2026,both,2025-12-31,0.4273511612596193
1560,2288,2026-01-21,2289,2026-01-22,True,-0.020087762067284243,0.0,2026,both,2025-12-31,0.4155484231190864
1561,2289,2026-01-22,2290,2026-01-23,True,-0.0139980760938071,0.0,2026,both,2025-12-31,0.506088480153188
1562,2290,2026-01-23,2291,2026-01-26,True,-0.015643397813288273,0.0,2026,both,2025-12-31,0.44284454550128405
1563,2291,2026-01-26,2292,2026-01-27,True,0.050102529049897315,1.0,2026,both,2025-12-31,0.5042838116784477
1564,2292,2026-01-27,2293,2026-01-28,True,0.053440083317060516,1.0,2026,both,2025-12-31,0.4382404982148586
1565,2293,2026-01-28,2294,2026-01-29,True,-0.04998764211566997,0.0,2026,both,2025-12-31,0.47735160168449714
1566,2294,2026-01-29,2295,2026-01-30,True,0.02400000000000002,1.0,2026,both,2025-12-31,0.539293966157345
1567,2295,2026-01-30,2296,2026-02-02,True,-0.10000635162601623,0.0,2026,both,2025-12-31,0.48468129417779504
1568,2296,2026-02-02,2297,2026-02-03,True,0.03239352129574091,1.0,2026,both,2025-12-31,0.5049112190176384
1569,2297,2026-02-03,2298,2026-02-04,True,-0.03500017089927199,0.0,2026,both,2025-12-31,0.5582102992459044
1570,2298,2026-02-04,2299,2026-02-05,True,-0.0162575709276378,0.0,2026,both,2025-12-31,0.534993003849274
1571,2299,2026-02-05,2300,2026-02-06,True,-0.005652768776553629,0.0,2026,both,2025-12-31,0.4797034729415621
1572,2300,2026-02-06,2301,2026-02-09,True,0.06086830575370228,1.0,2026,both,2025-12-31,0.49743881256347955
1573,2301,2026-02-09,2302,2026-02-10,True,-0.010512662980408316,0.0,2026,both,2025-12-31,0.5018380709884974
1574,2302,2026-02-10,2303,2026-02-11,True,-0.018316660917557792,0.0,2026,both,2025-12-31,0.4887084318637037
1575,2303,2026-02-11,2304,2026-02-12,True,0.06553287185073287,1.0,2026,both,2025-12-31,0.47990945081323544
1576,2304,2026-02-12,2305,2026-02-13,True,0.018005540166204925,1.0,2026,both,2025-12-31,0.4825114542222892
1577,2305,2026-02-13,2306,2026-02-24,True,0.046485260770975145,1.0,2026,both,2025-12-31,0.43699344873990237
1578,2306,2026-02-24,2307,2026-02-25,True,-0.03631016870453496,0.0,2026,both,2025-12-31,0.4839386078715018
1579,2307,2026-02-25,2308,2026-02-26,True,-0.006167287678273237,0.0,2026,both,2025-12-31,0.4848043278462735
1580,2308,2026-02-26,2309,2026-02-27,True,-0.030381383322559685,0.0,2026,both,2025-12-31,0.5166570684040638
1581,2309,2026-02-27,2310,2026-03-02,True,-0.022833333333333372,0.0,2026,both,2025-12-31,0.5016876204235114
1582,2310,2026-03-02,2311,2026-03-03,True,-0.06911137642844956,0.0,2026,both,2025-12-31,0.4978178318071619
1583,2311,2026-03-03,2312,2026-03-04,True,0.02264648759573462,1.0,2026,both,2025-12-31,0.609935788465982
1584,2312,2026-03-04,2313,2026-03-05,True,0.013365822195148258,1.0,2026,both,2025-12-31,0.5434817618960717
1585,2313,2026-03-05,2314,2026-03-06,True,0.007743988684582703,1.0,2026,both,2025-12-31,0.5962742131910593
1586,2314,2026-03-06,2315,2026-03-09,True,-0.03122916593564684,0.0,2026,both,2025-12-31,0.5054167334441904
1587,2315,2026-03-09,2316,2026-03-10,True,0.03386576840885236,1.0,2026,both,2025-12-31,0.48876587056063603
1588,2316,2026-03-10,2317,2026-03-11,True,-0.013698150224215278,0.0,2026,both,2025-12-31,0.5179769787239388
1589,2317,2026-03-11,2318,2026-03-12,True,-0.023976130430149567,0.0,2026,both,2025-12-31,0.5236240601463586
1590,2318,2026-03-12,2319,2026-03-13,True,0.012919426450251237,1.0,2026,both,2025-12-31,0.5107147712962631
1591,2319,2026-03-13,2320,2026-03-16,True,0.09998922142780153,1.0,2026,both,2025-12-31,0.4799772036172584
1592,2320,2026-03-16,2321,2026-03-17,True,-0.03318526260778687,0.0,2026,both,2025-12-31,0.44924217203211114
1593,2321,2026-03-17,2322,2026-03-18,True,0.051520270270270396,1.0,2026,both,2025-12-31,0.5101315955666575
1594,2322,2026-03-18,2323,2026-03-19,True,-0.0243212851405622,0.0,2026,both,2025-12-31,0.49530965542580146
1595,2323,2026-03-19,2324,2026-03-20,True,-0.044388830347734554,0.0,2026,both,2025-12-31,0.41286945167824735
1596,2324,2026-03-20,2325,2026-03-23,True,-0.05806340454858705,0.0,2026,both,2025-12-31,0.5175588040559513
1597,2325,2026-03-23,2326,2026-03-24,True,0.0013169928662883912,1.0,2026,both,2025-12-31,0.47654311113123615
1598,2326,2026-03-24,2327,2026-03-25,True,0.01713492382448556,1.0,2026,both,2025-12-31,0.5526885578779845
1599,2327,2026-03-25,2328,2026-03-26,True,-0.05890804597701149,0.0,2026,both,2025-12-31,0.5371556224310077
1600,2328,2026-03-26,2329,2026-03-27,True,-0.012748091603053235,0.0,2026,both,2025-12-31,0.5143884707487653
1601,2329,2026-03-27,2330,2026-03-30,True,-0.010863682053661394,0.0,2026,both,2025-12-31,0.4647544203304469
1602,2330,2026-03-30,2331,2026-03-31,True,-0.06937658784444012,0.0,2026,both,2025-12-31,0.4769883236276473
1603,2331,2026-03-31,2332,2026-04-01,True,0.07097858042839156,1.0,2026,both,2025-12-31,0.5353542649061329
1604,2332,2026-04-01,2333,2026-04-02,True,-0.03141176470588225,0.0,2026,both,2025-12-31,0.581174415425234
1605,2333,2026-04-02,2334,2026-04-03,True,0.008542855986072295,1.0,2026,both,2025-12-31,0.5475832031057875
1606,2334,2026-04-03,2335,2026-04-07,True,0.002248093135286844,1.0,2026,both,2025-12-31,0.525880763715898
1607,2335,2026-04-07,2336,2026-04-08,True,0.025234318673395872,1.0,2026,both,2025-12-31,0.5289674950276716
1608,2336,2026-04-08,2337,2026-04-09,True,-0.021370526644788224,0.0,2026,both,2025-12-31,0.500451543917083
1609,2337,2026-04-09,2338,2026-04-10,True,0.05828575991057505,1.0,2026,both,2025-12-31,0.49603701296829594
1610,2338,2026-04-10,2339,2026-04-13,True,-0.01112829605039789,0.0,2026,both,2025-12-31,0.5089855068113465
1611,2339,2026-04-13,2340,2026-04-14,True,0.06816968032349124,1.0,2026,both,2025-12-31,0.49972272896696496
1612,2340,2026-04-14,2341,2026-04-15,True,-0.021463519160029976,0.0,2026,both,2025-12-31,0.5088761802323486
1613,2341,2026-04-15,2342,2026-04-16,True,0.04645985401459862,1.0,2026,both,2025-12-31,0.5463111621022189
1614,2342,2026-04-16,2343,2026-04-17,True,0.00777735151536274,1.0,2026,both,2025-12-31,0.44237989270087635
1615,2343,2026-04-17,2344,2026-04-20,True,0.005467884828350034,1.0,2026,both,2025-12-31,0.4926585383550872
1616,2344,2026-04-20,2345,2026-04-21,True,0.054140565842913047,1.0,2026,both,2025-12-31,0.5227952861511483
1617,2345,2026-04-21,2346,2026-04-22,True,0.025173866196493533,1.0,2026,both,2025-12-31,0.4777504224140137
1618,2346,2026-04-22,2347,2026-04-23,True,-0.029237531052933363,0.0,2026,both,2025-12-31,0.45947518194515063
1619,2347,2026-04-23,2348,2026-04-24,True,-0.02329396325459332,0.0,2026,both,2025-12-31,0.5835508401464328
1620,2348,2026-04-24,2349,2026-04-27,True,0.019213973799126816,1.0,2026,both,2025-12-31,0.5277683501126962
1621,2349,2026-04-27,2350,2026-04-28,True,0.013446707534110924,1.0,2026,both,2025-12-31,0.5251008517820843
1622,2350,2026-04-28,2351,2026-04-29,True,0.0045203252032519625,1.0,2026,both,2025-12-31,0.5255930084739076
1623,2351,2026-04-29,2352,2026-04-30,True,0.013273333549159938,1.0,2026,both,2025-12-31,0.4846600655149483
1624,2352,2026-04-30,2353,2026-05-06,True,0.10000319499025534,1.0,2026,both,2025-12-31,0.5485869819497929
1625,2353,2026-05-06,2354,2026-05-07,True,0.017049580295680933,1.0,2026,both,2025-12-31,0.5045447882890157
1626,2354,2026-05-07,2355,2026-05-08,True,-0.045864747543979845,0.0,2026,both,2025-12-31,0.4728482455029699
1627,2355,2026-05-08,2356,2026-05-11,True,0.08389703681532468,1.0,2026,both,2025-12-31,0.4804434283120812
1628,2356,2026-05-11,2357,2026-05-12,True,-0.023693148869190606,0.0,2026,both,2025-12-31,0.5119607259345067
1629,2357,2026-05-12,2358,2026-05-13,True,0.03238580115966627,1.0,2026,both,2025-12-31,0.496627344383391
1630,2358,2026-05-13,2359,2026-05-14,True,-0.024136986301369845,0.0,2026,both,2025-12-31,0.451465723849648
1631,2359,2026-05-14,2360,2026-05-15,True,0.053763440860215006,1.0,2026,both,2025-12-31,0.5199233110852235
1632,2360,2026-05-15,2361,2026-05-18,True,0.06570043160867489,1.0,2026,both,2025-12-31,0.4291373284607406
1633,2361,2026-05-18,2362,2026-05-19,True,0.011400000000000077,1.0,2026,both,2025-12-31,0.5505321852753557
1634,2362,2026-05-19,2363,2026-05-20,True,0.1000098872849513,1.0,2026,both,2025-12-31,0.4128554350798116
1635,2363,2026-05-20,2364,2026-05-21,True,-0.0294818210417509,0.0,2026,both,2025-12-31,0.40734175634528147
1636,2364,2026-05-21,2365,2026-05-22,True,0.08529752257467016,1.0,2026,both,2025-12-31,0.4427697963732471
1637,2365,2026-05-22,2366,2026-05-25,True,0.09997013269616417,1.0,2026,both,2025-12-31,0.46591793873739334
1638,2366,2026-05-25,2367,2026-05-26,True,0.02205197827773464,1.0,2026,both,2025-12-31,0.435845239730968
1639,2367,2026-05-26,2368,2026-05-27,True,-0.0228801641898827,0.0,2026,both,2025-12-31,0.4107929430352373
1640,2368,2026-05-27,2369,2026-05-28,True,-0.060640242716558435,0.0,2026,both,2025-12-31,0.4988745043975406
1641,2369,2026-05-28,2370,2026-05-29,True,-0.03310559006211178,0.0,2026,both,2025-12-31,0.44270958559006923
1642,2370,2026-05-29,2371,2026-06-01,True,0.002119868953555759,1.0,2026,both,2025-12-31,0.5551308903994563
1643,2371,2026-06-01,2372,2026-06-02,True,0.014294871794871877,1.0,2026,both,2025-12-31,0.5640744643643913
1644,2372,2026-06-02,2373,2026-06-03,True,0.0369504308074744,1.0,2026,both,2025-12-31,0.5438220483908666
1645,2373,2026-06-03,2374,2026-06-04,True,0.07533063811632745,1.0,2026,both,2025-12-31,0.519472723926591
1646,2374,2026-06-04,2375,2026-06-05,True,-0.07804500198371456,0.0,2026,both,2025-12-31,0.40822714032336604
1647,2375,2026-06-05,2376,2026-06-08,True,-0.028668032786885345,0.0,2026,both,2025-12-31,0.4522171145272218
1648,2376,2026-06-08,2377,2026-06-09,True,0.0558848969431025,1.0,2026,both,2025-12-31,0.3989444510125063
1649,2377,2026-06-09,2378,2026-06-10,True,-0.0392807192807193,0.0,2026,both,2025-12-31,0.4990511673659261
1650,2378,2026-06-10,2379,2026-06-11,True,0.005531985691706209,1.0,2026,both,2025-12-31,0.4617512699417597
1651,2379,2026-06-11,2380,2026-06-12,True,-0.004198552223371288,0.0,2026,both,2025-12-31,0.4988102700664449
1652,2380,2026-06-12,2381,2026-06-15,True,0.07587180925083592,1.0,2026,both,2025-12-31,0.5645795689186428
1653,2381,2026-06-15,2382,2026-06-16,True,0.028494208494208584,1.0,2026,both,2025-12-31,0.4800981438883167
1654,2382,2026-06-16,2383,2026-06-17,True,0.10000750807117642,1.0,2026,both,2025-12-31,0.47498519012385715
1655,2383,2026-06-17,2384,2026-06-18,True,0.07330557641116653,1.0,2026,both,2025-12-31,0.39738371708987064
1656,2384,2026-06-18,2385,2026-06-22,True,0.09650238473767891,1.0,2026,both,2025-12-31,0.4132659230235697
1657,2385,2026-06-22,2386,2026-06-23,True,-0.07062490938089017,0.0,2026,both,2025-12-31,0.4381196247219992
1658,2386,2026-06-23,2387,2026-06-24,True,0.10000156008674077,1.0,2026,both,2025-12-31,0.4367130872217645
1659,2387,2026-06-24,2388,2026-06-25,True,0.09944829738047622,1.0,2026,both,2025-12-31,0.39959204563097883
1660,2388,2026-06-25,2389,2026-06-26,True,-0.00672075953612572,0.0,2026,both,2025-12-31,0.463686573783206
1661,2389,2026-06-26,2390,2026-06-29,True,0.09090909090909083,1.0,2026,both,2025-12-31,0.3565515550210588
1662,2390,2026-06-29,2391,2026-06-30,True,-0.029761904761904767,0.0,2026,both,2025-12-31,0.38765952713861584
1663,2391,2026-06-30,2392,2026-07-01,True,-0.052748466257668825,0.0,2026,both,2025-12-31,0.38857515876399895
1664,2392,2026-07-01,2393,2026-07-02,True,-0.09999870467999128,0.0,2026,both,2025-12-31,0.46413304187486737
1665,2393,2026-07-02,2394,2026-07-03,True,-0.024524690203077015,0.0,2026,both,2025-12-31,0.49947448032007413
1666,2394,2026-07-03,2395,2026-07-06,True,-0.034643020493677845,0.0,2026,both,2025-12-31,0.5159247729570693
1667,2395,2026-07-06,2396,2026-07-07,True,-0.0524079536596922,0.0,2026,both,2025-12-31,0.6081295398998442
1668,2396,2026-07-07,2397,2026-07-08,True,-0.027145161290322628,0.0,2026,both,2025-12-31,0.5184849732396078
1669,2397,2026-07-08,2398,2026-07-09,True,0.10000497372216799,1.0,2026,both,2025-12-31,0.6013376444860671
1670,2398,2026-07-09,2399,2026-07-10,True,-0.07760478680914562,0.0,2026,both,2025-12-31,0.5630579366460803
1671,2399,2026-07-10,2400,2026-07-13,True,-0.10000000000000009,0.0,2026,both,2025-12-31,0.5886849895421629
1672,2400,2026-07-13,2401,2026-07-14,True,0.060257806826434335,1.0,2026,both,2025-12-31,0.5671595820599502
1673,2401,2026-07-14,2402,2026-07-15,True,-0.020890768677545912,0.0,2026,both,2025-12-31,0.5198005305081602
1674,2402,2026-07-15,2403,2026-07-16,True,-0.10000174889382452,0.0,2026,both,2025-12-31,0.5877519959586758
1675,2403,2026-07-16,2404,2026-07-17,True,-0.09999805678086315,0.0,2026,both,2025-12-31,0.5725664851092656
1676,2404,2026-07-17,2405,2026-07-20,True,-0.06660908992766923,0.0,2026,both,2025-12-31,0.5839941376460148
1677,2405,2026-07-20,2406,2026-07-21,True,0.10000000000000009,1.0,2026,both,2025-12-31,0.628887299126943
1678,2406,2026-07-21,2407,2026-07-22,True,-0.01162912960275908,0.0,2026,both,2025-12-31,0.6088447920727982
1679,2407,2026-07-22,2408,2026-07-23,True,-0.038382978723404126,0.0,2026,both,2025-12-31,0.6203999595261376
1680,2408,2026-07-23,2409,2026-07-24,True,0.011151429330028995,1.0,2026,both,2025-12-31,0.6474654442182607
1681,2409,2026-07-24,2410,2026-07-27,True,-0.05026258205689271,0.0,2026,both,2025-12-31,0.5266239875169155
1682,2410,2026-07-27,2411,2026-07-28,True,-0.09999308803538931,0.0,2026,both,2025-12-31,0.5572746676075854
1683,2411,2026-07-28,2412,2026-07-29,True,-0.06809512838235676,0.0,2026,both,2025-12-31,0.5595726626271729
1684,2412,2026-07-29,2413,2026-07-30,True,0.01942147625195756,1.0,2026,both,2025-12-31,0.5827684568058437
1685,2413,2026-07-30,2414,2026-07-31,True,0.02021018593371071,1.0,2026,both,2025-12-31,0.5615157890814246
1686,2414,2026-07-31,2415,2026-08-03,True,-0.09999999999999998,0.0,2026,both,2025-12-31,0.7082507403432774
1687,2415,2026-08-03,2416,2026-08-04,True,0.044843575746903674,1.0,2026,both,2025-12-31,0.6130355347477857
1688,2416,2026-08-04,2417,2026-08-05,True,0.08263580697713624,1.0,2026,both,2025-12-31,0.567302057835486
1689,2417,2026-08-05,2418,2026-08-06,True,-0.0011415525114154557,0.0,2026,both,2025-12-31,0.4999882358540653
1690,2418,2026-08-06,2419,2026-08-07,True,0.08324675324675312,1.0,2026,both,2025-12-31,0.4405572108866386
1691,2419,2026-08-07,2420,2026-08-10,True,-0.03361707229349009,0.0,2026,both,2025-12-31,0.46298082100257193
1692,2420,2026-08-10,2421,2026-08-11,True,-0.0018360916060838894,0.0,2026,both,2025-12-31,0.488635487094635
1693,2421,2026-08-11,2422,2026-08-12,True,0.02704516642223287,1.0,2026,both,2025-12-31,0.4693862265356306
1694,2422,2026-08-12,2423,2026-08-13,True,-0.020984098555074326,0.0,2026,both,2025-12-31,0.5330940257956449
1695,2423,2026-08-13,2424,2026-08-14,True,0.03208899876390614,1.0,2026,both,2025-12-31,0.5793818129368863
1696,2424,2026-08-14,2425,2026-08-17,True,0.06352400114975576,1.0,2026,both,2025-12-31,0.578814776921564
1697,2425,2026-08-17,2426,2026-08-18,True,-0.016351351351351462,0.0,2026,both,2025-12-31,0.5011116828873844
1698,2426,2026-08-18,2427,2026-08-19,True,-0.07562852040115409,0.0,2026,both,2025-12-31,0.522044831159249
1699,2427,2026-08-19,2428,2026-08-20,True,-0.0005201753734115355,0.0,2026,both,2025-12-31,0.4892717594530369
1700,2428,2026-08-20,2429,2026-08-21,True,0.013779429987608394,1.0,2026,both,2025-12-31,0.5430623400906883
1701,2429,2026-08-21,2430,2026-08-24,True,-0.06698283870336874,0.0,2026,both,2025-12-31,0.529169182792113
1702,2430,2026-08-24,2431,2026-08-25,True,0.036288843473248455,1.0,2026,both,2025-12-31,0.5799310991837612
1703,2431,2026-08-25,2432,2026-08-26,True,-0.007610427043564072,0.0,2026,both,2025-12-31,0.46142900540042
1704,2432,2026-08-26,2433,2026-08-27,True,0.04764331210191086,1.0,2026,both,2025-12-31,0.5199642094249107
1705,2433,2026-08-27,2434,2026-08-28,True,-0.034970817120622444,0.0,2026,both,2025-12-31,0.5053814476349974
1706,2434,2026-08-28,2435,2026-08-31,True,0.023133914621238594,1.0,2026,both,2025-12-31,0.52565976799049
1707,2435,2026-08-31,2436,2026-09-01,True,-0.03201970443349733,0.0,2026,both,2025-12-31,0.4323099914659672
1708,2436,2026-09-01,2437,2026-09-02,True,-0.01053435114503809,0.0,2026,both,2025-12-31,0.5186489629955242
1709,2437,2026-09-02,2438,2026-09-03,True,-0.014555366970117833,0.0,2026,both,2025-12-31,0.4676103015922579
1710,2438,2026-09-03,2439,2026-09-04,True,-0.029540709812108545,0.0,2026,both,2025-12-31,0.5380664823871415
1711,2439,2026-09-04,2440,2026-09-07,True,0.03646337528234911,1.0,2026,both,2025-12-31,0.5441902168435014
1712,2440,2026-09-07,2441,2026-09-08,True,0.0013491075134910435,1.0,2026,both,2025-12-31,0.540639437334622
1713,2441,2026-09-08,2442,2026-09-09,True,-0.010596953052129598,0.0,2026,both,2025-12-31,0.49733128016748335
1714,2442,2026-09-09,2443,2026-09-10,True,-0.003220991436876597,0.0,2026,both,2025-12-31,0.5160286710359507
1715,2443,2026-09-10,2444,2026-09-11,True,-0.024485077763766183,0.0,2026,both,2025-12-31,0.4832583270299445
1716,2444,2026-09-11,2445,2026-09-14,True,-0.03888829042335451,0.0,2026,both,2025-12-31,0.4652091890823123
1717,2445,2026-09-14,2446,2026-09-15,True,0.0174568482403048,1.0,2026,both,2025-12-31,0.46933097370578325
1718,2446,2026-09-15,2447,,False,,,2026,both,2025-12-31,0.4928854205389461
1548,2276,2026-01-05,2277,2026-01-06,True,0.06406992532247102,1.0,2026,frequency,2025-12-31,0.4847233691164327
1549,2277,2026-01-06,2278,2026-01-07,True,0.04673418932929252,1.0,2026,frequency,2025-12-31,0.4847233691164327
1550,2278,2026-01-07,2279,2026-01-08,True,-0.014285714285714235,0.0,2026,frequency,2025-12-31,0.4847233691164327
1551,2279,2026-01-08,2280,2026-01-09,True,-0.03362318840579703,0.0,2026,frequency,2025-12-31,0.4847233691164327
1552,2280,2026-01-09,2281,2026-01-12,True,0.047110577884422966,1.0,2026,frequency,2025-12-31,0.4847233691164327
1553,2281,2026-01-12,2282,2026-01-13,True,0.0063781843180690245,1.0,2026,frequency,2025-12-31,0.4847233691164327
1554,2282,2026-01-13,2283,2026-01-14,True,-0.03984819734345357,0.0,2026,frequency,2025-12-31,0.4847233691164327
1555,2283,2026-01-14,2284,2026-01-15,True,0.007747035573122618,1.0,2026,frequency,2025-12-31,0.4847233691164327
1556,2284,2026-01-15,2285,2026-01-16,True,0.10001568873548772,1.0,2026,frequency,2025-12-31,0.4847233691164327
1557,2285,2026-01-16,2286,2026-01-19,True,0.028488911074663115,1.0,2026,frequency,2025-12-31,0.4847233691164327
1558,2286,2026-01-19,2287,2026-01-20,True,0.01230715895302481,1.0,2026,frequency,2025-12-31,0.4847233691164327
1559,2287,2026-01-20,2288,2026-01-21,True,0.0535958904109588,1.0,2026,frequency,2025-12-31,0.4847233691164327
1560,2288,2026-01-21,2289,2026-01-22,True,-0.020087762067284243,0.0,2026,frequency,2025-12-31,0.4847233691164327
1561,2289,2026-01-22,2290,2026-01-23,True,-0.0139980760938071,0.0,2026,frequency,2025-12-31,0.4847233691164327
1562,2290,2026-01-23,2291,2026-01-26,True,-0.015643397813288273,0.0,2026,frequency,2025-12-31,0.4847233691164327
1563,2291,2026-01-26,2292,2026-01-27,True,0.050102529049897315,1.0,2026,frequency,2025-12-31,0.4847233691164327
1564,2292,2026-01-27,2293,2026-01-28,True,0.053440083317060516,1.0,2026,frequency,2025-12-31,0.4847233691164327
1565,2293,2026-01-28,2294,2026-01-29,True,-0.04998764211566997,0.0,2026,frequency,2025-12-31,0.4847233691164327
1566,2294,2026-01-29,2295,2026-01-30,True,0.02400000000000002,1.0,2026,frequency,2025-12-31,0.4847233691164327
1567,2295,2026-01-30,2296,2026-02-02,True,-0.10000635162601623,0.0,2026,frequency,2025-12-31,0.4847233691164327
1568,2296,2026-02-02,2297,2026-02-03,True,0.03239352129574091,1.0,2026,frequency,2025-12-31,0.4847233691164327
1569,2297,2026-02-03,2298,2026-02-04,True,-0.03500017089927199,0.0,2026,frequency,2025-12-31,0.4847233691164327
1570,2298,2026-02-04,2299,2026-02-05,True,-0.0162575709276378,0.0,2026,frequency,2025-12-31,0.4847233691164327
1571,2299,2026-02-05,2300,2026-02-06,True,-0.005652768776553629,0.0,2026,frequency,2025-12-31,0.4847233691164327
1572,2300,2026-02-06,2301,2026-02-09,True,0.06086830575370228,1.0,2026,frequency,2025-12-31,0.4847233691164327
1573,2301,2026-02-09,2302,2026-02-10,True,-0.010512662980408316,0.0,2026,frequency,2025-12-31,0.4847233691164327
1574,2302,2026-02-10,2303,2026-02-11,True,-0.018316660917557792,0.0,2026,frequency,2025-12-31,0.4847233691164327
1575,2303,2026-02-11,2304,2026-02-12,True,0.06553287185073287,1.0,2026,frequency,2025-12-31,0.4847233691164327
1576,2304,2026-02-12,2305,2026-02-13,True,0.018005540166204925,1.0,2026,frequency,2025-12-31,0.4847233691164327
1577,2305,2026-02-13,2306,2026-02-24,True,0.046485260770975145,1.0,2026,frequency,2025-12-31,0.4847233691164327
1578,2306,2026-02-24,2307,2026-02-25,True,-0.03631016870453496,0.0,2026,frequency,2025-12-31,0.4847233691164327
1579,2307,2026-02-25,2308,2026-02-26,True,-0.006167287678273237,0.0,2026,frequency,2025-12-31,0.4847233691164327
1580,2308,2026-02-26,2309,2026-02-27,True,-0.030381383322559685,0.0,2026,frequency,2025-12-31,0.4847233691164327
1581,2309,2026-02-27,2310,2026-03-02,True,-0.022833333333333372,0.0,2026,frequency,2025-12-31,0.4847233691164327
1582,2310,2026-03-02,2311,2026-03-03,True,-0.06911137642844956,0.0,2026,frequency,2025-12-31,0.4847233691164327
1583,2311,2026-03-03,2312,2026-03-04,True,0.02264648759573462,1.0,2026,frequency,2025-12-31,0.4847233691164327
1584,2312,2026-03-04,2313,2026-03-05,True,0.013365822195148258,1.0,2026,frequency,2025-12-31,0.4847233691164327
1585,2313,2026-03-05,2314,2026-03-06,True,0.007743988684582703,1.0,2026,frequency,2025-12-31,0.4847233691164327
1586,2314,2026-03-06,2315,2026-03-09,True,-0.03122916593564684,0.0,2026,frequency,2025-12-31,0.4847233691164327
1587,2315,2026-03-09,2316,2026-03-10,True,0.03386576840885236,1.0,2026,frequency,2025-12-31,0.4847233691164327
1588,2316,2026-03-10,2317,2026-03-11,True,-0.013698150224215278,0.0,2026,frequency,2025-12-31,0.4847233691164327
1589,2317,2026-03-11,2318,2026-03-12,True,-0.023976130430149567,0.0,2026,frequency,2025-12-31,0.4847233691164327
1590,2318,2026-03-12,2319,2026-03-13,True,0.012919426450251237,1.0,2026,frequency,2025-12-31,0.4847233691164327
1591,2319,2026-03-13,2320,2026-03-16,True,0.09998922142780153,1.0,2026,frequency,2025-12-31,0.4847233691164327
1592,2320,2026-03-16,2321,2026-03-17,True,-0.03318526260778687,0.0,2026,frequency,2025-12-31,0.4847233691164327
1593,2321,2026-03-17,2322,2026-03-18,True,0.051520270270270396,1.0,2026,frequency,2025-12-31,0.4847233691164327
1594,2322,2026-03-18,2323,2026-03-19,True,-0.0243212851405622,0.0,2026,frequency,2025-12-31,0.4847233691164327
1595,2323,2026-03-19,2324,2026-03-20,True,-0.044388830347734554,0.0,2026,frequency,2025-12-31,0.4847233691164327
1596,2324,2026-03-20,2325,2026-03-23,True,-0.05806340454858705,0.0,2026,frequency,2025-12-31,0.4847233691164327
1597,2325,2026-03-23,2326,2026-03-24,True,0.0013169928662883912,1.0,2026,frequency,2025-12-31,0.4847233691164327
1598,2326,2026-03-24,2327,2026-03-25,True,0.01713492382448556,1.0,2026,frequency,2025-12-31,0.4847233691164327
1599,2327,2026-03-25,2328,2026-03-26,True,-0.05890804597701149,0.0,2026,frequency,2025-12-31,0.4847233691164327
1600,2328,2026-03-26,2329,2026-03-27,True,-0.012748091603053235,0.0,2026,frequency,2025-12-31,0.4847233691164327
1601,2329,2026-03-27,2330,2026-03-30,True,-0.010863682053661394,0.0,2026,frequency,2025-12-31,0.4847233691164327
1602,2330,2026-03-30,2331,2026-03-31,True,-0.06937658784444012,0.0,2026,frequency,2025-12-31,0.4847233691164327
1603,2331,2026-03-31,2332,2026-04-01,True,0.07097858042839156,1.0,2026,frequency,2025-12-31,0.4847233691164327
1604,2332,2026-04-01,2333,2026-04-02,True,-0.03141176470588225,0.0,2026,frequency,2025-12-31,0.4847233691164327
1605,2333,2026-04-02,2334,2026-04-03,True,0.008542855986072295,1.0,2026,frequency,2025-12-31,0.4847233691164327
1606,2334,2026-04-03,2335,2026-04-07,True,0.002248093135286844,1.0,2026,frequency,2025-12-31,0.4847233691164327
1607,2335,2026-04-07,2336,2026-04-08,True,0.025234318673395872,1.0,2026,frequency,2025-12-31,0.4847233691164327
1608,2336,2026-04-08,2337,2026-04-09,True,-0.021370526644788224,0.0,2026,frequency,2025-12-31,0.4847233691164327
1609,2337,2026-04-09,2338,2026-04-10,True,0.05828575991057505,1.0,2026,frequency,2025-12-31,0.4847233691164327
1610,2338,2026-04-10,2339,2026-04-13,True,-0.01112829605039789,0.0,2026,frequency,2025-12-31,0.4847233691164327
1611,2339,2026-04-13,2340,2026-04-14,True,0.06816968032349124,1.0,2026,frequency,2025-12-31,0.4847233691164327
1612,2340,2026-04-14,2341,2026-04-15,True,-0.021463519160029976,0.0,2026,frequency,2025-12-31,0.4847233691164327
1613,2341,2026-04-15,2342,2026-04-16,True,0.04645985401459862,1.0,2026,frequency,2025-12-31,0.4847233691164327
1614,2342,2026-04-16,2343,2026-04-17,True,0.00777735151536274,1.0,2026,frequency,2025-12-31,0.4847233691164327
1615,2343,2026-04-17,2344,2026-04-20,True,0.005467884828350034,1.0,2026,frequency,2025-12-31,0.4847233691164327
1616,2344,2026-04-20,2345,2026-04-21,True,0.054140565842913047,1.0,2026,frequency,2025-12-31,0.4847233691164327
1617,2345,2026-04-21,2346,2026-04-22,True,0.025173866196493533,1.0,2026,frequency,2025-12-31,0.4847233691164327
1618,2346,2026-04-22,2347,2026-04-23,True,-0.029237531052933363,0.0,2026,frequency,2025-12-31,0.4847233691164327
1619,2347,2026-04-23,2348,2026-04-24,True,-0.02329396325459332,0.0,2026,frequency,2025-12-31,0.4847233691164327
1620,2348,2026-04-24,2349,2026-04-27,True,0.019213973799126816,1.0,2026,frequency,2025-12-31,0.4847233691164327
1621,2349,2026-04-27,2350,2026-04-28,True,0.013446707534110924,1.0,2026,frequency,2025-12-31,0.4847233691164327
1622,2350,2026-04-28,2351,2026-04-29,True,0.0045203252032519625,1.0,2026,frequency,2025-12-31,0.4847233691164327
1623,2351,2026-04-29,2352,2026-04-30,True,0.013273333549159938,1.0,2026,frequency,2025-12-31,0.4847233691164327
1624,2352,2026-04-30,2353,2026-05-06,True,0.10000319499025534,1.0,2026,frequency,2025-12-31,0.4847233691164327
1625,2353,2026-05-06,2354,2026-05-07,True,0.017049580295680933,1.0,2026,frequency,2025-12-31,0.4847233691164327
1626,2354,2026-05-07,2355,2026-05-08,True,-0.045864747543979845,0.0,2026,frequency,2025-12-31,0.4847233691164327
1627,2355,2026-05-08,2356,2026-05-11,True,0.08389703681532468,1.0,2026,frequency,2025-12-31,0.4847233691164327
1628,2356,2026-05-11,2357,2026-05-12,True,-0.023693148869190606,0.0,2026,frequency,2025-12-31,0.4847233691164327
1629,2357,2026-05-12,2358,2026-05-13,True,0.03238580115966627,1.0,2026,frequency,2025-12-31,0.4847233691164327
1630,2358,2026-05-13,2359,2026-05-14,True,-0.024136986301369845,0.0,2026,frequency,2025-12-31,0.4847233691164327
1631,2359,2026-05-14,2360,2026-05-15,True,0.053763440860215006,1.0,2026,frequency,2025-12-31,0.4847233691164327
1632,2360,2026-05-15,2361,2026-05-18,True,0.06570043160867489,1.0,2026,frequency,2025-12-31,0.4847233691164327
1633,2361,2026-05-18,2362,2026-05-19,True,0.011400000000000077,1.0,2026,frequency,2025-12-31,0.4847233691164327
1634,2362,2026-05-19,2363,2026-05-20,True,0.1000098872849513,1.0,2026,frequency,2025-12-31,0.4847233691164327
1635,2363,2026-05-20,2364,2026-05-21,True,-0.0294818210417509,0.0,2026,frequency,2025-12-31,0.4847233691164327
1636,2364,2026-05-21,2365,2026-05-22,True,0.08529752257467016,1.0,2026,frequency,2025-12-31,0.4847233691164327
1637,2365,2026-05-22,2366,2026-05-25,True,0.09997013269616417,1.0,2026,frequency,2025-12-31,0.4847233691164327
1638,2366,2026-05-25,2367,2026-05-26,True,0.02205197827773464,1.0,2026,frequency,2025-12-31,0.4847233691164327
1639,2367,2026-05-26,2368,2026-05-27,True,-0.0228801641898827,0.0,2026,frequency,2025-12-31,0.4847233691164327
1640,2368,2026-05-27,2369,2026-05-28,True,-0.060640242716558435,0.0,2026,frequency,2025-12-31,0.4847233691164327
1641,2369,2026-05-28,2370,2026-05-29,True,-0.03310559006211178,0.0,2026,frequency,2025-12-31,0.4847233691164327
1642,2370,2026-05-29,2371,2026-06-01,True,0.002119868953555759,1.0,2026,frequency,2025-12-31,0.4847233691164327
1643,2371,2026-06-01,2372,2026-06-02,True,0.014294871794871877,1.0,2026,frequency,2025-12-31,0.4847233691164327
1644,2372,2026-06-02,2373,2026-06-03,True,0.0369504308074744,1.0,2026,frequency,2025-12-31,0.4847233691164327
1645,2373,2026-06-03,2374,2026-06-04,True,0.07533063811632745,1.0,2026,frequency,2025-12-31,0.4847233691164327
1646,2374,2026-06-04,2375,2026-06-05,True,-0.07804500198371456,0.0,2026,frequency,2025-12-31,0.4847233691164327
1647,2375,2026-06-05,2376,2026-06-08,True,-0.028668032786885345,0.0,2026,frequency,2025-12-31,0.4847233691164327
1648,2376,2026-06-08,2377,2026-06-09,True,0.0558848969431025,1.0,2026,frequency,2025-12-31,0.4847233691164327
1649,2377,2026-06-09,2378,2026-06-10,True,-0.0392807192807193,0.0,2026,frequency,2025-12-31,0.4847233691164327
1650,2378,2026-06-10,2379,2026-06-11,True,0.005531985691706209,1.0,2026,frequency,2025-12-31,0.4847233691164327
1651,2379,2026-06-11,2380,2026-06-12,True,-0.004198552223371288,0.0,2026,frequency,2025-12-31,0.4847233691164327
1652,2380,2026-06-12,2381,2026-06-15,True,0.07587180925083592,1.0,2026,frequency,2025-12-31,0.4847233691164327
1653,2381,2026-06-15,2382,2026-06-16,True,0.028494208494208584,1.0,2026,frequency,2025-12-31,0.4847233691164327
1654,2382,2026-06-16,2383,2026-06-17,True,0.10000750807117642,1.0,2026,frequency,2025-12-31,0.4847233691164327
1655,2383,2026-06-17,2384,2026-06-18,True,0.07330557641116653,1.0,2026,frequency,2025-12-31,0.4847233691164327
1656,2384,2026-06-18,2385,2026-06-22,True,0.09650238473767891,1.0,2026,frequency,2025-12-31,0.4847233691164327
1657,2385,2026-06-22,2386,2026-06-23,True,-0.07062490938089017,0.0,2026,frequency,2025-12-31,0.4847233691164327
1658,2386,2026-06-23,2387,2026-06-24,True,0.10000156008674077,1.0,2026,frequency,2025-12-31,0.4847233691164327
1659,2387,2026-06-24,2388,2026-06-25,True,0.09944829738047622,1.0,2026,frequency,2025-12-31,0.4847233691164327
1660,2388,2026-06-25,2389,2026-06-26,True,-0.00672075953612572,0.0,2026,frequency,2025-12-31,0.4847233691164327
1661,2389,2026-06-26,2390,2026-06-29,True,0.09090909090909083,1.0,2026,frequency,2025-12-31,0.4847233691164327
1662,2390,2026-06-29,2391,2026-06-30,True,-0.029761904761904767,0.0,2026,frequency,2025-12-31,0.4847233691164327
1663,2391,2026-06-30,2392,2026-07-01,True,-0.052748466257668825,0.0,2026,frequency,2025-12-31,0.4847233691164327
1664,2392,2026-07-01,2393,2026-07-02,True,-0.09999870467999128,0.0,2026,frequency,2025-12-31,0.4847233691164327
1665,2393,2026-07-02,2394,2026-07-03,True,-0.024524690203077015,0.0,2026,frequency,2025-12-31,0.4847233691164327
1666,2394,2026-07-03,2395,2026-07-06,True,-0.034643020493677845,0.0,2026,frequency,2025-12-31,0.4847233691164327
1667,2395,2026-07-06,2396,2026-07-07,True,-0.0524079536596922,0.0,2026,frequency,2025-12-31,0.4847233691164327
1668,2396,2026-07-07,2397,2026-07-08,True,-0.027145161290322628,0.0,2026,frequency,2025-12-31,0.4847233691164327
1669,2397,2026-07-08,2398,2026-07-09,True,0.10000497372216799,1.0,2026,frequency,2025-12-31,0.4847233691164327
1670,2398,2026-07-09,2399,2026-07-10,True,-0.07760478680914562,0.0,2026,frequency,2025-12-31,0.4847233691164327
1671,2399,2026-07-10,2400,2026-07-13,True,-0.10000000000000009,0.0,2026,frequency,2025-12-31,0.4847233691164327
1672,2400,2026-07-13,2401,2026-07-14,True,0.060257806826434335,1.0,2026,frequency,2025-12-31,0.4847233691164327
1673,2401,2026-07-14,2402,2026-07-15,True,-0.020890768677545912,0.0,2026,frequency,2025-12-31,0.4847233691164327
1674,2402,2026-07-15,2403,2026-07-16,True,-0.10000174889382452,0.0,2026,frequency,2025-12-31,0.4847233691164327
1675,2403,2026-07-16,2404,2026-07-17,True,-0.09999805678086315,0.0,2026,frequency,2025-12-31,0.4847233691164327
1676,2404,2026-07-17,2405,2026-07-20,True,-0.06660908992766923,0.0,2026,frequency,2025-12-31,0.4847233691164327
1677,2405,2026-07-20,2406,2026-07-21,True,0.10000000000000009,1.0,2026,frequency,2025-12-31,0.4847233691164327
1678,2406,2026-07-21,2407,2026-07-22,True,-0.01162912960275908,0.0,2026,frequency,2025-12-31,0.4847233691164327
1679,2407,2026-07-22,2408,2026-07-23,True,-0.038382978723404126,0.0,2026,frequency,2025-12-31,0.4847233691164327
1680,2408,2026-07-23,2409,2026-07-24,True,0.011151429330028995,1.0,2026,frequency,2025-12-31,0.4847233691164327
1681,2409,2026-07-24,2410,2026-07-27,True,-0.05026258205689271,0.0,2026,frequency,2025-12-31,0.4847233691164327
1682,2410,2026-07-27,2411,2026-07-28,True,-0.09999308803538931,0.0,2026,frequency,2025-12-31,0.4847233691164327
1683,2411,2026-07-28,2412,2026-07-29,True,-0.06809512838235676,0.0,2026,frequency,2025-12-31,0.4847233691164327
1684,2412,2026-07-29,2413,2026-07-30,True,0.01942147625195756,1.0,2026,frequency,2025-12-31,0.4847233691164327
1685,2413,2026-07-30,2414,2026-07-31,True,0.02021018593371071,1.0,2026,frequency,2025-12-31,0.4847233691164327
1686,2414,2026-07-31,2415,2026-08-03,True,-0.09999999999999998,0.0,2026,frequency,2025-12-31,0.4847233691164327
1687,2415,2026-08-03,2416,2026-08-04,True,0.044843575746903674,1.0,2026,frequency,2025-12-31,0.4847233691164327
1688,2416,2026-08-04,2417,2026-08-05,True,0.08263580697713624,1.0,2026,frequency,2025-12-31,0.4847233691164327
1689,2417,2026-08-05,2418,2026-08-06,True,-0.0011415525114154557,0.0,2026,frequency,2025-12-31,0.4847233691164327
1690,2418,2026-08-06,2419,2026-08-07,True,0.08324675324675312,1.0,2026,frequency,2025-12-31,0.4847233691164327
1691,2419,2026-08-07,2420,2026-08-10,True,-0.03361707229349009,0.0,2026,frequency,2025-12-31,0.4847233691164327
1692,2420,2026-08-10,2421,2026-08-11,True,-0.0018360916060838894,0.0,2026,frequency,2025-12-31,0.4847233691164327
1693,2421,2026-08-11,2422,2026-08-12,True,0.02704516642223287,1.0,2026,frequency,2025-12-31,0.4847233691164327
1694,2422,2026-08-12,2423,2026-08-13,True,-0.020984098555074326,0.0,2026,frequency,2025-12-31,0.4847233691164327
1695,2423,2026-08-13,2424,2026-08-14,True,0.03208899876390614,1.0,2026,frequency,2025-12-31,0.4847233691164327
1696,2424,2026-08-14,2425,2026-08-17,True,0.06352400114975576,1.0,2026,frequency,2025-12-31,0.4847233691164327
1697,2425,2026-08-17,2426,2026-08-18,True,-0.016351351351351462,0.0,2026,frequency,2025-12-31,0.4847233691164327
1698,2426,2026-08-18,2427,2026-08-19,True,-0.07562852040115409,0.0,2026,frequency,2025-12-31,0.4847233691164327
1699,2427,2026-08-19,2428,2026-08-20,True,-0.0005201753734115355,0.0,2026,frequency,2025-12-31,0.4847233691164327
1700,2428,2026-08-20,2429,2026-08-21,True,0.013779429987608394,1.0,2026,frequency,2025-12-31,0.4847233691164327
1701,2429,2026-08-21,2430,2026-08-24,True,-0.06698283870336874,0.0,2026,frequency,2025-12-31,0.4847233691164327
1702,2430,2026-08-24,2431,2026-08-25,True,0.036288843473248455,1.0,2026,frequency,2025-12-31,0.4847233691164327
1703,2431,2026-08-25,2432,2026-08-26,True,-0.007610427043564072,0.0,2026,frequency,2025-12-31,0.4847233691164327
1704,2432,2026-08-26,2433,2026-08-27,True,0.04764331210191086,1.0,2026,frequency,2025-12-31,0.4847233691164327
1705,2433,2026-08-27,2434,2026-08-28,True,-0.034970817120622444,0.0,2026,frequency,2025-12-31,0.4847233691164327
1706,2434,2026-08-28,2435,2026-08-31,True,0.023133914621238594,1.0,2026,frequency,2025-12-31,0.4847233691164327
1707,2435,2026-08-31,2436,2026-09-01,True,-0.03201970443349733,0.0,2026,frequency,2025-12-31,0.4847233691164327
1708,2436,2026-09-01,2437,2026-09-02,True,-0.01053435114503809,0.0,2026,frequency,2025-12-31,0.4847233691164327
1709,2437,2026-09-02,2438,2026-09-03,True,-0.014555366970117833,0.0,2026,frequency,2025-12-31,0.4847233691164327
1710,2438,2026-09-03,2439,2026-09-04,True,-0.029540709812108545,0.0,2026,frequency,2025-12-31,0.4847233691164327
1711,2439,2026-09-04,2440,2026-09-07,True,0.03646337528234911,1.0,2026,frequency,2025-12-31,0.4847233691164327
1712,2440,2026-09-07,2441,2026-09-08,True,0.0013491075134910435,1.0,2026,frequency,2025-12-31,0.4847233691164327
1713,2441,2026-09-08,2442,2026-09-09,True,-0.010596953052129598,0.0,2026,frequency,2025-12-31,0.4847233691164327
1714,2442,2026-09-09,2443,2026-09-10,True,-0.003220991436876597,0.0,2026,frequency,2025-12-31,0.4847233691164327
1715,2443,2026-09-10,2444,2026-09-11,True,-0.024485077763766183,0.0,2026,frequency,2025-12-31,0.4847233691164327
1716,2444,2026-09-11,2445,2026-09-14,True,-0.03888829042335451,0.0,2026,frequency,2025-12-31,0.4847233691164327
1717,2445,2026-09-14,2446,2026-09-15,True,0.0174568482403048,1.0,2026,frequency,2025-12-31,0.4847233691164327
1718,2446,2026-09-15,2447,,False,,,2026,frequency,2025-12-31,0.4847233691164327
