history,row_index,date,joint_completed,actual,year,cutoff,method,seed,score,probability,direction_up,actual_up,annual_logit,annual_probability,head_cutoff,encoder_cutoff,state,entry,exit
rolling5_annual20,2418,2021-01-08,2021-01-18,-0.0120052904669853,2021,2020-12-31,learned_market,20260910,0.5528369602637446,0.5528369602637446,1,0,0.21213986006866487,0.5528369602637446,2020-12-31,2020-12-31,nonnegative_low,2679,2684
rolling5_annual20,2423,2021-01-15,2021-01-25,0.0231622460538123,2021,2020-12-31,learned_market,20260910,0.49674166213102977,0.49674166213102977,0,1,-0.013033535976633454,0.49674166213102977,2020-12-31,2020-12-31,nonnegative_high,2684,2689
rolling5_annual20,2428,2021-01-22,2021-02-01,-0.0372511735907923,2021,2020-12-31,learned_market,20260910,0.3933637003220593,0.3933637003220593,0,0,-0.4331948046538579,0.3933637003220593,2020-12-31,2020-12-31,nonnegative_high,2689,2694
rolling5_annual20,2433,2021-01-29,2021-02-08,0.0278689901714626,2021,2020-12-31,learned_market,20260910,0.4313547922375263,0.4313547922375263,0,1,-0.27632576788155083,0.4313547922375263,2020-12-31,2020-12-31,nonnegative_high,2694,2699
rolling5_annual20,2438,2021-02-05,2021-02-22,0.0507379035040882,2021,2020-12-31,learned_market,20260910,0.40357928349119826,0.40357928349119826,0,1,-0.39057336036372636,0.40357928349119826,2020-12-31,2020-12-31,nonnegative_high,2699,2704
rolling5_annual20,2443,2021-02-19,2021-03-01,-0.0684918010685315,2021,2020-12-31,learned_market,20260910,0.49513830982070434,0.49513830982070434,0,0,-0.019447373610946117,0.49513830982070434,2020-12-31,2020-12-31,nonnegative_high,2704,2709
rolling5_annual20,2448,2021-02-26,2021-03-08,-0.0165997123904068,2021,2020-12-31,learned_market,20260910,0.43315180971386896,0.43315180971386896,0,0,-0.2690032595208709,0.43315180971386896,2020-12-31,2020-12-31,nonnegative_high,2709,2714
rolling5_annual20,2453,2021-03-05,2021-03-15,-0.0346560901469681,2021,2020-12-31,learned_market,20260910,0.40131415281599914,0.40131415281599914,0,0,-0.3999924543349954,0.40131415281599914,2020-12-31,2020-12-31,nonnegative_high,2714,2719
rolling5_annual20,2458,2021-03-12,2021-03-22,-0.0210550182560221,2021,2020-12-31,learned_market,20260910,0.47295990993929365,0.47295990993929365,0,0,-0.10826598996899547,0.47295990993929365,2020-12-31,2020-12-31,nonnegative_high,2719,2724
rolling5_annual20,2463,2021-03-19,2021-03-29,0.0087572877565691,2021,2020-12-31,learned_market,20260910,0.6783048076904669,0.6783048076904669,1,1,0.7459922662855905,0.6783048076904669,2020-12-31,2020-12-31,negative_high,2724,2729
rolling5_annual20,2468,2021-03-26,2021-04-06,0.0250145479448802,2021,2020-12-31,learned_market,20260910,0.6020041018019381,0.6020041018019381,1,1,0.4138225597137807,0.6020041018019381,2020-12-31,2020-12-31,nonnegative_high,2729,2734
rolling5_annual20,2473,2021-04-02,2021-04-12,-0.0292856811827044,2021,2020-12-31,learned_market,20260910,0.5183679897795258,0.5183679897795258,1,0,0.07350503683063259,0.5183679897795258,2021-03-31,2020-12-31,negative_high,2734,2738
rolling5_annual20,2477,2021-04-09,2021-04-19,-0.0120489836840408,2021,2020-12-31,learned_market,20260910,0.6850249402938339,0.6850249402938339,1,0,0.776961786632401,0.6850249402938339,2021-03-31,2020-12-31,negative_high,2738,2743
rolling5_annual20,2482,2021-04-16,2021-04-26,0.0382932540809155,2021,2020-12-31,learned_market,20260910,0.609924220475271,0.609924220475271,1,1,0.44699369399896693,0.609924220475271,2021-03-31,2020-12-31,negative_high,2743,2748
rolling5_annual20,2487,2021-04-23,2021-05-06,-0.0112070185917437,2021,2020-12-31,learned_market,20260910,0.6788658728472401,0.6788658728472401,1,0,0.7485646942824699,0.6788658728472401,2021-03-31,2020-12-31,negative_high,2748,2753
rolling5_annual20,2492,2021-04-30,2021-05-12,-0.0190946889464188,2021,2020-12-31,learned_market,20260910,0.6869387015648898,0.6869387015648898,1,0,0.7858460489780694,0.6869387015648898,2021-03-31,2020-12-31,negative_low,2753,2755
rolling5_annual20,2494,2021-05-07,2021-05-17,0.0227674429764228,2021,2020-12-31,learned_market,20260910,0.707143295820497,0.707143295820497,1,1,0.8815499017070776,0.707143295820497,2021-03-31,2020-12-31,negative_high,2755,2760
rolling5_annual20,2499,2021-05-14,2021-05-24,0.0045940519733895,2021,2020-12-31,learned_market,20260910,0.6297830216175037,0.6297830216175037,1,1,0.5312860881145114,0.6297830216175037,2021-03-31,2020-12-31,negative_high,2760,2765
rolling5_annual20,2504,2021-05-21,2021-05-31,0.0348855085126711,2021,2020-12-31,learned_market,20260910,0.6135561076345685,0.6135561076345685,1,1,0.4622850259908886,0.6135561076345685,2021-03-31,2020-12-31,negative_low,2765,2770
rolling5_annual20,2509,2021-05-28,2021-06-07,-0.0062409741861724,2021,2020-12-31,learned_market,20260910,0.5954545940650008,0.5954545940650008,1,0,0.3865611552655706,0.5954545940650008,2021-03-31,2020-12-31,negative_high,2770,2775
rolling5_annual20,2514,2021-06-04,2021-06-15,-0.0125508761771767,2021,2020-12-31,learned_market,20260910,0.5021950734156202,0.5021950734156202,1,0,0.008780350071805276,0.5021950734156202,2021-03-31,2020-12-31,nonnegative_high,2775,2780
rolling5_annual20,2519,2021-06-11,2021-06-21,-0.0250011497424577,2021,2020-12-31,learned_market,20260910,0.35343278398049977,0.35343278398049977,0,0,-0.6039838389716852,0.35343278398049977,2021-03-31,2020-12-31,nonnegative_low,2780,2784
rolling5_annual20,2523,2021-06-18,2021-06-28,0.0325308711127356,2021,2020-12-31,learned_market,20260910,0.3221586033468014,0.3221586033468014,0,1,-0.7438693510791138,0.3221586033468014,2021-03-31,2020-12-31,nonnegative_low,2784,2789
rolling5_annual20,2528,2021-06-25,2021-07-05,-0.0342297962734196,2021,2020-12-31,learned_market,20260910,0.4336393441432385,0.4336393441432385,0,0,-0.2670178920903885,0.4336393441432385,2021-03-31,2020-12-31,nonnegative_low,2789,2794
rolling5_annual20,2533,2021-07-02,2021-07-12,0.0068193733271841,2021,2020-12-31,learned_market,20260910,0.3704733615248586,0.3704733615248586,0,1,-0.5301866260347932,0.3704733615248586,2021-06-30,2020-12-31,negative_high,2794,2799
rolling5_annual20,2538,2021-07-09,2021-07-19,-0.0048254045313779,2021,2020-12-31,learned_market,20260910,0.38743639841929484,0.38743639841929484,0,0,-0.4581010741327993,0.38743639841929484,2021-06-30,2020-12-31,nonnegative_high,2799,2804
rolling5_annual20,2543,2021-07-16,2021-07-26,-0.0032299118953994,2021,2020-12-31,learned_market,20260910,0.3392496570286791,0.3392496570286791,0,0,-0.6666397848027263,0.3392496570286791,2021-06-30,2020-12-31,nonnegative_high,2804,2809
rolling5_annual20,2548,2021-07-23,2021-08-02,-0.0537740931579083,2021,2020-12-31,learned_market,20260910,0.4242757327433418,0.4242757327433418,0,0,-0.30524528645781235,0.4242757327433418,2021-06-30,2020-12-31,nonnegative_high,2809,2814
rolling5_annual20,2553,2021-07-30,2021-08-09,0.019904813945049,2021,2020-12-31,learned_market,20260910,0.44622832370349025,0.44622832370349025,0,1,-0.21592170756657156,0.44622832370349025,2021-06-30,2020-12-31,negative_high,2814,2819
rolling5_annual20,2558,2021-08-06,2021-08-16,0.0093369268709639,2021,2020-12-31,learned_market,20260910,0.40768230665718896,0.40768230665718896,0,1,-0.37355492416524383,0.40768230665718896,2021-06-30,2020-12-31,negative_high,2819,2824
rolling5_annual20,2563,2021-08-13,2021-08-23,-0.032048736608373,2021,2020-12-31,learned_market,20260910,0.4025918663246775,0.4025918663246775,0,0,-0.39467721068177736,0.4025918663246775,2021-06-30,2020-12-31,negative_high,2824,2829
rolling5_annual20,2568,2021-08-20,2021-08-30,0.0145047962107527,2021,2020-12-31,learned_market,20260910,0.5581931205458567,0.5581931205458567,1,1,0.23383213438617556,0.5581931205458567,2021-06-30,2020-12-31,negative_high,2829,2834
rolling5_annual20,2573,2021-08-27,2021-09-06,-0.0012316820816045,2021,2020-12-31,learned_market,20260910,0.5652685808405962,0.5652685808405962,1,0,0.26257256933401274,0.5652685808405962,2021-06-30,2020-12-31,negative_high,2834,2839
rolling5_annual20,2578,2021-09-03,2021-09-13,0.0342301066295398,2021,2020-12-31,learned_market,20260910,0.7414364016645572,0.7414364016645572,1,1,1.0534476959953598,0.7414364016645572,2021-06-30,2020-12-31,negative_high,2839,2844
rolling5_annual20,2583,2021-09-10,2021-09-22,-0.0471441667981554,2021,2020-12-31,learned_market,20260910,0.7365374093158319,0.7365374093158319,1,0,1.028048640916621,0.7365374093158319,2021-06-30,2020-12-31,negative_high,2844,2849
rolling5_annual20,2588,2021-09-17,2021-09-28,0.0209863060789441,2021,2020-12-31,learned_market,20260910,0.7129908769856873,0.7129908769856873,1,1,0.9099546223202204,0.7129908769856873,2021-06-30,2020-12-31,negative_high,2849,2852
rolling5_annual20,2591,2021-09-24,2021-10-11,0.0144615416200457,2021,2020-12-31,learned_market,20260910,0.7494998617287155,0.7494998617287155,1,1,1.09594666055199,0.7494998617287155,2021-06-30,2020-12-31,negative_low,2852,2857
rolling5_annual20,2596,2021-10-08,2021-10-18,-0.0038006269617851,2021,2020-12-31,learned_market,20260910,0.7103284017268151,0.7103284017268151,1,0,0.896979539180035,0.7103284017268151,2021-09-30,2020-12-31,negative_low,2857,2862
rolling5_annual20,2601,2021-10-15,2021-10-25,0.0037358989621147,2021,2020-12-31,learned_market,20260910,0.7054426847772952,0.7054426847772952,1,1,0.8733519245131809,0.7054426847772952,2021-09-30,2020-12-31,negative_low,2862,2867
rolling5_annual20,2606,2021-10-22,2021-11-01,-0.0127041632091318,2021,2020-12-31,learned_market,20260910,0.561668990030631,0.561668990030631,1,0,0.24793833518324998,0.561668990030631,2021-09-30,2020-12-31,negative_low,2867,2872
rolling5_annual20,2611,2021-10-29,2021-11-08,-0.0075807737801166,2021,2020-12-31,learned_market,20260910,0.5778524508006477,0.5778524508006477,1,0,0.3139636650748957,0.5778524508006477,2021-09-30,2020-12-31,nonnegative_low,2872,2877
rolling5_annual20,2616,2021-11-05,2021-11-15,0.0110015182343039,2021,2020-12-31,learned_market,20260910,0.6566176820686879,0.6566176820686879,1,1,0.648257478482022,0.6566176820686879,2021-09-30,2020-12-31,negative_low,2877,2882
rolling5_annual20,2621,2021-11-12,2021-11-22,0.0002002284238551,2021,2020-12-31,learned_market,20260910,0.7459419474434704,0.7459419474434704,1,1,1.0770849844590038,0.7459419474434704,2021-09-30,2020-12-31,negative_low,2882,2887
rolling5_annual20,2626,2021-11-19,2021-11-29,-0.0153981603100059,2021,2020-12-31,learned_market,20260910,0.7859013728177604,0.7859013728177604,1,0,1.3003945211452286,0.7859013728177604,2021-09-30,2020-12-31,negative_low,2887,2892
rolling5_annual20,2631,2021-11-26,2021-12-06,0.0185518287306458,2021,2020-12-31,learned_market,20260910,0.679954560670936,0.679954560670936,1,1,0.7535629897783362,0.679954560670936,2021-09-30,2020-12-31,negative_low,2892,2897
rolling5_annual20,2636,2021-12-03,2021-12-13,0.0367843110096284,2021,2020-12-31,learned_market,20260910,0.6823399841098169,0.6823399841098169,1,1,0.7645463656237516,0.6823399841098169,2021-09-30,2020-12-31,nonnegative_low,2897,2902
rolling5_annual20,2641,2021-12-10,2021-12-20,-0.0304615698955996,2021,2020-12-31,learned_market,20260910,0.6068383170365979,0.6068383170365979,1,0,0.4340414572567763,0.6068383170365979,2021-09-30,2020-12-31,nonnegative_low,2902,2907
rolling5_annual20,2646,2021-12-17,2021-12-27,-0.0034083287233763,2021,2020-12-31,learned_market,20260910,0.7177286585161153,0.7177286585161153,1,0,0.9332227725306439,0.7177286585161153,2021-09-30,2020-12-31,nonnegative_low,2907,2912
rolling5_annual20,2651,2021-12-24,2022-01-04,0.0080985736506613,2021,2020-12-31,learned_market,20260910,0.7527245234710195,0.7527245234710195,1,1,1.113196317435097,0.7527245234710195,2021-09-30,2020-12-31,nonnegative_low,2912,2917
rolling5_annual20,2656,2021-12-31,2022-01-10,-0.0293970528320001,2021,2020-12-31,learned_market,20260910,0.7407762805267725,0.7407762805267725,1,0,1.0500071934873156,0.7407762805267725,2021-09-30,2020-12-31,nonnegative_low,2917,2921
rolling5_annual20,2418,2021-01-08,2021-01-18,-0.0120052904669853,2021,2020-12-31,learned_vol_interaction,20260910,0.5286701081389081,0.5286701081389081,1,0,0.11480636703194849,0.5286701081389081,2020-12-31,2020-12-31,nonnegative_low,2679,2684
rolling5_annual20,2423,2021-01-15,2021-01-25,0.0231622460538123,2021,2020-12-31,learned_vol_interaction,20260910,0.47178291125549215,0.47178291125549215,0,1,-0.11298840612842834,0.47178291125549215,2020-12-31,2020-12-31,nonnegative_high,2684,2689
rolling5_annual20,2428,2021-01-22,2021-02-01,-0.0372511735907923,2021,2020-12-31,learned_vol_interaction,20260910,0.3671123538576221,0.3671123538576221,0,0,-0.544624969640053,0.3671123538576221,2020-12-31,2020-12-31,nonnegative_high,2689,2694
rolling5_annual20,2433,2021-01-29,2021-02-08,0.0278689901714626,2021,2020-12-31,learned_vol_interaction,20260910,0.434482531700876,0.434482531700876,0,1,-0.26358544440918413,0.434482531700876,2020-12-31,2020-12-31,nonnegative_high,2694,2699
rolling5_annual20,2438,2021-02-05,2021-02-22,0.0507379035040882,2021,2020-12-31,learned_vol_interaction,20260910,0.42570726310777396,0.42570726310777396,0,1,-0.2993873266497751,0.42570726310777396,2020-12-31,2020-12-31,nonnegative_high,2699,2704
rolling5_annual20,2443,2021-02-19,2021-03-01,-0.0684918010685315,2021,2020-12-31,learned_vol_interaction,20260910,0.4791771552633417,0.4791771552633417,0,0,-0.08333958162499175,0.4791771552633417,2020-12-31,2020-12-31,nonnegative_high,2704,2709
rolling5_annual20,2448,2021-02-26,2021-03-08,-0.0165997123904068,2021,2020-12-31,learned_vol_interaction,20260910,0.4783928105694597,0.4783928105694597,0,0,-0.08648261948527247,0.4783928105694597,2020-12-31,2020-12-31,nonnegative_high,2709,2714
rolling5_annual20,2453,2021-03-05,2021-03-15,-0.0346560901469681,2021,2020-12-31,learned_vol_interaction,20260910,0.4610266286466043,0.4610266286466043,0,0,-0.15621036177220848,0.4610266286466043,2020-12-31,2020-12-31,nonnegative_high,2714,2719
rolling5_annual20,2458,2021-03-12,2021-03-22,-0.0210550182560221,2021,2020-12-31,learned_vol_interaction,20260910,0.48103471562569133,0.48103471562569133,0,0,-0.07589755011715066,0.48103471562569133,2020-12-31,2020-12-31,nonnegative_high,2719,2724
rolling5_annual20,2463,2021-03-19,2021-03-29,0.0087572877565691,2021,2020-12-31,learned_vol_interaction,20260910,0.5872740166666267,0.5872740166666267,1,1,0.352707625388226,0.5872740166666267,2020-12-31,2020-12-31,negative_high,2724,2729
rolling5_annual20,2468,2021-03-26,2021-04-06,0.0250145479448802,2021,2020-12-31,learned_vol_interaction,20260910,0.5791980511717043,0.5791980511717043,1,1,0.3194821837173836,0.5791980511717043,2020-12-31,2020-12-31,nonnegative_high,2729,2734
rolling5_annual20,2473,2021-04-02,2021-04-12,-0.0292856811827044,2021,2020-12-31,learned_vol_interaction,20260910,0.5665920928801257,0.5665920928801257,1,0,0.2679602985875625,0.5665920928801257,2021-03-31,2020-12-31,negative_high,2734,2738
rolling5_annual20,2477,2021-04-09,2021-04-19,-0.0120489836840408,2021,2020-12-31,learned_vol_interaction,20260910,0.7108940398772539,0.7108940398772539,1,0,0.8997301240504268,0.7108940398772539,2021-03-31,2020-12-31,negative_high,2738,2743
rolling5_annual20,2482,2021-04-16,2021-04-26,0.0382932540809155,2021,2020-12-31,learned_vol_interaction,20260910,0.6177612563202494,0.6177612563202494,1,1,0.4800566693436995,0.6177612563202494,2021-03-31,2020-12-31,negative_high,2743,2748
rolling5_annual20,2487,2021-04-23,2021-05-06,-0.0112070185917437,2021,2020-12-31,learned_vol_interaction,20260910,0.7142122563040804,0.7142122563040804,1,0,0.9159308155209285,0.7142122563040804,2021-03-31,2020-12-31,negative_high,2748,2753
rolling5_annual20,2492,2021-04-30,2021-05-12,-0.0190946889464188,2021,2020-12-31,learned_vol_interaction,20260910,0.6941591991721776,0.6941591991721776,1,0,0.8196366199817211,0.6941591991721776,2021-03-31,2020-12-31,negative_low,2753,2755
rolling5_annual20,2494,2021-05-07,2021-05-17,0.0227674429764228,2021,2020-12-31,learned_vol_interaction,20260910,0.7158017585661451,0.7158017585661451,1,1,0.9237312272459972,0.7158017585661451,2021-03-31,2020-12-31,negative_high,2755,2760
rolling5_annual20,2499,2021-05-14,2021-05-24,0.0045940519733895,2021,2020-12-31,learned_vol_interaction,20260910,0.6694091341375065,0.6694091341375065,1,1,0.7055138779096588,0.6694091341375065,2021-03-31,2020-12-31,negative_high,2760,2765
rolling5_annual20,2504,2021-05-21,2021-05-31,0.0348855085126711,2021,2020-12-31,learned_vol_interaction,20260910,0.636918321286237,0.636918321286237,1,1,0.5620136041257164,0.636918321286237,2021-03-31,2020-12-31,negative_low,2765,2770
rolling5_annual20,2509,2021-05-28,2021-06-07,-0.0062409741861724,2021,2020-12-31,learned_vol_interaction,20260910,0.5964746009268665,0.5964746009268665,1,0,0.3907972278321004,0.5964746009268665,2021-03-31,2020-12-31,negative_high,2770,2775
rolling5_annual20,2514,2021-06-04,2021-06-15,-0.0125508761771767,2021,2020-12-31,learned_vol_interaction,20260910,0.4714551199386704,0.4714551199386704,0,0,-0.11430380956954186,0.4714551199386704,2021-03-31,2020-12-31,nonnegative_high,2775,2780
rolling5_annual20,2519,2021-06-11,2021-06-21,-0.0250011497424577,2021,2020-12-31,learned_vol_interaction,20260910,0.2976695737938547,0.2976695737938547,0,0,-0.8584199273407149,0.2976695737938547,2021-03-31,2020-12-31,nonnegative_low,2780,2784
rolling5_annual20,2523,2021-06-18,2021-06-28,0.0325308711127356,2021,2020-12-31,learned_vol_interaction,20260910,0.2852455047514334,0.2852455047514334,0,1,-0.9185888908029303,0.2852455047514334,2021-03-31,2020-12-31,nonnegative_low,2784,2789
rolling5_annual20,2528,2021-06-25,2021-07-05,-0.0342297962734196,2021,2020-12-31,learned_vol_interaction,20260910,0.36967907658300214,0.36967907658300214,0,0,-0.5335938232565556,0.36967907658300214,2021-03-31,2020-12-31,nonnegative_low,2789,2794
rolling5_annual20,2533,2021-07-02,2021-07-12,0.0068193733271841,2021,2020-12-31,learned_vol_interaction,20260910,0.33854643902626746,0.33854643902626746,0,1,-0.6697785049143811,0.33854643902626746,2021-06-30,2020-12-31,negative_high,2794,2799
rolling5_annual20,2538,2021-07-09,2021-07-19,-0.0048254045313779,2021,2020-12-31,learned_vol_interaction,20260910,0.33440628192539174,0.33440628192539174,0,0,-0.688322784777436,0.33440628192539174,2021-06-30,2020-12-31,nonnegative_high,2799,2804
rolling5_annual20,2543,2021-07-16,2021-07-26,-0.0032299118953994,2021,2020-12-31,learned_vol_interaction,20260910,0.2983054237457592,0.2983054237457592,0,0,-0.855380359251312,0.2983054237457592,2021-06-30,2020-12-31,nonnegative_high,2804,2809
rolling5_annual20,2548,2021-07-23,2021-08-02,-0.0537740931579083,2021,2020-12-31,learned_vol_interaction,20260910,0.3973707608981436,0.3973707608981436,0,0,-0.4164323956830928,0.3973707608981436,2021-06-30,2020-12-31,nonnegative_high,2809,2814
rolling5_annual20,2553,2021-07-30,2021-08-09,0.019904813945049,2021,2020-12-31,learned_vol_interaction,20260910,0.45645753128071037,0.45645753128071037,0,1,-0.17461217826760805,0.45645753128071037,2021-06-30,2020-12-31,negative_high,2814,2819
rolling5_annual20,2558,2021-08-06,2021-08-16,0.0093369268709639,2021,2020-12-31,learned_vol_interaction,20260910,0.4414614197613605,0.4414614197613605,0,1,-0.23523306267115196,0.4414614197613605,2021-06-30,2020-12-31,negative_high,2819,2824
rolling5_annual20,2563,2021-08-13,2021-08-23,-0.032048736608373,2021,2020-12-31,learned_vol_interaction,20260910,0.454673473148584,0.454673473148584,0,0,-0.18180522720148995,0.454673473148584,2021-06-30,2020-12-31,negative_high,2824,2829
rolling5_annual20,2568,2021-08-20,2021-08-30,0.0145047962107527,2021,2020-12-31,learned_vol_interaction,20260910,0.5753590432785457,0.5753590432785457,1,1,0.30375026486044343,0.5753590432785457,2021-06-30,2020-12-31,negative_high,2829,2834
rolling5_annual20,2573,2021-08-27,2021-09-06,-0.0012316820816045,2021,2020-12-31,learned_vol_interaction,20260910,0.5964802029549509,0.5964802029549509,1,0,0.3908205024964137,0.5964802029549509,2021-06-30,2020-12-31,negative_high,2834,2839
rolling5_annual20,2578,2021-09-03,2021-09-13,0.0342301066295398,2021,2020-12-31,learned_vol_interaction,20260910,0.7511535519201762,0.7511535519201762,1,1,1.1047740622755968,0.7511535519201762,2021-06-30,2020-12-31,negative_high,2839,2844
rolling5_annual20,2583,2021-09-10,2021-09-22,-0.0471441667981554,2021,2020-12-31,learned_vol_interaction,20260910,0.7354885736856006,0.7354885736856006,1,0,1.0226505544415123,0.7354885736856006,2021-06-30,2020-12-31,negative_high,2844,2849
rolling5_annual20,2588,2021-09-17,2021-09-28,0.0209863060789441,2021,2020-12-31,learned_vol_interaction,20260910,0.742822186176108,0.742822186176108,1,1,1.0606889690983154,0.742822186176108,2021-06-30,2020-12-31,negative_high,2849,2852
rolling5_annual20,2591,2021-09-24,2021-10-11,0.0144615416200457,2021,2020-12-31,learned_vol_interaction,20260910,0.7830893595033332,0.7830893595033332,1,1,1.2837613402210246,0.7830893595033332,2021-06-30,2020-12-31,negative_low,2852,2857
rolling5_annual20,2596,2021-10-08,2021-10-18,-0.0038006269617851,2021,2020-12-31,learned_vol_interaction,20260910,0.7389350198038485,0.7389350198038485,1,0,1.0404406445775571,0.7389350198038485,2021-09-30,2020-12-31,negative_low,2857,2862
rolling5_annual20,2601,2021-10-15,2021-10-25,0.0037358989621147,2021,2020-12-31,learned_vol_interaction,20260910,0.7518254704320237,0.7518254704320237,1,1,1.1083719629137176,0.7518254704320237,2021-09-30,2020-12-31,negative_low,2862,2867
rolling5_annual20,2606,2021-10-22,2021-11-01,-0.0127041632091318,2021,2020-12-31,learned_vol_interaction,20260910,0.5667069692887503,0.5667069692887503,1,0,0.26842811671616895,0.5667069692887503,2021-09-30,2020-12-31,negative_low,2867,2872
rolling5_annual20,2611,2021-10-29,2021-11-08,-0.0075807737801166,2021,2020-12-31,learned_vol_interaction,20260910,0.5978906470541093,0.5978906470541093,1,0,0.39668379888974203,0.5978906470541093,2021-09-30,2020-12-31,nonnegative_low,2872,2877
rolling5_annual20,2616,2021-11-05,2021-11-15,0.0110015182343039,2021,2020-12-31,learned_vol_interaction,20260910,0.7049509607400938,0.7049509607400938,1,1,0.8709866638553101,0.7049509607400938,2021-09-30,2020-12-31,negative_low,2877,2882
rolling5_annual20,2621,2021-11-12,2021-11-22,0.0002002284238551,2021,2020-12-31,learned_vol_interaction,20260910,0.7921347100152616,0.7921347100152616,1,1,1.337841240169132,0.7921347100152616,2021-09-30,2020-12-31,negative_low,2882,2887
rolling5_annual20,2626,2021-11-19,2021-11-29,-0.0153981603100059,2021,2020-12-31,learned_vol_interaction,20260910,0.8444124098063084,0.8444124098063084,1,0,1.691432158438465,0.8444124098063084,2021-09-30,2020-12-31,negative_low,2887,2892
rolling5_annual20,2631,2021-11-26,2021-12-06,0.0185518287306458,2021,2020-12-31,learned_vol_interaction,20260910,0.7462862952782527,0.7462862952782527,1,1,1.078902815866746,0.7462862952782527,2021-09-30,2020-12-31,negative_low,2892,2897
rolling5_annual20,2636,2021-12-03,2021-12-13,0.0367843110096284,2021,2020-12-31,learned_vol_interaction,20260910,0.7334407137174276,0.7334407137174276,1,1,1.0121500862917512,0.7334407137174276,2021-09-30,2020-12-31,nonnegative_low,2897,2902
rolling5_annual20,2641,2021-12-10,2021-12-20,-0.0304615698955996,2021,2020-12-31,learned_vol_interaction,20260910,0.6381604092645059,0.6381604092645059,1,0,0.567388682818156,0.6381604092645059,2021-09-30,2020-12-31,nonnegative_low,2902,2907
rolling5_annual20,2646,2021-12-17,2021-12-27,-0.0034083287233763,2021,2020-12-31,learned_vol_interaction,20260910,0.7623862004352224,0.7623862004352224,1,0,1.16580658723421,0.7623862004352224,2021-09-30,2020-12-31,nonnegative_low,2907,2912
rolling5_annual20,2651,2021-12-24,2022-01-04,0.0080985736506613,2021,2020-12-31,learned_vol_interaction,20260910,0.801892985798022,0.801892985798022,1,1,1.3981678043386503,0.801892985798022,2021-09-30,2020-12-31,nonnegative_low,2912,2917
rolling5_annual20,2656,2021-12-31,2022-01-10,-0.0293970528320001,2021,2020-12-31,learned_vol_interaction,20260910,0.7781175029999812,0.7781175029999812,1,0,1.2547295959531446,0.7781175029999812,2021-09-30,2020-12-31,nonnegative_low,2917,2921
rolling5_annual20,2418,2021-01-08,2021-01-18,-0.0120052904669853,2021,2020-12-31,learned_order_extension,20260910,0.5330538496767134,0.5330538496767134,1,0,0.1324085091309523,0.5330538496767134,2020-12-31,2020-12-31,nonnegative_low,2679,2684
rolling5_annual20,2423,2021-01-15,2021-01-25,0.0231622460538123,2021,2020-12-31,learned_order_extension,20260910,0.479592338912861,0.479592338912861,0,1,-0.08167601894963694,0.479592338912861,2020-12-31,2020-12-31,nonnegative_high,2684,2689
rolling5_annual20,2428,2021-01-22,2021-02-01,-0.0372511735907923,2021,2020-12-31,learned_order_extension,20260910,0.3707727762571325,0.3707727762571325,0,0,-0.5289030254242811,0.3707727762571325,2020-12-31,2020-12-31,nonnegative_high,2689,2694
rolling5_annual20,2433,2021-01-29,2021-02-08,0.0278689901714626,2021,2020-12-31,learned_order_extension,20260910,0.43176970986504826,0.43176970986504826,0,1,-0.2746344098399624,0.43176970986504826,2020-12-31,2020-12-31,nonnegative_high,2694,2699
rolling5_annual20,2438,2021-02-05,2021-02-22,0.0507379035040882,2021,2020-12-31,learned_order_extension,20260910,0.41923333650784145,0.41923333650784145,0,1,-0.32592141033751043,0.41923333650784145,2020-12-31,2020-12-31,nonnegative_high,2699,2704
rolling5_annual20,2443,2021-02-19,2021-03-01,-0.0684918010685315,2021,2020-12-31,learned_order_extension,20260910,0.47927687031403743,0.47927687031403743,0,0,-0.08294003177066134,0.47927687031403743,2020-12-31,2020-12-31,nonnegative_high,2704,2709
rolling5_annual20,2448,2021-02-26,2021-03-08,-0.0165997123904068,2021,2020-12-31,learned_order_extension,20260910,0.4709068161644563,0.4709068161644563,0,0,-0.11650433535870836,0.4709068161644563,2020-12-31,2020-12-31,nonnegative_high,2709,2714
rolling5_annual20,2453,2021-03-05,2021-03-15,-0.0346560901469681,2021,2020-12-31,learned_order_extension,20260910,0.45619563032762256,0.45619563032762256,0,0,-0.17566783621566995,0.45619563032762256,2020-12-31,2020-12-31,nonnegative_high,2714,2719
rolling5_annual20,2458,2021-03-12,2021-03-22,-0.0210550182560221,2021,2020-12-31,learned_order_extension,20260910,0.47999849102949665,0.47999849102949665,0,0,-0.08004875322916886,0.47999849102949665,2020-12-31,2020-12-31,nonnegative_high,2719,2724
rolling5_annual20,2463,2021-03-19,2021-03-29,0.0087572877565691,2021,2020-12-31,learned_order_extension,20260910,0.5898698686538169,0.5898698686538169,1,1,0.36342744810181776,0.5898698686538169,2020-12-31,2020-12-31,negative_high,2724,2729
rolling5_annual20,2468,2021-03-26,2021-04-06,0.0250145479448802,2021,2020-12-31,learned_order_extension,20260910,0.5737573684172776,0.5737573684172776,1,1,0.29719786201077436,0.5737573684172776,2020-12-31,2020-12-31,nonnegative_high,2729,2734
rolling5_annual20,2473,2021-04-02,2021-04-12,-0.0292856811827044,2021,2020-12-31,learned_order_extension,20260910,0.5606987442866249,0.5606987442866249,1,0,0.2439983541620354,0.5606987442866249,2021-03-31,2020-12-31,negative_high,2734,2738
rolling5_annual20,2477,2021-04-09,2021-04-19,-0.0120489836840408,2021,2020-12-31,learned_order_extension,20260910,0.7182274336525071,0.7182274336525071,1,0,0.9356860356257886,0.7182274336525071,2021-03-31,2020-12-31,negative_high,2738,2743
rolling5_annual20,2482,2021-04-16,2021-04-26,0.0382932540809155,2021,2020-12-31,learned_order_extension,20260910,0.6304814445875302,0.6304814445875302,1,1,0.5342827685406534,0.6304814445875302,2021-03-31,2020-12-31,negative_high,2743,2748
rolling5_annual20,2487,2021-04-23,2021-05-06,-0.0112070185917437,2021,2020-12-31,learned_order_extension,20260910,0.7209122130262224,0.7209122130262224,1,0,0.9489909916453572,0.7209122130262224,2021-03-31,2020-12-31,negative_high,2748,2753
rolling5_annual20,2492,2021-04-30,2021-05-12,-0.0190946889464188,2021,2020-12-31,learned_order_extension,20260910,0.7079591515466482,0.7079591515466482,1,0,0.8854927120258389,0.7079591515466482,2021-03-31,2020-12-31,negative_low,2753,2755
rolling5_annual20,2494,2021-05-07,2021-05-17,0.0227674429764228,2021,2020-12-31,learned_order_extension,20260910,0.7249150404118895,0.7249150404118895,1,1,0.9689744684391488,0.7249150404118895,2021-03-31,2020-12-31,negative_high,2755,2760
rolling5_annual20,2499,2021-05-14,2021-05-24,0.0045940519733895,2021,2020-12-31,learned_order_extension,20260910,0.6698431717025706,0.6698431717025706,1,1,0.7074758340641507,0.6698431717025706,2021-03-31,2020-12-31,negative_high,2760,2765
rolling5_annual20,2504,2021-05-21,2021-05-31,0.0348855085126711,2021,2020-12-31,learned_order_extension,20260910,0.637226950963881,0.637226950963881,1,1,0.5633484435940381,0.637226950963881,2021-03-31,2020-12-31,negative_low,2765,2770
rolling5_annual20,2509,2021-05-28,2021-06-07,-0.0062409741861724,2021,2020-12-31,learned_order_extension,20260910,0.5886282988716269,0.5886282988716269,1,0,0.35829772482045363,0.5886282988716269,2021-03-31,2020-12-31,negative_high,2770,2775
rolling5_annual20,2514,2021-06-04,2021-06-15,-0.0125508761771767,2021,2020-12-31,learned_order_extension,20260910,0.45708512700896387,0.45708512700896387,0,0,-0.17208288889839135,0.45708512700896387,2021-03-31,2020-12-31,nonnegative_high,2775,2780
rolling5_annual20,2519,2021-06-11,2021-06-21,-0.0250011497424577,2021,2020-12-31,learned_order_extension,20260910,0.2698925230706461,0.2698925230706461,0,0,-0.995167934926632,0.2698925230706461,2021-03-31,2020-12-31,nonnegative_low,2780,2784
rolling5_annual20,2523,2021-06-18,2021-06-28,0.0325308711127356,2021,2020-12-31,learned_order_extension,20260910,0.2635709565277681,0.2635709565277681,0,1,-1.02749027191981,0.2635709565277681,2021-03-31,2020-12-31,nonnegative_low,2784,2789
rolling5_annual20,2528,2021-06-25,2021-07-05,-0.0342297962734196,2021,2020-12-31,learned_order_extension,20260910,0.3555705506909634,0.3555705506909634,0,0,-0.5946416662333736,0.3555705506909634,2021-03-31,2020-12-31,nonnegative_low,2789,2794
rolling5_annual20,2533,2021-07-02,2021-07-12,0.0068193733271841,2021,2020-12-31,learned_order_extension,20260910,0.3215356208455046,0.3215356208455046,0,1,-0.7467236451657184,0.3215356208455046,2021-06-30,2020-12-31,negative_high,2794,2799
rolling5_annual20,2538,2021-07-09,2021-07-19,-0.0048254045313779,2021,2020-12-31,learned_order_extension,20260910,0.30960513014389496,0.30960513014389496,0,0,-0.8019659972475949,0.30960513014389496,2021-06-30,2020-12-31,nonnegative_high,2799,2804
rolling5_annual20,2543,2021-07-16,2021-07-26,-0.0032299118953994,2021,2020-12-31,learned_order_extension,20260910,0.26346674807178416,0.26346674807178416,0,0,-1.028027216719809,0.26346674807178416,2021-06-30,2020-12-31,nonnegative_high,2804,2809
rolling5_annual20,2548,2021-07-23,2021-08-02,-0.0537740931579083,2021,2020-12-31,learned_order_extension,20260910,0.37768275856106887,0.37768275856106887,0,0,-0.49939541700833157,0.37768275856106887,2021-06-30,2020-12-31,nonnegative_high,2809,2814
rolling5_annual20,2553,2021-07-30,2021-08-09,0.019904813945049,2021,2020-12-31,learned_order_extension,20260910,0.4428695355453456,0.4428695355453456,0,1,-0.2295242150126373,0.4428695355453456,2021-06-30,2020-12-31,negative_high,2814,2819
rolling5_annual20,2558,2021-08-06,2021-08-16,0.0093369268709639,2021,2020-12-31,learned_order_extension,20260910,0.4229515556966854,0.4229515556966854,0,1,-0.3106685749669902,0.4229515556966854,2021-06-30,2020-12-31,negative_high,2819,2824
rolling5_annual20,2563,2021-08-13,2021-08-23,-0.032048736608373,2021,2020-12-31,learned_order_extension,20260910,0.4456618802062691,0.4456618802062691,0,0,-0.2182142767371631,0.4456618802062691,2021-06-30,2020-12-31,negative_high,2824,2829
rolling5_annual20,2568,2021-08-20,2021-08-30,0.0145047962107527,2021,2020-12-31,learned_order_extension,20260910,0.5729448112364248,0.5729448112364248,1,1,0.2938761440406561,0.5729448112364248,2021-06-30,2020-12-31,negative_high,2829,2834
rolling5_annual20,2573,2021-08-27,2021-09-06,-0.0012316820816045,2021,2020-12-31,learned_order_extension,20260910,0.5932306473216634,0.5932306473216634,1,0,0.37733694955767194,0.5932306473216634,2021-06-30,2020-12-31,negative_high,2834,2839
rolling5_annual20,2578,2021-09-03,2021-09-13,0.0342301066295398,2021,2020-12-31,learned_order_extension,20260910,0.7530250371326861,0.7530250371326861,1,1,1.114811510510787,0.7530250371326861,2021-06-30,2020-12-31,negative_high,2839,2844
rolling5_annual20,2583,2021-09-10,2021-09-22,-0.0471441667981554,2021,2020-12-31,learned_order_extension,20260910,0.7486737724952331,0.7486737724952331,1,0,1.0915515314840503,0.7486737724952331,2021-06-30,2020-12-31,negative_high,2844,2849
rolling5_annual20,2588,2021-09-17,2021-09-28,0.0209863060789441,2021,2020-12-31,learned_order_extension,20260910,0.7583098115704442,0.7583098115704442,1,1,1.1434353316437647,0.7583098115704442,2021-06-30,2020-12-31,negative_high,2849,2852
rolling5_annual20,2591,2021-09-24,2021-10-11,0.0144615416200457,2021,2020-12-31,learned_order_extension,20260910,0.8103635906047445,0.8103635906047445,1,1,1.4523744201806141,0.8103635906047445,2021-06-30,2020-12-31,negative_low,2852,2857
rolling5_annual20,2596,2021-10-08,2021-10-18,-0.0038006269617851,2021,2020-12-31,learned_order_extension,20260910,0.7561808318033095,0.7561808318033095,1,0,1.1318537064993626,0.7561808318033095,2021-09-30,2020-12-31,negative_low,2857,2862
rolling5_annual20,2601,2021-10-15,2021-10-25,0.0037358989621147,2021,2020-12-31,learned_order_extension,20260910,0.7694557887920218,0.7694557887920218,1,1,1.2052408474481802,0.7694557887920218,2021-09-30,2020-12-31,negative_low,2862,2867
rolling5_annual20,2606,2021-10-22,2021-11-01,-0.0127041632091318,2021,2020-12-31,learned_order_extension,20260910,0.5615338980352494,0.5615338980352494,1,0,0.2473896385586572,0.5615338980352494,2021-09-30,2020-12-31,negative_low,2867,2872
rolling5_annual20,2611,2021-10-29,2021-11-08,-0.0075807737801166,2021,2020-12-31,learned_order_extension,20260910,0.6036504395848563,0.6036504395848563,1,0,0.42069873778957434,0.6036504395848563,2021-09-30,2020-12-31,nonnegative_low,2872,2877
rolling5_annual20,2616,2021-11-05,2021-11-15,0.0110015182343039,2021,2020-12-31,learned_order_extension,20260910,0.7240099906328699,0.7240099906328699,1,1,0.9644405243903713,0.7240099906328699,2021-09-30,2020-12-31,negative_low,2877,2882
rolling5_annual20,2621,2021-11-12,2021-11-22,0.0002002284238551,2021,2020-12-31,learned_order_extension,20260910,0.8323347557675079,0.8323347557675079,1,1,1.6022653128891668,0.8323347557675079,2021-09-30,2020-12-31,negative_low,2882,2887
rolling5_annual20,2626,2021-11-19,2021-11-29,-0.0153981603100059,2021,2020-12-31,learned_order_extension,20260910,0.8873632409726487,0.8873632409726487,1,0,2.0640862956408403,0.8873632409726487,2021-09-30,2020-12-31,negative_low,2887,2892
rolling5_annual20,2631,2021-11-26,2021-12-06,0.0185518287306458,2021,2020-12-31,learned_order_extension,20260910,0.7750880996921731,0.7750880996921731,1,1,1.2372679285751356,0.7750880996921731,2021-09-30,2020-12-31,negative_low,2892,2897
rolling5_annual20,2636,2021-12-03,2021-12-13,0.0367843110096284,2021,2020-12-31,learned_order_extension,20260910,0.7534897898811092,0.7534897898811092,1,1,1.1173120547318667,0.7534897898811092,2021-09-30,2020-12-31,nonnegative_low,2897,2902
rolling5_annual20,2641,2021-12-10,2021-12-20,-0.0304615698955996,2021,2020-12-31,learned_order_extension,20260910,0.6528475687663766,0.6528475687663766,1,0,0.6315797032318333,0.6528475687663766,2021-09-30,2020-12-31,nonnegative_low,2902,2907
rolling5_annual20,2646,2021-12-17,2021-12-27,-0.0034083287233763,2021,2020-12-31,learned_order_extension,20260910,0.799691742557479,0.799691742557479,1,0,1.3843688644126808,0.799691742557479,2021-09-30,2020-12-31,nonnegative_low,2907,2912
rolling5_annual20,2651,2021-12-24,2022-01-04,0.0080985736506613,2021,2020-12-31,learned_order_extension,20260910,0.8273154011733129,0.8273154011733129,1,1,1.5667191998045324,0.8273154011733129,2021-09-30,2020-12-31,nonnegative_low,2912,2917
rolling5_annual20,2656,2021-12-31,2022-01-10,-0.0293970528320001,2021,2020-12-31,learned_order_extension,20260910,0.8069727850322581,0.8069727850322581,1,0,1.4304587549139247,0.8069727850322581,2021-09-30,2020-12-31,nonnegative_low,2917,2921
rolling5_annual20,2418,2021-01-08,2021-01-18,-0.0120052904669853,2021,2020-12-31,learned_order_offset,20260910,0.5336151486659025,0.5336151486659025,1,0,0.1346637292303589,0.5336151486659025,2020-12-31,2020-12-31,nonnegative_low,2679,2684
rolling5_annual20,2423,2021-01-15,2021-01-25,0.0231622460538123,2021,2020-12-31,learned_order_offset,20260910,0.48002913839274924,0.48002913839274924,0,1,-0.07992596759040338,0.48002913839274924,2020-12-31,2020-12-31,nonnegative_high,2684,2689
rolling5_annual20,2428,2021-01-22,2021-02-01,-0.0372511735907923,2021,2020-12-31,learned_order_offset,20260910,0.37113237990157133,0.37113237990157133,0,0,-0.5273619555533126,0.37113237990157133,2020-12-31,2020-12-31,nonnegative_high,2689,2694
rolling5_annual20,2433,2021-01-29,2021-02-08,0.0278689901714626,2021,2020-12-31,learned_order_offset,20260910,0.43182028534515077,0.43182028534515077,0,1,-0.27442827217369453,0.43182028534515077,2020-12-31,2020-12-31,nonnegative_high,2694,2699
rolling5_annual20,2438,2021-02-05,2021-02-22,0.0507379035040882,2021,2020-12-31,learned_order_offset,20260910,0.4191495029175148,0.4191495029175148,0,1,-0.3262657385903776,0.4191495029175148,2020-12-31,2020-12-31,nonnegative_high,2699,2704
rolling5_annual20,2443,2021-02-19,2021-03-01,-0.0684918010685315,2021,2020-12-31,learned_order_offset,20260910,0.479618495019198,0.479618495019198,0,0,-0.0815712201646503,0.479618495019198,2020-12-31,2020-12-31,nonnegative_high,2704,2709
rolling5_annual20,2448,2021-02-26,2021-03-08,-0.0165997123904068,2021,2020-12-31,learned_order_offset,20260910,0.47073396029682846,0.47073396029682846,0,0,-0.11719812173314487,0.47073396029682846,2020-12-31,2020-12-31,nonnegative_high,2709,2714
rolling5_annual20,2453,2021-03-05,2021-03-15,-0.0346560901469681,2021,2020-12-31,learned_order_offset,20260910,0.4561872166710552,0.4561872166710552,0,0,-0.1757017511993167,0.4561872166710552,2020-12-31,2020-12-31,nonnegative_high,2714,2719
rolling5_annual20,2458,2021-03-12,2021-03-22,-0.0210550182560221,2021,2020-12-31,learned_order_offset,20260910,0.48027551652013106,0.48027551652013106,0,0,-0.078938899717773,0.48027551652013106,2020-12-31,2020-12-31,nonnegative_high,2719,2724
rolling5_annual20,2463,2021-03-19,2021-03-29,0.0087572877565691,2021,2020-12-31,learned_order_offset,20260910,0.5905225656238325,0.5905225656238325,1,1,0.3661260528759379,0.5905225656238325,2020-12-31,2020-12-31,negative_high,2724,2729
rolling5_annual20,2468,2021-03-26,2021-04-06,0.0250145479448802,2021,2020-12-31,learned_order_offset,20260910,0.5737282476957762,0.5737282476957762,1,1,0.2970787890488352,0.5737282476957762,2020-12-31,2020-12-31,nonnegative_high,2729,2734
rolling5_annual20,2473,2021-04-02,2021-04-12,-0.0292856811827044,2021,2020-12-31,learned_order_offset,20260910,0.5601705309594638,0.5601705309594638,1,0,0.24185417551790755,0.5601705309594638,2021-03-31,2020-12-31,negative_high,2734,2738
rolling5_annual20,2477,2021-04-09,2021-04-19,-0.0120489836840408,2021,2020-12-31,learned_order_offset,20260910,0.7179682807976931,0.7179682807976931,1,0,0.9344058468568173,0.7179682807976931,2021-03-31,2020-12-31,negative_high,2738,2743
rolling5_annual20,2482,2021-04-16,2021-04-26,0.0382932540809155,2021,2020-12-31,learned_order_offset,20260910,0.6306810809758883,0.6306810809758883,1,1,0.5351397663880846,0.6306810809758883,2021-03-31,2020-12-31,negative_high,2743,2748
rolling5_annual20,2487,2021-04-23,2021-05-06,-0.0112070185917437,2021,2020-12-31,learned_order_offset,20260910,0.7206078147510746,0.7206078147510746,1,0,0.9474785663675727,0.7206078147510746,2021-03-31,2020-12-31,negative_high,2748,2753
rolling5_annual20,2492,2021-04-30,2021-05-12,-0.0190946889464188,2021,2020-12-31,learned_order_offset,20260910,0.7081889914509276,0.7081889914509276,1,0,0.8866046334223857,0.7081889914509276,2021-03-31,2020-12-31,negative_low,2753,2755
rolling5_annual20,2494,2021-05-07,2021-05-17,0.0227674429764228,2021,2020-12-31,learned_order_offset,20260910,0.7251521525843039,0.7251521525843039,1,1,0.9701638360446916,0.7251521525843039,2021-03-31,2020-12-31,negative_high,2755,2760
rolling5_annual20,2499,2021-05-14,2021-05-24,0.0045940519733895,2021,2020-12-31,learned_order_offset,20260910,0.6694154575019221,0.6694154575019221,1,1,0.7055424516983836,0.6694154575019221,2021-03-31,2020-12-31,negative_high,2760,2765
rolling5_annual20,2504,2021-05-21,2021-05-31,0.0348855085126711,2021,2020-12-31,learned_order_offset,20260910,0.6371708245860618,0.6371708245860618,1,1,0.5631056577297558,0.6371708245860618,2021-03-31,2020-12-31,negative_low,2765,2770
rolling5_annual20,2509,2021-05-28,2021-06-07,-0.0062409741861724,2021,2020-12-31,learned_order_offset,20260910,0.5888200734182478,0.5888200734182478,1,0,0.35908976264540254,0.5888200734182478,2021-03-31,2020-12-31,negative_high,2770,2775
rolling5_annual20,2514,2021-06-04,2021-06-15,-0.0125508761771767,2021,2020-12-31,learned_order_offset,20260910,0.45742240834197484,0.45742240834197484,0,0,-0.17072383020561704,0.45742240834197484,2021-03-31,2020-12-31,nonnegative_high,2775,2780
rolling5_annual20,2519,2021-06-11,2021-06-21,-0.0250011497424577,2021,2020-12-31,learned_order_offset,20260910,0.2701660447902878,0.2701660447902878,0,0,-0.9937802989729658,0.2701660447902878,2021-03-31,2020-12-31,nonnegative_low,2780,2784
rolling5_annual20,2523,2021-06-18,2021-06-28,0.0325308711127356,2021,2020-12-31,learned_order_offset,20260910,0.2637900504073793,0.2637900504073793,0,1,-1.026361812501285,0.2637900504073793,2021-03-31,2020-12-31,nonnegative_low,2784,2789
rolling5_annual20,2528,2021-06-25,2021-07-05,-0.0342297962734196,2021,2020-12-31,learned_order_offset,20260910,0.3559086153667759,0.3559086153667759,0,0,-0.5931666181502369,0.3559086153667759,2021-03-31,2020-12-31,nonnegative_low,2789,2794
rolling5_annual20,2533,2021-07-02,2021-07-12,0.0068193733271841,2021,2020-12-31,learned_order_offset,20260910,0.3216916416287179,0.3216916416287179,0,1,-0.746008538378973,0.3216916416287179,2021-06-30,2020-12-31,negative_high,2794,2799
rolling5_annual20,2538,2021-07-09,2021-07-19,-0.0048254045313779,2021,2020-12-31,learned_order_offset,20260910,0.3101145030268536,0.3101145030268536,0,0,-0.7995840435213116,0.3101145030268536,2021-06-30,2020-12-31,nonnegative_high,2799,2804
rolling5_annual20,2543,2021-07-16,2021-07-26,-0.0032299118953994,2021,2020-12-31,learned_order_offset,20260910,0.26392360125279063,0.26392360125279063,0,0,-1.025674243916211,0.26392360125279063,2021-06-30,2020-12-31,nonnegative_high,2804,2809
rolling5_annual20,2548,2021-07-23,2021-08-02,-0.0537740931579083,2021,2020-12-31,learned_order_offset,20260910,0.3781019647861085,0.3781019647861085,0,0,-0.4976122414213069,0.3781019647861085,2021-06-30,2020-12-31,nonnegative_high,2809,2814
rolling5_annual20,2553,2021-07-30,2021-08-09,0.019904813945049,2021,2020-12-31,learned_order_offset,20260910,0.443071770145631,0.443071770145631,0,1,-0.22870461409523957,0.443071770145631,2021-06-30,2020-12-31,negative_high,2814,2819
rolling5_annual20,2558,2021-08-06,2021-08-16,0.0093369268709639,2021,2020-12-31,learned_order_offset,20260910,0.4229308279115627,0.4229308279115627,0,1,-0.3107535033467253,0.4229308279115627,2021-06-30,2020-12-31,negative_high,2819,2824
rolling5_annual20,2563,2021-08-13,2021-08-23,-0.032048736608373,2021,2020-12-31,learned_order_offset,20260910,0.4454769793108894,0.4454769793108894,0,0,-0.2189627502991185,0.4454769793108894,2021-06-30,2020-12-31,negative_high,2824,2829
rolling5_annual20,2568,2021-08-20,2021-08-30,0.0145047962107527,2021,2020-12-31,learned_order_offset,20260910,0.5730433431588372,0.5730433431588372,1,1,0.2942788545153149,0.5730433431588372,2021-06-30,2020-12-31,negative_high,2829,2834
rolling5_annual20,2573,2021-08-27,2021-09-06,-0.0012316820816045,2021,2020-12-31,learned_order_offset,20260910,0.5924044756946784,0.5924044756946784,1,0,0.37391431687222454,0.5924044756946784,2021-06-30,2020-12-31,negative_high,2834,2839
rolling5_annual20,2578,2021-09-03,2021-09-13,0.0342301066295398,2021,2020-12-31,learned_order_offset,20260910,0.7533662187579737,0.7533662187579737,1,1,1.11664688651078,0.7533662187579737,2021-06-30,2020-12-31,negative_high,2839,2844
rolling5_annual20,2583,2021-09-10,2021-09-22,-0.0471441667981554,2021,2020-12-31,learned_order_offset,20260910,0.7490237805795243,0.7490237805795243,1,0,1.0934125414869704,0.7490237805795243,2021-06-30,2020-12-31,negative_high,2844,2849
rolling5_annual20,2588,2021-09-17,2021-09-28,0.0209863060789441,2021,2020-12-31,learned_order_offset,20260910,0.7578019779876107,0.7578019779876107,1,1,1.1406664444196264,0.7578019779876107,2021-06-30,2020-12-31,negative_high,2849,2852
rolling5_annual20,2591,2021-09-24,2021-10-11,0.0144615416200457,2021,2020-12-31,learned_order_offset,20260910,0.8099614624313016,0.8099614624313016,1,1,1.4497597883870033,0.8099614624313016,2021-06-30,2020-12-31,negative_low,2852,2857
rolling5_annual20,2596,2021-10-08,2021-10-18,-0.0038006269617851,2021,2020-12-31,learned_order_offset,20260910,0.7558117307103386,0.7558117307103386,1,0,1.1298527884977183,0.7558117307103386,2021-09-30,2020-12-31,negative_low,2857,2862
rolling5_annual20,2601,2021-10-15,2021-10-25,0.0037358989621147,2021,2020-12-31,learned_order_offset,20260910,0.7689767891616536,0.7689767891616536,1,1,1.2025426006116136,0.7689767891616536,2021-09-30,2020-12-31,negative_low,2862,2867
rolling5_annual20,2606,2021-10-22,2021-11-01,-0.0127041632091318,2021,2020-12-31,learned_order_offset,20260910,0.5615967587205846,0.5615967587205846,1,0,0.2476449521502173,0.5615967587205846,2021-09-30,2020-12-31,negative_low,2867,2872
rolling5_annual20,2611,2021-10-29,2021-11-08,-0.0075807737801166,2021,2020-12-31,learned_order_offset,20260910,0.6034269345495461,0.6034269345495461,1,0,0.4197646635564879,0.6034269345495461,2021-09-30,2020-12-31,nonnegative_low,2872,2877
rolling5_annual20,2616,2021-11-05,2021-11-15,0.0110015182343039,2021,2020-12-31,learned_order_offset,20260910,0.7234699294457386,0.7234699294457386,1,1,0.9617394132755646,0.7234699294457386,2021-09-30,2020-12-31,negative_low,2877,2882
rolling5_annual20,2621,2021-11-12,2021-11-22,0.0002002284238551,2021,2020-12-31,learned_order_offset,20260910,0.8319926561058519,0.8319926561058519,1,1,1.5998159218829127,0.8319926561058519,2021-09-30,2020-12-31,negative_low,2882,2887
rolling5_annual20,2626,2021-11-19,2021-11-29,-0.0153981603100059,2021,2020-12-31,learned_order_offset,20260910,0.887309504410544,0.887309504410544,1,0,2.0635487716260053,0.887309504410544,2021-09-30,2020-12-31,negative_low,2887,2892
rolling5_annual20,2631,2021-11-26,2021-12-06,0.0185518287306458,2021,2020-12-31,learned_order_offset,20260910,0.7746760492907543,0.7746760492907543,1,1,1.2349057934078176,0.7746760492907543,2021-09-30,2020-12-31,negative_low,2892,2897
rolling5_annual20,2636,2021-12-03,2021-12-13,0.0367843110096284,2021,2020-12-31,learned_order_offset,20260910,0.7532912032975808,0.7532912032975808,1,1,1.1162431968200273,0.7532912032975808,2021-09-30,2020-12-31,nonnegative_low,2897,2902
rolling5_annual20,2641,2021-12-10,2021-12-20,-0.0304615698955996,2021,2020-12-31,learned_order_offset,20260910,0.6527672096530658,0.6527672096530658,1,0,0.6312251515071644,0.6527672096530658,2021-09-30,2020-12-31,nonnegative_low,2902,2907
rolling5_annual20,2646,2021-12-17,2021-12-27,-0.0034083287233763,2021,2020-12-31,learned_order_offset,20260910,0.7996262996967062,0.7996262996967062,1,0,1.3839603685647588,0.7996262996967062,2021-09-30,2020-12-31,nonnegative_low,2907,2912
rolling5_annual20,2651,2021-12-24,2022-01-04,0.0080985736506613,2021,2020-12-31,learned_order_offset,20260910,0.8271891503369482,0.8271891503369482,1,1,1.565835745736937,0.8271891503369482,2021-09-30,2020-12-31,nonnegative_low,2912,2917
rolling5_annual20,2656,2021-12-31,2022-01-10,-0.0293970528320001,2021,2020-12-31,learned_order_offset,20260910,0.8067823326626401,0.8067823326626401,1,0,1.4292365443588682,0.8067823326626401,2021-09-30,2020-12-31,nonnegative_low,2917,2921
rolling5_annual20,2418,2021-01-08,2021-01-18,-0.0120052904669853,2021,2020-12-31,learned_market,20260911,0.47359422145655633,0.47359422145655633,0,0,-0.10572147524803566,0.47359422145655633,2020-12-31,2020-12-31,nonnegative_low,2679,2684
rolling5_annual20,2423,2021-01-15,2021-01-25,0.0231622460538123,2021,2020-12-31,learned_market,20260911,0.29529449998072343,0.29529449998072343,0,1,-0.869806821685321,0.29529449998072343,2020-12-31,2020-12-31,nonnegative_high,2684,2689
rolling5_annual20,2428,2021-01-22,2021-02-01,-0.0372511735907923,2021,2020-12-31,learned_market,20260911,0.47394332492431446,0.47394332492431446,0,0,-0.10432120734949515,0.47394332492431446,2020-12-31,2020-12-31,nonnegative_high,2689,2694
rolling5_annual20,2433,2021-01-29,2021-02-08,0.0278689901714626,2021,2020-12-31,learned_market,20260911,0.34860128575085947,0.34860128575085947,0,1,-0.6251930976069475,0.34860128575085947,2020-12-31,2020-12-31,nonnegative_high,2694,2699
rolling5_annual20,2438,2021-02-05,2021-02-22,0.0507379035040882,2021,2020-12-31,learned_market,20260911,0.5472341429725764,0.5472341429725764,1,1,0.1895016401904593,0.5472341429725764,2020-12-31,2020-12-31,nonnegative_high,2699,2704
rolling5_annual20,2443,2021-02-19,2021-03-01,-0.0684918010685315,2021,2020-12-31,learned_market,20260911,0.4390527856170199,0.4390527856170199,0,0,-0.2450071626544993,0.4390527856170199,2020-12-31,2020-12-31,nonnegative_high,2704,2709
rolling5_annual20,2448,2021-02-26,2021-03-08,-0.0165997123904068,2021,2020-12-31,learned_market,20260911,0.4901857818012489,0.4901857818012489,0,0,-0.0392619155313948,0.4901857818012489,2020-12-31,2020-12-31,nonnegative_high,2709,2714
rolling5_annual20,2453,2021-03-05,2021-03-15,-0.0346560901469681,2021,2020-12-31,learned_market,20260911,0.3640545492155067,0.3640545492155067,0,0,-0.5578090735640204,0.3640545492155067,2020-12-31,2020-12-31,nonnegative_high,2714,2719
rolling5_annual20,2458,2021-03-12,2021-03-22,-0.0210550182560221,2021,2020-12-31,learned_market,20260911,0.27457561641477635,0.27457561641477635,0,0,-0.9715301476198817,0.27457561641477635,2020-12-31,2020-12-31,nonnegative_high,2719,2724
rolling5_annual20,2463,2021-03-19,2021-03-29,0.0087572877565691,2021,2020-12-31,learned_market,20260911,0.5317095579141908,0.5317095579141908,1,1,0.127008690318909,0.5317095579141908,2020-12-31,2020-12-31,negative_high,2724,2729
rolling5_annual20,2468,2021-03-26,2021-04-06,0.0250145479448802,2021,2020-12-31,learned_market,20260911,0.48950965003399194,0.48950965003399194,0,1,-0.04196755848367095,0.48950965003399194,2020-12-31,2020-12-31,nonnegative_high,2729,2734
rolling5_annual20,2473,2021-04-02,2021-04-12,-0.0292856811827044,2021,2020-12-31,learned_market,20260911,0.6284072500994273,0.6284072500994273,1,0,0.5253899474548258,0.6284072500994273,2021-03-31,2020-12-31,negative_high,2734,2738
rolling5_annual20,2477,2021-04-09,2021-04-19,-0.0120489836840408,2021,2020-12-31,learned_market,20260911,0.5279187640170273,0.5279187640170273,1,0,0.11179133493112914,0.5279187640170273,2021-03-31,2020-12-31,negative_high,2738,2743
rolling5_annual20,2482,2021-04-16,2021-04-26,0.0382932540809155,2021,2020-12-31,learned_market,20260911,0.4865076820291842,0.4865076820291842,0,1,-0.05398237722144028,0.4865076820291842,2021-03-31,2020-12-31,negative_high,2743,2748
rolling5_annual20,2487,2021-04-23,2021-05-06,-0.0112070185917437,2021,2020-12-31,learned_market,20260911,0.5300805747669529,0.5300805747669529,1,0,0.12046777852031704,0.5300805747669529,2021-03-31,2020-12-31,negative_high,2748,2753
rolling5_annual20,2492,2021-04-30,2021-05-12,-0.0190946889464188,2021,2020-12-31,learned_market,20260911,0.6951452745996383,0.6951452745996383,1,0,0.8242854989494157,0.6951452745996383,2021-03-31,2020-12-31,negative_low,2753,2755
rolling5_annual20,2494,2021-05-07,2021-05-17,0.0227674429764228,2021,2020-12-31,learned_market,20260911,0.7605988126578928,0.7605988126578928,1,1,1.1559652816636117,0.7605988126578928,2021-03-31,2020-12-31,negative_high,2755,2760
rolling5_annual20,2499,2021-05-14,2021-05-24,0.0045940519733895,2021,2020-12-31,learned_market,20260911,0.431899455562366,0.431899455562366,0,1,-0.2741055985090973,0.431899455562366,2021-03-31,2020-12-31,negative_high,2760,2765
rolling5_annual20,2504,2021-05-21,2021-05-31,0.0348855085126711,2021,2020-12-31,learned_market,20260911,0.6176291390559848,0.6176291390559848,1,1,0.4794972008979054,0.6176291390559848,2021-03-31,2020-12-31,negative_low,2765,2770
rolling5_annual20,2509,2021-05-28,2021-06-07,-0.0062409741861724,2021,2020-12-31,learned_market,20260911,0.5529696066128726,0.5529696066128726,1,0,0.21267645263816218,0.5529696066128726,2021-03-31,2020-12-31,negative_high,2770,2775
rolling5_annual20,2514,2021-06-04,2021-06-15,-0.0125508761771767,2021,2020-12-31,learned_market,20260911,0.43021338956165145,0.43021338956165145,0,0,-0.2809805826950542,0.43021338956165145,2021-03-31,2020-12-31,nonnegative_high,2775,2780
rolling5_annual20,2519,2021-06-11,2021-06-21,-0.0250011497424577,2021,2020-12-31,learned_market,20260911,0.23588261601608784,0.23588261601608784,0,0,-1.1753871297985468,0.23588261601608784,2021-03-31,2020-12-31,nonnegative_low,2780,2784
rolling5_annual20,2523,2021-06-18,2021-06-28,0.0325308711127356,2021,2020-12-31,learned_market,20260911,0.4400528193036787,0.4400528193036787,0,1,-0.2409476955160111,0.4400528193036787,2021-03-31,2020-12-31,nonnegative_low,2784,2789
rolling5_annual20,2528,2021-06-25,2021-07-05,-0.0342297962734196,2021,2020-12-31,learned_market,20260911,0.398327544114051,0.398327544114051,0,0,-0.4124385620366924,0.398327544114051,2021-03-31,2020-12-31,nonnegative_low,2789,2794
rolling5_annual20,2533,2021-07-02,2021-07-12,0.0068193733271841,2021,2020-12-31,learned_market,20260911,0.48682640109202396,0.48682640109202396,0,1,-0.05270659375397657,0.48682640109202396,2021-06-30,2020-12-31,negative_high,2794,2799
rolling5_annual20,2538,2021-07-09,2021-07-19,-0.0048254045313779,2021,2020-12-31,learned_market,20260911,0.24332467078520445,0.24332467078520445,0,0,-1.1345376247155083,0.24332467078520445,2021-06-30,2020-12-31,nonnegative_high,2799,2804
rolling5_annual20,2543,2021-07-16,2021-07-26,-0.0032299118953994,2021,2020-12-31,learned_market,20260911,0.35925555662388703,0.35925555662388703,0,0,-0.5785967010149368,0.35925555662388703,2021-06-30,2020-12-31,nonnegative_high,2804,2809
rolling5_annual20,2548,2021-07-23,2021-08-02,-0.0537740931579083,2021,2020-12-31,learned_market,20260911,0.39776512063817443,0.39776512063817443,0,0,-0.414785852339525,0.39776512063817443,2021-06-30,2020-12-31,nonnegative_high,2809,2814
rolling5_annual20,2553,2021-07-30,2021-08-09,0.019904813945049,2021,2020-12-31,learned_market,20260911,0.552232244409667,0.552232244409667,1,1,0.20969399512245118,0.552232244409667,2021-06-30,2020-12-31,negative_high,2814,2819
rolling5_annual20,2558,2021-08-06,2021-08-16,0.0093369268709639,2021,2020-12-31,learned_market,20260911,0.6069177458010507,0.6069177458010507,1,1,0.43437438430295655,0.6069177458010507,2021-06-30,2020-12-31,negative_high,2819,2824
rolling5_annual20,2563,2021-08-13,2021-08-23,-0.032048736608373,2021,2020-12-31,learned_market,20260911,0.6395330957156883,0.6395330957156883,1,0,0.5733382246930971,0.6395330957156883,2021-06-30,2020-12-31,negative_high,2824,2829
rolling5_annual20,2568,2021-08-20,2021-08-30,0.0145047962107527,2021,2020-12-31,learned_market,20260911,0.49778467368571605,0.49778467368571605,0,1,-0.008861363242309184,0.49778467368571605,2021-06-30,2020-12-31,negative_high,2829,2834
rolling5_annual20,2573,2021-08-27,2021-09-06,-0.0012316820816045,2021,2020-12-31,learned_market,20260911,0.7992998823896141,0.7992998823896141,1,0,1.3819243556871843,0.7992998823896141,2021-06-30,2020-12-31,negative_high,2834,2839
rolling5_annual20,2578,2021-09-03,2021-09-13,0.0342301066295398,2021,2020-12-31,learned_market,20260911,0.7641264012677613,0.7641264012677613,1,1,1.1754371592180388,0.7641264012677613,2021-06-30,2020-12-31,negative_high,2839,2844
rolling5_annual20,2583,2021-09-10,2021-09-22,-0.0471441667981554,2021,2020-12-31,learned_market,20260911,0.7188187190189923,0.7188187190189923,1,0,0.9386096072368129,0.7188187190189923,2021-06-30,2020-12-31,negative_high,2844,2849
rolling5_annual20,2588,2021-09-17,2021-09-28,0.0209863060789441,2021,2020-12-31,learned_market,20260911,0.752347288149094,0.752347288149094,1,1,1.1111706273802229,0.752347288149094,2021-06-30,2020-12-31,negative_high,2849,2852
rolling5_annual20,2591,2021-09-24,2021-10-11,0.0144615416200457,2021,2020-12-31,learned_market,20260911,0.64950288661138,0.64950288661138,1,1,0.6168548097151756,0.64950288661138,2021-06-30,2020-12-31,negative_low,2852,2857
rolling5_annual20,2596,2021-10-08,2021-10-18,-0.0038006269617851,2021,2020-12-31,learned_market,20260911,0.8841800832116901,0.8841800832116901,1,0,2.032624212590746,0.8841800832116901,2021-09-30,2020-12-31,negative_low,2857,2862
rolling5_annual20,2601,2021-10-15,2021-10-25,0.0037358989621147,2021,2020-12-31,learned_market,20260911,0.808000302780614,0.808000302780614,1,1,1.4370686382053344,0.808000302780614,2021-09-30,2020-12-31,negative_low,2862,2867
rolling5_annual20,2606,2021-10-22,2021-11-01,-0.0127041632091318,2021,2020-12-31,learned_market,20260911,0.6012191405144072,0.6012191405144072,1,0,0.41054745289096634,0.6012191405144072,2021-09-30,2020-12-31,negative_low,2867,2872
rolling5_annual20,2611,2021-10-29,2021-11-08,-0.0075807737801166,2021,2020-12-31,learned_market,20260911,0.8459495803183871,0.8459495803183871,1,0,1.7031798107380802,0.8459495803183871,2021-09-30,2020-12-31,nonnegative_low,2872,2877
rolling5_annual20,2616,2021-11-05,2021-11-15,0.0110015182343039,2021,2020-12-31,learned_market,20260911,0.7615166605786978,0.7615166605786978,1,1,1.1610125985159545,0.7615166605786978,2021-09-30,2020-12-31,negative_low,2877,2882
rolling5_annual20,2621,2021-11-12,2021-11-22,0.0002002284238551,2021,2020-12-31,learned_market,20260911,0.8358507607737684,0.8358507607737684,1,1,1.6276740720165976,0.8358507607737684,2021-09-30,2020-12-31,negative_low,2882,2887
rolling5_annual20,2626,2021-11-19,2021-11-29,-0.0153981603100059,2021,2020-12-31,learned_market,20260911,0.7375348414146127,0.7375348414146127,1,0,1.0331949856703093,0.7375348414146127,2021-09-30,2020-12-31,negative_low,2887,2892
rolling5_annual20,2631,2021-11-26,2021-12-06,0.0185518287306458,2021,2020-12-31,learned_market,20260911,0.8422699714267883,0.8422699714267883,1,1,1.675215702347306,0.8422699714267883,2021-09-30,2020-12-31,negative_low,2892,2897
rolling5_annual20,2636,2021-12-03,2021-12-13,0.0367843110096284,2021,2020-12-31,learned_market,20260911,0.651184941553755,0.651184941553755,1,1,0.6242518270174582,0.651184941553755,2021-09-30,2020-12-31,nonnegative_low,2897,2902
rolling5_annual20,2641,2021-12-10,2021-12-20,-0.0304615698955996,2021,2020-12-31,learned_market,20260911,0.65987980276308,0.65987980276308,1,0,0.6627586249881762,0.65987980276308,2021-09-30,2020-12-31,nonnegative_low,2902,2907
rolling5_annual20,2646,2021-12-17,2021-12-27,-0.0034083287233763,2021,2020-12-31,learned_market,20260911,0.8092775433852759,0.8092775433852759,1,0,1.4453226633870535,0.8092775433852759,2021-09-30,2020-12-31,nonnegative_low,2907,2912
rolling5_annual20,2651,2021-12-24,2022-01-04,0.0080985736506613,2021,2020-12-31,learned_market,20260911,0.6585163511207842,0.6585163511207842,1,1,0.6566895541648321,0.6585163511207842,2021-09-30,2020-12-31,nonnegative_low,2912,2917
rolling5_annual20,2656,2021-12-31,2022-01-10,-0.0293970528320001,2021,2020-12-31,learned_market,20260911,0.8164002048089696,0.8164002048089696,1,0,1.4921463191355633,0.8164002048089696,2021-09-30,2020-12-31,nonnegative_low,2917,2921
rolling5_annual20,2418,2021-01-08,2021-01-18,-0.0120052904669853,2021,2020-12-31,learned_vol_interaction,20260911,0.4754556903392312,0.4754556903392312,0,0,-0.09825621184198005,0.4754556903392312,2020-12-31,2020-12-31,nonnegative_low,2679,2684
rolling5_annual20,2423,2021-01-15,2021-01-25,0.0231622460538123,2021,2020-12-31,learned_vol_interaction,20260911,0.2910478720938869,0.2910478720938869,0,1,-0.890300241113663,0.2910478720938869,2020-12-31,2020-12-31,nonnegative_high,2684,2689
rolling5_annual20,2428,2021-01-22,2021-02-01,-0.0372511735907923,2021,2020-12-31,learned_vol_interaction,20260911,0.4793404787070586,0.4793404787070586,0,0,-0.08268516172721468,0.4793404787070586,2020-12-31,2020-12-31,nonnegative_high,2689,2694
rolling5_annual20,2433,2021-01-29,2021-02-08,0.0278689901714626,2021,2020-12-31,learned_vol_interaction,20260911,0.3407014751351651,0.3407014751351651,0,1,-0.6601697743141832,0.3407014751351651,2020-12-31,2020-12-31,nonnegative_high,2694,2699
rolling5_annual20,2438,2021-02-05,2021-02-22,0.0507379035040882,2021,2020-12-31,learned_vol_interaction,20260911,0.5419487770679454,0.5419487770679454,1,1,0.16819047139533314,0.5419487770679454,2020-12-31,2020-12-31,nonnegative_high,2699,2704
rolling5_annual20,2443,2021-02-19,2021-03-01,-0.0684918010685315,2021,2020-12-31,learned_vol_interaction,20260911,0.42680484014134457,0.42680484014134457,0,0,-0.29489939194697834,0.42680484014134457,2020-12-31,2020-12-31,nonnegative_high,2704,2709
rolling5_annual20,2448,2021-02-26,2021-03-08,-0.0165997123904068,2021,2020-12-31,learned_vol_interaction,20260911,0.48165522036766006,0.48165522036766006,0,0,-0.07341207093989405,0.48165522036766006,2020-12-31,2020-12-31,nonnegative_high,2709,2714
rolling5_annual20,2453,2021-03-05,2021-03-15,-0.0346560901469681,2021,2020-12-31,learned_vol_interaction,20260911,0.3506881836542513,0.3506881836542513,0,0,-0.6160155949629534,0.3506881836542513,2020-12-31,2020-12-31,nonnegative_high,2714,2719
rolling5_annual20,2458,2021-03-12,2021-03-22,-0.0210550182560221,2021,2020-12-31,learned_vol_interaction,20260911,0.23467895972096536,0.23467895972096536,0,0,-1.182076954996723,0.23467895972096536,2020-12-31,2020-12-31,nonnegative_high,2719,2724
rolling5_annual20,2463,2021-03-19,2021-03-29,0.0087572877565691,2021,2020-12-31,learned_vol_interaction,20260911,0.5417459151974428,0.5417459151974428,1,1,0.16737329977680604,0.5417459151974428,2020-12-31,2020-12-31,negative_high,2724,2729
rolling5_annual20,2468,2021-03-26,2021-04-06,0.0250145479448802,2021,2020-12-31,learned_vol_interaction,20260911,0.48054571329537366,0.48054571329537366,0,1,-0.0778564510575484,0.48054571329537366,2020-12-31,2020-12-31,nonnegative_high,2729,2734
rolling5_annual20,2473,2021-04-02,2021-04-12,-0.0292856811827044,2021,2020-12-31,learned_vol_interaction,20260911,0.6505026926141996,0.6505026926141996,1,0,0.6212495797885256,0.6505026926141996,2021-03-31,2020-12-31,negative_high,2734,2738
rolling5_annual20,2477,2021-04-09,2021-04-19,-0.0120489836840408,2021,2020-12-31,learned_vol_interaction,20260911,0.5238037480083749,0.5238037480083749,1,0,0.09528702410521178,0.5238037480083749,2021-03-31,2020-12-31,negative_high,2738,2743
rolling5_annual20,2482,2021-04-16,2021-04-26,0.0382932540809155,2021,2020-12-31,learned_vol_interaction,20260911,0.4746098723057128,0.4746098723057128,0,1,-0.10164794189559873,0.4746098723057128,2021-03-31,2020-12-31,negative_high,2743,2748
rolling5_annual20,2487,2021-04-23,2021-05-06,-0.0112070185917437,2021,2020-12-31,learned_vol_interaction,20260911,0.527013271372353,0.527013271372353,1,0,0.10815840086538353,0.527013271372353,2021-03-31,2020-12-31,negative_high,2748,2753
rolling5_annual20,2492,2021-04-30,2021-05-12,-0.0190946889464188,2021,2020-12-31,learned_vol_interaction,20260911,0.6901244469023494,0.6901244469023494,1,0,0.8007011638988274,0.6901244469023494,2021-03-31,2020-12-31,negative_low,2753,2755
rolling5_annual20,2494,2021-05-07,2021-05-17,0.0227674429764228,2021,2020-12-31,learned_vol_interaction,20260911,0.754839297520103,0.754839297520103,1,1,1.1245909516192578,0.754839297520103,2021-03-31,2020-12-31,negative_high,2755,2760
rolling5_annual20,2499,2021-05-14,2021-05-24,0.0045940519733895,2021,2020-12-31,learned_vol_interaction,20260911,0.43398865323186975,0.43398865323186975,0,1,-0.2655957361641551,0.43398865323186975,2021-03-31,2020-12-31,negative_high,2760,2765
rolling5_annual20,2504,2021-05-21,2021-05-31,0.0348855085126711,2021,2020-12-31,learned_vol_interaction,20260911,0.6023590417130459,0.6023590417130459,1,1,0.41530419905287197,0.6023590417130459,2021-03-31,2020-12-31,negative_low,2765,2770
rolling5_annual20,2509,2021-05-28,2021-06-07,-0.0062409741861724,2021,2020-12-31,learned_vol_interaction,20260911,0.5524495113584302,0.5524495113584302,1,0,0.21057269192878633,0.5524495113584302,2021-03-31,2020-12-31,negative_high,2770,2775
rolling5_annual20,2514,2021-06-04,2021-06-15,-0.0125508761771767,2021,2020-12-31,learned_vol_interaction,20260911,0.4338741634973696,0.4338741634973696,0,0,-0.266061833269422,0.4338741634973696,2021-03-31,2020-12-31,nonnegative_high,2775,2780
rolling5_annual20,2519,2021-06-11,2021-06-21,-0.0250011497424577,2021,2020-12-31,learned_vol_interaction,20260911,0.243541607825957,0.243541607825957,0,0,-1.1333597293310451,0.243541607825957,2021-03-31,2020-12-31,nonnegative_low,2780,2784
rolling5_annual20,2523,2021-06-18,2021-06-28,0.0325308711127356,2021,2020-12-31,learned_vol_interaction,20260911,0.44439540821990653,0.44439540821990653,0,1,-0.2233421502154127,0.44439540821990653,2021-03-31,2020-12-31,nonnegative_low,2784,2789
rolling5_annual20,2528,2021-06-25,2021-07-05,-0.0342297962734196,2021,2020-12-31,learned_vol_interaction,20260911,0.4173214962232166,0.4173214962232166,0,0,-0.3337786838401056,0.4173214962232166,2021-03-31,2020-12-31,nonnegative_low,2789,2794
rolling5_annual20,2533,2021-07-02,2021-07-12,0.0068193733271841,2021,2020-12-31,learned_vol_interaction,20260911,0.48991781025485154,0.48991781025485154,0,1,-0.04033422623516586,0.48991781025485154,2021-06-30,2020-12-31,negative_high,2794,2799
rolling5_annual20,2538,2021-07-09,2021-07-19,-0.0048254045313779,2021,2020-12-31,learned_vol_interaction,20260911,0.2599569018271382,0.2599569018271382,0,0,-1.0461925702042842,0.2599569018271382,2021-06-30,2020-12-31,nonnegative_high,2799,2804
rolling5_annual20,2543,2021-07-16,2021-07-26,-0.0032299118953994,2021,2020-12-31,learned_vol_interaction,20260911,0.36450308143319354,0.36450308143319354,0,0,-0.5558722365086974,0.36450308143319354,2021-06-30,2020-12-31,nonnegative_high,2804,2809
rolling5_annual20,2548,2021-07-23,2021-08-02,-0.0537740931579083,2021,2020-12-31,learned_vol_interaction,20260911,0.410758949240298,0.410758949240298,0,0,-0.36082880995075695,0.410758949240298,2021-06-30,2020-12-31,nonnegative_high,2809,2814
rolling5_annual20,2553,2021-07-30,2021-08-09,0.019904813945049,2021,2020-12-31,learned_vol_interaction,20260911,0.5670421120159365,0.5670421120159365,1,1,0.26979310571785936,0.5670421120159365,2021-06-30,2020-12-31,negative_high,2814,2819
rolling5_annual20,2558,2021-08-06,2021-08-16,0.0093369268709639,2021,2020-12-31,learned_vol_interaction,20260911,0.611366208230644,0.611366208230644,1,1,0.4530586475530347,0.611366208230644,2021-06-30,2020-12-31,negative_high,2819,2824
rolling5_annual20,2563,2021-08-13,2021-08-23,-0.032048736608373,2021,2020-12-31,learned_vol_interaction,20260911,0.6499874314301235,0.6499874314301235,1,0,0.618983962403036,0.6499874314301235,2021-06-30,2020-12-31,negative_high,2824,2829
rolling5_annual20,2568,2021-08-20,2021-08-30,0.0145047962107527,2021,2020-12-31,learned_vol_interaction,20260911,0.47410312241187347,0.47410312241187347,0,1,-0.10368028744090754,0.47410312241187347,2021-06-30,2020-12-31,negative_high,2829,2834
rolling5_annual20,2573,2021-08-27,2021-09-06,-0.0012316820816045,2021,2020-12-31,learned_vol_interaction,20260911,0.8077225877731411,0.8077225877731411,1,0,1.4352794830283904,0.8077225877731411,2021-06-30,2020-12-31,negative_high,2834,2839
rolling5_annual20,2578,2021-09-03,2021-09-13,0.0342301066295398,2021,2020-12-31,learned_vol_interaction,20260911,0.7569737160491476,0.7569737160491476,1,1,1.1361589297334134,0.7569737160491476,2021-06-30,2020-12-31,negative_high,2839,2844
rolling5_annual20,2583,2021-09-10,2021-09-22,-0.0471441667981554,2021,2020-12-31,learned_vol_interaction,20260911,0.7237383960115724,0.7237383960115724,1,0,0.9630817382763066,0.7237383960115724,2021-06-30,2020-12-31,negative_high,2844,2849
rolling5_annual20,2588,2021-09-17,2021-09-28,0.0209863060789441,2021,2020-12-31,learned_vol_interaction,20260911,0.7461756198869361,0.7461756198869361,1,1,1.0783183768939921,0.7461756198869361,2021-06-30,2020-12-31,negative_high,2849,2852
rolling5_annual20,2591,2021-09-24,2021-10-11,0.0144615416200457,2021,2020-12-31,learned_vol_interaction,20260911,0.6456719612096069,0.6456719612096069,1,1,0.6000684275272549,0.6456719612096069,2021-06-30,2020-12-31,negative_low,2852,2857
rolling5_annual20,2596,2021-10-08,2021-10-18,-0.0038006269617851,2021,2020-12-31,learned_vol_interaction,20260911,0.875333160760423,0.875333160760423,1,0,1.9489596760233878,0.875333160760423,2021-09-30,2020-12-31,negative_low,2857,2862
rolling5_annual20,2601,2021-10-15,2021-10-25,0.0037358989621147,2021,2020-12-31,learned_vol_interaction,20260911,0.8004373767510682,0.8004373767510682,1,1,1.3890302111388602,0.8004373767510682,2021-09-30,2020-12-31,negative_low,2862,2867
rolling5_annual20,2606,2021-10-22,2021-11-01,-0.0127041632091318,2021,2020-12-31,learned_vol_interaction,20260911,0.5995948918940573,0.5995948918940573,1,0,0.403777442135752,0.5995948918940573,2021-09-30,2020-12-31,negative_low,2867,2872
rolling5_annual20,2611,2021-10-29,2021-11-08,-0.0075807737801166,2021,2020-12-31,learned_vol_interaction,20260911,0.8299973805985322,0.8299973805985322,1,0,1.5856086997047971,0.8299973805985322,2021-09-30,2020-12-31,nonnegative_low,2872,2877
rolling5_annual20,2616,2021-11-05,2021-11-15,0.0110015182343039,2021,2020-12-31,learned_vol_interaction,20260911,0.7454576562803179,0.7454576562803179,1,1,1.0745311313152321,0.7454576562803179,2021-09-30,2020-12-31,negative_low,2877,2882
rolling5_annual20,2621,2021-11-12,2021-11-22,0.0002002284238551,2021,2020-12-31,learned_vol_interaction,20260911,0.8210682676498052,0.8210682676498052,1,1,1.5236019082452104,0.8210682676498052,2021-09-30,2020-12-31,negative_low,2882,2887
rolling5_annual20,2626,2021-11-19,2021-11-29,-0.0153981603100059,2021,2020-12-31,learned_vol_interaction,20260911,0.7379015555048399,0.7379015555048399,1,0,1.035090246542316,0.7379015555048399,2021-09-30,2020-12-31,negative_low,2887,2892
rolling5_annual20,2631,2021-11-26,2021-12-06,0.0185518287306458,2021,2020-12-31,learned_vol_interaction,20260911,0.8181276512073538,0.8181276512073538,1,1,1.5037133165140943,0.8181276512073538,2021-09-30,2020-12-31,negative_low,2892,2897
rolling5_annual20,2636,2021-12-03,2021-12-13,0.0367843110096284,2021,2020-12-31,learned_vol_interaction,20260911,0.6331433744995425,0.6331433744995425,1,1,0.545725790982843,0.6331433744995425,2021-09-30,2020-12-31,nonnegative_low,2897,2902
rolling5_annual20,2641,2021-12-10,2021-12-20,-0.0304615698955996,2021,2020-12-31,learned_vol_interaction,20260911,0.6422061841446076,0.6422061841446076,1,0,0.5849525241106175,0.6422061841446076,2021-09-30,2020-12-31,nonnegative_low,2902,2907
rolling5_annual20,2646,2021-12-17,2021-12-27,-0.0034083287233763,2021,2020-12-31,learned_vol_interaction,20260911,0.7937547176618065,0.7937547176618065,1,0,1.3477083422587777,0.7937547176618065,2021-09-30,2020-12-31,nonnegative_low,2907,2912
rolling5_annual20,2651,2021-12-24,2022-01-04,0.0080985736506613,2021,2020-12-31,learned_vol_interaction,20260911,0.6518706715070531,0.6518706715070531,1,1,0.627272141330875,0.6518706715070531,2021-09-30,2020-12-31,nonnegative_low,2912,2917
rolling5_annual20,2656,2021-12-31,2022-01-10,-0.0293970528320001,2021,2020-12-31,learned_vol_interaction,20260911,0.8048743420145822,0.8048743420145822,1,0,1.4170424174053953,0.8048743420145822,2021-09-30,2020-12-31,nonnegative_low,2917,2921
rolling5_annual20,2418,2021-01-08,2021-01-18,-0.0120052904669853,2021,2020-12-31,learned_order_extension,20260911,0.4707924056292956,0.4707924056292956,0,0,-0.11696353832341477,0.4707924056292956,2020-12-31,2020-12-31,nonnegative_low,2679,2684
rolling5_annual20,2423,2021-01-15,2021-01-25,0.0231622460538123,2021,2020-12-31,learned_order_extension,20260911,0.30199104403875826,0.30199104403875826,0,1,-0.8378345721357521,0.30199104403875826,2020-12-31,2020-12-31,nonnegative_high,2684,2689
rolling5_annual20,2428,2021-01-22,2021-02-01,-0.0372511735907923,2021,2020-12-31,learned_order_extension,20260911,0.4727671753713422,0.4727671753713422,0,0,-0.10903920579580167,0.4727671753713422,2020-12-31,2020-12-31,nonnegative_high,2689,2694
rolling5_annual20,2433,2021-01-29,2021-02-08,0.0278689901714626,2021,2020-12-31,learned_order_extension,20260911,0.33076330033756096,0.33076330033756096,0,1,-0.7047347938590772,0.33076330033756096,2020-12-31,2020-12-31,nonnegative_high,2694,2699
rolling5_annual20,2438,2021-02-05,2021-02-22,0.0507379035040882,2021,2020-12-31,learned_order_extension,20260911,0.5463864019131583,0.5463864019131583,1,1,0.18608069114815143,0.5463864019131583,2020-12-31,2020-12-31,nonnegative_high,2699,2704
rolling5_annual20,2443,2021-02-19,2021-03-01,-0.0684918010685315,2021,2020-12-31,learned_order_extension,20260911,0.423629668613555,0.423629668613555,0,0,-0.30789074004107664,0.423629668613555,2020-12-31,2020-12-31,nonnegative_high,2704,2709
rolling5_annual20,2448,2021-02-26,2021-03-08,-0.0165997123904068,2021,2020-12-31,learned_order_extension,20260911,0.4833188959367285,0.4833188959367285,0,0,-0.06674918837839716,0.4833188959367285,2020-12-31,2020-12-31,nonnegative_high,2709,2714
rolling5_annual20,2453,2021-03-05,2021-03-15,-0.0346560901469681,2021,2020-12-31,learned_order_extension,20260911,0.3468677434509978,0.3468677434509978,0,0,-0.6328360810961339,0.3468677434509978,2020-12-31,2020-12-31,nonnegative_high,2714,2719
rolling5_annual20,2458,2021-03-12,2021-03-22,-0.0210550182560221,2021,2020-12-31,learned_order_extension,20260911,0.2385842218483661,0.2385842218483661,0,0,-1.1604571868545452,0.2385842218483661,2020-12-31,2020-12-31,nonnegative_high,2719,2724
rolling5_annual20,2463,2021-03-19,2021-03-29,0.0087572877565691,2021,2020-12-31,learned_order_extension,20260911,0.532998967015209,0.532998967015209,1,1,0.132188016480879,0.532998967015209,2020-12-31,2020-12-31,negative_high,2724,2729
rolling5_annual20,2468,2021-03-26,2021-04-06,0.0250145479448802,2021,2020-12-31,learned_order_extension,20260911,0.48258967958160864,0.48258967958160864,0,1,-0.069669448318669,0.48258967958160864,2020-12-31,2020-12-31,nonnegative_high,2729,2734
rolling5_annual20,2473,2021-04-02,2021-04-12,-0.0292856811827044,2021,2020-12-31,learned_order_extension,20260911,0.6435569143740099,0.6435569143740099,1,0,0.5908358886544238,0.6435569143740099,2021-03-31,2020-12-31,negative_high,2734,2738
rolling5_annual20,2477,2021-04-09,2021-04-19,-0.0120489836840408,2021,2020-12-31,learned_order_extension,20260911,0.5172587608947022,0.5172587608947022,1,0,0.06906248067740028,0.5172587608947022,2021-03-31,2020-12-31,negative_high,2738,2743
rolling5_annual20,2482,2021-04-16,2021-04-26,0.0382932540809155,2021,2020-12-31,learned_order_extension,20260911,0.45050831794964574,0.45050831794964574,0,1,-0.19861709572797615,0.45050831794964574,2021-03-31,2020-12-31,negative_high,2743,2748
rolling5_annual20,2487,2021-04-23,2021-05-06,-0.0112070185917437,2021,2020-12-31,learned_order_extension,20260911,0.50667980676185,0.50667980676185,1,0,0.026720816827059568,0.50667980676185,2021-03-31,2020-12-31,negative_high,2748,2753
rolling5_annual20,2492,2021-04-30,2021-05-12,-0.0190946889464188,2021,2020-12-31,learned_order_extension,20260911,0.7098069326540961,0.7098069326540961,1,0,0.8944465562812393,0.7098069326540961,2021-03-31,2020-12-31,negative_low,2753,2755
rolling5_annual20,2494,2021-05-07,2021-05-17,0.0227674429764228,2021,2020-12-31,learned_order_extension,20260911,0.7808980561683019,0.7808980561683019,1,1,1.2709074929909872,0.7808980561683019,2021-03-31,2020-12-31,negative_high,2755,2760
rolling5_annual20,2499,2021-05-14,2021-05-24,0.0045940519733895,2021,2020-12-31,learned_order_extension,20260911,0.39413011936164705,0.39413011936164705,0,1,-0.42998413763184984,0.39413011936164705,2021-03-31,2020-12-31,negative_high,2760,2765
rolling5_annual20,2504,2021-05-21,2021-05-31,0.0348855085126711,2021,2020-12-31,learned_order_extension,20260911,0.6034561668947356,0.6034561668947356,1,1,0.4198868213670304,0.6034561668947356,2021-03-31,2020-12-31,negative_low,2765,2770
rolling5_annual20,2509,2021-05-28,2021-06-07,-0.0062409741861724,2021,2020-12-31,learned_order_extension,20260911,0.5608652950070303,0.5608652950070303,1,0,0.24467454974393665,0.5608652950070303,2021-03-31,2020-12-31,negative_high,2770,2775
rolling5_annual20,2514,2021-06-04,2021-06-15,-0.0125508761771767,2021,2020-12-31,learned_order_extension,20260911,0.41641551181704617,0.41641551181704617,0,0,-0.33750564851038045,0.41641551181704617,2021-03-31,2020-12-31,nonnegative_high,2775,2780
rolling5_annual20,2519,2021-06-11,2021-06-21,-0.0250011497424577,2021,2020-12-31,learned_order_extension,20260911,0.1949333176792701,0.1949333176792701,0,0,-1.4182675697061962,0.1949333176792701,2021-03-31,2020-12-31,nonnegative_low,2780,2784
rolling5_annual20,2523,2021-06-18,2021-06-28,0.0325308711127356,2021,2020-12-31,learned_order_extension,20260911,0.4247939305836327,0.4247939305836327,0,1,-0.3031241760653426,0.4247939305836327,2021-03-31,2020-12-31,nonnegative_low,2784,2789
rolling5_annual20,2528,2021-06-25,2021-07-05,-0.0342297962734196,2021,2020-12-31,learned_order_extension,20260911,0.40325405625265054,0.40325405625265054,0,0,-0.3919246920986068,0.40325405625265054,2021-03-31,2020-12-31,nonnegative_low,2789,2794
rolling5_annual20,2533,2021-07-02,2021-07-12,0.0068193733271841,2021,2020-12-31,learned_order_extension,20260911,0.4870314747634348,0.4870314747634348,0,1,-0.051885738075277854,0.4870314747634348,2021-06-30,2020-12-31,negative_high,2794,2799
rolling5_annual20,2538,2021-07-09,2021-07-19,-0.0048254045313779,2021,2020-12-31,learned_order_extension,20260911,0.18885603482317434,0.18885603482317434,0,0,-1.4574605497016198,0.18885603482317434,2021-06-30,2020-12-31,nonnegative_high,2799,2804
rolling5_annual20,2543,2021-07-16,2021-07-26,-0.0032299118953994,2021,2020-12-31,learned_order_extension,20260911,0.3017342200602158,0.3017342200602158,0,0,-0.8390532399755893,0.3017342200602158,2021-06-30,2020-12-31,nonnegative_high,2804,2809
rolling5_annual20,2548,2021-07-23,2021-08-02,-0.0537740931579083,2021,2020-12-31,learned_order_extension,20260911,0.36810694455242254,0.36810694455242254,0,0,-0.5403466576174768,0.36810694455242254,2021-06-30,2020-12-31,nonnegative_high,2809,2814
rolling5_annual20,2553,2021-07-30,2021-08-09,0.019904813945049,2021,2020-12-31,learned_order_extension,20260911,0.551068322085785,0.551068322085785,1,1,0.20498808682966863,0.551068322085785,2021-06-30,2020-12-31,negative_high,2814,2819
rolling5_annual20,2558,2021-08-06,2021-08-16,0.0093369268709639,2021,2020-12-31,learned_order_extension,20260911,0.5976356202999715,0.5976356202999715,1,1,0.39562314239594043,0.5976356202999715,2021-06-30,2020-12-31,negative_high,2819,2824
rolling5_annual20,2563,2021-08-13,2021-08-23,-0.032048736608373,2021,2020-12-31,learned_order_extension,20260911,0.6460173631921735,0.6460173631921735,1,0,0.6015785180624628,0.6460173631921735,2021-06-30,2020-12-31,negative_high,2824,2829
rolling5_annual20,2568,2021-08-20,2021-08-30,0.0145047962107527,2021,2020-12-31,learned_order_extension,20260911,0.4599800330212217,0.4599800330212217,0,1,-0.16042303269590774,0.4599800330212217,2021-06-30,2020-12-31,negative_high,2829,2834
rolling5_annual20,2573,2021-08-27,2021-09-06,-0.0012316820816045,2021,2020-12-31,learned_order_extension,20260911,0.8227439473299855,0.8227439473299855,1,0,1.5350497186892582,0.8227439473299855,2021-06-30,2020-12-31,negative_high,2834,2839
rolling5_annual20,2578,2021-09-03,2021-09-13,0.0342301066295398,2021,2020-12-31,learned_order_extension,20260911,0.7764255721144454,0.7764255721144454,1,1,1.244956418238961,0.7764255721144454,2021-06-30,2020-12-31,negative_high,2839,2844
rolling5_annual20,2583,2021-09-10,2021-09-22,-0.0471441667981554,2021,2020-12-31,learned_order_extension,20260911,0.7513357425734236,0.7513357425734236,1,0,1.105748989690289,0.7513357425734236,2021-06-30,2020-12-31,negative_high,2844,2849
rolling5_annual20,2588,2021-09-17,2021-09-28,0.0209863060789441,2021,2020-12-31,learned_order_extension,20260911,0.7836614478285994,0.7836614478285994,1,1,1.2871325485332892,0.7836614478285994,2021-06-30,2020-12-31,negative_high,2849,2852
rolling5_annual20,2591,2021-09-24,2021-10-11,0.0144615416200457,2021,2020-12-31,learned_order_extension,20260911,0.6693079201625165,0.6693079201625165,1,1,0.7050565535271781,0.6693079201625165,2021-06-30,2020-12-31,negative_low,2852,2857
rolling5_annual20,2596,2021-10-08,2021-10-18,-0.0038006269617851,2021,2020-12-31,learned_order_extension,20260911,0.9147819069976973,0.9147819069976973,1,0,2.3734719133847415,0.9147819069976973,2021-09-30,2020-12-31,negative_low,2857,2862
rolling5_annual20,2601,2021-10-15,2021-10-25,0.0037358989621147,2021,2020-12-31,learned_order_extension,20260911,0.8517574469574731,0.8517574469574731,1,1,1.748451995440746,0.8517574469574731,2021-09-30,2020-12-31,negative_low,2862,2867
rolling5_annual20,2606,2021-10-22,2021-11-01,-0.0127041632091318,2021,2020-12-31,learned_order_extension,20260911,0.6154285400261708,0.6154285400261708,1,0,0.47018921483083265,0.6154285400261708,2021-09-30,2020-12-31,negative_low,2867,2872
rolling5_annual20,2611,2021-10-29,2021-11-08,-0.0075807737801166,2021,2020-12-31,learned_order_extension,20260911,0.8907785475547534,0.8907785475547534,1,0,2.0987183578884725,0.8907785475547534,2021-09-30,2020-12-31,nonnegative_low,2872,2877
rolling5_annual20,2616,2021-11-05,2021-11-15,0.0110015182343039,2021,2020-12-31,learned_order_extension,20260911,0.7990810555097849,0.7990810555097849,1,1,1.3805608213312486,0.7990810555097849,2021-09-30,2020-12-31,negative_low,2877,2882
rolling5_annual20,2621,2021-11-12,2021-11-22,0.0002002284238551,2021,2020-12-31,learned_order_extension,20260911,0.8960874331639135,0.8960874331639135,1,1,2.1544881478174758,0.8960874331639135,2021-09-30,2020-12-31,negative_low,2882,2887
rolling5_annual20,2626,2021-11-19,2021-11-29,-0.0153981603100059,2021,2020-12-31,learned_order_extension,20260911,0.8006062899104016,0.8006062899104016,1,0,1.3900879901775935,0.8006062899104016,2021-09-30,2020-12-31,negative_low,2887,2892
rolling5_annual20,2631,2021-11-26,2021-12-06,0.0185518287306458,2021,2020-12-31,learned_order_extension,20260911,0.893587178645622,0.893587178645622,1,1,2.127917828573925,0.893587178645622,2021-09-30,2020-12-31,negative_low,2892,2897
rolling5_annual20,2636,2021-12-03,2021-12-13,0.0367843110096284,2021,2020-12-31,learned_order_extension,20260911,0.6611268686227788,0.6611268686227788,1,1,0.6683199622022282,0.6611268686227788,2021-09-30,2020-12-31,nonnegative_low,2897,2902
rolling5_annual20,2641,2021-12-10,2021-12-20,-0.0304615698955996,2021,2020-12-31,learned_order_extension,20260911,0.6790175452231214,0.6790175452231214,1,0,0.7492605034030081,0.6790175452231214,2021-09-30,2020-12-31,nonnegative_low,2902,2907
rolling5_annual20,2646,2021-12-17,2021-12-27,-0.0034083287233763,2021,2020-12-31,learned_order_extension,20260911,0.8684853861974482,0.8684853861974482,1,0,1.8876327820327101,0.8684853861974482,2021-09-30,2020-12-31,nonnegative_low,2907,2912
rolling5_annual20,2651,2021-12-24,2022-01-04,0.0080985736506613,2021,2020-12-31,learned_order_extension,20260911,0.6637992247007115,0.6637992247007115,1,1,0.6802712042764263,0.6637992247007115,2021-09-30,2020-12-31,nonnegative_low,2912,2917
rolling5_annual20,2656,2021-12-31,2022-01-10,-0.0293970528320001,2021,2020-12-31,learned_order_extension,20260911,0.8513666174941731,0.8513666174941731,1,0,1.7453600898724244,0.8513666174941731,2021-09-30,2020-12-31,nonnegative_low,2917,2921
rolling5_annual20,2418,2021-01-08,2021-01-18,-0.0120052904669853,2021,2020-12-31,learned_order_offset,20260911,0.46966493933917947,0.46966493933917947,0,0,-0.12148945127378291,0.46966493933917947,2020-12-31,2020-12-31,nonnegative_low,2679,2684
rolling5_annual20,2423,2021-01-15,2021-01-25,0.0231622460538123,2021,2020-12-31,learned_order_offset,20260911,0.30026263179565904,0.30026263179565904,0,1,-0.8460475453615988,0.30026263179565904,2020-12-31,2020-12-31,nonnegative_high,2684,2689
rolling5_annual20,2428,2021-01-22,2021-02-01,-0.0372511735907923,2021,2020-12-31,learned_order_offset,20260911,0.47083079059127375,0.47083079059127375,0,0,-0.11680947344524224,0.47083079059127375,2020-12-31,2020-12-31,nonnegative_high,2689,2694
rolling5_annual20,2433,2021-01-29,2021-02-08,0.0278689901714626,2021,2020-12-31,learned_order_offset,20260911,0.3308151678188049,0.3308151678188049,0,1,-0.7045004892274095,0.3308151678188049,2020-12-31,2020-12-31,nonnegative_high,2694,2699
rolling5_annual20,2438,2021-02-05,2021-02-22,0.0507379035040882,2021,2020-12-31,learned_order_offset,20260911,0.5458888183275549,0.5458888183275549,1,1,0.1840732639614457,0.5458888183275549,2020-12-31,2020-12-31,nonnegative_high,2699,2704
rolling5_annual20,2443,2021-02-19,2021-03-01,-0.0684918010685315,2021,2020-12-31,learned_order_offset,20260911,0.4238553224614908,0.4238553224614908,0,0,-0.3069666290452763,0.4238553224614908,2020-12-31,2020-12-31,nonnegative_high,2704,2709
rolling5_annual20,2448,2021-02-26,2021-03-08,-0.0165997123904068,2021,2020-12-31,learned_order_offset,20260911,0.4840844360242453,0.4840844360242453,0,0,-0.06368377028913164,0.4840844360242453,2020-12-31,2020-12-31,nonnegative_high,2709,2714
rolling5_annual20,2453,2021-03-05,2021-03-15,-0.0346560901469681,2021,2020-12-31,learned_order_offset,20260911,0.34642186749779336,0.34642186749779336,0,0,-0.6348047834058623,0.34642186749779336,2020-12-31,2020-12-31,nonnegative_high,2714,2719
rolling5_annual20,2458,2021-03-12,2021-03-22,-0.0210550182560221,2021,2020-12-31,learned_order_offset,20260911,0.23704081021871007,0.23704081021871007,0,0,-1.1689722220018992,0.23704081021871007,2020-12-31,2020-12-31,nonnegative_high,2719,2724
rolling5_annual20,2463,2021-03-19,2021-03-29,0.0087572877565691,2021,2020-12-31,learned_order_offset,20260911,0.5312704874985703,0.5312704874985703,1,1,0.12524541453237886,0.5312704874985703,2020-12-31,2020-12-31,negative_high,2724,2729
rolling5_annual20,2468,2021-03-26,2021-04-06,0.0250145479448802,2021,2020-12-31,learned_order_offset,20260911,0.48113132203479025,0.48113132203479025,0,1,-0.07551057055362786,0.48113132203479025,2020-12-31,2020-12-31,nonnegative_high,2729,2734
rolling5_annual20,2473,2021-04-02,2021-04-12,-0.0292856811827044,2021,2020-12-31,learned_order_offset,20260911,0.6426571671723265,0.6426571671723265,1,0,0.586915768007193,0.6426571671723265,2021-03-31,2020-12-31,negative_high,2734,2738
rolling5_annual20,2477,2021-04-09,2021-04-19,-0.0120489836840408,2021,2020-12-31,learned_order_offset,20260911,0.5170676205088839,0.5170676205088839,1,0,0.06829701717876824,0.5170676205088839,2021-03-31,2020-12-31,negative_high,2738,2743
rolling5_annual20,2482,2021-04-16,2021-04-26,0.0382932540809155,2021,2020-12-31,learned_order_offset,20260911,0.45037422792655746,0.45037422792655746,0,1,-0.19915877745105015,0.45037422792655746,2021-03-31,2020-12-31,negative_high,2743,2748
rolling5_annual20,2487,2021-04-23,2021-05-06,-0.0112070185917437,2021,2020-12-31,learned_order_offset,20260911,0.5047827959577951,0.5047827959577951,1,0,0.01913176736782307,0.5047827959577951,2021-03-31,2020-12-31,negative_high,2748,2753
rolling5_annual20,2492,2021-04-30,2021-05-12,-0.0190946889464188,2021,2020-12-31,learned_order_offset,20260911,0.7084828106212467,0.7084828106212467,1,0,0.8880268244255656,0.7084828106212467,2021-03-31,2020-12-31,negative_low,2753,2755
rolling5_annual20,2494,2021-05-07,2021-05-17,0.0227674429764228,2021,2020-12-31,learned_order_offset,20260911,0.7798146116297984,0.7798146116297984,1,1,1.2645863481245707,0.7798146116297984,2021-03-31,2020-12-31,negative_high,2755,2760
rolling5_annual20,2499,2021-05-14,2021-05-24,0.0045940519733895,2021,2020-12-31,learned_order_offset,20260911,0.39380849753299824,0.39380849753299824,0,1,-0.43133120255177715,0.39380849753299824,2021-03-31,2020-12-31,negative_high,2760,2765
rolling5_annual20,2504,2021-05-21,2021-05-31,0.0348855085126711,2021,2020-12-31,learned_order_offset,20260911,0.6027515999296177,0.6027515999296177,1,1,0.4169433935456789,0.6027515999296177,2021-03-31,2020-12-31,negative_low,2765,2770
rolling5_annual20,2509,2021-05-28,2021-06-07,-0.0062409741861724,2021,2020-12-31,learned_order_offset,20260911,0.5597480832986254,0.5597480832986254,1,0,0.24013973023065827,0.5597480832986254,2021-03-31,2020-12-31,negative_high,2770,2775
rolling5_annual20,2514,2021-06-04,2021-06-15,-0.0125508761771767,2021,2020-12-31,learned_order_offset,20260911,0.41739120526524837,0.41739120526524837,0,0,-0.33349201593554234,0.41739120526524837,2021-03-31,2020-12-31,nonnegative_high,2775,2780
rolling5_annual20,2519,2021-06-11,2021-06-21,-0.0250011497424577,2021,2020-12-31,learned_order_offset,20260911,0.1959833797723796,0.1959833797723796,0,0,-1.4115900823348606,0.1959833797723796,2021-03-31,2020-12-31,nonnegative_low,2780,2784
rolling5_annual20,2523,2021-06-18,2021-06-28,0.0325308711127356,2021,2020-12-31,learned_order_offset,20260911,0.42516594768657723,0.42516594768657723,0,1,-0.3016018366130715,0.42516594768657723,2021-03-31,2020-12-31,nonnegative_low,2784,2789
rolling5_annual20,2528,2021-06-25,2021-07-05,-0.0342297962734196,2021,2020-12-31,learned_order_offset,20260911,0.40512520197902574,0.40512520197902574,0,0,-0.3841547998879846,0.40512520197902574,2021-03-31,2020-12-31,nonnegative_low,2789,2794
rolling5_annual20,2533,2021-07-02,2021-07-12,0.0068193733271841,2021,2020-12-31,learned_order_offset,20260911,0.48834019247779775,0.48834019247779775,0,1,-0.0466476870552327,0.48834019247779775,2021-06-30,2020-12-31,negative_high,2794,2799
rolling5_annual20,2538,2021-07-09,2021-07-19,-0.0048254045313779,2021,2020-12-31,learned_order_offset,20260911,0.1899218857560688,0.1899218857560688,0,0,-1.4505178203301643,0.1899218857560688,2021-06-30,2020-12-31,nonnegative_high,2799,2804
rolling5_annual20,2543,2021-07-16,2021-07-26,-0.0032299118953994,2021,2020-12-31,learned_order_offset,20260911,0.30227219210751677,0.30227219210751677,0,0,-0.8365011568501177,0.30227219210751677,2021-06-30,2020-12-31,nonnegative_high,2804,2809
rolling5_annual20,2548,2021-07-23,2021-08-02,-0.0537740931579083,2021,2020-12-31,learned_order_offset,20260911,0.3682876710362575,0.3682876710362575,0,0,-0.5395697672711628,0.3682876710362575,2021-06-30,2020-12-31,nonnegative_high,2809,2814
rolling5_annual20,2553,2021-07-30,2021-08-09,0.019904813945049,2021,2020-12-31,learned_order_offset,20260911,0.5493128567304749,0.5493128567304749,1,1,0.19789474258573136,0.5493128567304749,2021-06-30,2020-12-31,negative_high,2814,2819
rolling5_annual20,2558,2021-08-06,2021-08-16,0.0093369268709639,2021,2020-12-31,learned_order_offset,20260911,0.5952755431654839,0.5952755431654839,1,1,0.3858179140400231,0.5952755431654839,2021-06-30,2020-12-31,negative_high,2819,2824
rolling5_annual20,2563,2021-08-13,2021-08-23,-0.032048736608373,2021,2020-12-31,learned_order_offset,20260911,0.6435678005185,0.6435678005185,1,0,0.590883345612582,0.6435678005185,2021-06-30,2020-12-31,negative_high,2824,2829
rolling5_annual20,2568,2021-08-20,2021-08-30,0.0145047962107527,2021,2020-12-31,learned_order_offset,20260911,0.45941912601595664,0.45941912601595664,0,1,-0.1626813319913506,0.45941912601595664,2021-06-30,2020-12-31,negative_high,2829,2834
rolling5_annual20,2573,2021-08-27,2021-09-06,-0.0012316820816045,2021,2020-12-31,learned_order_offset,20260911,0.8199221886042931,0.8199221886042931,1,0,1.5158204007963456,0.8199221886042931,2021-06-30,2020-12-31,negative_high,2834,2839
rolling5_annual20,2578,2021-09-03,2021-09-13,0.0342301066295398,2021,2020-12-31,learned_order_offset,20260911,0.7736884948382853,0.7736884948382853,1,1,1.2292569394759076,0.7736884948382853,2021-06-30,2020-12-31,negative_high,2839,2844
rolling5_annual20,2583,2021-09-10,2021-09-22,-0.0471441667981554,2021,2020-12-31,learned_order_offset,20260911,0.7486660391902702,0.7486660391902702,1,0,1.0915104325775649,0.7486660391902702,2021-06-30,2020-12-31,negative_high,2844,2849
rolling5_annual20,2588,2021-09-17,2021-09-28,0.0209863060789441,2021,2020-12-31,learned_order_offset,20260911,0.7812035509395332,0.7812035509395332,1,1,1.2726939032264912,0.7812035509395332,2021-06-30,2020-12-31,negative_high,2849,2852
rolling5_annual20,2591,2021-09-24,2021-10-11,0.0144615416200457,2021,2020-12-31,learned_order_offset,20260911,0.6670102925222845,0.6670102925222845,1,1,0.6946938958370208,0.6670102925222845,2021-06-30,2020-12-31,negative_low,2852,2857
rolling5_annual20,2596,2021-10-08,2021-10-18,-0.0038006269617851,2021,2020-12-31,learned_order_offset,20260911,0.9142972109372612,0.9142972109372612,1,0,2.3672703251124805,0.9142972109372612,2021-09-30,2020-12-31,negative_low,2857,2862
rolling5_annual20,2601,2021-10-15,2021-10-25,0.0037358989621147,2021,2020-12-31,learned_order_offset,20260911,0.8514946837763709,0.8514946837763709,1,1,1.7463724996325272,0.8514946837763709,2021-09-30,2020-12-31,negative_low,2862,2867
rolling5_annual20,2606,2021-10-22,2021-11-01,-0.0127041632091318,2021,2020-12-31,learned_order_offset,20260911,0.6153835261273471,0.6153835261273471,1,0,0.46999902713622066,0.6153835261273471,2021-09-30,2020-12-31,negative_low,2867,2872
rolling5_annual20,2611,2021-10-29,2021-11-08,-0.0075807737801166,2021,2020-12-31,learned_order_offset,20260911,0.8905919911114152,0.8905919911114152,1,0,2.096802305458999,0.8905919911114152,2021-09-30,2020-12-31,nonnegative_low,2872,2877
rolling5_annual20,2616,2021-11-05,2021-11-15,0.0110015182343039,2021,2020-12-31,learned_order_offset,20260911,0.7978265534432464,0.7978265534432464,1,1,1.3727652469547538,0.7978265534432464,2021-09-30,2020-12-31,negative_low,2877,2882
rolling5_annual20,2621,2021-11-12,2021-11-22,0.0002002284238551,2021,2020-12-31,learned_order_offset,20260911,0.8952774170529411,0.8952774170529411,1,1,2.1458188468665207,0.8952774170529411,2021-09-30,2020-12-31,negative_low,2882,2887
rolling5_annual20,2626,2021-11-19,2021-11-29,-0.0153981603100059,2021,2020-12-31,learned_order_offset,20260911,0.7999840840098098,0.7999840840098098,1,0,1.3861948891496105,0.7999840840098098,2021-09-30,2020-12-31,negative_low,2887,2892
rolling5_annual20,2631,2021-11-26,2021-12-06,0.0185518287306458,2021,2020-12-31,learned_order_offset,20260911,0.8929926071982257,0.8929926071982257,1,1,2.1216803785482634,0.8929926071982257,2021-09-30,2020-12-31,negative_low,2892,2897
rolling5_annual20,2636,2021-12-03,2021-12-13,0.0367843110096284,2021,2020-12-31,learned_order_offset,20260911,0.6617706981211336,0.6617706981211336,1,1,0.6711950450799309,0.6617706981211336,2021-09-30,2020-12-31,nonnegative_low,2897,2902
rolling5_annual20,2641,2021-12-10,2021-12-20,-0.0304615698955996,2021,2020-12-31,learned_order_offset,20260911,0.6793586467002075,0.6793586467002075,1,0,0.7508259674231607,0.6793586467002075,2021-09-30,2020-12-31,nonnegative_low,2902,2907
rolling5_annual20,2646,2021-12-17,2021-12-27,-0.0034083287233763,2021,2020-12-31,learned_order_offset,20260911,0.8677053304579374,0.8677053304579374,1,0,1.8808203963625143,0.8677053304579374,2021-09-30,2020-12-31,nonnegative_low,2907,2912
rolling5_annual20,2651,2021-12-24,2022-01-04,0.0080985736506613,2021,2020-12-31,learned_order_offset,20260911,0.6618536694473734,0.6618536694473734,1,1,0.6715657559478525,0.6618536694473734,2021-09-30,2020-12-31,nonnegative_low,2912,2917
rolling5_annual20,2656,2021-12-31,2022-01-10,-0.0293970528320001,2021,2020-12-31,learned_order_offset,20260911,0.8504487860668164,0.8504487860668164,1,0,1.7381252914754568,0.8504487860668164,2021-09-30,2020-12-31,nonnegative_low,2917,2921
rolling5_annual20,2418,2021-01-08,2021-01-18,-0.0120052904669853,2021,2020-12-31,learned_market,20260912,0.49622809203697066,0.49622809203697066,0,0,-0.015087918070035872,0.49622809203697066,2020-12-31,2020-12-31,nonnegative_low,2679,2684
rolling5_annual20,2423,2021-01-15,2021-01-25,0.0231622460538123,2021,2020-12-31,learned_market,20260912,0.30299511780142024,0.30299511780142024,0,1,-0.8330757228121033,0.30299511780142024,2020-12-31,2020-12-31,nonnegative_high,2684,2689
rolling5_annual20,2428,2021-01-22,2021-02-01,-0.0372511735907923,2021,2020-12-31,learned_market,20260912,0.2926269390741677,0.2926269390741677,0,0,-0.8826596419630585,0.2926269390741677,2020-12-31,2020-12-31,nonnegative_high,2689,2694
rolling5_annual20,2433,2021-01-29,2021-02-08,0.0278689901714626,2021,2020-12-31,learned_market,20260912,0.4834854236532544,0.4834854236532544,0,1,-0.06608234267334501,0.4834854236532544,2020-12-31,2020-12-31,nonnegative_high,2694,2699
rolling5_annual20,2438,2021-02-05,2021-02-22,0.0507379035040882,2021,2020-12-31,learned_market,20260912,0.5449307431156443,0.5449307431156443,1,1,0.18020908943588038,0.5449307431156443,2020-12-31,2020-12-31,nonnegative_high,2699,2704
rolling5_annual20,2443,2021-02-19,2021-03-01,-0.0684918010685315,2021,2020-12-31,learned_market,20260912,0.37156624296606255,0.37156624296606255,0,0,-0.5255034635430837,0.37156624296606255,2020-12-31,2020-12-31,nonnegative_high,2704,2709
rolling5_annual20,2448,2021-02-26,2021-03-08,-0.0165997123904068,2021,2020-12-31,learned_market,20260912,0.5679579035959068,0.5679579035959068,1,0,0.2735242737106671,0.5679579035959068,2020-12-31,2020-12-31,nonnegative_high,2709,2714
rolling5_annual20,2453,2021-03-05,2021-03-15,-0.0346560901469681,2021,2020-12-31,learned_market,20260912,0.4912573433049491,0.4912573433049491,0,0,-0.034974191362784846,0.4912573433049491,2020-12-31,2020-12-31,nonnegative_high,2714,2719
rolling5_annual20,2458,2021-03-12,2021-03-22,-0.0210550182560221,2021,2020-12-31,learned_market,20260912,0.4975950072849539,0.4975950072849539,0,0,-0.009620045050300507,0.4975950072849539,2020-12-31,2020-12-31,nonnegative_high,2719,2724
rolling5_annual20,2463,2021-03-19,2021-03-29,0.0087572877565691,2021,2020-12-31,learned_market,20260912,0.4862560848839745,0.4862560848839745,0,1,-0.05498951292934273,0.4862560848839745,2020-12-31,2020-12-31,negative_high,2724,2729
rolling5_annual20,2468,2021-03-26,2021-04-06,0.0250145479448802,2021,2020-12-31,learned_market,20260912,0.5757817923341705,0.5757817923341705,1,1,0.30548079259632455,0.5757817923341705,2020-12-31,2020-12-31,nonnegative_high,2729,2734
rolling5_annual20,2473,2021-04-02,2021-04-12,-0.0292856811827044,2021,2020-12-31,learned_market,20260912,0.56297665502886,0.56297665502886,1,0,0.25325154731179045,0.56297665502886,2021-03-31,2020-12-31,negative_high,2734,2738
rolling5_annual20,2477,2021-04-09,2021-04-19,-0.0120489836840408,2021,2020-12-31,learned_market,20260912,0.6833728945724409,0.6833728945724409,1,0,0.7693159183914925,0.6833728945724409,2021-03-31,2020-12-31,negative_high,2738,2743
rolling5_annual20,2482,2021-04-16,2021-04-26,0.0382932540809155,2021,2020-12-31,learned_market,20260912,0.6069844199651692,0.6069844199651692,1,1,0.43465386851889465,0.6069844199651692,2021-03-31,2020-12-31,negative_high,2743,2748
rolling5_annual20,2487,2021-04-23,2021-05-06,-0.0112070185917437,2021,2020-12-31,learned_market,20260912,0.6957153692040717,0.6957153692040717,1,0,0.8269770755203623,0.6957153692040717,2021-03-31,2020-12-31,negative_high,2748,2753
rolling5_annual20,2492,2021-04-30,2021-05-12,-0.0190946889464188,2021,2020-12-31,learned_market,20260912,0.49572812581073494,0.49572812581073494,0,0,-0.017087912546170952,0.49572812581073494,2021-03-31,2020-12-31,negative_low,2753,2755
rolling5_annual20,2494,2021-05-07,2021-05-17,0.0227674429764228,2021,2020-12-31,learned_market,20260912,0.5923668300862341,0.5923668300862341,1,1,0.37375841177029684,0.5923668300862341,2021-03-31,2020-12-31,negative_high,2755,2760
rolling5_annual20,2499,2021-05-14,2021-05-24,0.0045940519733895,2021,2020-12-31,learned_market,20260912,0.5283594579480488,0.5283594579480488,1,1,0.11355971164153819,0.5283594579480488,2021-03-31,2020-12-31,negative_high,2760,2765
rolling5_annual20,2504,2021-05-21,2021-05-31,0.0348855085126711,2021,2020-12-31,learned_market,20260912,0.6202700684440092,0.6202700684440092,1,1,0.4906946838427394,0.6202700684440092,2021-03-31,2020-12-31,negative_low,2765,2770
rolling5_annual20,2509,2021-05-28,2021-06-07,-0.0062409741861724,2021,2020-12-31,learned_market,20260912,0.5014076959249572,0.5014076959249572,1,0,0.005630798577239582,0.5014076959249572,2021-03-31,2020-12-31,negative_high,2770,2775
rolling5_annual20,2514,2021-06-04,2021-06-15,-0.0125508761771767,2021,2020-12-31,learned_market,20260912,0.32971545266050545,0.32971545266050545,0,0,-0.7094723019168006,0.32971545266050545,2021-03-31,2020-12-31,nonnegative_high,2775,2780
rolling5_annual20,2519,2021-06-11,2021-06-21,-0.0250011497424577,2021,2020-12-31,learned_market,20260912,0.4358470115181578,0.4358470115181578,0,0,-0.25803418012925555,0.4358470115181578,2021-03-31,2020-12-31,nonnegative_low,2780,2784
rolling5_annual20,2523,2021-06-18,2021-06-28,0.0325308711127356,2021,2020-12-31,learned_market,20260912,0.39660974147357,0.39660974147357,0,1,-0.41961140404083147,0.39660974147357,2021-03-31,2020-12-31,nonnegative_low,2784,2789
rolling5_annual20,2528,2021-06-25,2021-07-05,-0.0342297962734196,2021,2020-12-31,learned_market,20260912,0.2996275446219084,0.2996275446219084,0,0,-0.849072087243691,0.2996275446219084,2021-03-31,2020-12-31,nonnegative_low,2789,2794
rolling5_annual20,2533,2021-07-02,2021-07-12,0.0068193733271841,2021,2020-12-31,learned_market,20260912,0.5151635455277491,0.5151635455277491,1,1,0.06067278758585504,0.5151635455277491,2021-06-30,2020-12-31,negative_high,2794,2799
rolling5_annual20,2538,2021-07-09,2021-07-19,-0.0048254045313779,2021,2020-12-31,learned_market,20260912,0.6207119283283139,0.6207119283283139,1,0,0.49257109084528683,0.6207119283283139,2021-06-30,2020-12-31,nonnegative_high,2799,2804
rolling5_annual20,2543,2021-07-16,2021-07-26,-0.0032299118953994,2021,2020-12-31,learned_market,20260912,0.49005551482262627,0.49005551482262627,0,0,-0.03978318695651786,0.49005551482262627,2021-06-30,2020-12-31,nonnegative_high,2804,2809
rolling5_annual20,2548,2021-07-23,2021-08-02,-0.0537740931579083,2021,2020-12-31,learned_market,20260912,0.6154753433492549,0.6154753433492549,1,0,0.47038697185623013,0.6154753433492549,2021-06-30,2020-12-31,nonnegative_high,2809,2814
rolling5_annual20,2553,2021-07-30,2021-08-09,0.019904813945049,2021,2020-12-31,learned_market,20260912,0.5234204191777538,0.5234204191777538,1,1,0.09375028158352969,0.5234204191777538,2021-06-30,2020-12-31,negative_high,2814,2819
rolling5_annual20,2558,2021-08-06,2021-08-16,0.0093369268709639,2021,2020-12-31,learned_market,20260912,0.5141172877385481,0.5141172877385481,1,1,0.05648416370672488,0.5141172877385481,2021-06-30,2020-12-31,negative_high,2819,2824
rolling5_annual20,2563,2021-08-13,2021-08-23,-0.032048736608373,2021,2020-12-31,learned_market,20260912,0.799712207667327,0.799712207667327,1,0,1.384496628631807,0.799712207667327,2021-06-30,2020-12-31,negative_high,2824,2829
rolling5_annual20,2568,2021-08-20,2021-08-30,0.0145047962107527,2021,2020-12-31,learned_market,20260912,0.6945524744678218,0.6945524744678218,1,1,0.8214897185230962,0.6945524744678218,2021-06-30,2020-12-31,negative_high,2829,2834
rolling5_annual20,2573,2021-08-27,2021-09-06,-0.0012316820816045,2021,2020-12-31,learned_market,20260912,0.650209110265474,0.650209110265474,1,0,0.6199585012204443,0.650209110265474,2021-06-30,2020-12-31,negative_high,2834,2839
rolling5_annual20,2578,2021-09-03,2021-09-13,0.0342301066295398,2021,2020-12-31,learned_market,20260912,0.5845335348210389,0.5845335348210389,1,1,0.34141225130287095,0.5845335348210389,2021-06-30,2020-12-31,negative_high,2839,2844
rolling5_annual20,2583,2021-09-10,2021-09-22,-0.0471441667981554,2021,2020-12-31,learned_market,20260912,0.5978406592956743,0.5978406592956743,1,0,0.3964758824211392,0.5978406592956743,2021-06-30,2020-12-31,negative_high,2844,2849
rolling5_annual20,2588,2021-09-17,2021-09-28,0.0209863060789441,2021,2020-12-31,learned_market,20260912,0.5426754501942058,0.5426754501942058,1,1,0.17111813015566796,0.5426754501942058,2021-06-30,2020-12-31,negative_high,2849,2852
rolling5_annual20,2591,2021-09-24,2021-10-11,0.0144615416200457,2021,2020-12-31,learned_market,20260912,0.43126701380981713,0.43126701380981713,0,1,-0.2766836355468617,0.43126701380981713,2021-06-30,2020-12-31,negative_low,2852,2857
rolling5_annual20,2596,2021-10-08,2021-10-18,-0.0038006269617851,2021,2020-12-31,learned_market,20260912,0.6941559587516039,0.6941559587516039,1,0,0.8196213567819579,0.6941559587516039,2021-09-30,2020-12-31,negative_low,2857,2862
rolling5_annual20,2601,2021-10-15,2021-10-25,0.0037358989621147,2021,2020-12-31,learned_market,20260912,0.5572300046897983,0.5572300046897983,1,1,0.22992765223445352,0.5572300046897983,2021-09-30,2020-12-31,negative_low,2862,2867
rolling5_annual20,2606,2021-10-22,2021-11-01,-0.0127041632091318,2021,2020-12-31,learned_market,20260912,0.6299600436601378,0.6299600436601378,1,0,0.53204540469709,0.6299600436601378,2021-09-30,2020-12-31,negative_low,2867,2872
rolling5_annual20,2611,2021-10-29,2021-11-08,-0.0075807737801166,2021,2020-12-31,learned_market,20260912,0.464512357293061,0.464512357293061,0,0,-0.14218965211437262,0.464512357293061,2021-09-30,2020-12-31,nonnegative_low,2872,2877
rolling5_annual20,2616,2021-11-05,2021-11-15,0.0110015182343039,2021,2020-12-31,learned_market,20260912,0.508116852058366,0.508116852058366,1,1,0.032470260763966696,0.508116852058366,2021-09-30,2020-12-31,negative_low,2877,2882
rolling5_annual20,2621,2021-11-12,2021-11-22,0.0002002284238551,2021,2020-12-31,learned_market,20260912,0.6443350708781979,0.6443350708781979,1,1,0.5942298098883917,0.6443350708781979,2021-09-30,2020-12-31,negative_low,2882,2887
rolling5_annual20,2626,2021-11-19,2021-11-29,-0.0153981603100059,2021,2020-12-31,learned_market,20260912,0.6693433688568049,0.6693433688568049,1,0,0.7052167165521968,0.6693433688568049,2021-09-30,2020-12-31,negative_low,2887,2892
rolling5_annual20,2631,2021-11-26,2021-12-06,0.0185518287306458,2021,2020-12-31,learned_market,20260912,0.4564357929986235,0.4564357929986235,0,1,-0.17469979620345,0.4564357929986235,2021-09-30,2020-12-31,negative_low,2892,2897
rolling5_annual20,2636,2021-12-03,2021-12-13,0.0367843110096284,2021,2020-12-31,learned_market,20260912,0.41978771600214365,0.41978771600214365,0,1,-0.32364489805874597,0.41978771600214365,2021-09-30,2020-12-31,nonnegative_low,2897,2902
rolling5_annual20,2641,2021-12-10,2021-12-20,-0.0304615698955996,2021,2020-12-31,learned_market,20260912,0.6271976821534841,0.6271976821534841,1,0,0.5202134732917056,0.6271976821534841,2021-09-30,2020-12-31,nonnegative_low,2902,2907
rolling5_annual20,2646,2021-12-17,2021-12-27,-0.0034083287233763,2021,2020-12-31,learned_market,20260912,0.6038032181672566,0.6038032181672566,1,0,0.421337335466087,0.6038032181672566,2021-09-30,2020-12-31,nonnegative_low,2907,2912
rolling5_annual20,2651,2021-12-24,2022-01-04,0.0080985736506613,2021,2020-12-31,learned_market,20260912,0.46482306192949696,0.46482306192949696,0,1,-0.14094059638912762,0.46482306192949696,2021-09-30,2020-12-31,nonnegative_low,2912,2917
rolling5_annual20,2656,2021-12-31,2022-01-10,-0.0293970528320001,2021,2020-12-31,learned_market,20260912,0.6466363276154498,0.6466363276154498,1,0,0.6042862862390013,0.6466363276154498,2021-09-30,2020-12-31,nonnegative_low,2917,2921
rolling5_annual20,2418,2021-01-08,2021-01-18,-0.0120052904669853,2021,2020-12-31,learned_vol_interaction,20260912,0.49620713842529096,0.49620713842529096,0,0,-0.015171737313385003,0.49620713842529096,2020-12-31,2020-12-31,nonnegative_low,2679,2684
rolling5_annual20,2423,2021-01-15,2021-01-25,0.0231622460538123,2021,2020-12-31,learned_vol_interaction,20260912,0.30370534508378266,0.30370534508378266,0,1,-0.8297149537321825,0.30370534508378266,2020-12-31,2020-12-31,nonnegative_high,2684,2689
rolling5_annual20,2428,2021-01-22,2021-02-01,-0.0372511735907923,2021,2020-12-31,learned_vol_interaction,20260912,0.2931342483584557,0.2931342483584557,0,0,-0.8802100737363698,0.2931342483584557,2020-12-31,2020-12-31,nonnegative_high,2689,2694
rolling5_annual20,2433,2021-01-29,2021-02-08,0.0278689901714626,2021,2020-12-31,learned_vol_interaction,20260912,0.4851476188516167,0.4851476188516167,0,1,-0.059427007635300344,0.4851476188516167,2020-12-31,2020-12-31,nonnegative_high,2694,2699
rolling5_annual20,2438,2021-02-05,2021-02-22,0.0507379035040882,2021,2020-12-31,learned_vol_interaction,20260912,0.5455559755252699,0.5455559755252699,1,1,0.18273066569250573,0.5455559755252699,2020-12-31,2020-12-31,nonnegative_high,2699,2704
rolling5_annual20,2443,2021-02-19,2021-03-01,-0.0684918010685315,2021,2020-12-31,learned_vol_interaction,20260912,0.37201410439640853,0.37201410439640853,0,0,-0.5235859383875382,0.37201410439640853,2020-12-31,2020-12-31,nonnegative_high,2704,2709
rolling5_annual20,2448,2021-02-26,2021-03-08,-0.0165997123904068,2021,2020-12-31,learned_vol_interaction,20260912,0.5647303221106473,0.5647303221106473,1,0,0.26038252303031,0.5647303221106473,2020-12-31,2020-12-31,nonnegative_high,2709,2714
rolling5_annual20,2453,2021-03-05,2021-03-15,-0.0346560901469681,2021,2020-12-31,learned_vol_interaction,20260912,0.4925362885158211,0.4925362885158211,0,0,-0.02985706373133884,0.4925362885158211,2020-12-31,2020-12-31,nonnegative_high,2714,2719
rolling5_annual20,2458,2021-03-12,2021-03-22,-0.0210550182560221,2021,2020-12-31,learned_vol_interaction,20260912,0.5001941106115585,0.5001941106115585,1,0,0.0007764424852415019,0.5001941106115585,2020-12-31,2020-12-31,nonnegative_high,2719,2724
rolling5_annual20,2463,2021-03-19,2021-03-29,0.0087572877565691,2021,2020-12-31,learned_vol_interaction,20260912,0.4917119078225818,0.4917119078225818,0,1,-0.03315540563457148,0.4917119078225818,2020-12-31,2020-12-31,negative_high,2724,2729
rolling5_annual20,2468,2021-03-26,2021-04-06,0.0250145479448802,2021,2020-12-31,learned_vol_interaction,20260912,0.5754614207160266,0.5754614207160266,1,1,0.3041693064728965,0.5754614207160266,2020-12-31,2020-12-31,nonnegative_high,2729,2734
rolling5_annual20,2473,2021-04-02,2021-04-12,-0.0292856811827044,2021,2020-12-31,learned_vol_interaction,20260912,0.5647750064828143,0.5647750064828143,1,0,0.2605643093724004,0.5647750064828143,2021-03-31,2020-12-31,negative_high,2734,2738
rolling5_annual20,2477,2021-04-09,2021-04-19,-0.0120489836840408,2021,2020-12-31,learned_vol_interaction,20260912,0.6851225390103307,0.6851225390103307,1,0,0.7774141609203178,0.6851225390103307,2021-03-31,2020-12-31,negative_high,2738,2743
rolling5_annual20,2482,2021-04-16,2021-04-26,0.0382932540809155,2021,2020-12-31,learned_vol_interaction,20260912,0.6079794499510633,0.6079794499510633,1,1,0.4388268199617402,0.6079794499510633,2021-03-31,2020-12-31,negative_high,2743,2748
rolling5_annual20,2487,2021-04-23,2021-05-06,-0.0112070185917437,2021,2020-12-31,learned_vol_interaction,20260912,0.6970440278111448,0.6970440278111448,1,0,0.8332610877128717,0.6970440278111448,2021-03-31,2020-12-31,negative_high,2748,2753
rolling5_annual20,2492,2021-04-30,2021-05-12,-0.0190946889464188,2021,2020-12-31,learned_vol_interaction,20260912,0.49508455771909865,0.49508455771909865,0,0,-0.019662402572693582,0.49508455771909865,2021-03-31,2020-12-31,negative_low,2753,2755
rolling5_annual20,2494,2021-05-07,2021-05-17,0.0227674429764228,2021,2020-12-31,learned_vol_interaction,20260912,0.5936076847954643,0.5936076847954643,1,1,0.37889965120554614,0.5936076847954643,2021-03-31,2020-12-31,negative_high,2755,2760
rolling5_annual20,2499,2021-05-14,2021-05-24,0.0045940519733895,2021,2020-12-31,learned_vol_interaction,20260912,0.5260594519724338,0.5260594519724338,1,1,0.10433234518786699,0.5260594519724338,2021-03-31,2020-12-31,negative_high,2760,2765
rolling5_annual20,2504,2021-05-21,2021-05-31,0.0348855085126711,2021,2020-12-31,learned_vol_interaction,20260912,0.6194700609717307,0.6194700609717307,1,1,0.4872995145800339,0.6194700609717307,2021-03-31,2020-12-31,negative_low,2765,2770
rolling5_annual20,2509,2021-05-28,2021-06-07,-0.0062409741861724,2021,2020-12-31,learned_vol_interaction,20260912,0.4999311238130264,0.4999311238130264,0,0,-0.00027550474963727867,0.4999311238130264,2021-03-31,2020-12-31,negative_high,2770,2775
rolling5_annual20,2514,2021-06-04,2021-06-15,-0.0125508761771767,2021,2020-12-31,learned_vol_interaction,20260912,0.32963442443266894,0.32963442443266894,0,0,-0.7098389631135849,0.32963442443266894,2021-03-31,2020-12-31,nonnegative_high,2775,2780
rolling5_annual20,2519,2021-06-11,2021-06-21,-0.0250011497424577,2021,2020-12-31,learned_vol_interaction,20260912,0.43487798405591244,0.43487798405591244,0,0,-0.2619761699351424,0.43487798405591244,2021-03-31,2020-12-31,nonnegative_low,2780,2784
rolling5_annual20,2523,2021-06-18,2021-06-28,0.0325308711127356,2021,2020-12-31,learned_vol_interaction,20260912,0.39563184997461803,0.39563184997461803,0,1,-0.4236994251021947,0.39563184997461803,2021-03-31,2020-12-31,nonnegative_low,2784,2789
rolling5_annual20,2528,2021-06-25,2021-07-05,-0.0342297962734196,2021,2020-12-31,learned_vol_interaction,20260912,0.2936971410007611,0.2936971410007611,0,0,-0.87749502052372,0.2936971410007611,2021-03-31,2020-12-31,nonnegative_low,2789,2794
rolling5_annual20,2533,2021-07-02,2021-07-12,0.0068193733271841,2021,2020-12-31,learned_vol_interaction,20260912,0.5148668706411704,0.5148668706411704,1,1,0.05948501684215235,0.5148668706411704,2021-06-30,2020-12-31,negative_high,2794,2799
rolling5_annual20,2538,2021-07-09,2021-07-19,-0.0048254045313779,2021,2020-12-31,learned_vol_interaction,20260912,0.6186903340218607,0.6186903340218607,1,0,0.48399306276668613,0.6186903340218607,2021-06-30,2020-12-31,nonnegative_high,2799,2804
rolling5_annual20,2543,2021-07-16,2021-07-26,-0.0032299118953994,2021,2020-12-31,learned_vol_interaction,20260912,0.4865946477628708,0.4865946477628708,0,0,-0.05363426243010139,0.4865946477628708,2021-06-30,2020-12-31,nonnegative_high,2804,2809
rolling5_annual20,2548,2021-07-23,2021-08-02,-0.0537740931579083,2021,2020-12-31,learned_vol_interaction,20260912,0.6139762603963855,0.6139762603963855,1,0,0.46405739441268634,0.6139762603963855,2021-06-30,2020-12-31,nonnegative_high,2809,2814
rolling5_annual20,2553,2021-07-30,2021-08-09,0.019904813945049,2021,2020-12-31,learned_vol_interaction,20260912,0.5240194778238666,0.5240194778238666,1,1,0.09615192145365145,0.5240194778238666,2021-06-30,2020-12-31,negative_high,2814,2819
rolling5_annual20,2558,2021-08-06,2021-08-16,0.0093369268709639,2021,2020-12-31,learned_vol_interaction,20260912,0.5136649464816024,0.5136649464816024,1,1,0.05467340091320019,0.5136649464816024,2021-06-30,2020-12-31,negative_high,2819,2824
rolling5_annual20,2563,2021-08-13,2021-08-23,-0.032048736608373,2021,2020-12-31,learned_vol_interaction,20260912,0.7945167952306426,0.7945167952306426,1,0,1.352369823144761,0.7945167952306426,2021-06-30,2020-12-31,negative_high,2824,2829
rolling5_annual20,2568,2021-08-20,2021-08-30,0.0145047962107527,2021,2020-12-31,learned_vol_interaction,20260912,0.6928180790402312,0.6928180790402312,1,1,0.8133273040207766,0.6928180790402312,2021-06-30,2020-12-31,negative_high,2829,2834
rolling5_annual20,2573,2021-08-27,2021-09-06,-0.0012316820816045,2021,2020-12-31,learned_vol_interaction,20260912,0.6501421001064899,0.6501421001064899,1,0,0.6196638828064676,0.6501421001064899,2021-06-30,2020-12-31,negative_high,2834,2839
rolling5_annual20,2578,2021-09-03,2021-09-13,0.0342301066295398,2021,2020-12-31,learned_vol_interaction,20260912,0.5834223088141877,0.5834223088141877,1,1,0.3368383183427465,0.5834223088141877,2021-06-30,2020-12-31,negative_high,2839,2844
rolling5_annual20,2583,2021-09-10,2021-09-22,-0.0471441667981554,2021,2020-12-31,learned_vol_interaction,20260912,0.5980779969137336,0.5980779969137336,1,0,0.3974631274462391,0.5980779969137336,2021-06-30,2020-12-31,negative_high,2844,2849
rolling5_annual20,2588,2021-09-17,2021-09-28,0.0209863060789441,2021,2020-12-31,learned_vol_interaction,20260912,0.5427243889928098,0.5427243889928098,1,1,0.1713153235074952,0.5427243889928098,2021-06-30,2020-12-31,negative_high,2849,2852
rolling5_annual20,2591,2021-09-24,2021-10-11,0.0144615416200457,2021,2020-12-31,learned_vol_interaction,20260912,0.42884602217775675,0.42884602217775675,0,1,-0.2865609049025747,0.42884602217775675,2021-06-30,2020-12-31,negative_low,2852,2857
rolling5_annual20,2596,2021-10-08,2021-10-18,-0.0038006269617851,2021,2020-12-31,learned_vol_interaction,20260912,0.695102696328134,0.695102696328134,1,0,0.8240845885140597,0.695102696328134,2021-09-30,2020-12-31,negative_low,2857,2862
rolling5_annual20,2601,2021-10-15,2021-10-25,0.0037358989621147,2021,2020-12-31,learned_vol_interaction,20260912,0.5555453048521898,0.5555453048521898,1,1,0.2231020360613234,0.5555453048521898,2021-09-30,2020-12-31,negative_low,2862,2867
rolling5_annual20,2606,2021-10-22,2021-11-01,-0.0127041632091318,2021,2020-12-31,learned_vol_interaction,20260912,0.6315277731833727,0.6315277731833727,1,0,0.5387765799434105,0.6315277731833727,2021-09-30,2020-12-31,negative_low,2867,2872
rolling5_annual20,2611,2021-10-29,2021-11-08,-0.0075807737801166,2021,2020-12-31,learned_vol_interaction,20260912,0.46060481961428473,0.46060481961428473,0,0,-0.15790802442034235,0.46060481961428473,2021-09-30,2020-12-31,nonnegative_low,2872,2877
rolling5_annual20,2616,2021-11-05,2021-11-15,0.0110015182343039,2021,2020-12-31,learned_vol_interaction,20260912,0.5028238020220486,0.5028238020220486,1,1,0.011295328179004527,0.5028238020220486,2021-09-30,2020-12-31,negative_low,2877,2882
rolling5_annual20,2621,2021-11-12,2021-11-22,0.0002002284238551,2021,2020-12-31,learned_vol_interaction,20260912,0.6449850400218169,0.6449850400218169,1,1,0.5970671933910359,0.6449850400218169,2021-09-30,2020-12-31,negative_low,2882,2887
rolling5_annual20,2626,2021-11-19,2021-11-29,-0.0153981603100059,2021,2020-12-31,learned_vol_interaction,20260912,0.6701888269993593,0.6701888269993593,1,0,0.7090392163588113,0.6701888269993593,2021-09-30,2020-12-31,negative_low,2887,2892
rolling5_annual20,2631,2021-11-26,2021-12-06,0.0185518287306458,2021,2020-12-31,learned_vol_interaction,20260912,0.45043317964934776,0.45043317964934776,0,1,-0.19892062736028016,0.45043317964934776,2021-09-30,2020-12-31,negative_low,2892,2897
rolling5_annual20,2636,2021-12-03,2021-12-13,0.0367843110096284,2021,2020-12-31,learned_vol_interaction,20260912,0.41071461893066585,0.41071461893066585,0,1,-0.36101196876995284,0.41071461893066585,2021-09-30,2020-12-31,nonnegative_low,2897,2902
rolling5_annual20,2641,2021-12-10,2021-12-20,-0.0304615698955996,2021,2020-12-31,learned_vol_interaction,20260912,0.6266555065384815,0.6266555065384815,1,0,0.5178953899073852,0.6266555065384815,2021-09-30,2020-12-31,nonnegative_low,2902,2907
rolling5_annual20,2646,2021-12-17,2021-12-27,-0.0034083287233763,2021,2020-12-31,learned_vol_interaction,20260912,0.6026505934203981,0.6026505934203981,1,0,0.4165215707788345,0.6026505934203981,2021-09-30,2020-12-31,nonnegative_low,2907,2912
rolling5_annual20,2651,2021-12-24,2022-01-04,0.0080985736506613,2021,2020-12-31,learned_vol_interaction,20260912,0.46036515762682995,0.46036515762682995,0,1,-0.15887269749061594,0.46036515762682995,2021-09-30,2020-12-31,nonnegative_low,2912,2917
rolling5_annual20,2656,2021-12-31,2022-01-10,-0.0293970528320001,2021,2020-12-31,learned_vol_interaction,20260912,0.6445590390816363,0.6445590390816363,1,0,0.5952072605694062,0.6445590390816363,2021-09-30,2020-12-31,nonnegative_low,2917,2921
rolling5_annual20,2418,2021-01-08,2021-01-18,-0.0120052904669853,2021,2020-12-31,learned_order_extension,20260912,0.4980709373270918,0.4980709373270918,0,0,-0.007716288977775987,0.4980709373270918,2020-12-31,2020-12-31,nonnegative_low,2679,2684
rolling5_annual20,2423,2021-01-15,2021-01-25,0.0231622460538123,2021,2020-12-31,learned_order_extension,20260912,0.3077801048995167,0.3077801048995167,0,1,-0.8105180897645812,0.3077801048995167,2020-12-31,2020-12-31,nonnegative_high,2684,2689
rolling5_annual20,2428,2021-01-22,2021-02-01,-0.0372511735907923,2021,2020-12-31,learned_order_extension,20260912,0.2945790953929349,0.2945790953929349,0,0,-0.8732471102534923,0.2945790953929349,2020-12-31,2020-12-31,nonnegative_high,2689,2694
rolling5_annual20,2433,2021-01-29,2021-02-08,0.0278689901714626,2021,2020-12-31,learned_order_extension,20260912,0.4869306132003812,0.4869306132003812,0,1,-0.052289458040045256,0.4869306132003812,2020-12-31,2020-12-31,nonnegative_high,2694,2699
rolling5_annual20,2438,2021-02-05,2021-02-22,0.0507379035040882,2021,2020-12-31,learned_order_extension,20260912,0.5470942643821933,0.5470942643821933,1,1,0.18893710265569325,0.5470942643821933,2020-12-31,2020-12-31,nonnegative_high,2699,2704
rolling5_annual20,2443,2021-02-19,2021-03-01,-0.0684918010685315,2021,2020-12-31,learned_order_extension,20260912,0.37256373051610003,0.37256373051610003,0,0,-0.5212339914532045,0.37256373051610003,2020-12-31,2020-12-31,nonnegative_high,2704,2709
rolling5_annual20,2448,2021-02-26,2021-03-08,-0.0165997123904068,2021,2020-12-31,learned_order_extension,20260912,0.5652884202407723,0.5652884202407723,1,0,0.26265330305148143,0.5652884202407723,2020-12-31,2020-12-31,nonnegative_high,2709,2714
rolling5_annual20,2453,2021-03-05,2021-03-15,-0.0346560901469681,2021,2020-12-31,learned_order_extension,20260912,0.4938099782773414,0.4938099782773414,0,0,-0.02476135196247009,0.4938099782773414,2020-12-31,2020-12-31,nonnegative_high,2714,2719
rolling5_annual20,2458,2021-03-12,2021-03-22,-0.0210550182560221,2021,2020-12-31,learned_order_extension,20260912,0.5011342068332141,0.5011342068332141,1,0,0.004536835114598764,0.5011342068332141,2020-12-31,2020-12-31,nonnegative_high,2719,2724
rolling5_annual20,2463,2021-03-19,2021-03-29,0.0087572877565691,2021,2020-12-31,learned_order_extension,20260912,0.49318584601318854,0.49318584601318854,0,1,-0.027258303599483474,0.49318584601318854,2020-12-31,2020-12-31,negative_high,2724,2729
rolling5_annual20,2468,2021-03-26,2021-04-06,0.0250145479448802,2021,2020-12-31,learned_order_extension,20260912,0.5765372992952104,0.5765372992952104,1,1,0.30857460085745286,0.5765372992952104,2020-12-31,2020-12-31,nonnegative_high,2729,2734
rolling5_annual20,2473,2021-04-02,2021-04-12,-0.0292856811827044,2021,2020-12-31,learned_order_extension,20260912,0.5661836120897463,0.5661836120897463,1,0,0.2662970533312159,0.5661836120897463,2021-03-31,2020-12-31,negative_high,2734,2738
rolling5_annual20,2477,2021-04-09,2021-04-19,-0.0120489836840408,2021,2020-12-31,learned_order_extension,20260912,0.687046194737299,0.687046194737299,1,0,0.7863459385816534,0.687046194737299,2021-03-31,2020-12-31,negative_high,2738,2743
rolling5_annual20,2482,2021-04-16,2021-04-26,0.0382932540809155,2021,2020-12-31,learned_order_extension,20260912,0.6079705501613304,0.6079705501613304,1,1,0.43878947945036867,0.6079705501613304,2021-03-31,2020-12-31,negative_high,2743,2748
rolling5_annual20,2487,2021-04-23,2021-05-06,-0.0112070185917437,2021,2020-12-31,learned_order_extension,20260912,0.7001630679827717,0.7001630679827717,1,0,0.8480744952435082,0.7001630679827717,2021-03-31,2020-12-31,negative_high,2748,2753
rolling5_annual20,2492,2021-04-30,2021-05-12,-0.0190946889464188,2021,2020-12-31,learned_order_extension,20260912,0.4918375430018398,0.4918375430018398,0,0,-0.032652728880223414,0.4918375430018398,2021-03-31,2020-12-31,negative_low,2753,2755
rolling5_annual20,2494,2021-05-07,2021-05-17,0.0227674429764228,2021,2020-12-31,learned_order_extension,20260912,0.5924909504537539,0.5924909504537539,1,1,0.3742724594870858,0.5924909504537539,2021-03-31,2020-12-31,negative_high,2755,2760
rolling5_annual20,2499,2021-05-14,2021-05-24,0.0045940519733895,2021,2020-12-31,learned_order_extension,20260912,0.5211782975246303,0.5211782975246303,1,1,0.08476390548123791,0.5211782975246303,2021-03-31,2020-12-31,negative_high,2760,2765
rolling5_annual20,2504,2021-05-21,2021-05-31,0.0348855085126711,2021,2020-12-31,learned_order_extension,20260912,0.6201148626993727,0.6201148626993727,1,1,0.4900357865324566,0.6201148626993727,2021-03-31,2020-12-31,negative_low,2765,2770
rolling5_annual20,2509,2021-05-28,2021-06-07,-0.0062409741861724,2021,2020-12-31,learned_order_extension,20260912,0.49912386449059004,0.49912386449059004,0,0,-0.0035045456244909845,0.49912386449059004,2021-03-31,2020-12-31,negative_high,2770,2775
rolling5_annual20,2514,2021-06-04,2021-06-15,-0.0125508761771767,2021,2020-12-31,learned_order_extension,20260912,0.3220408483503156,0.3220408483503156,0,0,-0.7444086420917159,0.3220408483503156,2021-03-31,2020-12-31,nonnegative_high,2775,2780
rolling5_annual20,2519,2021-06-11,2021-06-21,-0.0250011497424577,2021,2020-12-31,learned_order_extension,20260912,0.4292917957601971,0.4292917957601971,0,0,-0.28474118887811656,0.4292917957601971,2021-03-31,2020-12-31,nonnegative_low,2780,2784
rolling5_annual20,2523,2021-06-18,2021-06-28,0.0325308711127356,2021,2020-12-31,learned_order_extension,20260912,0.39019861803489025,0.39019861803489025,0,1,-0.44647741431249,0.39019861803489025,2021-03-31,2020-12-31,nonnegative_low,2784,2789
rolling5_annual20,2528,2021-06-25,2021-07-05,-0.0342297962734196,2021,2020-12-31,learned_order_extension,20260912,0.28601239769549003,0.28601239769549003,0,0,-0.9148304400037004,0.28601239769549003,2021-03-31,2020-12-31,nonnegative_low,2789,2794
rolling5_annual20,2533,2021-07-02,2021-07-12,0.0068193733271841,2021,2020-12-31,learned_order_extension,20260912,0.511988380684367,0.511988380684367,1,1,0.04796271516343942,0.511988380684367,2021-06-30,2020-12-31,negative_high,2794,2799
rolling5_annual20,2538,2021-07-09,2021-07-19,-0.0048254045313779,2021,2020-12-31,learned_order_extension,20260912,0.6213632916420614,0.6213632916420614,1,0,0.4953387293458932,0.6213632916420614,2021-06-30,2020-12-31,nonnegative_high,2799,2804
rolling5_annual20,2543,2021-07-16,2021-07-26,-0.0032299118953994,2021,2020-12-31,learned_order_extension,20260912,0.4783021837038135,0.4783021837038135,0,0,-0.08684580804490716,0.4783021837038135,2021-06-30,2020-12-31,nonnegative_high,2804,2809
rolling5_annual20,2548,2021-07-23,2021-08-02,-0.0537740931579083,2021,2020-12-31,learned_order_extension,20260912,0.6124295217712632,0.6124295217712632,1,0,0.4575361577469952,0.6124295217712632,2021-06-30,2020-12-31,nonnegative_high,2809,2814
rolling5_annual20,2553,2021-07-30,2021-08-09,0.019904813945049,2021,2020-12-31,learned_order_extension,20260912,0.5183173735705874,0.5183173735705874,1,1,0.07330229914710984,0.5183173735705874,2021-06-30,2020-12-31,negative_high,2814,2819
rolling5_annual20,2558,2021-08-06,2021-08-16,0.0093369268709639,2021,2020-12-31,learned_order_extension,20260912,0.509509202348959,0.509509202348959,1,1,0.038041396359073526,0.509509202348959,2021-06-30,2020-12-31,negative_high,2819,2824
rolling5_annual20,2563,2021-08-13,2021-08-23,-0.032048736608373,2021,2020-12-31,learned_order_extension,20260912,0.7945715828017712,0.7945715828017712,1,0,1.352705441391824,0.7945715828017712,2021-06-30,2020-12-31,negative_high,2824,2829
rolling5_annual20,2568,2021-08-20,2021-08-30,0.0145047962107527,2021,2020-12-31,learned_order_extension,20260912,0.6924411435011819,0.6924411435011819,1,1,0.8115567709359952,0.6924411435011819,2021-06-30,2020-12-31,negative_high,2829,2834
rolling5_annual20,2573,2021-08-27,2021-09-06,-0.0012316820816045,2021,2020-12-31,learned_order_extension,20260912,0.6485120883138071,0.6485120883138071,1,0,0.6125053239965813,0.6485120883138071,2021-06-30,2020-12-31,negative_high,2834,2839
rolling5_annual20,2578,2021-09-03,2021-09-13,0.0342301066295398,2021,2020-12-31,learned_order_extension,20260912,0.5805757513729569,0.5805757513729569,1,1,0.325137351726566,0.5805757513729569,2021-06-30,2020-12-31,negative_high,2839,2844
rolling5_annual20,2583,2021-09-10,2021-09-22,-0.0471441667981554,2021,2020-12-31,learned_order_extension,20260912,0.5978065821661347,0.5978065821661347,1,0,0.3963341486394614,0.5978065821661347,2021-06-30,2020-12-31,negative_high,2844,2849
rolling5_annual20,2588,2021-09-17,2021-09-28,0.0209863060789441,2021,2020-12-31,learned_order_extension,20260912,0.5376103337187045,0.5376103337187045,1,1,0.15072604187032712,0.5376103337187045,2021-06-30,2020-12-31,negative_high,2849,2852
rolling5_annual20,2591,2021-09-24,2021-10-11,0.0144615416200457,2021,2020-12-31,learned_order_extension,20260912,0.4159392588263915,0.4159392588263915,0,1,-0.3394657491147486,0.4159392588263915,2021-06-30,2020-12-31,negative_low,2852,2857
rolling5_annual20,2596,2021-10-08,2021-10-18,-0.0038006269617851,2021,2020-12-31,learned_order_extension,20260912,0.6977983653498382,0.6977983653498382,1,0,0.8368357271823685,0.6977983653498382,2021-09-30,2020-12-31,negative_low,2857,2862
rolling5_annual20,2601,2021-10-15,2021-10-25,0.0037358989621147,2021,2020-12-31,learned_order_extension,20260912,0.5511774737639048,0.5511774737639048,1,1,0.205429306140111,0.5511774737639048,2021-09-30,2020-12-31,negative_low,2862,2867
rolling5_annual20,2606,2021-10-22,2021-11-01,-0.0127041632091318,2021,2020-12-31,learned_order_extension,20260912,0.6314497295780248,0.6314497295780248,1,0,0.5384412124558027,0.6314497295780248,2021-09-30,2020-12-31,negative_low,2867,2872
rolling5_annual20,2611,2021-10-29,2021-11-08,-0.0075807737801166,2021,2020-12-31,learned_order_extension,20260912,0.4555702872833959,0.4555702872833959,0,0,-0.1781888353483103,0.4555702872833959,2021-09-30,2020-12-31,nonnegative_low,2872,2877
rolling5_annual20,2616,2021-11-05,2021-11-15,0.0110015182343039,2021,2020-12-31,learned_order_extension,20260912,0.49440987235614653,0.49440987235614653,0,1,-0.022361442319135227,0.49440987235614653,2021-09-30,2020-12-31,negative_low,2877,2882
rolling5_annual20,2621,2021-11-12,2021-11-22,0.0002002284238551,2021,2020-12-31,learned_order_extension,20260912,0.6457846168027762,0.6457846168027762,1,1,0.6005608824390942,0.6457846168027762,2021-09-30,2020-12-31,negative_low,2882,2887
rolling5_annual20,2626,2021-11-19,2021-11-29,-0.0153981603100059,2021,2020-12-31,learned_order_extension,20260912,0.6758557957877199,0.6758557957877199,1,0,0.7347912419411895,0.6758557957877199,2021-09-30,2020-12-31,negative_low,2887,2892
rolling5_annual20,2631,2021-11-26,2021-12-06,0.0185518287306458,2021,2020-12-31,learned_order_extension,20260912,0.43384934218808535,0.43384934218808535,0,1,-0.26616288664465737,0.43384934218808535,2021-09-30,2020-12-31,negative_low,2892,2897
rolling5_annual20,2636,2021-12-03,2021-12-13,0.0367843110096284,2021,2020-12-31,learned_order_extension,20260912,0.40088382776410036,0.40088382776410036,0,1,-0.4017838439337218,0.40088382776410036,2021-09-30,2020-12-31,nonnegative_low,2897,2902
rolling5_annual20,2641,2021-12-10,2021-12-20,-0.0304615698955996,2021,2020-12-31,learned_order_extension,20260912,0.6273782384824466,0.6273782384824466,1,0,0.5209857489539529,0.6273782384824466,2021-09-30,2020-12-31,nonnegative_low,2902,2907
rolling5_annual20,2646,2021-12-17,2021-12-27,-0.0034083287233763,2021,2020-12-31,learned_order_extension,20260912,0.5990729401360653,0.5990729401360653,1,0,0.4016038453848865,0.5990729401360653,2021-09-30,2020-12-31,nonnegative_low,2907,2912
rolling5_annual20,2651,2021-12-24,2022-01-04,0.0080985736506613,2021,2020-12-31,learned_order_extension,20260912,0.44993121305292894,0.44993121305292894,0,1,-0.20094862638503935,0.44993121305292894,2021-09-30,2020-12-31,nonnegative_low,2912,2917
rolling5_annual20,2656,2021-12-31,2022-01-10,-0.0293970528320001,2021,2020-12-31,learned_order_extension,20260912,0.6465331383092103,0.6465331383092103,1,0,0.6038347174236841,0.6465331383092103,2021-09-30,2020-12-31,nonnegative_low,2917,2921
rolling5_annual20,2418,2021-01-08,2021-01-18,-0.0120052904669853,2021,2020-12-31,learned_order_offset,20260912,0.4978619856473434,0.4978619856473434,0,0,-0.008552109534338825,0.4978619856473434,2020-12-31,2020-12-31,nonnegative_low,2679,2684
rolling5_annual20,2423,2021-01-15,2021-01-25,0.0231622460538123,2021,2020-12-31,learned_order_offset,20260912,0.30753172112864313,0.30753172112864313,0,1,-0.8116841902603077,0.30753172112864313,2020-12-31,2020-12-31,nonnegative_high,2684,2689
rolling5_annual20,2428,2021-01-22,2021-02-01,-0.0372511735907923,2021,2020-12-31,learned_order_offset,20260912,0.29417599189344534,0.29417599189344534,0,0,-0.8751877259908873,0.29417599189344534,2020-12-31,2020-12-31,nonnegative_high,2689,2694
rolling5_annual20,2433,2021-01-29,2021-02-08,0.0278689901714626,2021,2020-12-31,learned_order_offset,20260912,0.48673077860534075,0.48673077860534075,0,1,-0.05308935133468584,0.48673077860534075,2020-12-31,2020-12-31,nonnegative_high,2694,2699
rolling5_annual20,2438,2021-02-05,2021-02-22,0.0507379035040882,2021,2020-12-31,learned_order_offset,20260912,0.5468628858044645,0.5468628858044645,1,1,0.18800334516676506,0.5468628858044645,2020-12-31,2020-12-31,nonnegative_high,2699,2704
rolling5_annual20,2443,2021-02-19,2021-03-01,-0.0684918010685315,2021,2020-12-31,learned_order_offset,20260912,0.37253784220409425,0.37253784220409425,0,0,-0.5213447404167275,0.37253784220409425,2020-12-31,2020-12-31,nonnegative_high,2704,2709
rolling5_annual20,2448,2021-02-26,2021-03-08,-0.0165997123904068,2021,2020-12-31,learned_order_offset,20260912,0.5649799919042372,0.5649799919042372,1,0,0.2613982923071681,0.5649799919042372,2020-12-31,2020-12-31,nonnegative_high,2709,2714
rolling5_annual20,2453,2021-03-05,2021-03-15,-0.0346560901469681,2021,2020-12-31,learned_order_offset,20260912,0.49348358050186064,0.49348358050186064,0,0,-0.026067153937287646,0.49348358050186064,2020-12-31,2020-12-31,nonnegative_high,2714,2719
rolling5_annual20,2458,2021-03-12,2021-03-22,-0.0210550182560221,2021,2020-12-31,learned_order_offset,20260912,0.500928953286114,0.500928953286114,1,0,0.0037158174199004024,0.500928953286114,2020-12-31,2020-12-31,nonnegative_high,2719,2724
rolling5_annual20,2463,2021-03-19,2021-03-29,0.0087572877565691,2021,2020-12-31,learned_order_offset,20260912,0.493170220106531,0.493170220106531,0,1,-0.027320818863768172,0.493170220106531,2020-12-31,2020-12-31,negative_high,2724,2729
rolling5_annual20,2468,2021-03-26,2021-04-06,0.0250145479448802,2021,2020-12-31,learned_order_offset,20260912,0.5766144810517231,0.5766144810517231,1,1,0.3088907431495521,0.5766144810517231,2020-12-31,2020-12-31,nonnegative_high,2729,2734
rolling5_annual20,2473,2021-04-02,2021-04-12,-0.0292856811827044,2021,2020-12-31,learned_order_offset,20260912,0.566102470284805,0.566102470284805,1,0,0.2659667051470832,0.566102470284805,2021-03-31,2020-12-31,negative_high,2734,2738
rolling5_annual20,2477,2021-04-09,2021-04-19,-0.0120489836840408,2021,2020-12-31,learned_order_offset,20260912,0.6869015293782829,0.6869015293782829,1,0,0.7856732040222899,0.6869015293782829,2021-03-31,2020-12-31,negative_high,2738,2743
rolling5_annual20,2482,2021-04-16,2021-04-26,0.0382932540809155,2021,2020-12-31,learned_order_offset,20260912,0.6078000978596377,0.6078000978596377,1,1,0.4380743772414087,0.6078000978596377,2021-03-31,2020-12-31,negative_high,2743,2748
rolling5_annual20,2487,2021-04-23,2021-05-06,-0.0112070185917437,2021,2020-12-31,learned_order_offset,20260912,0.6999268378054232,0.6999268378054232,1,0,0.8469494932545564,0.6999268378054232,2021-03-31,2020-12-31,negative_high,2748,2753
rolling5_annual20,2492,2021-04-30,2021-05-12,-0.0190946889464188,2021,2020-12-31,learned_order_offset,20260912,0.49168441153382075,0.49168441153382075,0,0,-0.03326542111895564,0.49168441153382075,2021-03-31,2020-12-31,negative_low,2753,2755
rolling5_annual20,2494,2021-05-07,2021-05-17,0.0227674429764228,2021,2020-12-31,learned_order_offset,20260912,0.5919092456876717,0.5919092456876717,1,1,0.37186373522018634,0.5919092456876717,2021-03-31,2020-12-31,negative_high,2755,2760
rolling5_annual20,2499,2021-05-14,2021-05-24,0.0045940519733895,2021,2020-12-31,learned_order_offset,20260912,0.5203594988625989,0.5203594988625989,1,1,0.08148304934330264,0.5203594988625989,2021-03-31,2020-12-31,negative_high,2760,2765
rolling5_annual20,2504,2021-05-21,2021-05-31,0.0348855085126711,2021,2020-12-31,learned_order_offset,20260912,0.6196299438561572,0.6196299438561572,1,1,0.48797782428513975,0.6196299438561572,2021-03-31,2020-12-31,negative_low,2765,2770
rolling5_annual20,2509,2021-05-28,2021-06-07,-0.0062409741861724,2021,2020-12-31,learned_order_offset,20260912,0.498513660109647,0.498513660109647,0,0,-0.0059453770742056156,0.498513660109647,2021-03-31,2020-12-31,negative_high,2770,2775
rolling5_annual20,2514,2021-06-04,2021-06-15,-0.0125508761771767,2021,2020-12-31,learned_order_offset,20260912,0.32211543056065006,0.32211543056065006,0,0,-0.744067060573749,0.32211543056065006,2021-03-31,2020-12-31,nonnegative_high,2775,2780
rolling5_annual20,2519,2021-06-11,2021-06-21,-0.0250011497424577,2021,2020-12-31,learned_order_offset,20260912,0.4292652143972748,0.4292652143972748,0,0,-0.2848496849144892,0.4292652143972748,2021-03-31,2020-12-31,nonnegative_low,2780,2784
rolling5_annual20,2523,2021-06-18,2021-06-28,0.0325308711127356,2021,2020-12-31,learned_order_offset,20260912,0.389839647004703,0.389839647004703,0,1,-0.44798630333767264,0.389839647004703,2021-03-31,2020-12-31,nonnegative_low,2784,2789
rolling5_annual20,2528,2021-06-25,2021-07-05,-0.0342297962734196,2021,2020-12-31,learned_order_offset,20260912,0.2857328768925556,0.2857328768925556,0,0,-0.9161996368788112,0.2857328768925556,2021-03-31,2020-12-31,nonnegative_low,2789,2794
rolling5_annual20,2533,2021-07-02,2021-07-12,0.0068193733271841,2021,2020-12-31,learned_order_offset,20260912,0.5120272781444086,0.5120272781444086,1,1,0.0481183947922017,0.5120272781444086,2021-06-30,2020-12-31,negative_high,2794,2799
rolling5_annual20,2538,2021-07-09,2021-07-19,-0.0048254045313779,2021,2020-12-31,learned_order_offset,20260912,0.6210298644444885,0.6210298644444885,1,0,0.4939217676989107,0.6210298644444885,2021-06-30,2020-12-31,nonnegative_high,2799,2804
rolling5_annual20,2543,2021-07-16,2021-07-26,-0.0032299118953994,2021,2020-12-31,learned_order_offset,20260912,0.47780664490085595,0.47780664490085595,0,0,-0.0888317892841734,0.47780664490085595,2021-06-30,2020-12-31,nonnegative_high,2804,2809
rolling5_annual20,2548,2021-07-23,2021-08-02,-0.0537740931579083,2021,2020-12-31,learned_order_offset,20260912,0.6120939315881804,0.6120939315881804,1,0,0.45612253513001255,0.6120939315881804,2021-06-30,2020-12-31,nonnegative_high,2809,2814
rolling5_annual20,2553,2021-07-30,2021-08-09,0.019904813945049,2021,2020-12-31,learned_order_offset,20260912,0.5180210270033623,0.5180210270033623,1,1,0.0721153454954852,0.5180210270033623,2021-06-30,2020-12-31,negative_high,2814,2819
rolling5_annual20,2558,2021-08-06,2021-08-16,0.0093369268709639,2021,2020-12-31,learned_order_offset,20260912,0.5092578634100278,0.5092578634100278,1,1,0.037035686368310144,0.5092578634100278,2021-06-30,2020-12-31,negative_high,2819,2824
rolling5_annual20,2563,2021-08-13,2021-08-23,-0.032048736608373,2021,2020-12-31,learned_order_offset,20260912,0.7940343211531239,0.7940343211531239,1,0,1.3494171385770253,0.7940343211531239,2021-06-30,2020-12-31,negative_high,2824,2829
rolling5_annual20,2568,2021-08-20,2021-08-30,0.0145047962107527,2021,2020-12-31,learned_order_offset,20260912,0.6920631539348041,0.6920631539348041,1,1,0.8097824976589759,0.6920631539348041,2021-06-30,2020-12-31,negative_high,2829,2834
rolling5_annual20,2573,2021-08-27,2021-09-06,-0.0012316820816045,2021,2020-12-31,learned_order_offset,20260912,0.6483618872645227,0.6483618872645227,1,0,0.6118464505352409,0.6483618872645227,2021-06-30,2020-12-31,negative_high,2834,2839
rolling5_annual20,2578,2021-09-03,2021-09-13,0.0342301066295398,2021,2020-12-31,learned_order_offset,20260912,0.5804326441216299,0.5804326441216299,1,1,0.3245496883045559,0.5804326441216299,2021-06-30,2020-12-31,negative_high,2839,2844
rolling5_annual20,2583,2021-09-10,2021-09-22,-0.0471441667981554,2021,2020-12-31,learned_order_offset,20260912,0.5974417197776336,0.5974417197776336,1,0,0.3948168569669351,0.5974417197776336,2021-06-30,2020-12-31,negative_high,2844,2849
rolling5_annual20,2588,2021-09-17,2021-09-28,0.0209863060789441,2021,2020-12-31,learned_order_offset,20260912,0.5373217574451546,0.5373217574451546,1,1,0.14956521893332347,0.5373217574451546,2021-06-30,2020-12-31,negative_high,2849,2852
rolling5_annual20,2591,2021-09-24,2021-10-11,0.0144615416200457,2021,2020-12-31,learned_order_offset,20260912,0.4161001339098918,0.4161001339098918,0,1,-0.3388035681421744,0.4161001339098918,2021-06-30,2020-12-31,negative_low,2852,2857
rolling5_annual20,2596,2021-10-08,2021-10-18,-0.0038006269617851,2021,2020-12-31,learned_order_offset,20260912,0.6979478393130971,0.6979478393130971,1,0,0.8375446512250209,0.6979478393130971,2021-09-30,2020-12-31,negative_low,2857,2862
rolling5_annual20,2601,2021-10-15,2021-10-25,0.0037358989621147,2021,2020-12-31,learned_order_offset,20260912,0.5509092482748328,0.5509092482748328,1,1,0.20434510493834535,0.5509092482748328,2021-09-30,2020-12-31,negative_low,2862,2867
rolling5_annual20,2606,2021-10-22,2021-11-01,-0.0127041632091318,2021,2020-12-31,learned_order_offset,20260912,0.6314800730261438,0.6314800730261438,1,0,0.5385716002262518,0.6314800730261438,2021-09-30,2020-12-31,negative_low,2867,2872
rolling5_annual20,2611,2021-10-29,2021-11-08,-0.0075807737801166,2021,2020-12-31,learned_order_offset,20260912,0.4556342209286503,0.4556342209286503,0,0,-0.17793106836724523,0.4556342209286503,2021-09-30,2020-12-31,nonnegative_low,2872,2877
rolling5_annual20,2616,2021-11-05,2021-11-15,0.0110015182343039,2021,2020-12-31,learned_order_offset,20260912,0.4943242193979672,0.4943242193979672,0,1,-0.022704097642740728,0.4943242193979672,2021-09-30,2020-12-31,negative_low,2877,2882
rolling5_annual20,2621,2021-11-12,2021-11-22,0.0002002284238551,2021,2020-12-31,learned_order_offset,20260912,0.6453907944726573,0.6453907944726573,1,1,0.5988396626090363,0.6453907944726573,2021-09-30,2020-12-31,negative_low,2882,2887
rolling5_annual20,2626,2021-11-19,2021-11-29,-0.0153981603100059,2021,2020-12-31,learned_order_offset,20260912,0.6755480100450049,0.6755480100450049,1,0,0.7333866538540639,0.6755480100450049,2021-09-30,2020-12-31,negative_low,2887,2892
rolling5_annual20,2631,2021-11-26,2021-12-06,0.0185518287306458,2021,2020-12-31,learned_order_offset,20260912,0.433749464940142,0.433749464940142,0,1,-0.26656952402195666,0.433749464940142,2021-09-30,2020-12-31,negative_low,2892,2897
rolling5_annual20,2636,2021-12-03,2021-12-13,0.0367843110096284,2021,2020-12-31,learned_order_offset,20260912,0.40082929584196636,0.40082929584196636,0,1,-0.40201089889816904,0.40082929584196636,2021-09-30,2020-12-31,nonnegative_low,2897,2902
rolling5_annual20,2641,2021-12-10,2021-12-20,-0.0304615698955996,2021,2020-12-31,learned_order_offset,20260912,0.6269777961806212,0.6269777961806212,1,0,0.519273181677786,0.6269777961806212,2021-09-30,2020-12-31,nonnegative_low,2902,2907
rolling5_annual20,2646,2021-12-17,2021-12-27,-0.0034083287233763,2021,2020-12-31,learned_order_offset,20260912,0.5984618782434332,0.5984618782434332,1,0,0.3990603502550208,0.5984618782434332,2021-09-30,2020-12-31,nonnegative_low,2907,2912
rolling5_annual20,2651,2021-12-24,2022-01-04,0.0080985736506613,2021,2020-12-31,learned_order_offset,20260912,0.4493817362197275,0.4493817362197275,0,1,-0.20316904428554122,0.4493817362197275,2021-09-30,2020-12-31,nonnegative_low,2912,2917
rolling5_annual20,2656,2021-12-31,2022-01-10,-0.0293970528320001,2021,2020-12-31,learned_order_offset,20260912,0.6464286773203256,0.6464286773203256,1,0,0.6033776444335459,0.6464286773203256,2021-09-30,2020-12-31,nonnegative_low,2917,2921
rolling5_annual20,2660,2022-01-07,2022-01-17,-0.0173453887283024,2022,2021-12-31,learned_market,20260910,0.5688001187262542,0.5688001187262542,1,0,0.27695734296454766,0.5688001187262542,2021-12-31,2021-12-31,negative_low,2921,2926
rolling5_annual20,2665,2022-01-14,2022-01-24,0.0053248631776616,2022,2021-12-31,learned_market,20260910,0.6536697221556952,0.6536697221556952,1,1,0.6352093319028728,0.6536697221556952,2021-12-31,2021-12-31,negative_low,2926,2931
rolling5_annual20,2670,2022-01-21,2022-02-07,-0.0242661876254222,2022,2021-12-31,learned_market,20260910,0.667180452286777,0.667180452286777,1,0,0.6954601081428528,0.667180452286777,2021-12-31,2021-12-31,negative_low,2931,2936
rolling5_annual20,2675,2022-01-28,2022-02-14,-0.0127539031341488,2022,2021-12-31,learned_market,20260910,0.6821990081341186,0.6821990081341186,1,0,0.763896040925298,0.6821990081341186,2021-12-31,2021-12-31,negative_high,2936,2941
rolling5_annual20,2680,2022-02-11,2022-02-21,0.0145498774954033,2022,2021-12-31,learned_market,20260910,0.6685932622029157,0.6685932622029157,1,1,0.7018294603656077,0.6685932622029157,2021-12-31,2021-12-31,negative_high,2941,2946
rolling5_annual20,2685,2022-02-18,2022-02-28,-0.0177161244498015,2022,2021-12-31,learned_market,20260910,0.721020181747073,0.721020181747073,1,0,0.9495276850266476,0.721020181747073,2021-12-31,2021-12-31,negative_high,2946,2951
rolling5_annual20,2690,2022-02-25,2022-03-07,-0.0221791776043331,2022,2021-12-31,learned_market,20260910,0.6720256213340763,0.6720256213340763,1,0,0.7173609752718704,0.6720256213340763,2021-12-31,2021-12-31,negative_high,2951,2956
rolling5_annual20,2695,2022-03-04,2022-03-14,-0.0480378799422749,2022,2021-12-31,learned_market,20260910,0.6491632424244927,0.6491632424244927,1,0,0.6153631770843695,0.6491632424244927,2021-12-31,2021-12-31,negative_low,2956,2961
rolling5_annual20,2700,2022-03-11,2022-03-21,0.007530336734814,2022,2021-12-31,learned_market,20260910,0.7072260560701839,0.7072260560701839,1,1,0.8819495658187193,0.7072260560701839,2021-12-31,2021-12-31,negative_high,2961,2966
rolling5_annual20,2705,2022-03-18,2022-03-28,-0.0353493110038457,2022,2021-12-31,learned_market,20260910,0.680562718896786,0.680562718896786,1,0,0.7563590324759488,0.680562718896786,2021-12-31,2021-12-31,negative_high,2966,2971
rolling5_annual20,2710,2022-03-25,2022-04-06,0.0314834190717003,2022,2021-12-31,learned_market,20260910,0.7149297850291989,0.7149297850291989,1,1,0.9194488168718759,0.7149297850291989,2021-12-31,2021-12-31,negative_high,2971,2976
rolling5_annual20,2715,2022-04-01,2022-04-12,-0.0129237372705649,2022,2021-12-31,learned_market,20260910,0.699650234779605,0.699650234779605,1,0,0.8456328659597359,0.699650234779605,2022-03-31,2021-12-31,negative_high,2976,2979
rolling5_annual20,2718,2022-04-08,2022-04-18,-0.0120986062576864,2022,2021-12-31,learned_market,20260910,0.7081466712193373,0.7081466712193373,1,0,0.8863998575999886,0.7081466712193373,2022-03-31,2021-12-31,negative_high,2979,2984
rolling5_annual20,2723,2022-04-15,2022-04-25,-0.0528494340140576,2022,2021-12-31,learned_market,20260910,0.6903510287050534,0.6903510287050534,1,0,0.8017609002577475,0.6903510287050534,2022-03-31,2021-12-31,negative_high,2984,2989
rolling5_annual20,2728,2022-04-22,2022-05-05,0.015736821365468,2022,2021-12-31,learned_market,20260910,0.6523274039170177,0.6523274039170177,1,1,0.6292853680609013,0.6523274039170177,2022-03-31,2021-12-31,negative_high,2989,2994
rolling5_annual20,2733,2022-04-29,2022-05-11,-0.0278824133054675,2022,2021-12-31,learned_market,20260910,0.6356812320546283,0.6356812320546283,1,0,0.556668009715148,0.6356812320546283,2022-03-31,2021-12-31,negative_high,2994,2996
rolling5_annual20,2735,2022-05-06,2022-05-16,0.033741423035827,2022,2021-12-31,learned_market,20260910,0.655223736292306,0.655223736292306,1,1,0.6420810637700606,0.655223736292306,2022-03-31,2021-12-31,negative_high,2996,3001
rolling5_annual20,2740,2022-05-13,2022-05-23,0.0164308841843088,2022,2021-12-31,learned_market,20260910,0.6496742007126685,0.6496742007126685,1,1,0.6176074309461044,0.6496742007126685,2022-03-31,2021-12-31,negative_high,3001,3006
rolling5_annual20,2745,2022-05-20,2022-05-30,-0.0147293413085614,2022,2021-12-31,learned_market,20260910,0.5903492522212237,0.5903492522212237,1,0,0.36540935268696906,0.5903492522212237,2022-03-31,2021-12-31,negative_high,3006,3011
rolling5_annual20,2750,2022-05-27,2022-06-13,0.0431748431927498,2022,2021-12-31,learned_market,20260910,0.5153438231225524,0.5153438231225524,1,1,0.06139456973523261,0.5153438231225524,2022-03-31,2021-12-31,negative_high,3011,3020
rolling5_annual20,2759,2022-06-10,2022-06-20,0.0306046547112142,2022,2021-12-31,learned_market,20260910,0.5373450933252282,0.5373450933252282,1,1,0.14965908577428327,0.5373450933252282,2022-03-31,2021-12-31,negative_high,3020,3025
rolling5_annual20,2764,2022-06-17,2022-06-27,0.0211666894141107,2022,2021-12-31,learned_market,20260910,0.48085394757640604,0.48085394757640604,0,1,-0.0766216740934682,0.48085394757640604,2022-03-31,2021-12-31,nonnegative_high,3025,3030
rolling5_annual20,2769,2022-06-24,2022-07-04,0.0074507343130214,2022,2021-12-31,learned_market,20260910,0.48460550715379297,0.48460550715379297,0,1,-0.06159744031108544,0.48460550715379297,2022-03-31,2021-12-31,nonnegative_low,3030,3035
rolling5_annual20,2774,2022-07-01,2022-07-11,-0.0092349827532707,2022,2021-12-31,learned_market,20260910,0.5770861008001591,0.5770861008001591,1,0,0.3108228665297699,0.5770861008001591,2022-06-30,2021-12-31,nonnegative_high,3035,3040
rolling5_annual20,2779,2022-07-08,2022-07-18,-0.0326815927737367,2022,2021-12-31,learned_market,20260910,0.5381607401143592,0.5381607401143592,1,0,0.1529403807673793,0.5381607401143592,2022-06-30,2021-12-31,nonnegative_high,3040,3045
rolling5_annual20,2784,2022-07-15,2022-07-25,-0.0066210715249344,2022,2021-12-31,learned_market,20260910,0.4788824704425519,0.4788824704425519,0,0,-0.08452039799265415,0.4788824704425519,2022-06-30,2021-12-31,nonnegative_high,3045,3050
rolling5_annual20,2789,2022-07-22,2022-08-01,-0.0173077967751003,2022,2021-12-31,learned_market,20260910,0.567115820912824,0.567115820912824,1,0,0.27009334512012906,0.567115820912824,2022-06-30,2021-12-31,nonnegative_low,3050,3055
rolling5_annual20,2794,2022-07-29,2022-08-08,-0.004456034513838,2022,2021-12-31,learned_market,20260910,0.7475455860840632,0.7475455860840632,1,0,1.0855645946636803,0.7475455860840632,2022-06-30,2021-12-31,nonnegative_low,3055,3060
rolling5_annual20,2799,2022-08-05,2022-08-15,0.0091475117753996,2022,2021-12-31,learned_market,20260910,0.6586912425838466,0.6586912425838466,1,1,0.6574673859769209,0.6586912425838466,2022-06-30,2021-12-31,nonnegative_low,3060,3065
rolling5_annual20,2804,2022-08-12,2022-08-22,-0.0107272727272728,2022,2021-12-31,learned_market,20260910,0.6453382465097172,0.6453382465097172,1,0,0.5986100643359926,0.6453382465097172,2022-06-30,2021-12-31,nonnegative_low,3065,3070
rolling5_annual20,2809,2022-08-19,2022-08-29,-0.0172375434082356,2022,2021-12-31,learned_market,20260910,0.674643796620323,0.674643796620323,1,0,0.7292642503268087,0.674643796620323,2022-06-30,2021-12-31,nonnegative_low,3070,3075
rolling5_annual20,2814,2022-08-26,2022-09-05,-0.0131573766941938,2022,2021-12-31,learned_market,20260910,0.6396510058407642,0.6396510058407642,1,0,0.5738497341697708,0.6396510058407642,2022-06-30,2021-12-31,nonnegative_high,3075,3080
rolling5_annual20,2819,2022-09-02,2022-09-13,0.0253340680878015,2022,2021-12-31,learned_market,20260910,0.6087605094365632,0.6087605094365632,1,1,0.44210505789539867,0.6087605094365632,2022-06-30,2021-12-31,negative_low,3080,3085
rolling5_annual20,2824,2022-09-09,2022-09-19,-0.044647264962877,2022,2021-12-31,learned_market,20260910,0.7721790950630053,0.7721790950630053,1,0,1.2206566959215075,0.7721790950630053,2022-06-30,2021-12-31,negative_low,3085,3089
rolling5_annual20,2828,2022-09-16,2022-09-26,-0.025155151434928,2022,2021-12-31,learned_market,20260910,0.5649186144863099,0.5649186144863099,1,0,0.2611485688901014,0.5649186144863099,2022-06-30,2021-12-31,negative_low,3089,3094
rolling5_annual20,2833,2022-09-23,2022-10-10,-0.0060162941299352,2022,2021-12-31,learned_market,20260910,0.7324525583451496,0.7324525583451496,1,0,1.0071016694376567,0.7324525583451496,2022-06-30,2021-12-31,negative_low,3094,3099
rolling5_annual20,2838,2022-09-30,2022-10-17,0.0041192047412885,2022,2021-12-31,learned_market,20260910,0.551594616292446,0.551594616292446,1,1,0.207115688095323,0.551594616292446,2022-06-30,2021-12-31,negative_low,3099,3104
rolling5_annual20,2843,2022-10-14,2022-10-24,-0.0246766294110258,2022,2021-12-31,learned_market,20260910,0.6403027330022243,0.6403027330022243,1,0,0.5766783321626525,0.6403027330022243,2022-09-30,2021-12-31,negative_high,3104,3109
rolling5_annual20,2848,2022-10-21,2022-10-31,-0.059928861134359,2022,2021-12-31,learned_market,20260910,0.6606065161528551,0.6606065161528551,1,0,0.665998223319933,0.6606065161528551,2022-09-30,2021-12-31,negative_high,3109,3114
rolling5_annual20,2853,2022-10-28,2022-11-07,0.071339502526744,2022,2021-12-31,learned_market,20260910,0.48869287053926297,0.48869287053926297,0,1,-0.045236230235210964,0.48869287053926297,2022-09-30,2021-12-31,negative_high,3114,3119
rolling5_annual20,2858,2022-11-04,2022-11-14,0.0169449090696014,2022,2021-12-31,learned_market,20260910,0.6432135269489713,0.6432135269489713,1,1,0.589339260213177,0.6432135269489713,2022-09-30,2021-12-31,negative_high,3119,3124
rolling5_annual20,2863,2022-11-11,2022-11-21,-0.0127051391515239,2022,2021-12-31,learned_market,20260910,0.606337907594987,0.606337907594987,1,0,0.43194452612831313,0.606337907594987,2022-09-30,2021-12-31,negative_high,3124,3129
rolling5_annual20,2868,2022-11-18,2022-11-28,-0.0179672806084416,2022,2021-12-31,learned_market,20260910,0.6352060184234257,0.6352060184234257,1,0,0.55461662454315,0.6352060184234257,2022-09-30,2021-12-31,negative_high,3129,3134
rolling5_annual20,2873,2022-11-25,2022-12-05,0.0555768659337096,2022,2021-12-31,learned_market,20260910,0.5292964513377313,0.5292964513377313,1,1,0.1173201869018966,0.5292964513377313,2022-09-30,2021-12-31,negative_high,3134,3139
rolling5_annual20,2878,2022-12-02,2022-12-12,0.0175374394775362,2022,2021-12-31,learned_market,20260910,0.481550712810143,0.481550712810143,0,1,-0.07383066786942094,0.481550712810143,2022-09-30,2021-12-31,negative_high,3139,3144
rolling5_annual20,2883,2022-12-09,2022-12-19,-0.0058850602464181,2022,2021-12-31,learned_market,20260910,0.4285114421333059,0.4285114421333059,0,0,-0.28792702136097703,0.4285114421333059,2022-09-30,2021-12-31,negative_high,3144,3149
rolling5_annual20,2888,2022-12-16,2022-12-26,-0.0309150292073658,2022,2021-12-31,learned_market,20260910,0.606228916591695,0.606228916591695,1,0,0.4314879310206994,0.606228916591695,2022-09-30,2021-12-31,nonnegative_low,3149,3154
rolling5_annual20,2893,2022-12-23,2023-01-03,0.0089464492229616,2022,2021-12-31,learned_market,20260910,0.5056788487987638,0.5056788487987638,1,1,0.02271637201216975,0.5056788487987638,2022-09-30,2021-12-31,negative_high,3154,3159
rolling5_annual20,2898,2022-12-30,2023-01-09,0.0345913414268119,2022,2021-12-31,learned_market,20260910,0.5477899926075573,0.5477899926075573,1,1,0.19174529827426978,0.5477899926075573,2022-09-30,2021-12-31,nonnegative_low,3159,3163
rolling5_annual20,2660,2022-01-07,2022-01-17,-0.0173453887283024,2022,2021-12-31,learned_vol_interaction,20260910,0.5831076461801695,0.5831076461801695,1,0,0.3355437669678938,0.5831076461801695,2021-12-31,2021-12-31,negative_low,2921,2926
rolling5_annual20,2665,2022-01-14,2022-01-24,0.0053248631776616,2022,2021-12-31,learned_vol_interaction,20260910,0.6744765119030697,0.6744765119030697,1,1,0.7285022329688169,0.6744765119030697,2021-12-31,2021-12-31,negative_low,2926,2931
rolling5_annual20,2670,2022-01-21,2022-02-07,-0.0242661876254222,2022,2021-12-31,learned_vol_interaction,20260910,0.6652743592454685,0.6652743592454685,1,0,0.6868883124129475,0.6652743592454685,2021-12-31,2021-12-31,negative_low,2931,2936
rolling5_annual20,2675,2022-01-28,2022-02-14,-0.0127539031341488,2022,2021-12-31,learned_vol_interaction,20260910,0.6916788990216658,0.6916788990216658,1,0,0.8079800536181934,0.6916788990216658,2021-12-31,2021-12-31,negative_high,2936,2941
rolling5_annual20,2680,2022-02-11,2022-02-21,0.0145498774954033,2022,2021-12-31,learned_vol_interaction,20260910,0.6656475068815167,0.6656475068815167,1,1,0.6885644563965003,0.6656475068815167,2021-12-31,2021-12-31,negative_high,2941,2946
rolling5_annual20,2685,2022-02-18,2022-02-28,-0.0177161244498015,2022,2021-12-31,learned_vol_interaction,20260910,0.7192657526415306,0.7192657526415306,1,0,0.9408224207719789,0.7192657526415306,2021-12-31,2021-12-31,negative_high,2946,2951
rolling5_annual20,2690,2022-02-25,2022-03-07,-0.0221791776043331,2022,2021-12-31,learned_vol_interaction,20260910,0.665128795190077,0.665128795190077,1,0,0.6862347042342886,0.665128795190077,2021-12-31,2021-12-31,negative_high,2951,2956
rolling5_annual20,2695,2022-03-04,2022-03-14,-0.0480378799422749,2022,2021-12-31,learned_vol_interaction,20260910,0.6570221213989423,0.6570221213989423,1,0,0.6500517370241499,0.6570221213989423,2021-12-31,2021-12-31,negative_low,2956,2961
rolling5_annual20,2700,2022-03-11,2022-03-21,0.007530336734814,2022,2021-12-31,learned_vol_interaction,20260910,0.7032750021899432,0.7032750021899432,1,1,0.8629422225255312,0.7032750021899432,2021-12-31,2021-12-31,negative_high,2961,2966
rolling5_annual20,2705,2022-03-18,2022-03-28,-0.0353493110038457,2022,2021-12-31,learned_vol_interaction,20260910,0.6524086529307518,0.6524086529307518,1,0,0.6296436341633372,0.6524086529307518,2021-12-31,2021-12-31,negative_high,2966,2971
rolling5_annual20,2710,2022-03-25,2022-04-06,0.0314834190717003,2022,2021-12-31,learned_vol_interaction,20260910,0.6942468524177501,0.6942468524177501,1,1,0.820049523247292,0.6942468524177501,2021-12-31,2021-12-31,negative_high,2971,2976
rolling5_annual20,2715,2022-04-01,2022-04-12,-0.0129237372705649,2022,2021-12-31,learned_vol_interaction,20260910,0.6692714430207383,0.6692714430207383,1,0,0.704891752874813,0.6692714430207383,2022-03-31,2021-12-31,negative_high,2976,2979
rolling5_annual20,2718,2022-04-08,2022-04-18,-0.0120986062576864,2022,2021-12-31,learned_vol_interaction,20260910,0.6870213134300237,0.6870213134300237,1,0,0.786230221460712,0.6870213134300237,2022-03-31,2021-12-31,negative_high,2979,2984
rolling5_annual20,2723,2022-04-15,2022-04-25,-0.0528494340140576,2022,2021-12-31,learned_vol_interaction,20260910,0.6863123370385322,0.6863123370385322,1,0,0.7829350389953045,0.6863123370385322,2022-03-31,2021-12-31,negative_high,2984,2989
rolling5_annual20,2728,2022-04-22,2022-05-05,0.015736821365468,2022,2021-12-31,learned_vol_interaction,20260910,0.650740889856783,0.650740889856783,1,1,0.6222974616512947,0.650740889856783,2022-03-31,2021-12-31,negative_high,2989,2994
rolling5_annual20,2733,2022-04-29,2022-05-11,-0.0278824133054675,2022,2021-12-31,learned_vol_interaction,20260910,0.6202221031032191,0.6202221031032191,1,0,0.4904910447076917,0.6202221031032191,2022-03-31,2021-12-31,negative_high,2994,2996
rolling5_annual20,2735,2022-05-06,2022-05-16,0.033741423035827,2022,2021-12-31,learned_vol_interaction,20260910,0.6392496752711616,0.6392496752711616,1,1,0.5721090083842477,0.6392496752711616,2022-03-31,2021-12-31,negative_high,2996,3001
rolling5_annual20,2740,2022-05-13,2022-05-23,0.0164308841843088,2022,2021-12-31,learned_vol_interaction,20260910,0.6413212557500495,0.6413212557500495,1,1,0.5811033853436309,0.6413212557500495,2022-03-31,2021-12-31,negative_high,3001,3006
rolling5_annual20,2745,2022-05-20,2022-05-30,-0.0147293413085614,2022,2021-12-31,learned_vol_interaction,20260910,0.5814333950080588,0.5814333950080588,1,0,0.3286603964502107,0.5814333950080588,2022-03-31,2021-12-31,negative_high,3006,3011
rolling5_annual20,2750,2022-05-27,2022-06-13,0.0431748431927498,2022,2021-12-31,learned_vol_interaction,20260910,0.5197460553923614,0.5197460553923614,1,1,0.07902532200706713,0.5197460553923614,2022-03-31,2021-12-31,negative_high,3011,3020
rolling5_annual20,2759,2022-06-10,2022-06-20,0.0306046547112142,2022,2021-12-31,learned_vol_interaction,20260910,0.5385759882805518,0.5385759882805518,1,1,0.15461121226430943,0.5385759882805518,2022-03-31,2021-12-31,negative_high,3020,3025
rolling5_annual20,2764,2022-06-17,2022-06-27,0.0211666894141107,2022,2021-12-31,learned_vol_interaction,20260910,0.48255164210709656,0.48255164210709656,0,1,-0.06982178332323748,0.48255164210709656,2022-03-31,2021-12-31,nonnegative_high,3025,3030
rolling5_annual20,2769,2022-06-24,2022-07-04,0.0074507343130214,2022,2021-12-31,learned_vol_interaction,20260910,0.4796566656164814,0.4796566656164814,0,1,-0.0814182841291089,0.4796566656164814,2022-03-31,2021-12-31,nonnegative_low,3030,3035
rolling5_annual20,2774,2022-07-01,2022-07-11,-0.0092349827532707,2022,2021-12-31,learned_vol_interaction,20260910,0.5729293041374858,0.5729293041374858,1,0,0.29381276702914494,0.5729293041374858,2022-06-30,2021-12-31,nonnegative_high,3035,3040
rolling5_annual20,2779,2022-07-08,2022-07-18,-0.0326815927737367,2022,2021-12-31,learned_vol_interaction,20260910,0.5302683386209299,0.5302683386209299,1,0,0.12122157928106123,0.5302683386209299,2022-06-30,2021-12-31,nonnegative_high,3040,3045
rolling5_annual20,2784,2022-07-15,2022-07-25,-0.0066210715249344,2022,2021-12-31,learned_vol_interaction,20260910,0.4744529012062564,0.4744529012062564,0,0,-0.10227745964606028,0.4744529012062564,2022-06-30,2021-12-31,nonnegative_high,3045,3050
rolling5_annual20,2789,2022-07-22,2022-08-01,-0.0173077967751003,2022,2021-12-31,learned_vol_interaction,20260910,0.568735503293615,0.568735503293615,1,0,0.27669389789417725,0.568735503293615,2022-06-30,2021-12-31,nonnegative_low,3050,3055
rolling5_annual20,2794,2022-07-29,2022-08-08,-0.004456034513838,2022,2021-12-31,learned_vol_interaction,20260910,0.7449112931956193,0.7449112931956193,1,0,1.071653787267289,0.7449112931956193,2022-06-30,2021-12-31,nonnegative_low,3055,3060
rolling5_annual20,2799,2022-08-05,2022-08-15,0.0091475117753996,2022,2021-12-31,learned_vol_interaction,20260910,0.6690803670858058,0.6690803670858058,1,1,0.7040286380535801,0.6690803670858058,2022-06-30,2021-12-31,nonnegative_low,3060,3065
rolling5_annual20,2804,2022-08-12,2022-08-22,-0.0107272727272728,2022,2021-12-31,learned_vol_interaction,20260910,0.6571875580323422,0.6571875580323422,1,0,0.6507859730146073,0.6571875580323422,2022-06-30,2021-12-31,nonnegative_low,3065,3070
rolling5_annual20,2809,2022-08-19,2022-08-29,-0.0172375434082356,2022,2021-12-31,learned_vol_interaction,20260910,0.6670716563865554,0.6670716563865554,1,0,0.6949701885287818,0.6670716563865554,2022-06-30,2021-12-31,nonnegative_low,3070,3075
rolling5_annual20,2814,2022-08-26,2022-09-05,-0.0131573766941938,2022,2021-12-31,learned_vol_interaction,20260910,0.6419725542084096,0.6419725542084096,1,0,0.5839359046374752,0.6419725542084096,2022-06-30,2021-12-31,nonnegative_high,3075,3080
rolling5_annual20,2819,2022-09-02,2022-09-13,0.0253340680878015,2022,2021-12-31,learned_vol_interaction,20260910,0.6153521718981038,0.6153521718981038,1,1,0.4698665576829605,0.6153521718981038,2022-06-30,2021-12-31,negative_low,3080,3085
rolling5_annual20,2824,2022-09-09,2022-09-19,-0.044647264962877,2022,2021-12-31,learned_vol_interaction,20260910,0.784077999023363,0.784077999023363,1,0,1.2895912680721209,0.784077999023363,2022-06-30,2021-12-31,negative_low,3085,3089
rolling5_annual20,2828,2022-09-16,2022-09-26,-0.025155151434928,2022,2021-12-31,learned_vol_interaction,20260910,0.5761867154144525,0.5761867154144525,1,0,0.3071387751748399,0.5761867154144525,2022-06-30,2021-12-31,negative_low,3089,3094
rolling5_annual20,2833,2022-09-23,2022-10-10,-0.0060162941299352,2022,2021-12-31,learned_vol_interaction,20260910,0.7436633183671754,0.7436633183671754,1,0,1.0650966602956062,0.7436633183671754,2022-06-30,2021-12-31,negative_low,3094,3099
rolling5_annual20,2838,2022-09-30,2022-10-17,0.0041192047412885,2022,2021-12-31,learned_vol_interaction,20260910,0.5600994269795847,0.5600994269795847,1,1,0.24156558517821203,0.5600994269795847,2022-06-30,2021-12-31,negative_low,3099,3104
rolling5_annual20,2843,2022-10-14,2022-10-24,-0.0246766294110258,2022,2021-12-31,learned_vol_interaction,20260910,0.6357117591692524,0.6357117591692524,1,0,0.5567998270696486,0.6357117591692524,2022-09-30,2021-12-31,negative_high,3104,3109
rolling5_annual20,2848,2022-10-21,2022-10-31,-0.059928861134359,2022,2021-12-31,learned_vol_interaction,20260910,0.6680943131119911,0.6680943131119911,1,0,0.6995784979432237,0.6680943131119911,2022-09-30,2021-12-31,negative_high,3109,3114
rolling5_annual20,2853,2022-10-28,2022-11-07,0.071339502526744,2022,2021-12-31,learned_vol_interaction,20260910,0.4928902394481825,0.4928902394481825,0,1,-0.028440959181801617,0.4928902394481825,2022-09-30,2021-12-31,negative_high,3114,3119
rolling5_annual20,2858,2022-11-04,2022-11-14,0.0169449090696014,2022,2021-12-31,learned_vol_interaction,20260910,0.6146316194730053,0.6146316194730053,1,1,0.46682338625891007,0.6146316194730053,2022-09-30,2021-12-31,negative_high,3119,3124
rolling5_annual20,2863,2022-11-11,2022-11-21,-0.0127051391515239,2022,2021-12-31,learned_vol_interaction,20260910,0.5902125996115632,0.5902125996115632,1,0,0.3648443207438882,0.5902125996115632,2022-09-30,2021-12-31,negative_high,3124,3129
rolling5_annual20,2868,2022-11-18,2022-11-28,-0.0179672806084416,2022,2021-12-31,learned_vol_interaction,20260910,0.6226898926200907,0.6226898926200907,1,0,0.5009812148862881,0.6226898926200907,2022-09-30,2021-12-31,negative_high,3129,3134
rolling5_annual20,2873,2022-11-25,2022-12-05,0.0555768659337096,2022,2021-12-31,learned_vol_interaction,20260910,0.5363930512088583,0.5363930512088583,1,1,0.1458300967109767,0.5363930512088583,2022-09-30,2021-12-31,negative_high,3134,3139
rolling5_annual20,2878,2022-12-02,2022-12-12,0.0175374394775362,2022,2021-12-31,learned_vol_interaction,20260910,0.4815686247668643,0.4815686247668643,0,1,-0.07375892245561744,0.4815686247668643,2022-09-30,2021-12-31,negative_high,3139,3144
rolling5_annual20,2883,2022-12-09,2022-12-19,-0.0058850602464181,2022,2021-12-31,learned_vol_interaction,20260910,0.4159362652943189,0.4159362652943189,0,0,-0.3394780715469279,0.4159362652943189,2022-09-30,2021-12-31,negative_high,3144,3149
rolling5_annual20,2888,2022-12-16,2022-12-26,-0.0309150292073658,2022,2021-12-31,learned_vol_interaction,20260910,0.605083809558607,0.605083809558607,1,0,0.42669341034189173,0.605083809558607,2022-09-30,2021-12-31,nonnegative_low,3149,3154
rolling5_annual20,2893,2022-12-23,2023-01-03,0.0089464492229616,2022,2021-12-31,learned_vol_interaction,20260910,0.4991053059678844,0.4991053059678844,0,1,-0.0035787799481090676,0.4991053059678844,2022-09-30,2021-12-31,negative_high,3154,3159
rolling5_annual20,2898,2022-12-30,2023-01-09,0.0345913414268119,2022,2021-12-31,learned_vol_interaction,20260910,0.5490024086475767,0.5490024086475767,1,1,0.19664083002968263,0.5490024086475767,2022-09-30,2021-12-31,nonnegative_low,3159,3163
rolling5_annual20,2660,2022-01-07,2022-01-17,-0.0173453887283024,2022,2021-12-31,learned_order_extension,20260910,0.566864392886939,0.566864392886939,1,0,0.26906924976734864,0.566864392886939,2021-12-31,2021-12-31,negative_low,2921,2926
rolling5_annual20,2665,2022-01-14,2022-01-24,0.0053248631776616,2022,2021-12-31,learned_order_extension,20260910,0.6690763940918765,0.6690763940918765,1,1,0.7040106941980729,0.6690763940918765,2021-12-31,2021-12-31,negative_low,2926,2931
rolling5_annual20,2670,2022-01-21,2022-02-07,-0.0242661876254222,2022,2021-12-31,learned_order_extension,20260910,0.6566842946116621,0.6566842946116621,1,0,0.648552929581568,0.6566842946116621,2021-12-31,2021-12-31,negative_low,2931,2936
rolling5_annual20,2675,2022-01-28,2022-02-14,-0.0127539031341488,2022,2021-12-31,learned_order_extension,20260910,0.668769824144909,0.668769824144909,1,0,0.7026264123176634,0.668769824144909,2021-12-31,2021-12-31,negative_high,2936,2941
rolling5_annual20,2680,2022-02-11,2022-02-21,0.0145498774954033,2022,2021-12-31,learned_order_extension,20260910,0.6554002636047295,0.6554002636047295,1,1,0.6428625793340328,0.6554002636047295,2021-12-31,2021-12-31,negative_high,2941,2946
rolling5_annual20,2685,2022-02-18,2022-02-28,-0.0177161244498015,2022,2021-12-31,learned_order_extension,20260910,0.7136098531605942,0.7136098531605942,1,0,0.9129813578496974,0.7136098531605942,2021-12-31,2021-12-31,negative_high,2946,2951
rolling5_annual20,2690,2022-02-25,2022-03-07,-0.0221791776043331,2022,2021-12-31,learned_order_extension,20260910,0.6487731912125562,0.6487731912125562,1,0,0.613650987711184,0.6487731912125562,2021-12-31,2021-12-31,negative_high,2951,2956
rolling5_annual20,2695,2022-03-04,2022-03-14,-0.0480378799422749,2022,2021-12-31,learned_order_extension,20260910,0.6318792296674466,0.6318792296674466,1,0,0.5402872190069788,0.6318792296674466,2021-12-31,2021-12-31,negative_low,2956,2961
rolling5_annual20,2700,2022-03-11,2022-03-21,0.007530336734814,2022,2021-12-31,learned_order_extension,20260910,0.6914869969738268,0.6914869969738268,1,1,0.8070803551903749,0.6914869969738268,2021-12-31,2021-12-31,negative_high,2961,2966
rolling5_annual20,2705,2022-03-18,2022-03-28,-0.0353493110038457,2022,2021-12-31,learned_order_extension,20260910,0.6587542387705517,0.6587542387705517,1,0,0.6577476092847941,0.6587542387705517,2021-12-31,2021-12-31,negative_high,2966,2971
rolling5_annual20,2710,2022-03-25,2022-04-06,0.0314834190717003,2022,2021-12-31,learned_order_extension,20260910,0.6972076913228429,0.6972076913228429,1,1,0.8340362247452013,0.6972076913228429,2021-12-31,2021-12-31,negative_high,2971,2976
rolling5_annual20,2715,2022-04-01,2022-04-12,-0.0129237372705649,2022,2021-12-31,learned_order_extension,20260910,0.6698700948387382,0.6698700948387382,1,0,0.7075975762821273,0.6698700948387382,2022-03-31,2021-12-31,negative_high,2976,2979
rolling5_annual20,2718,2022-04-08,2022-04-18,-0.0120986062576864,2022,2021-12-31,learned_order_extension,20260910,0.6806371615463094,0.6806371615463094,1,0,0.7567014807042622,0.6806371615463094,2022-03-31,2021-12-31,negative_high,2979,2984
rolling5_annual20,2723,2022-04-15,2022-04-25,-0.0528494340140576,2022,2021-12-31,learned_order_extension,20260910,0.6734562693191574,0.6734562693191574,1,0,0.7238591857441683,0.6734562693191574,2022-03-31,2021-12-31,negative_high,2984,2989
rolling5_annual20,2728,2022-04-22,2022-05-05,0.015736821365468,2022,2021-12-31,learned_order_extension,20260910,0.6412880357294892,0.6412880357294892,1,1,0.5809589711900173,0.6412880357294892,2022-03-31,2021-12-31,negative_high,2989,2994
rolling5_annual20,2733,2022-04-29,2022-05-11,-0.0278824133054675,2022,2021-12-31,learned_order_extension,20260910,0.6287985885797217,0.6287985885797217,1,0,0.5270661932649763,0.6287985885797217,2022-03-31,2021-12-31,negative_high,2994,2996
rolling5_annual20,2735,2022-05-06,2022-05-16,0.033741423035827,2022,2021-12-31,learned_order_extension,20260910,0.6540416538097915,0.6540416538097915,1,1,0.6368526591925248,0.6540416538097915,2022-03-31,2021-12-31,negative_high,2996,3001
rolling5_annual20,2740,2022-05-13,2022-05-23,0.0164308841843088,2022,2021-12-31,learned_order_extension,20260910,0.6547674512326901,0.6547674512326901,1,1,0.6400618919522514,0.6547674512326901,2022-03-31,2021-12-31,negative_high,3001,3006
rolling5_annual20,2745,2022-05-20,2022-05-30,-0.0147293413085614,2022,2021-12-31,learned_order_extension,20260910,0.5882230547766246,0.5882230547766246,1,0,0.3566244131703695,0.5882230547766246,2022-03-31,2021-12-31,negative_high,3006,3011
rolling5_annual20,2750,2022-05-27,2022-06-13,0.0431748431927498,2022,2021-12-31,learned_order_extension,20260910,0.508142218915277,0.508142218915277,1,1,0.03257175502239014,0.508142218915277,2022-03-31,2021-12-31,negative_high,3011,3020
rolling5_annual20,2759,2022-06-10,2022-06-20,0.0306046547112142,2022,2021-12-31,learned_order_extension,20260910,0.5322541068789998,0.5322541068789998,1,1,0.12919583477224883,0.5322541068789998,2022-03-31,2021-12-31,negative_high,3020,3025
rolling5_annual20,2764,2022-06-17,2022-06-27,0.0211666894141107,2022,2021-12-31,learned_order_extension,20260910,0.4859253122353308,0.4859253122353308,0,1,-0.05631362827167623,0.4859253122353308,2022-03-31,2021-12-31,nonnegative_high,3025,3030
rolling5_annual20,2769,2022-06-24,2022-07-04,0.0074507343130214,2022,2021-12-31,learned_order_extension,20260910,0.4875812841679665,0.4875812841679665,0,1,-0.049685081885491277,0.4875812841679665,2022-03-31,2021-12-31,nonnegative_low,3030,3035
rolling5_annual20,2774,2022-07-01,2022-07-11,-0.0092349827532707,2022,2021-12-31,learned_order_extension,20260910,0.5673900409205141,0.5673900409205141,1,0,0.2712104353846147,0.5673900409205141,2022-06-30,2021-12-31,nonnegative_high,3035,3040
rolling5_annual20,2779,2022-07-08,2022-07-18,-0.0326815927737367,2022,2021-12-31,learned_order_extension,20260910,0.5410131618864253,0.5410131618864253,1,0,0.16442207284535737,0.5410131618864253,2022-06-30,2021-12-31,nonnegative_high,3040,3045
rolling5_annual20,2784,2022-07-15,2022-07-25,-0.0066210715249344,2022,2021-12-31,learned_order_extension,20260910,0.47973859027832644,0.47973859027832644,0,0,-0.08109004429712767,0.47973859027832644,2022-06-30,2021-12-31,nonnegative_high,3045,3050
rolling5_annual20,2789,2022-07-22,2022-08-01,-0.0173077967751003,2022,2021-12-31,learned_order_extension,20260910,0.5665009900782988,0.5665009900782988,1,0,0.2675893158772204,0.5665009900782988,2022-06-30,2021-12-31,nonnegative_low,3050,3055
rolling5_annual20,2794,2022-07-29,2022-08-08,-0.004456034513838,2022,2021-12-31,learned_order_extension,20260910,0.6826002369228839,0.6826002369228839,1,0,0.7657473219183271,0.6826002369228839,2022-06-30,2021-12-31,nonnegative_low,3055,3060
rolling5_annual20,2799,2022-08-05,2022-08-15,0.0091475117753996,2022,2021-12-31,learned_order_extension,20260910,0.6264531350174127,0.6264531350174127,1,1,0.5170304952074821,0.6264531350174127,2022-06-30,2021-12-31,nonnegative_low,3060,3065
rolling5_annual20,2804,2022-08-12,2022-08-22,-0.0107272727272728,2022,2021-12-31,learned_order_extension,20260910,0.6234550049594982,0.6234550049594982,1,0,0.5042390484155628,0.6234550049594982,2022-06-30,2021-12-31,nonnegative_low,3065,3070
rolling5_annual20,2809,2022-08-19,2022-08-29,-0.0172375434082356,2022,2021-12-31,learned_order_extension,20260910,0.614312207680884,0.614312207680884,1,0,0.4654750664811495,0.614312207680884,2022-06-30,2021-12-31,nonnegative_low,3070,3075
rolling5_annual20,2814,2022-08-26,2022-09-05,-0.0131573766941938,2022,2021-12-31,learned_order_extension,20260910,0.6167311395003157,0.6167311395003157,1,0,0.4756964459374481,0.6167311395003157,2022-06-30,2021-12-31,nonnegative_high,3075,3080
rolling5_annual20,2819,2022-09-02,2022-09-13,0.0253340680878015,2022,2021-12-31,learned_order_extension,20260910,0.5957625148526239,0.5957625148526239,1,1,0.38783958286737175,0.5957625148526239,2022-06-30,2021-12-31,negative_low,3080,3085
rolling5_annual20,2824,2022-09-09,2022-09-19,-0.044647264962877,2022,2021-12-31,learned_order_extension,20260910,0.6877495846105631,0.6877495846105631,1,0,0.7896193165060659,0.6877495846105631,2022-06-30,2021-12-31,negative_low,3085,3089
rolling5_annual20,2828,2022-09-16,2022-09-26,-0.025155151434928,2022,2021-12-31,learned_order_extension,20260910,0.5682731902480352,0.5682731902480352,1,0,0.27480926846823156,0.5682731902480352,2022-06-30,2021-12-31,negative_low,3089,3094
rolling5_annual20,2833,2022-09-23,2022-10-10,-0.0060162941299352,2022,2021-12-31,learned_order_extension,20260910,0.6781748015829271,0.6781748015829271,1,0,0.7453965380718472,0.6781748015829271,2022-06-30,2021-12-31,negative_low,3094,3099
rolling5_annual20,2838,2022-09-30,2022-10-17,0.0041192047412885,2022,2021-12-31,learned_order_extension,20260910,0.5645710885067642,0.5645710885067642,1,1,0.25973475873168445,0.5645710885067642,2022-06-30,2021-12-31,negative_low,3099,3104
rolling5_annual20,2843,2022-10-14,2022-10-24,-0.0246766294110258,2022,2021-12-31,learned_order_extension,20260910,0.6076423145030778,0.6076423145030778,1,0,0.43741252358451005,0.6076423145030778,2022-09-30,2021-12-31,negative_high,3104,3109
rolling5_annual20,2848,2022-10-21,2022-10-31,-0.059928861134359,2022,2021-12-31,learned_order_extension,20260910,0.6557670364672438,0.6557670364672438,1,0,0.6444869507992572,0.6557670364672438,2022-09-30,2021-12-31,negative_high,3109,3114
rolling5_annual20,2853,2022-10-28,2022-11-07,0.071339502526744,2022,2021-12-31,learned_order_extension,20260910,0.49762556857203943,0.49762556857203943,0,1,-0.00949779710942357,0.49762556857203943,2022-09-30,2021-12-31,negative_high,3114,3119
rolling5_annual20,2858,2022-11-04,2022-11-14,0.0169449090696014,2022,2021-12-31,learned_order_extension,20260910,0.613159850832912,0.613159850832912,1,1,0.46061411356913373,0.613159850832912,2022-09-30,2021-12-31,negative_high,3119,3124
rolling5_annual20,2863,2022-11-11,2022-11-21,-0.0127051391515239,2022,2021-12-31,learned_order_extension,20260910,0.5964706436497149,0.5964706436497149,1,0,0.39078078665347604,0.5964706436497149,2022-09-30,2021-12-31,negative_high,3124,3129
rolling5_annual20,2868,2022-11-18,2022-11-28,-0.0179672806084416,2022,2021-12-31,learned_order_extension,20260910,0.6322085568902898,0.6322085568902898,1,0,0.5417032879537661,0.6322085568902898,2022-09-30,2021-12-31,negative_high,3129,3134
rolling5_annual20,2873,2022-11-25,2022-12-05,0.0555768659337096,2022,2021-12-31,learned_order_extension,20260910,0.5288535444594932,0.5288535444594932,1,1,0.11554254832491642,0.5288535444594932,2022-09-30,2021-12-31,negative_high,3134,3139
rolling5_annual20,2878,2022-12-02,2022-12-12,0.0175374394775362,2022,2021-12-31,learned_order_extension,20260910,0.45376890427100824,0.45376890427100824,0,1,-0.18545409143337488,0.45376890427100824,2022-09-30,2021-12-31,negative_high,3139,3144
rolling5_annual20,2883,2022-12-09,2022-12-19,-0.0058850602464181,2022,2021-12-31,learned_order_extension,20260910,0.3857611085657667,0.3857611085657667,0,0,-0.4651656383270663,0.3857611085657667,2022-09-30,2021-12-31,negative_high,3144,3149
rolling5_annual20,2888,2022-12-16,2022-12-26,-0.0309150292073658,2022,2021-12-31,learned_order_extension,20260910,0.6088248587164643,0.6088248587164643,1,0,0.44237524666856964,0.6088248587164643,2022-09-30,2021-12-31,nonnegative_low,3149,3154
rolling5_annual20,2893,2022-12-23,2023-01-03,0.0089464492229616,2022,2021-12-31,learned_order_extension,20260910,0.4984357443577794,0.4984357443577794,0,1,-0.006257042982711458,0.4984357443577794,2022-09-30,2021-12-31,negative_high,3154,3159
rolling5_annual20,2898,2022-12-30,2023-01-09,0.0345913414268119,2022,2021-12-31,learned_order_extension,20260910,0.5535432643045607,0.5535432643045607,1,1,0.2149974149695149,0.5535432643045607,2022-09-30,2021-12-31,nonnegative_low,3159,3163
rolling5_annual20,2660,2022-01-07,2022-01-17,-0.0173453887283024,2022,2021-12-31,learned_order_offset,20260910,0.5666647543526758,0.5666647543526758,1,0,0.2682561988946874,0.5666647543526758,2021-12-31,2021-12-31,negative_low,2921,2926
rolling5_annual20,2665,2022-01-14,2022-01-24,0.0053248631776616,2022,2021-12-31,learned_order_offset,20260910,0.6685371525240916,0.6685371525240916,1,1,0.7015762415839812,0.6685371525240916,2021-12-31,2021-12-31,negative_low,2926,2931
rolling5_annual20,2670,2022-01-21,2022-02-07,-0.0242661876254222,2022,2021-12-31,learned_order_offset,20260910,0.6567323025522784,0.6567323025522784,1,0,0.6487658793968216,0.6567323025522784,2021-12-31,2021-12-31,negative_low,2931,2936
rolling5_annual20,2675,2022-01-28,2022-02-14,-0.0127539031341488,2022,2021-12-31,learned_order_offset,20260910,0.6683313210695451,0.6683313210695451,1,0,0.7006475246004383,0.6683313210695451,2021-12-31,2021-12-31,negative_high,2936,2941
rolling5_annual20,2680,2022-02-11,2022-02-21,0.0145498774954033,2022,2021-12-31,learned_order_offset,20260910,0.6551608348224088,0.6551608348224088,1,1,0.6418026343991735,0.6551608348224088,2021-12-31,2021-12-31,negative_high,2941,2946
rolling5_annual20,2685,2022-02-18,2022-02-28,-0.0177161244498015,2022,2021-12-31,learned_order_offset,20260910,0.713244067556852,0.713244067556852,1,0,0.9111922282277835,0.713244067556852,2021-12-31,2021-12-31,negative_high,2946,2951
rolling5_annual20,2690,2022-02-25,2022-03-07,-0.0221791776043331,2022,2021-12-31,learned_order_offset,20260910,0.6484724441889236,0.6484724441889236,1,0,0.612331408152033,0.6484724441889236,2021-12-31,2021-12-31,negative_high,2951,2956
rolling5_annual20,2695,2022-03-04,2022-03-14,-0.0480378799422749,2022,2021-12-31,learned_order_offset,20260910,0.6314504954417829,0.6314504954417829,1,0,0.5384445033672064,0.6314504954417829,2021-12-31,2021-12-31,negative_low,2956,2961
rolling5_annual20,2700,2022-03-11,2022-03-21,0.007530336734814,2022,2021-12-31,learned_order_offset,20260910,0.691194443082509,0.691194443082509,1,1,0.8057093647478571,0.691194443082509,2021-12-31,2021-12-31,negative_high,2961,2966
rolling5_annual20,2705,2022-03-18,2022-03-28,-0.0353493110038457,2022,2021-12-31,learned_order_offset,20260910,0.6583803934930407,0.6583803934930407,1,0,0.6560850135341876,0.6583803934930407,2021-12-31,2021-12-31,negative_high,2966,2971
rolling5_annual20,2710,2022-03-25,2022-04-06,0.0314834190717003,2022,2021-12-31,learned_order_offset,20260910,0.696855601595334,0.696855601595334,1,1,0.8323689636040793,0.696855601595334,2021-12-31,2021-12-31,negative_high,2971,2976
rolling5_annual20,2715,2022-04-01,2022-04-12,-0.0129237372705649,2022,2021-12-31,learned_order_offset,20260910,0.6694890325996018,0.6694890325996018,1,0,0.7058749405091157,0.6694890325996018,2022-03-31,2021-12-31,negative_high,2976,2979
rolling5_annual20,2718,2022-04-08,2022-04-18,-0.0120986062576864,2022,2021-12-31,learned_order_offset,20260910,0.6803426001198963,0.6803426001198963,1,0,0.7553466981089761,0.6803426001198963,2022-03-31,2021-12-31,negative_high,2979,2984
rolling5_annual20,2723,2022-04-15,2022-04-25,-0.0528494340140576,2022,2021-12-31,learned_order_offset,20260910,0.6731249980220481,0.6731249980220481,1,0,0.7223532041019085,0.6731249980220481,2022-03-31,2021-12-31,negative_high,2984,2989
rolling5_annual20,2728,2022-04-22,2022-05-05,0.015736821365468,2022,2021-12-31,learned_order_offset,20260910,0.641097331377158,0.641097331377158,1,1,0.580130054728857,0.641097331377158,2022-03-31,2021-12-31,negative_high,2989,2994
rolling5_annual20,2733,2022-04-29,2022-05-11,-0.0278824133054675,2022,2021-12-31,learned_order_offset,20260910,0.6286451625043376,0.6286451625043376,1,0,0.5264089271427317,0.6286451625043376,2022-03-31,2021-12-31,negative_high,2994,2996
rolling5_annual20,2735,2022-05-06,2022-05-16,0.033741423035827,2022,2021-12-31,learned_order_offset,20260910,0.6539023380631441,0.6539023380631441,1,1,0.6362370149646654,0.6539023380631441,2022-03-31,2021-12-31,negative_high,2996,3001
rolling5_annual20,2740,2022-05-13,2022-05-23,0.0164308841843088,2022,2021-12-31,learned_order_offset,20260910,0.6546369622968728,0.6546369622968728,1,1,0.6394846789763301,0.6546369622968728,2022-03-31,2021-12-31,negative_high,3001,3006
rolling5_annual20,2745,2022-05-20,2022-05-30,-0.0147293413085614,2022,2021-12-31,learned_order_offset,20260910,0.5880855347067084,0.5880855347067084,1,0,0.3560566852231131,0.5880855347067084,2022-03-31,2021-12-31,negative_high,3006,3011
rolling5_annual20,2750,2022-05-27,2022-06-13,0.0431748431927498,2022,2021-12-31,learned_order_offset,20260910,0.5080704772787945,0.5080704772787945,1,1,0.032284713026542594,0.5080704772787945,2022-03-31,2021-12-31,negative_high,3011,3020
rolling5_annual20,2759,2022-06-10,2022-06-20,0.0306046547112142,2022,2021-12-31,learned_order_offset,20260910,0.5321675139264588,0.5321675139264588,1,1,0.12884801947721422,0.5321675139264588,2022-03-31,2021-12-31,negative_high,3020,3025
rolling5_annual20,2764,2022-06-17,2022-06-27,0.0211666894141107,2022,2021-12-31,learned_order_offset,20260910,0.485730573138482,0.485730573138482,0,1,-0.05709321097699811,0.485730573138482,2022-03-31,2021-12-31,nonnegative_high,3025,3030
rolling5_annual20,2769,2022-06-24,2022-07-04,0.0074507343130214,2022,2021-12-31,learned_order_offset,20260910,0.48755264163513784,0.48755264163513784,0,1,-0.0497997229018592,0.48755264163513784,2022-03-31,2021-12-31,nonnegative_low,3030,3035
rolling5_annual20,2774,2022-07-01,2022-07-11,-0.0092349827532707,2022,2021-12-31,learned_order_offset,20260910,0.5672840355549256,0.5672840355549256,1,0,0.2707785813375165,0.5672840355549256,2022-06-30,2021-12-31,nonnegative_high,3035,3040
rolling5_annual20,2779,2022-07-08,2022-07-18,-0.0326815927737367,2022,2021-12-31,learned_order_offset,20260910,0.5409192694310424,0.5409192694310424,1,0,0.16404396481246003,0.5409192694310424,2022-06-30,2021-12-31,nonnegative_high,3040,3045
rolling5_annual20,2784,2022-07-15,2022-07-25,-0.0066210715249344,2022,2021-12-31,learned_order_offset,20260910,0.47961995538049773,0.47961995538049773,0,0,-0.08156536899771435,0.47961995538049773,2022-06-30,2021-12-31,nonnegative_high,3045,3050
rolling5_annual20,2789,2022-07-22,2022-08-01,-0.0173077967751003,2022,2021-12-31,learned_order_offset,20260910,0.5660618100474655,0.5660618100474655,1,0,0.2658011727780213,0.5660618100474655,2022-06-30,2021-12-31,nonnegative_low,3050,3055
rolling5_annual20,2794,2022-07-29,2022-08-08,-0.004456034513838,2022,2021-12-31,learned_order_offset,20260910,0.6825374208841533,0.6825374208841533,1,0,0.7654574043562079,0.6825374208841533,2022-06-30,2021-12-31,nonnegative_low,3055,3060
rolling5_annual20,2799,2022-08-05,2022-08-15,0.0091475117753996,2022,2021-12-31,learned_order_offset,20260910,0.6262247306552385,0.6262247306552385,1,1,0.5160545686274542,0.6262247306552385,2022-06-30,2021-12-31,nonnegative_low,3060,3065
rolling5_annual20,2804,2022-08-12,2022-08-22,-0.0107272727272728,2022,2021-12-31,learned_order_offset,20260910,0.6232298710955773,0.6232298710955773,1,0,0.5032801613759852,0.6232298710955773,2022-06-30,2021-12-31,nonnegative_low,3065,3070
rolling5_annual20,2809,2022-08-19,2022-08-29,-0.0172375434082356,2022,2021-12-31,learned_order_offset,20260910,0.6145969170972031,0.6145969170972031,1,0,0.46667687839409777,0.6145969170972031,2022-06-30,2021-12-31,nonnegative_low,3070,3075
rolling5_annual20,2814,2022-08-26,2022-09-05,-0.0131573766941938,2022,2021-12-31,learned_order_offset,20260910,0.6165117624275381,0.6165117624275381,1,0,0.47476845270710333,0.6165117624275381,2022-06-30,2021-12-31,nonnegative_high,3075,3080
rolling5_annual20,2819,2022-09-02,2022-09-13,0.0253340680878015,2022,2021-12-31,learned_order_offset,20260910,0.5955551925854443,0.5955551925854443,1,1,0.38697878651596773,0.5955551925854443,2022-06-30,2021-12-31,negative_low,3080,3085
rolling5_annual20,2824,2022-09-09,2022-09-19,-0.044647264962877,2022,2021-12-31,learned_order_offset,20260910,0.6875149953447156,0.6875149953447156,1,0,0.7885271577913121,0.6875149953447156,2022-06-30,2021-12-31,negative_low,3085,3089
rolling5_annual20,2828,2022-09-16,2022-09-26,-0.025155151434928,2022,2021-12-31,learned_order_offset,20260910,0.5682727339716999,0.5682727339716999,1,0,0.27480740868767306,0.5682727339716999,2022-06-30,2021-12-31,negative_low,3089,3094
rolling5_annual20,2833,2022-09-23,2022-10-10,-0.0060162941299352,2022,2021-12-31,learned_order_offset,20260910,0.6779775008589831,0.6779775008589831,1,0,0.7444926866038595,0.6779775008589831,2022-06-30,2021-12-31,negative_low,3094,3099
rolling5_annual20,2838,2022-09-30,2022-10-17,0.0041192047412885,2022,2021-12-31,learned_order_offset,20260910,0.5645126654405718,0.5645126654405718,1,1,0.25949710655985714,0.5645126654405718,2022-06-30,2021-12-31,negative_low,3099,3104
rolling5_annual20,2843,2022-10-14,2022-10-24,-0.0246766294110258,2022,2021-12-31,learned_order_offset,20260910,0.6075471196498429,0.6075471196498429,1,0,0.4370132554638676,0.6075471196498429,2022-09-30,2021-12-31,negative_high,3104,3109
rolling5_annual20,2848,2022-10-21,2022-10-31,-0.059928861134359,2022,2021-12-31,learned_order_offset,20260910,0.6556958121122778,0.6556958121122778,1,0,0.6441714465981255,0.6556958121122778,2022-09-30,2021-12-31,negative_high,3109,3114
rolling5_annual20,2853,2022-10-28,2022-11-07,0.071339502526744,2022,2021-12-31,learned_order_offset,20260910,0.4975115636558439,0.4975115636558439,0,1,-0.009953827560153686,0.4975115636558439,2022-09-30,2021-12-31,negative_high,3114,3119
rolling5_annual20,2858,2022-11-04,2022-11-14,0.0169449090696014,2022,2021-12-31,learned_order_offset,20260910,0.6129918071450171,0.6129918071450171,1,1,0.45990570769386796,0.6129918071450171,2022-09-30,2021-12-31,negative_high,3119,3124
rolling5_annual20,2863,2022-11-11,2022-11-21,-0.0127051391515239,2022,2021-12-31,learned_order_offset,20260910,0.5961930236665007,0.5961930236665007,1,0,0.3896274974100351,0.5961930236665007,2022-09-30,2021-12-31,negative_high,3124,3129
rolling5_annual20,2868,2022-11-18,2022-11-28,-0.0179672806084416,2022,2021-12-31,learned_order_offset,20260910,0.6320302130297768,0.6320302130297768,1,0,0.5409363642569797,0.6320302130297768,2022-09-30,2021-12-31,negative_high,3129,3134
rolling5_annual20,2873,2022-11-25,2022-12-05,0.0555768659337096,2022,2021-12-31,learned_order_offset,20260910,0.5287341743413922,0.5287341743413922,1,1,0.11506347909117828,0.5287341743413922,2022-09-30,2021-12-31,negative_high,3134,3139
rolling5_annual20,2878,2022-12-02,2022-12-12,0.0175374394775362,2022,2021-12-31,learned_order_offset,20260910,0.4541058300911641,0.4541058300911641,0,1,-0.18409485214797724,0.4541058300911641,2022-09-30,2021-12-31,negative_high,3139,3144
rolling5_annual20,2883,2022-12-09,2022-12-19,-0.0058850602464181,2022,2021-12-31,learned_order_offset,20260910,0.3859837300056836,0.3859837300056836,0,0,-0.46422620782600454,0.3859837300056836,2022-09-30,2021-12-31,negative_high,3144,3149
rolling5_annual20,2888,2022-12-16,2022-12-26,-0.0309150292073658,2022,2021-12-31,learned_order_offset,20260910,0.6086215781798711,0.6086215781798711,1,0,0.4415217695916619,0.6086215781798711,2022-09-30,2021-12-31,nonnegative_low,3149,3154
rolling5_annual20,2893,2022-12-23,2023-01-03,0.0089464492229616,2022,2021-12-31,learned_order_offset,20260910,0.49854238556394687,0.49854238556394687,0,1,-0.00583047426112715,0.49854238556394687,2022-09-30,2021-12-31,negative_high,3154,3159
rolling5_annual20,2898,2022-12-30,2023-01-09,0.0345913414268119,2022,2021-12-31,learned_order_offset,20260910,0.5537040132227125,0.5537040132227125,1,1,0.21564789242572593,0.5537040132227125,2022-09-30,2021-12-31,nonnegative_low,3159,3163
rolling5_annual20,2660,2022-01-07,2022-01-17,-0.0173453887283024,2022,2021-12-31,learned_market,20260911,0.7294539059117436,0.7294539059117436,1,0,0.991853693048584,0.7294539059117436,2021-12-31,2021-12-31,negative_low,2921,2926
rolling5_annual20,2665,2022-01-14,2022-01-24,0.0053248631776616,2022,2021-12-31,learned_market,20260911,0.8407883156513567,0.8407883156513567,1,1,1.6641052578954432,0.8407883156513567,2021-12-31,2021-12-31,negative_low,2926,2931
rolling5_annual20,2670,2022-01-21,2022-02-07,-0.0242661876254222,2022,2021-12-31,learned_market,20260911,0.6706767764059957,0.6706767764059957,1,0,0.7112476055823935,0.6706767764059957,2021-12-31,2021-12-31,negative_low,2931,2936
rolling5_annual20,2675,2022-01-28,2022-02-14,-0.0127539031341488,2022,2021-12-31,learned_market,20260911,0.49396242770649035,0.49396242770649035,0,0,-0.02415146305418281,0.49396242770649035,2021-12-31,2021-12-31,negative_high,2936,2941
rolling5_annual20,2680,2022-02-11,2022-02-21,0.0145498774954033,2022,2021-12-31,learned_market,20260911,0.6718433913580089,0.6718433913580089,1,1,0.7165343049829715,0.6718433913580089,2021-12-31,2021-12-31,negative_high,2941,2946
rolling5_annual20,2685,2022-02-18,2022-02-28,-0.0177161244498015,2022,2021-12-31,learned_market,20260911,0.5840107527473801,0.5840107527473801,1,0,0.3392599829206221,0.5840107527473801,2021-12-31,2021-12-31,negative_high,2946,2951
rolling5_annual20,2690,2022-02-25,2022-03-07,-0.0221791776043331,2022,2021-12-31,learned_market,20260911,0.59915482742086,0.59915482742086,1,0,0.40194479175616216,0.59915482742086,2021-12-31,2021-12-31,negative_high,2951,2956
rolling5_annual20,2695,2022-03-04,2022-03-14,-0.0480378799422749,2022,2021-12-31,learned_market,20260911,0.64751535974218,0.64751535974218,1,0,0.6081354673356046,0.64751535974218,2021-12-31,2021-12-31,negative_low,2956,2961
rolling5_annual20,2700,2022-03-11,2022-03-21,0.007530336734814,2022,2021-12-31,learned_market,20260911,0.6601858855959774,0.6601858855959774,1,1,0.6641226944464552,0.6601858855959774,2021-12-31,2021-12-31,negative_high,2961,2966
rolling5_annual20,2705,2022-03-18,2022-03-28,-0.0353493110038457,2022,2021-12-31,learned_market,20260911,0.5676194322684474,0.5676194322684474,1,0,0.2721450362859543,0.5676194322684474,2021-12-31,2021-12-31,negative_high,2966,2971
rolling5_annual20,2710,2022-03-25,2022-04-06,0.0314834190717003,2022,2021-12-31,learned_market,20260911,0.7331434681165004,0.7331434681165004,1,1,1.0106302298271417,0.7331434681165004,2021-12-31,2021-12-31,negative_high,2971,2976
rolling5_annual20,2715,2022-04-01,2022-04-12,-0.0129237372705649,2022,2021-12-31,learned_market,20260911,0.7319064424968235,0.7319064424968235,1,0,1.0043166802437016,0.7319064424968235,2022-03-31,2021-12-31,negative_high,2976,2979
rolling5_annual20,2718,2022-04-08,2022-04-18,-0.0120986062576864,2022,2021-12-31,learned_market,20260911,0.6054453974595707,0.6054453974595707,1,0,0.4282068411312449,0.6054453974595707,2022-03-31,2021-12-31,negative_high,2979,2984
rolling5_annual20,2723,2022-04-15,2022-04-25,-0.0528494340140576,2022,2021-12-31,learned_market,20260911,0.780048801319433,0.780048801319433,1,0,1.2659507859541261,0.780048801319433,2022-03-31,2021-12-31,negative_high,2984,2989
rolling5_annual20,2728,2022-04-22,2022-05-05,0.015736821365468,2022,2021-12-31,learned_market,20260911,0.734465746968055,0.734465746968055,1,1,1.0173995143743302,0.734465746968055,2022-03-31,2021-12-31,negative_high,2989,2994
rolling5_annual20,2733,2022-04-29,2022-05-11,-0.0278824133054675,2022,2021-12-31,learned_market,20260911,0.5168257973739826,0.5168257973739826,1,0,0.06732861215158353,0.5168257973739826,2022-03-31,2021-12-31,negative_high,2994,2996
rolling5_annual20,2735,2022-05-06,2022-05-16,0.033741423035827,2022,2021-12-31,learned_market,20260911,0.40189346381722363,0.40189346381722363,0,1,-0.3975818541186664,0.40189346381722363,2022-03-31,2021-12-31,negative_high,2996,3001
rolling5_annual20,2740,2022-05-13,2022-05-23,0.0164308841843088,2022,2021-12-31,learned_market,20260911,0.5083996095353812,0.5083996095353812,1,1,0.033601599324021625,0.5083996095353812,2022-03-31,2021-12-31,negative_high,3001,3006
rolling5_annual20,2745,2022-05-20,2022-05-30,-0.0147293413085614,2022,2021-12-31,learned_market,20260911,0.554311952008104,0.554311952008104,1,0,0.21810835520812835,0.554311952008104,2022-03-31,2021-12-31,negative_high,3006,3011
rolling5_annual20,2750,2022-05-27,2022-06-13,0.0431748431927498,2022,2021-12-31,learned_market,20260911,0.6026682500069707,0.6026682500069707,1,1,0.4165953054721436,0.6026682500069707,2022-03-31,2021-12-31,negative_high,3011,3020
rolling5_annual20,2759,2022-06-10,2022-06-20,0.0306046547112142,2022,2021-12-31,learned_market,20260911,0.32881944420528136,0.32881944420528136,0,1,-0.7135293871059234,0.32881944420528136,2022-03-31,2021-12-31,negative_high,3020,3025
rolling5_annual20,2764,2022-06-17,2022-06-27,0.0211666894141107,2022,2021-12-31,learned_market,20260911,0.35966324404140343,0.35966324404140343,0,1,-0.5768260587131048,0.35966324404140343,2022-03-31,2021-12-31,nonnegative_high,3025,3030
rolling5_annual20,2769,2022-06-24,2022-07-04,0.0074507343130214,2022,2021-12-31,learned_market,20260911,0.46809827445499036,0.46809827445499036,0,1,-0.12778048383355345,0.46809827445499036,2022-03-31,2021-12-31,nonnegative_low,3030,3035
rolling5_annual20,2774,2022-07-01,2022-07-11,-0.0092349827532707,2022,2021-12-31,learned_market,20260911,0.5193349295186931,0.5193349295186931,1,0,0.07737830288822016,0.5193349295186931,2022-06-30,2021-12-31,nonnegative_high,3035,3040
rolling5_annual20,2779,2022-07-08,2022-07-18,-0.0326815927737367,2022,2021-12-31,learned_market,20260911,0.5210563697553774,0.5210563697553774,1,0,0.08427532288421624,0.5210563697553774,2022-06-30,2021-12-31,nonnegative_high,3040,3045
rolling5_annual20,2784,2022-07-15,2022-07-25,-0.0066210715249344,2022,2021-12-31,learned_market,20260911,0.276078528858952,0.276078528858952,0,0,-0.9639975711292316,0.276078528858952,2022-06-30,2021-12-31,nonnegative_high,3045,3050
rolling5_annual20,2789,2022-07-22,2022-08-01,-0.0173077967751003,2022,2021-12-31,learned_market,20260911,0.3174121093765397,0.3174121093765397,0,0,-0.7656903370887927,0.3174121093765397,2022-06-30,2021-12-31,nonnegative_low,3050,3055
rolling5_annual20,2794,2022-07-29,2022-08-08,-0.004456034513838,2022,2021-12-31,learned_market,20260911,0.5558739451685917,0.5558739451685917,1,0,0.22443312180752156,0.5558739451685917,2022-06-30,2021-12-31,nonnegative_low,3055,3060
rolling5_annual20,2799,2022-08-05,2022-08-15,0.0091475117753996,2022,2021-12-31,learned_market,20260911,0.7108208060891671,0.7108208060891671,1,1,0.8993738231248318,0.7108208060891671,2022-06-30,2021-12-31,nonnegative_low,3060,3065
rolling5_annual20,2804,2022-08-12,2022-08-22,-0.0107272727272728,2022,2021-12-31,learned_market,20260911,0.7273713339025305,0.7273713339025305,1,0,0.9813264509573457,0.7273713339025305,2022-06-30,2021-12-31,nonnegative_low,3065,3070
rolling5_annual20,2809,2022-08-19,2022-08-29,-0.0172375434082356,2022,2021-12-31,learned_market,20260911,0.6886147057688298,0.6886147057688298,1,0,0.7936508731223214,0.6886147057688298,2022-06-30,2021-12-31,nonnegative_low,3070,3075
rolling5_annual20,2814,2022-08-26,2022-09-05,-0.0131573766941938,2022,2021-12-31,learned_market,20260911,0.7346873214158656,0.7346873214158656,1,0,1.0185359460453252,0.7346873214158656,2022-06-30,2021-12-31,nonnegative_high,3075,3080
rolling5_annual20,2819,2022-09-02,2022-09-13,0.0253340680878015,2022,2021-12-31,learned_market,20260911,0.6710140552387813,0.6710140552387813,1,1,0.7127750546946156,0.6710140552387813,2022-06-30,2021-12-31,negative_low,3080,3085
rolling5_annual20,2824,2022-09-09,2022-09-19,-0.044647264962877,2022,2021-12-31,learned_market,20260911,0.6038239271387368,0.6038239271387368,1,0,0.42142390320333123,0.6038239271387368,2022-06-30,2021-12-31,negative_low,3085,3089
rolling5_annual20,2828,2022-09-16,2022-09-26,-0.025155151434928,2022,2021-12-31,learned_market,20260911,0.6255457939860786,0.6255457939860786,1,0,0.5131550238916253,0.6255457939860786,2022-06-30,2021-12-31,negative_low,3089,3094
rolling5_annual20,2833,2022-09-23,2022-10-10,-0.0060162941299352,2022,2021-12-31,learned_market,20260911,0.7610381426054592,0.7610381426054592,1,0,1.1583795315909944,0.7610381426054592,2022-06-30,2021-12-31,negative_low,3094,3099
rolling5_annual20,2838,2022-09-30,2022-10-17,0.0041192047412885,2022,2021-12-31,learned_market,20260911,0.6286054158457117,0.6286054158457117,1,1,0.5262386734854034,0.6286054158457117,2022-06-30,2021-12-31,negative_low,3099,3104
rolling5_annual20,2843,2022-10-14,2022-10-24,-0.0246766294110258,2022,2021-12-31,learned_market,20260911,0.6024904340723066,0.6024904340723066,1,0,0.41585278914863066,0.6024904340723066,2022-09-30,2021-12-31,negative_high,3104,3109
rolling5_annual20,2848,2022-10-21,2022-10-31,-0.059928861134359,2022,2021-12-31,learned_market,20260911,0.7274642486524198,0.7274642486524198,1,0,0.9817950519888441,0.7274642486524198,2022-09-30,2021-12-31,negative_high,3109,3114
rolling5_annual20,2853,2022-10-28,2022-11-07,0.071339502526744,2022,2021-12-31,learned_market,20260911,0.6162056186940947,0.6162056186940947,1,1,0.4734737605914032,0.6162056186940947,2022-09-30,2021-12-31,negative_high,3114,3119
rolling5_annual20,2858,2022-11-04,2022-11-14,0.0169449090696014,2022,2021-12-31,learned_market,20260911,0.2741800907264702,0.2741800907264702,0,1,-0.9735167692923992,0.2741800907264702,2022-09-30,2021-12-31,negative_high,3119,3124
rolling5_annual20,2863,2022-11-11,2022-11-21,-0.0127051391515239,2022,2021-12-31,learned_market,20260911,0.4034782500066313,0.4034782500066313,0,0,-0.39099312063330804,0.4034782500066313,2022-09-30,2021-12-31,negative_high,3124,3129
rolling5_annual20,2868,2022-11-18,2022-11-28,-0.0179672806084416,2022,2021-12-31,learned_market,20260911,0.28542469178379576,0.28542469178379576,0,0,-0.917710173986721,0.28542469178379576,2022-09-30,2021-12-31,negative_high,3129,3134
rolling5_annual20,2873,2022-11-25,2022-12-05,0.0555768659337096,2022,2021-12-31,learned_market,20260911,0.47138114372847095,0.47138114372847095,0,1,-0.11460068450696938,0.47138114372847095,2022-09-30,2021-12-31,negative_high,3134,3139
rolling5_annual20,2878,2022-12-02,2022-12-12,0.0175374394775362,2022,2021-12-31,learned_market,20260911,0.619105964448534,0.619105964448534,1,1,0.4857552300105239,0.619105964448534,2022-09-30,2021-12-31,negative_high,3139,3144
rolling5_annual20,2883,2022-12-09,2022-12-19,-0.0058850602464181,2022,2021-12-31,learned_market,20260911,0.5282980986624768,0.5282980986624768,1,0,0.11331348408911024,0.5282980986624768,2022-09-30,2021-12-31,negative_high,3144,3149
rolling5_annual20,2888,2022-12-16,2022-12-26,-0.0309150292073658,2022,2021-12-31,learned_market,20260911,0.4732576186190321,0.4732576186190321,0,0,-0.10707170066777344,0.4732576186190321,2022-09-30,2021-12-31,nonnegative_low,3149,3154
rolling5_annual20,2893,2022-12-23,2023-01-03,0.0089464492229616,2022,2021-12-31,learned_market,20260911,0.6046975557386036,0.6046975557386036,1,1,0.42507727157429087,0.6046975557386036,2022-09-30,2021-12-31,negative_high,3154,3159
rolling5_annual20,2898,2022-12-30,2023-01-09,0.0345913414268119,2022,2021-12-31,learned_market,20260911,0.3076905762143074,0.3076905762143074,0,1,-0.8109383445563141,0.3076905762143074,2022-09-30,2021-12-31,nonnegative_low,3159,3163
rolling5_annual20,2660,2022-01-07,2022-01-17,-0.0173453887283024,2022,2021-12-31,learned_vol_interaction,20260911,0.7282516722944598,0.7282516722944598,1,0,0.9857703199711867,0.7282516722944598,2021-12-31,2021-12-31,negative_low,2921,2926
rolling5_annual20,2665,2022-01-14,2022-01-24,0.0053248631776616,2022,2021-12-31,learned_vol_interaction,20260911,0.8368717958263094,0.8368717958263094,1,1,1.6351344673736805,0.8368717958263094,2021-12-31,2021-12-31,negative_low,2926,2931
rolling5_annual20,2670,2022-01-21,2022-02-07,-0.0242661876254222,2022,2021-12-31,learned_vol_interaction,20260911,0.669613908132946,0.669613908132946,1,0,0.7064393438399804,0.669613908132946,2021-12-31,2021-12-31,negative_low,2931,2936
rolling5_annual20,2675,2022-01-28,2022-02-14,-0.0127539031341488,2022,2021-12-31,learned_vol_interaction,20260911,0.49771804856397844,0.49771804856397844,0,0,-0.00912786911987093,0.49771804856397844,2021-12-31,2021-12-31,negative_high,2936,2941
rolling5_annual20,2680,2022-02-11,2022-02-21,0.0145498774954033,2022,2021-12-31,learned_vol_interaction,20260911,0.6694625883349451,0.6694625883349451,1,1,0.7057554335057874,0.6694625883349451,2021-12-31,2021-12-31,negative_high,2941,2946
rolling5_annual20,2685,2022-02-18,2022-02-28,-0.0177161244498015,2022,2021-12-31,learned_vol_interaction,20260911,0.5867879452577756,0.5867879452577756,1,0,0.3507025919407937,0.5867879452577756,2021-12-31,2021-12-31,negative_high,2946,2951
rolling5_annual20,2690,2022-02-25,2022-03-07,-0.0221791776043331,2022,2021-12-31,learned_vol_interaction,20260911,0.6015705830845076,0.6015705830845076,1,0,0.41201351301786826,0.6015705830845076,2021-12-31,2021-12-31,negative_high,2951,2956
rolling5_annual20,2695,2022-03-04,2022-03-14,-0.0480378799422749,2022,2021-12-31,learned_vol_interaction,20260911,0.6516108393132726,0.6516108393132726,1,0,0.6261273787056102,0.6516108393132726,2021-12-31,2021-12-31,negative_low,2956,2961
rolling5_annual20,2700,2022-03-11,2022-03-21,0.007530336734814,2022,2021-12-31,learned_vol_interaction,20260911,0.6653311044961694,0.6653311044961694,1,1,0.6871431468086393,0.6653311044961694,2021-12-31,2021-12-31,negative_high,2961,2966
rolling5_annual20,2705,2022-03-18,2022-03-28,-0.0353493110038457,2022,2021-12-31,learned_vol_interaction,20260911,0.567250973729041,0.567250973729041,1,0,0.27064389627898433,0.567250973729041,2021-12-31,2021-12-31,negative_high,2966,2971
rolling5_annual20,2710,2022-03-25,2022-04-06,0.0314834190717003,2022,2021-12-31,learned_vol_interaction,20260911,0.7397988804119464,0.7397988804119464,1,1,1.0449234971641603,0.7397988804119464,2021-12-31,2021-12-31,negative_high,2971,2976
rolling5_annual20,2715,2022-04-01,2022-04-12,-0.0129237372705649,2022,2021-12-31,learned_vol_interaction,20260911,0.7431810041436555,0.7431810041436555,1,0,1.062568087141346,0.7431810041436555,2022-03-31,2021-12-31,negative_high,2976,2979
rolling5_annual20,2718,2022-04-08,2022-04-18,-0.0120986062576864,2022,2021-12-31,learned_vol_interaction,20260911,0.601115184023622,0.601115184023622,1,0,0.41011387667159127,0.601115184023622,2022-03-31,2021-12-31,negative_high,2979,2984
rolling5_annual20,2723,2022-04-15,2022-04-25,-0.0528494340140576,2022,2021-12-31,learned_vol_interaction,20260911,0.7843896219441964,0.7843896219441964,1,0,1.2914328900977003,0.7843896219441964,2022-03-31,2021-12-31,negative_high,2984,2989
rolling5_annual20,2728,2022-04-22,2022-05-05,0.015736821365468,2022,2021-12-31,learned_vol_interaction,20260911,0.7408337892127695,0.7408337892127695,1,1,1.0503066977166793,0.7408337892127695,2022-03-31,2021-12-31,negative_high,2989,2994
rolling5_annual20,2733,2022-04-29,2022-05-11,-0.0278824133054675,2022,2021-12-31,learned_vol_interaction,20260911,0.5124458489532762,0.5124458489532762,1,0,0.04979368151183641,0.5124458489532762,2022-03-31,2021-12-31,negative_high,2994,2996
rolling5_annual20,2735,2022-05-06,2022-05-16,0.033741423035827,2022,2021-12-31,learned_vol_interaction,20260911,0.38434598170774237,0.38434598170774237,0,1,-0.47114200616094304,0.38434598170774237,2022-03-31,2021-12-31,negative_high,2996,3001
rolling5_annual20,2740,2022-05-13,2022-05-23,0.0164308841843088,2022,2021-12-31,learned_vol_interaction,20260911,0.4962015474558973,0.4962015474558973,0,1,-0.015194102479820837,0.4962015474558973,2022-03-31,2021-12-31,negative_high,3001,3006
rolling5_annual20,2745,2022-05-20,2022-05-30,-0.0147293413085614,2022,2021-12-31,learned_vol_interaction,20260911,0.5536729513391327,0.5536729513391327,1,0,0.21552219563088623,0.5536729513391327,2022-03-31,2021-12-31,negative_high,3006,3011
rolling5_annual20,2750,2022-05-27,2022-06-13,0.0431748431927498,2022,2021-12-31,learned_vol_interaction,20260911,0.6054554975797125,0.6054554975797125,1,1,0.4282491222412337,0.6054554975797125,2022-03-31,2021-12-31,negative_high,3011,3020
rolling5_annual20,2759,2022-06-10,2022-06-20,0.0306046547112142,2022,2021-12-31,learned_vol_interaction,20260911,0.33012579252956525,0.33012579252956525,0,1,-0.7076161734038352,0.33012579252956525,2022-03-31,2021-12-31,negative_high,3020,3025
rolling5_annual20,2764,2022-06-17,2022-06-27,0.0211666894141107,2022,2021-12-31,learned_vol_interaction,20260911,0.36375167025478616,0.36375167025478616,0,1,-0.5591175324655213,0.36375167025478616,2022-03-31,2021-12-31,nonnegative_high,3025,3030
rolling5_annual20,2769,2022-06-24,2022-07-04,0.0074507343130214,2022,2021-12-31,learned_vol_interaction,20260911,0.47411451496984686,0.47411451496984686,0,1,-0.10363459468786612,0.47411451496984686,2022-03-31,2021-12-31,nonnegative_low,3030,3035
rolling5_annual20,2774,2022-07-01,2022-07-11,-0.0092349827532707,2022,2021-12-31,learned_vol_interaction,20260911,0.5243593636282992,0.5243593636282992,1,0,0.09751465421714456,0.5243593636282992,2022-06-30,2021-12-31,nonnegative_high,3035,3040
rolling5_annual20,2779,2022-07-08,2022-07-18,-0.0326815927737367,2022,2021-12-31,learned_vol_interaction,20260911,0.5287137474480963,0.5287137474480963,1,0,0.11498150096855869,0.5287137474480963,2022-06-30,2021-12-31,nonnegative_high,3040,3045
rolling5_annual20,2784,2022-07-15,2022-07-25,-0.0066210715249344,2022,2021-12-31,learned_vol_interaction,20260911,0.28286663565549924,0.28286663565549924,0,0,-0.9302862921046726,0.28286663565549924,2022-06-30,2021-12-31,nonnegative_high,3045,3050
rolling5_annual20,2789,2022-07-22,2022-08-01,-0.0173077967751003,2022,2021-12-31,learned_vol_interaction,20260911,0.32529843901510974,0.32529843901510974,0,0,-0.7295274263623384,0.32529843901510974,2022-06-30,2021-12-31,nonnegative_low,3050,3055
rolling5_annual20,2794,2022-07-29,2022-08-08,-0.004456034513838,2022,2021-12-31,learned_vol_interaction,20260911,0.5568653358658677,0.5568653358658677,1,0,0.2284497377533488,0.5568653358658677,2022-06-30,2021-12-31,nonnegative_low,3055,3060
rolling5_annual20,2799,2022-08-05,2022-08-15,0.0091475117753996,2022,2021-12-31,learned_vol_interaction,20260911,0.7117205557364277,0.7117205557364277,1,1,0.9037550541858661,0.7117205557364277,2022-06-30,2021-12-31,nonnegative_low,3060,3065
rolling5_annual20,2804,2022-08-12,2022-08-22,-0.0107272727272728,2022,2021-12-31,learned_vol_interaction,20260911,0.728089070877284,0.728089070877284,1,0,0.984948844612137,0.728089070877284,2022-06-30,2021-12-31,nonnegative_low,3065,3070
rolling5_annual20,2809,2022-08-19,2022-08-29,-0.0172375434082356,2022,2021-12-31,learned_vol_interaction,20260911,0.6906588614286806,0.6906588614286806,1,0,0.8032013373770129,0.6906588614286806,2022-06-30,2021-12-31,nonnegative_low,3070,3075
rolling5_annual20,2814,2022-08-26,2022-09-05,-0.0131573766941938,2022,2021-12-31,learned_vol_interaction,20260911,0.7374791554763223,0.7374791554763223,1,0,1.0329073374653266,0.7374791554763223,2022-06-30,2021-12-31,nonnegative_high,3075,3080
rolling5_annual20,2819,2022-09-02,2022-09-13,0.0253340680878015,2022,2021-12-31,learned_vol_interaction,20260911,0.6762833071893946,0.6762833071893946,1,1,0.7367433533514351,0.6762833071893946,2022-06-30,2021-12-31,negative_low,3080,3085
rolling5_annual20,2824,2022-09-09,2022-09-19,-0.044647264962877,2022,2021-12-31,learned_vol_interaction,20260911,0.6072920416996368,0.6072920416996368,1,0,0.43594357144386653,0.6072920416996368,2022-06-30,2021-12-31,negative_low,3085,3089
rolling5_annual20,2828,2022-09-16,2022-09-26,-0.025155151434928,2022,2021-12-31,learned_vol_interaction,20260911,0.6281865846659338,0.6281865846659338,1,0,0.5244450749192423,0.6281865846659338,2022-06-30,2021-12-31,negative_low,3089,3094
rolling5_annual20,2833,2022-09-23,2022-10-10,-0.0060162941299352,2022,2021-12-31,learned_vol_interaction,20260911,0.7572974806973762,0.7572974806973762,1,0,1.1379196564294702,0.7572974806973762,2022-06-30,2021-12-31,negative_low,3094,3099
rolling5_annual20,2838,2022-09-30,2022-10-17,0.0041192047412885,2022,2021-12-31,learned_vol_interaction,20260911,0.6301564951939066,0.6301564951939066,1,1,0.5328882374259054,0.6301564951939066,2022-06-30,2021-12-31,negative_low,3099,3104
rolling5_annual20,2843,2022-10-14,2022-10-24,-0.0246766294110258,2022,2021-12-31,learned_vol_interaction,20260911,0.6036044775658358,0.6036044775658358,1,0,0.4205066381500242,0.6036044775658358,2022-09-30,2021-12-31,negative_high,3104,3109
rolling5_annual20,2848,2022-10-21,2022-10-31,-0.059928861134359,2022,2021-12-31,learned_vol_interaction,20260911,0.726257224907292,0.726257224907292,1,0,0.9757153679268513,0.726257224907292,2022-09-30,2021-12-31,negative_high,3109,3114
rolling5_annual20,2853,2022-10-28,2022-11-07,0.071339502526744,2022,2021-12-31,learned_vol_interaction,20260911,0.6194197152198353,0.6194197152198353,1,1,0.4870859434240514,0.6194197152198353,2022-09-30,2021-12-31,negative_high,3114,3119
rolling5_annual20,2858,2022-11-04,2022-11-14,0.0169449090696014,2022,2021-12-31,learned_vol_interaction,20260911,0.2623086047561504,0.2623086047561504,0,1,-1.0340038821669777,0.2623086047561504,2022-09-30,2021-12-31,negative_high,3119,3124
rolling5_annual20,2863,2022-11-11,2022-11-21,-0.0127051391515239,2022,2021-12-31,learned_vol_interaction,20260911,0.3957947302193098,0.3957947302193098,0,0,-0.423018272000487,0.3957947302193098,2022-09-30,2021-12-31,negative_high,3124,3129
rolling5_annual20,2868,2022-11-18,2022-11-28,-0.0179672806084416,2022,2021-12-31,learned_vol_interaction,20260911,0.27002199366661744,0.27002199366661744,0,0,-0.9945109916727763,0.27002199366661744,2022-09-30,2021-12-31,negative_high,3129,3134
rolling5_annual20,2873,2022-11-25,2022-12-05,0.0555768659337096,2022,2021-12-31,learned_vol_interaction,20260911,0.4675758528871144,0.4675758528871144,0,1,-0.12987885296848178,0.4675758528871144,2022-09-30,2021-12-31,negative_high,3134,3139
rolling5_annual20,2878,2022-12-02,2022-12-12,0.0175374394775362,2022,2021-12-31,learned_vol_interaction,20260911,0.6179388855194429,0.6179388855194429,1,1,0.48080898046099213,0.6179388855194429,2022-09-30,2021-12-31,negative_high,3139,3144
rolling5_annual20,2883,2022-12-09,2022-12-19,-0.0058850602464181,2022,2021-12-31,learned_vol_interaction,20260911,0.5307559736215643,0.5307559736215643,1,0,0.12317941033873508,0.5307559736215643,2022-09-30,2021-12-31,negative_high,3144,3149
rolling5_annual20,2888,2022-12-16,2022-12-26,-0.0309150292073658,2022,2021-12-31,learned_vol_interaction,20260911,0.4750923081261837,0.4750923081261837,0,0,-0.09971330407866269,0.4750923081261837,2022-09-30,2021-12-31,nonnegative_low,3149,3154
rolling5_annual20,2893,2022-12-23,2023-01-03,0.0089464492229616,2022,2021-12-31,learned_vol_interaction,20260911,0.6024109731884131,0.6024109731884131,1,1,0.41552101626483184,0.6024109731884131,2022-09-30,2021-12-31,negative_high,3154,3159
rolling5_annual20,2898,2022-12-30,2023-01-09,0.0345913414268119,2022,2021-12-31,learned_vol_interaction,20260911,0.3155450399210081,0.3155450399210081,0,1,-0.7743214137553183,0.3155450399210081,2022-09-30,2021-12-31,nonnegative_low,3159,3163
rolling5_annual20,2660,2022-01-07,2022-01-17,-0.0173453887283024,2022,2021-12-31,learned_order_extension,20260911,0.7315565762281606,0.7315565762281606,1,0,1.0025343806914977,0.7315565762281606,2021-12-31,2021-12-31,negative_low,2921,2926
rolling5_annual20,2665,2022-01-14,2022-01-24,0.0053248631776616,2022,2021-12-31,learned_order_extension,20260911,0.8308708352808971,0.8308708352808971,1,1,1.5918116386173002,0.8308708352808971,2021-12-31,2021-12-31,negative_low,2926,2931
rolling5_annual20,2670,2022-01-21,2022-02-07,-0.0242661876254222,2022,2021-12-31,learned_order_extension,20260911,0.6953405747399578,0.6953405747399578,1,0,0.8252072469231291,0.6953405747399578,2021-12-31,2021-12-31,negative_low,2931,2936
rolling5_annual20,2675,2022-01-28,2022-02-14,-0.0127539031341488,2022,2021-12-31,learned_order_extension,20260911,0.47011278529334005,0.47011278529334005,0,0,-0.11969154683479821,0.47011278529334005,2021-12-31,2021-12-31,negative_high,2936,2941
rolling5_annual20,2680,2022-02-11,2022-02-21,0.0145498774954033,2022,2021-12-31,learned_order_extension,20260911,0.6818533435255958,0.6818533435255958,1,1,0.762302135551176,0.6818533435255958,2021-12-31,2021-12-31,negative_high,2941,2946
rolling5_annual20,2685,2022-02-18,2022-02-28,-0.0177161244498015,2022,2021-12-31,learned_order_extension,20260911,0.5955146443753425,0.5955146443753425,1,0,0.3868104480273426,0.5955146443753425,2021-12-31,2021-12-31,negative_high,2946,2951
rolling5_annual20,2690,2022-02-25,2022-03-07,-0.0221791776043331,2022,2021-12-31,learned_order_extension,20260911,0.609831009331646,0.609831009331646,1,0,0.4466019302255172,0.609831009331646,2021-12-31,2021-12-31,negative_high,2951,2956
rolling5_annual20,2695,2022-03-04,2022-03-14,-0.0480378799422749,2022,2021-12-31,learned_order_extension,20260911,0.6608881864634962,0.6608881864634962,1,0,0.6672547809554377,0.6608881864634962,2021-12-31,2021-12-31,negative_low,2956,2961
rolling5_annual20,2700,2022-03-11,2022-03-21,0.007530336734814,2022,2021-12-31,learned_order_extension,20260911,0.667203580437131,0.667203580437131,1,1,0.6955642670285975,0.667203580437131,2021-12-31,2021-12-31,negative_high,2961,2966
rolling5_annual20,2705,2022-03-18,2022-03-28,-0.0353493110038457,2022,2021-12-31,learned_order_extension,20260911,0.5665388063290007,0.5665388063290007,1,0,0.2677433064497073,0.5665388063290007,2021-12-31,2021-12-31,negative_high,2966,2971
rolling5_annual20,2710,2022-03-25,2022-04-06,0.0314834190717003,2022,2021-12-31,learned_order_extension,20260911,0.7315317518580224,0.7315317518580224,1,1,1.0024079755210034,0.7315317518580224,2021-12-31,2021-12-31,negative_high,2971,2976
rolling5_annual20,2715,2022-04-01,2022-04-12,-0.0129237372705649,2022,2021-12-31,learned_order_extension,20260911,0.7324552613785594,0.7324552613785594,1,0,1.007115462874903,0.7324552613785594,2022-03-31,2021-12-31,negative_high,2976,2979
rolling5_annual20,2718,2022-04-08,2022-04-18,-0.0120986062576864,2022,2021-12-31,learned_order_extension,20260911,0.5757660544472725,0.5757660544472725,1,0,0.30541636127058513,0.5757660544472725,2022-03-31,2021-12-31,negative_high,2979,2984
rolling5_annual20,2723,2022-04-15,2022-04-25,-0.0528494340140576,2022,2021-12-31,learned_order_extension,20260911,0.7914821695285316,0.7914821695285316,1,0,1.333882796192715,0.7914821695285316,2022-03-31,2021-12-31,negative_high,2984,2989
rolling5_annual20,2728,2022-04-22,2022-05-05,0.015736821365468,2022,2021-12-31,learned_order_extension,20260911,0.7445035554337466,0.7445035554337466,1,1,1.0695091337570781,0.7445035554337466,2022-03-31,2021-12-31,negative_high,2989,2994
rolling5_annual20,2733,2022-04-29,2022-05-11,-0.0278824133054675,2022,2021-12-31,learned_order_extension,20260911,0.512691847329782,0.512691847329782,1,0,0.05077829722015355,0.512691847329782,2022-03-31,2021-12-31,negative_high,2994,2996
rolling5_annual20,2735,2022-05-06,2022-05-16,0.033741423035827,2022,2021-12-31,learned_order_extension,20260911,0.39192947263156325,0.39192947263156325,0,1,-0.43920896735276727,0.39192947263156325,2022-03-31,2021-12-31,negative_high,2996,3001
rolling5_annual20,2740,2022-05-13,2022-05-23,0.0164308841843088,2022,2021-12-31,learned_order_extension,20260911,0.4923475901483292,0.4923475901483292,0,1,-0.03061202971783228,0.4923475901483292,2022-03-31,2021-12-31,negative_high,3001,3006
rolling5_annual20,2745,2022-05-20,2022-05-30,-0.0147293413085614,2022,2021-12-31,learned_order_extension,20260911,0.5453859955701774,0.5453859955701774,1,0,0.18204507573324524,0.5453859955701774,2022-03-31,2021-12-31,negative_high,3006,3011
rolling5_annual20,2750,2022-05-27,2022-06-13,0.0431748431927498,2022,2021-12-31,learned_order_extension,20260911,0.606543809827078,0.606543809827078,1,1,0.43280723170209634,0.606543809827078,2022-03-31,2021-12-31,negative_high,3011,3020
rolling5_annual20,2759,2022-06-10,2022-06-20,0.0306046547112142,2022,2021-12-31,learned_order_extension,20260911,0.3194430778691506,0.3194430778691506,0,1,-0.7563323681924474,0.3194430778691506,2022-03-31,2021-12-31,negative_high,3020,3025
rolling5_annual20,2764,2022-06-17,2022-06-27,0.0211666894141107,2022,2021-12-31,learned_order_extension,20260911,0.33808664733638566,0.33808664733638566,0,1,-0.6718324444590291,0.33808664733638566,2022-03-31,2021-12-31,nonnegative_high,3025,3030
rolling5_annual20,2769,2022-06-24,2022-07-04,0.0074507343130214,2022,2021-12-31,learned_order_extension,20260911,0.4651372063002809,0.4651372063002809,0,1,-0.13967782425407382,0.4651372063002809,2022-03-31,2021-12-31,nonnegative_low,3030,3035
rolling5_annual20,2774,2022-07-01,2022-07-11,-0.0092349827532707,2022,2021-12-31,learned_order_extension,20260911,0.5074843163264047,0.5074843163264047,1,0,0.02993950152044461,0.5074843163264047,2022-06-30,2021-12-31,nonnegative_high,3035,3040
rolling5_annual20,2779,2022-07-08,2022-07-18,-0.0326815927737367,2022,2021-12-31,learned_order_extension,20260911,0.5121847716177591,0.5121847716177591,1,0,0.048748738212861464,0.5121847716177591,2022-06-30,2021-12-31,nonnegative_high,3040,3045
rolling5_annual20,2784,2022-07-15,2022-07-25,-0.0066210715249344,2022,2021-12-31,learned_order_extension,20260911,0.2684864364550306,0.2684864364550306,0,0,-1.0023153657098804,0.2684864364550306,2022-06-30,2021-12-31,nonnegative_high,3045,3050
rolling5_annual20,2789,2022-07-22,2022-08-01,-0.0173077967751003,2022,2021-12-31,learned_order_extension,20260911,0.2677542813034704,0.2677542813034704,0,0,-1.00604643978342,0.2677542813034704,2022-06-30,2021-12-31,nonnegative_low,3050,3055
rolling5_annual20,2794,2022-07-29,2022-08-08,-0.004456034513838,2022,2021-12-31,learned_order_extension,20260911,0.5491944105847139,0.5491944105847139,1,0,0.19741631549616184,0.5491944105847139,2022-06-30,2021-12-31,nonnegative_low,3055,3060
rolling5_annual20,2799,2022-08-05,2022-08-15,0.0091475117753996,2022,2021-12-31,learned_order_extension,20260911,0.777138078827454,0.777138078827454,1,1,1.249065650090887,0.777138078827454,2022-06-30,2021-12-31,nonnegative_low,3060,3065
rolling5_annual20,2804,2022-08-12,2022-08-22,-0.0107272727272728,2022,2021-12-31,learned_order_extension,20260911,0.7974960640657842,0.7974960640657842,1,0,1.3707175762362311,0.7974960640657842,2022-06-30,2021-12-31,nonnegative_low,3065,3070
rolling5_annual20,2809,2022-08-19,2022-08-29,-0.0172375434082356,2022,2021-12-31,learned_order_extension,20260911,0.7637706546439285,0.7637706546439285,1,0,1.173464418356132,0.7637706546439285,2022-06-30,2021-12-31,nonnegative_low,3070,3075
rolling5_annual20,2814,2022-08-26,2022-09-05,-0.0131573766941938,2022,2021-12-31,learned_order_extension,20260911,0.8226540126203189,0.8226540126203189,1,0,1.5344331589650217,0.8226540126203189,2022-06-30,2021-12-31,nonnegative_high,3075,3080
rolling5_annual20,2819,2022-09-02,2022-09-13,0.0253340680878015,2022,2021-12-31,learned_order_extension,20260911,0.7276803329800616,0.7276803329800616,1,1,0.982885226081954,0.7276803329800616,2022-06-30,2021-12-31,negative_low,3080,3085
rolling5_annual20,2824,2022-09-09,2022-09-19,-0.044647264962877,2022,2021-12-31,learned_order_extension,20260911,0.6403269116194389,0.6403269116194389,1,0,0.5767833142886372,0.6403269116194389,2022-06-30,2021-12-31,negative_low,3085,3089
rolling5_annual20,2828,2022-09-16,2022-09-26,-0.025155151434928,2022,2021-12-31,learned_order_extension,20260911,0.672911792764146,0.672911792764146,1,0,0.7213843739047767,0.672911792764146,2022-06-30,2021-12-31,negative_low,3089,3094
rolling5_annual20,2833,2022-09-23,2022-10-10,-0.0060162941299352,2022,2021-12-31,learned_order_extension,20260911,0.8103058077398577,0.8103058077398577,1,0,1.451998455755278,0.8103058077398577,2022-06-30,2021-12-31,negative_low,3094,3099
rolling5_annual20,2838,2022-09-30,2022-10-17,0.0041192047412885,2022,2021-12-31,learned_order_extension,20260911,0.6385508768739941,0.6385508768739941,1,1,0.5690800607145452,0.6385508768739941,2022-06-30,2021-12-31,negative_low,3099,3104
rolling5_annual20,2843,2022-10-14,2022-10-24,-0.0246766294110258,2022,2021-12-31,learned_order_extension,20260911,0.6040798099433027,0.6040798099433027,1,0,0.4224936741917385,0.6040798099433027,2022-09-30,2021-12-31,negative_high,3104,3109
rolling5_annual20,2848,2022-10-21,2022-10-31,-0.059928861134359,2022,2021-12-31,learned_order_extension,20260911,0.7460757510851368,0.7460757510851368,1,0,1.0777911481384885,0.7460757510851368,2022-09-30,2021-12-31,negative_high,3109,3114
rolling5_annual20,2853,2022-10-28,2022-11-07,0.071339502526744,2022,2021-12-31,learned_order_extension,20260911,0.617431468121719,0.617431468121719,1,1,0.47866027401715294,0.617431468121719,2022-09-30,2021-12-31,negative_high,3114,3119
rolling5_annual20,2858,2022-11-04,2022-11-14,0.0169449090696014,2022,2021-12-31,learned_order_extension,20260911,0.23004652965456976,0.23004652965456976,0,1,-1.2080484935903697,0.23004652965456976,2022-09-30,2021-12-31,negative_high,3119,3124
rolling5_annual20,2863,2022-11-11,2022-11-21,-0.0127051391515239,2022,2021-12-31,learned_order_extension,20260911,0.4001949641411597,0.4001949641411597,0,0,-0.40465282346132403,0.4001949641411597,2022-09-30,2021-12-31,negative_high,3124,3129
rolling5_annual20,2868,2022-11-18,2022-11-28,-0.0179672806084416,2022,2021-12-31,learned_order_extension,20260911,0.30403744962658297,0.30403744962658297,0,0,-0.8281449685718898,0.30403744962658297,2022-09-30,2021-12-31,negative_high,3129,3134
rolling5_annual20,2873,2022-11-25,2022-12-05,0.0555768659337096,2022,2021-12-31,learned_order_extension,20260911,0.4839806901293675,0.4839806901293675,0,1,-0.0640991775174552,0.4839806901293675,2022-09-30,2021-12-31,negative_high,3134,3139
rolling5_annual20,2878,2022-12-02,2022-12-12,0.0175374394775362,2022,2021-12-31,learned_order_extension,20260911,0.6025716211552316,0.6025716211552316,1,1,0.4161917927333048,0.6025716211552316,2022-09-30,2021-12-31,negative_high,3139,3144
rolling5_annual20,2883,2022-12-09,2022-12-19,-0.0058850602464181,2022,2021-12-31,learned_order_extension,20260911,0.544959524525394,0.544959524525394,1,0,0.1803251528978871,0.544959524525394,2022-09-30,2021-12-31,negative_high,3144,3149
rolling5_annual20,2888,2022-12-16,2022-12-26,-0.0309150292073658,2022,2021-12-31,learned_order_extension,20260911,0.4782827682771969,0.4782827682771969,0,0,-0.0869236164097556,0.4782827682771969,2022-09-30,2021-12-31,nonnegative_low,3149,3154
rolling5_annual20,2893,2022-12-23,2023-01-03,0.0089464492229616,2022,2021-12-31,learned_order_extension,20260911,0.5868134156375693,0.5868134156375693,1,1,0.3508076393182416,0.5868134156375693,2022-09-30,2021-12-31,negative_high,3154,3159
rolling5_annual20,2898,2022-12-30,2023-01-09,0.0345913414268119,2022,2021-12-31,learned_order_extension,20260911,0.3072064907465254,0.3072064907465254,0,1,-0.8132118585613918,0.3072064907465254,2022-09-30,2021-12-31,nonnegative_low,3159,3163
rolling5_annual20,2660,2022-01-07,2022-01-17,-0.0173453887283024,2022,2021-12-31,learned_order_offset,20260911,0.7303915631000331,0.7303915631000331,1,0,0.9966101054583381,0.7303915631000331,2021-12-31,2021-12-31,negative_low,2921,2926
rolling5_annual20,2665,2022-01-14,2022-01-24,0.0053248631776616,2022,2021-12-31,learned_order_offset,20260911,0.8287429062191539,0.8287429062191539,1,1,1.5767440820263503,0.8287429062191539,2021-12-31,2021-12-31,negative_low,2926,2931
rolling5_annual20,2670,2022-01-21,2022-02-07,-0.0242661876254222,2022,2021-12-31,learned_order_offset,20260911,0.6946014374965778,0.6946014374965778,1,0,0.8217205239963846,0.6946014374965778,2021-12-31,2021-12-31,negative_low,2931,2936
rolling5_annual20,2675,2022-01-28,2022-02-14,-0.0127539031341488,2022,2021-12-31,learned_order_offset,20260911,0.47036190476294487,0.47036190476294487,0,0,-0.11869152559762461,0.47036190476294487,2021-12-31,2021-12-31,negative_high,2936,2941
rolling5_annual20,2680,2022-02-11,2022-02-21,0.0145498774954033,2022,2021-12-31,learned_order_offset,20260911,0.6802368405234962,0.6802368405234962,1,1,0.7548604372881538,0.6802368405234962,2021-12-31,2021-12-31,negative_high,2941,2946
rolling5_annual20,2685,2022-02-18,2022-02-28,-0.0177161244498015,2022,2021-12-31,learned_order_offset,20260911,0.596796587857382,0.596796587857382,1,0,0.3921351520994052,0.596796587857382,2021-12-31,2021-12-31,negative_high,2946,2951
rolling5_annual20,2690,2022-02-25,2022-03-07,-0.0221791776043331,2022,2021-12-31,learned_order_offset,20260911,0.6102898323949857,0.6102898323949857,1,0,0.448530676543899,0.6102898323949857,2021-12-31,2021-12-31,negative_high,2951,2956
rolling5_annual20,2695,2022-03-04,2022-03-14,-0.0480378799422749,2022,2021-12-31,learned_order_offset,20260911,0.6602950267381666,0.6602950267381666,1,0,0.6646092301326694,0.6602950267381666,2021-12-31,2021-12-31,negative_low,2956,2961
rolling5_annual20,2700,2022-03-11,2022-03-21,0.007530336734814,2022,2021-12-31,learned_order_offset,20260911,0.6664417620027226,0.6664417620027226,1,1,0.692135280171676,0.6664417620027226,2021-12-31,2021-12-31,negative_high,2961,2966
rolling5_annual20,2705,2022-03-18,2022-03-28,-0.0353493110038457,2022,2021-12-31,learned_order_offset,20260911,0.5665934515797131,0.5665934515797131,1,0,0.2679658315314236,0.5665934515797131,2021-12-31,2021-12-31,negative_high,2966,2971
rolling5_annual20,2710,2022-03-25,2022-04-06,0.0314834190717003,2022,2021-12-31,learned_order_offset,20260911,0.7312694881776368,0.7312694881776368,1,1,1.0010729860270322,0.7312694881776368,2021-12-31,2021-12-31,negative_high,2971,2976
rolling5_annual20,2715,2022-04-01,2022-04-12,-0.0129237372705649,2022,2021-12-31,learned_order_offset,20260911,0.7324670213429436,0.7324670213429436,1,0,1.0071754743838806,0.7324670213429436,2022-03-31,2021-12-31,negative_high,2976,2979
rolling5_annual20,2718,2022-04-08,2022-04-18,-0.0120986062576864,2022,2021-12-31,learned_order_offset,20260911,0.5743123235952446,0.5743123235952446,1,0,0.29946744270181214,0.5743123235952446,2022-03-31,2021-12-31,negative_high,2979,2984
rolling5_annual20,2723,2022-04-15,2022-04-25,-0.0528494340140576,2022,2021-12-31,learned_order_offset,20260911,0.789920397567569,0.789920397567569,1,0,1.3244456597167495,0.789920397567569,2022-03-31,2021-12-31,negative_high,2984,2989
rolling5_annual20,2728,2022-04-22,2022-05-05,0.015736821365468,2022,2021-12-31,learned_order_offset,20260911,0.7438162541041152,0.7438162541041152,1,1,1.0658990896200338,0.7438162541041152,2022-03-31,2021-12-31,negative_high,2989,2994
rolling5_annual20,2733,2022-04-29,2022-05-11,-0.0278824133054675,2022,2021-12-31,learned_order_offset,20260911,0.5113015107739602,0.5113015107739602,1,0,0.04521374399424713,0.5113015107739602,2022-03-31,2021-12-31,negative_high,2994,2996
rolling5_annual20,2735,2022-05-06,2022-05-16,0.033741423035827,2022,2021-12-31,learned_order_offset,20260911,0.3890720337526808,0.3890720337526808,0,1,-0.45121455415508704,0.3890720337526808,2022-03-31,2021-12-31,negative_high,2996,3001
rolling5_annual20,2740,2022-05-13,2022-05-23,0.0164308841843088,2022,2021-12-31,learned_order_offset,20260911,0.4890167561559044,0.4890167561559044,0,1,-0.04394004369902649,0.4890167561559044,2022-03-31,2021-12-31,negative_high,3001,3006
rolling5_annual20,2745,2022-05-20,2022-05-30,-0.0147293413085614,2022,2021-12-31,learned_order_offset,20260911,0.5443348672271099,0.5443348672271099,1,0,0.1778064404420751,0.5443348672271099,2022-03-31,2021-12-31,negative_high,3006,3011
rolling5_annual20,2750,2022-05-27,2022-06-13,0.0431748431927498,2022,2021-12-31,learned_order_offset,20260911,0.6058889369805722,0.6058889369805722,1,1,0.4300639415519085,0.6058889369805722,2022-03-31,2021-12-31,negative_high,3011,3020
rolling5_annual20,2759,2022-06-10,2022-06-20,0.0306046547112142,2022,2021-12-31,learned_order_offset,20260911,0.3203786258296504,0.3203786258296504,0,1,-0.7520323383320979,0.3203786258296504,2022-03-31,2021-12-31,negative_high,3020,3025
rolling5_annual20,2764,2022-06-17,2022-06-27,0.0211666894141107,2022,2021-12-31,learned_order_offset,20260911,0.3393918095171554,0.3393918095171554,0,1,-0.6660056911637051,0.3393918095171554,2022-03-31,2021-12-31,nonnegative_high,3025,3030
rolling5_annual20,2769,2022-06-24,2022-07-04,0.0074507343130214,2022,2021-12-31,learned_order_offset,20260911,0.4655557857250781,0.4655557857250781,0,1,-0.13799542511548601,0.4655557857250781,2022-03-31,2021-12-31,nonnegative_low,3030,3035
rolling5_annual20,2774,2022-07-01,2022-07-11,-0.0092349827532707,2022,2021-12-31,learned_order_offset,20260911,0.5070250526739909,0.5070250526739909,1,0,0.028102059960010528,0.5070250526739909,2022-06-30,2021-12-31,nonnegative_high,3035,3040
rolling5_annual20,2779,2022-07-08,2022-07-18,-0.0326815927737367,2022,2021-12-31,learned_order_offset,20260911,0.5121244968373462,0.5121244968373462,1,0,0.048507496531429495,0.5121244968373462,2022-06-30,2021-12-31,nonnegative_high,3040,3045
rolling5_annual20,2784,2022-07-15,2022-07-25,-0.0066210715249344,2022,2021-12-31,learned_order_offset,20260911,0.27002224125244795,0.27002224125244795,0,0,-0.9945097355943807,0.27002224125244795,2022-06-30,2021-12-31,nonnegative_high,3045,3050
rolling5_annual20,2789,2022-07-22,2022-08-01,-0.0173077967751003,2022,2021-12-31,learned_order_offset,20260911,0.2693979955700283,0.2693979955700283,0,0,-0.9976790342971709,0.2693979955700283,2022-06-30,2021-12-31,nonnegative_low,3050,3055
rolling5_annual20,2794,2022-07-29,2022-08-08,-0.004456034513838,2022,2021-12-31,learned_order_offset,20260911,0.5493720737942515,0.5493720737942515,1,0,0.1981339403198118,0.5493720737942515,2022-06-30,2021-12-31,nonnegative_low,3055,3060
rolling5_annual20,2799,2022-08-05,2022-08-15,0.0091475117753996,2022,2021-12-31,learned_order_offset,20260911,0.7763427204784161,0.7763427204784161,1,1,1.2444791947148204,0.7763427204784161,2022-06-30,2021-12-31,nonnegative_low,3060,3065
rolling5_annual20,2804,2022-08-12,2022-08-22,-0.0107272727272728,2022,2021-12-31,learned_order_offset,20260911,0.7964144422108967,0.7964144422108967,1,0,1.3640333584716742,0.7964144422108967,2022-06-30,2021-12-31,nonnegative_low,3065,3070
rolling5_annual20,2809,2022-08-19,2022-08-29,-0.0172375434082356,2022,2021-12-31,learned_order_offset,20260911,0.7629768652536982,0.7629768652536982,1,0,1.1690699587219573,0.7629768652536982,2022-06-30,2021-12-31,nonnegative_low,3070,3075
rolling5_annual20,2814,2022-08-26,2022-09-05,-0.0131573766941938,2022,2021-12-31,learned_order_offset,20260911,0.8221287067625676,0.8221287067625676,1,0,1.5308367433193824,0.8221287067625676,2022-06-30,2021-12-31,nonnegative_high,3075,3080
rolling5_annual20,2819,2022-09-02,2022-09-13,0.0253340680878015,2022,2021-12-31,learned_order_offset,20260911,0.7281487114609698,0.7281487114609698,1,1,0.9852501178499924,0.7281487114609698,2022-06-30,2021-12-31,negative_low,3080,3085
rolling5_annual20,2824,2022-09-09,2022-09-19,-0.044647264962877,2022,2021-12-31,learned_order_offset,20260911,0.6402873789680222,0.6402873789680222,1,0,0.5766116674597142,0.6402873789680222,2022-06-30,2021-12-31,negative_low,3085,3089
rolling5_annual20,2828,2022-09-16,2022-09-26,-0.025155151434928,2022,2021-12-31,learned_order_offset,20260911,0.6729215132790227,0.6729215132790227,1,0,0.7214285380226149,0.6729215132790227,2022-06-30,2021-12-31,negative_low,3089,3094
rolling5_annual20,2833,2022-09-23,2022-10-10,-0.0060162941299352,2022,2021-12-31,learned_order_offset,20260911,0.8081806233925085,0.8081806233925085,1,0,1.438231394929735,0.8081806233925085,2022-06-30,2021-12-31,negative_low,3094,3099
rolling5_annual20,2838,2022-09-30,2022-10-17,0.0041192047412885,2022,2021-12-31,learned_order_offset,20260911,0.6388405343021406,0.6388405343021406,1,1,0.5703352741182169,0.6388405343021406,2022-06-30,2021-12-31,negative_low,3099,3104
rolling5_annual20,2843,2022-10-14,2022-10-24,-0.0246766294110258,2022,2021-12-31,learned_order_offset,20260911,0.6039684511962653,0.6039684511962653,1,0,0.42202808667445396,0.6039684511962653,2022-09-30,2021-12-31,negative_high,3104,3109
rolling5_annual20,2848,2022-10-21,2022-10-31,-0.059928861134359,2022,2021-12-31,learned_order_offset,20260911,0.7450194088842416,0.7450194088842416,1,0,1.0722228412436912,0.7450194088842416,2022-09-30,2021-12-31,negative_high,3109,3114
rolling5_annual20,2853,2022-10-28,2022-11-07,0.071339502526744,2022,2021-12-31,learned_order_offset,20260911,0.6172868621197211,0.6172868621197211,1,1,0.4780481250688716,0.6172868621197211,2022-09-30,2021-12-31,negative_high,3114,3119
rolling5_annual20,2858,2022-11-04,2022-11-14,0.0169449090696014,2022,2021-12-31,learned_order_offset,20260911,0.2288997396561917,0.2288997396561917,0,1,-1.214534314876695,0.2288997396561917,2022-09-30,2021-12-31,negative_high,3119,3124
rolling5_annual20,2863,2022-11-11,2022-11-21,-0.0127051391515239,2022,2021-12-31,learned_order_offset,20260911,0.39873151134177104,0.39873151134177104,0,0,-0.41075328483122486,0.39873151134177104,2022-09-30,2021-12-31,negative_high,3124,3129
rolling5_annual20,2868,2022-11-18,2022-11-28,-0.0179672806084416,2022,2021-12-31,learned_order_offset,20260911,0.3021649857617269,0.3021649857617269,0,0,-0.8370095268656812,0.3021649857617269,2022-09-30,2021-12-31,negative_high,3129,3134
rolling5_annual20,2873,2022-11-25,2022-12-05,0.0555768659337096,2022,2021-12-31,learned_order_offset,20260911,0.4818279173695329,0.4818279173695329,0,1,-0.07272036054265818,0.4818279173695329,2022-09-30,2021-12-31,negative_high,3134,3139
rolling5_annual20,2878,2022-12-02,2022-12-12,0.0175374394775362,2022,2021-12-31,learned_order_offset,20260911,0.6005376182272921,0.6005376182272921,1,1,0.407705686899015,0.6005376182272921,2022-09-30,2021-12-31,negative_high,3139,3144
rolling5_annual20,2883,2022-12-09,2022-12-19,-0.0058850602464181,2022,2021-12-31,learned_order_offset,20260911,0.5449944358245183,0.5449944358245183,1,0,0.18046593728155028,0.5449944358245183,2022-09-30,2021-12-31,negative_high,3144,3149
rolling5_annual20,2888,2022-12-16,2022-12-26,-0.0309150292073658,2022,2021-12-31,learned_order_offset,20260911,0.4788884926887394,0.4788884926887394,0,0,-0.0844962659734777,0.4788884926887394,2022-09-30,2021-12-31,nonnegative_low,3149,3154
rolling5_annual20,2893,2022-12-23,2023-01-03,0.0089464492229616,2022,2021-12-31,learned_order_offset,20260911,0.5860352502699303,0.5860352502699303,1,1,0.3475991171913983,0.5860352502699303,2022-09-30,2021-12-31,negative_high,3154,3159
rolling5_annual20,2898,2022-12-30,2023-01-09,0.0345913414268119,2022,2021-12-31,learned_order_offset,20260911,0.308675753062318,0.308675753062318,0,1,-0.8063175736316066,0.308675753062318,2022-09-30,2021-12-31,nonnegative_low,3159,3163
rolling5_annual20,2660,2022-01-07,2022-01-17,-0.0173453887283024,2022,2021-12-31,learned_market,20260912,0.7009067848418016,0.7009067848418016,1,0,0.8516196224579212,0.7009067848418016,2021-12-31,2021-12-31,negative_low,2921,2926
rolling5_annual20,2665,2022-01-14,2022-01-24,0.0053248631776616,2022,2021-12-31,learned_market,20260912,0.5203651032719439,0.5203651032719439,1,1,0.08150550422194662,0.5203651032719439,2021-12-31,2021-12-31,negative_low,2926,2931
rolling5_annual20,2670,2022-01-21,2022-02-07,-0.0242661876254222,2022,2021-12-31,learned_market,20260912,0.7176249995689795,0.7176249995689795,1,0,0.9327111715726013,0.7176249995689795,2021-12-31,2021-12-31,negative_low,2931,2936
rolling5_annual20,2675,2022-01-28,2022-02-14,-0.0127539031341488,2022,2021-12-31,learned_market,20260912,0.5468589290358572,0.5468589290358572,1,0,0.18798737783886282,0.5468589290358572,2021-12-31,2021-12-31,negative_high,2936,2941
rolling5_annual20,2680,2022-02-11,2022-02-21,0.0145498774954033,2022,2021-12-31,learned_market,20260912,0.6301827176961465,0.6301827176961465,1,1,0.533000753372609,0.6301827176961465,2021-12-31,2021-12-31,negative_high,2941,2946
rolling5_annual20,2685,2022-02-18,2022-02-28,-0.0177161244498015,2022,2021-12-31,learned_market,20260912,0.7133251277073638,0.7133251277073638,1,0,0.9115885916212342,0.7133251277073638,2021-12-31,2021-12-31,negative_high,2946,2951
rolling5_annual20,2690,2022-02-25,2022-03-07,-0.0221791776043331,2022,2021-12-31,learned_market,20260912,0.7021196640037924,0.7021196640037924,1,0,0.8574120022426848,0.7021196640037924,2021-12-31,2021-12-31,negative_high,2951,2956
rolling5_annual20,2695,2022-03-04,2022-03-14,-0.0480378799422749,2022,2021-12-31,learned_market,20260912,0.719986373445646,0.719986373445646,1,0,0.9443940178104349,0.719986373445646,2021-12-31,2021-12-31,negative_low,2956,2961
rolling5_annual20,2700,2022-03-11,2022-03-21,0.007530336734814,2022,2021-12-31,learned_market,20260912,0.6467498960464059,0.6467498960464059,1,1,0.6047833444915742,0.6467498960464059,2021-12-31,2021-12-31,negative_high,2961,2966
rolling5_annual20,2705,2022-03-18,2022-03-28,-0.0353493110038457,2022,2021-12-31,learned_market,20260912,0.6307138428823564,0.6307138428823564,1,0,0.5352804248261951,0.6307138428823564,2021-12-31,2021-12-31,negative_high,2966,2971
rolling5_annual20,2710,2022-03-25,2022-04-06,0.0314834190717003,2022,2021-12-31,learned_market,20260912,0.5581715372656506,0.5581715372656506,1,1,0.23374461620496118,0.5581715372656506,2021-12-31,2021-12-31,negative_high,2971,2976
rolling5_annual20,2715,2022-04-01,2022-04-12,-0.0129237372705649,2022,2021-12-31,learned_market,20260912,0.5905723686816398,0.5905723686816398,1,0,0.366332019872291,0.5905723686816398,2022-03-31,2021-12-31,negative_high,2976,2979
rolling5_annual20,2718,2022-04-08,2022-04-18,-0.0120986062576864,2022,2021-12-31,learned_market,20260912,0.5651619134469777,0.5651619134469777,1,0,0.26213851558600487,0.5651619134469777,2022-03-31,2021-12-31,negative_high,2979,2984
rolling5_annual20,2723,2022-04-15,2022-04-25,-0.0528494340140576,2022,2021-12-31,learned_market,20260912,0.5782075738978683,0.5782075738978683,1,0,0.3154196168452597,0.5782075738978683,2022-03-31,2021-12-31,negative_high,2984,2989
rolling5_annual20,2728,2022-04-22,2022-05-05,0.015736821365468,2022,2021-12-31,learned_market,20260912,0.5086735366407256,0.5086735366407256,1,1,0.03469762725656955,0.5086735366407256,2022-03-31,2021-12-31,negative_high,2989,2994
rolling5_annual20,2733,2022-04-29,2022-05-11,-0.0278824133054675,2022,2021-12-31,learned_market,20260912,0.354488852979164,0.354488852979164,0,0,-0.5993655778224666,0.354488852979164,2022-03-31,2021-12-31,negative_high,2994,2996
rolling5_annual20,2735,2022-05-06,2022-05-16,0.033741423035827,2022,2021-12-31,learned_market,20260912,0.43196496938917867,0.43196496938917867,0,1,-0.2738385948507256,0.43196496938917867,2022-03-31,2021-12-31,negative_high,2996,3001
rolling5_annual20,2740,2022-05-13,2022-05-23,0.0164308841843088,2022,2021-12-31,learned_market,20260912,0.4392929502217229,0.4392929502217229,0,1,-0.2440320731248066,0.4392929502217229,2022-03-31,2021-12-31,negative_high,3001,3006
rolling5_annual20,2745,2022-05-20,2022-05-30,-0.0147293413085614,2022,2021-12-31,learned_market,20260912,0.4708416760329488,0.4708416760329488,0,0,-0.1167657830393605,0.4708416760329488,2022-03-31,2021-12-31,negative_high,3006,3011
rolling5_annual20,2750,2022-05-27,2022-06-13,0.0431748431927498,2022,2021-12-31,learned_market,20260912,0.4574571545139993,0.4574571545139993,0,1,-0.17058383115591166,0.4574571545139993,2022-03-31,2021-12-31,negative_high,3011,3020
rolling5_annual20,2759,2022-06-10,2022-06-20,0.0306046547112142,2022,2021-12-31,learned_market,20260912,0.3474663460356004,0.3474663460356004,0,1,-0.6301949004494796,0.3474663460356004,2022-03-31,2021-12-31,negative_high,3020,3025
rolling5_annual20,2764,2022-06-17,2022-06-27,0.0211666894141107,2022,2021-12-31,learned_market,20260912,0.3212471828605167,0.3212471828605167,0,1,-0.7480461548560808,0.3212471828605167,2022-03-31,2021-12-31,nonnegative_high,3025,3030
rolling5_annual20,2769,2022-06-24,2022-07-04,0.0074507343130214,2022,2021-12-31,learned_market,20260912,0.4025755619428385,0.4025755619428385,0,1,-0.3947450015315632,0.4025755619428385,2022-03-31,2021-12-31,nonnegative_low,3030,3035
rolling5_annual20,2774,2022-07-01,2022-07-11,-0.0092349827532707,2022,2021-12-31,learned_market,20260912,0.3925821543273538,0.3925821543273538,0,0,-0.4364711069009073,0.3925821543273538,2022-06-30,2021-12-31,nonnegative_high,3035,3040
rolling5_annual20,2779,2022-07-08,2022-07-18,-0.0326815927737367,2022,2021-12-31,learned_market,20260912,0.4605216629741631,0.4605216629741631,0,0,-0.15824273321566235,0.4605216629741631,2022-06-30,2021-12-31,nonnegative_high,3040,3045
rolling5_annual20,2784,2022-07-15,2022-07-25,-0.0066210715249344,2022,2021-12-31,learned_market,20260912,0.5098027754769087,0.5098027754769087,1,0,0.03921612702339433,0.5098027754769087,2022-06-30,2021-12-31,nonnegative_high,3045,3050
rolling5_annual20,2789,2022-07-22,2022-08-01,-0.0173077967751003,2022,2021-12-31,learned_market,20260912,0.5524679777609933,0.5524679777609933,1,0,0.21064737967785402,0.5524679777609933,2022-06-30,2021-12-31,nonnegative_low,3050,3055
rolling5_annual20,2794,2022-07-29,2022-08-08,-0.004456034513838,2022,2021-12-31,learned_market,20260912,0.7218475045000325,0.7218475045000325,1,0,0.9536443957217132,0.7218475045000325,2022-06-30,2021-12-31,nonnegative_low,3055,3060
rolling5_annual20,2799,2022-08-05,2022-08-15,0.0091475117753996,2022,2021-12-31,learned_market,20260912,0.6532039852224342,0.6532039852224342,1,1,0.633152708726882,0.6532039852224342,2022-06-30,2021-12-31,nonnegative_low,3060,3065
rolling5_annual20,2804,2022-08-12,2022-08-22,-0.0107272727272728,2022,2021-12-31,learned_market,20260912,0.5709775205876944,0.5709775205876944,1,0,0.28584052326545045,0.5709775205876944,2022-06-30,2021-12-31,nonnegative_low,3065,3070
rolling5_annual20,2809,2022-08-19,2022-08-29,-0.0172375434082356,2022,2021-12-31,learned_market,20260912,0.5697718161826372,0.5697718161826372,1,0,0.2809202302138173,0.5697718161826372,2022-06-30,2021-12-31,nonnegative_low,3070,3075
rolling5_annual20,2814,2022-08-26,2022-09-05,-0.0131573766941938,2022,2021-12-31,learned_market,20260912,0.6007938734692848,0.6007938734692848,1,0,0.4087740117694169,0.6007938734692848,2022-06-30,2021-12-31,nonnegative_high,3075,3080
rolling5_annual20,2819,2022-09-02,2022-09-13,0.0253340680878015,2022,2021-12-31,learned_market,20260912,0.6776668778650508,0.6776668778650508,1,1,0.7430702850478066,0.6776668778650508,2022-06-30,2021-12-31,negative_low,3080,3085
rolling5_annual20,2824,2022-09-09,2022-09-19,-0.044647264962877,2022,2021-12-31,learned_market,20260912,0.7725381912044669,0.7725381912044669,1,0,1.2226990951297882,0.7725381912044669,2022-06-30,2021-12-31,negative_low,3085,3089
rolling5_annual20,2828,2022-09-16,2022-09-26,-0.025155151434928,2022,2021-12-31,learned_market,20260912,0.7541769397244196,0.7541769397244196,1,0,1.121014998584044,0.7541769397244196,2022-06-30,2021-12-31,negative_low,3089,3094
rolling5_annual20,2833,2022-09-23,2022-10-10,-0.0060162941299352,2022,2021-12-31,learned_market,20260912,0.7274092875597576,0.7274092875597576,1,0,0.9815178522348329,0.7274092875597576,2022-06-30,2021-12-31,negative_low,3094,3099
rolling5_annual20,2838,2022-09-30,2022-10-17,0.0041192047412885,2022,2021-12-31,learned_market,20260912,0.701145229530902,0.701145229530902,1,1,0.8527573024742177,0.701145229530902,2022-06-30,2021-12-31,negative_low,3099,3104
rolling5_annual20,2843,2022-10-14,2022-10-24,-0.0246766294110258,2022,2021-12-31,learned_market,20260912,0.5970595273904789,0.5970595273904789,1,0,0.3932279789035857,0.5970595273904789,2022-09-30,2021-12-31,negative_high,3104,3109
rolling5_annual20,2848,2022-10-21,2022-10-31,-0.059928861134359,2022,2021-12-31,learned_market,20260912,0.6553886906733675,0.6553886906733675,1,0,0.6428113382431924,0.6553886906733675,2022-09-30,2021-12-31,negative_high,3109,3114
rolling5_annual20,2853,2022-10-28,2022-11-07,0.071339502526744,2022,2021-12-31,learned_market,20260912,0.536234004877414,0.536234004877414,1,1,0.14519053790572134,0.536234004877414,2022-09-30,2021-12-31,negative_high,3114,3119
rolling5_annual20,2858,2022-11-04,2022-11-14,0.0169449090696014,2022,2021-12-31,learned_market,20260912,0.4957647389493266,0.4957647389493266,0,1,-0.01694144939200236,0.4957647389493266,2022-09-30,2021-12-31,negative_high,3119,3124
rolling5_annual20,2863,2022-11-11,2022-11-21,-0.0127051391515239,2022,2021-12-31,learned_market,20260912,0.49717853346026714,0.49717853346026714,0,0,-0.011285985952013494,0.49717853346026714,2022-09-30,2021-12-31,negative_high,3124,3129
rolling5_annual20,2868,2022-11-18,2022-11-28,-0.0179672806084416,2022,2021-12-31,learned_market,20260912,0.39757537516440544,0.39757537516440544,0,0,-0.41557801435802344,0.39757537516440544,2022-09-30,2021-12-31,negative_high,3129,3134
rolling5_annual20,2873,2022-11-25,2022-12-05,0.0555768659337096,2022,2021-12-31,learned_market,20260912,0.4703283336277873,0.4703283336277873,0,1,-0.11882628417150998,0.4703283336277873,2022-09-30,2021-12-31,negative_high,3134,3139
rolling5_annual20,2878,2022-12-02,2022-12-12,0.0175374394775362,2022,2021-12-31,learned_market,20260912,0.46280647087624205,0.46280647087624205,0,1,-0.14904944177778331,0.46280647087624205,2022-09-30,2021-12-31,negative_high,3139,3144
rolling5_annual20,2883,2022-12-09,2022-12-19,-0.0058850602464181,2022,2021-12-31,learned_market,20260912,0.5138988126075588,0.5138988126075588,1,0,0.05560957670382685,0.5138988126075588,2022-09-30,2021-12-31,negative_high,3144,3149
rolling5_annual20,2888,2022-12-16,2022-12-26,-0.0309150292073658,2022,2021-12-31,learned_market,20260912,0.6075433752083854,0.6075433752083854,1,0,0.4369975511551397,0.6075433752083854,2022-09-30,2021-12-31,nonnegative_low,3149,3154
rolling5_annual20,2893,2022-12-23,2023-01-03,0.0089464492229616,2022,2021-12-31,learned_market,20260912,0.4612100469329253,0.4612100469329253,0,1,-0.15547222500604907,0.4612100469329253,2022-09-30,2021-12-31,negative_high,3154,3159
rolling5_annual20,2898,2022-12-30,2023-01-09,0.0345913414268119,2022,2021-12-31,learned_market,20260912,0.4443371333138752,0.4443371333138752,0,1,-0.22357817189377216,0.4443371333138752,2022-09-30,2021-12-31,nonnegative_low,3159,3163
rolling5_annual20,2660,2022-01-07,2022-01-17,-0.0173453887283024,2022,2021-12-31,learned_vol_interaction,20260912,0.7072606777672634,0.7072606777672634,1,0,0.8821167798533155,0.7072606777672634,2021-12-31,2021-12-31,negative_low,2921,2926
rolling5_annual20,2665,2022-01-14,2022-01-24,0.0053248631776616,2022,2021-12-31,learned_vol_interaction,20260912,0.5232340507750105,0.5232340507750105,1,1,0.09300318179687547,0.5232340507750105,2021-12-31,2021-12-31,negative_low,2926,2931
rolling5_annual20,2670,2022-01-21,2022-02-07,-0.0242661876254222,2022,2021-12-31,learned_vol_interaction,20260912,0.723517227135196,0.723517227135196,1,0,0.9619758418826644,0.723517227135196,2021-12-31,2021-12-31,negative_low,2931,2936
rolling5_annual20,2675,2022-01-28,2022-02-14,-0.0127539031341488,2022,2021-12-31,learned_vol_interaction,20260912,0.5573504263949657,0.5573504263949657,1,0,0.23041574709651266,0.5573504263949657,2021-12-31,2021-12-31,negative_high,2936,2941
rolling5_annual20,2680,2022-02-11,2022-02-21,0.0145498774954033,2022,2021-12-31,learned_vol_interaction,20260912,0.6206875889696911,0.6206875889696911,1,1,0.4924677089632019,0.6206875889696911,2021-12-31,2021-12-31,negative_high,2941,2946
rolling5_annual20,2685,2022-02-18,2022-02-28,-0.0177161244498015,2022,2021-12-31,learned_vol_interaction,20260912,0.7137718136904925,0.7137718136904925,1,0,0.913773975659054,0.7137718136904925,2021-12-31,2021-12-31,negative_high,2946,2951
rolling5_annual20,2690,2022-02-25,2022-03-07,-0.0221791776043331,2022,2021-12-31,learned_vol_interaction,20260912,0.6900080859244496,0.6900080859244496,1,0,0.8001571027419763,0.6900080859244496,2021-12-31,2021-12-31,negative_high,2951,2956
rolling5_annual20,2695,2022-03-04,2022-03-14,-0.0480378799422749,2022,2021-12-31,learned_vol_interaction,20260912,0.7251850433232085,0.7251850433232085,1,0,0.9703288680921156,0.7251850433232085,2021-12-31,2021-12-31,negative_low,2956,2961
rolling5_annual20,2700,2022-03-11,2022-03-21,0.007530336734814,2022,2021-12-31,learned_vol_interaction,20260912,0.6323197465308961,0.6323197465308961,1,1,0.5421815102292761,0.6323197465308961,2021-12-31,2021-12-31,negative_high,2961,2966
rolling5_annual20,2705,2022-03-18,2022-03-28,-0.0353493110038457,2022,2021-12-31,learned_vol_interaction,20260912,0.5933343778810724,0.5933343778810724,1,0,0.37776683459430893,0.5933343778810724,2021-12-31,2021-12-31,negative_high,2966,2971
rolling5_annual20,2710,2022-03-25,2022-04-06,0.0314834190717003,2022,2021-12-31,learned_vol_interaction,20260912,0.5562710543563346,0.5562710543563346,1,1,0.22604179006518135,0.5562710543563346,2021-12-31,2021-12-31,negative_high,2971,2976
rolling5_annual20,2715,2022-04-01,2022-04-12,-0.0129237372705649,2022,2021-12-31,learned_vol_interaction,20260912,0.5637358072675225,0.5637358072675225,1,0,0.2563377084496802,0.5637358072675225,2022-03-31,2021-12-31,negative_high,2976,2979
rolling5_annual20,2718,2022-04-08,2022-04-18,-0.0120986062576864,2022,2021-12-31,learned_vol_interaction,20260912,0.5628559944649006,0.5628559944649006,1,0,0.2527611400150596,0.5628559944649006,2022-03-31,2021-12-31,negative_high,2979,2984
rolling5_annual20,2723,2022-04-15,2022-04-25,-0.0528494340140576,2022,2021-12-31,learned_vol_interaction,20260912,0.5747919255172403,0.5747919255172403,1,0,0.3014294705073627,0.5747919255172403,2022-03-31,2021-12-31,negative_high,2984,2989
rolling5_annual20,2728,2022-04-22,2022-05-05,0.015736821365468,2022,2021-12-31,learned_vol_interaction,20260912,0.5170916019143975,0.5170916019143975,1,1,0.06839305486265088,0.5170916019143975,2022-03-31,2021-12-31,negative_high,2989,2994
rolling5_annual20,2733,2022-04-29,2022-05-11,-0.0278824133054675,2022,2021-12-31,learned_vol_interaction,20260912,0.40387814010224393,0.40387814010224393,0,0,-0.38933191003099876,0.40387814010224393,2022-03-31,2021-12-31,negative_high,2994,2996
rolling5_annual20,2735,2022-05-06,2022-05-16,0.033741423035827,2022,2021-12-31,learned_vol_interaction,20260912,0.4773185927787562,0.4773185927787562,0,1,-0.09078793711066346,0.4773185927787562,2022-03-31,2021-12-31,negative_high,2996,3001
rolling5_annual20,2740,2022-05-13,2022-05-23,0.0164308841843088,2022,2021-12-31,learned_vol_interaction,20260912,0.4698933454358381,0.4698933454358381,0,1,-0.12057247697961537,0.4698933454358381,2022-03-31,2021-12-31,negative_high,3001,3006
rolling5_annual20,2745,2022-05-20,2022-05-30,-0.0147293413085614,2022,2021-12-31,learned_vol_interaction,20260912,0.4802495124922596,0.4802495124922596,0,0,-0.07904307816778339,0.4802495124922596,2022-03-31,2021-12-31,negative_high,3006,3011
rolling5_annual20,2750,2022-05-27,2022-06-13,0.0431748431927498,2022,2021-12-31,learned_vol_interaction,20260912,0.4601952965187793,0.4601952965187793,0,1,-0.15955645688996611,0.4601952965187793,2022-03-31,2021-12-31,negative_high,3011,3020
rolling5_annual20,2759,2022-06-10,2022-06-20,0.0306046547112142,2022,2021-12-31,learned_vol_interaction,20260912,0.32387572436005274,0.32387572436005274,0,1,-0.7360170234287692,0.32387572436005274,2022-03-31,2021-12-31,negative_high,3020,3025
rolling5_annual20,2764,2022-06-17,2022-06-27,0.0211666894141107,2022,2021-12-31,learned_vol_interaction,20260912,0.2947636043884615,0.2947636043884615,0,1,-0.8723593654932383,0.2947636043884615,2022-03-31,2021-12-31,nonnegative_high,3025,3030
rolling5_annual20,2769,2022-06-24,2022-07-04,0.0074507343130214,2022,2021-12-31,learned_vol_interaction,20260912,0.374996784204944,0.374996784204944,0,1,-0.5108393445150956,0.374996784204944,2022-03-31,2021-12-31,nonnegative_low,3030,3035
rolling5_annual20,2774,2022-07-01,2022-07-11,-0.0092349827532707,2022,2021-12-31,learned_vol_interaction,20260912,0.3627477495911205,0.3627477495911205,0,0,-0.5634578866890071,0.3627477495911205,2022-06-30,2021-12-31,nonnegative_high,3035,3040
rolling5_annual20,2779,2022-07-08,2022-07-18,-0.0326815927737367,2022,2021-12-31,learned_vol_interaction,20260912,0.4386327346901708,0.4386327346901708,0,0,-0.2467128855011604,0.4386327346901708,2022-06-30,2021-12-31,nonnegative_high,3040,3045
rolling5_annual20,2784,2022-07-15,2022-07-25,-0.0066210715249344,2022,2021-12-31,learned_vol_interaction,20260912,0.48961628460365914,0.48961628460365914,0,0,-0.04154083426828824,0.48961628460365914,2022-06-30,2021-12-31,nonnegative_high,3045,3050
rolling5_annual20,2789,2022-07-22,2022-08-01,-0.0173077967751003,2022,2021-12-31,learned_vol_interaction,20260912,0.5476518151604005,0.5476518151604005,1,0,0.1911875074883441,0.5476518151604005,2022-06-30,2021-12-31,nonnegative_low,3050,3055
rolling5_annual20,2794,2022-07-29,2022-08-08,-0.004456034513838,2022,2021-12-31,learned_vol_interaction,20260912,0.7328326518032054,0.7328326518032054,1,0,1.009042135625788,0.7328326518032054,2022-06-30,2021-12-31,nonnegative_low,3055,3060
rolling5_annual20,2799,2022-08-05,2022-08-15,0.0091475117753996,2022,2021-12-31,learned_vol_interaction,20260912,0.6561494296696646,0.6561494296696646,1,1,0.6461813777099266,0.6561494296696646,2022-06-30,2021-12-31,nonnegative_low,3060,3065
rolling5_annual20,2804,2022-08-12,2022-08-22,-0.0107272727272728,2022,2021-12-31,learned_vol_interaction,20260912,0.5667272646102238,0.5667272646102238,1,0,0.26851076961165155,0.5667272646102238,2022-06-30,2021-12-31,nonnegative_low,3065,3070
rolling5_annual20,2809,2022-08-19,2022-08-29,-0.0172375434082356,2022,2021-12-31,learned_vol_interaction,20260912,0.5755574714973257,0.5755574714973257,1,0,0.3045624765128476,0.5755574714973257,2022-06-30,2021-12-31,nonnegative_low,3070,3075
rolling5_annual20,2814,2022-08-26,2022-09-05,-0.0131573766941938,2022,2021-12-31,learned_vol_interaction,20260912,0.5992889777279924,0.5992889777279924,1,0,0.402503390578837,0.5992889777279924,2022-06-30,2021-12-31,nonnegative_high,3075,3080
rolling5_annual20,2819,2022-09-02,2022-09-13,0.0253340680878015,2022,2021-12-31,learned_vol_interaction,20260912,0.6636201775005496,0.6636201775005496,1,1,0.6794690183525226,0.6636201775005496,2022-06-30,2021-12-31,negative_low,3080,3085
rolling5_annual20,2824,2022-09-09,2022-09-19,-0.044647264962877,2022,2021-12-31,learned_vol_interaction,20260912,0.7803694380682105,0.7803694380682105,1,0,1.2678205752395013,0.7803694380682105,2022-06-30,2021-12-31,negative_low,3085,3089
rolling5_annual20,2828,2022-09-16,2022-09-26,-0.025155151434928,2022,2021-12-31,learned_vol_interaction,20260912,0.7561873327161356,0.7561873327161356,1,0,1.1318889666980956,0.7561873327161356,2022-06-30,2021-12-31,negative_low,3089,3094
rolling5_annual20,2833,2022-09-23,2022-10-10,-0.0060162941299352,2022,2021-12-31,learned_vol_interaction,20260912,0.741993522692739,0.741993522692739,1,0,1.0563558231560997,0.741993522692739,2022-06-30,2021-12-31,negative_low,3094,3099
rolling5_annual20,2838,2022-09-30,2022-10-17,0.0041192047412885,2022,2021-12-31,learned_vol_interaction,20260912,0.7050997161299666,0.7050997161299666,1,1,0.871701955711119,0.7050997161299666,2022-06-30,2021-12-31,negative_low,3099,3104
rolling5_annual20,2843,2022-10-14,2022-10-24,-0.0246766294110258,2022,2021-12-31,learned_vol_interaction,20260912,0.5871886836004885,0.5871886836004885,1,0,0.3523555777669596,0.5871886836004885,2022-09-30,2021-12-31,negative_high,3104,3109
rolling5_annual20,2848,2022-10-21,2022-10-31,-0.059928861134359,2022,2021-12-31,learned_vol_interaction,20260912,0.6628098538254427,0.6628098538254427,1,0,0.6758411492031322,0.6628098538254427,2022-09-30,2021-12-31,negative_high,3109,3114
rolling5_annual20,2853,2022-10-28,2022-11-07,0.071339502526744,2022,2021-12-31,learned_vol_interaction,20260912,0.534286880369217,0.534286880369217,1,1,0.1373631024180889,0.534286880369217,2022-09-30,2021-12-31,negative_high,3114,3119
rolling5_annual20,2858,2022-11-04,2022-11-14,0.0169449090696014,2022,2021-12-31,learned_vol_interaction,20260912,0.49519570030892074,0.49519570030892074,0,1,-0.019217790207538665,0.49519570030892074,2022-09-30,2021-12-31,negative_high,3119,3124
rolling5_annual20,2863,2022-11-11,2022-11-21,-0.0127051391515239,2022,2021-12-31,learned_vol_interaction,20260912,0.5081257076644325,0.5081257076644325,1,0,0.032505692535870795,0.5081257076644325,2022-09-30,2021-12-31,negative_high,3124,3129
rolling5_annual20,2868,2022-11-18,2022-11-28,-0.0179672806084416,2022,2021-12-31,learned_vol_interaction,20260912,0.42590416475914467,0.42590416475914467,0,0,-0.29858198712641143,0.42590416475914467,2022-09-30,2021-12-31,negative_high,3129,3134
rolling5_annual20,2873,2022-11-25,2022-12-05,0.0555768659337096,2022,2021-12-31,learned_vol_interaction,20260912,0.47730469118095553,0.47730469118095553,0,1,-0.09084365823424626,0.47730469118095553,2022-09-30,2021-12-31,negative_high,3134,3139
rolling5_annual20,2878,2022-12-02,2022-12-12,0.0175374394775362,2022,2021-12-31,learned_vol_interaction,20260912,0.4581192490056767,0.4581192490056767,0,1,-0.16791644138471523,0.4581192490056767,2022-09-30,2021-12-31,negative_high,3139,3144
rolling5_annual20,2883,2022-12-09,2022-12-19,-0.0058850602464181,2022,2021-12-31,learned_vol_interaction,20260912,0.5107074648650665,0.5107074648650665,1,0,0.04283640850904094,0.5107074648650665,2022-09-30,2021-12-31,negative_high,3144,3149
rolling5_annual20,2888,2022-12-16,2022-12-26,-0.0309150292073658,2022,2021-12-31,learned_vol_interaction,20260912,0.6126209226288903,0.6126209226288903,1,0,0.45834260593750764,0.6126209226288903,2022-09-30,2021-12-31,nonnegative_low,3149,3154
rolling5_annual20,2893,2022-12-23,2023-01-03,0.0089464492229616,2022,2021-12-31,learned_vol_interaction,20260912,0.4525053522549514,0.4525053522549514,0,1,-0.19055309457697567,0.4525053522549514,2022-09-30,2021-12-31,negative_high,3154,3159
rolling5_annual20,2898,2022-12-30,2023-01-09,0.0345913414268119,2022,2021-12-31,learned_vol_interaction,20260912,0.42145340218542343,0.42145340218542343,0,1,-0.31680987378397446,0.42145340218542343,2022-09-30,2021-12-31,nonnegative_low,3159,3163
rolling5_annual20,2660,2022-01-07,2022-01-17,-0.0173453887283024,2022,2021-12-31,learned_order_extension,20260912,0.7021249449389755,0.7021249449389755,1,0,0.8574372521670857,0.7021249449389755,2021-12-31,2021-12-31,negative_low,2921,2926
rolling5_annual20,2665,2022-01-14,2022-01-24,0.0053248631776616,2022,2021-12-31,learned_order_extension,20260912,0.519422850065438,0.519422850065438,1,1,0.07773051415571963,0.519422850065438,2021-12-31,2021-12-31,negative_low,2926,2931
rolling5_annual20,2670,2022-01-21,2022-02-07,-0.0242661876254222,2022,2021-12-31,learned_order_extension,20260912,0.7149761694840576,0.7149761694840576,1,0,0.9196764201271923,0.7149761694840576,2021-12-31,2021-12-31,negative_low,2931,2936
rolling5_annual20,2675,2022-01-28,2022-02-14,-0.0127539031341488,2022,2021-12-31,learned_order_extension,20260912,0.5563462821352916,0.5563462821352916,1,0,0.22634656655963398,0.5563462821352916,2021-12-31,2021-12-31,negative_high,2936,2941
rolling5_annual20,2680,2022-02-11,2022-02-21,0.0145498774954033,2022,2021-12-31,learned_order_extension,20260912,0.6112227291481532,0.6112227291481532,1,1,0.4524548137690069,0.6112227291481532,2021-12-31,2021-12-31,negative_high,2941,2946
rolling5_annual20,2685,2022-02-18,2022-02-28,-0.0177161244498015,2022,2021-12-31,learned_order_extension,20260912,0.7082710857336353,0.7082710857336353,1,0,0.8870019146041003,0.7082710857336353,2021-12-31,2021-12-31,negative_high,2946,2951
rolling5_annual20,2690,2022-02-25,2022-03-07,-0.0221791776043331,2022,2021-12-31,learned_order_extension,20260912,0.672646545498505,0.672646545498505,1,0,0.7201795114976781,0.672646545498505,2021-12-31,2021-12-31,negative_high,2951,2956
rolling5_annual20,2695,2022-03-04,2022-03-14,-0.0480378799422749,2022,2021-12-31,learned_order_extension,20260912,0.7063888110552541,0.7063888110552541,1,0,0.8779094042757595,0.7063888110552541,2021-12-31,2021-12-31,negative_low,2956,2961
rolling5_annual20,2700,2022-03-11,2022-03-21,0.007530336734814,2022,2021-12-31,learned_order_extension,20260912,0.6284040084971629,0.6284040084971629,1,1,0.5253760655029664,0.6284040084971629,2021-12-31,2021-12-31,negative_high,2961,2966
rolling5_annual20,2705,2022-03-18,2022-03-28,-0.0353493110038457,2022,2021-12-31,learned_order_extension,20260912,0.5929220651203073,0.5929220651203073,1,0,0.3760583123034271,0.5929220651203073,2021-12-31,2021-12-31,negative_high,2966,2971
rolling5_annual20,2710,2022-03-25,2022-04-06,0.0314834190717003,2022,2021-12-31,learned_order_extension,20260912,0.560900893741765,0.560900893741765,1,1,0.24481908774861777,0.560900893741765,2021-12-31,2021-12-31,negative_high,2971,2976
rolling5_annual20,2715,2022-04-01,2022-04-12,-0.0129237372705649,2022,2021-12-31,learned_order_extension,20260912,0.5663838497464478,0.5663838497464478,1,0,0.2671123317807358,0.5663838497464478,2022-03-31,2021-12-31,negative_high,2976,2979
rolling5_annual20,2718,2022-04-08,2022-04-18,-0.0120986062576864,2022,2021-12-31,learned_order_extension,20260912,0.5658097590213205,0.5658097590213205,1,0,0.2647751255757141,0.5658097590213205,2022-03-31,2021-12-31,negative_high,2979,2984
rolling5_annual20,2723,2022-04-15,2022-04-25,-0.0528494340140576,2022,2021-12-31,learned_order_extension,20260912,0.5761777041401651,0.5761777041401651,1,0,0.30710187340621753,0.5761777041401651,2022-03-31,2021-12-31,negative_high,2984,2989
rolling5_annual20,2728,2022-04-22,2022-05-05,0.015736821365468,2022,2021-12-31,learned_order_extension,20260912,0.5221611817410305,0.5221611817410305,1,1,0.08870284217080261,0.5221611817410305,2022-03-31,2021-12-31,negative_high,2989,2994
rolling5_annual20,2733,2022-04-29,2022-05-11,-0.0278824133054675,2022,2021-12-31,learned_order_extension,20260912,0.4014543582757582,0.4014543582757582,0,0,-0.39940893337430344,0.4014543582757582,2022-03-31,2021-12-31,negative_high,2994,2996
rolling5_annual20,2735,2022-05-06,2022-05-16,0.033741423035827,2022,2021-12-31,learned_order_extension,20260912,0.47602162546573495,0.47602162546573495,0,1,-0.0959871286464993,0.47602162546573495,2022-03-31,2021-12-31,negative_high,2996,3001
rolling5_annual20,2740,2022-05-13,2022-05-23,0.0164308841843088,2022,2021-12-31,learned_order_extension,20260912,0.4674156580741896,0.4674156580741896,0,1,-0.1305223517181918,0.4674156580741896,2022-03-31,2021-12-31,negative_high,3001,3006
rolling5_annual20,2745,2022-05-20,2022-05-30,-0.0147293413085614,2022,2021-12-31,learned_order_extension,20260912,0.48286106588586175,0.48286106588586175,0,0,-0.06858260576415709,0.48286106588586175,2022-03-31,2021-12-31,negative_high,3006,3011
rolling5_annual20,2750,2022-05-27,2022-06-13,0.0431748431927498,2022,2021-12-31,learned_order_extension,20260912,0.4605980778391567,0.4605980778391567,0,1,-0.15793516000525043,0.4605980778391567,2022-03-31,2021-12-31,negative_high,3011,3020
rolling5_annual20,2759,2022-06-10,2022-06-20,0.0306046547112142,2022,2021-12-31,learned_order_extension,20260912,0.3307362612743242,0.3307362612743242,0,1,-0.7048569466951207,0.3307362612743242,2022-03-31,2021-12-31,negative_high,3020,3025
rolling5_annual20,2764,2022-06-17,2022-06-27,0.0211666894141107,2022,2021-12-31,learned_order_extension,20260912,0.312819666276213,0.312819666276213,0,1,-0.7869698738581884,0.312819666276213,2022-03-31,2021-12-31,nonnegative_high,3025,3030
rolling5_annual20,2769,2022-06-24,2022-07-04,0.0074507343130214,2022,2021-12-31,learned_order_extension,20260912,0.38479843885136705,0.38479843885136705,0,1,-0.46923029407177663,0.38479843885136705,2022-03-31,2021-12-31,nonnegative_low,3030,3035
rolling5_annual20,2774,2022-07-01,2022-07-11,-0.0092349827532707,2022,2021-12-31,learned_order_extension,20260912,0.374217053609673,0.374217053609673,0,0,-0.514167593651627,0.374217053609673,2022-06-30,2021-12-31,nonnegative_high,3035,3040
rolling5_annual20,2779,2022-07-08,2022-07-18,-0.0326815927737367,2022,2021-12-31,learned_order_extension,20260912,0.4519894158378443,0.4519894158378443,0,0,-0.19263583765590692,0.4519894158378443,2022-06-30,2021-12-31,nonnegative_high,3040,3045
rolling5_annual20,2784,2022-07-15,2022-07-25,-0.0066210715249344,2022,2021-12-31,learned_order_extension,20260912,0.4940204054336156,0.4940204054336156,0,0,-0.023919518649797068,0.4940204054336156,2022-06-30,2021-12-31,nonnegative_high,3045,3050
rolling5_annual20,2789,2022-07-22,2022-08-01,-0.0173077967751003,2022,2021-12-31,learned_order_extension,20260912,0.5530846362953933,0.5530846362953933,1,0,0.21314180542701808,0.5530846362953933,2022-06-30,2021-12-31,nonnegative_low,3050,3055
rolling5_annual20,2794,2022-07-29,2022-08-08,-0.004456034513838,2022,2021-12-31,learned_order_extension,20260912,0.7003654415092999,0.7003654415092999,1,0,0.8490386643585948,0.7003654415092999,2022-06-30,2021-12-31,nonnegative_low,3055,3060
rolling5_annual20,2799,2022-08-05,2022-08-15,0.0091475117753996,2022,2021-12-31,learned_order_extension,20260912,0.6341161655828421,0.6341161655828421,1,1,0.5499162734057446,0.6341161655828421,2022-06-30,2021-12-31,nonnegative_low,3060,3065
rolling5_annual20,2804,2022-08-12,2022-08-22,-0.0107272727272728,2022,2021-12-31,learned_order_extension,20260912,0.5691662323086379,0.5691662323086379,1,0,0.2784502137341248,0.5691662323086379,2022-06-30,2021-12-31,nonnegative_low,3065,3070
rolling5_annual20,2809,2022-08-19,2022-08-29,-0.0172375434082356,2022,2021-12-31,learned_order_extension,20260912,0.5696880836750867,0.5696880836750867,1,0,0.28057865690165806,0.5696880836750867,2022-06-30,2021-12-31,nonnegative_low,3070,3075
rolling5_annual20,2814,2022-08-26,2022-09-05,-0.0131573766941938,2022,2021-12-31,learned_order_extension,20260912,0.5878257984810045,0.5878257984810045,1,0,0.35498456371038356,0.5878257984810045,2022-06-30,2021-12-31,nonnegative_high,3075,3080
rolling5_annual20,2819,2022-09-02,2022-09-13,0.0253340680878015,2022,2021-12-31,learned_order_extension,20260912,0.6379877793880597,0.6379877793880597,1,1,0.5666411587446867,0.6379877793880597,2022-06-30,2021-12-31,negative_low,3080,3085
rolling5_annual20,2824,2022-09-09,2022-09-19,-0.044647264962877,2022,2021-12-31,learned_order_extension,20260912,0.7291911589139091,0.7291911589139091,1,0,0.9905227298336107,0.7291911589139091,2022-06-30,2021-12-31,negative_low,3085,3089
rolling5_annual20,2828,2022-09-16,2022-09-26,-0.025155151434928,2022,2021-12-31,learned_order_extension,20260912,0.7111098702993732,0.7111098702993732,1,0,0.9007805053368307,0.7111098702993732,2022-06-30,2021-12-31,negative_low,3089,3094
rolling5_annual20,2833,2022-09-23,2022-10-10,-0.0060162941299352,2022,2021-12-31,learned_order_extension,20260912,0.7077372458929503,0.7077372458929503,1,0,0.8844196627061298,0.7077372458929503,2022-06-30,2021-12-31,negative_low,3094,3099
rolling5_annual20,2838,2022-09-30,2022-10-17,0.0041192047412885,2022,2021-12-31,learned_order_extension,20260912,0.6810391020203391,0.6810391020203391,1,1,0.7585512046277809,0.6810391020203391,2022-06-30,2021-12-31,negative_low,3099,3104
rolling5_annual20,2843,2022-10-14,2022-10-24,-0.0246766294110258,2022,2021-12-31,learned_order_extension,20260912,0.5780452108695775,0.5780452108695775,1,0,0.31475391157628957,0.5780452108695775,2022-09-30,2021-12-31,negative_high,3104,3109
rolling5_annual20,2848,2022-10-21,2022-10-31,-0.059928861134359,2022,2021-12-31,learned_order_extension,20260912,0.6522176427129165,0.6522176427129165,1,0,0.6288014400376924,0.6522176427129165,2022-09-30,2021-12-31,negative_high,3109,3114
rolling5_annual20,2853,2022-10-28,2022-11-07,0.071339502526744,2022,2021-12-31,learned_order_extension,20260912,0.5335986065550459,0.5335986065550459,1,1,0.1345972605018897,0.5335986065550459,2022-09-30,2021-12-31,negative_high,3114,3119
rolling5_annual20,2858,2022-11-04,2022-11-14,0.0169449090696014,2022,2021-12-31,learned_order_extension,20260912,0.4987947331500217,0.4987947331500217,0,1,-0.004821076737827383,0.4987947331500217,2022-09-30,2021-12-31,negative_high,3119,3124
rolling5_annual20,2863,2022-11-11,2022-11-21,-0.0127051391515239,2022,2021-12-31,learned_order_extension,20260912,0.5087391037241329,0.5087391037241329,1,0,0.03495997513446383,0.5087391037241329,2022-09-30,2021-12-31,negative_high,3124,3129
rolling5_annual20,2868,2022-11-18,2022-11-28,-0.0179672806084416,2022,2021-12-31,learned_order_extension,20260912,0.4198421144660997,0.4198421144660997,0,0,-0.32342156026935653,0.4198421144660997,2022-09-30,2021-12-31,negative_high,3129,3134
rolling5_annual20,2873,2022-11-25,2022-12-05,0.0555768659337096,2022,2021-12-31,learned_order_extension,20260912,0.46813125282876833,0.46813125282876833,0,1,-0.12764803169884736,0.46813125282876833,2022-09-30,2021-12-31,negative_high,3134,3139
rolling5_annual20,2878,2022-12-02,2022-12-12,0.0175374394775362,2022,2021-12-31,learned_order_extension,20260912,0.4494453870275048,0.4494453870275048,0,1,-0.20291180799601763,0.4494453870275048,2022-09-30,2021-12-31,negative_high,3139,3144
rolling5_annual20,2883,2022-12-09,2022-12-19,-0.0058850602464181,2022,2021-12-31,learned_order_extension,20260912,0.5078172034516703,0.5078172034516703,1,0,0.03127136190788876,0.5078172034516703,2022-09-30,2021-12-31,negative_high,3144,3149
rolling5_annual20,2888,2022-12-16,2022-12-26,-0.0309150292073658,2022,2021-12-31,learned_order_extension,20260912,0.6174086923329795,0.6174086923329795,1,0,0.47856385326737294,0.6174086923329795,2022-09-30,2021-12-31,nonnegative_low,3149,3154
rolling5_annual20,2893,2022-12-23,2023-01-03,0.0089464492229616,2022,2021-12-31,learned_order_extension,20260912,0.45819657918619455,0.45819657918619455,0,1,-0.16760493919955222,0.45819657918619455,2022-09-30,2021-12-31,negative_high,3154,3159
rolling5_annual20,2898,2022-12-30,2023-01-09,0.0345913414268119,2022,2021-12-31,learned_order_extension,20260912,0.4265465221917634,0.4265465221917634,0,1,-0.29595537352366086,0.4265465221917634,2022-09-30,2021-12-31,nonnegative_low,3159,3163
rolling5_annual20,2660,2022-01-07,2022-01-17,-0.0173453887283024,2022,2021-12-31,learned_order_offset,20260912,0.7021002597589074,0.7021002597589074,1,0,0.8573192262453013,0.7021002597589074,2021-12-31,2021-12-31,negative_low,2921,2926
rolling5_annual20,2665,2022-01-14,2022-01-24,0.0053248631776616,2022,2021-12-31,learned_order_offset,20260912,0.5194500670143739,0.5194500670143739,1,1,0.07783954671098636,0.5194500670143739,2021-12-31,2021-12-31,negative_low,2926,2931
rolling5_annual20,2670,2022-01-21,2022-02-07,-0.0242661876254222,2022,2021-12-31,learned_order_offset,20260912,0.7150659531425939,0.7150659531425939,1,0,0.9201170416446773,0.7150659531425939,2021-12-31,2021-12-31,negative_low,2931,2936
rolling5_annual20,2675,2022-01-28,2022-02-14,-0.0127539031341488,2022,2021-12-31,learned_order_offset,20260912,0.5563566039667686,0.5563566039667686,1,0,0.22638838506166947,0.5563566039667686,2021-12-31,2021-12-31,negative_high,2936,2941
rolling5_annual20,2680,2022-02-11,2022-02-21,0.0145498774954033,2022,2021-12-31,learned_order_offset,20260912,0.6110482909835675,0.6110482909835675,1,1,0.4517207974617295,0.6110482909835675,2021-12-31,2021-12-31,negative_high,2941,2946
rolling5_annual20,2685,2022-02-18,2022-02-28,-0.0177161244498015,2022,2021-12-31,learned_order_offset,20260912,0.7082662053268953,0.7082662053268953,1,0,0.886978294876023,0.7082662053268953,2021-12-31,2021-12-31,negative_high,2946,2951
rolling5_annual20,2690,2022-02-25,2022-03-07,-0.0221791776043331,2022,2021-12-31,learned_order_offset,20260912,0.6726443299723985,0.6726443299723985,1,0,0.720169449776624,0.6726443299723985,2021-12-31,2021-12-31,negative_high,2951,2956
rolling5_annual20,2695,2022-03-04,2022-03-14,-0.0480378799422749,2022,2021-12-31,learned_order_offset,20260912,0.7063540116439039,0.7063540116439039,1,0,0.877741624176686,0.7063540116439039,2021-12-31,2021-12-31,negative_low,2956,2961
rolling5_annual20,2700,2022-03-11,2022-03-21,0.007530336734814,2022,2021-12-31,learned_order_offset,20260912,0.6284302090313957,0.6284302090313957,1,1,0.5254882690114382,0.6284302090313957,2021-12-31,2021-12-31,negative_high,2961,2966
rolling5_annual20,2705,2022-03-18,2022-03-28,-0.0353493110038457,2022,2021-12-31,learned_order_offset,20260912,0.5930408007656572,0.5930408007656572,1,0,0.3765502677841405,0.5930408007656572,2021-12-31,2021-12-31,negative_high,2966,2971
rolling5_annual20,2710,2022-03-25,2022-04-06,0.0314834190717003,2022,2021-12-31,learned_order_offset,20260912,0.5609837979969954,0.5609837979969954,1,1,0.24515570552297267,0.5609837979969954,2021-12-31,2021-12-31,negative_high,2971,2976
rolling5_annual20,2715,2022-04-01,2022-04-12,-0.0129237372705649,2022,2021-12-31,learned_order_offset,20260912,0.5664637136117925,0.5664637136117925,1,0,0.26743752643256774,0.5664637136117925,2022-03-31,2021-12-31,negative_high,2976,2979
rolling5_annual20,2718,2022-04-08,2022-04-18,-0.0120986062576864,2022,2021-12-31,learned_order_offset,20260912,0.5658239286779201,0.5658239286779201,1,0,0.2648328036141603,0.5658239286779201,2022-03-31,2021-12-31,negative_high,2979,2984
rolling5_annual20,2723,2022-04-15,2022-04-25,-0.0528494340140576,2022,2021-12-31,learned_order_offset,20260912,0.5762053845604607,0.5762053845604607,1,0,0.3072152272319253,0.5762053845604607,2022-03-31,2021-12-31,negative_high,2984,2989
rolling5_annual20,2728,2022-04-22,2022-05-05,0.015736821365468,2022,2021-12-31,learned_order_offset,20260912,0.5222181583301384,0.5222181583301384,1,1,0.08893119828073916,0.5222181583301384,2022-03-31,2021-12-31,negative_high,2989,2994
rolling5_annual20,2733,2022-04-29,2022-05-11,-0.0278824133054675,2022,2021-12-31,learned_order_offset,20260912,0.40156189565790024,0.40156189565790024,0,0,-0.3989614191291782,0.40156189565790024,2022-03-31,2021-12-31,negative_high,2994,2996
rolling5_annual20,2735,2022-05-06,2022-05-16,0.033741423035827,2022,2021-12-31,learned_order_offset,20260912,0.4760551178307766,0.4760551178307766,0,1,-0.0958528507986025,0.4760551178307766,2022-03-31,2021-12-31,negative_high,2996,3001
rolling5_annual20,2740,2022-05-13,2022-05-23,0.0164308841843088,2022,2021-12-31,learned_order_offset,20260912,0.46741359959285833,0.46741359959285833,0,1,-0.13053062076402072,0.46741359959285833,2022-03-31,2021-12-31,negative_high,3001,3006
rolling5_annual20,2745,2022-05-20,2022-05-30,-0.0147293413085614,2022,2021-12-31,learned_order_offset,20260912,0.4829666670195881,0.4829666670195881,0,0,-0.0681597073907026,0.4829666670195881,2022-03-31,2021-12-31,negative_high,3006,3011
rolling5_annual20,2750,2022-05-27,2022-06-13,0.0431748431927498,2022,2021-12-31,learned_order_offset,20260912,0.4606339295692324,0.4606339295692324,0,1,-0.15779085777661966,0.4606339295692324,2022-03-31,2021-12-31,negative_high,3011,3020
rolling5_annual20,2759,2022-06-10,2022-06-20,0.0306046547112142,2022,2021-12-31,learned_order_offset,20260912,0.3309313135172127,0.3309313135172127,0,1,-0.7039758834249723,0.3309313135172127,2022-03-31,2021-12-31,negative_high,3020,3025
rolling5_annual20,2764,2022-06-17,2022-06-27,0.0211666894141107,2022,2021-12-31,learned_order_offset,20260912,0.31302829433814716,0.31302829433814716,0,1,-0.7859995223192385,0.31302829433814716,2022-03-31,2021-12-31,nonnegative_high,3025,3030
rolling5_annual20,2769,2022-06-24,2022-07-04,0.0074507343130214,2022,2021-12-31,learned_order_offset,20260912,0.38491716457946495,0.38491716457946495,0,1,-0.46872879627535197,0.38491716457946495,2022-03-31,2021-12-31,nonnegative_low,3030,3035
rolling5_annual20,2774,2022-07-01,2022-07-11,-0.0092349827532707,2022,2021-12-31,learned_order_offset,20260912,0.3742631378177632,0.3742631378177632,0,0,-0.5139708077043605,0.3742631378177632,2022-06-30,2021-12-31,nonnegative_high,3035,3040
rolling5_annual20,2779,2022-07-08,2022-07-18,-0.0326815927737367,2022,2021-12-31,learned_order_offset,20260912,0.45196032259529306,0.45196032259529306,0,0,-0.19275329423980198,0.45196032259529306,2022-06-30,2021-12-31,nonnegative_high,3040,3045
rolling5_annual20,2784,2022-07-15,2022-07-25,-0.0066210715249344,2022,2021-12-31,learned_order_offset,20260912,0.49395559112838827,0.49395559112838827,0,0,-0.024178813359031888,0.49395559112838827,2022-06-30,2021-12-31,nonnegative_high,3045,3050
rolling5_annual20,2789,2022-07-22,2022-08-01,-0.0173077967751003,2022,2021-12-31,learned_order_offset,20260912,0.5530567140533315,0.5530567140533315,1,0,0.2130288438349973,0.5530567140533315,2022-06-30,2021-12-31,nonnegative_low,3050,3055
rolling5_annual20,2794,2022-07-29,2022-08-08,-0.004456034513838,2022,2021-12-31,learned_order_offset,20260912,0.7004287549044343,0.7004287549044343,1,0,0.8493403851586199,0.7004287549044343,2022-06-30,2021-12-31,nonnegative_low,3055,3060
rolling5_annual20,2799,2022-08-05,2022-08-15,0.0091475117753996,2022,2021-12-31,learned_order_offset,20260912,0.6341811795165448,0.6341811795165448,1,1,0.5501965008862133,0.6341811795165448,2022-06-30,2021-12-31,nonnegative_low,3060,3065
rolling5_annual20,2804,2022-08-12,2022-08-22,-0.0107272727272728,2022,2021-12-31,learned_order_offset,20260912,0.5692369708416735,0.5692369708416735,1,0,0.2787386938319065,0.5692369708416735,2022-06-30,2021-12-31,nonnegative_low,3065,3070
rolling5_annual20,2809,2022-08-19,2022-08-29,-0.0172375434082356,2022,2021-12-31,learned_order_offset,20260912,0.569797003520037,0.569797003520037,1,0,0.2810229810946439,0.569797003520037,2022-06-30,2021-12-31,nonnegative_low,3070,3075
rolling5_annual20,2814,2022-08-26,2022-09-05,-0.0131573766941938,2022,2021-12-31,learned_order_offset,20260912,0.5879050437117161,0.5879050437117161,1,0,0.3553116453496814,0.5879050437117161,2022-06-30,2021-12-31,nonnegative_high,3075,3080
rolling5_annual20,2819,2022-09-02,2022-09-13,0.0253340680878015,2022,2021-12-31,learned_order_offset,20260912,0.6381022660159982,0.6381022660159982,1,1,0.5671368929528846,0.6381022660159982,2022-06-30,2021-12-31,negative_low,3080,3085
rolling5_annual20,2824,2022-09-09,2022-09-19,-0.044647264962877,2022,2021-12-31,learned_order_offset,20260912,0.729222320192203,0.729222320192203,1,0,0.9906805370066984,0.729222320192203,2022-06-30,2021-12-31,negative_low,3085,3089
rolling5_annual20,2828,2022-09-16,2022-09-26,-0.025155151434928,2022,2021-12-31,learned_order_offset,20260912,0.7111932176188367,0.7111932176188367,1,0,0.9011862561805484,0.7111932176188367,2022-06-30,2021-12-31,negative_low,3089,3094
rolling5_annual20,2833,2022-09-23,2022-10-10,-0.0060162941299352,2022,2021-12-31,learned_order_offset,20260912,0.7077217498942572,0.7077217498942572,1,0,0.8843447479641126,0.7077217498942572,2022-06-30,2021-12-31,negative_low,3094,3099
rolling5_annual20,2838,2022-09-30,2022-10-17,0.0041192047412885,2022,2021-12-31,learned_order_offset,20260912,0.6810773659822338,0.6810773659822338,1,1,0.7587273593513477,0.6810773659822338,2022-06-30,2021-12-31,negative_low,3099,3104
rolling5_annual20,2843,2022-10-14,2022-10-24,-0.0246766294110258,2022,2021-12-31,learned_order_offset,20260912,0.5780788256268797,0.5780788256268797,1,0,0.3148917298875837,0.5780788256268797,2022-09-30,2021-12-31,negative_high,3104,3109
rolling5_annual20,2848,2022-10-21,2022-10-31,-0.059928861134359,2022,2021-12-31,learned_order_offset,20260912,0.6522206517177457,0.6522206517177457,1,0,0.6288147055391733,0.6522206517177457,2022-09-30,2021-12-31,negative_high,3109,3114
rolling5_annual20,2853,2022-10-28,2022-11-07,0.071339502526744,2022,2021-12-31,learned_order_offset,20260912,0.5335953389035146,0.5335953389035146,1,1,0.13458413061397528,0.5335953389035146,2022-09-30,2021-12-31,negative_high,3114,3119
rolling5_annual20,2858,2022-11-04,2022-11-14,0.0169449090696014,2022,2021-12-31,learned_order_offset,20260912,0.49899626271395653,0.49899626271395653,0,1,-0.0040149545375405896,0.49899626271395653,2022-09-30,2021-12-31,negative_high,3119,3124
rolling5_annual20,2863,2022-11-11,2022-11-21,-0.0127051391515239,2022,2021-12-31,learned_order_offset,20260912,0.5087287832505283,0.5087287832505283,1,0,0.03491868063997533,0.5087287832505283,2022-09-30,2021-12-31,negative_high,3124,3129
rolling5_annual20,2868,2022-11-18,2022-11-28,-0.0179672806084416,2022,2021-12-31,learned_order_offset,20260912,0.4199934200293093,0.4199934200293093,0,0,-0.32280040369535745,0.4199934200293093,2022-09-30,2021-12-31,negative_high,3129,3134
rolling5_annual20,2873,2022-11-25,2022-12-05,0.0555768659337096,2022,2021-12-31,learned_order_offset,20260912,0.4681523148388295,0.4681523148388295,0,1,-0.127563440235542,0.4681523148388295,2022-09-30,2021-12-31,negative_high,3134,3139
rolling5_annual20,2878,2022-12-02,2022-12-12,0.0175374394775362,2022,2021-12-31,learned_order_offset,20260912,0.4495540620666624,0.4495540620666624,0,1,-0.20247262771062258,0.4495540620666624,2022-09-30,2021-12-31,negative_high,3139,3144
rolling5_annual20,2883,2022-12-09,2022-12-19,-0.0058850602464181,2022,2021-12-31,learned_order_offset,20260912,0.5079832164008727,0.5079832164008727,1,0,0.031935579534907776,0.5079832164008727,2022-09-30,2021-12-31,negative_high,3144,3149
rolling5_annual20,2888,2022-12-16,2022-12-26,-0.0309150292073658,2022,2021-12-31,learned_order_offset,20260912,0.617550495391565,0.617550495391565,1,0,0.4791642086159258,0.617550495391565,2022-09-30,2021-12-31,nonnegative_low,3149,3154
rolling5_annual20,2893,2022-12-23,2023-01-03,0.0089464492229616,2022,2021-12-31,learned_order_offset,20260912,0.45834125092049666,0.45834125092049666,0,1,-0.16702219288591932,0.45834125092049666,2022-09-30,2021-12-31,negative_high,3154,3159
rolling5_annual20,2898,2022-12-30,2023-01-09,0.0345913414268119,2022,2021-12-31,learned_order_offset,20260912,0.42667020854201704,0.42667020854201704,0,1,-0.2954497339492921,0.42667020854201704,2022-09-30,2021-12-31,nonnegative_low,3159,3163
rolling5_annual20,2902,2023-01-06,2023-01-16,0.0198447929614133,2023,2022-12-31,learned_market,20260910,0.2720748657753032,0.2720748657753032,0,1,-0.9841209350602143,0.2720748657753032,2022-12-31,2022-12-31,nonnegative_low,3163,3168
rolling5_annual20,2907,2023-01-13,2023-01-30,0.0465290788350809,2023,2022-12-31,learned_market,20260910,0.47236248212800225,0.47236248212800225,0,1,-0.11066286730504446,0.47236248212800225,2022-12-31,2022-12-31,nonnegative_low,3168,3173
rolling5_annual20,2912,2023-01-20,2023-02-06,-0.0383797057844887,2023,2022-12-31,learned_market,20260910,0.406664897579608,0.406664897579608,0,0,-0.37776983738532666,0.406664897579608,2022-12-31,2022-12-31,nonnegative_low,3173,3178
rolling5_annual20,2917,2023-02-03,2023-02-13,-0.0012061903149008,2023,2022-12-31,learned_market,20260910,0.7077615943567296,0.7077615943567296,1,0,0.8845373790220508,0.7077615943567296,2022-12-31,2022-12-31,nonnegative_low,3178,3183
rolling5_annual20,2922,2023-02-10,2023-02-20,-0.0143746584432821,2023,2022-12-31,learned_market,20260910,0.3396729663973045,0.3396729663973045,0,0,-0.6647519265715207,0.3396729663973045,2022-12-31,2022-12-31,nonnegative_low,3183,3188
rolling5_annual20,2927,2023-02-17,2023-02-27,0.0001237636016198,2023,2022-12-31,learned_market,20260910,0.3940367299508906,0.3940367299508906,0,1,-0.430375245573878,0.3940367299508906,2022-12-31,2022-12-31,nonnegative_low,3188,3193
rolling5_annual20,2932,2023-02-24,2023-03-06,0.0224454641303217,2023,2022-12-31,learned_market,20260910,0.6368517662464305,0.6368517662464305,1,1,0.5617258140848597,0.6368517662464305,2022-12-31,2022-12-31,nonnegative_low,3193,3198
rolling5_annual20,2937,2023-03-03,2023-03-13,-0.0407900947678007,2023,2022-12-31,learned_market,20260910,0.7365179717700991,0.7365179717700991,1,0,1.0279484755993833,0.7365179717700991,2022-12-31,2022-12-31,nonnegative_low,3198,3203
rolling5_annual20,2942,2023-03-10,2023-03-20,5.0471402903706775e-06,2023,2022-12-31,learned_market,20260910,0.5813776336748179,0.5813776336748179,1,1,0.3284312777693459,0.5813776336748179,2022-12-31,2022-12-31,nonnegative_low,3203,3208
rolling5_annual20,2947,2023-03-17,2023-03-27,0.015302852124583,2023,2022-12-31,learned_market,20260910,0.42485803758448765,0.42485803758448765,0,1,-0.30286181757089425,0.42485803758448765,2022-12-31,2022-12-31,nonnegative_low,3208,3213
rolling5_annual20,2952,2023-03-24,2023-04-03,0.0090274153058433,2023,2022-12-31,learned_market,20260910,0.37090574302943613,0.37090574302943613,0,1,-0.5283331291602291,0.37090574302943613,2022-12-31,2022-12-31,nonnegative_low,3213,3218
rolling5_annual20,2957,2023-03-31,2023-04-10,0.0178317182396383,2023,2022-12-31,learned_market,20260910,0.3924154635264961,0.3924154635264961,0,1,-0.4371701857478549,0.3924154635264961,2022-12-31,2022-12-31,nonnegative_low,3218,3222
rolling5_annual20,2961,2023-04-07,2023-04-17,-0.0101500238382772,2023,2022-12-31,learned_market,20260910,0.595589872428567,0.595589872428567,1,0,0.38712276640033755,0.595589872428567,2023-03-31,2022-12-31,nonnegative_low,3222,3227
rolling5_annual20,2966,2023-04-14,2023-04-24,-0.014368947230732,2023,2022-12-31,learned_market,20260910,0.3348532730298861,0.3348532730298861,0,0,-0.6863152134548489,0.3348532730298861,2023-03-31,2022-12-31,nonnegative_low,3227,3232
rolling5_annual20,2971,2023-04-21,2023-05-04,-0.0044228908788729,2023,2022-12-31,learned_market,20260910,0.4942947568375473,0.4942947568375473,0,0,-0.022821963151302666,0.4942947568375473,2023-03-31,2022-12-31,negative_low,3232,3237
rolling5_annual20,2976,2023-04-28,2023-05-10,0.0036477163153083,2023,2022-12-31,learned_market,20260910,0.3714756111943182,0.3714756111943182,0,1,-0.5258916196011688,0.3714756111943182,2023-03-31,2022-12-31,negative_low,3237,3239
rolling5_annual20,2978,2023-05-05,2023-05-15,-0.0221642407977935,2023,2022-12-31,learned_market,20260910,0.4497529451200874,0.4497529451200874,0,0,-0.20166894690285045,0.4497529451200874,2023-03-31,2022-12-31,negative_low,3239,3244
rolling5_annual20,2983,2023-05-12,2023-05-22,0.0005509250208819,2023,2022-12-31,learned_market,20260910,0.33357360179734663,0.33357360179734663,0,1,-0.6920661671666652,0.33357360179734663,2023-03-31,2022-12-31,negative_low,3244,3249
rolling5_annual20,2988,2023-05-19,2023-05-29,-0.0200253742704897,2023,2022-12-31,learned_market,20260910,0.5625170222669913,0.5625170222669913,1,0,0.25138359842678587,0.5625170222669913,2023-03-31,2022-12-31,negative_low,3249,3254
rolling5_annual20,2993,2023-05-26,2023-06-05,-0.0003935703040848,2023,2022-12-31,learned_market,20260910,0.516241495805648,0.516241495805648,1,0,0.06498884720447079,0.516241495805648,2023-03-31,2022-12-31,negative_low,3254,3259
rolling5_annual20,2998,2023-06-02,2023-06-12,-0.0086075595250429,2023,2022-12-31,learned_market,20260910,0.4611271604446467,0.4611271604446467,0,0,-0.15580578281700402,0.4611271604446467,2023-03-31,2022-12-31,negative_low,3259,3264
rolling5_annual20,3003,2023-06-09,2023-06-19,0.0338878539347273,2023,2022-12-31,learned_market,20260910,0.3966512245556026,0.3966512245556026,0,1,-0.4194380629355195,0.3966512245556026,2023-03-31,2022-12-31,negative_low,3264,3269
rolling5_annual20,3008,2023-06-16,2023-07-03,-0.026216632171098,2023,2022-12-31,learned_market,20260910,0.4023630749492596,0.4023630749492596,0,0,-0.39562856829600246,0.4023630749492596,2023-03-31,2022-12-31,nonnegative_low,3269,3277
rolling5_annual20,3016,2023-06-30,2023-07-10,-0.0030441518806006,2023,2022-12-31,learned_market,20260910,0.4213657002217921,0.4213657002217921,0,0,-0.3171695681900058,0.4213657002217921,2023-03-31,2022-12-31,negative_low,3277,3282
rolling5_annual20,3021,2023-07-07,2023-07-17,0.0104280552692135,2023,2022-12-31,learned_market,20260910,0.4148371344756111,0.4148371344756111,0,1,-0.344004214934353,0.4148371344756111,2023-06-30,2022-12-31,negative_low,3282,3287
rolling5_annual20,3026,2023-07-14,2023-07-24,-0.0201642613135752,2023,2022-12-31,learned_market,20260910,0.6799807480428174,0.6799807480428174,1,0,0.7536833297173441,0.6799807480428174,2023-06-30,2022-12-31,negative_low,3287,3292
rolling5_annual20,3031,2023-07-21,2023-07-31,0.0566710925894278,2023,2022-12-31,learned_market,20260910,0.6185965077641518,0.6185965077641518,1,1,0.4835953653641455,0.6185965077641518,2023-06-30,2022-12-31,negative_low,3292,3297
rolling5_annual20,3036,2023-07-28,2023-08-07,-0.0039612927947766,2023,2022-12-31,learned_market,20260910,0.4215659804761882,0.4215659804761882,0,0,-0.31634818321774766,0.4215659804761882,2023-06-30,2022-12-31,negative_low,3297,3302
rolling5_annual20,3041,2023-08-04,2023-08-14,-0.0404899362223548,2023,2022-12-31,learned_market,20260910,0.3422681158561934,0.3422681158561934,0,0,-0.6532029829656701,0.3422681158561934,2023-06-30,2022-12-31,nonnegative_low,3302,3307
rolling5_annual20,3046,2023-08-11,2023-08-21,-0.0176157088591445,2023,2022-12-31,learned_market,20260910,0.26755143190839087,0.26755143190839087,0,0,-1.0070813075454863,0.26755143190839087,2023-06-30,2022-12-31,negative_low,3307,3312
rolling5_annual20,3051,2023-08-18,2023-08-28,0.0366582477081969,2023,2022-12-31,learned_market,20260910,0.6094913814194294,0.6094913814194294,1,1,0.4451747687451909,0.6094913814194294,2023-06-30,2022-12-31,negative_high,3312,3317
rolling5_annual20,3056,2023-08-25,2023-09-04,-0.025197172476384,2023,2022-12-31,learned_market,20260910,0.292415818373573,0.292415818373573,0,0,-0.8836797822530853,0.292415818373573,2023-06-30,2022-12-31,negative_low,3317,3322
rolling5_annual20,3061,2023-09-01,2023-09-11,-0.0189903461587886,2023,2022-12-31,learned_market,20260910,0.5727239862672711,0.5727239862672711,1,0,0.29297369471619883,0.5727239862672711,2023-06-30,2022-12-31,nonnegative_low,3322,3327
rolling5_annual20,3066,2023-09-08,2023-09-18,-0.0111346368744954,2023,2022-12-31,learned_market,20260910,0.6046775279486832,0.6046775279486832,1,0,0.4249934874943262,0.6046775279486832,2023-06-30,2022-12-31,negative_low,3327,3332
rolling5_annual20,3071,2023-09-15,2023-09-25,0.0105787349314532,2023,2022-12-31,learned_market,20260910,0.6861367371884997,0.6861367371884997,1,1,0.7821195108998779,0.6861367371884997,2023-06-30,2022-12-31,negative_low,3332,3337
rolling5_annual20,3076,2023-09-22,2023-10-16,-0.0198017153282719,2023,2022-12-31,learned_market,20260910,0.32435597972671854,0.32435597972671854,0,0,-0.7338247245927555,0.32435597972671854,2023-06-30,2022-12-31,negative_low,3337,3346
rolling5_annual20,3085,2023-10-13,2023-10-23,-0.0447156690429144,2023,2022-12-31,learned_market,20260910,0.3366428872487967,0.3366428872487967,0,0,-0.6782907900381636,0.3366428872487967,2023-09-30,2022-12-31,negative_low,3346,3351
rolling5_annual20,3090,2023-10-20,2023-10-30,0.0154019770298841,2023,2022-12-31,learned_market,20260910,0.4792037045854395,0.4792037045854395,0,1,-0.08323320006745978,0.4792037045854395,2023-09-30,2022-12-31,negative_low,3351,3356
rolling5_annual20,3095,2023-10-27,2023-11-06,0.0152527637017425,2023,2022-12-31,learned_market,20260910,0.6386844483724466,0.6386844483724466,1,1,0.5696588306366934,0.6386844483724466,2023-09-30,2022-12-31,negative_low,3356,3361
rolling5_annual20,3100,2023-11-03,2023-11-13,-0.0039935482440582,2023,2022-12-31,learned_market,20260910,0.6170835844519411,0.6170835844519411,1,0,0.4771877546614971,0.6170835844519411,2023-09-30,2022-12-31,negative_low,3361,3366
rolling5_annual20,3105,2023-11-10,2023-11-20,-0.0067280482816765,2023,2022-12-31,learned_market,20260910,0.3617740113477979,0.3617740113477979,0,0,-0.5676726959758202,0.3617740113477979,2023-09-30,2022-12-31,negative_low,3366,3371
rolling5_annual20,3110,2023-11-17,2023-11-27,-0.0098859017348651,2023,2022-12-31,learned_market,20260910,0.5114167478805792,0.5114167478805792,1,0,0.04567493044998869,0.5114167478805792,2023-09-30,2022-12-31,negative_low,3371,3376
rolling5_annual20,3115,2023-11-24,2023-12-04,-0.0151084754586299,2023,2022-12-31,learned_market,20260910,0.5960268347540447,0.5960268347540447,1,0,0.3889372377103334,0.5960268347540447,2023-09-30,2022-12-31,negative_low,3376,3381
rolling5_annual20,3120,2023-12-01,2023-12-11,-0.0295859857973478,2023,2022-12-31,learned_market,20260910,0.6275300780761194,0.6275300780761194,1,0,0.5216353149998482,0.6275300780761194,2023-09-30,2022-12-31,negative_low,3381,3386
rolling5_annual20,3125,2023-12-08,2023-12-18,-0.0144639658974852,2023,2022-12-31,learned_market,20260910,0.6978902969610717,0.6978902969610717,1,0,0.8372717162231916,0.6978902969610717,2023-09-30,2022-12-31,negative_low,3386,3391
rolling5_annual20,3130,2023-12-15,2023-12-25,0.0003424256350643,2023,2022-12-31,learned_market,20260910,0.5086640997863847,0.5086640997863847,1,1,0.034659868489160174,0.5086640997863847,2023-09-30,2022-12-31,negative_low,3391,3396
rolling5_annual20,3135,2023-12-22,2024-01-02,0.0288079559683274,2023,2022-12-31,learned_market,20260910,0.33152588960837426,0.33152588960837426,0,1,-0.7012917629387112,0.33152588960837426,2023-09-30,2022-12-31,negative_low,3396,3401
rolling5_annual20,3140,2023-12-29,2024-01-08,-0.0302544749829989,2023,2022-12-31,learned_market,20260910,0.5861986603183404,0.5861986603183404,1,0,0.34827274009173853,0.5861986603183404,2023-09-30,2022-12-31,negative_low,3401,3405
rolling5_annual20,2902,2023-01-06,2023-01-16,0.0198447929614133,2023,2022-12-31,learned_vol_interaction,20260910,0.2579229355480302,0.2579229355480302,0,1,-1.0567922573458373,0.2579229355480302,2022-12-31,2022-12-31,nonnegative_low,3163,3168
rolling5_annual20,2907,2023-01-13,2023-01-30,0.0465290788350809,2023,2022-12-31,learned_vol_interaction,20260910,0.46834593067568,0.46834593067568,0,1,-0.12678584123141498,0.46834593067568,2022-12-31,2022-12-31,nonnegative_low,3168,3173
rolling5_annual20,2912,2023-01-20,2023-02-06,-0.0383797057844887,2023,2022-12-31,learned_vol_interaction,20260910,0.3968582316115995,0.3968582316115995,0,0,-0.41857315651906474,0.3968582316115995,2022-12-31,2022-12-31,nonnegative_low,3173,3178
rolling5_annual20,2917,2023-02-03,2023-02-13,-0.0012061903149008,2023,2022-12-31,learned_vol_interaction,20260910,0.7386639107975522,0.7386639107975522,1,0,1.03903575127814,0.7386639107975522,2022-12-31,2022-12-31,nonnegative_low,3178,3183
rolling5_annual20,2922,2023-02-10,2023-02-20,-0.0143746584432821,2023,2022-12-31,learned_vol_interaction,20260910,0.3303769483660095,0.3303769483660095,0,0,-0.7064806742145411,0.3303769483660095,2022-12-31,2022-12-31,nonnegative_low,3183,3188
rolling5_annual20,2927,2023-02-17,2023-02-27,0.0001237636016198,2023,2022-12-31,learned_vol_interaction,20260910,0.37895686267521006,0.37895686267521006,0,1,-0.49397816400641653,0.37895686267521006,2022-12-31,2022-12-31,nonnegative_low,3188,3193
rolling5_annual20,2932,2023-02-24,2023-03-06,0.0224454641303217,2023,2022-12-31,learned_vol_interaction,20260910,0.6474147480213357,0.6474147480213357,1,1,0.6076946790215189,0.6474147480213357,2022-12-31,2022-12-31,nonnegative_low,3193,3198
rolling5_annual20,2937,2023-03-03,2023-03-13,-0.0407900947678007,2023,2022-12-31,learned_vol_interaction,20260910,0.7530412308563522,0.7530412308563522,1,0,1.1148985856039366,0.7530412308563522,2022-12-31,2022-12-31,nonnegative_low,3198,3203
rolling5_annual20,2942,2023-03-10,2023-03-20,5.0471402903706775e-06,2023,2022-12-31,learned_vol_interaction,20260910,0.5873882519994295,0.5873882519994295,1,1,0.3531789452329317,0.5873882519994295,2022-12-31,2022-12-31,nonnegative_low,3203,3208
rolling5_annual20,2947,2023-03-17,2023-03-27,0.015302852124583,2023,2022-12-31,learned_vol_interaction,20260910,0.41458186592231894,0.41458186592231894,0,1,-0.3450558907057915,0.41458186592231894,2022-12-31,2022-12-31,nonnegative_low,3208,3213
rolling5_annual20,2952,2023-03-24,2023-04-03,0.0090274153058433,2023,2022-12-31,learned_vol_interaction,20260910,0.35652402288788393,0.35652402288788393,0,1,-0.5904830717704198,0.35652402288788393,2022-12-31,2022-12-31,nonnegative_low,3213,3218
rolling5_annual20,2957,2023-03-31,2023-04-10,0.0178317182396383,2023,2022-12-31,learned_vol_interaction,20260910,0.3863632737017367,0.3863632737017367,0,1,-0.46262505160728473,0.3863632737017367,2022-12-31,2022-12-31,nonnegative_low,3218,3222
rolling5_annual20,2961,2023-04-07,2023-04-17,-0.0101500238382772,2023,2022-12-31,learned_vol_interaction,20260910,0.6043529683218729,0.6043529683218729,1,0,0.42363593225361784,0.6043529683218729,2023-03-31,2022-12-31,nonnegative_low,3222,3227
rolling5_annual20,2966,2023-04-14,2023-04-24,-0.014368947230732,2023,2022-12-31,learned_vol_interaction,20260910,0.3144567628179821,0.3144567628179821,0,0,-0.7793649833744113,0.3144567628179821,2023-03-31,2022-12-31,nonnegative_low,3227,3232
rolling5_annual20,2971,2023-04-21,2023-05-04,-0.0044228908788729,2023,2022-12-31,learned_vol_interaction,20260910,0.4875429689874716,0.4875429689874716,0,0,-0.04983843750442957,0.4875429689874716,2023-03-31,2022-12-31,negative_low,3232,3237
rolling5_annual20,2976,2023-04-28,2023-05-10,0.0036477163153083,2023,2022-12-31,learned_vol_interaction,20260910,0.3596297147597128,0.3596297147597128,0,1,-0.5769716477371737,0.3596297147597128,2023-03-31,2022-12-31,negative_low,3237,3239
rolling5_annual20,2978,2023-05-05,2023-05-15,-0.0221642407977935,2023,2022-12-31,learned_vol_interaction,20260910,0.44140831433605277,0.44140831433605277,0,0,-0.23544843923113706,0.44140831433605277,2023-03-31,2022-12-31,negative_low,3239,3244
rolling5_annual20,2983,2023-05-12,2023-05-22,0.0005509250208819,2023,2022-12-31,learned_vol_interaction,20260910,0.3241710306632204,0.3241710306632204,0,1,-0.7346687911583503,0.3241710306632204,2023-03-31,2022-12-31,negative_low,3244,3249
rolling5_annual20,2988,2023-05-19,2023-05-29,-0.0200253742704897,2023,2022-12-31,learned_vol_interaction,20260910,0.5771140415412856,0.5771140415412856,1,0,0.31093735168616865,0.5771140415412856,2023-03-31,2022-12-31,negative_low,3249,3254
rolling5_annual20,2993,2023-05-26,2023-06-05,-0.0003935703040848,2023,2022-12-31,learned_vol_interaction,20260910,0.5170651713386136,0.5170651713386136,1,0,0.06828720907077582,0.5170651713386136,2023-03-31,2022-12-31,negative_low,3254,3259
rolling5_annual20,2998,2023-06-02,2023-06-12,-0.0086075595250429,2023,2022-12-31,learned_vol_interaction,20260910,0.45864589830252817,0.45864589830252817,0,0,-0.16579514758593605,0.45864589830252817,2023-03-31,2022-12-31,negative_low,3259,3264
rolling5_annual20,3003,2023-06-09,2023-06-19,0.0338878539347273,2023,2022-12-31,learned_vol_interaction,20260910,0.3918169460644426,0.3918169460644426,0,1,-0.43968115580532663,0.3918169460644426,2023-03-31,2022-12-31,negative_low,3264,3269
rolling5_annual20,3008,2023-06-16,2023-07-03,-0.026216632171098,2023,2022-12-31,learned_vol_interaction,20260910,0.39897150529552516,0.39897150529552516,0,0,-0.4097523465249216,0.39897150529552516,2023-03-31,2022-12-31,nonnegative_low,3269,3277
rolling5_annual20,3016,2023-06-30,2023-07-10,-0.0030441518806006,2023,2022-12-31,learned_vol_interaction,20260910,0.4213702849064111,0.4213702849064111,0,0,-0.31715076439667,0.4213702849064111,2023-03-31,2022-12-31,negative_low,3277,3282
rolling5_annual20,3021,2023-07-07,2023-07-17,0.0104280552692135,2023,2022-12-31,learned_vol_interaction,20260910,0.40513894935035405,0.40513894935035405,0,1,-0.38409775687163256,0.40513894935035405,2023-06-30,2022-12-31,negative_low,3282,3287
rolling5_annual20,3026,2023-07-14,2023-07-24,-0.0201642613135752,2023,2022-12-31,learned_vol_interaction,20260910,0.6982450832721806,0.6982450832721806,1,0,0.8389550094108235,0.6982450832721806,2023-06-30,2022-12-31,negative_low,3287,3292
rolling5_annual20,3031,2023-07-21,2023-07-31,0.0566710925894278,2023,2022-12-31,learned_vol_interaction,20260910,0.6403583446603761,0.6403583446603761,1,1,0.5769197993180909,0.6403583446603761,2023-06-30,2022-12-31,negative_low,3292,3297
rolling5_annual20,3036,2023-07-28,2023-08-07,-0.0039612927947766,2023,2022-12-31,learned_vol_interaction,20260910,0.41454143432883767,0.41454143432883767,0,0,-0.34522248133400285,0.41454143432883767,2023-06-30,2022-12-31,negative_low,3297,3302
rolling5_annual20,3041,2023-08-04,2023-08-14,-0.0404899362223548,2023,2022-12-31,learned_vol_interaction,20260910,0.3264187058912034,0.3264187058912034,0,0,-0.7244277613505042,0.3264187058912034,2023-06-30,2022-12-31,nonnegative_low,3302,3307
rolling5_annual20,3046,2023-08-11,2023-08-21,-0.0176157088591445,2023,2022-12-31,learned_vol_interaction,20260910,0.2554527395532382,0.2554527395532382,0,0,-1.0697389094143894,0.2554527395532382,2023-06-30,2022-12-31,negative_low,3307,3312
rolling5_annual20,3051,2023-08-18,2023-08-28,0.0366582477081969,2023,2022-12-31,learned_vol_interaction,20260910,0.6149345833754644,0.6149345833754644,1,1,0.4681026604891736,0.6149345833754644,2023-06-30,2022-12-31,negative_high,3312,3317
rolling5_annual20,3056,2023-08-25,2023-09-04,-0.025197172476384,2023,2022-12-31,learned_vol_interaction,20260910,0.2816747132417266,0.2816747132417266,0,0,-0.9361696060752561,0.2816747132417266,2023-06-30,2022-12-31,negative_low,3317,3322
rolling5_annual20,3061,2023-09-01,2023-09-11,-0.0189903461587886,2023,2022-12-31,learned_vol_interaction,20260910,0.586511889761913,0.586511889761913,1,0,0.34956418019521096,0.586511889761913,2023-06-30,2022-12-31,nonnegative_low,3322,3327
rolling5_annual20,3066,2023-09-08,2023-09-18,-0.0111346368744954,2023,2022-12-31,learned_vol_interaction,20260910,0.6154558472253346,0.6154558472253346,1,0,0.4703045942262121,0.6154558472253346,2023-06-30,2022-12-31,negative_low,3327,3332
rolling5_annual20,3071,2023-09-15,2023-09-25,0.0105787349314532,2023,2022-12-31,learned_vol_interaction,20260910,0.6977509115308642,0.6977509115308642,1,1,0.836610705128853,0.6977509115308642,2023-06-30,2022-12-31,negative_low,3332,3337
rolling5_annual20,3076,2023-09-22,2023-10-16,-0.0198017153282719,2023,2022-12-31,learned_vol_interaction,20260910,0.30811498908515295,0.30811498908515295,0,0,-0.8089467181271843,0.30811498908515295,2023-06-30,2022-12-31,negative_low,3337,3346
rolling5_annual20,3085,2023-10-13,2023-10-23,-0.0447156690429144,2023,2022-12-31,learned_vol_interaction,20260910,0.3186248238753865,0.3186248238753865,0,0,-0.7600987639369768,0.3186248238753865,2023-09-30,2022-12-31,negative_low,3346,3351
rolling5_annual20,3090,2023-10-20,2023-10-30,0.0154019770298841,2023,2022-12-31,learned_vol_interaction,20260910,0.47503108967166396,0.47503108967166396,0,1,-0.09995878858282525,0.47503108967166396,2023-09-30,2022-12-31,negative_low,3351,3356
rolling5_annual20,3095,2023-10-27,2023-11-06,0.0152527637017425,2023,2022-12-31,learned_vol_interaction,20260910,0.6510572958536329,0.6510572958536329,1,1,0.6236899131752567,0.6510572958536329,2023-09-30,2022-12-31,negative_low,3356,3361
rolling5_annual20,3100,2023-11-03,2023-11-13,-0.0039935482440582,2023,2022-12-31,learned_vol_interaction,20260910,0.6337676621247442,0.6337676621247442,1,0,0.5484144888103508,0.6337676621247442,2023-09-30,2022-12-31,negative_low,3361,3366
rolling5_annual20,3105,2023-11-10,2023-11-20,-0.0067280482816765,2023,2022-12-31,learned_vol_interaction,20260910,0.3556888618333624,0.3556888618333624,0,0,-0.5941253781403986,0.3556888618333624,2023-09-30,2022-12-31,negative_low,3366,3371
rolling5_annual20,3110,2023-11-17,2023-11-27,-0.0098859017348651,2023,2022-12-31,learned_vol_interaction,20260910,0.5240193760809451,0.5240193760809451,1,0,0.09615151354061155,0.5240193760809451,2023-09-30,2022-12-31,negative_low,3371,3376
rolling5_annual20,3115,2023-11-24,2023-12-04,-0.0151084754586299,2023,2022-12-31,learned_vol_interaction,20260910,0.6213508844304936,0.6213508844304936,1,0,0.49528599384205557,0.6213508844304936,2023-09-30,2022-12-31,negative_low,3376,3381
rolling5_annual20,3120,2023-12-01,2023-12-11,-0.0295859857973478,2023,2022-12-31,learned_vol_interaction,20260910,0.6548455848453286,0.6548455848453286,1,0,0.6404075624587984,0.6548455848453286,2023-09-30,2022-12-31,negative_low,3381,3386
rolling5_annual20,3125,2023-12-08,2023-12-18,-0.0144639658974852,2023,2022-12-31,learned_vol_interaction,20260910,0.7239937201245994,0.7239937201245994,1,0,0.9643590998570059,0.7239937201245994,2023-09-30,2022-12-31,negative_low,3386,3391
rolling5_annual20,3130,2023-12-15,2023-12-25,0.0003424256350643,2023,2022-12-31,learned_vol_interaction,20260910,0.5093696275054393,0.5093696275054393,1,1,0.03748289792681592,0.5093696275054393,2023-09-30,2022-12-31,negative_low,3391,3396
rolling5_annual20,3135,2023-12-22,2024-01-02,0.0288079559683274,2023,2022-12-31,learned_vol_interaction,20260910,0.3111064131878885,0.3111064131878885,0,1,-0.7949517949941171,0.3111064131878885,2023-09-30,2022-12-31,negative_low,3396,3401
rolling5_annual20,3140,2023-12-29,2024-01-08,-0.0302544749829989,2023,2022-12-31,learned_vol_interaction,20260910,0.5998966954203862,0.5998966954203862,1,0,0.40503469087982424,0.5998966954203862,2023-09-30,2022-12-31,negative_low,3401,3405
rolling5_annual20,2902,2023-01-06,2023-01-16,0.0198447929614133,2023,2022-12-31,learned_order_extension,20260910,0.2943161630816726,0.2943161630816726,0,1,-0.8745127399703118,0.2943161630816726,2022-12-31,2022-12-31,nonnegative_low,3163,3168
rolling5_annual20,2907,2023-01-13,2023-01-30,0.0465290788350809,2023,2022-12-31,learned_order_extension,20260910,0.46027187341536235,0.46027187341536235,0,1,-0.15924819942937035,0.46027187341536235,2022-12-31,2022-12-31,nonnegative_low,3168,3173
rolling5_annual20,2912,2023-01-20,2023-02-06,-0.0383797057844887,2023,2022-12-31,learned_order_extension,20260910,0.3872152058090037,0.3872152058090037,0,0,-0.4590331786292594,0.3872152058090037,2022-12-31,2022-12-31,nonnegative_low,3173,3178
rolling5_annual20,2917,2023-02-03,2023-02-13,-0.0012061903149008,2023,2022-12-31,learned_order_extension,20260910,0.7087431108814826,0.7087431108814826,1,0,0.8892874766720693,0.7087431108814826,2022-12-31,2022-12-31,nonnegative_low,3178,3183
rolling5_annual20,2922,2023-02-10,2023-02-20,-0.0143746584432821,2023,2022-12-31,learned_order_extension,20260910,0.33420380659580207,0.33420380659580207,0,0,-0.6892326015289713,0.33420380659580207,2022-12-31,2022-12-31,nonnegative_low,3183,3188
rolling5_annual20,2927,2023-02-17,2023-02-27,0.0001237636016198,2023,2022-12-31,learned_order_extension,20260910,0.37695809393703467,0.37695809393703467,0,1,-0.5024797568698876,0.37695809393703467,2022-12-31,2022-12-31,nonnegative_low,3188,3193
rolling5_annual20,2932,2023-02-24,2023-03-06,0.0224454641303217,2023,2022-12-31,learned_order_extension,20260910,0.6504979423759706,0.6504979423759706,1,1,0.6212286858125002,0.6504979423759706,2022-12-31,2022-12-31,nonnegative_low,3193,3198
rolling5_annual20,2937,2023-03-03,2023-03-13,-0.0407900947678007,2023,2022-12-31,learned_order_extension,20260910,0.7451391997229981,0.7451391997229981,1,0,1.0728535313475822,0.7451391997229981,2022-12-31,2022-12-31,nonnegative_low,3198,3203
rolling5_annual20,2942,2023-03-10,2023-03-20,5.0471402903706775e-06,2023,2022-12-31,learned_order_extension,20260910,0.5807717243209339,0.5807717243209339,1,1,0.32594219604848035,0.5807717243209339,2022-12-31,2022-12-31,nonnegative_low,3203,3208
rolling5_annual20,2947,2023-03-17,2023-03-27,0.015302852124583,2023,2022-12-31,learned_order_extension,20260910,0.4261400351912486,0.4261400351912486,0,1,-0.29761738944910826,0.4261400351912486,2022-12-31,2022-12-31,nonnegative_low,3208,3213
rolling5_annual20,2952,2023-03-24,2023-04-03,0.0090274153058433,2023,2022-12-31,learned_order_extension,20260910,0.35549705087245137,0.35549705087245137,0,1,-0.5949624447152576,0.35549705087245137,2022-12-31,2022-12-31,nonnegative_low,3213,3218
rolling5_annual20,2957,2023-03-31,2023-04-10,0.0178317182396383,2023,2022-12-31,learned_order_extension,20260910,0.38561638910546875,0.38561638910546875,0,1,-0.46577644180128125,0.38561638910546875,2022-12-31,2022-12-31,nonnegative_low,3218,3222
rolling5_annual20,2961,2023-04-07,2023-04-17,-0.0101500238382772,2023,2022-12-31,learned_order_extension,20260910,0.5803253034213908,0.5803253034213908,1,0,0.3241089350638522,0.5803253034213908,2023-03-31,2022-12-31,nonnegative_low,3222,3227
rolling5_annual20,2966,2023-04-14,2023-04-24,-0.014368947230732,2023,2022-12-31,learned_order_extension,20260910,0.3132796546081912,0.3132796546081912,0,0,-0.784830886121273,0.3132796546081912,2023-03-31,2022-12-31,nonnegative_low,3227,3232
rolling5_annual20,2971,2023-04-21,2023-05-04,-0.0044228908788729,2023,2022-12-31,learned_order_extension,20260910,0.5129717529119044,0.5129717529119044,1,0,0.051898657470070275,0.5129717529119044,2023-03-31,2022-12-31,negative_low,3232,3237
rolling5_annual20,2976,2023-04-28,2023-05-10,0.0036477163153083,2023,2022-12-31,learned_order_extension,20260910,0.3973579997453356,0.3973579997453356,0,1,-0.41648568573914224,0.3973579997453356,2023-03-31,2022-12-31,negative_low,3237,3239
rolling5_annual20,2978,2023-05-05,2023-05-15,-0.0221642407977935,2023,2022-12-31,learned_order_extension,20260910,0.4552249172640749,0.4552249172640749,0,0,-0.17958139678414237,0.4552249172640749,2023-03-31,2022-12-31,negative_low,3239,3244
rolling5_annual20,2983,2023-05-12,2023-05-22,0.0005509250208819,2023,2022-12-31,learned_order_extension,20260910,0.3862794729795211,0.3862794729795211,0,1,-0.4629785260583413,0.3862794729795211,2023-03-31,2022-12-31,negative_low,3244,3249
rolling5_annual20,2988,2023-05-19,2023-05-29,-0.0200253742704897,2023,2022-12-31,learned_order_extension,20260910,0.558285474010296,0.558285474010296,1,0,0.23420662911351042,0.558285474010296,2023-03-31,2022-12-31,negative_low,3249,3254
rolling5_annual20,2993,2023-05-26,2023-06-05,-0.0003935703040848,2023,2022-12-31,learned_order_extension,20260910,0.5195420946101187,0.5195420946101187,1,0,0.078208217618082,0.5195420946101187,2023-03-31,2022-12-31,negative_low,3254,3259
rolling5_annual20,2998,2023-06-02,2023-06-12,-0.0086075595250429,2023,2022-12-31,learned_order_extension,20260910,0.4764646687624865,0.4764646687624865,0,0,-0.09421094551602928,0.4764646687624865,2023-03-31,2022-12-31,negative_low,3259,3264
rolling5_annual20,3003,2023-06-09,2023-06-19,0.0338878539347273,2023,2022-12-31,learned_order_extension,20260910,0.4399504044091518,0.4399504044091518,0,1,-0.2413633400554484,0.4399504044091518,2023-03-31,2022-12-31,negative_low,3264,3269
rolling5_annual20,3008,2023-06-16,2023-07-03,-0.026216632171098,2023,2022-12-31,learned_order_extension,20260910,0.4403657460993596,0.4403657460993596,0,0,-0.23967782956249428,0.4403657460993596,2023-03-31,2022-12-31,nonnegative_low,3269,3277
rolling5_annual20,3016,2023-06-30,2023-07-10,-0.0030441518806006,2023,2022-12-31,learned_order_extension,20260910,0.44347540699034627,0.44347540699034627,0,0,-0.22706901392497203,0.44347540699034627,2023-03-31,2022-12-31,negative_low,3277,3282
rolling5_annual20,3021,2023-07-07,2023-07-17,0.0104280552692135,2023,2022-12-31,learned_order_extension,20260910,0.42525896977192723,0.42525896977192723,0,1,-0.30122123314115307,0.42525896977192723,2023-06-30,2022-12-31,negative_low,3282,3287
rolling5_annual20,3026,2023-07-14,2023-07-24,-0.0201642613135752,2023,2022-12-31,learned_order_extension,20260910,0.6244950957532646,0.6244950957532646,1,0,0.508671944761466,0.6244950957532646,2023-06-30,2022-12-31,negative_low,3287,3292
rolling5_annual20,3031,2023-07-21,2023-07-31,0.0566710925894278,2023,2022-12-31,learned_order_extension,20260910,0.591193586714307,0.591193586714307,1,1,0.3689017948199661,0.591193586714307,2023-06-30,2022-12-31,negative_low,3292,3297
rolling5_annual20,3036,2023-07-28,2023-08-07,-0.0039612927947766,2023,2022-12-31,learned_order_extension,20260910,0.4137031126689188,0.4137031126689188,0,0,-0.3486776975371164,0.4137031126689188,2023-06-30,2022-12-31,negative_low,3297,3302
rolling5_annual20,3041,2023-08-04,2023-08-14,-0.0404899362223548,2023,2022-12-31,learned_order_extension,20260910,0.34971805428457803,0.34971805428457803,0,0,-0.6202787608215925,0.34971805428457803,2023-06-30,2022-12-31,nonnegative_low,3302,3307
rolling5_annual20,3046,2023-08-11,2023-08-21,-0.0176157088591445,2023,2022-12-31,learned_order_extension,20260910,0.2809005484837032,0.2809005484837032,0,0,-0.9399989806693513,0.2809005484837032,2023-06-30,2022-12-31,negative_low,3307,3312
rolling5_annual20,3051,2023-08-18,2023-08-28,0.0366582477081969,2023,2022-12-31,learned_order_extension,20260910,0.5809843846986696,0.5809843846986696,1,1,0.32681569264638644,0.5809843846986696,2023-06-30,2022-12-31,negative_high,3312,3317
rolling5_annual20,3056,2023-08-25,2023-09-04,-0.025197172476384,2023,2022-12-31,learned_order_extension,20260910,0.31129405822030537,0.31129405822030537,0,0,-0.794076399766779,0.31129405822030537,2023-06-30,2022-12-31,negative_low,3317,3322
rolling5_annual20,3061,2023-09-01,2023-09-11,-0.0189903461587886,2023,2022-12-31,learned_order_extension,20260910,0.5671782602532678,0.5671782602532678,1,0,0.270347689558837,0.5671782602532678,2023-06-30,2022-12-31,nonnegative_low,3322,3327
rolling5_annual20,3066,2023-09-08,2023-09-18,-0.0111346368744954,2023,2022-12-31,learned_order_extension,20260910,0.5986378602457478,0.5986378602457478,1,0,0.39979272998561255,0.5986378602457478,2023-06-30,2022-12-31,negative_low,3327,3332
rolling5_annual20,3071,2023-09-15,2023-09-25,0.0105787349314532,2023,2022-12-31,learned_order_extension,20260910,0.6895171394617714,0.6895171394617714,1,1,0.7978628544418198,0.6895171394617714,2023-06-30,2022-12-31,negative_low,3332,3337
rolling5_annual20,3076,2023-09-22,2023-10-16,-0.0198017153282719,2023,2022-12-31,learned_order_extension,20260910,0.33512334993612697,0.33512334993612697,0,0,-0.6851028620075434,0.33512334993612697,2023-06-30,2022-12-31,negative_low,3337,3346
rolling5_annual20,3085,2023-10-13,2023-10-23,-0.0447156690429144,2023,2022-12-31,learned_order_extension,20260910,0.30440510308782714,0.30440510308782714,0,0,-0.8264080559525634,0.30440510308782714,2023-09-30,2022-12-31,negative_low,3346,3351
rolling5_annual20,3090,2023-10-20,2023-10-30,0.0154019770298841,2023,2022-12-31,learned_order_extension,20260910,0.4766281929131953,0.4766281929131953,0,1,-0.0935554065382426,0.4766281929131953,2023-09-30,2022-12-31,negative_low,3351,3356
rolling5_annual20,3095,2023-10-27,2023-11-06,0.0152527637017425,2023,2022-12-31,learned_order_extension,20260910,0.626916446466881,0.626916446466881,1,1,0.5190108738607668,0.626916446466881,2023-09-30,2022-12-31,negative_low,3356,3361
rolling5_annual20,3100,2023-11-03,2023-11-13,-0.0039935482440582,2023,2022-12-31,learned_order_extension,20260910,0.6201049564983336,0.6201049564983336,1,0,0.48999373512841554,0.6201049564983336,2023-09-30,2022-12-31,negative_low,3361,3366
rolling5_annual20,3105,2023-11-10,2023-11-20,-0.0067280482816765,2023,2022-12-31,learned_order_extension,20260910,0.3738864366587212,0.3738864366587212,0,0,-0.5155796597279743,0.3738864366587212,2023-09-30,2022-12-31,negative_low,3366,3371
rolling5_annual20,3110,2023-11-17,2023-11-27,-0.0098859017348651,2023,2022-12-31,learned_order_extension,20260910,0.5345355040949834,0.5345355040949834,1,0,0.1383623302051361,0.5345355040949834,2023-09-30,2022-12-31,negative_low,3371,3376
rolling5_annual20,3115,2023-11-24,2023-12-04,-0.0151084754586299,2023,2022-12-31,learned_order_extension,20260910,0.5989782474931528,0.5989782474931528,1,0,0.40120961126515897,0.5989782474931528,2023-09-30,2022-12-31,negative_low,3376,3381
rolling5_annual20,3120,2023-12-01,2023-12-11,-0.0295859857973478,2023,2022-12-31,learned_order_extension,20260910,0.6371672623479381,0.6371672623479381,1,0,0.5630902491026275,0.6371672623479381,2023-09-30,2022-12-31,negative_low,3381,3386
rolling5_annual20,3125,2023-12-08,2023-12-18,-0.0144639658974852,2023,2022-12-31,learned_order_extension,20260910,0.726127480353712,0.726127480353712,1,0,0.9750628508267104,0.726127480353712,2023-09-30,2022-12-31,negative_low,3386,3391
rolling5_annual20,3130,2023-12-15,2023-12-25,0.0003424256350643,2023,2022-12-31,learned_order_extension,20260910,0.5071153715809007,0.5071153715809007,1,1,0.0284634078407191,0.5071153715809007,2023-09-30,2022-12-31,negative_low,3391,3396
rolling5_annual20,3135,2023-12-22,2024-01-02,0.0288079559683274,2023,2022-12-31,learned_order_extension,20260910,0.3270929793257609,0.3270929793257609,0,1,-0.7213626926724432,0.3270929793257609,2023-09-30,2022-12-31,negative_low,3396,3401
rolling5_annual20,3140,2023-12-29,2024-01-08,-0.0302544749829989,2023,2022-12-31,learned_order_extension,20260910,0.5992256981518858,0.5992256981518858,1,0,0.4022398881501219,0.5992256981518858,2023-09-30,2022-12-31,negative_low,3401,3405
rolling5_annual20,2902,2023-01-06,2023-01-16,0.0198447929614133,2023,2022-12-31,learned_order_offset,20260910,0.29436491679511234,0.29436491679511234,0,1,-0.8742780132931622,0.29436491679511234,2022-12-31,2022-12-31,nonnegative_low,3163,3168
rolling5_annual20,2907,2023-01-13,2023-01-30,0.0465290788350809,2023,2022-12-31,learned_order_offset,20260910,0.45922844261203544,0.45922844261203544,0,1,-0.1634491471849937,0.45922844261203544,2022-12-31,2022-12-31,nonnegative_low,3168,3173
rolling5_annual20,2912,2023-01-20,2023-02-06,-0.0383797057844887,2023,2022-12-31,learned_order_offset,20260910,0.3863007910171924,0.3863007910171924,0,0,-0.46288860311681435,0.3863007910171924,2022-12-31,2022-12-31,nonnegative_low,3173,3178
rolling5_annual20,2917,2023-02-03,2023-02-13,-0.0012061903149008,2023,2022-12-31,learned_order_offset,20260910,0.708109906191393,0.708109906191393,1,0,0.8862219760306908,0.708109906191393,2022-12-31,2022-12-31,nonnegative_low,3178,3183
rolling5_annual20,2922,2023-02-10,2023-02-20,-0.0143746584432821,2023,2022-12-31,learned_order_offset,20260910,0.3342356424663725,0.3342356424663725,0,0,-0.689089529831718,0.3342356424663725,2022-12-31,2022-12-31,nonnegative_low,3183,3188
rolling5_annual20,2927,2023-02-17,2023-02-27,0.0001237636016198,2023,2022-12-31,learned_order_offset,20260910,0.3768936129162209,0.3768936129162209,0,1,-0.5027543162255389,0.3768936129162209,2022-12-31,2022-12-31,nonnegative_low,3188,3193
rolling5_annual20,2932,2023-02-24,2023-03-06,0.0224454641303217,2023,2022-12-31,learned_order_offset,20260910,0.650954614063496,0.650954614063496,1,1,0.6232379631072749,0.650954614063496,2022-12-31,2022-12-31,nonnegative_low,3193,3198
rolling5_annual20,2937,2023-03-03,2023-03-13,-0.0407900947678007,2023,2022-12-31,learned_order_offset,20260910,0.744213255918267,0.744213255918267,1,0,1.0679835616743212,0.744213255918267,2022-12-31,2022-12-31,nonnegative_low,3198,3203
rolling5_annual20,2942,2023-03-10,2023-03-20,5.0471402903706775e-06,2023,2022-12-31,learned_order_offset,20260910,0.581402685223824,0.581402685223824,1,1,0.32853421144344674,0.581402685223824,2022-12-31,2022-12-31,nonnegative_low,3203,3208
rolling5_annual20,2947,2023-03-17,2023-03-27,0.015302852124583,2023,2022-12-31,learned_order_offset,20260910,0.4267138677564879,0.4267138677564879,0,1,-0.29527126058700454,0.4267138677564879,2022-12-31,2022-12-31,nonnegative_low,3208,3213
rolling5_annual20,2952,2023-03-24,2023-04-03,0.0090274153058433,2023,2022-12-31,learned_order_offset,20260910,0.3550974197538086,0.3550974197538086,0,1,-0.5967070933399864,0.3550974197538086,2022-12-31,2022-12-31,nonnegative_low,3213,3218
rolling5_annual20,2957,2023-03-31,2023-04-10,0.0178317182396383,2023,2022-12-31,learned_order_offset,20260910,0.38476763491007665,0.38476763491007665,0,1,-0.4693604194688126,0.38476763491007665,2022-12-31,2022-12-31,nonnegative_low,3218,3222
rolling5_annual20,2961,2023-04-07,2023-04-17,-0.0101500238382772,2023,2022-12-31,learned_order_offset,20260910,0.5794010068026585,0.5794010068026585,1,0,0.32031495346181516,0.5794010068026585,2023-03-31,2022-12-31,nonnegative_low,3222,3227
rolling5_annual20,2966,2023-04-14,2023-04-24,-0.014368947230732,2023,2022-12-31,learned_order_offset,20260910,0.31197453771328737,0.31197453771328737,0,0,-0.7909042718002821,0.31197453771328737,2023-03-31,2022-12-31,nonnegative_low,3227,3232
rolling5_annual20,2971,2023-04-21,2023-05-04,-0.0044228908788729,2023,2022-12-31,learned_order_offset,20260910,0.5149450703710334,0.5149450703710334,1,0,0.059798094010149905,0.5149450703710334,2023-03-31,2022-12-31,negative_low,3232,3237
rolling5_annual20,2976,2023-04-28,2023-05-10,0.0036477163153083,2023,2022-12-31,learned_order_offset,20260910,0.39823395699918146,0.39823395699918146,0,1,-0.41282907264716034,0.39823395699918146,2023-03-31,2022-12-31,negative_low,3237,3239
rolling5_annual20,2978,2023-05-05,2023-05-15,-0.0221642407977935,2023,2022-12-31,learned_order_offset,20260910,0.4559542898668919,0.4559542898668919,0,0,-0.17664070633604073,0.4559542898668919,2023-03-31,2022-12-31,negative_low,3239,3244
rolling5_annual20,2983,2023-05-12,2023-05-22,0.0005509250208819,2023,2022-12-31,learned_order_offset,20260910,0.38735140673750457,0.38735140673750457,0,1,-0.45845920547337976,0.38735140673750457,2023-03-31,2022-12-31,negative_low,3244,3249
rolling5_annual20,2988,2023-05-19,2023-05-29,-0.0200253742704897,2023,2022-12-31,learned_order_offset,20260910,0.5583236766115218,0.5583236766115218,1,0,0.2343615460313384,0.5583236766115218,2023-03-31,2022-12-31,negative_low,3249,3254
rolling5_annual20,2993,2023-05-26,2023-06-05,-0.0003935703040848,2023,2022-12-31,learned_order_offset,20260910,0.5196713253356512,0.5196713253356512,1,0,0.07872593661562971,0.5196713253356512,2023-03-31,2022-12-31,negative_low,3254,3259
rolling5_annual20,2998,2023-06-02,2023-06-12,-0.0086075595250429,2023,2022-12-31,learned_order_offset,20260910,0.4774002230107331,0.4774002230107331,0,0,-0.09046074531265767,0.4774002230107331,2023-03-31,2022-12-31,negative_low,3259,3264
rolling5_annual20,3003,2023-06-09,2023-06-19,0.0338878539347273,2023,2022-12-31,learned_order_offset,20260910,0.44203236200402185,0.44203236200402185,0,1,-0.23291786767535633,0.44203236200402185,2023-03-31,2022-12-31,negative_low,3264,3269
rolling5_annual20,3008,2023-06-16,2023-07-03,-0.026216632171098,2023,2022-12-31,learned_order_offset,20260910,0.44122158681927054,0.44122158681927054,0,0,-0.23620578226841005,0.44122158681927054,2023-03-31,2022-12-31,nonnegative_low,3269,3277
rolling5_annual20,3016,2023-06-30,2023-07-10,-0.0030441518806006,2023,2022-12-31,learned_order_offset,20260910,0.4443353288773946,0.4443353288773946,0,0,-0.2235854802177515,0.4443353288773946,2023-03-31,2022-12-31,negative_low,3277,3282
rolling5_annual20,3021,2023-07-07,2023-07-17,0.0104280552692135,2023,2022-12-31,learned_order_offset,20260910,0.4256085180406109,0.4256085180406109,0,1,-0.29979123614585107,0.4256085180406109,2023-06-30,2022-12-31,negative_low,3282,3287
rolling5_annual20,3026,2023-07-14,2023-07-24,-0.0201642613135752,2023,2022-12-31,learned_order_offset,20260910,0.623906968031916,0.623906968031916,1,0,0.5061647293297137,0.623906968031916,2023-06-30,2022-12-31,negative_low,3287,3292
rolling5_annual20,3031,2023-07-21,2023-07-31,0.0566710925894278,2023,2022-12-31,learned_order_offset,20260910,0.5909164484602238,0.5909164484602238,1,1,0.3677552165749059,0.5909164484602238,2023-06-30,2022-12-31,negative_low,3292,3297
rolling5_annual20,3036,2023-07-28,2023-08-07,-0.0039612927947766,2023,2022-12-31,learned_order_offset,20260910,0.4138182586819264,0.4138182586819264,0,0,-0.3482029915113987,0.4138182586819264,2023-06-30,2022-12-31,negative_low,3297,3302
rolling5_annual20,3041,2023-08-04,2023-08-14,-0.0404899362223548,2023,2022-12-31,learned_order_offset,20260910,0.3499694885504753,0.3499694885504753,0,0,-0.6191733273662016,0.3499694885504753,2023-06-30,2022-12-31,nonnegative_low,3302,3307
rolling5_annual20,3046,2023-08-11,2023-08-21,-0.0176157088591445,2023,2022-12-31,learned_order_offset,20260910,0.28220374642564056,0.28220374642564056,0,0,-0.9335564442705784,0.28220374642564056,2023-06-30,2022-12-31,negative_low,3307,3312
rolling5_annual20,3051,2023-08-18,2023-08-28,0.0366582477081969,2023,2022-12-31,learned_order_offset,20260910,0.5800249132918106,0.5800249132918106,1,1,0.3228756644127522,0.5800249132918106,2023-06-30,2022-12-31,negative_high,3312,3317
rolling5_annual20,3056,2023-08-25,2023-09-04,-0.025197172476384,2023,2022-12-31,learned_order_offset,20260910,0.311648784966294,0.311648784966294,0,0,-0.7924223301118916,0.311648784966294,2023-06-30,2022-12-31,negative_low,3317,3322
rolling5_annual20,3061,2023-09-01,2023-09-11,-0.0189903461587886,2023,2022-12-31,learned_order_offset,20260910,0.566362837903968,0.566362837903968,1,0,0.2670267767878318,0.566362837903968,2023-06-30,2022-12-31,nonnegative_low,3322,3327
rolling5_annual20,3066,2023-09-08,2023-09-18,-0.0111346368744954,2023,2022-12-31,learned_order_offset,20260910,0.5991422738205142,0.5991422738205142,1,0,0.4018925220176909,0.5991422738205142,2023-06-30,2022-12-31,negative_low,3327,3332
rolling5_annual20,3071,2023-09-15,2023-09-25,0.0105787349314532,2023,2022-12-31,learned_order_offset,20260910,0.6890568513220626,0.6890568513220626,1,1,0.7957136866235064,0.6890568513220626,2023-06-30,2022-12-31,negative_low,3332,3337
rolling5_annual20,3076,2023-09-22,2023-10-16,-0.0198017153282719,2023,2022-12-31,learned_order_offset,20260910,0.33653104179539023,0.33653104179539023,0,0,-0.678791673905772,0.33653104179539023,2023-06-30,2022-12-31,negative_low,3337,3346
rolling5_annual20,3085,2023-10-13,2023-10-23,-0.0447156690429144,2023,2022-12-31,learned_order_offset,20260910,0.3043326508764281,0.3043326508764281,0,0,-0.8267502499608161,0.3043326508764281,2023-09-30,2022-12-31,negative_low,3346,3351
rolling5_annual20,3090,2023-10-20,2023-10-30,0.0154019770298841,2023,2022-12-31,learned_order_offset,20260910,0.47659825611933193,0.47659825611933193,0,1,-0.09367541626682441,0.47659825611933193,2023-09-30,2022-12-31,negative_low,3351,3356
rolling5_annual20,3095,2023-10-27,2023-11-06,0.0152527637017425,2023,2022-12-31,learned_order_offset,20260910,0.6264366229627167,0.6264366229627167,1,1,0.5169599343969677,0.6264366229627167,2023-09-30,2022-12-31,negative_low,3356,3361
rolling5_annual20,3100,2023-11-03,2023-11-13,-0.0039935482440582,2023,2022-12-31,learned_order_offset,20260910,0.6200843647075565,0.6200843647075565,1,0,0.48990632520740307,0.6200843647075565,2023-09-30,2022-12-31,negative_low,3361,3366
rolling5_annual20,3105,2023-11-10,2023-11-20,-0.0067280482816765,2023,2022-12-31,learned_order_offset,20260910,0.37497342119156146,0.37497342119156146,0,0,-0.5109390282896673,0.37497342119156146,2023-09-30,2022-12-31,negative_low,3366,3371
rolling5_annual20,3110,2023-11-17,2023-11-27,-0.0098859017348651,2023,2022-12-31,learned_order_offset,20260910,0.5354394988574229,0.5354394988574229,1,0,0.14199610303666654,0.5354394988574229,2023-09-30,2022-12-31,negative_low,3371,3376
rolling5_annual20,3115,2023-11-24,2023-12-04,-0.0151084754586299,2023,2022-12-31,learned_order_offset,20260910,0.5989205204906171,0.5989205204906171,1,0,0.40096929138559884,0.5989205204906171,2023-09-30,2022-12-31,negative_low,3376,3381
rolling5_annual20,3120,2023-12-01,2023-12-11,-0.0295859857973478,2023,2022-12-31,learned_order_offset,20260910,0.6373428416572482,0.6373428416572482,1,0,0.563849803151054,0.6373428416572482,2023-09-30,2022-12-31,negative_low,3381,3386
rolling5_annual20,3125,2023-12-08,2023-12-18,-0.0144639658974852,2023,2022-12-31,learned_order_offset,20260910,0.7263297183442197,0.7263297183442197,1,0,0.9760800390675144,0.7263297183442197,2023-09-30,2022-12-31,negative_low,3386,3391
rolling5_annual20,3130,2023-12-15,2023-12-25,0.0003424256350643,2023,2022-12-31,learned_order_offset,20260910,0.5070535490594527,0.5070535490594527,1,1,0.02821606809910271,0.5070535490594527,2023-09-30,2022-12-31,negative_low,3391,3396
rolling5_annual20,3135,2023-12-22,2024-01-02,0.0288079559683274,2023,2022-12-31,learned_order_offset,20260910,0.3275411380993484,0.3275411380993484,0,1,-0.7193272780061664,0.3275411380993484,2023-09-30,2022-12-31,negative_low,3396,3401
rolling5_annual20,3140,2023-12-29,2024-01-08,-0.0302544749829989,2023,2022-12-31,learned_order_offset,20260910,0.5991665765171357,0.5991665765171357,1,0,0.40199371225183667,0.5991665765171357,2023-09-30,2022-12-31,negative_low,3401,3405
rolling5_annual20,2902,2023-01-06,2023-01-16,0.0198447929614133,2023,2022-12-31,learned_market,20260911,0.4109996836659653,0.4109996836659653,0,1,-0.3598342758943569,0.4109996836659653,2022-12-31,2022-12-31,nonnegative_low,3163,3168
rolling5_annual20,2907,2023-01-13,2023-01-30,0.0465290788350809,2023,2022-12-31,learned_market,20260911,0.344318482304961,0.344318482304961,0,1,-0.6441081300167331,0.344318482304961,2022-12-31,2022-12-31,nonnegative_low,3168,3173
rolling5_annual20,2912,2023-01-20,2023-02-06,-0.0383797057844887,2023,2022-12-31,learned_market,20260911,0.6588589521771411,0.6588589521771411,1,0,0.6582134567377618,0.6588589521771411,2022-12-31,2022-12-31,nonnegative_low,3173,3178
rolling5_annual20,2917,2023-02-03,2023-02-13,-0.0012061903149008,2023,2022-12-31,learned_market,20260911,0.5846417083500102,0.5846417083500102,1,0,0.34185769411097394,0.5846417083500102,2022-12-31,2022-12-31,nonnegative_low,3178,3183
rolling5_annual20,2922,2023-02-10,2023-02-20,-0.0143746584432821,2023,2022-12-31,learned_market,20260911,0.37229435163057095,0.37229435163057095,0,0,-0.5223865345905724,0.37229435163057095,2022-12-31,2022-12-31,nonnegative_low,3183,3188
rolling5_annual20,2927,2023-02-17,2023-02-27,0.0001237636016198,2023,2022-12-31,learned_market,20260911,0.4278917331001193,0.4278917331001193,0,1,-0.2904580477304527,0.4278917331001193,2022-12-31,2022-12-31,nonnegative_low,3188,3193
rolling5_annual20,2932,2023-02-24,2023-03-06,0.0224454641303217,2023,2022-12-31,learned_market,20260911,0.6524353768671635,0.6524353768671635,1,1,0.6297614814428633,0.6524353768671635,2022-12-31,2022-12-31,nonnegative_low,3193,3198
rolling5_annual20,2937,2023-03-03,2023-03-13,-0.0407900947678007,2023,2022-12-31,learned_market,20260911,0.767620468884498,0.767620468884498,1,0,1.194923484856209,0.767620468884498,2022-12-31,2022-12-31,nonnegative_low,3198,3203
rolling5_annual20,2942,2023-03-10,2023-03-20,5.0471402903706775e-06,2023,2022-12-31,learned_market,20260911,0.6078004132598206,0.6078004132598206,1,1,0.43807570034471943,0.6078004132598206,2022-12-31,2022-12-31,nonnegative_low,3203,3208
rolling5_annual20,2947,2023-03-17,2023-03-27,0.015302852124583,2023,2022-12-31,learned_market,20260911,0.41902195233093853,0.41902195233093853,0,1,-0.3267896616882992,0.41902195233093853,2022-12-31,2022-12-31,nonnegative_low,3208,3213
rolling5_annual20,2952,2023-03-24,2023-04-03,0.0090274153058433,2023,2022-12-31,learned_market,20260911,0.4677158880927443,0.4677158880927443,0,1,-0.12931635688179238,0.4677158880927443,2022-12-31,2022-12-31,nonnegative_low,3213,3218
rolling5_annual20,2957,2023-03-31,2023-04-10,0.0178317182396383,2023,2022-12-31,learned_market,20260911,0.5644297293997745,0.5644297293997745,1,1,0.25915975351651327,0.5644297293997745,2022-12-31,2022-12-31,nonnegative_low,3218,3222
rolling5_annual20,2961,2023-04-07,2023-04-17,-0.0101500238382772,2023,2022-12-31,learned_market,20260911,0.5123926969413866,0.5123926969413866,1,0,0.049580942213851585,0.5123926969413866,2023-03-31,2022-12-31,nonnegative_low,3222,3227
rolling5_annual20,2966,2023-04-14,2023-04-24,-0.014368947230732,2023,2022-12-31,learned_market,20260911,0.511707795083602,0.511707795083602,1,0,0.0468397421716871,0.511707795083602,2023-03-31,2022-12-31,nonnegative_low,3227,3232
rolling5_annual20,2971,2023-04-21,2023-05-04,-0.0044228908788729,2023,2022-12-31,learned_market,20260911,0.37484009153446224,0.37484009153446224,0,0,-0.5115079581046428,0.37484009153446224,2023-03-31,2022-12-31,negative_low,3232,3237
rolling5_annual20,2976,2023-04-28,2023-05-10,0.0036477163153083,2023,2022-12-31,learned_market,20260911,0.35090610116443816,0.35090610116443816,0,1,-0.6150587189473411,0.35090610116443816,2023-03-31,2022-12-31,negative_low,3237,3239
rolling5_annual20,2978,2023-05-05,2023-05-15,-0.0221642407977935,2023,2022-12-31,learned_market,20260911,0.34027916805748615,0.34027916805748615,0,0,-0.6620504004047333,0.34027916805748615,2023-03-31,2022-12-31,negative_low,3239,3244
rolling5_annual20,2983,2023-05-12,2023-05-22,0.0005509250208819,2023,2022-12-31,learned_market,20260911,0.49754285644712,0.49754285644712,0,1,-0.009828653333402212,0.49754285644712,2023-03-31,2022-12-31,negative_low,3244,3249
rolling5_annual20,2988,2023-05-19,2023-05-29,-0.0200253742704897,2023,2022-12-31,learned_market,20260911,0.7549084578883676,0.7549084578883676,1,0,1.1249647120377568,0.7549084578883676,2023-03-31,2022-12-31,negative_low,3249,3254
rolling5_annual20,2993,2023-05-26,2023-06-05,-0.0003935703040848,2023,2022-12-31,learned_market,20260911,0.5039392773809649,0.5039392773809649,1,0,0.015757435559133823,0.5039392773809649,2023-03-31,2022-12-31,negative_low,3254,3259
rolling5_annual20,2998,2023-06-02,2023-06-12,-0.0086075595250429,2023,2022-12-31,learned_market,20260911,0.39899180688484476,0.39899180688484476,0,0,-0.40966768435758716,0.39899180688484476,2023-03-31,2022-12-31,negative_low,3259,3264
rolling5_annual20,3003,2023-06-09,2023-06-19,0.0338878539347273,2023,2022-12-31,learned_market,20260911,0.4684734509310129,0.4684734509310129,0,1,-0.12627371591025024,0.4684734509310129,2023-03-31,2022-12-31,negative_low,3264,3269
rolling5_annual20,3008,2023-06-16,2023-07-03,-0.026216632171098,2023,2022-12-31,learned_market,20260911,0.43999508820011124,0.43999508820011124,0,0,-0.24118199109352642,0.43999508820011124,2023-03-31,2022-12-31,nonnegative_low,3269,3277
rolling5_annual20,3016,2023-06-30,2023-07-10,-0.0030441518806006,2023,2022-12-31,learned_market,20260911,0.494623114929346,0.494623114929346,0,0,-0.021508369409742788,0.494623114929346,2023-03-31,2022-12-31,negative_low,3277,3282
rolling5_annual20,3021,2023-07-07,2023-07-17,0.0104280552692135,2023,2022-12-31,learned_market,20260911,0.4321304643658555,0.4321304643658555,0,1,-0.2731641580553044,0.4321304643658555,2023-06-30,2022-12-31,negative_low,3282,3287
rolling5_annual20,3026,2023-07-14,2023-07-24,-0.0201642613135752,2023,2022-12-31,learned_market,20260911,0.40871557780436546,0.40871557780436546,0,0,-0.3692776521271597,0.40871557780436546,2023-06-30,2022-12-31,negative_low,3287,3292
rolling5_annual20,3031,2023-07-21,2023-07-31,0.0566710925894278,2023,2022-12-31,learned_market,20260911,0.39545774353332364,0.39545774353332364,0,1,-0.4244276324349951,0.39545774353332364,2023-06-30,2022-12-31,negative_low,3292,3297
rolling5_annual20,3036,2023-07-28,2023-08-07,-0.0039612927947766,2023,2022-12-31,learned_market,20260911,0.42456681759896686,0.42456681759896686,0,0,-0.30405372143624,0.42456681759896686,2023-06-30,2022-12-31,negative_low,3297,3302
rolling5_annual20,3041,2023-08-04,2023-08-14,-0.0404899362223548,2023,2022-12-31,learned_market,20260911,0.4091884265741096,0.4091884265741096,0,0,-0.3673213892564973,0.4091884265741096,2023-06-30,2022-12-31,nonnegative_low,3302,3307
rolling5_annual20,3046,2023-08-11,2023-08-21,-0.0176157088591445,2023,2022-12-31,learned_market,20260911,0.6814136065435475,0.6814136065435475,1,0,0.7602757842677486,0.6814136065435475,2023-06-30,2022-12-31,negative_low,3307,3312
rolling5_annual20,3051,2023-08-18,2023-08-28,0.0366582477081969,2023,2022-12-31,learned_market,20260911,0.47430326900984304,0.47430326900984304,0,1,-0.10287756426902658,0.47430326900984304,2023-06-30,2022-12-31,negative_high,3312,3317
rolling5_annual20,3056,2023-08-25,2023-09-04,-0.025197172476384,2023,2022-12-31,learned_market,20260911,0.5259209733581712,0.5259209733581712,1,0,0.10377693001508348,0.5259209733581712,2023-06-30,2022-12-31,negative_low,3317,3322
rolling5_annual20,3061,2023-09-01,2023-09-11,-0.0189903461587886,2023,2022-12-31,learned_market,20260911,0.395595892092896,0.395595892092896,0,0,-0.42384981134210886,0.395595892092896,2023-06-30,2022-12-31,nonnegative_low,3322,3327
rolling5_annual20,3066,2023-09-08,2023-09-18,-0.0111346368744954,2023,2022-12-31,learned_market,20260911,0.5798161195333322,0.5798161195333322,1,0,0.32201859188557075,0.5798161195333322,2023-06-30,2022-12-31,negative_low,3327,3332
rolling5_annual20,3071,2023-09-15,2023-09-25,0.0105787349314532,2023,2022-12-31,learned_market,20260911,0.7450189853974029,0.7450189853974029,1,1,1.0722206119618938,0.7450189853974029,2023-06-30,2022-12-31,negative_low,3332,3337
rolling5_annual20,3076,2023-09-22,2023-10-16,-0.0198017153282719,2023,2022-12-31,learned_market,20260911,0.583578965260687,0.583578965260687,1,0,0.33748292175344924,0.583578965260687,2023-06-30,2022-12-31,negative_low,3337,3346
rolling5_annual20,3085,2023-10-13,2023-10-23,-0.0447156690429144,2023,2022-12-31,learned_market,20260911,0.3579981426496856,0.3579981426496856,0,0,-0.5840633984969297,0.3579981426496856,2023-09-30,2022-12-31,negative_low,3346,3351
rolling5_annual20,3090,2023-10-20,2023-10-30,0.0154019770298841,2023,2022-12-31,learned_market,20260911,0.3588375166965016,0.3588375166965016,0,1,-0.5804132225889145,0.3588375166965016,2023-09-30,2022-12-31,negative_low,3351,3356
rolling5_annual20,3095,2023-10-27,2023-11-06,0.0152527637017425,2023,2022-12-31,learned_market,20260911,0.4539820534579447,0.4539820534579447,0,1,-0.18459417689766283,0.4539820534579447,2023-09-30,2022-12-31,negative_low,3356,3361
rolling5_annual20,3100,2023-11-03,2023-11-13,-0.0039935482440582,2023,2022-12-31,learned_market,20260911,0.6448898642116608,0.6448898642116608,1,0,0.5966515660378584,0.6448898642116608,2023-09-30,2022-12-31,negative_low,3361,3366
rolling5_annual20,3105,2023-11-10,2023-11-20,-0.0067280482816765,2023,2022-12-31,learned_market,20260911,0.47717516538664567,0.47717516538664567,0,0,-0.09136283719655283,0.47717516538664567,2023-09-30,2022-12-31,negative_low,3366,3371
rolling5_annual20,3110,2023-11-17,2023-11-27,-0.0098859017348651,2023,2022-12-31,learned_market,20260911,0.4340988928329714,0.4340988928329714,0,0,-0.26514696880386024,0.4340988928329714,2023-09-30,2022-12-31,negative_low,3371,3376
rolling5_annual20,3115,2023-11-24,2023-12-04,-0.0151084754586299,2023,2022-12-31,learned_market,20260911,0.48953743061998295,0.48953743061998295,0,0,-0.0418563873327829,0.48953743061998295,2023-09-30,2022-12-31,negative_low,3376,3381
rolling5_annual20,3120,2023-12-01,2023-12-11,-0.0295859857973478,2023,2022-12-31,learned_market,20260911,0.5673430499138431,0.5673430499138431,1,0,0.2710189961604384,0.5673430499138431,2023-09-30,2022-12-31,negative_low,3381,3386
rolling5_annual20,3125,2023-12-08,2023-12-18,-0.0144639658974852,2023,2022-12-31,learned_market,20260911,0.4498414785432064,0.4498414785432064,0,0,-0.2013112067306444,0.4498414785432064,2023-09-30,2022-12-31,negative_low,3386,3391
rolling5_annual20,3130,2023-12-15,2023-12-25,0.0003424256350643,2023,2022-12-31,learned_market,20260911,0.4536437127074865,0.4536437127074865,0,1,-0.18595918758833774,0.4536437127074865,2023-09-30,2022-12-31,negative_low,3391,3396
rolling5_annual20,3135,2023-12-22,2024-01-02,0.0288079559683274,2023,2022-12-31,learned_market,20260911,0.4739524108128557,0.4739524108128557,0,1,-0.10428476485927562,0.4739524108128557,2023-09-30,2022-12-31,negative_low,3396,3401
rolling5_annual20,3140,2023-12-29,2024-01-08,-0.0302544749829989,2023,2022-12-31,learned_market,20260911,0.541540127112818,0.541540127112818,1,0,0.1665443976932273,0.541540127112818,2023-09-30,2022-12-31,negative_low,3401,3405
rolling5_annual20,2902,2023-01-06,2023-01-16,0.0198447929614133,2023,2022-12-31,learned_vol_interaction,20260911,0.40969442309749926,0.40969442309749926,0,1,-0.3652287574764449,0.40969442309749926,2022-12-31,2022-12-31,nonnegative_low,3163,3168
rolling5_annual20,2907,2023-01-13,2023-01-30,0.0465290788350809,2023,2022-12-31,learned_vol_interaction,20260911,0.36456829174456845,0.36456829174456845,0,1,-0.5555907321925423,0.36456829174456845,2022-12-31,2022-12-31,nonnegative_low,3168,3173
rolling5_annual20,2912,2023-01-20,2023-02-06,-0.0383797057844887,2023,2022-12-31,learned_vol_interaction,20260911,0.5794436004575169,0.5794436004575169,1,0,0.3204897381811065,0.5794436004575169,2022-12-31,2022-12-31,nonnegative_low,3173,3178
rolling5_annual20,2917,2023-02-03,2023-02-13,-0.0012061903149008,2023,2022-12-31,learned_vol_interaction,20260911,0.5514968469417321,0.5514968469417321,1,0,0.2067204097320829,0.5514968469417321,2022-12-31,2022-12-31,nonnegative_low,3178,3183
rolling5_annual20,2922,2023-02-10,2023-02-20,-0.0143746584432821,2023,2022-12-31,learned_vol_interaction,20260911,0.3927055424872561,0.3927055424872561,0,0,-0.43595370114221904,0.3927055424872561,2022-12-31,2022-12-31,nonnegative_low,3183,3188
rolling5_annual20,2927,2023-02-17,2023-02-27,0.0001237636016198,2023,2022-12-31,learned_vol_interaction,20260911,0.44774683758526995,0.44774683758526995,0,1,-0.20977859068946023,0.44774683758526995,2022-12-31,2022-12-31,nonnegative_low,3188,3193
rolling5_annual20,2932,2023-02-24,2023-03-06,0.0224454641303217,2023,2022-12-31,learned_vol_interaction,20260911,0.619096546985403,0.619096546985403,1,1,0.48571529418163684,0.619096546985403,2022-12-31,2022-12-31,nonnegative_low,3193,3198
rolling5_annual20,2937,2023-03-03,2023-03-13,-0.0407900947678007,2023,2022-12-31,learned_vol_interaction,20260911,0.7361671223361639,0.7361671223361639,1,0,1.0261412978039826,0.7361671223361639,2022-12-31,2022-12-31,nonnegative_low,3198,3203
rolling5_annual20,2942,2023-03-10,2023-03-20,5.0471402903706775e-06,2023,2022-12-31,learned_vol_interaction,20260911,0.5923713060138441,0.5923713060138441,1,1,0.3737769480916275,0.5923713060138441,2022-12-31,2022-12-31,nonnegative_low,3203,3208
rolling5_annual20,2947,2023-03-17,2023-03-27,0.015302852124583,2023,2022-12-31,learned_vol_interaction,20260911,0.44129297023126407,0.44129297023126407,0,1,-0.23591625228700477,0.44129297023126407,2022-12-31,2022-12-31,nonnegative_low,3208,3213
rolling5_annual20,2952,2023-03-24,2023-04-03,0.0090274153058433,2023,2022-12-31,learned_vol_interaction,20260911,0.48118952805584325,0.48118952805584325,0,1,-0.0752774154545813,0.48118952805584325,2022-12-31,2022-12-31,nonnegative_low,3213,3218
rolling5_annual20,2957,2023-03-31,2023-04-10,0.0178317182396383,2023,2022-12-31,learned_vol_interaction,20260911,0.5581984383579583,0.5581984383579583,1,1,0.2338536977534101,0.5581984383579583,2022-12-31,2022-12-31,nonnegative_low,3218,3222
rolling5_annual20,2961,2023-04-07,2023-04-17,-0.0101500238382772,2023,2022-12-31,learned_vol_interaction,20260911,0.505035431875157,0.505035431875157,1,0,0.02014240848215585,0.505035431875157,2023-03-31,2022-12-31,nonnegative_low,3222,3227
rolling5_annual20,2966,2023-04-14,2023-04-24,-0.014368947230732,2023,2022-12-31,learned_vol_interaction,20260911,0.49347349841953947,0.49347349841953947,0,0,-0.026107489128307355,0.49347349841953947,2023-03-31,2022-12-31,nonnegative_low,3227,3232
rolling5_annual20,2971,2023-04-21,2023-05-04,-0.0044228908788729,2023,2022-12-31,learned_vol_interaction,20260911,0.397890632401885,0.397890632401885,0,0,-0.4142619279973191,0.397890632401885,2023-03-31,2022-12-31,negative_low,3232,3237
rolling5_annual20,2976,2023-04-28,2023-05-10,0.0036477163153083,2023,2022-12-31,learned_vol_interaction,20260911,0.3746539512039826,0.3746539512039826,0,1,-0.5123023714449242,0.3746539512039826,2023-03-31,2022-12-31,negative_low,3237,3239
rolling5_annual20,2978,2023-05-05,2023-05-15,-0.0221642407977935,2023,2022-12-31,learned_vol_interaction,20260911,0.3794183322213578,0.3794183322213578,0,0,-0.49201783675113986,0.3794183322213578,2023-03-31,2022-12-31,negative_low,3239,3244
rolling5_annual20,2983,2023-05-12,2023-05-22,0.0005509250208819,2023,2022-12-31,learned_vol_interaction,20260911,0.5207253080904825,0.5207253080904825,1,1,0.08294876038426313,0.5207253080904825,2023-03-31,2022-12-31,negative_low,3244,3249
rolling5_annual20,2988,2023-05-19,2023-05-29,-0.0200253742704897,2023,2022-12-31,learned_vol_interaction,20260911,0.7158994131477658,0.7158994131477658,1,0,0.924211318149517,0.7158994131477658,2023-03-31,2022-12-31,negative_low,3249,3254
rolling5_annual20,2993,2023-05-26,2023-06-05,-0.0003935703040848,2023,2022-12-31,learned_vol_interaction,20260911,0.5106796239963189,0.5106796239963189,1,0,0.04272499407221542,0.5106796239963189,2023-03-31,2022-12-31,negative_low,3254,3259
rolling5_annual20,2998,2023-06-02,2023-06-12,-0.0086075595250429,2023,2022-12-31,learned_vol_interaction,20260911,0.41473330630809063,0.41473330630809063,0,0,-0.34443195175007596,0.41473330630809063,2023-03-31,2022-12-31,negative_low,3259,3264
rolling5_annual20,3003,2023-06-09,2023-06-19,0.0338878539347273,2023,2022-12-31,learned_vol_interaction,20260911,0.4862687443116524,0.4862687443116524,0,1,-0.05493883696410154,0.4862687443116524,2023-03-31,2022-12-31,negative_low,3264,3269
rolling5_annual20,3008,2023-06-16,2023-07-03,-0.026216632171098,2023,2022-12-31,learned_vol_interaction,20260911,0.4615744120462823,0.4615744120462823,0,0,-0.15400602263609017,0.4615744120462823,2023-03-31,2022-12-31,nonnegative_low,3269,3277
rolling5_annual20,3016,2023-06-30,2023-07-10,-0.0030441518806006,2023,2022-12-31,learned_vol_interaction,20260911,0.5010023580261896,0.5010023580261896,1,0,0.004009437475922266,0.5010023580261896,2023-03-31,2022-12-31,negative_low,3277,3282
rolling5_annual20,3021,2023-07-07,2023-07-17,0.0104280552692135,2023,2022-12-31,learned_vol_interaction,20260911,0.4535961698689514,0.4535961698689514,0,1,-0.18615100946231503,0.4535961698689514,2023-06-30,2022-12-31,negative_low,3282,3287
rolling5_annual20,3026,2023-07-14,2023-07-24,-0.0201642613135752,2023,2022-12-31,learned_vol_interaction,20260911,0.4201550783721589,0.4201550783721589,0,0,-0.32213681393861204,0.4201550783721589,2023-06-30,2022-12-31,negative_low,3287,3292
rolling5_annual20,3031,2023-07-21,2023-07-31,0.0566710925894278,2023,2022-12-31,learned_vol_interaction,20260911,0.41973638258801144,0.41973638258801144,0,1,-0.32385565934874766,0.41973638258801144,2023-06-30,2022-12-31,negative_low,3292,3297
rolling5_annual20,3036,2023-07-28,2023-08-07,-0.0039612927947766,2023,2022-12-31,learned_vol_interaction,20260911,0.4355598052653261,0.4355598052653261,0,0,-0.25920232180718417,0.4355598052653261,2023-06-30,2022-12-31,negative_low,3297,3302
rolling5_annual20,3041,2023-08-04,2023-08-14,-0.0404899362223548,2023,2022-12-31,learned_vol_interaction,20260911,0.4290686701601754,0.4290686701601754,0,0,-0.2856519630247263,0.4290686701601754,2023-06-30,2022-12-31,nonnegative_low,3302,3307
rolling5_annual20,3046,2023-08-11,2023-08-21,-0.0176157088591445,2023,2022-12-31,learned_vol_interaction,20260911,0.6483499817470775,0.6483499817470775,1,0,0.6117942311814774,0.6483499817470775,2023-06-30,2022-12-31,negative_low,3307,3312
rolling5_annual20,3051,2023-08-18,2023-08-28,0.0366582477081969,2023,2022-12-31,learned_vol_interaction,20260911,0.4685532098964361,0.4685532098964361,0,1,-0.12595340982879544,0.4685532098964361,2023-06-30,2022-12-31,negative_high,3312,3317
rolling5_annual20,3056,2023-08-25,2023-09-04,-0.025197172476384,2023,2022-12-31,learned_vol_interaction,20260911,0.5257411151596749,0.5257411151596749,1,0,0.10305557192914325,0.5257411151596749,2023-06-30,2022-12-31,negative_low,3317,3322
rolling5_annual20,3061,2023-09-01,2023-09-11,-0.0189903461587886,2023,2022-12-31,learned_vol_interaction,20260911,0.41992779299148897,0.41992779299148897,0,0,-0.3230698155854937,0.41992779299148897,2023-06-30,2022-12-31,nonnegative_low,3322,3327
rolling5_annual20,3066,2023-09-08,2023-09-18,-0.0111346368744954,2023,2022-12-31,learned_vol_interaction,20260911,0.5715992642380437,0.5715992642380437,1,0,0.28837910282061674,0.5715992642380437,2023-06-30,2022-12-31,negative_low,3327,3332
rolling5_annual20,3071,2023-09-15,2023-09-25,0.0105787349314532,2023,2022-12-31,learned_vol_interaction,20260911,0.7246958473990663,0.7246958473990663,1,1,0.9678755500556631,0.7246958473990663,2023-06-30,2022-12-31,negative_low,3332,3337
rolling5_annual20,3076,2023-09-22,2023-10-16,-0.0198017153282719,2023,2022-12-31,learned_vol_interaction,20260911,0.5741177426590414,0.5741177426590414,1,0,0.2986715850198099,0.5741177426590414,2023-06-30,2022-12-31,negative_low,3337,3346
rolling5_annual20,3085,2023-10-13,2023-10-23,-0.0447156690429144,2023,2022-12-31,learned_vol_interaction,20260911,0.41539523650185506,0.41539523650185506,0,0,-0.34170555682705317,0.41539523650185506,2023-09-30,2022-12-31,negative_low,3346,3351
rolling5_annual20,3090,2023-10-20,2023-10-30,0.0154019770298841,2023,2022-12-31,learned_vol_interaction,20260911,0.39602818271396684,0.39602818271396684,0,1,-0.42204215953199753,0.39602818271396684,2023-09-30,2022-12-31,negative_low,3351,3356
rolling5_annual20,3095,2023-10-27,2023-11-06,0.0152527637017425,2023,2022-12-31,learned_vol_interaction,20260911,0.45018443670947017,0.45018443670947017,0,1,-0.19992552436655736,0.45018443670947017,2023-09-30,2022-12-31,negative_low,3356,3361
rolling5_annual20,3100,2023-11-03,2023-11-13,-0.0039935482440582,2023,2022-12-31,learned_vol_interaction,20260911,0.6264483655444874,0.6264483655444874,1,0,0.5170101137336515,0.6264483655444874,2023-09-30,2022-12-31,negative_low,3361,3366
rolling5_annual20,3105,2023-11-10,2023-11-20,-0.0067280482816765,2023,2022-12-31,learned_vol_interaction,20260911,0.48882825355110876,0.48882825355110876,0,0,-0.04469442441010198,0.48882825355110876,2023-09-30,2022-12-31,negative_low,3366,3371
rolling5_annual20,3110,2023-11-17,2023-11-27,-0.0098859017348651,2023,2022-12-31,learned_vol_interaction,20260911,0.47053591225397523,0.47053591225397523,0,0,-0.1179930558239157,0.47053591225397523,2023-09-30,2022-12-31,negative_low,3371,3376
rolling5_annual20,3115,2023-11-24,2023-12-04,-0.0151084754586299,2023,2022-12-31,learned_vol_interaction,20260911,0.49169623921075156,0.49169623921075156,0,0,-0.03321809734027138,0.49169623921075156,2023-09-30,2022-12-31,negative_low,3376,3381
rolling5_annual20,3120,2023-12-01,2023-12-11,-0.0295859857973478,2023,2022-12-31,learned_vol_interaction,20260911,0.5520999893298595,0.5520999893298595,1,0,0.20915915292768603,0.5520999893298595,2023-09-30,2022-12-31,negative_low,3381,3386
rolling5_annual20,3125,2023-12-08,2023-12-18,-0.0144639658974852,2023,2022-12-31,learned_vol_interaction,20260911,0.501992489183067,0.501992489183067,1,0,0.007969998920447252,0.501992489183067,2023-09-30,2022-12-31,negative_low,3386,3391
rolling5_annual20,3130,2023-12-15,2023-12-25,0.0003424256350643,2023,2022-12-31,learned_vol_interaction,20260911,0.5078798503052024,0.5078798503052024,1,1,0.03152201108167471,0.5078798503052024,2023-09-30,2022-12-31,negative_low,3391,3396
rolling5_annual20,3135,2023-12-22,2024-01-02,0.0288079559683274,2023,2022-12-31,learned_vol_interaction,20260911,0.5114946607126839,0.5114946607126839,1,1,0.045986745460917994,0.5114946607126839,2023-09-30,2022-12-31,negative_low,3396,3401
rolling5_annual20,3140,2023-12-29,2024-01-08,-0.0302544749829989,2023,2022-12-31,learned_vol_interaction,20260911,0.547108241269633,0.547108241269633,1,0,0.18899351077744952,0.547108241269633,2023-09-30,2022-12-31,negative_low,3401,3405
rolling5_annual20,2902,2023-01-06,2023-01-16,0.0198447929614133,2023,2022-12-31,learned_order_extension,20260911,0.4111458737354107,0.4111458737354107,0,1,-0.35923041413407564,0.4111458737354107,2022-12-31,2022-12-31,nonnegative_low,3163,3168
rolling5_annual20,2907,2023-01-13,2023-01-30,0.0465290788350809,2023,2022-12-31,learned_order_extension,20260911,0.36472782557647304,0.36472782557647304,0,1,-0.5549021361300597,0.36472782557647304,2022-12-31,2022-12-31,nonnegative_low,3168,3173
rolling5_annual20,2912,2023-01-20,2023-02-06,-0.0383797057844887,2023,2022-12-31,learned_order_extension,20260911,0.5780473136480286,0.5780473136480286,1,0,0.31476253274377264,0.5780473136480286,2022-12-31,2022-12-31,nonnegative_low,3173,3178
rolling5_annual20,2917,2023-02-03,2023-02-13,-0.0012061903149008,2023,2022-12-31,learned_order_extension,20260911,0.5514322848293292,0.5514322848293292,1,0,0.20645939599656427,0.5514322848293292,2022-12-31,2022-12-31,nonnegative_low,3178,3183
rolling5_annual20,2922,2023-02-10,2023-02-20,-0.0143746584432821,2023,2022-12-31,learned_order_extension,20260911,0.3920291907474336,0.3920291907474336,0,0,-0.4387905665054189,0.3920291907474336,2022-12-31,2022-12-31,nonnegative_low,3183,3188
rolling5_annual20,2927,2023-02-17,2023-02-27,0.0001237636016198,2023,2022-12-31,learned_order_extension,20260911,0.4473244932999703,0.4473244932999703,0,1,-0.21148677509073893,0.4473244932999703,2022-12-31,2022-12-31,nonnegative_low,3188,3193
rolling5_annual20,2932,2023-02-24,2023-03-06,0.0224454641303217,2023,2022-12-31,learned_order_extension,20260911,0.6194433589464242,0.6194433589464242,1,1,0.4871862408574841,0.6194433589464242,2022-12-31,2022-12-31,nonnegative_low,3193,3198
rolling5_annual20,2937,2023-03-03,2023-03-13,-0.0407900947678007,2023,2022-12-31,learned_order_extension,20260911,0.7367440693214489,0.7367440693214489,1,0,1.0291138923473784,0.7367440693214489,2022-12-31,2022-12-31,nonnegative_low,3198,3203
rolling5_annual20,2942,2023-03-10,2023-03-20,5.0471402903706775e-06,2023,2022-12-31,learned_order_extension,20260911,0.5926520405957385,0.5926520405957385,1,1,0.3749396913880999,0.5926520405957385,2022-12-31,2022-12-31,nonnegative_low,3203,3208
rolling5_annual20,2947,2023-03-17,2023-03-27,0.015302852124583,2023,2022-12-31,learned_order_extension,20260911,0.44150652320643097,0.44150652320643097,0,1,-0.23505014353840345,0.44150652320643097,2022-12-31,2022-12-31,nonnegative_low,3208,3213
rolling5_annual20,2952,2023-03-24,2023-04-03,0.0090274153058433,2023,2022-12-31,learned_order_extension,20260911,0.4806406899115495,0.4806406899115495,0,1,-0.07747597140088136,0.4806406899115495,2022-12-31,2022-12-31,nonnegative_low,3213,3218
rolling5_annual20,2957,2023-03-31,2023-04-10,0.0178317182396383,2023,2022-12-31,learned_order_extension,20260911,0.5564015664237618,0.5564015664237618,1,1,0.2265705510215612,0.5564015664237618,2022-12-31,2022-12-31,nonnegative_low,3218,3222
rolling5_annual20,2961,2023-04-07,2023-04-17,-0.0101500238382772,2023,2022-12-31,learned_order_extension,20260911,0.5048460180326865,0.5048460180326865,1,0,0.01938467911620012,0.5048460180326865,2023-03-31,2022-12-31,nonnegative_low,3222,3227
rolling5_annual20,2966,2023-04-14,2023-04-24,-0.014368947230732,2023,2022-12-31,learned_order_extension,20260911,0.49439461564860404,0.49439461564860404,0,0,-0.022422476799340785,0.49439461564860404,2023-03-31,2022-12-31,nonnegative_low,3227,3232
rolling5_annual20,2971,2023-04-21,2023-05-04,-0.0044228908788729,2023,2022-12-31,learned_order_extension,20260911,0.39936804356030803,0.39936804356030803,0,0,-0.40809895499430326,0.39936804356030803,2023-03-31,2022-12-31,negative_low,3232,3237
rolling5_annual20,2976,2023-04-28,2023-05-10,0.0036477163153083,2023,2022-12-31,learned_order_extension,20260911,0.37816937180792504,0.37816937180792504,0,1,-0.4973255848857292,0.37816937180792504,2023-03-31,2022-12-31,negative_low,3237,3239
rolling5_annual20,2978,2023-05-05,2023-05-15,-0.0221642407977935,2023,2022-12-31,learned_order_extension,20260911,0.3826637989359542,0.3826637989359542,0,0,-0.47825697776583603,0.3826637989359542,2023-03-31,2022-12-31,negative_low,3239,3244
rolling5_annual20,2983,2023-05-12,2023-05-22,0.0005509250208819,2023,2022-12-31,learned_order_extension,20260911,0.5207604762186022,0.5207604762186022,1,1,0.0830896754214861,0.5207604762186022,2023-03-31,2022-12-31,negative_low,3244,3249
rolling5_annual20,2988,2023-05-19,2023-05-29,-0.0200253742704897,2023,2022-12-31,learned_order_extension,20260911,0.7111561389087265,0.7111561389087265,1,0,0.9010057412755044,0.7111561389087265,2023-03-31,2022-12-31,negative_low,3249,3254
rolling5_annual20,2993,2023-05-26,2023-06-05,-0.0003935703040848,2023,2022-12-31,learned_order_extension,20260911,0.5113938646839422,0.5113938646839422,1,0,0.04558335001192107,0.5113938646839422,2023-03-31,2022-12-31,negative_low,3254,3259
rolling5_annual20,2998,2023-06-02,2023-06-12,-0.0086075595250429,2023,2022-12-31,learned_order_extension,20260911,0.4176728512227212,0.4176728512227212,0,0,-0.3323339275921161,0.4176728512227212,2023-03-31,2022-12-31,negative_low,3259,3264
rolling5_annual20,3003,2023-06-09,2023-06-19,0.0338878539347273,2023,2022-12-31,learned_order_extension,20260911,0.4874736850302981,0.4874736850302981,0,1,-0.0501157464208023,0.4874736850302981,2023-03-31,2022-12-31,negative_low,3264,3269
rolling5_annual20,3008,2023-06-16,2023-07-03,-0.026216632171098,2023,2022-12-31,learned_order_extension,20260911,0.4634868787327687,0.4634868787327687,0,0,-0.1463129434268084,0.4634868787327687,2023-03-31,2022-12-31,nonnegative_low,3269,3277
rolling5_annual20,3016,2023-06-30,2023-07-10,-0.0030441518806006,2023,2022-12-31,learned_order_extension,20260911,0.4996986134035337,0.4996986134035337,0,0,-0.0012055465318708825,0.4996986134035337,2023-03-31,2022-12-31,negative_low,3277,3282
rolling5_annual20,3021,2023-07-07,2023-07-17,0.0104280552692135,2023,2022-12-31,learned_order_extension,20260911,0.45538171676954997,0.45538171676954997,0,1,-0.17894914633360823,0.45538171676954997,2023-06-30,2022-12-31,negative_low,3282,3287
rolling5_annual20,3026,2023-07-14,2023-07-24,-0.0201642613135752,2023,2022-12-31,learned_order_extension,20260911,0.4205002443689337,0.4205002443689337,0,0,-0.32072018053864854,0.4205002443689337,2023-06-30,2022-12-31,negative_low,3287,3292
rolling5_annual20,3031,2023-07-21,2023-07-31,0.0566710925894278,2023,2022-12-31,learned_order_extension,20260911,0.4215274592494197,0.4215274592494197,0,1,-0.316506157396854,0.4215274592494197,2023-06-30,2022-12-31,negative_low,3292,3297
rolling5_annual20,3036,2023-07-28,2023-08-07,-0.0039612927947766,2023,2022-12-31,learned_order_extension,20260911,0.4356725165305554,0.4356725165305554,0,0,-0.2587438751881053,0.4356725165305554,2023-06-30,2022-12-31,negative_low,3297,3302
rolling5_annual20,3041,2023-08-04,2023-08-14,-0.0404899362223548,2023,2022-12-31,learned_order_extension,20260911,0.4299948290683337,0.4299948290683337,0,0,-0.2818722494045656,0.4299948290683337,2023-06-30,2022-12-31,nonnegative_low,3302,3307
rolling5_annual20,3046,2023-08-11,2023-08-21,-0.0176157088591445,2023,2022-12-31,learned_order_extension,20260911,0.6456500137103086,0.6456500137103086,1,0,0.5999724959627202,0.6456500137103086,2023-06-30,2022-12-31,negative_low,3307,3312
rolling5_annual20,3051,2023-08-18,2023-08-28,0.0366582477081969,2023,2022-12-31,learned_order_extension,20260911,0.4693034993568277,0.4693034993568277,0,1,-0.1229406166427931,0.4693034993568277,2023-06-30,2022-12-31,negative_high,3312,3317
rolling5_annual20,3056,2023-08-25,2023-09-04,-0.025197172476384,2023,2022-12-31,learned_order_extension,20260911,0.5242955671160714,0.5242955671160714,1,0,0.09725886263187888,0.5242955671160714,2023-06-30,2022-12-31,negative_low,3317,3322
rolling5_annual20,3061,2023-09-01,2023-09-11,-0.0189903461587886,2023,2022-12-31,learned_order_extension,20260911,0.42158907759995046,0.42158907759995046,0,0,-0.3162534646132015,0.42158907759995046,2023-06-30,2022-12-31,nonnegative_low,3322,3327
rolling5_annual20,3066,2023-09-08,2023-09-18,-0.0111346368744954,2023,2022-12-31,learned_order_extension,20260911,0.5704903883683057,0.5704903883683057,1,0,0.28385220159972524,0.5704903883683057,2023-06-30,2022-12-31,negative_low,3327,3332
rolling5_annual20,3071,2023-09-15,2023-09-25,0.0105787349314532,2023,2022-12-31,learned_order_extension,20260911,0.7245642790810853,0.7245642790810853,1,1,0.9672161963428126,0.7245642790810853,2023-06-30,2022-12-31,negative_low,3332,3337
rolling5_annual20,3076,2023-09-22,2023-10-16,-0.0198017153282719,2023,2022-12-31,learned_order_extension,20260911,0.5739727811559294,0.5739727811559294,1,0,0.29807873737784785,0.5739727811559294,2023-06-30,2022-12-31,negative_low,3337,3346
rolling5_annual20,3085,2023-10-13,2023-10-23,-0.0447156690429144,2023,2022-12-31,learned_order_extension,20260911,0.4139931180140543,0.4139931180140543,0,0,-0.34748218297868266,0.4139931180140543,2023-09-30,2022-12-31,negative_low,3346,3351
rolling5_annual20,3090,2023-10-20,2023-10-30,0.0154019770298841,2023,2022-12-31,learned_order_extension,20260911,0.3944057654473215,0.3944057654473215,0,1,-0.4288299409586948,0.3944057654473215,2023-09-30,2022-12-31,negative_low,3351,3356
rolling5_annual20,3095,2023-10-27,2023-11-06,0.0152527637017425,2023,2022-12-31,learned_order_extension,20260911,0.4502403120277905,0.4502403120277905,0,1,-0.19969978483349127,0.4502403120277905,2023-09-30,2022-12-31,negative_low,3356,3361
rolling5_annual20,3100,2023-11-03,2023-11-13,-0.0039935482440582,2023,2022-12-31,learned_order_extension,20260911,0.6267194325981077,0.6267194325981077,1,0,0.5181686362500002,0.6267194325981077,2023-09-30,2022-12-31,negative_low,3361,3366
rolling5_annual20,3105,2023-11-10,2023-11-20,-0.0067280482816765,2023,2022-12-31,learned_order_extension,20260911,0.48963316699884657,0.48963316699884657,0,0,-0.04147327559776465,0.48963316699884657,2023-09-30,2022-12-31,negative_low,3366,3371
rolling5_annual20,3110,2023-11-17,2023-11-27,-0.0098859017348651,2023,2022-12-31,learned_order_extension,20260911,0.4709484230698352,0.4709484230698352,0,0,-0.11633734316769079,0.4709484230698352,2023-09-30,2022-12-31,negative_low,3371,3376
rolling5_annual20,3115,2023-11-24,2023-12-04,-0.0151084754586299,2023,2022-12-31,learned_order_extension,20260911,0.4924402664260258,0.4924402664260258,0,0,-0.030241238801514192,0.4924402664260258,2023-09-30,2022-12-31,negative_low,3376,3381
rolling5_annual20,3120,2023-12-01,2023-12-11,-0.0295859857973478,2023,2022-12-31,learned_order_extension,20260911,0.5525965286737049,0.5525965286737049,1,0,0.21116732274955297,0.5525965286737049,2023-09-30,2022-12-31,negative_low,3381,3386
rolling5_annual20,3125,2023-12-08,2023-12-18,-0.0144639658974852,2023,2022-12-31,learned_order_extension,20260911,0.5015390464653725,0.5015390464653725,1,0,0.0061562053041818166,0.5015390464653725,2023-09-30,2022-12-31,negative_low,3386,3391
rolling5_annual20,3130,2023-12-15,2023-12-25,0.0003424256350643,2023,2022-12-31,learned_order_extension,20260911,0.5087914991053046,0.5087914991053046,1,1,0.03516962108816413,0.5087914991053046,2023-09-30,2022-12-31,negative_low,3391,3396
rolling5_annual20,3135,2023-12-22,2024-01-02,0.0288079559683274,2023,2022-12-31,learned_order_extension,20260911,0.5129484282652336,0.5129484282652336,1,1,0.0518052961580312,0.5129484282652336,2023-09-30,2022-12-31,negative_low,3396,3401
rolling5_annual20,3140,2023-12-29,2024-01-08,-0.0302544749829989,2023,2022-12-31,learned_order_extension,20260911,0.5470363355753182,0.5470363355753182,1,0,0.1887033159444365,0.5470363355753182,2023-09-30,2022-12-31,negative_low,3401,3405
rolling5_annual20,2902,2023-01-06,2023-01-16,0.0198447929614133,2023,2022-12-31,learned_order_offset,20260911,0.41117201615041793,0.41117201615041793,0,1,-0.3591224354874826,0.41117201615041793,2022-12-31,2022-12-31,nonnegative_low,3163,3168
rolling5_annual20,2907,2023-01-13,2023-01-30,0.0465290788350809,2023,2022-12-31,learned_order_offset,20260911,0.364680620051655,0.364680620051655,0,1,-0.5551058760214498,0.364680620051655,2022-12-31,2022-12-31,nonnegative_low,3168,3173
rolling5_annual20,2912,2023-01-20,2023-02-06,-0.0383797057844887,2023,2022-12-31,learned_order_offset,20260911,0.578179649696222,0.578179649696222,1,0,0.3153051197882752,0.578179649696222,2022-12-31,2022-12-31,nonnegative_low,3173,3178
rolling5_annual20,2917,2023-02-03,2023-02-13,-0.0012061903149008,2023,2022-12-31,learned_order_offset,20260911,0.5515128874638535,0.5515128874638535,1,0,0.20678525994654973,0.5515128874638535,2022-12-31,2022-12-31,nonnegative_low,3178,3183
rolling5_annual20,2922,2023-02-10,2023-02-20,-0.0143746584432821,2023,2022-12-31,learned_order_offset,20260911,0.39192014326711666,0.39192014326711666,0,0,-0.4392481137698595,0.39192014326711666,2022-12-31,2022-12-31,nonnegative_low,3183,3188
rolling5_annual20,2927,2023-02-17,2023-02-27,0.0001237636016198,2023,2022-12-31,learned_order_offset,20260911,0.44735551730013157,0.44735551730013157,0,1,-0.21136128714003494,0.44735551730013157,2022-12-31,2022-12-31,nonnegative_low,3188,3193
rolling5_annual20,2932,2023-02-24,2023-03-06,0.0224454641303217,2023,2022-12-31,learned_order_offset,20260911,0.6194755772192605,0.6194755772192605,1,1,0.4873229156549466,0.6194755772192605,2022-12-31,2022-12-31,nonnegative_low,3193,3198
rolling5_annual20,2937,2023-03-03,2023-03-13,-0.0407900947678007,2023,2022-12-31,learned_order_offset,20260911,0.7367890366176728,0.7367890366176728,1,0,1.0293457523322838,0.7367890366176728,2022-12-31,2022-12-31,nonnegative_low,3198,3203
rolling5_annual20,2942,2023-03-10,2023-03-20,5.0471402903706775e-06,2023,2022-12-31,learned_order_offset,20260911,0.5927141757173765,0.5927141757173765,1,1,0.37519707576545697,0.5927141757173765,2022-12-31,2022-12-31,nonnegative_low,3203,3208
rolling5_annual20,2947,2023-03-17,2023-03-27,0.015302852124583,2023,2022-12-31,learned_order_offset,20260911,0.44144992787218895,0.44144992787218895,0,1,-0.23527966919170268,0.44144992787218895,2022-12-31,2022-12-31,nonnegative_low,3208,3213
rolling5_annual20,2952,2023-03-24,2023-04-03,0.0090274153058433,2023,2022-12-31,learned_order_offset,20260911,0.48064826466248156,0.48064826466248156,0,1,-0.077445626924588,0.48064826466248156,2022-12-31,2022-12-31,nonnegative_low,3213,3218
rolling5_annual20,2957,2023-03-31,2023-04-10,0.0178317182396383,2023,2022-12-31,learned_order_offset,20260911,0.556461403271004,0.556461403271004,1,1,0.2268129865669153,0.556461403271004,2022-12-31,2022-12-31,nonnegative_low,3218,3222
rolling5_annual20,2961,2023-04-07,2023-04-17,-0.0101500238382772,2023,2022-12-31,learned_order_offset,20260911,0.504790898079976,0.504790898079976,1,0,0.019164178827239642,0.504790898079976,2023-03-31,2022-12-31,nonnegative_low,3222,3227
rolling5_annual20,2966,2023-04-14,2023-04-24,-0.014368947230732,2023,2022-12-31,learned_order_offset,20260911,0.4942633891147542,0.4942633891147542,0,0,-0.02294745047081745,0.4942633891147542,2023-03-31,2022-12-31,nonnegative_low,3227,3232
rolling5_annual20,2971,2023-04-21,2023-05-04,-0.0044228908788729,2023,2022-12-31,learned_order_offset,20260911,0.39928777128910625,0.39928777128910625,0,0,-0.40843361085481394,0.39928777128910625,2023-03-31,2022-12-31,negative_low,3232,3237
rolling5_annual20,2976,2023-04-28,2023-05-10,0.0036477163153083,2023,2022-12-31,learned_order_offset,20260911,0.37810919654324093,0.37810919654324093,0,1,-0.49758148653785406,0.37810919654324093,2023-03-31,2022-12-31,negative_low,3237,3239
rolling5_annual20,2978,2023-05-05,2023-05-15,-0.0221642407977935,2023,2022-12-31,learned_order_offset,20260911,0.3825900800128016,0.3825900800128016,0,0,-0.4785690504560951,0.3825900800128016,2023-03-31,2022-12-31,negative_low,3239,3244
rolling5_annual20,2983,2023-05-12,2023-05-22,0.0005509250208819,2023,2022-12-31,learned_order_offset,20260911,0.5206526224591033,0.5206526224591033,1,1,0.08265751921457265,0.5206526224591033,2023-03-31,2022-12-31,negative_low,3244,3249
rolling5_annual20,2988,2023-05-19,2023-05-29,-0.0200253742704897,2023,2022-12-31,learned_order_offset,20260911,0.7111689672715988,0.7111689672715988,1,0,0.9010681936360571,0.7111689672715988,2023-03-31,2022-12-31,negative_low,3249,3254
rolling5_annual20,2993,2023-05-26,2023-06-05,-0.0003935703040848,2023,2022-12-31,learned_order_offset,20260911,0.5113376197418289,0.5113376197418289,1,0,0.04535825393149634,0.5113376197418289,2023-03-31,2022-12-31,negative_low,3254,3259
rolling5_annual20,2998,2023-06-02,2023-06-12,-0.0086075595250429,2023,2022-12-31,learned_order_offset,20260911,0.4176331380681734,0.4176331380681734,0,0,-0.3324972090765164,0.4176331380681734,2023-03-31,2022-12-31,negative_low,3259,3264
rolling5_annual20,3003,2023-06-09,2023-06-19,0.0338878539347273,2023,2022-12-31,learned_order_offset,20260911,0.4874307767794157,0.4874307767794157,0,1,-0.050287487584624646,0.4874307767794157,2023-03-31,2022-12-31,negative_low,3264,3269
rolling5_annual20,3008,2023-06-16,2023-07-03,-0.026216632171098,2023,2022-12-31,learned_order_offset,20260911,0.46345232219332494,0.46345232219332494,0,0,-0.14645191137894242,0.46345232219332494,2023-03-31,2022-12-31,nonnegative_low,3269,3277
rolling5_annual20,3016,2023-06-30,2023-07-10,-0.0030441518806006,2023,2022-12-31,learned_order_offset,20260911,0.4995175845112385,0.4995175845112385,0,0,-0.0019296625538195444,0.4995175845112385,2023-03-31,2022-12-31,negative_low,3277,3282
rolling5_annual20,3021,2023-07-07,2023-07-17,0.0104280552692135,2023,2022-12-31,learned_order_offset,20260911,0.45528383097218506,0.45528383097218506,0,1,-0.17934383942959986,0.45528383097218506,2023-06-30,2022-12-31,negative_low,3282,3287
rolling5_annual20,3026,2023-07-14,2023-07-24,-0.0201642613135752,2023,2022-12-31,learned_order_offset,20260911,0.4203945553087095,0.4203945553087095,0,0,-0.32115391657698966,0.4203945553087095,2023-06-30,2022-12-31,negative_low,3287,3292
rolling5_annual20,3031,2023-07-21,2023-07-31,0.0566710925894278,2023,2022-12-31,learned_order_offset,20260911,0.42144143747309903,0.42144143747309903,0,1,-0.3168589437804689,0.42144143747309903,2023-06-30,2022-12-31,negative_low,3292,3297
rolling5_annual20,3036,2023-07-28,2023-08-07,-0.0039612927947766,2023,2022-12-31,learned_order_offset,20260911,0.43557039697383443,0.43557039697383443,0,0,-0.25915923948675346,0.43557039697383443,2023-06-30,2022-12-31,negative_low,3297,3302
rolling5_annual20,3041,2023-08-04,2023-08-14,-0.0404899362223548,2023,2022-12-31,learned_order_offset,20260911,0.4299283654009098,0.4299283654009098,0,0,-0.2821434249487369,0.4299283654009098,2023-06-30,2022-12-31,nonnegative_low,3302,3307
rolling5_annual20,3046,2023-08-11,2023-08-21,-0.0176157088591445,2023,2022-12-31,learned_order_offset,20260911,0.6456581739098262,0.6456581739098262,1,0,0.6000081635266827,0.6456581739098262,2023-06-30,2022-12-31,negative_low,3307,3312
rolling5_annual20,3051,2023-08-18,2023-08-28,0.0366582477081969,2023,2022-12-31,learned_order_offset,20260911,0.4691814705322716,0.4691814705322716,0,1,-0.12343058603614349,0.4691814705322716,2023-06-30,2022-12-31,negative_high,3312,3317
rolling5_annual20,3056,2023-08-25,2023-09-04,-0.025197172476384,2023,2022-12-31,learned_order_offset,20260911,0.5242305786306066,0.5242305786306066,1,0,0.09699829510867986,0.5242305786306066,2023-06-30,2022-12-31,negative_low,3317,3322
rolling5_annual20,3061,2023-09-01,2023-09-11,-0.0189903461587886,2023,2022-12-31,learned_order_offset,20260911,0.42160328494796695,0.42160328494796695,0,0,-0.3161952026386959,0.42160328494796695,2023-06-30,2022-12-31,nonnegative_low,3322,3327
rolling5_annual20,3066,2023-09-08,2023-09-18,-0.0111346368744954,2023,2022-12-31,learned_order_offset,20260911,0.5704835756699517,0.5704835756699517,1,0,0.2838243982520713,0.5704835756699517,2023-06-30,2022-12-31,negative_low,3327,3332
rolling5_annual20,3071,2023-09-15,2023-09-25,0.0105787349314532,2023,2022-12-31,learned_order_offset,20260911,0.7245399993588199,0.7245399993588199,1,1,0.9670945400248828,0.7245399993588199,2023-06-30,2022-12-31,negative_low,3332,3337
rolling5_annual20,3076,2023-09-22,2023-10-16,-0.0198017153282719,2023,2022-12-31,learned_order_offset,20260911,0.5739768927489775,0.5739768927489775,1,0,0.29809555180276925,0.5739768927489775,2023-06-30,2022-12-31,negative_low,3337,3346
rolling5_annual20,3085,2023-10-13,2023-10-23,-0.0447156690429144,2023,2022-12-31,learned_order_offset,20260911,0.41394113216444295,0.41394113216444295,0,0,-0.3476964707133606,0.41394113216444295,2023-09-30,2022-12-31,negative_low,3346,3351
rolling5_annual20,3090,2023-10-20,2023-10-30,0.0154019770298841,2023,2022-12-31,learned_order_offset,20260911,0.39430167113872755,0.39430167113872755,0,1,-0.4292657758462136,0.39430167113872755,2023-09-30,2022-12-31,negative_low,3351,3356
rolling5_annual20,3095,2023-10-27,2023-11-06,0.0152527637017425,2023,2022-12-31,learned_order_offset,20260911,0.4501343269025366,0.4501343269025366,0,1,-0.20012797521674833,0.4501343269025366,2023-09-30,2022-12-31,negative_low,3356,3361
rolling5_annual20,3100,2023-11-03,2023-11-13,-0.0039935482440582,2023,2022-12-31,learned_order_offset,20260911,0.6266722795392108,0.6266722795392108,1,0,0.5179670827992978,0.6266722795392108,2023-09-30,2022-12-31,negative_low,3361,3366
rolling5_annual20,3105,2023-11-10,2023-11-20,-0.0067280482816765,2023,2022-12-31,learned_order_offset,20260911,0.489557046421052,0.489557046421052,0,0,-0.041777889821874026,0.489557046421052,2023-09-30,2022-12-31,negative_low,3366,3371
rolling5_annual20,3110,2023-11-17,2023-11-27,-0.0098859017348651,2023,2022-12-31,learned_order_offset,20260911,0.4708554636543184,0.4708554636543184,0,0,-0.11671044444562895,0.4708554636543184,2023-09-30,2022-12-31,negative_low,3371,3376
rolling5_annual20,3115,2023-11-24,2023-12-04,-0.0151084754586299,2023,2022-12-31,learned_order_offset,20260911,0.4923953847682294,0.4923953847682294,0,0,-0.030420806725806493,0.4923953847682294,2023-09-30,2022-12-31,negative_low,3376,3381
rolling5_annual20,3120,2023-12-01,2023-12-11,-0.0295859857973478,2023,2022-12-31,learned_order_offset,20260911,0.5525585072519134,0.5525585072519134,1,0,0.2110135365589605,0.5525585072519134,2023-09-30,2022-12-31,negative_low,3381,3386
rolling5_annual20,3125,2023-12-08,2023-12-18,-0.0144639658974852,2023,2022-12-31,learned_order_offset,20260911,0.5014419516642048,0.5014419516642048,1,0,0.005767822646986415,0.5014419516642048,2023-09-30,2022-12-31,negative_low,3386,3391
rolling5_annual20,3130,2023-12-15,2023-12-25,0.0003424256350643,2023,2022-12-31,learned_order_offset,20260911,0.5087083495432813,0.5087083495432813,1,1,0.03483692095164834,0.5087083495432813,2023-09-30,2022-12-31,negative_low,3391,3396
rolling5_annual20,3135,2023-12-22,2024-01-02,0.0288079559683274,2023,2022-12-31,learned_order_offset,20260911,0.5128931356137608,0.5128931356137608,1,1,0.0515839777584918,0.5128931356137608,2023-09-30,2022-12-31,negative_low,3396,3401
rolling5_annual20,3140,2023-12-29,2024-01-08,-0.0302544749829989,2023,2022-12-31,learned_order_offset,20260911,0.5469781332746243,0.5469781332746243,1,0,0.1884684306560071,0.5469781332746243,2023-09-30,2022-12-31,negative_low,3401,3405
rolling5_annual20,2902,2023-01-06,2023-01-16,0.0198447929614133,2023,2022-12-31,learned_market,20260912,0.30052885603711643,0.30052885603711643,0,1,-0.8447807647676828,0.30052885603711643,2022-12-31,2022-12-31,nonnegative_low,3163,3168
rolling5_annual20,2907,2023-01-13,2023-01-30,0.0465290788350809,2023,2022-12-31,learned_market,20260912,0.25642703962175933,0.25642703962175933,0,1,-1.0646227138290882,0.25642703962175933,2022-12-31,2022-12-31,nonnegative_low,3168,3173
rolling5_annual20,2912,2023-01-20,2023-02-06,-0.0383797057844887,2023,2022-12-31,learned_market,20260912,0.6884031394091166,0.6884031394091166,1,0,0.7926643859499072,0.6884031394091166,2022-12-31,2022-12-31,nonnegative_low,3173,3178
rolling5_annual20,2917,2023-02-03,2023-02-13,-0.0012061903149008,2023,2022-12-31,learned_market,20260912,0.48719446040105807,0.48719446040105807,0,0,-0.051233362144084166,0.48719446040105807,2022-12-31,2022-12-31,nonnegative_low,3178,3183
rolling5_annual20,2922,2023-02-10,2023-02-20,-0.0143746584432821,2023,2022-12-31,learned_market,20260912,0.25478983111842135,0.25478983111842135,0,0,-1.0732272708432409,0.25478983111842135,2022-12-31,2022-12-31,nonnegative_low,3183,3188
rolling5_annual20,2927,2023-02-17,2023-02-27,0.0001237636016198,2023,2022-12-31,learned_market,20260912,0.4079835806267681,0.4079835806267681,0,1,-0.37230743989461734,0.4079835806267681,2022-12-31,2022-12-31,nonnegative_low,3188,3193
rolling5_annual20,2932,2023-02-24,2023-03-06,0.0224454641303217,2023,2022-12-31,learned_market,20260912,0.7137242634797857,0.7137242634797857,1,1,0.9135412420804,0.7137242634797857,2022-12-31,2022-12-31,nonnegative_low,3193,3198
rolling5_annual20,2937,2023-03-03,2023-03-13,-0.0407900947678007,2023,2022-12-31,learned_market,20260912,0.5807881322909977,0.5807881322909977,1,0,0.3260095869379236,0.5807881322909977,2022-12-31,2022-12-31,nonnegative_low,3198,3203
rolling5_annual20,2942,2023-03-10,2023-03-20,5.0471402903706775e-06,2023,2022-12-31,learned_market,20260912,0.41460120883303464,0.41460120883303464,0,1,-0.344976193627952,0.41460120883303464,2022-12-31,2022-12-31,nonnegative_low,3203,3208
rolling5_annual20,2947,2023-03-17,2023-03-27,0.015302852124583,2023,2022-12-31,learned_market,20260912,0.30490069121650976,0.30490069121650976,0,1,-0.8240686046743323,0.30490069121650976,2022-12-31,2022-12-31,nonnegative_low,3208,3213
rolling5_annual20,2952,2023-03-24,2023-04-03,0.0090274153058433,2023,2022-12-31,learned_market,20260912,0.5481390563099999,0.5481390563099999,1,1,0.19315452135309777,0.5481390563099999,2022-12-31,2022-12-31,nonnegative_low,3213,3218
rolling5_annual20,2957,2023-03-31,2023-04-10,0.0178317182396383,2023,2022-12-31,learned_market,20260912,0.611788401190659,0.611788401190659,1,1,0.4548359243128464,0.611788401190659,2022-12-31,2022-12-31,nonnegative_low,3218,3222
rolling5_annual20,2961,2023-04-07,2023-04-17,-0.0101500238382772,2023,2022-12-31,learned_market,20260912,0.6373271507100488,0.6373271507100488,1,0,0.5637819178504656,0.6373271507100488,2023-03-31,2022-12-31,nonnegative_low,3222,3227
rolling5_annual20,2966,2023-04-14,2023-04-24,-0.014368947230732,2023,2022-12-31,learned_market,20260912,0.3845861584135212,0.3845861584135212,0,0,-0.47012711170811566,0.3845861584135212,2023-03-31,2022-12-31,nonnegative_low,3227,3232
rolling5_annual20,2971,2023-04-21,2023-05-04,-0.0044228908788729,2023,2022-12-31,learned_market,20260912,0.3355239890755223,0.3355239890755223,0,0,-0.6833053202441723,0.3355239890755223,2023-03-31,2022-12-31,negative_low,3232,3237
rolling5_annual20,2976,2023-04-28,2023-05-10,0.0036477163153083,2023,2022-12-31,learned_market,20260912,0.4803897810444189,0.4803897810444189,0,1,-0.07848113335388596,0.4803897810444189,2023-03-31,2022-12-31,negative_low,3237,3239
rolling5_annual20,2978,2023-05-05,2023-05-15,-0.0221642407977935,2023,2022-12-31,learned_market,20260912,0.3214134174707162,0.3214134174707162,0,0,-0.7472838804873321,0.3214134174707162,2023-03-31,2022-12-31,negative_low,3239,3244
rolling5_annual20,2983,2023-05-12,2023-05-22,0.0005509250208819,2023,2022-12-31,learned_market,20260912,0.41963299671663734,0.41963299671663734,0,1,-0.3242801557760649,0.41963299671663734,2023-03-31,2022-12-31,negative_low,3244,3249
rolling5_annual20,2988,2023-05-19,2023-05-29,-0.0200253742704897,2023,2022-12-31,learned_market,20260912,0.663522806485192,0.663522806485192,1,0,0.6790328549806413,0.663522806485192,2023-03-31,2022-12-31,negative_low,3249,3254
rolling5_annual20,2993,2023-05-26,2023-06-05,-0.0003935703040848,2023,2022-12-31,learned_market,20260912,0.4734681491976751,0.4734681491976751,0,0,-0.10622718147365484,0.4734681491976751,2023-03-31,2022-12-31,negative_low,3254,3259
rolling5_annual20,2998,2023-06-02,2023-06-12,-0.0086075595250429,2023,2022-12-31,learned_market,20260912,0.40456629164978614,0.40456629164978614,0,0,-0.38647445312394657,0.40456629164978614,2023-03-31,2022-12-31,negative_low,3259,3264
rolling5_annual20,3003,2023-06-09,2023-06-19,0.0338878539347273,2023,2022-12-31,learned_market,20260912,0.30238432481971794,0.30238432481971794,0,1,-0.8359695354493212,0.30238432481971794,2023-03-31,2022-12-31,negative_low,3264,3269
rolling5_annual20,3008,2023-06-16,2023-07-03,-0.026216632171098,2023,2022-12-31,learned_market,20260912,0.3205141256506379,0.3205141256506379,0,0,-0.7514100958915133,0.3205141256506379,2023-03-31,2022-12-31,nonnegative_low,3269,3277
rolling5_annual20,3016,2023-06-30,2023-07-10,-0.0030441518806006,2023,2022-12-31,learned_market,20260912,0.6005178559534365,0.6005178559534365,1,0,0.4076233077669044,0.6005178559534365,2023-03-31,2022-12-31,negative_low,3277,3282
rolling5_annual20,3021,2023-07-07,2023-07-17,0.0104280552692135,2023,2022-12-31,learned_market,20260912,0.5476174471948578,0.5476174471948578,1,1,0.19104877647117058,0.5476174471948578,2023-06-30,2022-12-31,negative_low,3282,3287
rolling5_annual20,3026,2023-07-14,2023-07-24,-0.0201642613135752,2023,2022-12-31,learned_market,20260912,0.6522486120714398,0.6522486120714398,1,0,0.6289379741424382,0.6522486120714398,2023-06-30,2022-12-31,negative_low,3287,3292
rolling5_annual20,3031,2023-07-21,2023-07-31,0.0566710925894278,2023,2022-12-31,learned_market,20260912,0.20700617431869667,0.20700617431869667,0,1,-1.3430668151313494,0.20700617431869667,2023-06-30,2022-12-31,negative_low,3292,3297
rolling5_annual20,3036,2023-07-28,2023-08-07,-0.0039612927947766,2023,2022-12-31,learned_market,20260912,0.5519262606194112,0.5519262606194112,1,0,0.20845663581722876,0.5519262606194112,2023-06-30,2022-12-31,negative_low,3297,3302
rolling5_annual20,3041,2023-08-04,2023-08-14,-0.0404899362223548,2023,2022-12-31,learned_market,20260912,0.698021646037714,0.698021646037714,1,0,0.8378947746123948,0.698021646037714,2023-06-30,2022-12-31,nonnegative_low,3302,3307
rolling5_annual20,3046,2023-08-11,2023-08-21,-0.0176157088591445,2023,2022-12-31,learned_market,20260912,0.8237624858039104,0.8237624858039104,1,0,1.5420496452328047,0.8237624858039104,2023-06-30,2022-12-31,negative_low,3307,3312
rolling5_annual20,3051,2023-08-18,2023-08-28,0.0366582477081969,2023,2022-12-31,learned_market,20260912,0.41339516348274463,0.41339516348274463,0,1,-0.34994745369499625,0.41339516348274463,2023-06-30,2022-12-31,negative_high,3312,3317
rolling5_annual20,3056,2023-08-25,2023-09-04,-0.025197172476384,2023,2022-12-31,learned_market,20260912,0.3598651609059206,0.3598651609059206,0,0,-0.575949431998484,0.3598651609059206,2023-06-30,2022-12-31,negative_low,3317,3322
rolling5_annual20,3061,2023-09-01,2023-09-11,-0.0189903461587886,2023,2022-12-31,learned_market,20260912,0.20617247589152174,0.20617247589152174,0,0,-1.3481531335149102,0.20617247589152174,2023-06-30,2022-12-31,nonnegative_low,3322,3327
rolling5_annual20,3066,2023-09-08,2023-09-18,-0.0111346368744954,2023,2022-12-31,learned_market,20260912,0.5244948098725477,0.5244948098725477,1,0,0.098057735385755,0.5244948098725477,2023-06-30,2022-12-31,negative_low,3327,3332
rolling5_annual20,3071,2023-09-15,2023-09-25,0.0105787349314532,2023,2022-12-31,learned_market,20260912,0.42649757606540895,0.42649757606540895,0,1,-0.29615547952589216,0.42649757606540895,2023-06-30,2022-12-31,negative_low,3332,3337
rolling5_annual20,3076,2023-09-22,2023-10-16,-0.0198017153282719,2023,2022-12-31,learned_market,20260912,0.39337289072406006,0.39337289072406006,0,0,-0.4331562914143625,0.39337289072406006,2023-06-30,2022-12-31,negative_low,3337,3346
rolling5_annual20,3085,2023-10-13,2023-10-23,-0.0447156690429144,2023,2022-12-31,learned_market,20260912,0.4051323519183057,0.4051323519183057,0,0,-0.3841251320225627,0.4051323519183057,2023-09-30,2022-12-31,negative_low,3346,3351
rolling5_annual20,3090,2023-10-20,2023-10-30,0.0154019770298841,2023,2022-12-31,learned_market,20260912,0.42792799402792364,0.42792799402792364,0,1,-0.2903099248479283,0.42792799402792364,2023-09-30,2022-12-31,negative_low,3351,3356
rolling5_annual20,3095,2023-10-27,2023-11-06,0.0152527637017425,2023,2022-12-31,learned_market,20260912,0.8240190987748505,0.8240190987748505,1,1,1.5438182343819875,0.8240190987748505,2023-09-30,2022-12-31,negative_low,3356,3361
rolling5_annual20,3100,2023-11-03,2023-11-13,-0.0039935482440582,2023,2022-12-31,learned_market,20260912,0.33754986377054375,0.33754986377054375,0,0,-0.6742320450542446,0.33754986377054375,2023-09-30,2022-12-31,negative_low,3361,3366
rolling5_annual20,3105,2023-11-10,2023-11-20,-0.0067280482816765,2023,2022-12-31,learned_market,20260912,0.3096005024492078,0.3096005024492078,0,0,-0.8019876473913756,0.3096005024492078,2023-09-30,2022-12-31,negative_low,3366,3371
rolling5_annual20,3110,2023-11-17,2023-11-27,-0.0098859017348651,2023,2022-12-31,learned_market,20260912,0.23080061298231305,0.23080061298231305,0,0,-1.2037960262724365,0.23080061298231305,2023-09-30,2022-12-31,negative_low,3371,3376
rolling5_annual20,3115,2023-11-24,2023-12-04,-0.0151084754586299,2023,2022-12-31,learned_market,20260912,0.5553831028305749,0.5553831028305749,1,0,0.22244514484912045,0.5553831028305749,2023-09-30,2022-12-31,negative_low,3376,3381
rolling5_annual20,3120,2023-12-01,2023-12-11,-0.0295859857973478,2023,2022-12-31,learned_market,20260912,0.32478025991580023,0.32478025991580023,0,0,-0.7318893484418058,0.32478025991580023,2023-09-30,2022-12-31,negative_low,3381,3386
rolling5_annual20,3125,2023-12-08,2023-12-18,-0.0144639658974852,2023,2022-12-31,learned_market,20260912,0.40036832492522306,0.40036832492522306,0,0,-0.40393065610899365,0.40036832492522306,2023-09-30,2022-12-31,negative_low,3386,3391
rolling5_annual20,3130,2023-12-15,2023-12-25,0.0003424256350643,2023,2022-12-31,learned_market,20260912,0.44964329660525715,0.44964329660525715,0,1,-0.20211202541309847,0.44964329660525715,2023-09-30,2022-12-31,negative_low,3391,3396
rolling5_annual20,3135,2023-12-22,2024-01-02,0.0288079559683274,2023,2022-12-31,learned_market,20260912,0.3375856151969073,0.3375856151969073,0,1,-0.6740721662233886,0.3375856151969073,2023-09-30,2022-12-31,negative_low,3396,3401
rolling5_annual20,3140,2023-12-29,2024-01-08,-0.0302544749829989,2023,2022-12-31,learned_market,20260912,0.27918279853505146,0.27918279853505146,0,0,-0.9485188112581329,0.27918279853505146,2023-09-30,2022-12-31,negative_low,3401,3405
rolling5_annual20,2902,2023-01-06,2023-01-16,0.0198447929614133,2023,2022-12-31,learned_vol_interaction,20260912,0.28965659740268485,0.28965659740268485,0,1,-0.8970524442995261,0.28965659740268485,2022-12-31,2022-12-31,nonnegative_low,3163,3168
rolling5_annual20,2907,2023-01-13,2023-01-30,0.0465290788350809,2023,2022-12-31,learned_vol_interaction,20260912,0.24376767561556023,0.24376767561556023,0,1,-1.1321330137623806,0.24376767561556023,2022-12-31,2022-12-31,nonnegative_low,3168,3173
rolling5_annual20,2912,2023-01-20,2023-02-06,-0.0383797057844887,2023,2022-12-31,learned_vol_interaction,20260912,0.7144269683090918,0.7144269683090918,1,0,0.9169829792882142,0.7144269683090918,2022-12-31,2022-12-31,nonnegative_low,3173,3178
rolling5_annual20,2917,2023-02-03,2023-02-13,-0.0012061903149008,2023,2022-12-31,learned_vol_interaction,20260912,0.48449097695552545,0.48449097695552545,0,0,-0.0620559990422727,0.48449097695552545,2022-12-31,2022-12-31,nonnegative_low,3178,3183
rolling5_annual20,2922,2023-02-10,2023-02-20,-0.0143746584432821,2023,2022-12-31,learned_vol_interaction,20260912,0.24568395555451436,0.24568395555451436,0,0,-1.1217654608391612,0.24568395555451436,2022-12-31,2022-12-31,nonnegative_low,3183,3188
rolling5_annual20,2927,2023-02-17,2023-02-27,0.0001237636016198,2023,2022-12-31,learned_vol_interaction,20260912,0.4043340500782045,0.4043340500782045,0,1,-0.38743863029281383,0.4043340500782045,2022-12-31,2022-12-31,nonnegative_low,3188,3193
rolling5_annual20,2932,2023-02-24,2023-03-06,0.0224454641303217,2023,2022-12-31,learned_vol_interaction,20260912,0.7237644100552868,0.7237644100552868,1,1,0.9632118505800106,0.7237644100552868,2022-12-31,2022-12-31,nonnegative_low,3193,3198
rolling5_annual20,2937,2023-03-03,2023-03-13,-0.0407900947678007,2023,2022-12-31,learned_vol_interaction,20260912,0.5909800662310533,0.5909800662310533,1,0,0.36801839527926156,0.5909800662310533,2022-12-31,2022-12-31,nonnegative_low,3198,3203
rolling5_annual20,2942,2023-03-10,2023-03-20,5.0471402903706775e-06,2023,2022-12-31,learned_vol_interaction,20260912,0.42073806711796297,0.42073806711796297,0,1,-0.3197442919840719,0.42073806711796297,2022-12-31,2022-12-31,nonnegative_low,3203,3208
rolling5_annual20,2947,2023-03-17,2023-03-27,0.015302852124583,2023,2022-12-31,learned_vol_interaction,20260912,0.29115877511006416,0.29115877511006416,0,1,-0.8897628218154572,0.29115877511006416,2022-12-31,2022-12-31,nonnegative_low,3208,3213
rolling5_annual20,2952,2023-03-24,2023-04-03,0.0090274153058433,2023,2022-12-31,learned_vol_interaction,20260912,0.5529999746105244,0.5529999746105244,1,1,0.21279930419679247,0.5529999746105244,2022-12-31,2022-12-31,nonnegative_low,3213,3218
rolling5_annual20,2957,2023-03-31,2023-04-10,0.0178317182396383,2023,2022-12-31,learned_vol_interaction,20260912,0.632100803954458,0.632100803954458,1,1,0.5412399045003671,0.632100803954458,2022-12-31,2022-12-31,nonnegative_low,3218,3222
rolling5_annual20,2961,2023-04-07,2023-04-17,-0.0101500238382772,2023,2022-12-31,learned_vol_interaction,20260912,0.6574524863442807,0.6574524863442807,1,0,0.6519621232427617,0.6574524863442807,2023-03-31,2022-12-31,nonnegative_low,3222,3227
rolling5_annual20,2966,2023-04-14,2023-04-24,-0.014368947230732,2023,2022-12-31,learned_vol_interaction,20260912,0.37636812323839336,0.37636812323839336,0,0,-0.504992537600714,0.37636812323839336,2023-03-31,2022-12-31,nonnegative_low,3227,3232
rolling5_annual20,2971,2023-04-21,2023-05-04,-0.0044228908788729,2023,2022-12-31,learned_vol_interaction,20260912,0.32843574732408615,0.32843574732408615,0,0,-0.7152684720304011,0.32843574732408615,2023-03-31,2022-12-31,negative_low,3232,3237
rolling5_annual20,2976,2023-04-28,2023-05-10,0.0036477163153083,2023,2022-12-31,learned_vol_interaction,20260912,0.47644399303156704,0.47644399303156704,0,1,-0.09429383224885121,0.47644399303156704,2023-03-31,2022-12-31,negative_low,3237,3239
rolling5_annual20,2978,2023-05-05,2023-05-15,-0.0221642407977935,2023,2022-12-31,learned_vol_interaction,20260912,0.30788719174740625,0.30788719174740625,0,0,-0.8100155047143633,0.30788719174740625,2023-03-31,2022-12-31,negative_low,3239,3244
rolling5_annual20,2983,2023-05-12,2023-05-22,0.0005509250208819,2023,2022-12-31,learned_vol_interaction,20260912,0.42598051823633404,0.42598051823633404,0,1,-0.2982697227143779,0.42598051823633404,2023-03-31,2022-12-31,negative_low,3244,3249
rolling5_annual20,2988,2023-05-19,2023-05-29,-0.0200253742704897,2023,2022-12-31,learned_vol_interaction,20260912,0.6767118241469199,0.6767118241469199,1,0,0.738701405567953,0.6767118241469199,2023-03-31,2022-12-31,negative_low,3249,3254
rolling5_annual20,2993,2023-05-26,2023-06-05,-0.0003935703040848,2023,2022-12-31,learned_vol_interaction,20260912,0.4883023609978598,0.4883023609978598,0,0,-0.04679909557905212,0.4883023609978598,2023-03-31,2022-12-31,negative_low,3254,3259
rolling5_annual20,2998,2023-06-02,2023-06-12,-0.0086075595250429,2023,2022-12-31,learned_vol_interaction,20260912,0.3935432366359235,0.3935432366359235,0,0,-0.43244249816404573,0.3935432366359235,2023-03-31,2022-12-31,negative_low,3259,3264
rolling5_annual20,3003,2023-06-09,2023-06-19,0.0338878539347273,2023,2022-12-31,learned_vol_interaction,20260912,0.27933481732197507,0.27933481732197507,0,1,-0.94776352593188,0.27933481732197507,2023-03-31,2022-12-31,negative_low,3264,3269
rolling5_annual20,3008,2023-06-16,2023-07-03,-0.026216632171098,2023,2022-12-31,learned_vol_interaction,20260912,0.29070233426464753,0.29070233426464753,0,0,-0.8919754399226087,0.29070233426464753,2023-03-31,2022-12-31,nonnegative_low,3269,3277
rolling5_annual20,3016,2023-06-30,2023-07-10,-0.0030441518806006,2023,2022-12-31,learned_vol_interaction,20260912,0.6177370664994124,0.6177370664994124,1,0,0.47995422876091876,0.6177370664994124,2023-03-31,2022-12-31,negative_low,3277,3282
rolling5_annual20,3021,2023-07-07,2023-07-17,0.0104280552692135,2023,2022-12-31,learned_vol_interaction,20260912,0.5594291110807199,0.5594291110807199,1,1,0.23884545850774003,0.5594291110807199,2023-06-30,2022-12-31,negative_low,3282,3287
rolling5_annual20,3026,2023-07-14,2023-07-24,-0.0201642613135752,2023,2022-12-31,learned_vol_interaction,20260912,0.6679523881039575,0.6679523881039575,1,0,0.698938527743181,0.6679523881039575,2023-06-30,2022-12-31,negative_low,3287,3292
rolling5_annual20,3031,2023-07-21,2023-07-31,0.0566710925894278,2023,2022-12-31,learned_vol_interaction,20260912,0.18635602070763757,0.18635602070763757,0,1,-1.4738639644473546,0.18635602070763757,2023-06-30,2022-12-31,negative_low,3292,3297
rolling5_annual20,3036,2023-07-28,2023-08-07,-0.0039612927947766,2023,2022-12-31,learned_vol_interaction,20260912,0.5478407814968878,0.5478407814968878,1,0,0.19195032888695068,0.5478407814968878,2023-06-30,2022-12-31,negative_low,3297,3302
rolling5_annual20,3041,2023-08-04,2023-08-14,-0.0404899362223548,2023,2022-12-31,learned_vol_interaction,20260912,0.7033947900566206,0.7033947900566206,1,0,0.8635163181083116,0.7033947900566206,2023-06-30,2022-12-31,nonnegative_low,3302,3307
rolling5_annual20,3046,2023-08-11,2023-08-21,-0.0176157088591445,2023,2022-12-31,learned_vol_interaction,20260912,0.8317318095324455,0.8317318095324455,1,0,1.5979509661582747,0.8317318095324455,2023-06-30,2022-12-31,negative_low,3307,3312
rolling5_annual20,3051,2023-08-18,2023-08-28,0.0366582477081969,2023,2022-12-31,learned_vol_interaction,20260912,0.42483786987653466,0.42483786987653466,0,1,-0.3029443529867282,0.42483786987653466,2023-06-30,2022-12-31,negative_high,3312,3317
rolling5_annual20,3056,2023-08-25,2023-09-04,-0.025197172476384,2023,2022-12-31,learned_vol_interaction,20260912,0.3505140150291582,0.3505140150291582,0,0,-0.616780566202832,0.3505140150291582,2023-06-30,2022-12-31,negative_low,3317,3322
rolling5_annual20,3061,2023-09-01,2023-09-11,-0.0189903461587886,2023,2022-12-31,learned_vol_interaction,20260912,0.18874661788961722,0.18874661788961722,0,0,-1.4581749675178748,0.18874661788961722,2023-06-30,2022-12-31,nonnegative_low,3322,3327
rolling5_annual20,3066,2023-09-08,2023-09-18,-0.0111346368744954,2023,2022-12-31,learned_vol_interaction,20260912,0.5206780629644419,0.5206780629644419,1,0,0.0827594553658878,0.5206780629644419,2023-06-30,2022-12-31,negative_low,3327,3332
rolling5_annual20,3071,2023-09-15,2023-09-25,0.0105787349314532,2023,2022-12-31,learned_vol_interaction,20260912,0.41117262447742026,0.41117262447742026,0,1,-0.35911992287793104,0.41117262447742026,2023-06-30,2022-12-31,negative_low,3332,3337
rolling5_annual20,3076,2023-09-22,2023-10-16,-0.0198017153282719,2023,2022-12-31,learned_vol_interaction,20260912,0.38889293355827786,0.38889293355827786,0,0,-0.451968104646902,0.38889293355827786,2023-06-30,2022-12-31,negative_low,3337,3346
rolling5_annual20,3085,2023-10-13,2023-10-23,-0.0447156690429144,2023,2022-12-31,learned_vol_interaction,20260912,0.39717111617291695,0.39717111617291695,0,0,-0.41726617077872424,0.39717111617291695,2023-09-30,2022-12-31,negative_low,3346,3351
rolling5_annual20,3090,2023-10-20,2023-10-30,0.0154019770298841,2023,2022-12-31,learned_vol_interaction,20260912,0.4308265287381603,0.4308265287381603,0,1,-0.27847973451184443,0.4308265287381603,2023-09-30,2022-12-31,negative_low,3351,3356
rolling5_annual20,3095,2023-10-27,2023-11-06,0.0152527637017425,2023,2022-12-31,learned_vol_interaction,20260912,0.8384544931958045,0.8384544931958045,1,1,1.6467734292611715,0.8384544931958045,2023-09-30,2022-12-31,negative_low,3356,3361
rolling5_annual20,3100,2023-11-03,2023-11-13,-0.0039935482440582,2023,2022-12-31,learned_vol_interaction,20260912,0.33445935995483883,0.33445935995483883,0,0,-0.6880843256216773,0.33445935995483883,2023-09-30,2022-12-31,negative_low,3361,3366
rolling5_annual20,3105,2023-11-10,2023-11-20,-0.0067280482816765,2023,2022-12-31,learned_vol_interaction,20260912,0.30339931623024247,0.30339931623024247,0,0,-0.8311625262918456,0.30339931623024247,2023-09-30,2022-12-31,negative_low,3366,3371
rolling5_annual20,3110,2023-11-17,2023-11-27,-0.0098859017348651,2023,2022-12-31,learned_vol_interaction,20260912,0.20180911255113013,0.20180911255113013,0,0,-1.3750255129252027,0.20180911255113013,2023-09-30,2022-12-31,negative_low,3371,3376
rolling5_annual20,3115,2023-11-24,2023-12-04,-0.0151084754586299,2023,2022-12-31,learned_vol_interaction,20260912,0.57528908196144,0.57528908196144,1,0,0.3034639210597169,0.57528908196144,2023-09-30,2022-12-31,negative_low,3376,3381
rolling5_annual20,3120,2023-12-01,2023-12-11,-0.0295859857973478,2023,2022-12-31,learned_vol_interaction,20260912,0.3067644832038629,0.3067644832038629,0,0,-0.8152894950453383,0.3067644832038629,2023-09-30,2022-12-31,negative_low,3381,3386
rolling5_annual20,3125,2023-12-08,2023-12-18,-0.0144639658974852,2023,2022-12-31,learned_vol_interaction,20260912,0.39015816974445156,0.39015816974445156,0,0,-0.44664740852927015,0.39015816974445156,2023-09-30,2022-12-31,negative_low,3386,3391
rolling5_annual20,3130,2023-12-15,2023-12-25,0.0003424256350643,2023,2022-12-31,learned_vol_interaction,20260912,0.4406724982532778,0.4406724982532778,0,1,-0.23843320713426217,0.4406724982532778,2023-09-30,2022-12-31,negative_low,3391,3396
rolling5_annual20,3135,2023-12-22,2024-01-02,0.0288079559683274,2023,2022-12-31,learned_vol_interaction,20260912,0.31235414694997865,0.31235414694997865,0,1,-0.7891363264669095,0.31235414694997865,2023-09-30,2022-12-31,negative_low,3396,3401
rolling5_annual20,3140,2023-12-29,2024-01-08,-0.0302544749829989,2023,2022-12-31,learned_vol_interaction,20260912,0.26760132191925856,0.26760132191925856,0,0,-1.006826739734977,0.26760132191925856,2023-09-30,2022-12-31,negative_low,3401,3405
rolling5_annual20,2902,2023-01-06,2023-01-16,0.0198447929614133,2023,2022-12-31,learned_order_extension,20260912,0.3320870087441045,0.3320870087441045,0,1,-0.69876090333071,0.3320870087441045,2022-12-31,2022-12-31,nonnegative_low,3163,3168
rolling5_annual20,2907,2023-01-13,2023-01-30,0.0465290788350809,2023,2022-12-31,learned_order_extension,20260912,0.27988954900977053,0.27988954900977053,0,1,-0.9450095468738798,0.27988954900977053,2022-12-31,2022-12-31,nonnegative_low,3168,3173
rolling5_annual20,2912,2023-01-20,2023-02-06,-0.0383797057844887,2023,2022-12-31,learned_order_extension,20260912,0.6620064456911843,0.6620064456911843,1,0,0.6722484673743174,0.6620064456911843,2022-12-31,2022-12-31,nonnegative_low,3173,3178
rolling5_annual20,2917,2023-02-03,2023-02-13,-0.0012061903149008,2023,2022-12-31,learned_order_extension,20260912,0.47399209037220413,0.47399209037220413,0,0,-0.1041256153624765,0.47399209037220413,2022-12-31,2022-12-31,nonnegative_low,3178,3183
rolling5_annual20,2922,2023-02-10,2023-02-20,-0.0143746584432821,2023,2022-12-31,learned_order_extension,20260912,0.24616016767148868,0.24616016767148868,0,0,-1.1191975093133493,0.24616016767148868,2022-12-31,2022-12-31,nonnegative_low,3183,3188
rolling5_annual20,2927,2023-02-17,2023-02-27,0.0001237636016198,2023,2022-12-31,learned_order_extension,20260912,0.39614793530843245,0.39614793530843245,0,1,-0.42154152642392717,0.39614793530843245,2022-12-31,2022-12-31,nonnegative_low,3188,3193
rolling5_annual20,2932,2023-02-24,2023-03-06,0.0224454641303217,2023,2022-12-31,learned_order_extension,20260912,0.7129289281429624,0.7129289281429624,1,1,0.9096519131868736,0.7129289281429624,2022-12-31,2022-12-31,nonnegative_low,3193,3198
rolling5_annual20,2937,2023-03-03,2023-03-13,-0.0407900947678007,2023,2022-12-31,learned_order_extension,20260912,0.5872179709776264,0.5872179709776264,1,0,0.3524764024832471,0.5872179709776264,2022-12-31,2022-12-31,nonnegative_low,3198,3203
rolling5_annual20,2942,2023-03-10,2023-03-20,5.0471402903706775e-06,2023,2022-12-31,learned_order_extension,20260912,0.45917963346836393,0.45917963346836393,0,1,-0.16364569220762923,0.45917963346836393,2022-12-31,2022-12-31,nonnegative_low,3203,3208
rolling5_annual20,2947,2023-03-17,2023-03-27,0.015302852124583,2023,2022-12-31,learned_order_extension,20260912,0.3321757909492291,0.3321757909492291,0,1,-0.6983606592036897,0.3321757909492291,2022-12-31,2022-12-31,nonnegative_low,3208,3213
rolling5_annual20,2952,2023-03-24,2023-04-03,0.0090274153058433,2023,2022-12-31,learned_order_extension,20260912,0.5428268381901444,0.5428268381901444,1,1,0.17172814171996686,0.5428268381901444,2022-12-31,2022-12-31,nonnegative_low,3213,3218
rolling5_annual20,2957,2023-03-31,2023-04-10,0.0178317182396383,2023,2022-12-31,learned_order_extension,20260912,0.5750765947333518,0.5750765947333518,1,1,0.30259431037752393,0.5750765947333518,2022-12-31,2022-12-31,nonnegative_low,3218,3222
rolling5_annual20,2961,2023-04-07,2023-04-17,-0.0101500238382772,2023,2022-12-31,learned_order_extension,20260912,0.637499787070465,0.637499787070465,1,0,0.5645288813390337,0.637499787070465,2023-03-31,2022-12-31,nonnegative_low,3222,3227
rolling5_annual20,2966,2023-04-14,2023-04-24,-0.014368947230732,2023,2022-12-31,learned_order_extension,20260912,0.39981071424461395,0.39981071424461395,0,0,-0.40625386100469846,0.39981071424461395,2023-03-31,2022-12-31,nonnegative_low,3227,3232
rolling5_annual20,2971,2023-04-21,2023-05-04,-0.0044228908788729,2023,2022-12-31,learned_order_extension,20260912,0.3696006256220921,0.3696006256220921,0,0,-0.5339305136557833,0.3696006256220921,2023-03-31,2022-12-31,negative_low,3232,3237
rolling5_annual20,2976,2023-04-28,2023-05-10,0.0036477163153083,2023,2022-12-31,learned_order_extension,20260912,0.4688564801514378,0.4688564801514378,0,1,-0.12473555777833978,0.4688564801514378,2023-03-31,2022-12-31,negative_low,3237,3239
rolling5_annual20,2978,2023-05-05,2023-05-15,-0.0221642407977935,2023,2022-12-31,learned_order_extension,20260912,0.35316398446807334,0.35316398446807334,0,0,-0.6051603144924111,0.35316398446807334,2023-03-31,2022-12-31,negative_low,3239,3244
rolling5_annual20,2983,2023-05-12,2023-05-22,0.0005509250208819,2023,2022-12-31,learned_order_extension,20260912,0.4594935783345266,0.4594935783345266,0,1,-0.16238155161571033,0.4594935783345266,2023-03-31,2022-12-31,negative_low,3244,3249
rolling5_annual20,2988,2023-05-19,2023-05-29,-0.0200253742704897,2023,2022-12-31,learned_order_extension,20260912,0.5613551046736279,0.5613551046736279,1,0,0.2466634991595214,0.5613551046736279,2023-03-31,2022-12-31,negative_low,3249,3254
rolling5_annual20,2993,2023-05-26,2023-06-05,-0.0003935703040848,2023,2022-12-31,learned_order_extension,20260912,0.4825311640837267,0.4825311640837267,0,0,-0.06990379540671543,0.4825311640837267,2023-03-31,2022-12-31,negative_low,3254,3259
rolling5_annual20,2998,2023-06-02,2023-06-12,-0.0086075595250429,2023,2022-12-31,learned_order_extension,20260912,0.43993698612115767,0.43993698612115767,0,0,-0.2414177988871145,0.43993698612115767,2023-03-31,2022-12-31,negative_low,3259,3264
rolling5_annual20,3003,2023-06-09,2023-06-19,0.0338878539347273,2023,2022-12-31,learned_order_extension,20260912,0.35568367267039286,0.35568367267039286,0,1,-0.5941480210808598,0.35568367267039286,2023-03-31,2022-12-31,negative_low,3264,3269
rolling5_annual20,3008,2023-06-16,2023-07-03,-0.026216632171098,2023,2022-12-31,learned_order_extension,20260912,0.39069608421932794,0.39069608421932794,0,0,-0.44438720438466806,0.39069608421932794,2023-03-31,2022-12-31,nonnegative_low,3269,3277
rolling5_annual20,3016,2023-06-30,2023-07-10,-0.0030441518806006,2023,2022-12-31,learned_order_extension,20260912,0.5677359269311923,0.5677359269311923,1,0,0.272619711498589,0.5677359269311923,2023-03-31,2022-12-31,negative_low,3277,3282
rolling5_annual20,3021,2023-07-07,2023-07-17,0.0104280552692135,2023,2022-12-31,learned_order_extension,20260912,0.5454708742834323,0.5454708742834323,1,1,0.1823874166009814,0.5454708742834323,2023-06-30,2022-12-31,negative_low,3282,3287
rolling5_annual20,3026,2023-07-14,2023-07-24,-0.0201642613135752,2023,2022-12-31,learned_order_extension,20260912,0.5829444980994714,0.5829444980994714,1,0,0.33487267027830914,0.5829444980994714,2023-06-30,2022-12-31,negative_low,3287,3292
rolling5_annual20,3031,2023-07-21,2023-07-31,0.0566710925894278,2023,2022-12-31,learned_order_extension,20260912,0.2735077969075347,0.2735077969075347,0,1,-0.9768976214576741,0.2735077969075347,2023-06-30,2022-12-31,negative_low,3292,3297
rolling5_annual20,3036,2023-07-28,2023-08-07,-0.0039612927947766,2023,2022-12-31,learned_order_extension,20260912,0.5280526191390094,0.5280526191390094,1,0,0.11232843805668477,0.5280526191390094,2023-06-30,2022-12-31,negative_low,3297,3302
rolling5_annual20,3041,2023-08-04,2023-08-14,-0.0404899362223548,2023,2022-12-31,learned_order_extension,20260912,0.6473763569680311,0.6473763569680311,1,0,0.6075264997253715,0.6473763569680311,2023-06-30,2022-12-31,nonnegative_low,3302,3307
rolling5_annual20,3046,2023-08-11,2023-08-21,-0.0176157088591445,2023,2022-12-31,learned_order_extension,20260912,0.7564070090465949,0.7564070090465949,1,0,1.1330808404116834,0.7564070090465949,2023-06-30,2022-12-31,negative_low,3307,3312
rolling5_annual20,3051,2023-08-18,2023-08-28,0.0366582477081969,2023,2022-12-31,learned_order_extension,20260912,0.4265030263110565,0.4265030263110565,0,1,-0.29613319704512076,0.4265030263110565,2023-06-30,2022-12-31,negative_high,3312,3317
rolling5_annual20,3056,2023-08-25,2023-09-04,-0.025197172476384,2023,2022-12-31,learned_order_extension,20260912,0.3737136272862438,0.3737136272862438,0,0,-0.516317929222645,0.3737136272862438,2023-06-30,2022-12-31,negative_low,3317,3322
rolling5_annual20,3061,2023-09-01,2023-09-11,-0.0189903461587886,2023,2022-12-31,learned_order_extension,20260912,0.2333986657354188,0.2333986657354188,0,0,-1.189218890248728,0.2333986657354188,2023-06-30,2022-12-31,nonnegative_low,3322,3327
rolling5_annual20,3066,2023-09-08,2023-09-18,-0.0111346368744954,2023,2022-12-31,learned_order_extension,20260912,0.4849329777395086,0.4849329777395086,0,0,-0.06028634134733758,0.4849329777395086,2023-06-30,2022-12-31,negative_low,3327,3332
rolling5_annual20,3071,2023-09-15,2023-09-25,0.0105787349314532,2023,2022-12-31,learned_order_extension,20260912,0.41318970667133637,0.41318970667133637,0,1,-0.3507947618900703,0.41318970667133637,2023-06-30,2022-12-31,negative_low,3332,3337
rolling5_annual20,3076,2023-09-22,2023-10-16,-0.0198017153282719,2023,2022-12-31,learned_order_extension,20260912,0.4108197709059615,0.4108197709059615,0,0,-0.36057752380615204,0.4108197709059615,2023-06-30,2022-12-31,negative_low,3337,3346
rolling5_annual20,3085,2023-10-13,2023-10-23,-0.0447156690429144,2023,2022-12-31,learned_order_extension,20260912,0.402471925725188,0.402471925725188,0,0,-0.395175924260937,0.402471925725188,2023-09-30,2022-12-31,negative_low,3346,3351
rolling5_annual20,3090,2023-10-20,2023-10-30,0.0154019770298841,2023,2022-12-31,learned_order_extension,20260912,0.4456780475483379,0.4456780475483379,0,1,-0.21814883469393795,0.4456780475483379,2023-09-30,2022-12-31,negative_low,3351,3356
rolling5_annual20,3095,2023-10-27,2023-11-06,0.0152527637017425,2023,2022-12-31,learned_order_extension,20260912,0.8012946083073389,0.8012946083073389,1,1,1.394405396050277,0.8012946083073389,2023-09-30,2022-12-31,negative_low,3356,3361
rolling5_annual20,3100,2023-11-03,2023-11-13,-0.0039935482440582,2023,2022-12-31,learned_order_extension,20260912,0.37660086608637366,0.37660086608637366,0,0,-0.5040010620656811,0.37660086608637366,2023-09-30,2022-12-31,negative_low,3361,3366
rolling5_annual20,3105,2023-11-10,2023-11-20,-0.0067280482816765,2023,2022-12-31,learned_order_extension,20260912,0.32244723471503595,0.32244723471503595,0,0,-0.7425479224976113,0.32244723471503595,2023-09-30,2022-12-31,negative_low,3366,3371
rolling5_annual20,3110,2023-11-17,2023-11-27,-0.0098859017348651,2023,2022-12-31,learned_order_extension,20260912,0.25164320767898957,0.25164320767898957,0,0,-1.0898676176144506,0.25164320767898957,2023-09-30,2022-12-31,negative_low,3371,3376
rolling5_annual20,3115,2023-11-24,2023-12-04,-0.0151084754586299,2023,2022-12-31,learned_order_extension,20260912,0.5499344358185067,0.5499344358185067,1,0,0.20040579318549767,0.5499344358185067,2023-09-30,2022-12-31,negative_low,3376,3381
rolling5_annual20,3120,2023-12-01,2023-12-11,-0.0295859857973478,2023,2022-12-31,learned_order_extension,20260912,0.3442150767646824,0.3442150767646824,0,0,-0.6445661891081962,0.3442150767646824,2023-09-30,2022-12-31,negative_low,3381,3386
rolling5_annual20,3125,2023-12-08,2023-12-18,-0.0144639658974852,2023,2022-12-31,learned_order_extension,20260912,0.3993508171201843,0.3993508171201843,0,0,-0.40817077028652504,0.3993508171201843,2023-09-30,2022-12-31,negative_low,3386,3391
rolling5_annual20,3130,2023-12-15,2023-12-25,0.0003424256350643,2023,2022-12-31,learned_order_extension,20260912,0.46301510595525036,0.46301510595525036,0,1,-0.1482102840354664,0.46301510595525036,2023-09-30,2022-12-31,negative_low,3391,3396
rolling5_annual20,3135,2023-12-22,2024-01-02,0.0288079559683274,2023,2022-12-31,learned_order_extension,20260912,0.3352091402952182,0.3352091402952182,0,1,-0.6847178580868791,0.3352091402952182,2023-09-30,2022-12-31,negative_low,3396,3401
rolling5_annual20,3140,2023-12-29,2024-01-08,-0.0302544749829989,2023,2022-12-31,learned_order_extension,20260912,0.32249353537551856,0.32249353537551856,0,0,-0.7423360039017985,0.32249353537551856,2023-09-30,2022-12-31,negative_low,3401,3405
rolling5_annual20,2902,2023-01-06,2023-01-16,0.0198447929614133,2023,2022-12-31,learned_order_offset,20260912,0.33518639317613286,0.33518639317613286,0,1,-0.6848199362426655,0.33518639317613286,2022-12-31,2022-12-31,nonnegative_low,3163,3168
rolling5_annual20,2907,2023-01-13,2023-01-30,0.0465290788350809,2023,2022-12-31,learned_order_offset,20260912,0.283926532884273,0.283926532884273,0,1,-0.9250672517316267,0.283926532884273,2022-12-31,2022-12-31,nonnegative_low,3168,3173
rolling5_annual20,2912,2023-01-20,2023-02-06,-0.0383797057844887,2023,2022-12-31,learned_order_offset,20260912,0.656265266213206,0.656265266213206,1,0,0.6466948392437966,0.656265266213206,2022-12-31,2022-12-31,nonnegative_low,3173,3178
rolling5_annual20,2917,2023-02-03,2023-02-13,-0.0012061903149008,2023,2022-12-31,learned_order_offset,20260912,0.47265762776020354,0.47265762776020354,0,0,-0.10947870527027426,0.47265762776020354,2022-12-31,2022-12-31,nonnegative_low,3178,3183
rolling5_annual20,2922,2023-02-10,2023-02-20,-0.0143746584432821,2023,2022-12-31,learned_order_offset,20260912,0.2502577591654617,0.2502577591654617,0,0,-1.097238045201095,0.2502577591654617,2022-12-31,2022-12-31,nonnegative_low,3183,3188
rolling5_annual20,2927,2023-02-17,2023-02-27,0.0001237636016198,2023,2022-12-31,learned_order_offset,20260912,0.3981719184557722,0.3981719184557722,0,1,-0.41308795775587315,0.3981719184557722,2022-12-31,2022-12-31,nonnegative_low,3188,3193
rolling5_annual20,2932,2023-02-24,2023-03-06,0.0224454641303217,2023,2022-12-31,learned_order_offset,20260912,0.7071114667508918,0.7071114667508918,1,1,0.881396211031525,0.7071114667508918,2022-12-31,2022-12-31,nonnegative_low,3193,3198
rolling5_annual20,2937,2023-03-03,2023-03-13,-0.0407900947678007,2023,2022-12-31,learned_order_offset,20260912,0.5854544425200702,0.5854544425200702,1,0,0.3452054924633787,0.5854544425200702,2022-12-31,2022-12-31,nonnegative_low,3198,3203
rolling5_annual20,2942,2023-03-10,2023-03-20,5.0471402903706775e-06,2023,2022-12-31,learned_order_offset,20260912,0.4623204109511431,0.4623204109511431,0,1,-0.1510046424590193,0.4623204109511431,2022-12-31,2022-12-31,nonnegative_low,3203,3208
rolling5_annual20,2947,2023-03-17,2023-03-27,0.015302852124583,2023,2022-12-31,learned_order_offset,20260912,0.339217920591994,0.339217920591994,0,1,-0.6667813678429492,0.339217920591994,2022-12-31,2022-12-31,nonnegative_low,3208,3213
rolling5_annual20,2952,2023-03-24,2023-04-03,0.0090274153058433,2023,2022-12-31,learned_order_offset,20260912,0.5430909588293242,0.5430909588293242,1,1,0.1727924811149269,0.5430909588293242,2022-12-31,2022-12-31,nonnegative_low,3213,3218
rolling5_annual20,2957,2023-03-31,2023-04-10,0.0178317182396383,2023,2022-12-31,learned_order_offset,20260912,0.5725347377994414,0.5725347377994414,1,1,0.29220038390171954,0.5725347377994414,2022-12-31,2022-12-31,nonnegative_low,3218,3222
rolling5_annual20,2961,2023-04-07,2023-04-17,-0.0101500238382772,2023,2022-12-31,learned_order_offset,20260912,0.6359786222461823,0.6359786222461823,1,0,0.5579523539496285,0.6359786222461823,2023-03-31,2022-12-31,nonnegative_low,3222,3227
rolling5_annual20,2966,2023-04-14,2023-04-24,-0.014368947230732,2023,2022-12-31,learned_order_offset,20260912,0.4040571614648592,0.4040571614648592,0,0,-0.3885883972407883,0.4040571614648592,2023-03-31,2022-12-31,nonnegative_low,3227,3232
rolling5_annual20,2971,2023-04-21,2023-05-04,-0.0044228908788729,2023,2022-12-31,learned_order_offset,20260912,0.373753908234859,0.373753908234859,0,0,-0.5161458302193156,0.373753908234859,2023-03-31,2022-12-31,negative_low,3232,3237
rolling5_annual20,2976,2023-04-28,2023-05-10,0.0036477163153083,2023,2022-12-31,learned_order_offset,20260912,0.4682938791565345,0.4682938791565345,0,1,-0.1269948865233771,0.4682938791565345,2023-03-31,2022-12-31,negative_low,3237,3239
rolling5_annual20,2978,2023-05-05,2023-05-15,-0.0221642407977935,2023,2022-12-31,learned_order_offset,20260912,0.35468620955831676,0.35468620955831676,0,0,-0.5985032134498542,0.35468620955831676,2023-03-31,2022-12-31,negative_low,3239,3244
rolling5_annual20,2983,2023-05-12,2023-05-22,0.0005509250208819,2023,2022-12-31,learned_order_offset,20260912,0.45944687309341087,0.45944687309341087,0,1,-0.16256960823461453,0.45944687309341087,2023-03-31,2022-12-31,negative_low,3244,3249
rolling5_annual20,2988,2023-05-19,2023-05-29,-0.0200253742704897,2023,2022-12-31,learned_order_offset,20260912,0.5528609060536627,0.5528609060536627,1,0,0.21223672541174166,0.5528609060536627,2023-03-31,2022-12-31,negative_low,3249,3254
rolling5_annual20,2993,2023-05-26,2023-06-05,-0.0003935703040848,2023,2022-12-31,learned_order_offset,20260912,0.48081388523345875,0.48081388523345875,0,0,-0.07678215927505438,0.48081388523345875,2023-03-31,2022-12-31,negative_low,3254,3259
rolling5_annual20,2998,2023-06-02,2023-06-12,-0.0086075595250429,2023,2022-12-31,learned_order_offset,20260912,0.4462826688282708,0.4462826688282708,0,0,-0.21570178611973728,0.4462826688282708,2023-03-31,2022-12-31,negative_low,3259,3264
rolling5_annual20,3003,2023-06-09,2023-06-19,0.0338878539347273,2023,2022-12-31,learned_order_offset,20260912,0.3657926874386867,0.3657926874386867,0,1,-0.550309147251406,0.3657926874386867,2023-03-31,2022-12-31,negative_low,3264,3269
rolling5_annual20,3008,2023-06-16,2023-07-03,-0.026216632171098,2023,2022-12-31,learned_order_offset,20260912,0.3970710272316485,0.3970710272316485,0,0,-0.41768422543074535,0.3970710272316485,2023-03-31,2022-12-31,nonnegative_low,3269,3277
rolling5_annual20,3016,2023-06-30,2023-07-10,-0.0030441518806006,2023,2022-12-31,learned_order_offset,20260912,0.5701260577969851,0.5701260577969851,1,0,0.2823654823663546,0.5701260577969851,2023-03-31,2022-12-31,negative_low,3277,3282
rolling5_annual20,3021,2023-07-07,2023-07-17,0.0104280552692135,2023,2022-12-31,learned_order_offset,20260912,0.5489589265996276,0.5489589265996276,1,1,0.19646521657675758,0.5489589265996276,2023-06-30,2022-12-31,negative_low,3282,3287
rolling5_annual20,3026,2023-07-14,2023-07-24,-0.0201642613135752,2023,2022-12-31,learned_order_offset,20260912,0.5824558395211001,0.5824558395211001,1,0,0.33286305828560575,0.5824558395211001,2023-06-30,2022-12-31,negative_low,3287,3292
rolling5_annual20,3031,2023-07-21,2023-07-31,0.0566710925894278,2023,2022-12-31,learned_order_offset,20260912,0.27988978715458734,0.27988978715458734,0,1,-0.9450083653153918,0.27988978715458734,2023-06-30,2022-12-31,negative_low,3292,3297
rolling5_annual20,3036,2023-07-28,2023-08-07,-0.0039612927947766,2023,2022-12-31,learned_order_offset,20260912,0.5284081434359106,0.5284081434359106,1,0,0.11375508318978883,0.5284081434359106,2023-06-30,2022-12-31,negative_low,3297,3302
rolling5_annual20,3041,2023-08-04,2023-08-14,-0.0404899362223548,2023,2022-12-31,learned_order_offset,20260912,0.6464705079150657,0.6464705079150657,1,0,0.6035606684288984,0.6464705079150657,2023-06-30,2022-12-31,nonnegative_low,3302,3307
rolling5_annual20,3046,2023-08-11,2023-08-21,-0.0176157088591445,2023,2022-12-31,learned_order_offset,20260912,0.7497865485741146,0.7497865485741146,1,0,1.0974742048413333,0.7497865485741146,2023-06-30,2022-12-31,negative_low,3307,3312
rolling5_annual20,3051,2023-08-18,2023-08-28,0.0366582477081969,2023,2022-12-31,learned_order_offset,20260912,0.42522859880571334,0.42522859880571334,0,1,-0.3013454947458803,0.42522859880571334,2023-06-30,2022-12-31,negative_high,3312,3317
rolling5_annual20,3056,2023-08-25,2023-09-04,-0.025197172476384,2023,2022-12-31,learned_order_offset,20260912,0.37460809335848105,0.37460809335848105,0,0,-0.5124981087371632,0.37460809335848105,2023-06-30,2022-12-31,negative_low,3317,3322
rolling5_annual20,3061,2023-09-01,2023-09-11,-0.0189903461587886,2023,2022-12-31,learned_order_offset,20260912,0.23706180643728625,0.23706180643728625,0,0,-1.1688561297070341,0.23706180643728625,2023-06-30,2022-12-31,nonnegative_low,3322,3327
rolling5_annual20,3066,2023-09-08,2023-09-18,-0.0111346368744954,2023,2022-12-31,learned_order_offset,20260912,0.48285979946132007,0.48285979946132007,0,0,-0.06858767742182109,0.48285979946132007,2023-06-30,2022-12-31,negative_low,3327,3332
rolling5_annual20,3071,2023-09-15,2023-09-25,0.0105787349314532,2023,2022-12-31,learned_order_offset,20260912,0.4157390136403382,0.4157390136403382,0,1,-0.34029008512730385,0.4157390136403382,2023-06-30,2022-12-31,negative_low,3332,3337
rolling5_annual20,3076,2023-09-22,2023-10-16,-0.0198017153282719,2023,2022-12-31,learned_order_offset,20260912,0.41199571148298614,0.41199571148298614,0,0,-0.3557213009948386,0.41199571148298614,2023-06-30,2022-12-31,negative_low,3337,3346
rolling5_annual20,3085,2023-10-13,2023-10-23,-0.0447156690429144,2023,2022-12-31,learned_order_offset,20260912,0.4059248823551379,0.4059248823551379,0,0,-0.3808376483948252,0.4059248823551379,2023-09-30,2022-12-31,negative_low,3346,3351
rolling5_annual20,3090,2023-10-20,2023-10-30,0.0154019770298841,2023,2022-12-31,learned_order_offset,20260912,0.4501575758379855,0.4501575758379855,0,1,-0.20003404565497307,0.4501575758379855,2023-09-30,2022-12-31,negative_low,3351,3356
rolling5_annual20,3095,2023-10-27,2023-11-06,0.0152527637017425,2023,2022-12-31,learned_order_offset,20260912,0.7973405969170546,0.7973405969170546,1,1,1.369755183602191,0.7973405969170546,2023-09-30,2022-12-31,negative_low,3356,3361
rolling5_annual20,3100,2023-11-03,2023-11-13,-0.0039935482440582,2023,2022-12-31,learned_order_offset,20260912,0.3814727694051757,0.3814727694051757,0,0,-0.4833017472231081,0.3814727694051757,2023-09-30,2022-12-31,negative_low,3361,3366
rolling5_annual20,3105,2023-11-10,2023-11-20,-0.0067280482816765,2023,2022-12-31,learned_order_offset,20260912,0.3253531314093673,0.3253531314093673,0,0,-0.7292782456989998,0.3253531314093673,2023-09-30,2022-12-31,negative_low,3366,3371
rolling5_annual20,3110,2023-11-17,2023-11-27,-0.0098859017348651,2023,2022-12-31,learned_order_offset,20260912,0.25963837970729076,0.25963837970729076,0,0,-1.0478489272961597,0.25963837970729076,2023-09-30,2022-12-31,negative_low,3371,3376
rolling5_annual20,3115,2023-11-24,2023-12-04,-0.0151084754586299,2023,2022-12-31,learned_order_offset,20260912,0.5477382248343785,0.5477382248343785,1,0,0.19153632012190588,0.5477382248343785,2023-09-30,2022-12-31,negative_low,3376,3381
rolling5_annual20,3120,2023-12-01,2023-12-11,-0.0295859857973478,2023,2022-12-31,learned_order_offset,20260912,0.3506669447445297,0.3506669447445297,0,0,-0.6161088696560105,0.3506669447445297,2023-09-30,2022-12-31,negative_low,3381,3386
rolling5_annual20,3125,2023-12-08,2023-12-18,-0.0144639658974852,2023,2022-12-31,learned_order_offset,20260912,0.4047710646356656,0.4047710646356656,0,0,-0.3856244620853715,0.4047710646356656,2023-09-30,2022-12-31,negative_low,3386,3391
rolling5_annual20,3130,2023-12-15,2023-12-25,0.0003424256350643,2023,2022-12-31,learned_order_offset,20260912,0.46679369387633696,0.46679369387633696,0,1,-0.13302102411441458,0.46679369387633696,2023-09-30,2022-12-31,negative_low,3391,3396
rolling5_annual20,3135,2023-12-22,2024-01-02,0.0288079559683274,2023,2022-12-31,learned_order_offset,20260912,0.3410249039308952,0.3410249039308952,0,1,-0.6587302366292691,0.3410249039308952,2023-09-30,2022-12-31,negative_low,3396,3401
rolling5_annual20,3140,2023-12-29,2024-01-08,-0.0302544749829989,2023,2022-12-31,learned_order_offset,20260912,0.32740429145882843,0.32740429145882843,0,0,-0.7199486463385977,0.32740429145882843,2023-09-30,2022-12-31,negative_low,3401,3405
rolling5_annual20,3144,2024-01-05,2024-01-15,-0.0158038409563566,2024,2023-12-31,learned_market,20260910,0.37911601118731636,0.37911601118731636,0,0,-0.4933019946119936,0.37911601118731636,2023-12-31,2023-12-31,negative_low,3405,3410
rolling5_annual20,3149,2024-01-12,2024-01-22,-0.002333261979756,2024,2023-12-31,learned_market,20260910,0.4589111880907024,0.4589111880907024,0,0,-0.16472672652690354,0.4589111880907024,2023-12-31,2023-12-31,negative_low,3410,3415
rolling5_annual20,3154,2024-01-19,2024-01-29,0.0223511633823452,2024,2023-12-31,learned_market,20260910,0.41956122213307734,0.41956122213307734,0,1,-0.32457487511055527,0.41956122213307734,2023-12-31,2023-12-31,negative_low,3415,3420
rolling5_annual20,3159,2024-01-26,2024-02-05,-0.0513103415192826,2024,2023-12-31,learned_market,20260910,0.4467918935376125,0.4467918935376125,0,0,-0.2136413297974989,0.4467918935376125,2023-12-31,2023-12-31,negative_high,3420,3425
rolling5_annual20,3164,2024-02-02,2024-02-26,0.1015374891364462,2024,2023-12-31,learned_market,20260910,0.6470923056808707,0.6470923056808707,1,1,0.6062824179706189,0.6470923056808707,2023-12-31,2023-12-31,negative_high,3425,3434
rolling5_annual20,3173,2024-02-23,2024-03-04,0.0151569053862528,2024,2023-12-31,learned_market,20260910,0.6974540268702009,0.6974540268702009,1,1,0.8352033570139624,0.6974540268702009,2023-12-31,2023-12-31,negative_high,3434,3439
rolling5_annual20,3178,2024-03-01,2024-03-11,0.0021394031715169,2024,2023-12-31,learned_market,20260910,0.6539310685581109,0.6539310685581109,1,1,0.6363639671082307,0.6539310685581109,2023-12-31,2023-12-31,nonnegative_high,3439,3444
rolling5_annual20,3183,2024-03-08,2024-03-18,0.0087762342284414,2024,2023-12-31,learned_market,20260910,0.651636534380962,0.651636534380962,1,1,0.6262405677216987,0.651636534380962,2023-12-31,2023-12-31,nonnegative_high,3444,3449
rolling5_annual20,3188,2024-03-15,2024-03-25,-0.0112802133595746,2024,2023-12-31,learned_market,20260910,0.6184866579610433,0.6184866579610433,1,0,0.4831297973006643,0.6184866579610433,2023-12-31,2023-12-31,nonnegative_low,3449,3454
rolling5_annual20,3193,2024-03-22,2024-04-01,0.0042044725182444,2024,2023-12-31,learned_market,20260910,0.49537529534083324,0.49537529534083324,0,1,-0.0184993461980899,0.49537529534083324,2023-12-31,2023-12-31,nonnegative_low,3454,3459
rolling5_annual20,3198,2024-03-29,2024-04-15,-0.0219845815102011,2024,2023-12-31,learned_market,20260910,0.4469684467331579,0.4469684467331579,0,0,-0.21292705508509097,0.4469684467331579,2023-12-31,2023-12-31,nonnegative_low,3459,3467
rolling5_annual20,3206,2024-04-12,2024-04-22,0.018045199366633,2024,2023-12-31,learned_market,20260910,0.40607560893230144,0.40607560893230144,0,1,-0.3802126523354743,0.40607560893230144,2024-03-31,2023-12-31,nonnegative_low,3467,3472
rolling5_annual20,3211,2024-04-19,2024-04-29,0.0136757744232476,2024,2023-12-31,learned_market,20260910,0.3892776100417879,0.3892776100417879,0,1,-0.4503497627504644,0.3892776100417879,2024-03-31,2023-12-31,nonnegative_low,3472,3477
rolling5_annual20,3216,2024-04-26,2024-05-13,0.0172434956786644,2024,2023-12-31,learned_market,20260910,0.3282744753478747,0.3282744753478747,0,1,-0.715999738093845,0.3282744753478747,2024-03-31,2023-12-31,nonnegative_low,3477,3484
rolling5_annual20,3223,2024-05-10,2024-05-20,0.0097933549988344,2024,2023-12-31,learned_market,20260910,0.3990687988287244,0.3990687988287244,0,1,-0.40934662388989534,0.3990687988287244,2024-03-31,2023-12-31,nonnegative_low,3484,3489
rolling5_annual20,3228,2024-05-17,2024-05-27,-0.0204803832637164,2024,2023-12-31,learned_market,20260910,0.3897084593157539,0.3897084593157539,0,0,-0.4485378591803196,0.3897084593157539,2024-03-31,2023-12-31,nonnegative_low,3489,3494
rolling5_annual20,3233,2024-05-24,2024-06-03,-0.0081155643048258,2024,2023-12-31,learned_market,20260910,0.43186519496988945,0.43186519496988945,0,0,-0.2742452324956899,0.43186519496988945,2024-03-31,2023-12-31,nonnegative_low,3494,3499
rolling5_annual20,3238,2024-05-31,2024-06-11,-0.0060267570121149,2024,2023-12-31,learned_market,20260910,0.4565336986968196,0.4565336986968196,0,0,-0.17430518449822774,0.4565336986968196,2024-03-31,2023-12-31,nonnegative_low,3499,3504
rolling5_annual20,3243,2024-06-07,2024-06-17,-0.0096686558937179,2024,2023-12-31,learned_market,20260910,0.6105718695143069,0.6105718695143069,1,0,0.44971667808544263,0.6105718695143069,2024-03-31,2023-12-31,nonnegative_low,3504,3508
rolling5_annual20,3247,2024-06-14,2024-06-24,-0.013573992457631,2024,2023-12-31,learned_market,20260910,0.6713582427300896,0.6713582427300896,1,0,0.7143346144638777,0.6713582427300896,2024-03-31,2023-12-31,negative_low,3508,3513
rolling5_annual20,3252,2024-06-21,2024-07-01,-0.004427632109257,2024,2023-12-31,learned_market,20260910,0.4416184455773017,0.4416184455773017,0,0,-0.2345962540252389,0.4416184455773017,2024-03-31,2023-12-31,negative_low,3513,3518
rolling5_annual20,3257,2024-06-28,2024-07-08,-0.0108320369203009,2024,2023-12-31,learned_market,20260910,0.5341806270801527,0.5341806270801527,1,0,0.1369360874998415,0.5341806270801527,2024-03-31,2023-12-31,negative_low,3518,3523
rolling5_annual20,3262,2024-07-05,2024-07-15,0.0122222871842843,2024,2023-12-31,learned_market,20260910,0.5312099723736838,0.5312099723736838,1,1,0.12500240537145785,0.5312099723736838,2024-06-30,2023-12-31,negative_low,3523,3528
rolling5_annual20,3267,2024-07-12,2024-07-22,0.0218881133018156,2024,2023-12-31,learned_market,20260910,0.4706196251419226,0.4706196251419226,0,1,-0.11765704076179355,0.4706196251419226,2024-06-30,2023-12-31,negative_low,3528,3533
rolling5_annual20,3272,2024-07-19,2024-07-29,-0.0378787022382998,2024,2023-12-31,learned_market,20260910,0.5105887349481063,0.5105887349481063,1,0,0.04236127335180568,0.5105887349481063,2024-06-30,2023-12-31,nonnegative_low,3533,3538
rolling5_annual20,3277,2024-07-26,2024-08-05,-0.0124134568216732,2024,2023-12-31,learned_market,20260910,0.5168087974043634,0.5168087974043634,1,0,0.06726053525866649,0.5168087974043634,2024-06-30,2023-12-31,negative_low,3538,3543
rolling5_annual20,3282,2024-08-02,2024-08-12,-0.0102762848330364,2024,2023-12-31,learned_market,20260910,0.5103969021168359,0.5103969021168359,1,0,0.041593603938012605,0.5103969021168359,2024-06-30,2023-12-31,negative_low,3543,3548
rolling5_annual20,3287,2024-08-09,2024-08-19,0.0050186923751938,2024,2023-12-31,learned_market,20260910,0.5738642832331972,0.5738642832331972,1,1,0.29763504851094635,0.5738642832331972,2024-06-30,2023-12-31,negative_low,3548,3553
rolling5_annual20,3292,2024-08-16,2024-08-26,-0.0040487282687352,2024,2023-12-31,learned_market,20260910,0.3949171401752265,0.3949171401752265,0,0,-0.4266894358532809,0.3949171401752265,2024-06-30,2023-12-31,negative_low,3553,3558
rolling5_annual20,3297,2024-08-23,2024-09-02,-0.0069594562136714,2024,2023-12-31,learned_market,20260910,0.29072042976701107,0.29072042976701107,0,0,-0.891887682144702,0.29072042976701107,2024-06-30,2023-12-31,negative_low,3558,3563
rolling5_annual20,3302,2024-08-30,2024-09-09,-0.0280389655151561,2024,2023-12-31,learned_market,20260910,0.2698525733496452,0.2698525733496452,0,0,-0.9953706828262681,0.2698525733496452,2024-06-30,2023-12-31,negative_low,3563,3568
rolling5_annual20,3307,2024-09-06,2024-09-18,-0.0174132138857783,2024,2023-12-31,learned_market,20260910,0.28624372995779085,0.28624372995779085,0,0,-0.9136978950282488,0.28624372995779085,2024-06-30,2023-12-31,negative_low,3568,3573
rolling5_annual20,3312,2024-09-13,2024-09-24,0.0133119329369826,2024,2023-12-31,learned_market,20260910,0.3257397725885097,0.3257397725885097,0,1,-0.7275173114723809,0.3257397725885097,2024-06-30,2023-12-31,negative_low,3573,3576
rolling5_annual20,3315,2024-09-20,2024-09-30,0.2017513988384409,2024,2023-12-31,learned_market,20260910,0.30329361432845675,0.30329361432845675,0,1,-0.8316627070963868,0.30329361432845675,2024-06-30,2023-12-31,negative_low,3576,3581
rolling5_annual20,3320,2024-09-27,2024-10-14,0.0178259004588408,2024,2023-12-31,learned_market,20260910,0.5539828044064032,0.5539828044064032,1,1,0.21677614086852573,0.5539828044064032,2024-06-30,2023-12-31,nonnegative_high,3581,3586
rolling5_annual20,3325,2024-10-11,2024-10-21,0.0080914993282625,2024,2023-12-31,learned_market,20260910,0.5869953939238736,0.5869953939238736,1,1,0.35155822736405906,0.5869953939238736,2024-09-30,2023-12-31,nonnegative_high,3586,3591
rolling5_annual20,3330,2024-10-18,2024-10-28,0.0015733867085561,2024,2023-12-31,learned_market,20260910,0.461607129389693,0.461607129389693,0,1,-0.15387437640805854,0.461607129389693,2024-09-30,2023-12-31,nonnegative_high,3591,3596
rolling5_annual20,3335,2024-10-25,2024-11-04,-0.0140142824257356,2024,2023-12-31,learned_market,20260910,0.4436454565513719,0.4436454565513719,0,0,-0.22638003693616793,0.4436454565513719,2024-09-30,2023-12-31,nonnegative_high,3596,3601
rolling5_annual20,3340,2024-11-01,2024-11-11,0.0434152361258277,2024,2023-12-31,learned_market,20260910,0.4265577715457495,0.4265577715457495,0,1,-0.29590938372378456,0.4265577715457495,2024-09-30,2023-12-31,nonnegative_high,3601,3606
rolling5_annual20,3345,2024-11-08,2024-11-18,-0.0208584853931589,2024,2023-12-31,learned_market,20260910,0.3988216599252063,0.3988216599252063,0,0,-0.41037728004602875,0.3988216599252063,2024-09-30,2023-12-31,nonnegative_high,3606,3611
rolling5_annual20,3350,2024-11-15,2024-11-25,-0.0267421712161923,2024,2023-12-31,learned_market,20260910,0.4128285607379882,0.4128285607379882,0,0,-0.3522844376501674,0.4128285607379882,2024-09-30,2023-12-31,nonnegative_high,3611,3616
rolling5_annual20,3355,2024-11-22,2024-12-02,0.0087960346887328,2024,2023-12-31,learned_market,20260910,0.5498480838757407,0.5498480838757407,1,1,0.2000569117577205,0.5498480838757407,2024-09-30,2023-12-31,nonnegative_high,3616,3621
rolling5_annual20,3360,2024-11-29,2024-12-09,0.0155919891551781,2024,2023-12-31,learned_market,20260910,0.5787371739371491,0.5787371739371491,1,1,0.3175915146611996,0.5787371739371491,2024-09-30,2023-12-31,nonnegative_high,3621,3626
rolling5_annual20,3365,2024-12-06,2024-12-16,-0.0100436703218104,2024,2023-12-31,learned_market,20260910,0.5274145252381006,0.5274145252381006,1,0,0.10976818521688217,0.5274145252381006,2024-09-30,2023-12-31,nonnegative_high,3626,3631
rolling5_annual20,3370,2024-12-13,2024-12-23,-0.0006690784017421,2024,2023-12-31,learned_market,20260910,0.44138037595664,0.44138037595664,0,0,-0.23556174946039823,0.44138037595664,2024-09-30,2023-12-31,nonnegative_high,3631,3636
rolling5_annual20,3375,2024-12-20,2024-12-30,0.0123595076562756,2024,2023-12-31,learned_market,20260910,0.4027666853457167,0.4027666853457167,0,1,-0.3939503991197715,0.4027666853457167,2024-09-30,2023-12-31,nonnegative_low,3636,3641
rolling5_annual20,3380,2024-12-27,2025-01-06,-0.0504714964669198,2024,2023-12-31,learned_market,20260910,0.38910693571889354,0.38910693571889354,0,0,-0.45106772145011487,0.38910693571889354,2024-09-30,2023-12-31,nonnegative_low,3641,3645
rolling5_annual20,3144,2024-01-05,2024-01-15,-0.0158038409563566,2024,2023-12-31,learned_vol_interaction,20260910,0.375948748112503,0.375948748112503,0,0,-0.5067796735440133,0.375948748112503,2023-12-31,2023-12-31,negative_low,3405,3410
rolling5_annual20,3149,2024-01-12,2024-01-22,-0.002333261979756,2024,2023-12-31,learned_vol_interaction,20260910,0.4653387886294592,0.4653387886294592,0,0,-0.13886757853275924,0.4653387886294592,2023-12-31,2023-12-31,negative_low,3410,3415
rolling5_annual20,3154,2024-01-19,2024-01-29,0.0223511633823452,2024,2023-12-31,learned_vol_interaction,20260910,0.409541362332266,0.409541362332266,0,1,-0.365861681788743,0.409541362332266,2023-12-31,2023-12-31,negative_low,3415,3420
rolling5_annual20,3159,2024-01-26,2024-02-05,-0.0513103415192826,2024,2023-12-31,learned_vol_interaction,20260910,0.4427031623961251,0.4427031623961251,0,0,-0.23019853692245773,0.4427031623961251,2023-12-31,2023-12-31,negative_high,3420,3425
rolling5_annual20,3164,2024-02-02,2024-02-26,0.1015374891364462,2024,2023-12-31,learned_vol_interaction,20260910,0.6537066574488869,0.6537066574488869,1,1,0.6353724881134746,0.6537066574488869,2023-12-31,2023-12-31,negative_high,3425,3434
rolling5_annual20,3173,2024-02-23,2024-03-04,0.0151569053862528,2024,2023-12-31,learned_vol_interaction,20260910,0.689311779469667,0.689311779469667,1,1,0.7969037757771319,0.689311779469667,2023-12-31,2023-12-31,negative_high,3434,3439
rolling5_annual20,3178,2024-03-01,2024-03-11,0.0021394031715169,2024,2023-12-31,learned_vol_interaction,20260910,0.6480049647794901,0.6480049647794901,1,1,0.6102812870082279,0.6480049647794901,2023-12-31,2023-12-31,nonnegative_high,3439,3444
rolling5_annual20,3183,2024-03-08,2024-03-18,0.0087762342284414,2024,2023-12-31,learned_vol_interaction,20260910,0.6491293260006892,0.6491293260006892,1,1,0.6152142610721814,0.6491293260006892,2023-12-31,2023-12-31,nonnegative_high,3444,3449
rolling5_annual20,3188,2024-03-15,2024-03-25,-0.0112802133595746,2024,2023-12-31,learned_vol_interaction,20260910,0.6390487602979349,0.6390487602979349,1,0,0.5712378795290903,0.6390487602979349,2023-12-31,2023-12-31,nonnegative_low,3449,3454
rolling5_annual20,3193,2024-03-22,2024-04-01,0.0042044725182444,2024,2023-12-31,learned_vol_interaction,20260910,0.502579297882782,0.502579297882782,1,1,0.010317283049896223,0.502579297882782,2023-12-31,2023-12-31,nonnegative_low,3454,3459
rolling5_annual20,3198,2024-03-29,2024-04-15,-0.0219845815102011,2024,2023-12-31,learned_vol_interaction,20260910,0.4621147966680959,0.4621147966680959,0,0,-0.1518318228343833,0.4621147966680959,2023-12-31,2023-12-31,nonnegative_low,3459,3467
rolling5_annual20,3206,2024-04-12,2024-04-22,0.018045199366633,2024,2023-12-31,learned_vol_interaction,20260910,0.3996858180028398,0.3996858180028398,0,1,-0.40677437134455685,0.3996858180028398,2024-03-31,2023-12-31,nonnegative_low,3467,3472
rolling5_annual20,3211,2024-04-19,2024-04-29,0.0136757744232476,2024,2023-12-31,learned_vol_interaction,20260910,0.37319633634071175,0.37319633634071175,0,1,-0.5185287034401028,0.37319633634071175,2024-03-31,2023-12-31,nonnegative_low,3472,3477
rolling5_annual20,3216,2024-04-26,2024-05-13,0.0172434956786644,2024,2023-12-31,learned_vol_interaction,20260910,0.3146645175119406,0.3146645175119406,0,1,-0.7784014263149859,0.3146645175119406,2024-03-31,2023-12-31,nonnegative_low,3477,3484
rolling5_annual20,3223,2024-05-10,2024-05-20,0.0097933549988344,2024,2023-12-31,learned_vol_interaction,20260910,0.37518028476500903,0.37518028476500903,0,1,-0.5100564826850549,0.37518028476500903,2024-03-31,2023-12-31,nonnegative_low,3484,3489
rolling5_annual20,3228,2024-05-17,2024-05-27,-0.0204803832637164,2024,2023-12-31,learned_vol_interaction,20260910,0.3743945093004113,0.3743945093004113,0,0,-0.5134098867205004,0.3743945093004113,2024-03-31,2023-12-31,nonnegative_low,3489,3494
rolling5_annual20,3233,2024-05-24,2024-06-03,-0.0081155643048258,2024,2023-12-31,learned_vol_interaction,20260910,0.41682706486348087,0.41682706486348087,0,0,-0.3358123488771632,0.41682706486348087,2024-03-31,2023-12-31,nonnegative_low,3494,3499
rolling5_annual20,3238,2024-05-31,2024-06-11,-0.0060267570121149,2024,2023-12-31,learned_vol_interaction,20260910,0.4492331097002634,0.4492331097002634,0,0,-0.20376972473195906,0.4492331097002634,2024-03-31,2023-12-31,nonnegative_low,3499,3504
rolling5_annual20,3243,2024-06-07,2024-06-17,-0.0096686558937179,2024,2023-12-31,learned_vol_interaction,20260910,0.646939742462589,0.646939742462589,1,0,0.605614412807266,0.646939742462589,2024-03-31,2023-12-31,nonnegative_low,3504,3508
rolling5_annual20,3247,2024-06-14,2024-06-24,-0.013573992457631,2024,2023-12-31,learned_vol_interaction,20260910,0.728816996452314,0.728816996452314,1,0,0.988628784003367,0.728816996452314,2024-03-31,2023-12-31,negative_low,3508,3513
rolling5_annual20,3252,2024-06-21,2024-07-01,-0.004427632109257,2024,2023-12-31,learned_vol_interaction,20260910,0.45786386069259544,0.45786386069259544,0,0,-0.16894525690196358,0.45786386069259544,2024-03-31,2023-12-31,negative_low,3513,3518
rolling5_annual20,3257,2024-06-28,2024-07-08,-0.0108320369203009,2024,2023-12-31,learned_vol_interaction,20260910,0.5781155623946855,0.5781155623946855,1,0,0.31504235163037325,0.5781155623946855,2024-03-31,2023-12-31,negative_low,3518,3523
rolling5_annual20,3262,2024-07-05,2024-07-15,0.0122222871842843,2024,2023-12-31,learned_vol_interaction,20260910,0.5756856823794781,0.5756856823794781,1,1,0.3050873257029909,0.5756856823794781,2024-06-30,2023-12-31,negative_low,3523,3528
rolling5_annual20,3267,2024-07-12,2024-07-22,0.0218881133018156,2024,2023-12-31,learned_vol_interaction,20260910,0.4866386539421122,0.4866386539421122,0,1,-0.053458111508612766,0.4866386539421122,2024-06-30,2023-12-31,negative_low,3528,3533
rolling5_annual20,3272,2024-07-19,2024-07-29,-0.0378787022382998,2024,2023-12-31,learned_vol_interaction,20260910,0.5389372826354385,0.5389372826354385,1,0,0.15606512530479022,0.5389372826354385,2024-06-30,2023-12-31,nonnegative_low,3533,3538
rolling5_annual20,3277,2024-07-26,2024-08-05,-0.0124134568216732,2024,2023-12-31,learned_vol_interaction,20260910,0.5302304235904278,0.5302304235904278,1,0,0.12106936202857815,0.5302304235904278,2024-06-30,2023-12-31,negative_low,3538,3543
rolling5_annual20,3282,2024-08-02,2024-08-12,-0.0102762848330364,2024,2023-12-31,learned_vol_interaction,20260910,0.5215565305204753,0.5215565305204753,1,0,0.08627960560831915,0.5215565305204753,2024-06-30,2023-12-31,negative_low,3543,3548
rolling5_annual20,3287,2024-08-09,2024-08-19,0.0050186923751938,2024,2023-12-31,learned_vol_interaction,20260910,0.5855654639145639,0.5855654639145639,1,1,0.34566295790504553,0.5855654639145639,2024-06-30,2023-12-31,negative_low,3548,3553
rolling5_annual20,3292,2024-08-16,2024-08-26,-0.0040487282687352,2024,2023-12-31,learned_vol_interaction,20260910,0.3778758904529602,0.3778758904529602,0,0,-0.49857379629717213,0.3778758904529602,2024-06-30,2023-12-31,negative_low,3553,3558
rolling5_annual20,3297,2024-08-23,2024-09-02,-0.0069594562136714,2024,2023-12-31,learned_vol_interaction,20260910,0.25486310438949394,0.25486310438949394,0,0,-1.0728413985225875,0.25486310438949394,2024-06-30,2023-12-31,negative_low,3558,3563
rolling5_annual20,3302,2024-08-30,2024-09-09,-0.0280389655151561,2024,2023-12-31,learned_vol_interaction,20260910,0.23399162737304185,0.23399162737304185,0,0,-1.185907765742776,0.23399162737304185,2024-06-30,2023-12-31,negative_low,3563,3568
rolling5_annual20,3307,2024-09-06,2024-09-18,-0.0174132138857783,2024,2023-12-31,learned_vol_interaction,20260910,0.25707507643008914,0.25707507643008914,0,0,-1.061226826197189,0.25707507643008914,2024-06-30,2023-12-31,negative_low,3568,3573
rolling5_annual20,3312,2024-09-13,2024-09-24,0.0133119329369826,2024,2023-12-31,learned_vol_interaction,20260910,0.3084747782851401,0.3084747782851401,0,1,-0.8072595403191178,0.3084747782851401,2024-06-30,2023-12-31,negative_low,3573,3576
rolling5_annual20,3315,2024-09-20,2024-09-30,0.2017513988384409,2024,2023-12-31,learned_vol_interaction,20260910,0.2767223781764832,0.2767223781764832,0,1,-0.9607783756257876,0.2767223781764832,2024-06-30,2023-12-31,negative_low,3576,3581
rolling5_annual20,3320,2024-09-27,2024-10-14,0.0178259004588408,2024,2023-12-31,learned_vol_interaction,20260910,0.539577352579499,0.539577352579499,1,1,0.15864128630959318,0.539577352579499,2024-06-30,2023-12-31,nonnegative_high,3581,3586
rolling5_annual20,3325,2024-10-11,2024-10-21,0.0080914993282625,2024,2023-12-31,learned_vol_interaction,20260910,0.5707045524539156,0.5707045524539156,1,1,0.28472628366659003,0.5707045524539156,2024-09-30,2023-12-31,nonnegative_high,3586,3591
rolling5_annual20,3330,2024-10-18,2024-10-28,0.0015733867085561,2024,2023-12-31,learned_vol_interaction,20260910,0.5457998125542788,0.5457998125542788,1,1,0.18371422247559055,0.5457998125542788,2024-09-30,2023-12-31,nonnegative_high,3591,3596
rolling5_annual20,3335,2024-10-25,2024-11-04,-0.0140142824257356,2024,2023-12-31,learned_vol_interaction,20260910,0.5480447349870543,0.5480447349870543,1,0,0.19277371308030292,0.5480447349870543,2024-09-30,2023-12-31,nonnegative_high,3596,3601
rolling5_annual20,3340,2024-11-01,2024-11-11,0.0434152361258277,2024,2023-12-31,learned_vol_interaction,20260910,0.5424556290324919,0.5424556290324919,1,1,0.17023242653369386,0.5424556290324919,2024-09-30,2023-12-31,nonnegative_high,3601,3606
rolling5_annual20,3345,2024-11-08,2024-11-18,-0.0208584853931589,2024,2023-12-31,learned_vol_interaction,20260910,0.41385174274995,0.41385174274995,0,0,-0.34806495590922626,0.41385174274995,2024-09-30,2023-12-31,nonnegative_high,3606,3611
rolling5_annual20,3350,2024-11-15,2024-11-25,-0.0267421712161923,2024,2023-12-31,learned_vol_interaction,20260910,0.40978407838391767,0.40978407838391767,0,0,-0.36485805590251696,0.40978407838391767,2024-09-30,2023-12-31,nonnegative_high,3611,3616
rolling5_annual20,3355,2024-11-22,2024-12-02,0.0087960346887328,2024,2023-12-31,learned_vol_interaction,20260910,0.5313658042769484,0.5313658042769484,1,1,0.12562818336596515,0.5313658042769484,2024-09-30,2023-12-31,nonnegative_high,3616,3621
rolling5_annual20,3360,2024-11-29,2024-12-09,0.0155919891551781,2024,2023-12-31,learned_vol_interaction,20260910,0.5550717836556399,0.5550717836556399,1,1,0.2211844877344008,0.5550717836556399,2024-09-30,2023-12-31,nonnegative_high,3621,3626
rolling5_annual20,3365,2024-12-06,2024-12-16,-0.0100436703218104,2024,2023-12-31,learned_vol_interaction,20260910,0.5155855931739847,0.5155855931739847,1,0,0.062362575982542044,0.5155855931739847,2024-09-30,2023-12-31,nonnegative_high,3626,3631
rolling5_annual20,3370,2024-12-13,2024-12-23,-0.0006690784017421,2024,2023-12-31,learned_vol_interaction,20260910,0.4374261593980381,0.4374261593980381,0,0,-0.2516144846102001,0.4374261593980381,2024-09-30,2023-12-31,nonnegative_high,3631,3636
rolling5_annual20,3375,2024-12-20,2024-12-30,0.0123595076562756,2024,2023-12-31,learned_vol_interaction,20260910,0.38028593735367683,0.38028593735367683,0,1,-0.4883347458990399,0.38028593735367683,2024-09-30,2023-12-31,nonnegative_low,3636,3641
rolling5_annual20,3380,2024-12-27,2025-01-06,-0.0504714964669198,2024,2023-12-31,learned_vol_interaction,20260910,0.35616480654444505,0.35616480654444505,0,0,-0.5920492191102215,0.35616480654444505,2024-09-30,2023-12-31,nonnegative_low,3641,3645
rolling5_annual20,3144,2024-01-05,2024-01-15,-0.0158038409563566,2024,2023-12-31,learned_order_extension,20260910,0.4019000383386628,0.4019000383386628,0,0,-0.3975545031010635,0.4019000383386628,2023-12-31,2023-12-31,negative_low,3405,3410
rolling5_annual20,3149,2024-01-12,2024-01-22,-0.002333261979756,2024,2023-12-31,learned_order_extension,20260910,0.4536929976964038,0.4536929976964038,0,0,-0.1857603402326173,0.4536929976964038,2023-12-31,2023-12-31,negative_low,3410,3415
rolling5_annual20,3154,2024-01-19,2024-01-29,0.0223511633823452,2024,2023-12-31,learned_order_extension,20260910,0.4065097447533653,0.4065097447533653,0,1,-0.37841289375188,0.4065097447533653,2023-12-31,2023-12-31,negative_low,3415,3420
rolling5_annual20,3159,2024-01-26,2024-02-05,-0.0513103415192826,2024,2023-12-31,learned_order_extension,20260910,0.4181108069924978,0.4181108069924978,0,0,-0.3305335536896762,0.4181108069924978,2023-12-31,2023-12-31,negative_high,3420,3425
rolling5_annual20,3164,2024-02-02,2024-02-26,0.1015374891364462,2024,2023-12-31,learned_order_extension,20260910,0.6639940867614434,0.6639940867614434,1,1,0.6811444852244058,0.6639940867614434,2023-12-31,2023-12-31,negative_high,3425,3434
rolling5_annual20,3173,2024-02-23,2024-03-04,0.0151569053862528,2024,2023-12-31,learned_order_extension,20260910,0.6509742827223437,0.6509742827223437,1,1,0.6233245291992772,0.6509742827223437,2023-12-31,2023-12-31,negative_high,3434,3439
rolling5_annual20,3178,2024-03-01,2024-03-11,0.0021394031715169,2024,2023-12-31,learned_order_extension,20260910,0.596427953854031,0.596427953854031,1,1,0.39060342797753234,0.596427953854031,2023-12-31,2023-12-31,nonnegative_high,3439,3444
rolling5_annual20,3183,2024-03-08,2024-03-18,0.0087762342284414,2024,2023-12-31,learned_order_extension,20260910,0.5823638998065179,0.5823638998065179,1,1,0.3324850300833981,0.5823638998065179,2023-12-31,2023-12-31,nonnegative_high,3444,3449
rolling5_annual20,3188,2024-03-15,2024-03-25,-0.0112802133595746,2024,2023-12-31,learned_order_extension,20260910,0.5649258035498114,0.5649258035498114,1,0,0.26117781827626596,0.5649258035498114,2023-12-31,2023-12-31,nonnegative_low,3449,3454
rolling5_annual20,3193,2024-03-22,2024-04-01,0.0042044725182444,2024,2023-12-31,learned_order_extension,20260910,0.4756478826315535,0.4756478826315535,0,1,-0.09748560023820867,0.4756478826315535,2023-12-31,2023-12-31,nonnegative_low,3454,3459
rolling5_annual20,3198,2024-03-29,2024-04-15,-0.0219845815102011,2024,2023-12-31,learned_order_extension,20260910,0.44826023295447676,0.44826023295447676,0,0,-0.20770255770253393,0.44826023295447676,2023-12-31,2023-12-31,nonnegative_low,3459,3467
rolling5_annual20,3206,2024-04-12,2024-04-22,0.018045199366633,2024,2023-12-31,learned_order_extension,20260910,0.3886483454535768,0.3886483454535768,0,1,-0.45299739446408194,0.3886483454535768,2024-03-31,2023-12-31,nonnegative_low,3467,3472
rolling5_annual20,3211,2024-04-19,2024-04-29,0.0136757744232476,2024,2023-12-31,learned_order_extension,20260910,0.3831378513745901,0.3831378513745901,0,1,-0.4762507272589039,0.3831378513745901,2024-03-31,2023-12-31,nonnegative_low,3472,3477
rolling5_annual20,3216,2024-04-26,2024-05-13,0.0172434956786644,2024,2023-12-31,learned_order_extension,20260910,0.37424697076859526,0.37424697076859526,0,1,-0.5140398421329704,0.37424697076859526,2024-03-31,2023-12-31,nonnegative_low,3477,3484
rolling5_annual20,3223,2024-05-10,2024-05-20,0.0097933549988344,2024,2023-12-31,learned_order_extension,20260910,0.3903039016654425,0.3903039016654425,0,1,-0.4460349628559399,0.3903039016654425,2024-03-31,2023-12-31,nonnegative_low,3484,3489
rolling5_annual20,3228,2024-05-17,2024-05-27,-0.0204803832637164,2024,2023-12-31,learned_order_extension,20260910,0.40843859964633433,0.40843859964633433,0,0,-0.3704238863779309,0.40843859964633433,2024-03-31,2023-12-31,nonnegative_low,3489,3494
rolling5_annual20,3233,2024-05-24,2024-06-03,-0.0081155643048258,2024,2023-12-31,learned_order_extension,20260910,0.43309876347512,0.43309876347512,0,0,-0.269219309372252,0.43309876347512,2024-03-31,2023-12-31,nonnegative_low,3494,3499
rolling5_annual20,3238,2024-05-31,2024-06-11,-0.0060267570121149,2024,2023-12-31,learned_order_extension,20260910,0.446586280617722,0.446586280617722,0,0,-0.21447323880878116,0.446586280617722,2024-03-31,2023-12-31,nonnegative_low,3499,3504
rolling5_annual20,3243,2024-06-07,2024-06-17,-0.0096686558937179,2024,2023-12-31,learned_order_extension,20260910,0.626798924605605,0.626798924605605,1,0,0.5185084442716862,0.626798924605605,2024-03-31,2023-12-31,nonnegative_low,3504,3508
rolling5_annual20,3247,2024-06-14,2024-06-24,-0.013573992457631,2024,2023-12-31,learned_order_extension,20260910,0.7178883635744532,0.7178883635744532,1,0,0.9340112080225431,0.7178883635744532,2024-03-31,2023-12-31,negative_low,3508,3513
rolling5_annual20,3252,2024-06-21,2024-07-01,-0.004427632109257,2024,2023-12-31,learned_order_extension,20260910,0.4529899421679954,0.4529899421679954,0,0,-0.18859726699747908,0.4529899421679954,2024-03-31,2023-12-31,negative_low,3513,3518
rolling5_annual20,3257,2024-06-28,2024-07-08,-0.0108320369203009,2024,2023-12-31,learned_order_extension,20260910,0.5695267559005048,0.5695267559005048,1,0,0.279920591991476,0.5695267559005048,2024-03-31,2023-12-31,negative_low,3518,3523
rolling5_annual20,3262,2024-07-05,2024-07-15,0.0122222871842843,2024,2023-12-31,learned_order_extension,20260910,0.5846151349808663,0.5846151349808663,1,1,0.3417482657437444,0.5846151349808663,2024-06-30,2023-12-31,negative_low,3523,3528
rolling5_annual20,3267,2024-07-12,2024-07-22,0.0218881133018156,2024,2023-12-31,learned_order_extension,20260910,0.4936385751696033,0.4936385751696033,0,1,-0.025447072427728368,0.4936385751696033,2024-06-30,2023-12-31,negative_low,3528,3533
rolling5_annual20,3272,2024-07-19,2024-07-29,-0.0378787022382998,2024,2023-12-31,learned_order_extension,20260910,0.5296682623864001,0.5296682623864001,1,0,0.11881262011400961,0.5296682623864001,2024-06-30,2023-12-31,nonnegative_low,3533,3538
rolling5_annual20,3277,2024-07-26,2024-08-05,-0.0124134568216732,2024,2023-12-31,learned_order_extension,20260910,0.5342552376814222,0.5342552376814222,1,0,0.1372359342279179,0.5342552376814222,2024-06-30,2023-12-31,negative_low,3538,3543
rolling5_annual20,3282,2024-08-02,2024-08-12,-0.0102762848330364,2024,2023-12-31,learned_order_extension,20260910,0.5292356219824177,0.5292356219824177,1,0,0.11707603300821623,0.5292356219824177,2024-06-30,2023-12-31,negative_low,3543,3548
rolling5_annual20,3287,2024-08-09,2024-08-19,0.0050186923751938,2024,2023-12-31,learned_order_extension,20260910,0.5758956552207214,0.5758956552207214,1,1,0.3059469690220031,0.5758956552207214,2024-06-30,2023-12-31,negative_low,3548,3553
rolling5_annual20,3292,2024-08-16,2024-08-26,-0.0040487282687352,2024,2023-12-31,learned_order_extension,20260910,0.3908604034072806,0.3908604034072806,0,0,-0.4436969923874191,0.3908604034072806,2024-06-30,2023-12-31,negative_low,3553,3558
rolling5_annual20,3297,2024-08-23,2024-09-02,-0.0069594562136714,2024,2023-12-31,learned_order_extension,20260910,0.2988950234639935,0.2988950234639935,0,0,-0.8525652087208342,0.2988950234639935,2024-06-30,2023-12-31,negative_low,3558,3563
rolling5_annual20,3302,2024-08-30,2024-09-09,-0.0280389655151561,2024,2023-12-31,learned_order_extension,20260910,0.2686520456873332,0.2686520456873332,0,0,-1.001472312351503,0.2686520456873332,2024-06-30,2023-12-31,negative_low,3563,3568
rolling5_annual20,3307,2024-09-06,2024-09-18,-0.0174132138857783,2024,2023-12-31,learned_order_extension,20260910,0.28845699674235586,0.28845699674235586,0,0,-0.90288983922878,0.28845699674235586,2024-06-30,2023-12-31,negative_low,3568,3573
rolling5_annual20,3312,2024-09-13,2024-09-24,0.0133119329369826,2024,2023-12-31,learned_order_extension,20260910,0.3306515596775702,0.3306515596775702,0,1,-0.7052396309774965,0.3306515596775702,2024-06-30,2023-12-31,negative_low,3573,3576
rolling5_annual20,3315,2024-09-20,2024-09-30,0.2017513988384409,2024,2023-12-31,learned_order_extension,20260910,0.3078891103773537,0.3078891103773537,0,1,-0.8100065009948144,0.3078891103773537,2024-06-30,2023-12-31,negative_low,3576,3581
rolling5_annual20,3320,2024-09-27,2024-10-14,0.0178259004588408,2024,2023-12-31,learned_order_extension,20260910,0.5428289525080278,0.5428289525080278,1,1,0.171736661500401,0.5428289525080278,2024-06-30,2023-12-31,nonnegative_high,3581,3586
rolling5_annual20,3325,2024-10-11,2024-10-21,0.0080914993282625,2024,2023-12-31,learned_order_extension,20260910,0.5822023275306868,0.5822023275306868,1,1,0.33182075093712593,0.5822023275306868,2024-09-30,2023-12-31,nonnegative_high,3586,3591
rolling5_annual20,3330,2024-10-18,2024-10-28,0.0015733867085561,2024,2023-12-31,learned_order_extension,20260910,0.5714046015164417,0.5714046015164417,1,1,0.2875841959947824,0.5714046015164417,2024-09-30,2023-12-31,nonnegative_high,3591,3596
rolling5_annual20,3335,2024-10-25,2024-11-04,-0.0140142824257356,2024,2023-12-31,learned_order_extension,20260910,0.5699380979169686,0.5699380979169686,1,0,0.2815985981262711,0.5699380979169686,2024-09-30,2023-12-31,nonnegative_high,3596,3601
rolling5_annual20,3340,2024-11-01,2024-11-11,0.0434152361258277,2024,2023-12-31,learned_order_extension,20260910,0.5940299307722281,0.5940299307722281,1,1,0.380650270828286,0.5940299307722281,2024-09-30,2023-12-31,nonnegative_high,3601,3606
rolling5_annual20,3345,2024-11-08,2024-11-18,-0.0208584853931589,2024,2023-12-31,learned_order_extension,20260910,0.411107283779769,0.411107283779769,0,0,-0.3593898098969011,0.411107283779769,2024-09-30,2023-12-31,nonnegative_high,3606,3611
rolling5_annual20,3350,2024-11-15,2024-11-25,-0.0267421712161923,2024,2023-12-31,learned_order_extension,20260910,0.39605543665647713,0.39605543665647713,0,0,-0.42192821816536574,0.39605543665647713,2024-09-30,2023-12-31,nonnegative_high,3611,3616
rolling5_annual20,3355,2024-11-22,2024-12-02,0.0087960346887328,2024,2023-12-31,learned_order_extension,20260910,0.5115475257965196,0.5115475257965196,1,1,0.04619831812935016,0.5115475257965196,2024-09-30,2023-12-31,nonnegative_high,3616,3621
rolling5_annual20,3360,2024-11-29,2024-12-09,0.0155919891551781,2024,2023-12-31,learned_order_extension,20260910,0.5440391301685066,0.5440391301685066,1,1,0.1766141806665804,0.5440391301685066,2024-09-30,2023-12-31,nonnegative_high,3621,3626
rolling5_annual20,3365,2024-12-06,2024-12-16,-0.0100436703218104,2024,2023-12-31,learned_order_extension,20260910,0.49467283869914347,0.49467283869914347,0,0,-0.021309451539053725,0.49467283869914347,2024-09-30,2023-12-31,nonnegative_high,3626,3631
rolling5_annual20,3370,2024-12-13,2024-12-23,-0.0006690784017421,2024,2023-12-31,learned_order_extension,20260910,0.41586894239738387,0.41586894239738387,0,0,-0.3397552030433212,0.41586894239738387,2024-09-30,2023-12-31,nonnegative_high,3631,3636
rolling5_annual20,3375,2024-12-20,2024-12-30,0.0123595076562756,2024,2023-12-31,learned_order_extension,20260910,0.35397540001038474,0.35397540001038474,0,1,-0.6016101643137991,0.35397540001038474,2024-09-30,2023-12-31,nonnegative_low,3636,3641
rolling5_annual20,3380,2024-12-27,2025-01-06,-0.0504714964669198,2024,2023-12-31,learned_order_extension,20260910,0.3176586272754358,0.3176586272754358,0,0,-0.764552772095366,0.3176586272754358,2024-09-30,2023-12-31,nonnegative_low,3641,3645
rolling5_annual20,3144,2024-01-05,2024-01-15,-0.0158038409563566,2024,2023-12-31,learned_order_offset,20260910,0.40294607271257427,0.40294607271257427,0,0,-0.3932047013940386,0.40294607271257427,2023-12-31,2023-12-31,negative_low,3405,3410
rolling5_annual20,3149,2024-01-12,2024-01-22,-0.002333261979756,2024,2023-12-31,learned_order_offset,20260910,0.45320010017286466,0.45320010017286466,0,0,-0.18774917146302397,0.45320010017286466,2023-12-31,2023-12-31,negative_low,3410,3415
rolling5_annual20,3154,2024-01-19,2024-01-29,0.0223511633823452,2024,2023-12-31,learned_order_offset,20260910,0.40698948981731453,0.40698948981731453,0,1,-0.3764247610243867,0.40698948981731453,2023-12-31,2023-12-31,negative_low,3415,3420
rolling5_annual20,3159,2024-01-26,2024-02-05,-0.0513103415192826,2024,2023-12-31,learned_order_offset,20260910,0.4180998926398431,0.4180998926398431,0,0,-0.33057841458049486,0.4180998926398431,2023-12-31,2023-12-31,negative_high,3420,3425
rolling5_annual20,3164,2024-02-02,2024-02-26,0.1015374891364462,2024,2023-12-31,learned_order_offset,20260910,0.662467427882048,0.662467427882048,1,1,0.6743093755557438,0.662467427882048,2023-12-31,2023-12-31,negative_high,3425,3434
rolling5_annual20,3173,2024-02-23,2024-03-04,0.0151569053862528,2024,2023-12-31,learned_order_offset,20260910,0.6495192030104356,0.6495192030104356,1,1,0.6169264840120445,0.6495192030104356,2023-12-31,2023-12-31,negative_high,3434,3439
rolling5_annual20,3178,2024-03-01,2024-03-11,0.0021394031715169,2024,2023-12-31,learned_order_offset,20260910,0.5953483627631191,0.5953483627631191,1,1,0.38612017586213276,0.5953483627631191,2023-12-31,2023-12-31,nonnegative_high,3439,3444
rolling5_annual20,3183,2024-03-08,2024-03-18,0.0087762342284414,2024,2023-12-31,learned_order_offset,20260910,0.5813453143574694,0.5813453143574694,1,1,0.3282984842936174,0.5813453143574694,2023-12-31,2023-12-31,nonnegative_high,3444,3449
rolling5_annual20,3188,2024-03-15,2024-03-25,-0.0112802133595746,2024,2023-12-31,learned_order_offset,20260910,0.5629285714576356,0.5629285714576356,1,0,0.25305611500923697,0.5629285714576356,2023-12-31,2023-12-31,nonnegative_low,3449,3454
rolling5_annual20,3193,2024-03-22,2024-04-01,0.0042044725182444,2024,2023-12-31,learned_order_offset,20260910,0.4746800194029474,0.4746800194029474,0,1,-0.10136663010869139,0.4746800194029474,2023-12-31,2023-12-31,nonnegative_low,3454,3459
rolling5_annual20,3198,2024-03-29,2024-04-15,-0.0219845815102011,2024,2023-12-31,learned_order_offset,20260910,0.4474975970181041,0.4474975970181041,0,0,-0.2107866147624026,0.4474975970181041,2023-12-31,2023-12-31,nonnegative_low,3459,3467
rolling5_annual20,3206,2024-04-12,2024-04-22,0.018045199366633,2024,2023-12-31,learned_order_offset,20260910,0.38808228102297715,0.38808228102297715,0,1,-0.4553804457246745,0.38808228102297715,2024-03-31,2023-12-31,nonnegative_low,3467,3472
rolling5_annual20,3211,2024-04-19,2024-04-29,0.0136757744232476,2024,2023-12-31,learned_order_offset,20260910,0.3836585040753394,0.3836585040753394,0,1,-0.47404834181357436,0.3836585040753394,2024-03-31,2023-12-31,nonnegative_low,3472,3477
rolling5_annual20,3216,2024-04-26,2024-05-13,0.0172434956786644,2024,2023-12-31,learned_order_offset,20260910,0.3751323735259505,0.3751323735259505,0,1,-0.510260869911435,0.3751323735259505,2024-03-31,2023-12-31,nonnegative_low,3477,3484
rolling5_annual20,3223,2024-05-10,2024-05-20,0.0097933549988344,2024,2023-12-31,learned_order_offset,20260910,0.39075291038896165,0.39075291038896165,0,1,-0.44414849800493406,0.39075291038896165,2024-03-31,2023-12-31,nonnegative_low,3484,3489
rolling5_annual20,3228,2024-05-17,2024-05-27,-0.0204803832637164,2024,2023-12-31,learned_order_offset,20260910,0.4087832887536437,0.4087832887536437,0,0,-0.36899747661810023,0.4087832887536437,2024-03-31,2023-12-31,nonnegative_low,3489,3494
rolling5_annual20,3233,2024-05-24,2024-06-03,-0.0081155643048258,2024,2023-12-31,learned_order_offset,20260910,0.4331137649724263,0.4331137649724263,0,0,-0.26915820975563526,0.4331137649724263,2024-03-31,2023-12-31,nonnegative_low,3494,3499
rolling5_annual20,3238,2024-05-31,2024-06-11,-0.0060267570121149,2024,2023-12-31,learned_order_offset,20260910,0.44619955765953745,0.44619955765953745,0,0,-0.21603811882565022,0.44619955765953745,2024-03-31,2023-12-31,nonnegative_low,3499,3504
rolling5_annual20,3243,2024-06-07,2024-06-17,-0.0096686558937179,2024,2023-12-31,learned_order_offset,20260910,0.6254437339879714,0.6254437339879714,1,0,0.5127193375098775,0.6254437339879714,2024-03-31,2023-12-31,nonnegative_low,3504,3508
rolling5_annual20,3247,2024-06-14,2024-06-24,-0.013573992457631,2024,2023-12-31,learned_order_offset,20260910,0.71648459870885,0.71648459870885,1,0,0.9270903046304233,0.71648459870885,2024-03-31,2023-12-31,negative_low,3508,3513
rolling5_annual20,3252,2024-06-21,2024-07-01,-0.004427632109257,2024,2023-12-31,learned_order_offset,20260910,0.4526436242684473,0.4526436242684473,0,0,-0.18999498536889892,0.4526436242684473,2024-03-31,2023-12-31,negative_low,3513,3518
rolling5_annual20,3257,2024-06-28,2024-07-08,-0.0108320369203009,2024,2023-12-31,learned_order_offset,20260910,0.5689843527024087,0.5689843527024087,1,0,0.27770854002440254,0.5689843527024087,2024-03-31,2023-12-31,negative_low,3518,3523
rolling5_annual20,3262,2024-07-05,2024-07-15,0.0122222871842843,2024,2023-12-31,learned_order_offset,20260910,0.5842448716823806,0.5842448716823806,1,1,0.3402237426757292,0.5842448716823806,2024-06-30,2023-12-31,negative_low,3523,3528
rolling5_annual20,3267,2024-07-12,2024-07-22,0.0218881133018156,2024,2023-12-31,learned_order_offset,20260910,0.4936392396364766,0.4936392396364766,0,1,-0.025444414129979442,0.4936392396364766,2024-06-30,2023-12-31,negative_low,3528,3533
rolling5_annual20,3272,2024-07-19,2024-07-29,-0.0378787022382998,2024,2023-12-31,learned_order_offset,20260910,0.5295267723966676,0.5295267723966676,1,0,0.11824467002450811,0.5295267723966676,2024-06-30,2023-12-31,nonnegative_low,3533,3538
rolling5_annual20,3277,2024-07-26,2024-08-05,-0.0124134568216732,2024,2023-12-31,learned_order_offset,20260910,0.534747071252778,0.534747071252778,1,0,0.1392126805951045,0.534747071252778,2024-06-30,2023-12-31,negative_low,3538,3543
rolling5_annual20,3282,2024-08-02,2024-08-12,-0.0102762848330364,2024,2023-12-31,learned_order_offset,20260910,0.5292954801203056,0.5292954801203056,1,0,0.11731628864943633,0.5292954801203056,2024-06-30,2023-12-31,negative_low,3543,3548
rolling5_annual20,3287,2024-08-09,2024-08-19,0.0050186923751938,2024,2023-12-31,learned_order_offset,20260910,0.5750745514649787,0.5750745514649787,1,1,0.30258594878895073,0.5750745514649787,2024-06-30,2023-12-31,negative_low,3548,3553
rolling5_annual20,3292,2024-08-16,2024-08-26,-0.0040487282687352,2024,2023-12-31,learned_order_offset,20260910,0.39186360794620234,0.39186360794620234,0,0,-0.43948534551109697,0.39186360794620234,2024-06-30,2023-12-31,negative_low,3553,3558
rolling5_annual20,3297,2024-08-23,2024-09-02,-0.0069594562136714,2024,2023-12-31,learned_order_offset,20260910,0.30043221421652405,0.30043221421652405,0,0,-0.8452405435840732,0.30043221421652405,2024-06-30,2023-12-31,negative_low,3558,3563
rolling5_annual20,3302,2024-08-30,2024-09-09,-0.0280389655151561,2024,2023-12-31,learned_order_offset,20260910,0.2705414281447007,0.2705414281447007,0,0,-0.9918773360557803,0.2705414281447007,2024-06-30,2023-12-31,negative_low,3563,3568
rolling5_annual20,3307,2024-09-06,2024-09-18,-0.0174132138857783,2024,2023-12-31,learned_order_offset,20260910,0.2898359177118046,0.2898359177118046,0,0,-0.8961810832888522,0.2898359177118046,2024-06-30,2023-12-31,negative_low,3568,3573
rolling5_annual20,3312,2024-09-13,2024-09-24,0.0133119329369826,2024,2023-12-31,learned_order_offset,20260910,0.33145087529619405,0.33145087529619405,0,1,-0.7016302693210781,0.33145087529619405,2024-06-30,2023-12-31,negative_low,3573,3576
rolling5_annual20,3315,2024-09-20,2024-09-30,0.2017513988384409,2024,2023-12-31,learned_order_offset,20260910,0.30890371440648795,0.30890371440648795,0,1,-0.8052495319766709,0.30890371440648795,2024-06-30,2023-12-31,negative_low,3576,3581
rolling5_annual20,3320,2024-09-27,2024-10-14,0.0178259004588408,2024,2023-12-31,learned_order_offset,20260910,0.5430894109936676,0.5430894109936676,1,1,0.17278624344477433,0.5430894109936676,2024-06-30,2023-12-31,nonnegative_high,3581,3586
rolling5_annual20,3325,2024-10-11,2024-10-21,0.0080914993282625,2024,2023-12-31,learned_order_offset,20260910,0.5826381124149342,0.5826381124149342,1,1,0.3336125788113408,0.5826381124149342,2024-09-30,2023-12-31,nonnegative_high,3586,3591
rolling5_annual20,3330,2024-10-18,2024-10-28,0.0015733867085561,2024,2023-12-31,learned_order_offset,20260910,0.5719329439518137,0.5719329439518137,1,1,0.28974189733460837,0.5719329439518137,2024-09-30,2023-12-31,nonnegative_high,3591,3596
rolling5_annual20,3335,2024-10-25,2024-11-04,-0.0140142824257356,2024,2023-12-31,learned_order_offset,20260910,0.5699230458006388,0.5699230458006388,1,0,0.28153718841705694,0.5699230458006388,2024-09-30,2023-12-31,nonnegative_high,3596,3601
rolling5_annual20,3340,2024-11-01,2024-11-11,0.0434152361258277,2024,2023-12-31,learned_order_offset,20260910,0.5943872844245232,0.5943872844245232,1,1,0.3821322990638606,0.5943872844245232,2024-09-30,2023-12-31,nonnegative_high,3601,3606
rolling5_annual20,3345,2024-11-08,2024-11-18,-0.0208584853931589,2024,2023-12-31,learned_order_offset,20260910,0.4117587061424781,0.4117587061424781,0,0,-0.3566997143474985,0.4117587061424781,2024-09-30,2023-12-31,nonnegative_high,3606,3611
rolling5_annual20,3350,2024-11-15,2024-11-25,-0.0267421712161923,2024,2023-12-31,learned_order_offset,20260910,0.39692557218174884,0.39692557218174884,0,0,-0.41829183082937244,0.39692557218174884,2024-09-30,2023-12-31,nonnegative_high,3611,3616
rolling5_annual20,3355,2024-11-22,2024-12-02,0.0087960346887328,2024,2023-12-31,learned_order_offset,20260910,0.5105432513675927,0.5105432513675927,1,1,0.042179257748584,0.5105432513675927,2024-09-30,2023-12-31,nonnegative_high,3616,3621
rolling5_annual20,3360,2024-11-29,2024-12-09,0.0155919891551781,2024,2023-12-31,learned_order_offset,20260910,0.5431521172921228,0.5431521172921228,1,1,0.1730389481557979,0.5431521172921228,2024-09-30,2023-12-31,nonnegative_high,3621,3626
rolling5_annual20,3365,2024-12-06,2024-12-16,-0.0100436703218104,2024,2023-12-31,learned_order_offset,20260910,0.4931973928594116,0.4931973928594116,0,0,-0.02721210764911186,0.4931973928594116,2024-09-30,2023-12-31,nonnegative_high,3626,3631
rolling5_annual20,3370,2024-12-13,2024-12-23,-0.0006690784017421,2024,2023-12-31,learned_order_offset,20260910,0.4157930804208651,0.4157930804208651,0,0,-0.34006750074057646,0.4157930804208651,2024-09-30,2023-12-31,nonnegative_high,3631,3636
rolling5_annual20,3375,2024-12-20,2024-12-30,0.0123595076562756,2024,2023-12-31,learned_order_offset,20260910,0.35365572271165413,0.35365572271165413,0,1,-0.6030083935987787,0.35365572271165413,2024-09-30,2023-12-31,nonnegative_low,3636,3641
rolling5_annual20,3380,2024-12-27,2025-01-06,-0.0504714964669198,2024,2023-12-31,learned_order_offset,20260910,0.3182149884773887,0.3182149884773887,0,0,-0.7619871570298586,0.3182149884773887,2024-09-30,2023-12-31,nonnegative_low,3641,3645
rolling5_annual20,3144,2024-01-05,2024-01-15,-0.0158038409563566,2024,2023-12-31,learned_market,20260911,0.5054381986976906,0.5054381986976906,1,0,0.02175365260800037,0.5054381986976906,2023-12-31,2023-12-31,negative_low,3405,3410
rolling5_annual20,3149,2024-01-12,2024-01-22,-0.002333261979756,2024,2023-12-31,learned_market,20260911,0.5344404908323787,0.5344404908323787,1,0,0.13798046033589867,0.5344404908323787,2023-12-31,2023-12-31,negative_low,3410,3415
rolling5_annual20,3154,2024-01-19,2024-01-29,0.0223511633823452,2024,2023-12-31,learned_market,20260911,0.6056082203678326,0.6056082203678326,1,1,0.42888849616057967,0.6056082203678326,2023-12-31,2023-12-31,negative_low,3415,3420
rolling5_annual20,3159,2024-01-26,2024-02-05,-0.0513103415192826,2024,2023-12-31,learned_market,20260911,0.536236284491504,0.536236284491504,1,0,0.14519970450453396,0.536236284491504,2023-12-31,2023-12-31,negative_high,3420,3425
rolling5_annual20,3164,2024-02-02,2024-02-26,0.1015374891364462,2024,2023-12-31,learned_market,20260911,0.5342416496354764,0.5342416496354764,1,1,0.1371813258311681,0.5342416496354764,2023-12-31,2023-12-31,negative_high,3425,3434
rolling5_annual20,3173,2024-02-23,2024-03-04,0.0151569053862528,2024,2023-12-31,learned_market,20260911,0.636064859077555,0.636064859077555,1,1,0.5583248703411993,0.636064859077555,2023-12-31,2023-12-31,negative_high,3434,3439
rolling5_annual20,3178,2024-03-01,2024-03-11,0.0021394031715169,2024,2023-12-31,learned_market,20260911,0.5744958412225454,0.5744958412225454,1,1,0.30021813648570306,0.5744958412225454,2023-12-31,2023-12-31,nonnegative_high,3439,3444
rolling5_annual20,3183,2024-03-08,2024-03-18,0.0087762342284414,2024,2023-12-31,learned_market,20260911,0.6235376359173743,0.6235376359173743,1,1,0.50459104598836,0.6235376359173743,2023-12-31,2023-12-31,nonnegative_high,3444,3449
rolling5_annual20,3188,2024-03-15,2024-03-25,-0.0112802133595746,2024,2023-12-31,learned_market,20260911,0.5250838960153138,0.5250838960153138,1,0,0.10041988651379136,0.5250838960153138,2023-12-31,2023-12-31,nonnegative_low,3449,3454
rolling5_annual20,3193,2024-03-22,2024-04-01,0.0042044725182444,2024,2023-12-31,learned_market,20260911,0.5710939352608271,0.5710939352608271,1,1,0.28631577457462354,0.5710939352608271,2023-12-31,2023-12-31,nonnegative_low,3454,3459
rolling5_annual20,3198,2024-03-29,2024-04-15,-0.0219845815102011,2024,2023-12-31,learned_market,20260911,0.3834197760468657,0.3834197760468657,0,0,-0.4750580322069779,0.3834197760468657,2023-12-31,2023-12-31,nonnegative_low,3459,3467
rolling5_annual20,3206,2024-04-12,2024-04-22,0.018045199366633,2024,2023-12-31,learned_market,20260911,0.4010137779932345,0.4010137779932345,0,1,-0.4012428103910708,0.4010137779932345,2024-03-31,2023-12-31,nonnegative_low,3467,3472
rolling5_annual20,3211,2024-04-19,2024-04-29,0.0136757744232476,2024,2023-12-31,learned_market,20260911,0.6881239388416772,0.6881239388416772,1,1,0.7913630963629997,0.6881239388416772,2024-03-31,2023-12-31,nonnegative_low,3472,3477
rolling5_annual20,3216,2024-04-26,2024-05-13,0.0172434956786644,2024,2023-12-31,learned_market,20260911,0.7017626392504613,0.7017626392504613,1,1,0.8557055440843255,0.7017626392504613,2024-03-31,2023-12-31,nonnegative_low,3477,3484
rolling5_annual20,3223,2024-05-10,2024-05-20,0.0097933549988344,2024,2023-12-31,learned_market,20260911,0.34643372246634235,0.34643372246634235,0,1,-0.6347524240732463,0.34643372246634235,2024-03-31,2023-12-31,nonnegative_low,3484,3489
rolling5_annual20,3228,2024-05-17,2024-05-27,-0.0204803832637164,2024,2023-12-31,learned_market,20260911,0.4431227189539159,0.4431227189539159,0,0,-0.22849814473385874,0.4431227189539159,2024-03-31,2023-12-31,nonnegative_low,3489,3494
rolling5_annual20,3233,2024-05-24,2024-06-03,-0.0081155643048258,2024,2023-12-31,learned_market,20260911,0.37604335071722716,0.37604335071722716,0,0,-0.5063764624481571,0.37604335071722716,2024-03-31,2023-12-31,nonnegative_low,3494,3499
rolling5_annual20,3238,2024-05-31,2024-06-11,-0.0060267570121149,2024,2023-12-31,learned_market,20260911,0.4623695985721365,0.4623695985721365,0,0,-0.15080676972091683,0.4623695985721365,2024-03-31,2023-12-31,nonnegative_low,3499,3504
rolling5_annual20,3243,2024-06-07,2024-06-17,-0.0096686558937179,2024,2023-12-31,learned_market,20260911,0.4582644121723416,0.4582644121723416,0,0,-0.16733170038479248,0.4582644121723416,2024-03-31,2023-12-31,nonnegative_low,3504,3508
rolling5_annual20,3247,2024-06-14,2024-06-24,-0.013573992457631,2024,2023-12-31,learned_market,20260911,0.547653314525006,0.547653314525006,1,0,0.19119355992142575,0.547653314525006,2024-03-31,2023-12-31,negative_low,3508,3513
rolling5_annual20,3252,2024-06-21,2024-07-01,-0.004427632109257,2024,2023-12-31,learned_market,20260911,0.47189161681005365,0.47189161681005365,0,0,-0.11255220001891612,0.47189161681005365,2024-03-31,2023-12-31,negative_low,3513,3518
rolling5_annual20,3257,2024-06-28,2024-07-08,-0.0108320369203009,2024,2023-12-31,learned_market,20260911,0.5123469688343429,0.5123469688343429,1,0,0.04939791776524087,0.5123469688343429,2024-03-31,2023-12-31,negative_low,3518,3523
rolling5_annual20,3262,2024-07-05,2024-07-15,0.0122222871842843,2024,2023-12-31,learned_market,20260911,0.45126286241747676,0.45126286241747676,0,1,-0.19556951141641302,0.45126286241747676,2024-06-30,2023-12-31,negative_low,3523,3528
rolling5_annual20,3267,2024-07-12,2024-07-22,0.0218881133018156,2024,2023-12-31,learned_market,20260911,0.5332769498693494,0.5332769498693494,1,1,0.1333048536307233,0.5332769498693494,2024-06-30,2023-12-31,negative_low,3528,3533
rolling5_annual20,3272,2024-07-19,2024-07-29,-0.0378787022382998,2024,2023-12-31,learned_market,20260911,0.40748796116344355,0.40748796116344355,0,0,-0.3743598024270357,0.40748796116344355,2024-06-30,2023-12-31,nonnegative_low,3533,3538
rolling5_annual20,3277,2024-07-26,2024-08-05,-0.0124134568216732,2024,2023-12-31,learned_market,20260911,0.478355530473102,0.478355530473102,0,0,-0.08663201935400437,0.478355530473102,2024-06-30,2023-12-31,negative_low,3538,3543
rolling5_annual20,3282,2024-08-02,2024-08-12,-0.0102762848330364,2024,2023-12-31,learned_market,20260911,0.3834188816798506,0.3834188816798506,0,0,-0.4750618153422019,0.3834188816798506,2024-06-30,2023-12-31,negative_low,3543,3548
rolling5_annual20,3287,2024-08-09,2024-08-19,0.0050186923751938,2024,2023-12-31,learned_market,20260911,0.42469973553977347,0.42469973553977347,0,1,-0.30350968894000896,0.42469973553977347,2024-06-30,2023-12-31,negative_low,3548,3553
rolling5_annual20,3292,2024-08-16,2024-08-26,-0.0040487282687352,2024,2023-12-31,learned_market,20260911,0.29687018071515625,0.29687018071515625,0,0,-0.8622465981866791,0.29687018071515625,2024-06-30,2023-12-31,negative_low,3553,3558
rolling5_annual20,3297,2024-08-23,2024-09-02,-0.0069594562136714,2024,2023-12-31,learned_market,20260911,0.34723831026140495,0.34723831026140495,0,0,-0.6312007985518387,0.34723831026140495,2024-06-30,2023-12-31,negative_low,3558,3563
rolling5_annual20,3302,2024-08-30,2024-09-09,-0.0280389655151561,2024,2023-12-31,learned_market,20260911,0.338131357699674,0.338131357699674,0,0,-0.671632658487227,0.338131357699674,2024-06-30,2023-12-31,negative_low,3563,3568
rolling5_annual20,3307,2024-09-06,2024-09-18,-0.0174132138857783,2024,2023-12-31,learned_market,20260911,0.3981701161949381,0.3981701161949381,0,0,-0.41309547874397523,0.3981701161949381,2024-06-30,2023-12-31,negative_low,3568,3573
rolling5_annual20,3312,2024-09-13,2024-09-24,0.0133119329369826,2024,2023-12-31,learned_market,20260911,0.4602703023881774,0.4602703023881774,0,1,-0.15925452346520017,0.4602703023881774,2024-06-30,2023-12-31,negative_low,3573,3576
rolling5_annual20,3315,2024-09-20,2024-09-30,0.2017513988384409,2024,2023-12-31,learned_market,20260911,0.48844687615774224,0.48844687615774224,0,1,-0.04622072226804748,0.48844687615774224,2024-06-30,2023-12-31,negative_low,3576,3581
rolling5_annual20,3320,2024-09-27,2024-10-14,0.0178259004588408,2024,2023-12-31,learned_market,20260911,0.6935862325010999,0.6935862325010999,1,1,0.8169392059867432,0.6935862325010999,2024-06-30,2023-12-31,nonnegative_high,3581,3586
rolling5_annual20,3325,2024-10-11,2024-10-21,0.0080914993282625,2024,2023-12-31,learned_market,20260911,0.7037035552786773,0.7037035552786773,1,1,0.8649967256324698,0.7037035552786773,2024-09-30,2023-12-31,nonnegative_high,3586,3591
rolling5_annual20,3330,2024-10-18,2024-10-28,0.0015733867085561,2024,2023-12-31,learned_market,20260911,0.6276974127279125,0.6276974127279125,1,1,0.5223512932033126,0.6276974127279125,2024-09-30,2023-12-31,nonnegative_high,3591,3596
rolling5_annual20,3335,2024-10-25,2024-11-04,-0.0140142824257356,2024,2023-12-31,learned_market,20260911,0.45809633325380006,0.45809633325380006,0,0,-0.16800875239974675,0.45809633325380006,2024-09-30,2023-12-31,nonnegative_high,3596,3601
rolling5_annual20,3340,2024-11-01,2024-11-11,0.0434152361258277,2024,2023-12-31,learned_market,20260911,0.4000970572378428,0.4000970572378428,0,1,-0.4050607192986673,0.4000970572378428,2024-09-30,2023-12-31,nonnegative_high,3601,3606
rolling5_annual20,3345,2024-11-08,2024-11-18,-0.0208584853931589,2024,2023-12-31,learned_market,20260911,0.40593736915879713,0.40593736915879713,0,0,-0.38078586838465894,0.40593736915879713,2024-09-30,2023-12-31,nonnegative_high,3606,3611
rolling5_annual20,3350,2024-11-15,2024-11-25,-0.0267421712161923,2024,2023-12-31,learned_market,20260911,0.455730074665633,0.455730074665633,0,0,-0.1775446173475478,0.455730074665633,2024-09-30,2023-12-31,nonnegative_high,3611,3616
rolling5_annual20,3355,2024-11-22,2024-12-02,0.0087960346887328,2024,2023-12-31,learned_market,20260911,0.3896395612224614,0.3896395612224614,0,1,-0.44882755611443503,0.3896395612224614,2024-09-30,2023-12-31,nonnegative_high,3616,3621
rolling5_annual20,3360,2024-11-29,2024-12-09,0.0155919891551781,2024,2023-12-31,learned_market,20260911,0.5648004239815676,0.5648004239815676,1,1,0.26066771553542395,0.5648004239815676,2024-09-30,2023-12-31,nonnegative_high,3621,3626
rolling5_annual20,3365,2024-12-06,2024-12-16,-0.0100436703218104,2024,2023-12-31,learned_market,20260911,0.4339892041348209,0.4339892041348209,0,0,-0.2655934934624039,0.4339892041348209,2024-09-30,2023-12-31,nonnegative_high,3626,3631
rolling5_annual20,3370,2024-12-13,2024-12-23,-0.0006690784017421,2024,2023-12-31,learned_market,20260911,0.31485157623264104,0.31485157623264104,0,0,-0.7775341506044708,0.31485157623264104,2024-09-30,2023-12-31,nonnegative_high,3631,3636
rolling5_annual20,3375,2024-12-20,2024-12-30,0.0123595076562756,2024,2023-12-31,learned_market,20260911,0.30917200008354345,0.30917200008354345,0,1,-0.8039931214370944,0.30917200008354345,2024-09-30,2023-12-31,nonnegative_low,3636,3641
rolling5_annual20,3380,2024-12-27,2025-01-06,-0.0504714964669198,2024,2023-12-31,learned_market,20260911,0.5719698356929027,0.5719698356929027,1,0,0.2898925847352353,0.5719698356929027,2024-09-30,2023-12-31,nonnegative_low,3641,3645
rolling5_annual20,3144,2024-01-05,2024-01-15,-0.0158038409563566,2024,2023-12-31,learned_vol_interaction,20260911,0.5055907048902185,0.5055907048902185,1,0,0.022363751593280523,0.5055907048902185,2023-12-31,2023-12-31,negative_low,3405,3410
rolling5_annual20,3149,2024-01-12,2024-01-22,-0.002333261979756,2024,2023-12-31,learned_vol_interaction,20260911,0.5345697430715253,0.5345697430715253,1,0,0.13849994328747514,0.5345697430715253,2023-12-31,2023-12-31,negative_low,3410,3415
rolling5_annual20,3154,2024-01-19,2024-01-29,0.0223511633823452,2024,2023-12-31,learned_vol_interaction,20260911,0.6057144516952688,0.6057144516952688,1,1,0.4293332845063283,0.6057144516952688,2023-12-31,2023-12-31,negative_low,3415,3420
rolling5_annual20,3159,2024-01-26,2024-02-05,-0.0513103415192826,2024,2023-12-31,learned_vol_interaction,20260911,0.5360497014286747,0.5360497014286747,1,0,0.1444494519769841,0.5360497014286747,2023-12-31,2023-12-31,negative_high,3420,3425
rolling5_annual20,3164,2024-02-02,2024-02-26,0.1015374891364462,2024,2023-12-31,learned_vol_interaction,20260911,0.5340699292580867,0.5340699292580867,1,1,0.13649122397383517,0.5340699292580867,2023-12-31,2023-12-31,negative_high,3425,3434
rolling5_annual20,3173,2024-02-23,2024-03-04,0.0151569053862528,2024,2023-12-31,learned_vol_interaction,20260911,0.635598842460853,0.635598842460853,1,1,0.5563122715427712,0.635598842460853,2023-12-31,2023-12-31,negative_high,3434,3439
rolling5_annual20,3178,2024-03-01,2024-03-11,0.0021394031715169,2024,2023-12-31,learned_vol_interaction,20260911,0.5740233508322927,0.5740233508322927,1,1,0.29828554577790944,0.5740233508322927,2023-12-31,2023-12-31,nonnegative_high,3439,3444
rolling5_annual20,3183,2024-03-08,2024-03-18,0.0087762342284414,2024,2023-12-31,learned_vol_interaction,20260911,0.6228491427098055,0.6228491427098055,1,1,0.5016590835600846,0.6228491427098055,2023-12-31,2023-12-31,nonnegative_high,3444,3449
rolling5_annual20,3188,2024-03-15,2024-03-25,-0.0112802133595746,2024,2023-12-31,learned_vol_interaction,20260911,0.5244855050624243,0.5244855050624243,1,0,0.09802042663891813,0.5244855050624243,2023-12-31,2023-12-31,nonnegative_low,3449,3454
rolling5_annual20,3193,2024-03-22,2024-04-01,0.0042044725182444,2024,2023-12-31,learned_vol_interaction,20260911,0.5705279783235351,0.5705279783235351,1,1,0.284005612170915,0.5705279783235351,2023-12-31,2023-12-31,nonnegative_low,3454,3459
rolling5_annual20,3198,2024-03-29,2024-04-15,-0.0219845815102011,2024,2023-12-31,learned_vol_interaction,20260911,0.38271605688876176,0.38271605688876176,0,0,-0.478035769170635,0.38271605688876176,2023-12-31,2023-12-31,nonnegative_low,3459,3467
rolling5_annual20,3206,2024-04-12,2024-04-22,0.018045199366633,2024,2023-12-31,learned_vol_interaction,20260911,0.4005671244257861,0.4005671244257861,0,1,-0.40310264682230296,0.4005671244257861,2024-03-31,2023-12-31,nonnegative_low,3467,3472
rolling5_annual20,3211,2024-04-19,2024-04-29,0.0136757744232476,2024,2023-12-31,learned_vol_interaction,20260911,0.6887193746097363,0.6887193746097363,1,1,0.794139056535472,0.6887193746097363,2024-03-31,2023-12-31,nonnegative_low,3472,3477
rolling5_annual20,3216,2024-04-26,2024-05-13,0.0172434956786644,2024,2023-12-31,learned_vol_interaction,20260911,0.7022970676469774,0.7022970676469774,1,1,0.8582603697993727,0.7022970676469774,2024-03-31,2023-12-31,nonnegative_low,3477,3484
rolling5_annual20,3223,2024-05-10,2024-05-20,0.0097933549988344,2024,2023-12-31,learned_vol_interaction,20260911,0.3455594321474703,0.3455594321474703,0,1,-0.638616129599442,0.3455594321474703,2024-03-31,2023-12-31,nonnegative_low,3484,3489
rolling5_annual20,3228,2024-05-17,2024-05-27,-0.0204803832637164,2024,2023-12-31,learned_vol_interaction,20260911,0.44349832999365935,0.44349832999365935,0,0,-0.2269761353944065,0.44349832999365935,2024-03-31,2023-12-31,nonnegative_low,3489,3494
rolling5_annual20,3233,2024-05-24,2024-06-03,-0.0081155643048258,2024,2023-12-31,learned_vol_interaction,20260911,0.37584176621168797,0.37584176621168797,0,0,-0.5072356957416654,0.37584176621168797,2024-03-31,2023-12-31,nonnegative_low,3494,3499
rolling5_annual20,3238,2024-05-31,2024-06-11,-0.0060267570121149,2024,2023-12-31,learned_vol_interaction,20260911,0.462679170258509,0.462679170258509,0,0,-0.14956148732797026,0.462679170258509,2024-03-31,2023-12-31,nonnegative_low,3499,3504
rolling5_annual20,3243,2024-06-07,2024-06-17,-0.0096686558937179,2024,2023-12-31,learned_vol_interaction,20260911,0.45791502581125104,0.45791502581125104,0,0,-0.1687391343595718,0.45791502581125104,2024-03-31,2023-12-31,nonnegative_low,3504,3508
rolling5_annual20,3247,2024-06-14,2024-06-24,-0.013573992457631,2024,2023-12-31,learned_vol_interaction,20260911,0.5487064397258339,0.5487064397258339,1,0,0.19544554287724966,0.5487064397258339,2024-03-31,2023-12-31,negative_low,3508,3513
rolling5_annual20,3252,2024-06-21,2024-07-01,-0.004427632109257,2024,2023-12-31,learned_vol_interaction,20260911,0.4727875387503036,0.4727875387503036,0,0,-0.10895751011031067,0.4727875387503036,2024-03-31,2023-12-31,negative_low,3513,3518
rolling5_annual20,3257,2024-06-28,2024-07-08,-0.0108320369203009,2024,2023-12-31,learned_vol_interaction,20260911,0.5132044653177142,0.5132044653177142,1,0,0.05283014536045679,0.5132044653177142,2024-03-31,2023-12-31,negative_low,3518,3523
rolling5_annual20,3262,2024-07-05,2024-07-15,0.0122222871842843,2024,2023-12-31,learned_vol_interaction,20260911,0.4522611437941403,0.4522611437941403,0,1,-0.19153886884163618,0.4522611437941403,2024-06-30,2023-12-31,negative_low,3523,3528
rolling5_annual20,3267,2024-07-12,2024-07-22,0.0218881133018156,2024,2023-12-31,learned_vol_interaction,20260911,0.534956256393257,0.534956256393257,1,1,0.14005350636684402,0.534956256393257,2024-06-30,2023-12-31,negative_low,3528,3533
rolling5_annual20,3272,2024-07-19,2024-07-29,-0.0378787022382998,2024,2023-12-31,learned_vol_interaction,20260911,0.40803032188098237,0.40803032188098237,0,0,-0.37211392420026435,0.40803032188098237,2024-06-30,2023-12-31,nonnegative_low,3533,3538
rolling5_annual20,3277,2024-07-26,2024-08-05,-0.0124134568216732,2024,2023-12-31,learned_vol_interaction,20260911,0.47904891822544815,0.47904891822544815,0,0,-0.08385342646996853,0.47904891822544815,2024-06-30,2023-12-31,negative_low,3538,3543
rolling5_annual20,3282,2024-08-02,2024-08-12,-0.0102762848330364,2024,2023-12-31,learned_vol_interaction,20260911,0.3835304997712279,0.3835304997712279,0,0,-0.4745897012339038,0.3835304997712279,2024-06-30,2023-12-31,negative_low,3543,3548
rolling5_annual20,3287,2024-08-09,2024-08-19,0.0050186923751938,2024,2023-12-31,learned_vol_interaction,20260911,0.4241805247030577,0.4241805247030577,0,1,-0.3056350702010959,0.4241805247030577,2024-06-30,2023-12-31,negative_low,3548,3553
rolling5_annual20,3292,2024-08-16,2024-08-26,-0.0040487282687352,2024,2023-12-31,learned_vol_interaction,20260911,0.2956504689782993,0.2956504689782993,0,0,-0.8680968173473871,0.2956504689782993,2024-06-30,2023-12-31,negative_low,3553,3558
rolling5_annual20,3297,2024-08-23,2024-09-02,-0.0069594562136714,2024,2023-12-31,learned_vol_interaction,20260911,0.3460155814509531,0.3460155814509531,0,0,-0.6365997191858253,0.3460155814509531,2024-06-30,2023-12-31,negative_low,3558,3563
rolling5_annual20,3302,2024-08-30,2024-09-09,-0.0280389655151561,2024,2023-12-31,learned_vol_interaction,20260911,0.33759368552448255,0.33759368552448255,0,0,-0.674036077216594,0.33759368552448255,2024-06-30,2023-12-31,negative_low,3563,3568
rolling5_annual20,3307,2024-09-06,2024-09-18,-0.0174132138857783,2024,2023-12-31,learned_vol_interaction,20260911,0.397975241873378,0.397975241873378,0,0,-0.4139087739180879,0.397975241873378,2024-06-30,2023-12-31,negative_low,3568,3573
rolling5_annual20,3312,2024-09-13,2024-09-24,0.0133119329369826,2024,2023-12-31,learned_vol_interaction,20260911,0.461342267631887,0.461342267631887,0,1,-0.15494015074902517,0.461342267631887,2024-06-30,2023-12-31,negative_low,3573,3576
rolling5_annual20,3315,2024-09-20,2024-09-30,0.2017513988384409,2024,2023-12-31,learned_vol_interaction,20260911,0.4886156386697026,0.4886156386697026,0,1,-0.04554531686393348,0.4886156386697026,2024-06-30,2023-12-31,negative_low,3576,3581
rolling5_annual20,3320,2024-09-27,2024-10-14,0.0178259004588408,2024,2023-12-31,learned_vol_interaction,20260911,0.6918366307791042,0.6918366307791042,1,1,0.808719783157396,0.6918366307791042,2024-06-30,2023-12-31,nonnegative_high,3581,3586
rolling5_annual20,3325,2024-10-11,2024-10-21,0.0080914993282625,2024,2023-12-31,learned_vol_interaction,20260911,0.7018703597644868,0.7018703597644868,1,1,0.8562202880187891,0.7018703597644868,2024-09-30,2023-12-31,nonnegative_high,3586,3591
rolling5_annual20,3330,2024-10-18,2024-10-28,0.0015733867085561,2024,2023-12-31,learned_vol_interaction,20260911,0.6274387204351971,0.6274387204351971,1,1,0.5212444763719297,0.6274387204351971,2024-09-30,2023-12-31,nonnegative_high,3591,3596
rolling5_annual20,3335,2024-10-25,2024-11-04,-0.0140142824257356,2024,2023-12-31,learned_vol_interaction,20260911,0.4612473434817257,0.4612473434817257,0,0,-0.15532213634925013,0.4612473434817257,2024-09-30,2023-12-31,nonnegative_high,3596,3601
rolling5_annual20,3340,2024-11-01,2024-11-11,0.0434152361258277,2024,2023-12-31,learned_vol_interaction,20260911,0.40396264616491484,0.40396264616491484,0,1,-0.38898092562271713,0.40396264616491484,2024-09-30,2023-12-31,nonnegative_high,3601,3606
rolling5_annual20,3345,2024-11-08,2024-11-18,-0.0208584853931589,2024,2023-12-31,learned_vol_interaction,20260911,0.4058838104038455,0.4058838104038455,0,0,-0.38100796824239647,0.4058838104038455,2024-09-30,2023-12-31,nonnegative_high,3606,3611
rolling5_annual20,3350,2024-11-15,2024-11-25,-0.0267421712161923,2024,2023-12-31,learned_vol_interaction,20260911,0.4556461044457154,0.4556461044457154,0,0,-0.17788315718138245,0.4556461044457154,2024-09-30,2023-12-31,nonnegative_high,3611,3616
rolling5_annual20,3355,2024-11-22,2024-12-02,0.0087960346887328,2024,2023-12-31,learned_vol_interaction,20260911,0.3897555680643098,0.3897555680643098,0,1,-0.4483397909149434,0.3897555680643098,2024-09-30,2023-12-31,nonnegative_high,3616,3621
rolling5_annual20,3360,2024-11-29,2024-12-09,0.0155919891551781,2024,2023-12-31,learned_vol_interaction,20260911,0.5639943448578677,0.5639943448578677,1,1,0.2573890108256416,0.5639943448578677,2024-09-30,2023-12-31,nonnegative_high,3621,3626
rolling5_annual20,3365,2024-12-06,2024-12-16,-0.0100436703218104,2024,2023-12-31,learned_vol_interaction,20260911,0.43406190636390596,0.43406190636390596,0,0,-0.26529753170045484,0.43406190636390596,2024-09-30,2023-12-31,nonnegative_high,3626,3631
rolling5_annual20,3370,2024-12-13,2024-12-23,-0.0006690784017421,2024,2023-12-31,learned_vol_interaction,20260911,0.31406271260453134,0.31406271260453134,0,0,-0.781193518119145,0.31406271260453134,2024-09-30,2023-12-31,nonnegative_high,3631,3636
rolling5_annual20,3375,2024-12-20,2024-12-30,0.0123595076562756,2024,2023-12-31,learned_vol_interaction,20260911,0.3085226494455729,0.3085226494455729,0,1,-0.8070351378630669,0.3085226494455729,2024-09-30,2023-12-31,nonnegative_low,3636,3641
rolling5_annual20,3380,2024-12-27,2025-01-06,-0.0504714964669198,2024,2023-12-31,learned_vol_interaction,20260911,0.5726178987535363,0.5726178987535363,1,0,0.29254018713101676,0.5726178987535363,2024-09-30,2023-12-31,nonnegative_low,3641,3645
rolling5_annual20,3144,2024-01-05,2024-01-15,-0.0158038409563566,2024,2023-12-31,learned_order_extension,20260911,0.5046246382575834,0.5046246382575834,1,0,0.01849908056903203,0.5046246382575834,2023-12-31,2023-12-31,negative_low,3405,3410
rolling5_annual20,3149,2024-01-12,2024-01-22,-0.002333261979756,2024,2023-12-31,learned_order_extension,20260911,0.5273727883107168,0.5273727883107168,1,0,0.1096007348799902,0.5273727883107168,2023-12-31,2023-12-31,negative_low,3410,3415
rolling5_annual20,3154,2024-01-19,2024-01-29,0.0223511633823452,2024,2023-12-31,learned_order_extension,20260911,0.6361976645125996,0.6361976645125996,1,1,0.558898622547805,0.6361976645125996,2023-12-31,2023-12-31,negative_low,3415,3420
rolling5_annual20,3159,2024-01-26,2024-02-05,-0.0513103415192826,2024,2023-12-31,learned_order_extension,20260911,0.5444608640891567,0.5444608640891567,1,0,0.1783144332547715,0.5444608640891567,2023-12-31,2023-12-31,negative_high,3420,3425
rolling5_annual20,3164,2024-02-02,2024-02-26,0.1015374891364462,2024,2023-12-31,learned_order_extension,20260911,0.545031438848448,0.545031438848448,1,1,0.18061515876645717,0.545031438848448,2023-12-31,2023-12-31,negative_high,3425,3434
rolling5_annual20,3173,2024-02-23,2024-03-04,0.0151569053862528,2024,2023-12-31,learned_order_extension,20260911,0.6125199424254827,0.6125199424254827,1,1,0.45791711780561817,0.6125199424254827,2023-12-31,2023-12-31,negative_high,3434,3439
rolling5_annual20,3178,2024-03-01,2024-03-11,0.0021394031715169,2024,2023-12-31,learned_order_extension,20260911,0.5496769035930799,0.5496769035930799,1,1,0.19936534045195803,0.5496769035930799,2023-12-31,2023-12-31,nonnegative_high,3439,3444
rolling5_annual20,3183,2024-03-08,2024-03-18,0.0087762342284414,2024,2023-12-31,learned_order_extension,20260911,0.5653384521782018,0.5653384521782018,1,1,0.26285690493769254,0.5653384521782018,2023-12-31,2023-12-31,nonnegative_high,3444,3449
rolling5_annual20,3188,2024-03-15,2024-03-25,-0.0112802133595746,2024,2023-12-31,learned_order_extension,20260911,0.4741066250462846,0.4741066250462846,0,0,-0.10366623922270624,0.4741066250462846,2023-12-31,2023-12-31,nonnegative_low,3449,3454
rolling5_annual20,3193,2024-03-22,2024-04-01,0.0042044725182444,2024,2023-12-31,learned_order_extension,20260911,0.5034201205076809,0.5034201205076809,1,1,0.013680695401602994,0.5034201205076809,2023-12-31,2023-12-31,nonnegative_low,3454,3459
rolling5_annual20,3198,2024-03-29,2024-04-15,-0.0219845815102011,2024,2023-12-31,learned_order_extension,20260911,0.3647496103237538,0.3647496103237538,0,0,-0.5548081165575285,0.3647496103237538,2023-12-31,2023-12-31,nonnegative_low,3459,3467
rolling5_annual20,3206,2024-04-12,2024-04-22,0.018045199366633,2024,2023-12-31,learned_order_extension,20260911,0.3866844940005672,0.3866844940005672,0,1,-0.4612703956638452,0.3866844940005672,2024-03-31,2023-12-31,nonnegative_low,3467,3472
rolling5_annual20,3211,2024-04-19,2024-04-29,0.0136757744232476,2024,2023-12-31,learned_order_extension,20260911,0.5343459488053159,0.5343459488053159,1,1,0.137600494389395,0.5343459488053159,2024-03-31,2023-12-31,nonnegative_low,3472,3477
rolling5_annual20,3216,2024-04-26,2024-05-13,0.0172434956786644,2024,2023-12-31,learned_order_extension,20260911,0.513240014593565,0.513240014593565,1,1,0.0529724419734387,0.513240014593565,2024-03-31,2023-12-31,nonnegative_low,3477,3484
rolling5_annual20,3223,2024-05-10,2024-05-20,0.0097933549988344,2024,2023-12-31,learned_order_extension,20260911,0.3965400007837658,0.3965400007837658,0,1,-0.41990283632211345,0.3965400007837658,2024-03-31,2023-12-31,nonnegative_low,3484,3489
rolling5_annual20,3228,2024-05-17,2024-05-27,-0.0204803832637164,2024,2023-12-31,learned_order_extension,20260911,0.45967482999568354,0.45967482999568354,0,0,-0.1616517767994397,0.45967482999568354,2024-03-31,2023-12-31,nonnegative_low,3489,3494
rolling5_annual20,3233,2024-05-24,2024-06-03,-0.0081155643048258,2024,2023-12-31,learned_order_extension,20260911,0.4103835614322711,0.4103835614322711,0,0,-0.3623799833032119,0.4103835614322711,2024-03-31,2023-12-31,nonnegative_low,3494,3499
rolling5_annual20,3238,2024-05-31,2024-06-11,-0.0060267570121149,2024,2023-12-31,learned_order_extension,20260911,0.483584132532498,0.483584132532498,0,0,-0.06568707852505391,0.483584132532498,2024-03-31,2023-12-31,nonnegative_low,3499,3504
rolling5_annual20,3243,2024-06-07,2024-06-17,-0.0096686558937179,2024,2023-12-31,learned_order_extension,20260911,0.4576789647131029,0.4576789647131029,0,0,-0.16969015419171646,0.4576789647131029,2024-03-31,2023-12-31,nonnegative_low,3504,3508
rolling5_annual20,3247,2024-06-14,2024-06-24,-0.013573992457631,2024,2023-12-31,learned_order_extension,20260911,0.5515041025200125,0.5515041025200125,1,0,0.20674974325023682,0.5515041025200125,2024-03-31,2023-12-31,negative_low,3508,3513
rolling5_annual20,3252,2024-06-21,2024-07-01,-0.004427632109257,2024,2023-12-31,learned_order_extension,20260911,0.4894889896317385,0.4894889896317385,0,0,-0.042050236558451304,0.4894889896317385,2024-03-31,2023-12-31,negative_low,3513,3518
rolling5_annual20,3257,2024-06-28,2024-07-08,-0.0108320369203009,2024,2023-12-31,learned_order_extension,20260911,0.5121801875037945,0.5121801875037945,1,0,0.04873039086507713,0.5121801875037945,2024-03-31,2023-12-31,negative_low,3518,3523
rolling5_annual20,3262,2024-07-05,2024-07-15,0.0122222871842843,2024,2023-12-31,learned_order_extension,20260911,0.45115521138622566,0.45115521138622566,0,1,-0.19600425527518428,0.45115521138622566,2024-06-30,2023-12-31,negative_low,3523,3528
rolling5_annual20,3267,2024-07-12,2024-07-22,0.0218881133018156,2024,2023-12-31,learned_order_extension,20260911,0.5531026546000134,0.5531026546000134,1,1,0.2132147005924948,0.5531026546000134,2024-06-30,2023-12-31,negative_low,3528,3533
rolling5_annual20,3272,2024-07-19,2024-07-29,-0.0378787022382998,2024,2023-12-31,learned_order_extension,20260911,0.43829998086615624,0.43829998086615624,0,0,-0.24806436983246746,0.43829998086615624,2024-06-30,2023-12-31,nonnegative_low,3533,3538
rolling5_annual20,3277,2024-07-26,2024-08-05,-0.0124134568216732,2024,2023-12-31,learned_order_extension,20260911,0.5141057686767685,0.5141057686767685,1,0,0.056438050728730316,0.5141057686767685,2024-06-30,2023-12-31,negative_low,3538,3543
rolling5_annual20,3282,2024-08-02,2024-08-12,-0.0102762848330364,2024,2023-12-31,learned_order_extension,20260911,0.41788195157055885,0.41788195157055885,0,0,-0.33147427938852014,0.41788195157055885,2024-06-30,2023-12-31,negative_low,3543,3548
rolling5_annual20,3287,2024-08-09,2024-08-19,0.0050186923751938,2024,2023-12-31,learned_order_extension,20260911,0.461166338855283,0.461166338855283,0,1,-0.1556481171416889,0.461166338855283,2024-06-30,2023-12-31,negative_low,3548,3553
rolling5_annual20,3292,2024-08-16,2024-08-26,-0.0040487282687352,2024,2023-12-31,learned_order_extension,20260911,0.3524150315340549,0.3524150315340549,0,0,-0.6084404624916442,0.3524150315340549,2024-06-30,2023-12-31,negative_low,3553,3558
rolling5_annual20,3297,2024-08-23,2024-09-02,-0.0069594562136714,2024,2023-12-31,learned_order_extension,20260911,0.3805014561152239,0.3805014561152239,0,0,-0.4874203464566925,0.3805014561152239,2024-06-30,2023-12-31,negative_low,3558,3563
rolling5_annual20,3302,2024-08-30,2024-09-09,-0.0280389655151561,2024,2023-12-31,learned_order_extension,20260911,0.3769790143868762,0.3769790143868762,0,0,-0.5023906818500291,0.3769790143868762,2024-06-30,2023-12-31,negative_low,3563,3568
rolling5_annual20,3307,2024-09-06,2024-09-18,-0.0174132138857783,2024,2023-12-31,learned_order_extension,20260911,0.4377655525059009,0.4377655525059009,0,0,-0.2502354304457175,0.4377655525059009,2024-06-30,2023-12-31,negative_low,3568,3573
rolling5_annual20,3312,2024-09-13,2024-09-24,0.0133119329369826,2024,2023-12-31,learned_order_extension,20260911,0.47634533351149555,0.47634533351149555,0,1,-0.0946893518834554,0.47634533351149555,2024-06-30,2023-12-31,negative_low,3573,3576
rolling5_annual20,3315,2024-09-20,2024-09-30,0.2017513988384409,2024,2023-12-31,learned_order_extension,20260911,0.4741196298736314,0.4741196298736314,0,1,-0.10361408009970907,0.4741196298736314,2024-06-30,2023-12-31,negative_low,3576,3581
rolling5_annual20,3320,2024-09-27,2024-10-14,0.0178259004588408,2024,2023-12-31,learned_order_extension,20260911,0.6045687657277363,0.6045687657277363,1,1,0.42453851822890465,0.6045687657277363,2024-06-30,2023-12-31,nonnegative_high,3581,3586
rolling5_annual20,3325,2024-10-11,2024-10-21,0.0080914993282625,2024,2023-12-31,learned_order_extension,20260911,0.6645766250551,0.6645766250551,1,1,0.683756644152726,0.6645766250551,2024-09-30,2023-12-31,nonnegative_high,3586,3591
rolling5_annual20,3330,2024-10-18,2024-10-28,0.0015733867085561,2024,2023-12-31,learned_order_extension,20260911,0.6217401283532429,0.6217401283532429,1,1,0.49694075482643285,0.6217401283532429,2024-09-30,2023-12-31,nonnegative_high,3591,3596
rolling5_annual20,3335,2024-10-25,2024-11-04,-0.0140142824257356,2024,2023-12-31,learned_order_extension,20260911,0.516035023904667,0.516035023904667,1,0,0.06416209830346742,0.516035023904667,2024-09-30,2023-12-31,nonnegative_high,3596,3601
rolling5_annual20,3340,2024-11-01,2024-11-11,0.0434152361258277,2024,2023-12-31,learned_order_extension,20260911,0.5005097124804287,0.5005097124804287,1,1,0.002038850627991584,0.5005097124804287,2024-09-30,2023-12-31,nonnegative_high,3601,3606
rolling5_annual20,3345,2024-11-08,2024-11-18,-0.0208584853931589,2024,2023-12-31,learned_order_extension,20260911,0.3862789521746162,0.3862789521746162,0,0,-0.46298072292093795,0.3862789521746162,2024-09-30,2023-12-31,nonnegative_high,3606,3611
rolling5_annual20,3350,2024-11-15,2024-11-25,-0.0267421712161923,2024,2023-12-31,learned_order_extension,20260911,0.42164042720008793,0.42164042720008793,0,0,-0.31604289094591903,0.42164042720008793,2024-09-30,2023-12-31,nonnegative_high,3611,3616
rolling5_annual20,3355,2024-11-22,2024-12-02,0.0087960346887328,2024,2023-12-31,learned_order_extension,20260911,0.3587358053522859,0.3587358053522859,0,1,-0.580855332814083,0.3587358053522859,2024-09-30,2023-12-31,nonnegative_high,3616,3621
rolling5_annual20,3360,2024-11-29,2024-12-09,0.0155919891551781,2024,2023-12-31,learned_order_extension,20260911,0.5668511595937642,0.5668511595937642,1,1,0.2690153529272852,0.5668511595937642,2024-09-30,2023-12-31,nonnegative_high,3621,3626
rolling5_annual20,3365,2024-12-06,2024-12-16,-0.0100436703218104,2024,2023-12-31,learned_order_extension,20260911,0.4286991101928549,0.4286991101928549,0,0,-0.28716072523436453,0.4286991101928549,2024-09-30,2023-12-31,nonnegative_high,3626,3631
rolling5_annual20,3370,2024-12-13,2024-12-23,-0.0006690784017421,2024,2023-12-31,learned_order_extension,20260911,0.2761154663058125,0.2761154663058125,0,0,-0.963812761407925,0.2761154663058125,2024-09-30,2023-12-31,nonnegative_high,3631,3636
rolling5_annual20,3375,2024-12-20,2024-12-30,0.0123595076562756,2024,2023-12-31,learned_order_extension,20260911,0.2681467130129062,0.2681467130129062,0,1,-1.004045798922335,0.2681467130129062,2024-09-30,2023-12-31,nonnegative_low,3636,3641
rolling5_annual20,3380,2024-12-27,2025-01-06,-0.0504714964669198,2024,2023-12-31,learned_order_extension,20260911,0.6253462942157451,0.6253462942157451,1,0,0.5123034189564246,0.6253462942157451,2024-09-30,2023-12-31,nonnegative_low,3641,3645
rolling5_annual20,3144,2024-01-05,2024-01-15,-0.0158038409563566,2024,2023-12-31,learned_order_offset,20260911,0.5039028855862143,0.5039028855862143,1,0,0.01561185942720554,0.5039028855862143,2023-12-31,2023-12-31,negative_low,3405,3410
rolling5_annual20,3149,2024-01-12,2024-01-22,-0.002333261979756,2024,2023-12-31,learned_order_offset,20260911,0.5267036688758374,0.5267036688758374,1,0,0.10691640705402652,0.5267036688758374,2023-12-31,2023-12-31,negative_low,3410,3415
rolling5_annual20,3154,2024-01-19,2024-01-29,0.0223511633823452,2024,2023-12-31,learned_order_offset,20260911,0.6349472157761124,0.6349472157761124,1,1,0.5534999132367383,0.6349472157761124,2023-12-31,2023-12-31,negative_low,3415,3420
rolling5_annual20,3159,2024-01-26,2024-02-05,-0.0513103415192826,2024,2023-12-31,learned_order_offset,20260911,0.5443793909861219,0.5443793909861219,1,0,0.1779859482440691,0.5443793909861219,2023-12-31,2023-12-31,negative_high,3420,3425
rolling5_annual20,3164,2024-02-02,2024-02-26,0.1015374891364462,2024,2023-12-31,learned_order_offset,20260911,0.5451794882867483,0.5451794882867483,1,1,0.18121221537765714,0.5451794882867483,2023-12-31,2023-12-31,negative_high,3425,3434
rolling5_annual20,3173,2024-02-23,2024-03-04,0.0151569053862528,2024,2023-12-31,learned_order_offset,20260911,0.6109679669122872,0.6109679669122872,1,1,0.4513828429878226,0.6109679669122872,2023-12-31,2023-12-31,negative_high,3434,3439
rolling5_annual20,3178,2024-03-01,2024-03-11,0.0021394031715169,2024,2023-12-31,learned_order_offset,20260911,0.5481247094966736,0.5481247094966736,1,1,0.19309659733455542,0.5481247094966736,2023-12-31,2023-12-31,nonnegative_high,3439,3444
rolling5_annual20,3183,2024-03-08,2024-03-18,0.0087762342284414,2024,2023-12-31,learned_order_offset,20260911,0.5633395909983205,0.5633395909983205,1,1,0.2547268305744559,0.5633395909983205,2023-12-31,2023-12-31,nonnegative_high,3444,3449
rolling5_annual20,3188,2024-03-15,2024-03-25,-0.0112802133595746,2024,2023-12-31,learned_order_offset,20260911,0.47094256842793375,0.47094256842793375,0,0,-0.11636084107968225,0.47094256842793375,2023-12-31,2023-12-31,nonnegative_low,3449,3454
rolling5_annual20,3193,2024-03-22,2024-04-01,0.0042044725182444,2024,2023-12-31,learned_order_offset,20260911,0.4995363819528175,0.4995363819528175,0,1,-0.0018544727202012279,0.4995363819528175,2023-12-31,2023-12-31,nonnegative_low,3454,3459
rolling5_annual20,3198,2024-03-29,2024-04-15,-0.0219845815102011,2024,2023-12-31,learned_order_offset,20260911,0.3626011592845029,0.3626011592845029,0,0,-0.5640920877509061,0.3626011592845029,2023-12-31,2023-12-31,nonnegative_low,3459,3467
rolling5_annual20,3206,2024-04-12,2024-04-22,0.018045199366633,2024,2023-12-31,learned_order_offset,20260911,0.38475750018966987,0.38475750018966987,0,1,-0.46940323252263433,0.38475750018966987,2024-03-31,2023-12-31,nonnegative_low,3467,3472
rolling5_annual20,3211,2024-04-19,2024-04-29,0.0136757744232476,2024,2023-12-31,learned_order_offset,20260911,0.5305043269791333,0.5305043269791333,1,1,0.12216903197475415,0.5305043269791333,2024-03-31,2023-12-31,nonnegative_low,3472,3477
rolling5_annual20,3216,2024-04-26,2024-05-13,0.0172434956786644,2024,2023-12-31,learned_order_offset,20260911,0.5107638404545624,0.5107638404545624,1,1,0.04306201487562311,0.5107638404545624,2024-03-31,2023-12-31,nonnegative_low,3477,3484
rolling5_annual20,3223,2024-05-10,2024-05-20,0.0097933549988344,2024,2023-12-31,learned_order_offset,20260911,0.3967922716976589,0.3967922716976589,0,1,-0.4188487301313403,0.3967922716976589,2024-03-31,2023-12-31,nonnegative_low,3484,3489
rolling5_annual20,3228,2024-05-17,2024-05-27,-0.0204803832637164,2024,2023-12-31,learned_order_offset,20260911,0.459025127987619,0.459025127987619,0,0,-0.16426787683772592,0.459025127987619,2024-03-31,2023-12-31,nonnegative_low,3489,3494
rolling5_annual20,3233,2024-05-24,2024-06-03,-0.0081155643048258,2024,2023-12-31,learned_order_offset,20260911,0.40953378651570865,0.40953378651570865,0,0,-0.3658930105649223,0.40953378651570865,2024-03-31,2023-12-31,nonnegative_low,3494,3499
rolling5_annual20,3238,2024-05-31,2024-06-11,-0.0060267570121149,2024,2023-12-31,learned_order_offset,20260911,0.48223477976059065,0.48223477976059065,0,0,-0.07109080633550956,0.48223477976059065,2024-03-31,2023-12-31,nonnegative_low,3499,3504
rolling5_annual20,3243,2024-06-07,2024-06-17,-0.0096686558937179,2024,2023-12-31,learned_order_offset,20260911,0.456270009415854,0.456270009415854,0,0,-0.1753680226111179,0.456270009415854,2024-03-31,2023-12-31,nonnegative_low,3504,3508
rolling5_annual20,3247,2024-06-14,2024-06-24,-0.013573992457631,2024,2023-12-31,learned_order_offset,20260911,0.5504043507355747,0.5504043507355747,1,0,0.2023045696376608,0.5504043507355747,2024-03-31,2023-12-31,negative_low,3508,3513
rolling5_annual20,3252,2024-06-21,2024-07-01,-0.004427632109257,2024,2023-12-31,learned_order_offset,20260911,0.48936496243955907,0.48936496243955907,0,0,-0.04254656726664663,0.48936496243955907,2024-03-31,2023-12-31,negative_low,3513,3518
rolling5_annual20,3257,2024-06-28,2024-07-08,-0.0108320369203009,2024,2023-12-31,learned_order_offset,20260911,0.51219411188397,0.51219411188397,1,0,0.048786121495711265,0.51219411188397,2024-03-31,2023-12-31,negative_low,3518,3523
rolling5_annual20,3262,2024-07-05,2024-07-15,0.0122222871842843,2024,2023-12-31,learned_order_offset,20260911,0.4508497655906378,0.4508497655906378,0,1,-0.19723788507462248,0.4508497655906378,2024-06-30,2023-12-31,negative_low,3523,3528
rolling5_annual20,3267,2024-07-12,2024-07-22,0.0218881133018156,2024,2023-12-31,learned_order_offset,20260911,0.5509513713756881,0.5509513713756881,1,1,0.2045153638781153,0.5509513713756881,2024-06-30,2023-12-31,negative_low,3528,3533
rolling5_annual20,3272,2024-07-19,2024-07-29,-0.0378787022382998,2024,2023-12-31,learned_order_offset,20260911,0.4378580673825642,0.4378580673825642,0,0,-0.24985955635979246,0.4378580673825642,2024-06-30,2023-12-31,nonnegative_low,3533,3538
rolling5_annual20,3277,2024-07-26,2024-08-05,-0.0124134568216732,2024,2023-12-31,learned_order_offset,20260911,0.5143054270726866,0.5143054270726866,1,0,0.0572373294977182,0.5143054270726866,2024-06-30,2023-12-31,negative_low,3538,3543
rolling5_annual20,3282,2024-08-02,2024-08-12,-0.0102762848330364,2024,2023-12-31,learned_order_offset,20260911,0.4187543205474362,0.4187543205474362,0,0,-0.32788912286277977,0.4187543205474362,2024-06-30,2023-12-31,negative_low,3543,3548
rolling5_annual20,3287,2024-08-09,2024-08-19,0.0050186923751938,2024,2023-12-31,learned_order_offset,20260911,0.46274794534702096,0.46274794534702096,0,1,-0.14928484855341378,0.46274794534702096,2024-06-30,2023-12-31,negative_low,3548,3553
rolling5_annual20,3292,2024-08-16,2024-08-26,-0.0040487282687352,2024,2023-12-31,learned_order_offset,20260911,0.35619445584136267,0.35619445584136267,0,0,-0.5919199244446823,0.35619445584136267,2024-06-30,2023-12-31,negative_low,3553,3558
rolling5_annual20,3297,2024-08-23,2024-09-02,-0.0069594562136714,2024,2023-12-31,learned_order_offset,20260911,0.3834802143774693,0.3834802143774693,0,0,-0.4748023883162963,0.3834802143774693,2024-06-30,2023-12-31,negative_low,3558,3563
rolling5_annual20,3302,2024-08-30,2024-09-09,-0.0280389655151561,2024,2023-12-31,learned_order_offset,20260911,0.37959140825702087,0.37959140825702087,0,0,-0.49128284711704107,0.37959140825702087,2024-06-30,2023-12-31,negative_low,3563,3568
rolling5_annual20,3307,2024-09-06,2024-09-18,-0.0174132138857783,2024,2023-12-31,learned_order_offset,20260911,0.4399785205661903,0.4399785205661903,0,0,-0.2412492302997188,0.4399785205661903,2024-06-30,2023-12-31,negative_low,3568,3573
rolling5_annual20,3312,2024-09-13,2024-09-24,0.0133119329369826,2024,2023-12-31,learned_order_offset,20260911,0.4763444943146473,0.4763444943146473,0,1,-0.09469271620104025,0.4763444943146473,2024-06-30,2023-12-31,negative_low,3573,3576
rolling5_annual20,3315,2024-09-20,2024-09-30,0.2017513988384409,2024,2023-12-31,learned_order_offset,20260911,0.47380763133966547,0.47380763133966547,0,1,-0.1048654675013114,0.47380763133966547,2024-06-30,2023-12-31,negative_low,3576,3581
rolling5_annual20,3320,2024-09-27,2024-10-14,0.0178259004588408,2024,2023-12-31,learned_order_offset,20260911,0.6050544676220191,0.6050544676220191,1,1,0.4265706204266924,0.6050544676220191,2024-06-30,2023-12-31,nonnegative_high,3581,3586
rolling5_annual20,3325,2024-10-11,2024-10-21,0.0080914993282625,2024,2023-12-31,learned_order_offset,20260911,0.6643779049639545,0.6643779049639545,1,1,0.6828653117233854,0.6643779049639545,2024-09-30,2023-12-31,nonnegative_high,3586,3591
rolling5_annual20,3330,2024-10-18,2024-10-28,0.0015733867085561,2024,2023-12-31,learned_order_offset,20260911,0.6227872251882844,0.6227872251882844,1,1,0.5013955101876377,0.6227872251882844,2024-09-30,2023-12-31,nonnegative_high,3591,3596
rolling5_annual20,3335,2024-10-25,2024-11-04,-0.0140142824257356,2024,2023-12-31,learned_order_offset,20260911,0.5165538018073565,0.5165538018073565,1,0,0.06623941627862695,0.5165538018073565,2024-09-30,2023-12-31,nonnegative_high,3596,3601
rolling5_annual20,3340,2024-11-01,2024-11-11,0.0434152361258277,2024,2023-12-31,learned_order_offset,20260911,0.5002268984226751,0.5002268984226751,1,1,0.0009075937530009792,0.5002268984226751,2024-09-30,2023-12-31,nonnegative_high,3601,3606
rolling5_annual20,3345,2024-11-08,2024-11-18,-0.0208584853931589,2024,2023-12-31,learned_order_offset,20260911,0.3875660008845143,0.3875660008845143,0,0,-0.4575550209135507,0.3875660008845143,2024-09-30,2023-12-31,nonnegative_high,3606,3611
rolling5_annual20,3350,2024-11-15,2024-11-25,-0.0267421712161923,2024,2023-12-31,learned_order_offset,20260911,0.42067738369660546,0.42067738369660546,0,0,-0.3199932876772784,0.42067738369660546,2024-09-30,2023-12-31,nonnegative_high,3611,3616
rolling5_annual20,3355,2024-11-22,2024-12-02,0.0087960346887328,2024,2023-12-31,learned_order_offset,20260911,0.359617784320977,0.359617784320977,0,1,-0.5770234528749701,0.359617784320977,2024-09-30,2023-12-31,nonnegative_high,3616,3621
rolling5_annual20,3360,2024-11-29,2024-12-09,0.0155919891551781,2024,2023-12-31,learned_order_offset,20260911,0.5668993585118391,0.5668993585118391,1,1,0.26921166038330513,0.5668993585118391,2024-09-30,2023-12-31,nonnegative_high,3621,3626
rolling5_annual20,3365,2024-12-06,2024-12-16,-0.0100436703218104,2024,2023-12-31,learned_order_offset,20260911,0.4285689114501956,0.4285689114501956,0,0,-0.2876923507043615,0.4285689114501956,2024-09-30,2023-12-31,nonnegative_high,3626,3631
rolling5_annual20,3370,2024-12-13,2024-12-23,-0.0006690784017421,2024,2023-12-31,learned_order_offset,20260911,0.277133608311407,0.277133608311407,0,0,-0.9587246775975042,0.277133608311407,2024-09-30,2023-12-31,nonnegative_high,3631,3636
rolling5_annual20,3375,2024-12-20,2024-12-30,0.0123595076562756,2024,2023-12-31,learned_order_offset,20260911,0.26960863109736993,0.26960863109736993,0,1,-0.9966091192831023,0.26960863109736993,2024-09-30,2023-12-31,nonnegative_low,3636,3641
rolling5_annual20,3380,2024-12-27,2025-01-06,-0.0504714964669198,2024,2023-12-31,learned_order_offset,20260911,0.6241226842198904,0.6241226842198904,1,0,0.5070841560435096,0.6241226842198904,2024-09-30,2023-12-31,nonnegative_low,3641,3645
rolling5_annual20,3144,2024-01-05,2024-01-15,-0.0158038409563566,2024,2023-12-31,learned_market,20260912,0.5011992069392154,0.5011992069392154,1,0,0.004796836954633399,0.5011992069392154,2023-12-31,2023-12-31,negative_low,3405,3410
rolling5_annual20,3149,2024-01-12,2024-01-22,-0.002333261979756,2024,2023-12-31,learned_market,20260912,0.47277699760132935,0.47277699760132935,0,0,-0.10899980002050398,0.47277699760132935,2023-12-31,2023-12-31,negative_low,3410,3415
rolling5_annual20,3154,2024-01-19,2024-01-29,0.0223511633823452,2024,2023-12-31,learned_market,20260912,0.4519385169732587,0.4519385169732587,0,1,-0.19284132977423668,0.4519385169732587,2023-12-31,2023-12-31,negative_low,3415,3420
rolling5_annual20,3159,2024-01-26,2024-02-05,-0.0513103415192826,2024,2023-12-31,learned_market,20260912,0.5136187590656476,0.5136187590656476,1,0,0.05448851361903819,0.5136187590656476,2023-12-31,2023-12-31,negative_high,3420,3425
rolling5_annual20,3164,2024-02-02,2024-02-26,0.1015374891364462,2024,2023-12-31,learned_market,20260912,0.5626550395617658,0.5626550395617658,1,1,0.2519444551378948,0.5626550395617658,2023-12-31,2023-12-31,negative_high,3425,3434
rolling5_annual20,3173,2024-02-23,2024-03-04,0.0151569053862528,2024,2023-12-31,learned_market,20260912,0.4999534810647158,0.4999534810647158,0,1,-0.00018607574167371632,0.4999534810647158,2023-12-31,2023-12-31,negative_high,3434,3439
rolling5_annual20,3178,2024-03-01,2024-03-11,0.0021394031715169,2024,2023-12-31,learned_market,20260912,0.5749313458355619,0.5749313458355619,1,1,0.30199994003312153,0.5749313458355619,2023-12-31,2023-12-31,nonnegative_high,3439,3444
rolling5_annual20,3183,2024-03-08,2024-03-18,0.0087762342284414,2024,2023-12-31,learned_market,20260912,0.5879570158742811,0.5879570158742811,1,1,0.355526168662184,0.5879570158742811,2023-12-31,2023-12-31,nonnegative_high,3444,3449
rolling5_annual20,3188,2024-03-15,2024-03-25,-0.0112802133595746,2024,2023-12-31,learned_market,20260912,0.48185973058558346,0.48185973058558346,0,0,-0.07259293966290883,0.48185973058558346,2023-12-31,2023-12-31,nonnegative_low,3449,3454
rolling5_annual20,3193,2024-03-22,2024-04-01,0.0042044725182444,2024,2023-12-31,learned_market,20260912,0.5819259306110321,0.5819259306110321,1,1,0.33068455631903476,0.5819259306110321,2023-12-31,2023-12-31,nonnegative_low,3454,3459
rolling5_annual20,3198,2024-03-29,2024-04-15,-0.0219845815102011,2024,2023-12-31,learned_market,20260912,0.5513216063045803,0.5513216063045803,1,0,0.20601195767987956,0.5513216063045803,2023-12-31,2023-12-31,nonnegative_low,3459,3467
rolling5_annual20,3206,2024-04-12,2024-04-22,0.018045199366633,2024,2023-12-31,learned_market,20260912,0.5884547036684491,0.5884547036684491,1,1,0.3575808644114797,0.5884547036684491,2024-03-31,2023-12-31,nonnegative_low,3467,3472
rolling5_annual20,3211,2024-04-19,2024-04-29,0.0136757744232476,2024,2023-12-31,learned_market,20260912,0.6010925671138769,0.6010925671138769,1,1,0.41001955230008436,0.6010925671138769,2024-03-31,2023-12-31,nonnegative_low,3472,3477
rolling5_annual20,3216,2024-04-26,2024-05-13,0.0172434956786644,2024,2023-12-31,learned_market,20260912,0.44046614548943686,0.44046614548943686,0,1,-0.23927044674179465,0.44046614548943686,2024-03-31,2023-12-31,nonnegative_low,3477,3484
rolling5_annual20,3223,2024-05-10,2024-05-20,0.0097933549988344,2024,2023-12-31,learned_market,20260912,0.26259823398744064,0.26259823398744064,0,1,-1.0325076439740775,0.26259823398744064,2024-03-31,2023-12-31,nonnegative_low,3484,3489
rolling5_annual20,3228,2024-05-17,2024-05-27,-0.0204803832637164,2024,2023-12-31,learned_market,20260912,0.25562213134474004,0.25562213134474004,0,0,-1.068848489268315,0.25562213134474004,2024-03-31,2023-12-31,nonnegative_low,3489,3494
rolling5_annual20,3233,2024-05-24,2024-06-03,-0.0081155643048258,2024,2023-12-31,learned_market,20260912,0.29490360620746897,0.29490360620746897,0,0,-0.8716859779256316,0.29490360620746897,2024-03-31,2023-12-31,nonnegative_low,3494,3499
rolling5_annual20,3238,2024-05-31,2024-06-11,-0.0060267570121149,2024,2023-12-31,learned_market,20260912,0.3110520233043453,0.3110520233043453,0,0,-0.7952055869455816,0.3110520233043453,2024-03-31,2023-12-31,nonnegative_low,3499,3504
rolling5_annual20,3243,2024-06-07,2024-06-17,-0.0096686558937179,2024,2023-12-31,learned_market,20260912,0.3842886357568022,0.3842886357568022,0,0,-0.4713843633297938,0.3842886357568022,2024-03-31,2023-12-31,nonnegative_low,3504,3508
rolling5_annual20,3247,2024-06-14,2024-06-24,-0.013573992457631,2024,2023-12-31,learned_market,20260912,0.4060511684917983,0.4060511684917983,0,0,-0.38031399098160557,0.4060511684917983,2024-03-31,2023-12-31,negative_low,3508,3513
rolling5_annual20,3252,2024-06-21,2024-07-01,-0.004427632109257,2024,2023-12-31,learned_market,20260912,0.44936005072663476,0.44936005072663476,0,0,-0.20325668485648185,0.44936005072663476,2024-03-31,2023-12-31,negative_low,3513,3518
rolling5_annual20,3257,2024-06-28,2024-07-08,-0.0108320369203009,2024,2023-12-31,learned_market,20260912,0.43297494254632307,0.43297494254632307,0,0,-0.2697236388713019,0.43297494254632307,2024-03-31,2023-12-31,negative_low,3518,3523
rolling5_annual20,3262,2024-07-05,2024-07-15,0.0122222871842843,2024,2023-12-31,learned_market,20260912,0.6034793238713074,0.6034793238713074,1,1,0.4199835932684759,0.6034793238713074,2024-06-30,2023-12-31,negative_low,3523,3528
rolling5_annual20,3267,2024-07-12,2024-07-22,0.0218881133018156,2024,2023-12-31,learned_market,20260912,0.5610794385801106,0.5610794385801106,1,1,0.24554405402952428,0.5610794385801106,2024-06-30,2023-12-31,negative_low,3528,3533
rolling5_annual20,3272,2024-07-19,2024-07-29,-0.0378787022382998,2024,2023-12-31,learned_market,20260912,0.47508444844981573,0.47508444844981573,0,0,-0.09974482102039141,0.47508444844981573,2024-06-30,2023-12-31,nonnegative_low,3533,3538
rolling5_annual20,3277,2024-07-26,2024-08-05,-0.0124134568216732,2024,2023-12-31,learned_market,20260912,0.6067866221715498,0.6067866221715498,1,0,0.4338247900554465,0.6067866221715498,2024-06-30,2023-12-31,negative_low,3538,3543
rolling5_annual20,3282,2024-08-02,2024-08-12,-0.0102762848330364,2024,2023-12-31,learned_market,20260912,0.5988840805331399,0.5988840805331399,1,0,0.4008175962308398,0.5988840805331399,2024-06-30,2023-12-31,negative_low,3543,3548
rolling5_annual20,3287,2024-08-09,2024-08-19,0.0050186923751938,2024,2023-12-31,learned_market,20260912,0.49990964765168316,0.49990964765168316,0,1,-0.00036140939720100823,0.49990964765168316,2024-06-30,2023-12-31,negative_low,3548,3553
rolling5_annual20,3292,2024-08-16,2024-08-26,-0.0040487282687352,2024,2023-12-31,learned_market,20260912,0.386114932843502,0.386114932843502,0,0,-0.4636726449582915,0.386114932843502,2024-06-30,2023-12-31,negative_low,3553,3558
rolling5_annual20,3297,2024-08-23,2024-09-02,-0.0069594562136714,2024,2023-12-31,learned_market,20260912,0.29793160550776904,0.29793160550776904,0,0,-0.8571668788869542,0.29793160550776904,2024-06-30,2023-12-31,negative_low,3558,3563
rolling5_annual20,3302,2024-08-30,2024-09-09,-0.0280389655151561,2024,2023-12-31,learned_market,20260912,0.3333966760605091,0.3333966760605091,0,0,-0.6928621518265976,0.3333966760605091,2024-06-30,2023-12-31,negative_low,3563,3568
rolling5_annual20,3307,2024-09-06,2024-09-18,-0.0174132138857783,2024,2023-12-31,learned_market,20260912,0.4055616172512009,0.4055616172512009,0,0,-0.38234424948141527,0.4055616172512009,2024-06-30,2023-12-31,negative_low,3568,3573
rolling5_annual20,3312,2024-09-13,2024-09-24,0.0133119329369826,2024,2023-12-31,learned_market,20260912,0.38664422840881285,0.38664422840881285,0,1,-0.46144018161051675,0.38664422840881285,2024-06-30,2023-12-31,negative_low,3573,3576
rolling5_annual20,3315,2024-09-20,2024-09-30,0.2017513988384409,2024,2023-12-31,learned_market,20260912,0.4117180714207147,0.4117180714207147,0,1,-0.35686748091610343,0.4117180714207147,2024-06-30,2023-12-31,negative_low,3576,3581
rolling5_annual20,3320,2024-09-27,2024-10-14,0.0178259004588408,2024,2023-12-31,learned_market,20260912,0.42243022170956096,0.42243022170956096,0,1,-0.3128049858648553,0.42243022170956096,2024-06-30,2023-12-31,nonnegative_high,3581,3586
rolling5_annual20,3325,2024-10-11,2024-10-21,0.0080914993282625,2024,2023-12-31,learned_market,20260912,0.6391238419546599,0.6391238419546599,1,1,0.5715633945045133,0.6391238419546599,2024-09-30,2023-12-31,nonnegative_high,3586,3591
rolling5_annual20,3330,2024-10-18,2024-10-28,0.0015733867085561,2024,2023-12-31,learned_market,20260912,0.7479133612500116,0.7479133612500116,1,1,1.0875143110724985,0.7479133612500116,2024-09-30,2023-12-31,nonnegative_high,3591,3596
rolling5_annual20,3335,2024-10-25,2024-11-04,-0.0140142824257356,2024,2023-12-31,learned_market,20260912,0.7047213785907145,0.7047213785907145,1,0,0.8698831270710441,0.7047213785907145,2024-09-30,2023-12-31,nonnegative_high,3596,3601
rolling5_annual20,3340,2024-11-01,2024-11-11,0.0434152361258277,2024,2023-12-31,learned_market,20260912,0.7564382143782475,0.7564382143782475,1,1,1.1332502068407324,0.7564382143782475,2024-09-30,2023-12-31,nonnegative_high,3601,3606
rolling5_annual20,3345,2024-11-08,2024-11-18,-0.0208584853931589,2024,2023-12-31,learned_market,20260912,0.6534693612294474,0.6534693612294474,1,0,0.6343244095469777,0.6534693612294474,2024-09-30,2023-12-31,nonnegative_high,3606,3611
rolling5_annual20,3350,2024-11-15,2024-11-25,-0.0267421712161923,2024,2023-12-31,learned_market,20260912,0.6053975436260323,0.6053975436260323,1,0,0.4280065205985488,0.6053975436260323,2024-09-30,2023-12-31,nonnegative_high,3611,3616
rolling5_annual20,3355,2024-11-22,2024-12-02,0.0087960346887328,2024,2023-12-31,learned_market,20260912,0.6365936876664182,0.6365936876664182,1,1,0.5606100730812668,0.6365936876664182,2024-09-30,2023-12-31,nonnegative_high,3616,3621
rolling5_annual20,3360,2024-11-29,2024-12-09,0.0155919891551781,2024,2023-12-31,learned_market,20260912,0.5579955410836633,0.5579955410836633,1,1,0.233031001387067,0.5579955410836633,2024-09-30,2023-12-31,nonnegative_high,3621,3626
rolling5_annual20,3365,2024-12-06,2024-12-16,-0.0100436703218104,2024,2023-12-31,learned_market,20260912,0.541404145848568,0.541404145848568,1,0,0.16599670464015237,0.541404145848568,2024-09-30,2023-12-31,nonnegative_high,3626,3631
rolling5_annual20,3370,2024-12-13,2024-12-23,-0.0006690784017421,2024,2023-12-31,learned_market,20260912,0.39882455300182545,0.39882455300182545,0,0,-0.41036521365643175,0.39882455300182545,2024-09-30,2023-12-31,nonnegative_high,3631,3636
rolling5_annual20,3375,2024-12-20,2024-12-30,0.0123595076562756,2024,2023-12-31,learned_market,20260912,0.3151494536061462,0.3151494536061462,0,1,-0.7761536518109278,0.3151494536061462,2024-09-30,2023-12-31,nonnegative_low,3636,3641
rolling5_annual20,3380,2024-12-27,2025-01-06,-0.0504714964669198,2024,2023-12-31,learned_market,20260912,0.28110990925447626,0.28110990925447626,0,0,-0.9389627529857589,0.28110990925447626,2024-09-30,2023-12-31,nonnegative_low,3641,3645
rolling5_annual20,3144,2024-01-05,2024-01-15,-0.0158038409563566,2024,2023-12-31,learned_vol_interaction,20260912,0.4952442890139834,0.4952442890139834,0,0,-0.019023417622685238,0.4952442890139834,2023-12-31,2023-12-31,negative_low,3405,3410
rolling5_annual20,3149,2024-01-12,2024-01-22,-0.002333261979756,2024,2023-12-31,learned_vol_interaction,20260912,0.46734394081550534,0.46734394081550534,0,0,-0.1308104469761406,0.46734394081550534,2023-12-31,2023-12-31,negative_low,3410,3415
rolling5_annual20,3154,2024-01-19,2024-01-29,0.0223511633823452,2024,2023-12-31,learned_vol_interaction,20260912,0.4458542659590224,0.4458542659590224,0,1,-0.217435569305693,0.4458542659590224,2023-12-31,2023-12-31,negative_low,3415,3420
rolling5_annual20,3159,2024-01-26,2024-02-05,-0.0513103415192826,2024,2023-12-31,learned_vol_interaction,20260912,0.5051200250772759,0.5051200250772759,1,0,0.020480816192545367,0.5051200250772759,2023-12-31,2023-12-31,negative_high,3420,3425
rolling5_annual20,3164,2024-02-02,2024-02-26,0.1015374891364462,2024,2023-12-31,learned_vol_interaction,20260912,0.5544379606615297,0.5544379606615297,1,1,0.2186184221535815,0.5544379606615297,2023-12-31,2023-12-31,negative_high,3425,3434
rolling5_annual20,3173,2024-02-23,2024-03-04,0.0151569053862528,2024,2023-12-31,learned_vol_interaction,20260912,0.4830624305901862,0.4830624305901862,0,1,-0.06777621054325303,0.4830624305901862,2023-12-31,2023-12-31,negative_high,3434,3439
rolling5_annual20,3178,2024-03-01,2024-03-11,0.0021394031715169,2024,2023-12-31,learned_vol_interaction,20260912,0.5592748903954966,0.5592748903954966,1,1,0.23821975925875793,0.5592748903954966,2023-12-31,2023-12-31,nonnegative_high,3439,3444
rolling5_annual20,3183,2024-03-08,2024-03-18,0.0087762342284414,2024,2023-12-31,learned_vol_interaction,20260912,0.5740363843191351,0.5740363843191351,1,1,0.29833884820429213,0.5740363843191351,2023-12-31,2023-12-31,nonnegative_high,3444,3449
rolling5_annual20,3188,2024-03-15,2024-03-25,-0.0112802133595746,2024,2023-12-31,learned_vol_interaction,20260912,0.4809004633653104,0.4809004633653104,0,0,-0.07643533837979358,0.4809004633653104,2023-12-31,2023-12-31,nonnegative_low,3449,3454
rolling5_annual20,3193,2024-03-22,2024-04-01,0.0042044725182444,2024,2023-12-31,learned_vol_interaction,20260912,0.5933081539859947,0.5933081539859947,1,1,0.37765815304495404,0.5933081539859947,2023-12-31,2023-12-31,nonnegative_low,3454,3459
rolling5_annual20,3198,2024-03-29,2024-04-15,-0.0219845815102011,2024,2023-12-31,learned_vol_interaction,20260912,0.5653073701837698,0.5653073701837698,1,0,0.2627304180396912,0.5653073701837698,2023-12-31,2023-12-31,nonnegative_low,3459,3467
rolling5_annual20,3206,2024-04-12,2024-04-22,0.018045199366633,2024,2023-12-31,learned_vol_interaction,20260912,0.6033137229015121,0.6033137229015121,1,1,0.41929159730649584,0.6033137229015121,2024-03-31,2023-12-31,nonnegative_low,3467,3472
rolling5_annual20,3211,2024-04-19,2024-04-29,0.0136757744232476,2024,2023-12-31,learned_vol_interaction,20260912,0.6013392386798665,0.6013392386798665,1,1,0.4110483993366856,0.6013392386798665,2024-03-31,2023-12-31,nonnegative_low,3472,3477
rolling5_annual20,3216,2024-04-26,2024-05-13,0.0172434956786644,2024,2023-12-31,learned_vol_interaction,20260912,0.43642493305163865,0.43642493305163865,0,1,-0.2556841543233977,0.43642493305163865,2024-03-31,2023-12-31,nonnegative_low,3477,3484
rolling5_annual20,3223,2024-05-10,2024-05-20,0.0097933549988344,2024,2023-12-31,learned_vol_interaction,20260912,0.26616465038111153,0.26616465038111153,0,1,-1.0141695804470647,0.26616465038111153,2024-03-31,2023-12-31,nonnegative_low,3484,3489
rolling5_annual20,3228,2024-05-17,2024-05-27,-0.0204803832637164,2024,2023-12-31,learned_vol_interaction,20260912,0.2488786215709529,0.2488786215709529,0,0,-1.104601947068245,0.2488786215709529,2024-03-31,2023-12-31,nonnegative_low,3489,3494
rolling5_annual20,3233,2024-05-24,2024-06-03,-0.0081155643048258,2024,2023-12-31,learned_vol_interaction,20260912,0.28744477926146755,0.28744477926146755,0,0,-0.9078266422753778,0.28744477926146755,2024-03-31,2023-12-31,nonnegative_low,3494,3499
rolling5_annual20,3238,2024-05-31,2024-06-11,-0.0060267570121149,2024,2023-12-31,learned_vol_interaction,20260912,0.3030632705456588,0.3030632705456588,0,0,-0.8327530337155152,0.3030632705456588,2024-03-31,2023-12-31,nonnegative_low,3499,3504
rolling5_annual20,3243,2024-06-07,2024-06-17,-0.0096686558937179,2024,2023-12-31,learned_vol_interaction,20260912,0.3753543443366508,0.3753543443366508,0,0,-0.5093140399730265,0.3753543443366508,2024-03-31,2023-12-31,nonnegative_low,3504,3508
rolling5_annual20,3247,2024-06-14,2024-06-24,-0.013573992457631,2024,2023-12-31,learned_vol_interaction,20260912,0.397914021804278,0.397914021804278,0,0,-0.4141642997038592,0.397914021804278,2024-03-31,2023-12-31,negative_low,3508,3513
rolling5_annual20,3252,2024-06-21,2024-07-01,-0.004427632109257,2024,2023-12-31,learned_vol_interaction,20260912,0.45060839168891526,0.45060839168891526,0,0,-0.19821284807429548,0.45060839168891526,2024-03-31,2023-12-31,negative_low,3513,3518
rolling5_annual20,3257,2024-06-28,2024-07-08,-0.0108320369203009,2024,2023-12-31,learned_vol_interaction,20260912,0.42556707786565773,0.42556707786565773,0,0,-0.2999607513885775,0.42556707786565773,2024-03-31,2023-12-31,negative_low,3518,3523
rolling5_annual20,3262,2024-07-05,2024-07-15,0.0122222871842843,2024,2023-12-31,learned_vol_interaction,20260912,0.6195668960408595,0.6195668960408595,1,1,0.48771032820074234,0.6195668960408595,2024-06-30,2023-12-31,negative_low,3523,3528
rolling5_annual20,3267,2024-07-12,2024-07-22,0.0218881133018156,2024,2023-12-31,learned_vol_interaction,20260912,0.5647279382660869,0.5647279382660869,1,1,0.26037282512051946,0.5647279382660869,2024-06-30,2023-12-31,negative_low,3528,3533
rolling5_annual20,3272,2024-07-19,2024-07-29,-0.0378787022382998,2024,2023-12-31,learned_vol_interaction,20260912,0.4675814127015745,0.4675814127015745,0,0,-0.1298565198090813,0.4675814127015745,2024-06-30,2023-12-31,nonnegative_low,3533,3538
rolling5_annual20,3277,2024-07-26,2024-08-05,-0.0124134568216732,2024,2023-12-31,learned_vol_interaction,20260912,0.6123160507995845,0.6123160507995845,1,0,0.4570581283176988,0.6123160507995845,2024-06-30,2023-12-31,negative_low,3538,3543
rolling5_annual20,3282,2024-08-02,2024-08-12,-0.0102762848330364,2024,2023-12-31,learned_vol_interaction,20260912,0.5993027434239192,0.5993027434239192,1,0,0.4025607141271517,0.5993027434239192,2024-06-30,2023-12-31,negative_low,3543,3548
rolling5_annual20,3287,2024-08-09,2024-08-19,0.0050186923751938,2024,2023-12-31,learned_vol_interaction,20260912,0.49286935350004685,0.49286935350004685,0,1,-0.02852451991957093,0.49286935350004685,2024-06-30,2023-12-31,negative_low,3548,3553
rolling5_annual20,3292,2024-08-16,2024-08-26,-0.0040487282687352,2024,2023-12-31,learned_vol_interaction,20260912,0.37415507577043683,0.37415507577043683,0,0,-0.5144322629662296,0.37415507577043683,2024-06-30,2023-12-31,negative_low,3553,3558
rolling5_annual20,3297,2024-08-23,2024-09-02,-0.0069594562136714,2024,2023-12-31,learned_vol_interaction,20260912,0.2775486555086619,0.2775486555086619,0,0,-0.956653821470919,0.2775486555086619,2024-06-30,2023-12-31,negative_low,3558,3563
rolling5_annual20,3302,2024-08-30,2024-09-09,-0.0280389655151561,2024,2023-12-31,learned_vol_interaction,20260912,0.3043107501623469,0.3043107501623469,0,0,-0.8268536967217927,0.3043107501623469,2024-06-30,2023-12-31,negative_low,3563,3568
rolling5_annual20,3307,2024-09-06,2024-09-18,-0.0174132138857783,2024,2023-12-31,learned_vol_interaction,20260912,0.391111048873372,0.391111048873372,0,0,-0.44264437269577384,0.391111048873372,2024-06-30,2023-12-31,negative_low,3568,3573
rolling5_annual20,3312,2024-09-13,2024-09-24,0.0133119329369826,2024,2023-12-31,learned_vol_interaction,20260912,0.36688921505206057,0.36688921505206057,0,1,-0.5455854864056614,0.36688921505206057,2024-06-30,2023-12-31,negative_low,3573,3576
rolling5_annual20,3315,2024-09-20,2024-09-30,0.2017513988384409,2024,2023-12-31,learned_vol_interaction,20260912,0.3927215894593369,0.3927215894593369,0,1,-0.43588641531229383,0.3927215894593369,2024-06-30,2023-12-31,negative_low,3576,3581
rolling5_annual20,3320,2024-09-27,2024-10-14,0.0178259004588408,2024,2023-12-31,learned_vol_interaction,20260912,0.4442843434187072,0.4442843434187072,0,1,-0.22379198384947574,0.4442843434187072,2024-06-30,2023-12-31,nonnegative_high,3581,3586
rolling5_annual20,3325,2024-10-11,2024-10-21,0.0080914993282625,2024,2023-12-31,learned_vol_interaction,20260912,0.6154592441744525,0.6154592441744525,1,1,0.47031894735716695,0.6154592441744525,2024-09-30,2023-12-31,nonnegative_high,3586,3591
rolling5_annual20,3330,2024-10-18,2024-10-28,0.0015733867085561,2024,2023-12-31,learned_vol_interaction,20260912,0.6984112732542341,0.6984112732542341,1,1,0.8397438886676685,0.6984112732542341,2024-09-30,2023-12-31,nonnegative_high,3591,3596
rolling5_annual20,3335,2024-10-25,2024-11-04,-0.0140142824257356,2024,2023-12-31,learned_vol_interaction,20260912,0.6614014700577392,0.6614014700577392,1,0,0.6695458950774321,0.6614014700577392,2024-09-30,2023-12-31,nonnegative_high,3596,3601
rolling5_annual20,3340,2024-11-01,2024-11-11,0.0434152361258277,2024,2023-12-31,learned_vol_interaction,20260912,0.6960317071765945,0.6960317071765945,1,1,0.8284718195413758,0.6960317071765945,2024-09-30,2023-12-31,nonnegative_high,3601,3606
rolling5_annual20,3345,2024-11-08,2024-11-18,-0.0208584853931589,2024,2023-12-31,learned_vol_interaction,20260912,0.627992228455405,0.627992228455405,1,0,0.5236130460167774,0.627992228455405,2024-09-30,2023-12-31,nonnegative_high,3606,3611
rolling5_annual20,3350,2024-11-15,2024-11-25,-0.0267421712161923,2024,2023-12-31,learned_vol_interaction,20260912,0.600402896142829,0.600402896142829,1,0,0.40714412429313834,0.600402896142829,2024-09-30,2023-12-31,nonnegative_high,3611,3616
rolling5_annual20,3355,2024-11-22,2024-12-02,0.0087960346887328,2024,2023-12-31,learned_vol_interaction,20260912,0.6257055825822537,0.6257055825822537,1,1,0.5138372450310018,0.6257055825822537,2024-09-30,2023-12-31,nonnegative_high,3616,3621
rolling5_annual20,3360,2024-11-29,2024-12-09,0.0155919891551781,2024,2023-12-31,learned_vol_interaction,20260912,0.5403979506938085,0.5403979506938085,1,1,0.1619448090210104,0.5403979506938085,2024-09-30,2023-12-31,nonnegative_high,3621,3626
rolling5_annual20,3365,2024-12-06,2024-12-16,-0.0100436703218104,2024,2023-12-31,learned_vol_interaction,20260912,0.5359614220710596,0.5359614220710596,1,0,0.14409449387416712,0.5359614220710596,2024-09-30,2023-12-31,nonnegative_high,3626,3631
rolling5_annual20,3370,2024-12-13,2024-12-23,-0.0006690784017421,2024,2023-12-31,learned_vol_interaction,20260912,0.4004266447398538,0.4004266447398538,0,0,-0.40368773718493883,0.4004266447398538,2024-09-30,2023-12-31,nonnegative_high,3631,3636
rolling5_annual20,3375,2024-12-20,2024-12-30,0.0123595076562756,2024,2023-12-31,learned_vol_interaction,20260912,0.3173047617142704,0.3173047617142704,0,1,-0.7661858441180673,0.3173047617142704,2024-09-30,2023-12-31,nonnegative_low,3636,3641
rolling5_annual20,3380,2024-12-27,2025-01-06,-0.0504714964669198,2024,2023-12-31,learned_vol_interaction,20260912,0.27582764169478674,0.27582764169478674,0,0,-0.9652532439793898,0.27582764169478674,2024-09-30,2023-12-31,nonnegative_low,3641,3645
rolling5_annual20,3144,2024-01-05,2024-01-15,-0.0158038409563566,2024,2023-12-31,learned_order_extension,20260912,0.5535119994762409,0.5535119994762409,1,0,0.21487090575566226,0.5535119994762409,2023-12-31,2023-12-31,negative_low,3405,3410
rolling5_annual20,3149,2024-01-12,2024-01-22,-0.002333261979756,2024,2023-12-31,learned_order_extension,20260912,0.48736548091739423,0.48736548091739423,0,0,-0.050548837049744444,0.48736548091739423,2023-12-31,2023-12-31,negative_low,3410,3415
rolling5_annual20,3154,2024-01-19,2024-01-29,0.0223511633823452,2024,2023-12-31,learned_order_extension,20260912,0.4215435053964147,0.4215435053964147,0,1,-0.3164403522436444,0.4215435053964147,2023-12-31,2023-12-31,negative_low,3415,3420
rolling5_annual20,3159,2024-01-26,2024-02-05,-0.0513103415192826,2024,2023-12-31,learned_order_extension,20260912,0.48649269504735876,0.48649269504735876,0,0,-0.05404236888144512,0.48649269504735876,2023-12-31,2023-12-31,negative_high,3420,3425
rolling5_annual20,3164,2024-02-02,2024-02-26,0.1015374891364462,2024,2023-12-31,learned_order_extension,20260912,0.5496050819275686,0.5496050819275686,1,1,0.19907519383958056,0.5496050819275686,2023-12-31,2023-12-31,negative_high,3425,3434
rolling5_annual20,3173,2024-02-23,2024-03-04,0.0151569053862528,2024,2023-12-31,learned_order_extension,20260912,0.4386082807089806,0.4386082807089806,0,1,-0.2468121980429359,0.4386082807089806,2023-12-31,2023-12-31,negative_high,3434,3439
rolling5_annual20,3178,2024-03-01,2024-03-11,0.0021394031715169,2024,2023-12-31,learned_order_extension,20260912,0.46924981751922445,0.46924981751922445,0,1,-0.12315615781109907,0.46924981751922445,2023-12-31,2023-12-31,nonnegative_high,3439,3444
rolling5_annual20,3183,2024-03-08,2024-03-18,0.0087762342284414,2024,2023-12-31,learned_order_extension,20260912,0.4701956287186797,0.4701956287186797,0,1,-0.11935898819783128,0.4701956287186797,2023-12-31,2023-12-31,nonnegative_high,3444,3449
rolling5_annual20,3188,2024-03-15,2024-03-25,-0.0112802133595746,2024,2023-12-31,learned_order_extension,20260912,0.41374971985365583,0.41374971985365583,0,0,-0.3484855480217611,0.41374971985365583,2023-12-31,2023-12-31,nonnegative_low,3449,3454
rolling5_annual20,3193,2024-03-22,2024-04-01,0.0042044725182444,2024,2023-12-31,learned_order_extension,20260912,0.4779698312307604,0.4779698312307604,0,1,-0.0881777648700357,0.4779698312307604,2023-12-31,2023-12-31,nonnegative_low,3454,3459
rolling5_annual20,3198,2024-03-29,2024-04-15,-0.0219845815102011,2024,2023-12-31,learned_order_extension,20260912,0.47494867441409877,0.47494867441409877,0,0,-0.10028927650254882,0.47494867441409877,2023-12-31,2023-12-31,nonnegative_low,3459,3467
rolling5_annual20,3206,2024-04-12,2024-04-22,0.018045199366633,2024,2023-12-31,learned_order_extension,20260912,0.4521631675666491,0.4521631675666491,0,1,-0.19193438669469431,0.4521631675666491,2024-03-31,2023-12-31,nonnegative_low,3467,3472
rolling5_annual20,3211,2024-04-19,2024-04-29,0.0136757744232476,2024,2023-12-31,learned_order_extension,20260912,0.46878386183965415,0.46878386183965415,0,1,-0.1250271650068827,0.46878386183965415,2024-03-31,2023-12-31,nonnegative_low,3472,3477
rolling5_annual20,3216,2024-04-26,2024-05-13,0.0172434956786644,2024,2023-12-31,learned_order_extension,20260912,0.43436499150897173,0.43436499150897173,0,1,-0.26406383394423655,0.43436499150897173,2024-03-31,2023-12-31,nonnegative_low,3477,3484
rolling5_annual20,3223,2024-05-10,2024-05-20,0.0097933549988344,2024,2023-12-31,learned_order_extension,20260912,0.38174358105162726,0.38174358105162726,0,1,-0.4821541593721332,0.38174358105162726,2024-03-31,2023-12-31,nonnegative_low,3484,3489
rolling5_annual20,3228,2024-05-17,2024-05-27,-0.0204803832637164,2024,2023-12-31,learned_order_extension,20260912,0.35464216087181455,0.35464216087181455,0,0,-0.5986956687430298,0.35464216087181455,2024-03-31,2023-12-31,nonnegative_low,3489,3494
rolling5_annual20,3233,2024-05-24,2024-06-03,-0.0081155643048258,2024,2023-12-31,learned_order_extension,20260912,0.3707564745857874,0.3707564745857874,0,0,-0.5289729002458282,0.3707564745857874,2024-03-31,2023-12-31,nonnegative_low,3494,3499
rolling5_annual20,3238,2024-05-31,2024-06-11,-0.0060267570121149,2024,2023-12-31,learned_order_extension,20260912,0.3486366599267159,0.3486366599267159,0,0,-0.6250373217291627,0.3486366599267159,2024-03-31,2023-12-31,nonnegative_low,3499,3504
rolling5_annual20,3243,2024-06-07,2024-06-17,-0.0096686558937179,2024,2023-12-31,learned_order_extension,20260912,0.40347652723788147,0.40347652723788147,0,0,-0.3910002784549673,0.40347652723788147,2024-03-31,2023-12-31,nonnegative_low,3504,3508
rolling5_annual20,3247,2024-06-14,2024-06-24,-0.013573992457631,2024,2023-12-31,learned_order_extension,20260912,0.4129717305667233,0.4129717305667233,0,0,-0.3516938362120013,0.4129717305667233,2024-03-31,2023-12-31,negative_low,3508,3513
rolling5_annual20,3252,2024-06-21,2024-07-01,-0.004427632109257,2024,2023-12-31,learned_order_extension,20260912,0.4595021392734005,0.4595021392734005,0,0,-0.16234708167904552,0.4595021392734005,2024-03-31,2023-12-31,negative_low,3513,3518
rolling5_annual20,3257,2024-06-28,2024-07-08,-0.0108320369203009,2024,2023-12-31,learned_order_extension,20260912,0.4553896778333283,0.4553896778333283,0,0,-0.17891704650789914,0.4553896778333283,2024-03-31,2023-12-31,negative_low,3518,3523
rolling5_annual20,3262,2024-07-05,2024-07-15,0.0122222871842843,2024,2023-12-31,learned_order_extension,20260912,0.6482583591356186,0.6482583591356186,1,1,0.6113923879717784,0.6482583591356186,2024-06-30,2023-12-31,negative_low,3523,3528
rolling5_annual20,3267,2024-07-12,2024-07-22,0.0218881133018156,2024,2023-12-31,learned_order_extension,20260912,0.5768939392068954,0.5768939392068954,1,1,0.3100355530596616,0.5768939392068954,2024-06-30,2023-12-31,negative_low,3528,3533
rolling5_annual20,3272,2024-07-19,2024-07-29,-0.0378787022382998,2024,2023-12-31,learned_order_extension,20260912,0.5138214723605654,0.5138214723605654,1,0,0.055299977815052026,0.5138214723605654,2024-06-30,2023-12-31,nonnegative_low,3533,3538
rolling5_annual20,3277,2024-07-26,2024-08-05,-0.0124134568216732,2024,2023-12-31,learned_order_extension,20260912,0.6251892673443031,0.6251892673443031,1,0,0.5116332460023859,0.6251892673443031,2024-06-30,2023-12-31,negative_low,3538,3543
rolling5_annual20,3282,2024-08-02,2024-08-12,-0.0102762848330364,2024,2023-12-31,learned_order_extension,20260912,0.6275315784950272,0.6275315784950272,1,0,0.5216417342918178,0.6275315784950272,2024-06-30,2023-12-31,negative_low,3543,3548
rolling5_annual20,3287,2024-08-09,2024-08-19,0.0050186923751938,2024,2023-12-31,learned_order_extension,20260912,0.5359642347219611,0.5359642347219611,1,1,0.1441058029831883,0.5359642347219611,2024-06-30,2023-12-31,negative_low,3548,3553
rolling5_annual20,3292,2024-08-16,2024-08-26,-0.0040487282687352,2024,2023-12-31,learned_order_extension,20260912,0.42012358052309684,0.42012358052309684,0,0,-0.322266103632232,0.42012358052309684,2024-06-30,2023-12-31,negative_low,3553,3558
rolling5_annual20,3297,2024-08-23,2024-09-02,-0.0069594562136714,2024,2023-12-31,learned_order_extension,20260912,0.382715542188067,0.382715542188067,0,0,-0.47803794784940656,0.382715542188067,2024-06-30,2023-12-31,negative_low,3558,3563
rolling5_annual20,3302,2024-08-30,2024-09-09,-0.0280389655151561,2024,2023-12-31,learned_order_extension,20260912,0.4020856235184914,0.4020856235184914,0,0,-0.3967825007915077,0.4020856235184914,2024-06-30,2023-12-31,negative_low,3563,3568
rolling5_annual20,3307,2024-09-06,2024-09-18,-0.0174132138857783,2024,2023-12-31,learned_order_extension,20260912,0.4515132387885508,0.4515132387885508,0,0,-0.1945584488549738,0.4515132387885508,2024-06-30,2023-12-31,negative_low,3568,3573
rolling5_annual20,3312,2024-09-13,2024-09-24,0.0133119329369826,2024,2023-12-31,learned_order_extension,20260912,0.41574811043305754,0.41574811043305754,0,1,-0.340252634485942,0.41574811043305754,2024-06-30,2023-12-31,negative_low,3573,3576
rolling5_annual20,3315,2024-09-20,2024-09-30,0.2017513988384409,2024,2023-12-31,learned_order_extension,20260912,0.4804948585987177,0.4804948585987177,0,1,-0.0780601790702723,0.4804948585987177,2024-06-30,2023-12-31,negative_low,3576,3581
rolling5_annual20,3320,2024-09-27,2024-10-14,0.0178259004588408,2024,2023-12-31,learned_order_extension,20260912,0.576228156163883,0.576228156163883,1,1,0.3073084804765642,0.576228156163883,2024-06-30,2023-12-31,nonnegative_high,3581,3586
rolling5_annual20,3325,2024-10-11,2024-10-21,0.0080914993282625,2024,2023-12-31,learned_order_extension,20260912,0.5860467122529138,0.5860467122529138,1,1,0.34764636421163375,0.5860467122529138,2024-09-30,2023-12-31,nonnegative_high,3586,3591
rolling5_annual20,3330,2024-10-18,2024-10-28,0.0015733867085561,2024,2023-12-31,learned_order_extension,20260912,0.612479916640697,0.612479916640697,1,1,0.45774847724887624,0.612479916640697,2024-09-30,2023-12-31,nonnegative_high,3591,3596
rolling5_annual20,3335,2024-10-25,2024-11-04,-0.0140142824257356,2024,2023-12-31,learned_order_extension,20260912,0.5803945500365179,0.5803945500365179,1,0,0.32439326604175855,0.5803945500365179,2024-09-30,2023-12-31,nonnegative_high,3596,3601
rolling5_annual20,3340,2024-11-01,2024-11-11,0.0434152361258277,2024,2023-12-31,learned_order_extension,20260912,0.5735861212793831,0.5735861212793831,1,1,0.2964976722594538,0.5735861212793831,2024-09-30,2023-12-31,nonnegative_high,3601,3606
rolling5_annual20,3345,2024-11-08,2024-11-18,-0.0208584853931589,2024,2023-12-31,learned_order_extension,20260912,0.5817441245707554,0.5817441245707554,1,0,0.32993731513645524,0.5817441245707554,2024-09-30,2023-12-31,nonnegative_high,3606,3611
rolling5_annual20,3350,2024-11-15,2024-11-25,-0.0267421712161923,2024,2023-12-31,learned_order_extension,20260912,0.566996458597694,0.566996458597694,1,0,0.26960715112154365,0.566996458597694,2024-09-30,2023-12-31,nonnegative_high,3611,3616
rolling5_annual20,3355,2024-11-22,2024-12-02,0.0087960346887328,2024,2023-12-31,learned_order_extension,20260912,0.6308649379708478,0.6308649379708478,1,1,0.5359291963801027,0.6308649379708478,2024-09-30,2023-12-31,nonnegative_high,3616,3621
rolling5_annual20,3360,2024-11-29,2024-12-09,0.0155919891551781,2024,2023-12-31,learned_order_extension,20260912,0.5481166154807285,0.5481166154807285,1,1,0.19306391858738742,0.5481166154807285,2024-09-30,2023-12-31,nonnegative_high,3621,3626
rolling5_annual20,3365,2024-12-06,2024-12-16,-0.0100436703218104,2024,2023-12-31,learned_order_extension,20260912,0.5160872470925407,0.5160872470925407,1,0,0.0643712068217479,0.5160872470925407,2024-09-30,2023-12-31,nonnegative_high,3626,3631
rolling5_annual20,3370,2024-12-13,2024-12-23,-0.0006690784017421,2024,2023-12-31,learned_order_extension,20260912,0.3979505994458215,0.3979505994458215,0,0,-0.4140116270780088,0.3979505994458215,2024-09-30,2023-12-31,nonnegative_high,3631,3636
rolling5_annual20,3375,2024-12-20,2024-12-30,0.0123595076562756,2024,2023-12-31,learned_order_extension,20260912,0.2883934543425278,0.2883934543425278,0,1,-0.9031994455574761,0.2883934543425278,2024-09-30,2023-12-31,nonnegative_low,3636,3641
rolling5_annual20,3380,2024-12-27,2025-01-06,-0.0504714964669198,2024,2023-12-31,learned_order_extension,20260912,0.2139925614407288,0.2139925614407288,0,0,-1.3010250014053324,0.2139925614407288,2024-09-30,2023-12-31,nonnegative_low,3641,3645
rolling5_annual20,3144,2024-01-05,2024-01-15,-0.0158038409563566,2024,2023-12-31,learned_order_offset,20260912,0.555524023910941,0.555524023910941,1,0,0.22301584905934624,0.555524023910941,2023-12-31,2023-12-31,negative_low,3405,3410
rolling5_annual20,3149,2024-01-12,2024-01-22,-0.002333261979756,2024,2023-12-31,learned_order_offset,20260912,0.4886344435127239,0.4886344435127239,0,0,-0.04547005854123504,0.4886344435127239,2023-12-31,2023-12-31,negative_low,3410,3415
rolling5_annual20,3154,2024-01-19,2024-01-29,0.0223511633823452,2024,2023-12-31,learned_order_offset,20260912,0.4229445653552536,0.4229445653552536,0,1,-0.3106972165122935,0.4229445653552536,2023-12-31,2023-12-31,negative_low,3415,3420
rolling5_annual20,3159,2024-01-26,2024-02-05,-0.0513103415192826,2024,2023-12-31,learned_order_offset,20260912,0.4868819752675603,0.4868819752675603,0,0,-0.052484143282830825,0.4868819752675603,2023-12-31,2023-12-31,negative_high,3420,3425
rolling5_annual20,3164,2024-02-02,2024-02-26,0.1015374891364462,2024,2023-12-31,learned_order_offset,20260912,0.5512261346233363,0.5512261346233363,1,1,0.20562601233734124,0.5512261346233363,2023-12-31,2023-12-31,negative_high,3425,3434
rolling5_annual20,3173,2024-02-23,2024-03-04,0.0151569053862528,2024,2023-12-31,learned_order_offset,20260912,0.4383060233141652,0.4383060233141652,0,1,-0.2480398263392843,0.4383060233141652,2023-12-31,2023-12-31,negative_high,3434,3439
rolling5_annual20,3178,2024-03-01,2024-03-11,0.0021394031715169,2024,2023-12-31,learned_order_offset,20260912,0.4671863792327489,0.4671863792327489,0,1,-0.13144340635297502,0.4671863792327489,2023-12-31,2023-12-31,nonnegative_high,3439,3444
rolling5_annual20,3183,2024-03-08,2024-03-18,0.0087762342284414,2024,2023-12-31,learned_order_offset,20260912,0.4682690873666851,0.4682690873666851,0,1,-0.1270944543694183,0.4682690873666851,2023-12-31,2023-12-31,nonnegative_high,3444,3449
rolling5_annual20,3188,2024-03-15,2024-03-25,-0.0112802133595746,2024,2023-12-31,learned_order_offset,20260912,0.410883959095752,0.410883959095752,0,0,-0.3603123410019406,0.410883959095752,2023-12-31,2023-12-31,nonnegative_low,3449,3454
rolling5_annual20,3193,2024-03-22,2024-04-01,0.0042044725182444,2024,2023-12-31,learned_order_offset,20260912,0.4736922823747903,0.4736922823747903,0,1,-0.10532813860430626,0.4736922823747903,2023-12-31,2023-12-31,nonnegative_low,3454,3459
rolling5_annual20,3198,2024-03-29,2024-04-15,-0.0219845815102011,2024,2023-12-31,learned_order_offset,20260912,0.4721761686206615,0.4721761686206615,0,0,-0.11141042078872065,0.4721761686206615,2023-12-31,2023-12-31,nonnegative_low,3459,3467
rolling5_annual20,3206,2024-04-12,2024-04-22,0.018045199366633,2024,2023-12-31,learned_order_offset,20260912,0.44900290436109536,0.44900290436109536,0,1,-0.20470018183468575,0.44900290436109536,2024-03-31,2023-12-31,nonnegative_low,3467,3472
rolling5_annual20,3211,2024-04-19,2024-04-29,0.0136757744232476,2024,2023-12-31,learned_order_offset,20260912,0.4666007685534335,0.4666007685534335,0,1,-0.13379616416780243,0.4666007685534335,2024-03-31,2023-12-31,nonnegative_low,3472,3477
rolling5_annual20,3216,2024-04-26,2024-05-13,0.0172434956786644,2024,2023-12-31,learned_order_offset,20260912,0.4343770329705723,0.4343770329705723,0,1,-0.2640148237174878,0.4343770329705723,2024-03-31,2023-12-31,nonnegative_low,3477,3484
rolling5_annual20,3223,2024-05-10,2024-05-20,0.0097933549988344,2024,2023-12-31,learned_order_offset,20260912,0.3824496760888333,0.3824496760888333,0,1,-0.479163482563686,0.3824496760888333,2024-03-31,2023-12-31,nonnegative_low,3484,3489
rolling5_annual20,3228,2024-05-17,2024-05-27,-0.0204803832637164,2024,2023-12-31,learned_order_offset,20260912,0.35711137240492025,0.35711137240492025,0,0,-0.5879238011141376,0.35711137240492025,2024-03-31,2023-12-31,nonnegative_low,3489,3494
rolling5_annual20,3233,2024-05-24,2024-06-03,-0.0081155643048258,2024,2023-12-31,learned_order_offset,20260912,0.3737645520851825,0.3737645520851825,0,0,-0.5161003559746223,0.3737645520851825,2024-03-31,2023-12-31,nonnegative_low,3494,3499
rolling5_annual20,3238,2024-05-31,2024-06-11,-0.0060267570121149,2024,2023-12-31,learned_order_offset,20260912,0.3510285369082652,0.3510285369082652,0,0,-0.6145212232605042,0.3510285369082652,2024-03-31,2023-12-31,nonnegative_low,3499,3504
rolling5_annual20,3243,2024-06-07,2024-06-17,-0.0096686558937179,2024,2023-12-31,learned_order_offset,20260912,0.4052492624281903,0.4052492624281903,0,0,-0.3836400487472018,0.4052492624281903,2024-03-31,2023-12-31,nonnegative_low,3504,3508
rolling5_annual20,3247,2024-06-14,2024-06-24,-0.013573992457631,2024,2023-12-31,learned_order_offset,20260912,0.41450780904711865,0.41450780904711865,0,0,-0.3453610314725184,0.41450780904711865,2024-03-31,2023-12-31,negative_low,3508,3513
rolling5_annual20,3252,2024-06-21,2024-07-01,-0.004427632109257,2024,2023-12-31,learned_order_offset,20260912,0.46004587730144675,0.46004587730144675,0,0,-0.16015796020942152,0.46004587730144675,2024-03-31,2023-12-31,negative_low,3513,3518
rolling5_annual20,3257,2024-06-28,2024-07-08,-0.0108320369203009,2024,2023-12-31,learned_order_offset,20260912,0.4589655459892309,0.4589655459892309,0,0,-0.16450781856675994,0.4589655459892309,2024-03-31,2023-12-31,negative_low,3518,3523
rolling5_annual20,3262,2024-07-05,2024-07-15,0.0122222871842843,2024,2023-12-31,learned_order_offset,20260912,0.6488790466154806,0.6488790466154806,1,1,0.6141155698407098,0.6488790466154806,2024-06-30,2023-12-31,negative_low,3523,3528
rolling5_annual20,3267,2024-07-12,2024-07-22,0.0218881133018156,2024,2023-12-31,learned_order_offset,20260912,0.5774913316908258,0.5774913316908258,1,1,0.31248346892925194,0.5774913316908258,2024-06-30,2023-12-31,negative_low,3528,3533
rolling5_annual20,3272,2024-07-19,2024-07-29,-0.0378787022382998,2024,2023-12-31,learned_order_offset,20260912,0.5157601153269719,0.5157601153269719,1,0,0.06306135118559364,0.5157601153269719,2024-06-30,2023-12-31,nonnegative_low,3533,3538
rolling5_annual20,3277,2024-07-26,2024-08-05,-0.0124134568216732,2024,2023-12-31,learned_order_offset,20260912,0.6244882450131677,0.6244882450131677,1,0,0.5086427307452165,0.6244882450131677,2024-06-30,2023-12-31,negative_low,3538,3543
rolling5_annual20,3282,2024-08-02,2024-08-12,-0.0102762848330364,2024,2023-12-31,learned_order_offset,20260912,0.6270675399861252,0.6270675399861252,1,0,0.5196569232083553,0.6270675399861252,2024-06-30,2023-12-31,negative_low,3543,3548
rolling5_annual20,3287,2024-08-09,2024-08-19,0.0050186923751938,2024,2023-12-31,learned_order_offset,20260912,0.5377555905505339,0.5377555905505339,1,1,0.15131038830275662,0.5377555905505339,2024-06-30,2023-12-31,negative_low,3548,3553
rolling5_annual20,3292,2024-08-16,2024-08-26,-0.0040487282687352,2024,2023-12-31,learned_order_offset,20260912,0.42279669771745343,0.42279669771745343,0,0,-0.31130310463544475,0.42279669771745343,2024-06-30,2023-12-31,negative_low,3553,3558
rolling5_annual20,3297,2024-08-23,2024-09-02,-0.0069594562136714,2024,2023-12-31,learned_order_offset,20260912,0.3863647344348675,0.3863647344348675,0,0,-0.4626188904344209,0.3863647344348675,2024-06-30,2023-12-31,negative_low,3558,3563
rolling5_annual20,3302,2024-08-30,2024-09-09,-0.0280389655151561,2024,2023-12-31,learned_order_offset,20260912,0.4062697859689684,0.4062697859689684,0,0,-0.37940759467482876,0.4062697859689684,2024-06-30,2023-12-31,negative_low,3563,3568
rolling5_annual20,3307,2024-09-06,2024-09-18,-0.0174132138857783,2024,2023-12-31,learned_order_offset,20260912,0.45448430889716435,0.45448430889716435,0,0,-0.18256818034130035,0.45448430889716435,2024-06-30,2023-12-31,negative_low,3568,3573
rolling5_annual20,3312,2024-09-13,2024-09-24,0.0133119329369826,2024,2023-12-31,learned_order_offset,20260912,0.41946199575362714,0.41946199575362714,0,1,-0.32498233946738,0.41946199575362714,2024-06-30,2023-12-31,negative_low,3573,3576
rolling5_annual20,3315,2024-09-20,2024-09-30,0.2017513988384409,2024,2023-12-31,learned_order_offset,20260912,0.48448722299654073,0.48448722299654073,0,1,-0.062071029342652406,0.48448722299654073,2024-06-30,2023-12-31,negative_low,3576,3581
rolling5_annual20,3320,2024-09-27,2024-10-14,0.0178259004588408,2024,2023-12-31,learned_order_offset,20260912,0.5746740950620535,0.5746740950620535,1,1,0.30094737870939503,0.5746740950620535,2024-06-30,2023-12-31,nonnegative_high,3581,3586
rolling5_annual20,3325,2024-10-11,2024-10-21,0.0080914993282625,2024,2023-12-31,learned_order_offset,20260912,0.5862386145900477,0.5862386145900477,1,1,0.34843745491017536,0.5862386145900477,2024-09-30,2023-12-31,nonnegative_high,3586,3591
rolling5_annual20,3330,2024-10-18,2024-10-28,0.0015733867085561,2024,2023-12-31,learned_order_offset,20260912,0.6125407697732707,0.6125407697732707,1,1,0.45800487215872715,0.6125407697732707,2024-09-30,2023-12-31,nonnegative_high,3591,3596
rolling5_annual20,3335,2024-10-25,2024-11-04,-0.0140142824257356,2024,2023-12-31,learned_order_offset,20260912,0.5782982032930605,0.5782982032930605,1,0,0.315791236910694,0.5782982032930605,2024-09-30,2023-12-31,nonnegative_high,3596,3601
rolling5_annual20,3340,2024-11-01,2024-11-11,0.0434152361258277,2024,2023-12-31,learned_order_offset,20260912,0.5719000509394175,0.5719000509394175,1,1,0.28960754583040005,0.5719000509394175,2024-09-30,2023-12-31,nonnegative_high,3601,3606
rolling5_annual20,3345,2024-11-08,2024-11-18,-0.0208584853931589,2024,2023-12-31,learned_order_offset,20260912,0.5792076167183184,0.5792076167183184,1,0,0.31952143070316547,0.5792076167183184,2024-09-30,2023-12-31,nonnegative_high,3606,3611
rolling5_annual20,3350,2024-11-15,2024-11-25,-0.0267421712161923,2024,2023-12-31,learned_order_offset,20260912,0.5639088935846646,0.5639088935846646,1,0,0.2570415210640745,0.5639088935846646,2024-09-30,2023-12-31,nonnegative_high,3611,3616
rolling5_annual20,3355,2024-11-22,2024-12-02,0.0087960346887328,2024,2023-12-31,learned_order_offset,20260912,0.6291616290547493,0.6291616290547493,1,1,0.5286218757711383,0.6291616290547493,2024-09-30,2023-12-31,nonnegative_high,3616,3621
rolling5_annual20,3360,2024-11-29,2024-12-09,0.0155919891551781,2024,2023-12-31,learned_order_offset,20260912,0.5470802465571543,0.5470802465571543,1,1,0.18888052961840082,0.5470802465571543,2024-09-30,2023-12-31,nonnegative_high,3621,3626
rolling5_annual20,3365,2024-12-06,2024-12-16,-0.0100436703218104,2024,2023-12-31,learned_order_offset,20260912,0.5150626516103205,0.5150626516103205,1,0,0.06026884286157663,0.5150626516103205,2024-09-30,2023-12-31,nonnegative_high,3626,3631
rolling5_annual20,3370,2024-12-13,2024-12-23,-0.0006690784017421,2024,2023-12-31,learned_order_offset,20260912,0.3987822872324129,0.3987822872324129,0,0,-0.4105414978625763,0.3987822872324129,2024-09-30,2023-12-31,nonnegative_high,3631,3636
rolling5_annual20,3375,2024-12-20,2024-12-30,0.0123595076562756,2024,2023-12-31,learned_order_offset,20260912,0.2901534172352464,0.2901534172352464,0,1,-0.8946390580282788,0.2901534172352464,2024-09-30,2023-12-31,nonnegative_low,3636,3641
rolling5_annual20,3380,2024-12-27,2025-01-06,-0.0504714964669198,2024,2023-12-31,learned_order_offset,20260912,0.2168218722083948,0.2168218722083948,0,0,-1.2842840130578241,0.2168218722083948,2024-09-30,2023-12-31,nonnegative_low,3641,3645
rolling5_annual20,3384,2025-01-03,2025-01-13,-0.0189486730632231,2025,2024-12-31,learned_market,20260910,0.38233645545210077,0.38233645545210077,0,0,-0.4796428885179061,0.38233645545210077,2024-12-31,2024-12-31,negative_high,3645,3650
rolling5_annual20,3389,2025-01-10,2025-01-20,0.0353251773547418,2025,2024-12-31,learned_market,20260910,0.3910227915849612,0.3910227915849612,0,1,-0.44301499361856855,0.3910227915849612,2024-12-31,2024-12-31,negative_high,3650,3655
rolling5_annual20,3394,2025-01-17,2025-01-27,0.000432821422053,2025,2024-12-31,learned_market,20260910,0.49015728346105064,0.49015728346105064,0,1,-0.039375952955718344,0.49015728346105064,2024-12-31,2024-12-31,negative_high,3655,3660
rolling5_annual20,3399,2025-01-24,2025-02-10,0.0159344898044284,2025,2024-12-31,learned_market,20260910,0.43779872313730184,0.43779872313730184,0,1,-0.25010066111816853,0.43779872313730184,2024-12-31,2024-12-31,negative_high,3660,3664
rolling5_annual20,3403,2025-02-07,2025-02-17,0.0144454990892999,2025,2024-12-31,learned_market,20260910,0.5065763414140139,0.5065763414140139,1,1,0.02630688269546992,0.5065763414140139,2024-12-31,2024-12-31,negative_low,3664,3669
rolling5_annual20,3408,2025-02-14,2025-02-24,0.0045695818086644,2025,2024-12-31,learned_market,20260910,0.5698063647751795,0.5698063647751795,1,1,0.28106117039023276,0.5698063647751795,2024-12-31,2024-12-31,negative_low,3669,3674
rolling5_annual20,3413,2025-02-21,2025-03-03,-0.0183210488158531,2025,2024-12-31,learned_market,20260910,0.5387747536285505,0.5387747536285505,1,0,0.15541105926147364,0.5387747536285505,2024-12-31,2024-12-31,negative_low,3674,3679
rolling5_annual20,3418,2025-02-28,2025-03-10,0.0117650075646844,2025,2024-12-31,learned_market,20260910,0.4812656782302869,0.4812656782302869,0,1,-0.07497238478145841,0.4812656782302869,2024-12-31,2024-12-31,negative_low,3679,3684
rolling5_annual20,3423,2025-03-07,2025-03-17,0.019023819058288,2025,2024-12-31,learned_market,20260910,0.6111767156385011,0.6111767156385011,1,1,0.45226118243129787,0.6111767156385011,2024-12-31,2024-12-31,nonnegative_low,3684,3689
rolling5_annual20,3428,2025-03-14,2025-03-24,-0.0259983485216283,2025,2024-12-31,learned_market,20260910,0.44730435644814126,0.44730435644814126,0,0,-0.21156822686355972,0.44730435644814126,2024-12-31,2024-12-31,nonnegative_low,3689,3694
rolling5_annual20,3433,2025-03-21,2025-03-31,-0.0025867506275359,2025,2024-12-31,learned_market,20260910,0.5315675954271929,0.5315675954271929,1,0,0.12643855755650826,0.5315675954271929,2024-12-31,2024-12-31,negative_low,3694,3699
rolling5_annual20,3438,2025-03-28,2025-04-14,-0.0342910101946246,2025,2024-12-31,learned_market,20260910,0.7166635184412673,0.7166635184412673,1,0,0.9279712674330156,0.7166635184412673,2024-12-31,2024-12-31,negative_low,3699,3708
rolling5_annual20,3447,2025-04-11,2025-04-21,-0.0010339232881941,2025,2024-12-31,learned_market,20260910,0.5214083358108379,0.5214083358108379,1,0,0.0856857304839424,0.5214083358108379,2025-03-31,2024-12-31,negative_high,3708,3713
rolling5_annual20,3452,2025-04-18,2025-04-28,0.0048432383085554,2025,2024-12-31,learned_market,20260910,0.7734052582999416,0.7734052582999416,1,1,1.2276400349722498,0.7734052582999416,2025-03-31,2024-12-31,negative_high,3713,3718
rolling5_annual20,3457,2025-04-25,2025-05-12,0.02116527880118,2025,2024-12-31,learned_market,20260910,0.4558498073052,0.4558498073052,0,1,-0.1770619129472913,0.4558498073052,2025-03-31,2024-12-31,negative_high,3718,3725
rolling5_annual20,3464,2025-05-09,2025-05-19,0.0041484224873464,2025,2024-12-31,learned_market,20260910,0.3719118552957933,0.3719118552957933,0,1,-0.524023636361294,0.3719118552957933,2025-03-31,2024-12-31,negative_low,3725,3730
rolling5_annual20,3469,2025-05-16,2025-05-26,-0.0017462660042188,2025,2024-12-31,learned_market,20260910,0.3347557846128493,0.3347557846128493,0,0,-0.6867529496041618,0.3347557846128493,2025-03-31,2024-12-31,negative_low,3730,3735
rolling5_annual20,3474,2025-05-23,2025-06-03,-0.0109216443615366,2025,2024-12-31,learned_market,20260910,0.4355752261120325,0.4355752261120325,0,0,-0.25913959679754434,0.4355752261120325,2025-03-31,2024-12-31,negative_low,3735,3740
rolling5_annual20,3479,2025-05-30,2025-06-09,0.011566574321892,2025,2024-12-31,learned_market,20260910,0.36634985851125834,0.36634985851125834,0,1,-0.5479082004257134,0.36634985851125834,2025-03-31,2024-12-31,negative_low,3740,3744
rolling5_annual20,3483,2025-06-06,2025-06-16,-0.0062354943524679,2025,2024-12-31,learned_market,20260910,0.4008337518523243,0.4008337518523243,0,0,-0.4019923449915708,0.4008337518523243,2025-03-31,2024-12-31,negative_low,3744,3749
rolling5_annual20,3488,2025-06-13,2025-06-23,-0.005825691168304,2025,2024-12-31,learned_market,20260910,0.39810789776620636,0.39810789776620636,0,0,-0.41335512861645074,0.39810789776620636,2025-03-31,2024-12-31,negative_low,3749,3754
rolling5_annual20,3493,2025-06-20,2025-06-30,0.0232670437490374,2025,2024-12-31,learned_market,20260910,0.4122689448247892,0.4122689448247892,0,1,-0.35459353902336405,0.4122689448247892,2025-03-31,2024-12-31,negative_low,3754,3759
rolling5_annual20,3498,2025-06-27,2025-07-07,0.0145345648685946,2025,2024-12-31,learned_market,20260910,0.3732862575696102,0.3732862575696102,0,1,-0.5181443133594098,0.3732862575696102,2025-03-31,2024-12-31,nonnegative_low,3759,3764
rolling5_annual20,3503,2025-07-04,2025-07-14,0.0110426949002964,2025,2024-12-31,learned_market,20260910,0.7015823439777326,0.7015823439777326,1,1,0.8548442398185898,0.7015823439777326,2025-06-30,2024-12-31,nonnegative_low,3764,3769
rolling5_annual20,3508,2025-07-11,2025-07-21,0.0120759671840067,2025,2024-12-31,learned_market,20260910,0.7139989728727871,0.7139989728727871,1,1,0.9148861216177356,0.7139989728727871,2025-06-30,2024-12-31,nonnegative_low,3769,3774
rolling5_annual20,3513,2025-07-18,2025-07-28,0.0143570766898375,2025,2024-12-31,learned_market,20260910,0.4034517865000961,0.4034517865000961,0,1,-0.39110307325457677,0.4034517865000961,2025-06-30,2024-12-31,nonnegative_low,3774,3779
rolling5_annual20,3518,2025-07-25,2025-08-04,-0.0218642507630443,2025,2024-12-31,learned_market,20260910,0.48275696040931965,0.48275696040931965,0,0,-0.06899952051515268,0.48275696040931965,2025-06-30,2024-12-31,nonnegative_low,3779,3784
rolling5_annual20,3523,2025-08-01,2025-08-11,0.0179175520190988,2025,2024-12-31,learned_market,20260910,0.5124883538124961,0.5124883538124961,1,1,0.04996380671812062,0.5124883538124961,2025-06-30,2024-12-31,nonnegative_low,3784,3789
rolling5_annual20,3528,2025-08-08,2025-08-18,0.026265786598999,2025,2024-12-31,learned_market,20260910,0.337061662660508,0.337061662660508,0,1,-0.6764160914712881,0.337061662660508,2025-06-30,2024-12-31,nonnegative_low,3789,3794
rolling5_annual20,3533,2025-08-15,2025-08-25,0.0469483790671487,2025,2024-12-31,learned_market,20260910,0.4403874641150846,0.4403874641150846,0,1,-0.23958970437734722,0.4403874641150846,2025-06-30,2024-12-31,nonnegative_low,3794,3799
rolling5_annual20,3538,2025-08-22,2025-09-01,0.0227770368340847,2025,2024-12-31,learned_market,20260910,0.4148027182610919,0.4148027182610919,0,1,-0.3441459946042734,0.4148027182610919,2025-06-30,2024-12-31,nonnegative_low,3799,3804
rolling5_annual20,3543,2025-08-29,2025-09-08,-0.0110053842475337,2025,2024-12-31,learned_market,20260910,0.44547018940253946,0.44547018940253946,0,0,-0.21899023681647653,0.44547018940253946,2025-06-30,2024-12-31,nonnegative_low,3804,3809
rolling5_annual20,3548,2025-09-05,2025-09-15,0.0151594857594405,2025,2024-12-31,learned_market,20260910,0.439099196508694,0.439099196508694,0,1,-0.24481872131043217,0.439099196508694,2025-06-30,2024-12-31,nonnegative_high,3809,3814
rolling5_annual20,3553,2025-09-12,2025-09-22,-0.0050409160971932,2025,2024-12-31,learned_market,20260910,0.47404842126415475,0.47404842126415475,0,0,-0.10389968182167322,0.47404842126415475,2025-06-30,2024-12-31,nonnegative_high,3814,3819
rolling5_annual20,3558,2025-09-19,2025-09-29,0.0095300784790881,2025,2024-12-31,learned_market,20260910,0.46350428274903427,0.46350428274903427,0,1,-0.14624295429935752,0.46350428274903427,2025-06-30,2024-12-31,nonnegative_high,3819,3824
rolling5_annual20,3563,2025-09-26,2025-10-13,-0.0140855274279203,2025,2024-12-31,learned_market,20260910,0.47329908698714157,0.47329908698714157,0,0,-0.10690535207275839,0.47329908698714157,2025-06-30,2024-12-31,nonnegative_high,3824,3828
rolling5_annual20,3567,2025-10-10,2025-10-20,0.015001547584321,2025,2024-12-31,learned_market,20260910,0.4508331585950284,0.4508331585950284,0,1,-0.19730496143374782,0.4508331585950284,2025-09-30,2024-12-31,nonnegative_high,3828,3833
rolling5_annual20,3572,2025-10-17,2025-10-27,0.0309637052897611,2025,2024-12-31,learned_market,20260910,0.4380873622035425,0.4380873622035425,0,1,-0.24892804147628872,0.4380873622035425,2025-09-30,2024-12-31,nonnegative_high,3833,3838
rolling5_annual20,3577,2025-10-24,2025-11-03,-0.013331545863497,2025,2024-12-31,learned_market,20260910,0.45478895664449515,0.45478895664449515,0,0,-0.18133947542434764,0.45478895664449515,2025-09-30,2024-12-31,nonnegative_high,3838,3843
rolling5_annual20,3582,2025-10-31,2025-11-10,0.0110832418536339,2025,2024-12-31,learned_market,20260910,0.45629729111767653,0.45629729111767653,0,1,-0.17525805516015702,0.45629729111767653,2025-09-30,2024-12-31,nonnegative_high,3843,3848
rolling5_annual20,3587,2025-11-07,2025-11-17,-0.0152107881197579,2025,2024-12-31,learned_market,20260910,0.4596017809890631,0.4596017809890631,0,0,-0.1619458893418816,0.4596017809890631,2025-09-30,2024-12-31,nonnegative_high,3848,3853
rolling5_annual20,3592,2025-11-14,2025-11-24,-0.031114557454173,2025,2024-12-31,learned_market,20260910,0.421919095541908,0.421919095541908,0,0,-0.31490025305726654,0.421919095541908,2025-09-30,2024-12-31,nonnegative_low,3853,3858
rolling5_annual20,3597,2025-11-21,2025-12-01,0.0147613767448515,2025,2024-12-31,learned_market,20260910,0.3917781851882584,0.3917781851882584,0,1,-0.4398438169029577,0.3917781851882584,2025-09-30,2024-12-31,nonnegative_high,3858,3863
rolling5_annual20,3602,2025-11-28,2025-12-08,0.0118853804313106,2025,2024-12-31,learned_market,20260910,0.391495718394583,0.391495718394583,0,1,-0.4410293697717952,0.391495718394583,2025-09-30,2024-12-31,nonnegative_low,3863,3868
rolling5_annual20,3607,2025-12-05,2025-12-15,-0.0093922675990717,2025,2024-12-31,learned_market,20260910,0.391998136773391,0.391998136773391,0,0,-0.43892085982885864,0.391998136773391,2025-09-30,2024-12-31,nonnegative_low,3868,3873
rolling5_annual20,3612,2025-12-12,2025-12-22,0.0082791208791208,2025,2024-12-31,learned_market,20260910,0.414619478732369,0.414619478732369,0,1,-0.3449009185909777,0.414619478732369,2025-09-30,2024-12-31,nonnegative_low,3873,3878
rolling5_annual20,3617,2025-12-19,2025-12-29,0.0153890755001995,2025,2024-12-31,learned_market,20260910,0.584196917516146,0.584196917516146,1,1,0.34002632474341987,0.584196917516146,2025-09-30,2024-12-31,nonnegative_low,3878,3883
rolling5_annual20,3622,2025-12-26,2026-01-12,0.0239101640737868,2025,2024-12-31,learned_market,20260910,0.3188740450267267,0.3188740450267267,0,1,-0.7589510633178201,0.3188740450267267,2025-09-30,2024-12-31,nonnegative_low,3883,3891
rolling5_annual20,3384,2025-01-03,2025-01-13,-0.0189486730632231,2025,2024-12-31,learned_vol_interaction,20260910,0.38666219011730185,0.38666219011730185,0,0,-0.4613644425476329,0.38666219011730185,2024-12-31,2024-12-31,negative_high,3645,3650
rolling5_annual20,3389,2025-01-10,2025-01-20,0.0353251773547418,2025,2024-12-31,learned_vol_interaction,20260910,0.3791321657754841,0.3791321657754841,0,1,-0.4932333652911343,0.3791321657754841,2024-12-31,2024-12-31,negative_high,3650,3655
rolling5_annual20,3394,2025-01-17,2025-01-27,0.000432821422053,2025,2024-12-31,learned_vol_interaction,20260910,0.4768105126561029,0.4768105126561029,0,1,-0.09282454307998447,0.4768105126561029,2024-12-31,2024-12-31,negative_high,3655,3660
rolling5_annual20,3399,2025-01-24,2025-02-10,0.0159344898044284,2025,2024-12-31,learned_vol_interaction,20260910,0.46081361135637805,0.46081361135637805,0,1,-0.1570676681867768,0.46081361135637805,2024-12-31,2024-12-31,negative_high,3660,3664
rolling5_annual20,3403,2025-02-07,2025-02-17,0.0144454990892999,2025,2024-12-31,learned_vol_interaction,20260910,0.5021249737202294,0.5021249737202294,1,1,0.008499946056656354,0.5021249737202294,2024-12-31,2024-12-31,negative_low,3664,3669
rolling5_annual20,3408,2025-02-14,2025-02-24,0.0045695818086644,2025,2024-12-31,learned_vol_interaction,20260910,0.5796741457129003,0.5796741457129003,1,1,0.32143587391826084,0.5796741457129003,2024-12-31,2024-12-31,negative_low,3669,3674
rolling5_annual20,3413,2025-02-21,2025-03-03,-0.0183210488158531,2025,2024-12-31,learned_vol_interaction,20260910,0.5894724308913238,0.5894724308913238,1,0,0.3617848654843668,0.5894724308913238,2024-12-31,2024-12-31,negative_low,3674,3679
rolling5_annual20,3418,2025-02-28,2025-03-10,0.0117650075646844,2025,2024-12-31,learned_vol_interaction,20260910,0.5038224926529957,0.5038224926529957,1,1,0.015290268500619222,0.5038224926529957,2024-12-31,2024-12-31,negative_low,3679,3684
rolling5_annual20,3423,2025-03-07,2025-03-17,0.019023819058288,2025,2024-12-31,learned_vol_interaction,20260910,0.6257731101792092,0.6257731101792092,1,1,0.5141255908510495,0.6257731101792092,2024-12-31,2024-12-31,nonnegative_low,3684,3689
rolling5_annual20,3428,2025-03-14,2025-03-24,-0.0259983485216283,2025,2024-12-31,learned_vol_interaction,20260910,0.44102075881393793,0.44102075881393793,0,0,-0.23702039036190034,0.44102075881393793,2024-12-31,2024-12-31,nonnegative_low,3689,3694
rolling5_annual20,3433,2025-03-21,2025-03-31,-0.0025867506275359,2025,2024-12-31,learned_vol_interaction,20260910,0.5122265111637169,0.5122265111637169,1,0,0.048915795948286184,0.5122265111637169,2024-12-31,2024-12-31,negative_low,3694,3699
rolling5_annual20,3438,2025-03-28,2025-04-14,-0.0342910101946246,2025,2024-12-31,learned_vol_interaction,20260910,0.7509067743034049,0.7509067743034049,1,0,1.103454281861486,0.7509067743034049,2024-12-31,2024-12-31,negative_low,3699,3708
rolling5_annual20,3447,2025-04-11,2025-04-21,-0.0010339232881941,2025,2024-12-31,learned_vol_interaction,20260910,0.5594314824149098,0.5594314824149098,1,0,0.23885507977219095,0.5594314824149098,2025-03-31,2024-12-31,negative_high,3708,3713
rolling5_annual20,3452,2025-04-18,2025-04-28,0.0048432383085554,2025,2024-12-31,learned_vol_interaction,20260910,0.6161803550192988,0.6161803550192988,1,1,0.4733669370761783,0.6161803550192988,2025-03-31,2024-12-31,negative_high,3713,3718
rolling5_annual20,3457,2025-04-25,2025-05-12,0.02116527880118,2025,2024-12-31,learned_vol_interaction,20260910,0.5129504837776576,0.5129504837776576,1,1,0.051813523726399247,0.5129504837776576,2025-03-31,2024-12-31,negative_high,3718,3725
rolling5_annual20,3464,2025-05-09,2025-05-19,0.0041484224873464,2025,2024-12-31,learned_vol_interaction,20260910,0.3397584672529613,0.3397584672529613,0,1,-0.6643707520506577,0.3397584672529613,2025-03-31,2024-12-31,negative_low,3725,3730
rolling5_annual20,3469,2025-05-16,2025-05-26,-0.0017462660042188,2025,2024-12-31,learned_vol_interaction,20260910,0.3057602604209353,0.3057602604209353,0,0,-0.8200160147249675,0.3057602604209353,2025-03-31,2024-12-31,negative_low,3730,3735
rolling5_annual20,3474,2025-05-23,2025-06-03,-0.0109216443615366,2025,2024-12-31,learned_vol_interaction,20260910,0.4388710457955909,0.4388710457955909,0,0,-0.24574511941658614,0.4388710457955909,2025-03-31,2024-12-31,negative_low,3735,3740
rolling5_annual20,3479,2025-05-30,2025-06-09,0.011566574321892,2025,2024-12-31,learned_vol_interaction,20260910,0.36460442555702505,0.36460442555702505,0,1,-0.5554347565307075,0.36460442555702505,2025-03-31,2024-12-31,negative_low,3740,3744
rolling5_annual20,3483,2025-06-06,2025-06-16,-0.0062354943524679,2025,2024-12-31,learned_vol_interaction,20260910,0.39394803233936054,0.39394803233936054,0,0,-0.43074673462528057,0.39394803233936054,2025-03-31,2024-12-31,negative_low,3744,3749
rolling5_annual20,3488,2025-06-13,2025-06-23,-0.005825691168304,2025,2024-12-31,learned_vol_interaction,20260910,0.3901672438709687,0.3901672438709687,0,0,-0.4466092716549588,0.3901672438709687,2025-03-31,2024-12-31,negative_low,3749,3754
rolling5_annual20,3493,2025-06-20,2025-06-30,0.0232670437490374,2025,2024-12-31,learned_vol_interaction,20260910,0.422539141417078,0.422539141417078,0,1,-0.31235857783989995,0.422539141417078,2025-03-31,2024-12-31,negative_low,3754,3759
rolling5_annual20,3498,2025-06-27,2025-07-07,0.0145345648685946,2025,2024-12-31,learned_vol_interaction,20260910,0.38892299865015934,0.38892299865015934,0,1,-0.4518415992439732,0.38892299865015934,2025-03-31,2024-12-31,nonnegative_low,3759,3764
rolling5_annual20,3503,2025-07-04,2025-07-14,0.0110426949002964,2025,2024-12-31,learned_vol_interaction,20260910,0.7804471157978421,0.7804471157978421,1,1,1.2682738470324355,0.7804471157978421,2025-06-30,2024-12-31,nonnegative_low,3764,3769
rolling5_annual20,3508,2025-07-11,2025-07-21,0.0120759671840067,2025,2024-12-31,learned_vol_interaction,20260910,0.8059006088843718,0.8059006088843718,1,1,1.4235900676557867,0.8059006088843718,2025-06-30,2024-12-31,nonnegative_low,3769,3774
rolling5_annual20,3513,2025-07-18,2025-07-28,0.0143570766898375,2025,2024-12-31,learned_vol_interaction,20260910,0.4022202754416644,0.4022202754416644,0,1,-0.39622244510068416,0.4022202754416644,2025-06-30,2024-12-31,nonnegative_low,3774,3779
rolling5_annual20,3518,2025-07-25,2025-08-04,-0.0218642507630443,2025,2024-12-31,learned_vol_interaction,20260910,0.4655503807560464,0.4655503807560464,0,0,-0.1380171480967086,0.4655503807560464,2025-06-30,2024-12-31,nonnegative_low,3779,3784
rolling5_annual20,3523,2025-08-01,2025-08-11,0.0179175520190988,2025,2024-12-31,learned_vol_interaction,20260910,0.5131744614899625,0.5131744614899625,1,1,0.05271004647887387,0.5131744614899625,2025-06-30,2024-12-31,nonnegative_low,3784,3789
rolling5_annual20,3528,2025-08-08,2025-08-18,0.026265786598999,2025,2024-12-31,learned_vol_interaction,20260910,0.26813484576790564,0.26813484576790564,0,1,-1.0041062716408307,0.26813484576790564,2025-06-30,2024-12-31,nonnegative_low,3789,3794
rolling5_annual20,3533,2025-08-15,2025-08-25,0.0469483790671487,2025,2024-12-31,learned_vol_interaction,20260910,0.3957918177235022,0.3957918177235022,0,1,-0.42303045099244596,0.3957918177235022,2025-06-30,2024-12-31,nonnegative_low,3794,3799
rolling5_annual20,3538,2025-08-22,2025-09-01,0.0227770368340847,2025,2024-12-31,learned_vol_interaction,20260910,0.3814946408024303,0.3814946408024303,0,1,-0.48320905369956013,0.3814946408024303,2025-06-30,2024-12-31,nonnegative_low,3799,3804
rolling5_annual20,3543,2025-08-29,2025-09-08,-0.0110053842475337,2025,2024-12-31,learned_vol_interaction,20260910,0.4238694970722328,0.4238694970722328,0,0,-0.3069085846853234,0.4238694970722328,2025-06-30,2024-12-31,nonnegative_low,3804,3809
rolling5_annual20,3548,2025-09-05,2025-09-15,0.0151594857594405,2025,2024-12-31,learned_vol_interaction,20260910,0.43903974814462976,0.43903974814462976,0,1,-0.245060099257703,0.43903974814462976,2025-06-30,2024-12-31,nonnegative_high,3809,3814
rolling5_annual20,3553,2025-09-12,2025-09-22,-0.0050409160971932,2025,2024-12-31,learned_vol_interaction,20260910,0.47422353562658653,0.47422353562658653,0,0,-0.10319734505869098,0.47422353562658653,2025-06-30,2024-12-31,nonnegative_high,3814,3819
rolling5_annual20,3558,2025-09-19,2025-09-29,0.0095300784790881,2025,2024-12-31,learned_vol_interaction,20260910,0.458739778875352,0.458739778875352,0,1,-0.16541704469349067,0.458739778875352,2025-06-30,2024-12-31,nonnegative_high,3819,3824
rolling5_annual20,3563,2025-09-26,2025-10-13,-0.0140855274279203,2025,2024-12-31,learned_vol_interaction,20260910,0.45076701170720995,0.45076701170720995,0,0,-0.19757213590936312,0.45076701170720995,2025-06-30,2024-12-31,nonnegative_high,3824,3828
rolling5_annual20,3567,2025-10-10,2025-10-20,0.015001547584321,2025,2024-12-31,learned_vol_interaction,20260910,0.44722373023939194,0.44722373023939194,0,1,-0.21189435970687376,0.44722373023939194,2025-09-30,2024-12-31,nonnegative_high,3828,3833
rolling5_annual20,3572,2025-10-17,2025-10-27,0.0309637052897611,2025,2024-12-31,learned_vol_interaction,20260910,0.4295343873662784,0.4295343873662784,0,1,-0.2837510897102643,0.4295343873662784,2025-09-30,2024-12-31,nonnegative_high,3833,3838
rolling5_annual20,3577,2025-10-24,2025-11-03,-0.013331545863497,2025,2024-12-31,learned_vol_interaction,20260910,0.44980770107691576,0.44980770107691576,0,0,-0.20144769103196702,0.44980770107691576,2025-09-30,2024-12-31,nonnegative_high,3838,3843
rolling5_annual20,3582,2025-10-31,2025-11-10,0.0110832418536339,2025,2024-12-31,learned_vol_interaction,20260910,0.4681567893812729,0.4681567893812729,0,1,-0.1275454691655803,0.4681567893812729,2025-09-30,2024-12-31,nonnegative_high,3843,3848
rolling5_annual20,3587,2025-11-07,2025-11-17,-0.0152107881197579,2025,2024-12-31,learned_vol_interaction,20260910,0.4479188757258939,0.4479188757258939,0,0,-0.2090828646947307,0.4479188757258939,2025-09-30,2024-12-31,nonnegative_high,3848,3853
rolling5_annual20,3592,2025-11-14,2025-11-24,-0.031114557454173,2025,2024-12-31,learned_vol_interaction,20260910,0.4196138900791056,0.4196138900791056,0,0,-0.32435860969820607,0.4196138900791056,2025-09-30,2024-12-31,nonnegative_low,3853,3858
rolling5_annual20,3597,2025-11-21,2025-12-01,0.0147613767448515,2025,2024-12-31,learned_vol_interaction,20260910,0.3983762032629547,0.3983762032629547,0,1,-0.4122355344389267,0.3983762032629547,2025-09-30,2024-12-31,nonnegative_high,3858,3863
rolling5_annual20,3602,2025-11-28,2025-12-08,0.0118853804313106,2025,2024-12-31,learned_vol_interaction,20260910,0.3714344427967257,0.3714344427967257,0,1,-0.5260679476354724,0.3714344427967257,2025-09-30,2024-12-31,nonnegative_low,3863,3868
rolling5_annual20,3607,2025-12-05,2025-12-15,-0.0093922675990717,2025,2024-12-31,learned_vol_interaction,20260910,0.39417455635477106,0.39417455635477106,0,0,-0.42979805016611916,0.39417455635477106,2025-09-30,2024-12-31,nonnegative_low,3868,3873
rolling5_annual20,3612,2025-12-12,2025-12-22,0.0082791208791208,2025,2024-12-31,learned_vol_interaction,20260910,0.4149719916251764,0.4149719916251764,0,1,-0.34344869575623754,0.4149719916251764,2025-09-30,2024-12-31,nonnegative_low,3873,3878
rolling5_annual20,3617,2025-12-19,2025-12-29,0.0153890755001995,2025,2024-12-31,learned_vol_interaction,20260910,0.6003183983490965,0.6003183983490965,1,1,0.40679194411669567,0.6003183983490965,2025-09-30,2024-12-31,nonnegative_low,3878,3883
rolling5_annual20,3622,2025-12-26,2026-01-12,0.0239101640737868,2025,2024-12-31,learned_vol_interaction,20260910,0.30192881781235653,0.30192881781235653,0,1,-0.8381297907897144,0.30192881781235653,2025-09-30,2024-12-31,nonnegative_low,3883,3891
rolling5_annual20,3384,2025-01-03,2025-01-13,-0.0189486730632231,2025,2024-12-31,learned_order_extension,20260910,0.36600157937330885,0.36600157937330885,0,0,-0.5494088146893548,0.36600157937330885,2024-12-31,2024-12-31,negative_high,3645,3650
rolling5_annual20,3389,2025-01-10,2025-01-20,0.0353251773547418,2025,2024-12-31,learned_order_extension,20260910,0.35256611690823136,0.35256611690823136,0,1,-0.6077785069436328,0.35256611690823136,2024-12-31,2024-12-31,negative_high,3650,3655
rolling5_annual20,3394,2025-01-17,2025-01-27,0.000432821422053,2025,2024-12-31,learned_order_extension,20260910,0.48744472138871614,0.48744472138871614,0,1,-0.05023167391556582,0.48744472138871614,2024-12-31,2024-12-31,negative_high,3655,3660
rolling5_annual20,3399,2025-01-24,2025-02-10,0.0159344898044284,2025,2024-12-31,learned_order_extension,20260910,0.4710830358173244,0.4710830358173244,0,1,-0.11579707668901457,0.4710830358173244,2024-12-31,2024-12-31,negative_high,3660,3664
rolling5_annual20,3403,2025-02-07,2025-02-17,0.0144454990892999,2025,2024-12-31,learned_order_extension,20260910,0.5229042647242248,0.5229042647242248,1,1,0.09168122343425829,0.5229042647242248,2024-12-31,2024-12-31,negative_low,3664,3669
rolling5_annual20,3408,2025-02-14,2025-02-24,0.0045695818086644,2025,2024-12-31,learned_order_extension,20260910,0.5778482952092869,0.5778482952092869,1,1,0.313946629726225,0.5778482952092869,2024-12-31,2024-12-31,negative_low,3669,3674
rolling5_annual20,3413,2025-02-21,2025-03-03,-0.0183210488158531,2025,2024-12-31,learned_order_extension,20260910,0.6398652110146743,0.6398652110146743,1,0,0.5747791711603025,0.6398652110146743,2024-12-31,2024-12-31,negative_low,3674,3679
rolling5_annual20,3418,2025-02-28,2025-03-10,0.0117650075646844,2025,2024-12-31,learned_order_extension,20260910,0.5091435465758709,0.5091435465758709,1,1,0.03657826414108256,0.5091435465758709,2024-12-31,2024-12-31,negative_low,3679,3684
rolling5_annual20,3423,2025-03-07,2025-03-17,0.019023819058288,2025,2024-12-31,learned_order_extension,20260910,0.6768915881499589,0.6768915881499589,1,1,0.7395232171064243,0.6768915881499589,2024-12-31,2024-12-31,nonnegative_low,3684,3689
rolling5_annual20,3428,2025-03-14,2025-03-24,-0.0259983485216283,2025,2024-12-31,learned_order_extension,20260910,0.45607712059245215,0.45607712059245215,0,0,-0.17614555169050222,0.45607712059245215,2024-12-31,2024-12-31,nonnegative_low,3689,3694
rolling5_annual20,3433,2025-03-21,2025-03-31,-0.0025867506275359,2025,2024-12-31,learned_order_extension,20260910,0.5368074346463041,0.5368074346463041,1,0,0.14749655998691816,0.5368074346463041,2024-12-31,2024-12-31,negative_low,3694,3699
rolling5_annual20,3438,2025-03-28,2025-04-14,-0.0342910101946246,2025,2024-12-31,learned_order_extension,20260910,0.8368647681799748,0.8368647681799748,1,0,1.6350829902372888,0.8368647681799748,2024-12-31,2024-12-31,negative_low,3699,3708
rolling5_annual20,3447,2025-04-11,2025-04-21,-0.0010339232881941,2025,2024-12-31,learned_order_extension,20260910,0.567649834278569,0.567649834278569,1,0,0.27226891095728023,0.567649834278569,2025-03-31,2024-12-31,negative_high,3708,3713
rolling5_annual20,3452,2025-04-18,2025-04-28,0.0048432383085554,2025,2024-12-31,learned_order_extension,20260910,0.681410394058545,0.681410394058545,1,1,0.7602609863053966,0.681410394058545,2025-03-31,2024-12-31,negative_high,3713,3718
rolling5_annual20,3457,2025-04-25,2025-05-12,0.02116527880118,2025,2024-12-31,learned_order_extension,20260910,0.5052829053147527,0.5052829053147527,1,1,0.021132407664071873,0.5052829053147527,2025-03-31,2024-12-31,negative_high,3718,3725
rolling5_annual20,3464,2025-05-09,2025-05-19,0.0041484224873464,2025,2024-12-31,learned_order_extension,20260910,0.3280238538809617,0.3280238538809617,0,1,-0.7171365120598269,0.3280238538809617,2025-03-31,2024-12-31,negative_low,3725,3730
rolling5_annual20,3469,2025-05-16,2025-05-26,-0.0017462660042188,2025,2024-12-31,learned_order_extension,20260910,0.3040369005743606,0.3040369005743606,0,0,-0.828147563354166,0.3040369005743606,2025-03-31,2024-12-31,negative_low,3730,3735
rolling5_annual20,3474,2025-05-23,2025-06-03,-0.0109216443615366,2025,2024-12-31,learned_order_extension,20260910,0.44422438744915205,0.44422438744915205,0,0,-0.22403482633368454,0.44422438744915205,2025-03-31,2024-12-31,negative_low,3735,3740
rolling5_annual20,3479,2025-05-30,2025-06-09,0.011566574321892,2025,2024-12-31,learned_order_extension,20260910,0.38913330899989523,0.38913330899989523,0,1,-0.4509567721281022,0.38913330899989523,2025-03-31,2024-12-31,negative_low,3740,3744
rolling5_annual20,3483,2025-06-06,2025-06-16,-0.0062354943524679,2025,2024-12-31,learned_order_extension,20260910,0.40874376815426067,0.40874376815426067,0,0,-0.3691610038807837,0.40874376815426067,2025-03-31,2024-12-31,negative_low,3744,3749
rolling5_annual20,3488,2025-06-13,2025-06-23,-0.005825691168304,2025,2024-12-31,learned_order_extension,20260910,0.3992895348297111,0.3992895348297111,0,0,-0.4084262583950007,0.3992895348297111,2025-03-31,2024-12-31,negative_low,3749,3754
rolling5_annual20,3493,2025-06-20,2025-06-30,0.0232670437490374,2025,2024-12-31,learned_order_extension,20260910,0.43522740351269595,0.43522740351269595,0,1,-0.2605545048450809,0.43522740351269595,2025-03-31,2024-12-31,negative_low,3754,3759
rolling5_annual20,3498,2025-06-27,2025-07-07,0.0145345648685946,2025,2024-12-31,learned_order_extension,20260910,0.40978431801033516,0.40978431801033516,0,1,-0.36485706514208294,0.40978431801033516,2025-03-31,2024-12-31,nonnegative_low,3759,3764
rolling5_annual20,3503,2025-07-04,2025-07-14,0.0110426949002964,2025,2024-12-31,learned_order_extension,20260910,0.7176321167186754,0.7176321167186754,1,1,0.9327462940883462,0.7176321167186754,2025-06-30,2024-12-31,nonnegative_low,3764,3769
rolling5_annual20,3508,2025-07-11,2025-07-21,0.0120759671840067,2025,2024-12-31,learned_order_extension,20260910,0.8326931438759837,0.8326931438759837,1,1,1.6048356114322018,0.8326931438759837,2025-06-30,2024-12-31,nonnegative_low,3769,3774
rolling5_annual20,3513,2025-07-18,2025-07-28,0.0143570766898375,2025,2024-12-31,learned_order_extension,20260910,0.39152870941681295,0.39152870941681295,0,1,-0.4408908860929372,0.39152870941681295,2025-06-30,2024-12-31,nonnegative_low,3774,3779
rolling5_annual20,3518,2025-07-25,2025-08-04,-0.0218642507630443,2025,2024-12-31,learned_order_extension,20260910,0.44803558799905846,0.44803558799905846,0,0,-0.20861090642807067,0.44803558799905846,2025-06-30,2024-12-31,nonnegative_low,3779,3784
rolling5_annual20,3523,2025-08-01,2025-08-11,0.0179175520190988,2025,2024-12-31,learned_order_extension,20260910,0.4974977283652398,0.4974977283652398,0,1,-0.010009170100999665,0.4974977283652398,2025-06-30,2024-12-31,nonnegative_low,3784,3789
rolling5_annual20,3528,2025-08-08,2025-08-18,0.026265786598999,2025,2024-12-31,learned_order_extension,20260910,0.28923456244235046,0.28923456244235046,0,1,-0.8991044767267314,0.28923456244235046,2025-06-30,2024-12-31,nonnegative_low,3789,3794
rolling5_annual20,3533,2025-08-15,2025-08-25,0.0469483790671487,2025,2024-12-31,learned_order_extension,20260910,0.37567196821432247,0.37567196821432247,0,1,-0.5079595845621976,0.37567196821432247,2025-06-30,2024-12-31,nonnegative_low,3794,3799
rolling5_annual20,3538,2025-08-22,2025-09-01,0.0227770368340847,2025,2024-12-31,learned_order_extension,20260910,0.35309160588380617,0.35309160588380617,0,1,-0.6054771688555408,0.35309160588380617,2025-06-30,2024-12-31,nonnegative_low,3799,3804
rolling5_annual20,3543,2025-08-29,2025-09-08,-0.0110053842475337,2025,2024-12-31,learned_order_extension,20260910,0.414950573852872,0.414950573852872,0,0,-0.3435369188151146,0.414950573852872,2025-06-30,2024-12-31,nonnegative_low,3804,3809
rolling5_annual20,3548,2025-09-05,2025-09-15,0.0151594857594405,2025,2024-12-31,learned_order_extension,20260910,0.44419609703054896,0.44419609703054896,0,1,-0.2241494146310889,0.44419609703054896,2025-06-30,2024-12-31,nonnegative_high,3809,3814
rolling5_annual20,3553,2025-09-12,2025-09-22,-0.0050409160971932,2025,2024-12-31,learned_order_extension,20260910,0.48911647755360804,0.48911647755360804,0,0,-0.043540967286317345,0.48911647755360804,2025-06-30,2024-12-31,nonnegative_high,3814,3819
rolling5_annual20,3558,2025-09-19,2025-09-29,0.0095300784790881,2025,2024-12-31,learned_order_extension,20260910,0.4484611229876225,0.4484611229876225,0,1,-0.20689033399195497,0.4484611229876225,2025-06-30,2024-12-31,nonnegative_high,3819,3824
rolling5_annual20,3563,2025-09-26,2025-10-13,-0.0140855274279203,2025,2024-12-31,learned_order_extension,20260910,0.4329956852716207,0.4329956852716207,0,0,-0.2696391502268528,0.4329956852716207,2025-06-30,2024-12-31,nonnegative_high,3824,3828
rolling5_annual20,3567,2025-10-10,2025-10-20,0.015001547584321,2025,2024-12-31,learned_order_extension,20260910,0.4374250973987012,0.4374250973987012,0,1,-0.2516188001991997,0.4374250973987012,2025-09-30,2024-12-31,nonnegative_high,3828,3833
rolling5_annual20,3572,2025-10-17,2025-10-27,0.0309637052897611,2025,2024-12-31,learned_order_extension,20260910,0.42175299872804267,0.42175299872804267,0,1,-0.3155812836266957,0.42175299872804267,2025-09-30,2024-12-31,nonnegative_high,3833,3838
rolling5_annual20,3577,2025-10-24,2025-11-03,-0.013331545863497,2025,2024-12-31,learned_order_extension,20260910,0.4366552310757828,0.4366552310757828,0,0,-0.25474788010034793,0.4366552310757828,2025-09-30,2024-12-31,nonnegative_high,3838,3843
rolling5_annual20,3582,2025-10-31,2025-11-10,0.0110832418536339,2025,2024-12-31,learned_order_extension,20260910,0.44422704458498696,0.44422704458498696,0,1,-0.22402406387214233,0.44422704458498696,2025-09-30,2024-12-31,nonnegative_high,3843,3848
rolling5_annual20,3587,2025-11-07,2025-11-17,-0.0152107881197579,2025,2024-12-31,learned_order_extension,20260910,0.4121821919684248,0.4121821919684248,0,0,-0.35495158448113223,0.4121821919684248,2025-09-30,2024-12-31,nonnegative_high,3848,3853
rolling5_annual20,3592,2025-11-14,2025-11-24,-0.031114557454173,2025,2024-12-31,learned_order_extension,20260910,0.3834394392569858,0.3834394392569858,0,0,-0.4749748584902615,0.3834394392569858,2025-09-30,2024-12-31,nonnegative_low,3853,3858
rolling5_annual20,3597,2025-11-21,2025-12-01,0.0147613767448515,2025,2024-12-31,learned_order_extension,20260910,0.36890976533068714,0.36890976533068714,0,1,-0.5368967792258977,0.36890976533068714,2025-09-30,2024-12-31,nonnegative_high,3858,3863
rolling5_annual20,3602,2025-11-28,2025-12-08,0.0118853804313106,2025,2024-12-31,learned_order_extension,20260910,0.32234639686295663,0.32234639686295663,0,1,-0.7430095135768728,0.32234639686295663,2025-09-30,2024-12-31,nonnegative_low,3863,3868
rolling5_annual20,3607,2025-12-05,2025-12-15,-0.0093922675990717,2025,2024-12-31,learned_order_extension,20260910,0.3536741737892265,0.3536741737892265,0,0,-0.6029276752987636,0.3536741737892265,2025-09-30,2024-12-31,nonnegative_low,3868,3873
rolling5_annual20,3612,2025-12-12,2025-12-22,0.0082791208791208,2025,2024-12-31,learned_order_extension,20260910,0.4084124508900537,0.4084124508900537,0,1,-0.37053211166197575,0.4084124508900537,2025-09-30,2024-12-31,nonnegative_low,3873,3878
rolling5_annual20,3617,2025-12-19,2025-12-29,0.0153890755001995,2025,2024-12-31,learned_order_extension,20260910,0.6626830721040038,0.6626830721040038,1,1,0.675273927660837,0.6626830721040038,2025-09-30,2024-12-31,nonnegative_low,3878,3883
rolling5_annual20,3622,2025-12-26,2026-01-12,0.0239101640737868,2025,2024-12-31,learned_order_extension,20260910,0.29817910640968603,0.29817910640968603,0,1,-0.8559838999563042,0.29817910640968603,2025-09-30,2024-12-31,nonnegative_low,3883,3891
rolling5_annual20,3384,2025-01-03,2025-01-13,-0.0189486730632231,2025,2024-12-31,learned_order_offset,20260910,0.36669421956338505,0.36669421956338505,0,0,-0.5464250594073641,0.36669421956338505,2024-12-31,2024-12-31,negative_high,3645,3650
rolling5_annual20,3389,2025-01-10,2025-01-20,0.0353251773547418,2025,2024-12-31,learned_order_offset,20260910,0.35282059228350937,0.35282059228350937,0,1,-0.6066638571621242,0.35282059228350937,2024-12-31,2024-12-31,negative_high,3650,3655
rolling5_annual20,3394,2025-01-17,2025-01-27,0.000432821422053,2025,2024-12-31,learned_order_offset,20260910,0.48807314138283653,0.48807314138283653,0,1,-0.047716486066371716,0.48807314138283653,2024-12-31,2024-12-31,negative_high,3655,3660
rolling5_annual20,3399,2025-01-24,2025-02-10,0.0159344898044284,2025,2024-12-31,learned_order_offset,20260910,0.4717801139449288,0.4717801139449288,0,1,-0.11299963112377473,0.4717801139449288,2024-12-31,2024-12-31,negative_high,3660,3664
rolling5_annual20,3403,2025-02-07,2025-02-17,0.0144454990892999,2025,2024-12-31,learned_order_offset,20260910,0.524022842955718,0.524022842955718,1,1,0.0961654131206961,0.524022842955718,2024-12-31,2024-12-31,negative_low,3664,3669
rolling5_annual20,3408,2025-02-14,2025-02-24,0.0045695818086644,2025,2024-12-31,learned_order_offset,20260910,0.5772818750748553,0.5772818750748553,1,1,0.31162507996231353,0.5772818750748553,2024-12-31,2024-12-31,negative_low,3669,3674
rolling5_annual20,3413,2025-02-21,2025-03-03,-0.0183210488158531,2025,2024-12-31,learned_order_offset,20260910,0.6395827908381064,0.6395827908381064,1,0,0.5735537997001164,0.6395827908381064,2024-12-31,2024-12-31,negative_low,3674,3679
rolling5_annual20,3418,2025-02-28,2025-03-10,0.0117650075646844,2025,2024-12-31,learned_order_offset,20260910,0.5071295431195366,0.5071295431195366,1,1,0.02852010550021905,0.5071295431195366,2024-12-31,2024-12-31,negative_low,3679,3684
rolling5_annual20,3423,2025-03-07,2025-03-17,0.019023819058288,2025,2024-12-31,learned_order_offset,20260910,0.6756470892929178,0.6756470892929178,1,1,0.7338387288761004,0.6756470892929178,2024-12-31,2024-12-31,nonnegative_low,3684,3689
rolling5_annual20,3428,2025-03-14,2025-03-24,-0.0259983485216283,2025,2024-12-31,learned_order_offset,20260910,0.455714753994421,0.455714753994421,0,0,-0.17760638441084553,0.455714753994421,2024-12-31,2024-12-31,nonnegative_low,3689,3694
rolling5_annual20,3433,2025-03-21,2025-03-31,-0.0025867506275359,2025,2024-12-31,learned_order_offset,20260910,0.5359223493617127,0.5359223493617127,1,0,0.1439373912439538,0.5359223493617127,2024-12-31,2024-12-31,negative_low,3694,3699
rolling5_annual20,3438,2025-03-28,2025-04-14,-0.0342910101946246,2025,2024-12-31,learned_order_offset,20260910,0.834993269183481,0.834993269183481,1,0,1.6214373980642964,0.834993269183481,2024-12-31,2024-12-31,negative_low,3699,3708
rolling5_annual20,3447,2025-04-11,2025-04-21,-0.0010339232881941,2025,2024-12-31,learned_order_offset,20260910,0.5649605883931398,0.5649605883931398,1,0,0.26131934527734735,0.5649605883931398,2025-03-31,2024-12-31,negative_high,3708,3713
rolling5_annual20,3452,2025-04-18,2025-04-28,0.0048432383085554,2025,2024-12-31,learned_order_offset,20260910,0.6812464486051237,0.6812464486051237,1,1,0.759505894865614,0.6812464486051237,2025-03-31,2024-12-31,negative_high,3713,3718
rolling5_annual20,3457,2025-04-25,2025-05-12,0.02116527880118,2025,2024-12-31,learned_order_offset,20260910,0.5051445248644001,0.5051445248644001,1,1,0.02057882566743624,0.5051445248644001,2025-03-31,2024-12-31,negative_high,3718,3725
rolling5_annual20,3464,2025-05-09,2025-05-19,0.0041484224873464,2025,2024-12-31,learned_order_offset,20260910,0.3288144848914296,0.3288144848914296,0,1,-0.7135518583132583,0.3288144848914296,2025-03-31,2024-12-31,negative_low,3725,3730
rolling5_annual20,3469,2025-05-16,2025-05-26,-0.0017462660042188,2025,2024-12-31,learned_order_offset,20260910,0.3043209517441266,0.3043209517441266,0,0,-0.8268055096170492,0.3043209517441266,2025-03-31,2024-12-31,negative_low,3730,3735
rolling5_annual20,3474,2025-05-23,2025-06-03,-0.0109216443615366,2025,2024-12-31,learned_order_offset,20260910,0.44478990167489674,0.44478990167489674,0,0,-0.22174455804346338,0.44478990167489674,2025-03-31,2024-12-31,negative_low,3735,3740
rolling5_annual20,3479,2025-05-30,2025-06-09,0.011566574321892,2025,2024-12-31,learned_order_offset,20260910,0.3894673260808954,0.3894673260808954,0,1,-0.4495518370864953,0.3894673260808954,2025-03-31,2024-12-31,negative_low,3740,3744
rolling5_annual20,3483,2025-06-06,2025-06-16,-0.0062354943524679,2025,2024-12-31,learned_order_offset,20260910,0.4096952673269118,0.4096952673269118,0,0,-0.3652252666890159,0.4096952673269118,2025-03-31,2024-12-31,negative_low,3744,3749
rolling5_annual20,3488,2025-06-13,2025-06-23,-0.005825691168304,2025,2024-12-31,learned_order_offset,20260910,0.3998744310516097,0.3998744310516097,0,0,-0.40598833944739776,0.3998744310516097,2025-03-31,2024-12-31,negative_low,3749,3754
rolling5_annual20,3493,2025-06-20,2025-06-30,0.0232670437490374,2025,2024-12-31,learned_order_offset,20260910,0.43535837385464177,0.43535837385464177,0,1,-0.2600217000372669,0.43535837385464177,2025-03-31,2024-12-31,negative_low,3754,3759
rolling5_annual20,3498,2025-06-27,2025-07-07,0.0145345648685946,2025,2024-12-31,learned_order_offset,20260910,0.4097128200210753,0.4097128200210753,0,1,-0.365152688901101,0.4097128200210753,2025-03-31,2024-12-31,nonnegative_low,3759,3764
rolling5_annual20,3503,2025-07-04,2025-07-14,0.0110426949002964,2025,2024-12-31,learned_order_offset,20260910,0.7138049429629315,0.7138049429629315,1,1,0.9139361399254295,0.7138049429629315,2025-06-30,2024-12-31,nonnegative_low,3764,3769
rolling5_annual20,3508,2025-07-11,2025-07-21,0.0120759671840067,2025,2024-12-31,learned_order_offset,20260910,0.8295391005206344,0.8295391005206344,1,1,1.5823643041196434,0.8295391005206344,2025-06-30,2024-12-31,nonnegative_low,3769,3774
rolling5_annual20,3513,2025-07-18,2025-07-28,0.0143570766898375,2025,2024-12-31,learned_order_offset,20260910,0.3912754070593162,0.3912754070593162,0,1,-0.44195425916665404,0.3912754070593162,2025-06-30,2024-12-31,nonnegative_low,3774,3779
rolling5_annual20,3518,2025-07-25,2025-08-04,-0.0218642507630443,2025,2024-12-31,learned_order_offset,20260910,0.4472338795260976,0.4472338795260976,0,0,-0.2118533052463617,0.4472338795260976,2025-06-30,2024-12-31,nonnegative_low,3779,3784
rolling5_annual20,3523,2025-08-01,2025-08-11,0.0179175520190988,2025,2024-12-31,learned_order_offset,20260910,0.49738369791735854,0.49738369791735854,0,1,-0.01046530384511346,0.49738369791735854,2025-06-30,2024-12-31,nonnegative_low,3784,3789
rolling5_annual20,3528,2025-08-08,2025-08-18,0.026265786598999,2025,2024-12-31,learned_order_offset,20260910,0.29021186818668443,0.29021186818668443,0,1,-0.8943552834157439,0.29021186818668443,2025-06-30,2024-12-31,nonnegative_low,3789,3794
rolling5_annual20,3533,2025-08-15,2025-08-25,0.0469483790671487,2025,2024-12-31,learned_order_offset,20260910,0.3765210913585545,0.3765210913585545,0,1,-0.5043408719730378,0.3765210913585545,2025-06-30,2024-12-31,nonnegative_low,3794,3799
rolling5_annual20,3538,2025-08-22,2025-09-01,0.0227770368340847,2025,2024-12-31,learned_order_offset,20260910,0.3535124963113698,0.3535124963113698,0,1,-0.6036350338943655,0.3535124963113698,2025-06-30,2024-12-31,nonnegative_low,3799,3804
rolling5_annual20,3543,2025-08-29,2025-09-08,-0.0110053842475337,2025,2024-12-31,learned_order_offset,20260910,0.4155611592025284,0.4155611592025284,0,0,-0.341022342667047,0.4155611592025284,2025-06-30,2024-12-31,nonnegative_low,3804,3809
rolling5_annual20,3548,2025-09-05,2025-09-15,0.0151594857594405,2025,2024-12-31,learned_order_offset,20260910,0.44480586026466634,0.44480586026466634,0,1,-0.2216799360001029,0.44480586026466634,2025-06-30,2024-12-31,nonnegative_high,3809,3814
rolling5_annual20,3553,2025-09-12,2025-09-22,-0.0050409160971932,2025,2024-12-31,learned_order_offset,20260910,0.4900756775013041,0.4900756775013041,0,0,-0.03970250439077749,0.4900756775013041,2025-06-30,2024-12-31,nonnegative_high,3814,3819
rolling5_annual20,3558,2025-09-19,2025-09-29,0.0095300784790881,2025,2024-12-31,learned_order_offset,20260910,0.4492520954551793,0.4492520954551793,0,1,-0.203692990951218,0.4492520954551793,2025-06-30,2024-12-31,nonnegative_high,3819,3824
rolling5_annual20,3563,2025-09-26,2025-10-13,-0.0140855274279203,2025,2024-12-31,learned_order_offset,20260910,0.4335073624553348,0.4335073624553348,0,0,-0.2675553041671968,0.4335073624553348,2025-06-30,2024-12-31,nonnegative_high,3824,3828
rolling5_annual20,3567,2025-10-10,2025-10-20,0.015001547584321,2025,2024-12-31,learned_order_offset,20260910,0.4383291264578575,0.4383291264578575,0,1,-0.24794598561315923,0.4383291264578575,2025-09-30,2024-12-31,nonnegative_high,3828,3833
rolling5_annual20,3572,2025-10-17,2025-10-27,0.0309637052897611,2025,2024-12-31,learned_order_offset,20260910,0.42244156693704515,0.42244156693704515,0,1,-0.3127584859454241,0.42244156693704515,2025-09-30,2024-12-31,nonnegative_high,3833,3838
rolling5_annual20,3577,2025-10-24,2025-11-03,-0.013331545863497,2025,2024-12-31,learned_order_offset,20260910,0.4373772094377323,0.4373772094377323,0,0,-0.25181340232696303,0.4373772094377323,2025-09-30,2024-12-31,nonnegative_high,3838,3843
rolling5_annual20,3582,2025-10-31,2025-11-10,0.0110832418536339,2025,2024-12-31,learned_order_offset,20260910,0.4448868201240668,0.4448868201240668,0,1,-0.22135210764308966,0.4448868201240668,2025-09-30,2024-12-31,nonnegative_high,3843,3848
rolling5_annual20,3587,2025-11-07,2025-11-17,-0.0152107881197579,2025,2024-12-31,learned_order_offset,20260910,0.4128358919320841,0.4128358919320841,0,0,-0.35225419367209454,0.4128358919320841,2025-09-30,2024-12-31,nonnegative_high,3848,3853
rolling5_annual20,3592,2025-11-14,2025-11-24,-0.031114557454173,2025,2024-12-31,learned_order_offset,20260910,0.3842630437962762,0.3842630437962762,0,0,-0.4714925252234003,0.3842630437962762,2025-09-30,2024-12-31,nonnegative_low,3853,3858
rolling5_annual20,3597,2025-11-21,2025-12-01,0.0147613767448515,2025,2024-12-31,learned_order_offset,20260910,0.369912667424471,0.369912667424471,0,1,-0.5325914891240915,0.369912667424471,2025-09-30,2024-12-31,nonnegative_high,3858,3863
rolling5_annual20,3602,2025-11-28,2025-12-08,0.0118853804313106,2025,2024-12-31,learned_order_offset,20260910,0.3228815407821598,0.3228815407821598,0,1,-0.7405607251435937,0.3228815407821598,2025-09-30,2024-12-31,nonnegative_low,3863,3868
rolling5_annual20,3607,2025-12-05,2025-12-15,-0.0093922675990717,2025,2024-12-31,learned_order_offset,20260910,0.3542499269143583,0.3542499269143583,0,0,-0.6004098728955585,0.3542499269143583,2025-09-30,2024-12-31,nonnegative_low,3868,3873
rolling5_annual20,3612,2025-12-12,2025-12-22,0.0082791208791208,2025,2024-12-31,learned_order_offset,20260910,0.4080196331095147,0.4080196331095147,0,1,-0.37215817668485296,0.4080196331095147,2025-09-30,2024-12-31,nonnegative_low,3873,3878
rolling5_annual20,3617,2025-12-19,2025-12-29,0.0153890755001995,2025,2024-12-31,learned_order_offset,20260910,0.6618244415513685,0.6618244415513685,1,1,0.6714351624019018,0.6618244415513685,2025-09-30,2024-12-31,nonnegative_low,3878,3883
rolling5_annual20,3622,2025-12-26,2026-01-12,0.0239101640737868,2025,2024-12-31,learned_order_offset,20260910,0.2985952086190204,0.2985952086190204,0,1,-0.8539963300260064,0.2985952086190204,2025-09-30,2024-12-31,nonnegative_low,3883,3891
rolling5_annual20,3384,2025-01-03,2025-01-13,-0.0189486730632231,2025,2024-12-31,learned_market,20260911,0.42821132783780086,0.42821132783780086,0,0,-0.28915263849839024,0.42821132783780086,2024-12-31,2024-12-31,negative_high,3645,3650
rolling5_annual20,3389,2025-01-10,2025-01-20,0.0353251773547418,2025,2024-12-31,learned_market,20260911,0.3899957296673264,0.3899957296673264,0,1,-0.4473301681954326,0.3899957296673264,2024-12-31,2024-12-31,negative_high,3650,3655
rolling5_annual20,3394,2025-01-17,2025-01-27,0.000432821422053,2025,2024-12-31,learned_market,20260911,0.5369659260153571,0.5369659260153571,1,1,0.14813399471265232,0.5369659260153571,2024-12-31,2024-12-31,negative_high,3655,3660
rolling5_annual20,3399,2025-01-24,2025-02-10,0.0159344898044284,2025,2024-12-31,learned_market,20260911,0.579417237715051,0.579417237715051,1,1,0.3203815570698352,0.579417237715051,2024-12-31,2024-12-31,negative_high,3660,3664
rolling5_annual20,3403,2025-02-07,2025-02-17,0.0144454990892999,2025,2024-12-31,learned_market,20260911,0.6179638900480853,0.6179638900480853,1,1,0.4809148925987117,0.6179638900480853,2024-12-31,2024-12-31,negative_low,3664,3669
rolling5_annual20,3408,2025-02-14,2025-02-24,0.0045695818086644,2025,2024-12-31,learned_market,20260911,0.616114705527485,0.616114705527485,1,1,0.47308936081727176,0.616114705527485,2024-12-31,2024-12-31,negative_low,3669,3674
rolling5_annual20,3413,2025-02-21,2025-03-03,-0.0183210488158531,2025,2024-12-31,learned_market,20260911,0.562117179520429,0.562117179520429,1,0,0.24975899121299666,0.562117179520429,2024-12-31,2024-12-31,negative_low,3674,3679
rolling5_annual20,3418,2025-02-28,2025-03-10,0.0117650075646844,2025,2024-12-31,learned_market,20260911,0.5285781284571346,0.5285781284571346,1,1,0.11443723853661501,0.5285781284571346,2024-12-31,2024-12-31,negative_low,3679,3684
rolling5_annual20,3423,2025-03-07,2025-03-17,0.019023819058288,2025,2024-12-31,learned_market,20260911,0.4669000809915797,0.4669000809915797,0,1,-0.1325935964594966,0.4669000809915797,2024-12-31,2024-12-31,nonnegative_low,3684,3689
rolling5_annual20,3428,2025-03-14,2025-03-24,-0.0259983485216283,2025,2024-12-31,learned_market,20260911,0.5699083421091582,0.5699083421091582,1,0,0.28147720072271765,0.5699083421091582,2024-12-31,2024-12-31,nonnegative_low,3689,3694
rolling5_annual20,3433,2025-03-21,2025-03-31,-0.0025867506275359,2025,2024-12-31,learned_market,20260911,0.41241409635776066,0.41241409635776066,0,0,-0.353994521461358,0.41241409635776066,2024-12-31,2024-12-31,negative_low,3694,3699
rolling5_annual20,3438,2025-03-28,2025-04-14,-0.0342910101946246,2025,2024-12-31,learned_market,20260911,0.48277123146752016,0.48277123146752016,0,0,-0.06894236836813308,0.48277123146752016,2024-12-31,2024-12-31,negative_low,3699,3708
rolling5_annual20,3447,2025-04-11,2025-04-21,-0.0010339232881941,2025,2024-12-31,learned_market,20260911,0.5805268836119362,0.5805268836119362,1,0,0.3249366722349409,0.5805268836119362,2025-03-31,2024-12-31,negative_high,3708,3713
rolling5_annual20,3452,2025-04-18,2025-04-28,0.0048432383085554,2025,2024-12-31,learned_market,20260911,0.5688872565915271,0.5688872565915271,1,1,0.2773126298898122,0.5688872565915271,2025-03-31,2024-12-31,negative_high,3713,3718
rolling5_annual20,3457,2025-04-25,2025-05-12,0.02116527880118,2025,2024-12-31,learned_market,20260911,0.46122086100259085,0.46122086100259085,0,1,-0.15542870688038762,0.46122086100259085,2025-03-31,2024-12-31,negative_high,3718,3725
rolling5_annual20,3464,2025-05-09,2025-05-19,0.0041484224873464,2025,2024-12-31,learned_market,20260911,0.36466861561285696,0.36466861561285696,0,1,-0.5551576891860966,0.36466861561285696,2025-03-31,2024-12-31,negative_low,3725,3730
rolling5_annual20,3469,2025-05-16,2025-05-26,-0.0017462660042188,2025,2024-12-31,learned_market,20260911,0.18741885684315504,0.18741885684315504,0,0,-1.4668697894799558,0.18741885684315504,2025-03-31,2024-12-31,negative_low,3730,3735
rolling5_annual20,3474,2025-05-23,2025-06-03,-0.0109216443615366,2025,2024-12-31,learned_market,20260911,0.3329216730635309,0.3329216730635309,0,0,-0.6950002244225388,0.3329216730635309,2025-03-31,2024-12-31,negative_low,3735,3740
rolling5_annual20,3479,2025-05-30,2025-06-09,0.011566574321892,2025,2024-12-31,learned_market,20260911,0.27007284209566695,0.27007284209566695,0,1,-0.9942530373187113,0.27007284209566695,2025-03-31,2024-12-31,negative_low,3740,3744
rolling5_annual20,3483,2025-06-06,2025-06-16,-0.0062354943524679,2025,2024-12-31,learned_market,20260911,0.5350200825873069,0.5350200825873069,1,0,0.14031006744294605,0.5350200825873069,2025-03-31,2024-12-31,negative_low,3744,3749
rolling5_annual20,3488,2025-06-13,2025-06-23,-0.005825691168304,2025,2024-12-31,learned_market,20260911,0.46140451244920655,0.46140451244920655,0,0,-0.1546896766348774,0.46140451244920655,2025-03-31,2024-12-31,negative_low,3749,3754
rolling5_annual20,3493,2025-06-20,2025-06-30,0.0232670437490374,2025,2024-12-31,learned_market,20260911,0.5232923093031243,0.5232923093031243,1,1,0.09323672145340105,0.5232923093031243,2025-03-31,2024-12-31,negative_low,3754,3759
rolling5_annual20,3498,2025-06-27,2025-07-07,0.0145345648685946,2025,2024-12-31,learned_market,20260911,0.5610127223665392,0.5610127223665392,1,1,0.24527315095934416,0.5610127223665392,2025-03-31,2024-12-31,nonnegative_low,3759,3764
rolling5_annual20,3503,2025-07-04,2025-07-14,0.0110426949002964,2025,2024-12-31,learned_market,20260911,0.6568898114490267,0.6568898114490267,1,1,0.6494646447333315,0.6568898114490267,2025-06-30,2024-12-31,nonnegative_low,3764,3769
rolling5_annual20,3508,2025-07-11,2025-07-21,0.0120759671840067,2025,2024-12-31,learned_market,20260911,0.43798275099067796,0.43798275099067796,0,1,-0.249353013308941,0.43798275099067796,2025-06-30,2024-12-31,nonnegative_low,3769,3774
rolling5_annual20,3513,2025-07-18,2025-07-28,0.0143570766898375,2025,2024-12-31,learned_market,20260911,0.45123982610211855,0.45123982610211855,0,1,-0.1956625409914902,0.45123982610211855,2025-06-30,2024-12-31,nonnegative_low,3774,3779
rolling5_annual20,3518,2025-07-25,2025-08-04,-0.0218642507630443,2025,2024-12-31,learned_market,20260911,0.37704556959575936,0.37704556959575936,0,0,-0.5021073162910276,0.37704556959575936,2025-06-30,2024-12-31,nonnegative_low,3779,3784
rolling5_annual20,3523,2025-08-01,2025-08-11,0.0179175520190988,2025,2024-12-31,learned_market,20260911,0.3633584459405606,0.3633584459405606,0,1,-0.5608169862747485,0.3633584459405606,2025-06-30,2024-12-31,nonnegative_low,3784,3789
rolling5_annual20,3528,2025-08-08,2025-08-18,0.026265786598999,2025,2024-12-31,learned_market,20260911,0.25506671682854865,0.25506671682854865,0,1,-1.0717695160196545,0.25506671682854865,2025-06-30,2024-12-31,nonnegative_low,3789,3794
rolling5_annual20,3533,2025-08-15,2025-08-25,0.0469483790671487,2025,2024-12-31,learned_market,20260911,0.43449755283990127,0.43449755283990127,0,1,-0.2635243104135668,0.43449755283990127,2025-06-30,2024-12-31,nonnegative_low,3794,3799
rolling5_annual20,3538,2025-08-22,2025-09-01,0.0227770368340847,2025,2024-12-31,learned_market,20260911,0.2874119167958537,0.2874119167958537,0,1,-0.9079870931191452,0.2874119167958537,2025-06-30,2024-12-31,nonnegative_low,3799,3804
rolling5_annual20,3543,2025-08-29,2025-09-08,-0.0110053842475337,2025,2024-12-31,learned_market,20260911,0.4144480705711107,0.4144480705711107,0,0,-0.3456071869231714,0.4144480705711107,2025-06-30,2024-12-31,nonnegative_low,3804,3809
rolling5_annual20,3548,2025-09-05,2025-09-15,0.0151594857594405,2025,2024-12-31,learned_market,20260911,0.3838102273043383,0.3838102273043383,0,1,-0.47340675794429865,0.3838102273043383,2025-06-30,2024-12-31,nonnegative_high,3809,3814
rolling5_annual20,3553,2025-09-12,2025-09-22,-0.0050409160971932,2025,2024-12-31,learned_market,20260911,0.5124875202553011,0.5124875202553011,1,0,0.049960470408169796,0.5124875202553011,2025-06-30,2024-12-31,nonnegative_high,3814,3819
rolling5_annual20,3558,2025-09-19,2025-09-29,0.0095300784790881,2025,2024-12-31,learned_market,20260911,0.3928507736042907,0.3928507736042907,0,1,-0.43534477451197945,0.3928507736042907,2025-06-30,2024-12-31,nonnegative_high,3819,3824
rolling5_annual20,3563,2025-09-26,2025-10-13,-0.0140855274279203,2025,2024-12-31,learned_market,20260911,0.41332433429860765,0.41332433429860765,0,0,-0.3502395406744241,0.41332433429860765,2025-06-30,2024-12-31,nonnegative_high,3824,3828
rolling5_annual20,3567,2025-10-10,2025-10-20,0.015001547584321,2025,2024-12-31,learned_market,20260911,0.39652535500617797,0.39652535500617797,0,1,-0.4199640403062322,0.39652535500617797,2025-09-30,2024-12-31,nonnegative_high,3828,3833
rolling5_annual20,3572,2025-10-17,2025-10-27,0.0309637052897611,2025,2024-12-31,learned_market,20260911,0.42439454752251166,0.42439454752251166,0,1,-0.3047588884924911,0.42439454752251166,2025-09-30,2024-12-31,nonnegative_high,3833,3838
rolling5_annual20,3577,2025-10-24,2025-11-03,-0.013331545863497,2025,2024-12-31,learned_market,20260911,0.4963236766187404,0.4963236766187404,0,0,-0.01470555852995678,0.4963236766187404,2025-09-30,2024-12-31,nonnegative_high,3838,3843
rolling5_annual20,3582,2025-10-31,2025-11-10,0.0110832418536339,2025,2024-12-31,learned_market,20260911,0.4730427794043573,0.4730427794043573,0,1,-0.10793354278854954,0.4730427794043573,2025-09-30,2024-12-31,nonnegative_high,3843,3848
rolling5_annual20,3587,2025-11-07,2025-11-17,-0.0152107881197579,2025,2024-12-31,learned_market,20260911,0.44365920815082127,0.44365920815082127,0,0,-0.22632432295754493,0.44365920815082127,2025-09-30,2024-12-31,nonnegative_high,3848,3853
rolling5_annual20,3592,2025-11-14,2025-11-24,-0.031114557454173,2025,2024-12-31,learned_market,20260911,0.3630011295793128,0.3630011295793128,0,0,-0.5623619362419157,0.3630011295793128,2025-09-30,2024-12-31,nonnegative_low,3853,3858
rolling5_annual20,3597,2025-11-21,2025-12-01,0.0147613767448515,2025,2024-12-31,learned_market,20260911,0.4325167072212306,0.4325167072212306,0,1,-0.2715903538456931,0.4325167072212306,2025-09-30,2024-12-31,nonnegative_high,3858,3863
rolling5_annual20,3602,2025-11-28,2025-12-08,0.0118853804313106,2025,2024-12-31,learned_market,20260911,0.4434066953212215,0.4434066953212215,0,1,-0.2273474230298382,0.4434066953212215,2025-09-30,2024-12-31,nonnegative_low,3863,3868
rolling5_annual20,3607,2025-12-05,2025-12-15,-0.0093922675990717,2025,2024-12-31,learned_market,20260911,0.47126486204905454,0.47126486204905454,0,0,-0.11506734630171178,0.47126486204905454,2025-09-30,2024-12-31,nonnegative_low,3868,3873
rolling5_annual20,3612,2025-12-12,2025-12-22,0.0082791208791208,2025,2024-12-31,learned_market,20260911,0.466174156942272,0.466174156942272,0,1,-0.13551035751916574,0.466174156942272,2025-09-30,2024-12-31,nonnegative_low,3873,3878
rolling5_annual20,3617,2025-12-19,2025-12-29,0.0153890755001995,2025,2024-12-31,learned_market,20260911,0.5523517140626968,0.5523517140626968,1,1,0.2101771584832902,0.5523517140626968,2025-09-30,2024-12-31,nonnegative_low,3878,3883
rolling5_annual20,3622,2025-12-26,2026-01-12,0.0239101640737868,2025,2024-12-31,learned_market,20260911,0.533323234860134,0.533323234860134,1,1,0.1334908184567165,0.533323234860134,2025-09-30,2024-12-31,nonnegative_low,3883,3891
rolling5_annual20,3384,2025-01-03,2025-01-13,-0.0189486730632231,2025,2024-12-31,learned_vol_interaction,20260911,0.4305231359543153,0.4305231359543153,0,0,-0.27971709255459987,0.4305231359543153,2024-12-31,2024-12-31,negative_high,3645,3650
rolling5_annual20,3389,2025-01-10,2025-01-20,0.0353251773547418,2025,2024-12-31,learned_vol_interaction,20260911,0.38884089510088987,0.38884089510088987,0,1,-0.4521870761624487,0.38884089510088987,2024-12-31,2024-12-31,negative_high,3650,3655
rolling5_annual20,3394,2025-01-17,2025-01-27,0.000432821422053,2025,2024-12-31,learned_vol_interaction,20260911,0.5344292773183893,0.5344292773183893,1,1,0.137935392521268,0.5344292773183893,2024-12-31,2024-12-31,negative_high,3655,3660
rolling5_annual20,3399,2025-01-24,2025-02-10,0.0159344898044284,2025,2024-12-31,learned_vol_interaction,20260911,0.5733087009015438,0.5733087009015438,1,1,0.29536351783149395,0.5733087009015438,2024-12-31,2024-12-31,negative_high,3660,3664
rolling5_annual20,3403,2025-02-07,2025-02-17,0.0144454990892999,2025,2024-12-31,learned_vol_interaction,20260911,0.6229730094392066,0.6229730094392066,1,1,0.5021864164315822,0.6229730094392066,2024-12-31,2024-12-31,negative_low,3664,3669
rolling5_annual20,3408,2025-02-14,2025-02-24,0.0045695818086644,2025,2024-12-31,learned_vol_interaction,20260911,0.6249392220388966,0.6249392220388966,1,1,0.51056631286937,0.6249392220388966,2024-12-31,2024-12-31,negative_low,3669,3674
rolling5_annual20,3413,2025-02-21,2025-03-03,-0.0183210488158531,2025,2024-12-31,learned_vol_interaction,20260911,0.5770853748295083,0.5770853748295083,1,0,0.3108198919447186,0.5770853748295083,2024-12-31,2024-12-31,negative_low,3674,3679
rolling5_annual20,3418,2025-02-28,2025-03-10,0.0117650075646844,2025,2024-12-31,learned_vol_interaction,20260911,0.5320196258694382,0.5320196258694382,1,1,0.12825401997335836,0.5320196258694382,2024-12-31,2024-12-31,negative_low,3679,3684
rolling5_annual20,3423,2025-03-07,2025-03-17,0.019023819058288,2025,2024-12-31,learned_vol_interaction,20260911,0.4709950343968562,0.4709950343968562,0,1,-0.11615026730866354,0.4709950343968562,2024-12-31,2024-12-31,nonnegative_low,3684,3689
rolling5_annual20,3428,2025-03-14,2025-03-24,-0.0259983485216283,2025,2024-12-31,learned_vol_interaction,20260911,0.5689479286300063,0.5689479286300063,1,0,0.277560018057634,0.5689479286300063,2024-12-31,2024-12-31,nonnegative_low,3689,3694
rolling5_annual20,3433,2025-03-21,2025-03-31,-0.0025867506275359,2025,2024-12-31,learned_vol_interaction,20260911,0.4073280883173269,0.4073280883173269,0,0,-0.3750220027157046,0.4073280883173269,2024-12-31,2024-12-31,negative_low,3694,3699
rolling5_annual20,3438,2025-03-28,2025-04-14,-0.0342910101946246,2025,2024-12-31,learned_vol_interaction,20260911,0.4833458290624725,0.4833458290624725,0,0,-0.06664133602548655,0.4833458290624725,2024-12-31,2024-12-31,negative_low,3699,3708
rolling5_annual20,3447,2025-04-11,2025-04-21,-0.0010339232881941,2025,2024-12-31,learned_vol_interaction,20260911,0.5558462748112867,0.5558462748112867,1,0,0.2243210414577474,0.5558462748112867,2025-03-31,2024-12-31,negative_high,3708,3713
rolling5_annual20,3452,2025-04-18,2025-04-28,0.0048432383085554,2025,2024-12-31,learned_vol_interaction,20260911,0.5512669000081979,0.5512669000081979,1,1,0.20579080499443733,0.5512669000081979,2025-03-31,2024-12-31,negative_high,3713,3718
rolling5_annual20,3457,2025-04-25,2025-05-12,0.02116527880118,2025,2024-12-31,learned_vol_interaction,20260911,0.46126589698872084,0.46126589698872084,0,1,-0.15524747403394384,0.46126589698872084,2025-03-31,2024-12-31,negative_high,3718,3725
rolling5_annual20,3464,2025-05-09,2025-05-19,0.0041484224873464,2025,2024-12-31,learned_vol_interaction,20260911,0.3657811119346164,0.3657811119346164,0,1,-0.5503590444950865,0.3657811119346164,2025-03-31,2024-12-31,negative_low,3725,3730
rolling5_annual20,3469,2025-05-16,2025-05-26,-0.0017462660042188,2025,2024-12-31,learned_vol_interaction,20260911,0.17005088379113875,0.17005088379113875,0,0,-1.5852666844564092,0.17005088379113875,2025-03-31,2024-12-31,negative_low,3730,3735
rolling5_annual20,3474,2025-05-23,2025-06-03,-0.0109216443615366,2025,2024-12-31,learned_vol_interaction,20260911,0.33365244663818855,0.33365244663818855,0,0,-0.6917115140466596,0.33365244663818855,2025-03-31,2024-12-31,negative_low,3735,3740
rolling5_annual20,3479,2025-05-30,2025-06-09,0.011566574321892,2025,2024-12-31,learned_vol_interaction,20260911,0.25952747706866647,0.25952747706866647,0,1,-1.0484259452589892,0.25952747706866647,2025-03-31,2024-12-31,negative_low,3740,3744
rolling5_annual20,3483,2025-06-06,2025-06-16,-0.0062354943524679,2025,2024-12-31,learned_vol_interaction,20260911,0.5526607674508816,0.5526607674508816,1,0,0.21142715658324016,0.5526607674508816,2025-03-31,2024-12-31,negative_low,3744,3749
rolling5_annual20,3488,2025-06-13,2025-06-23,-0.005825691168304,2025,2024-12-31,learned_vol_interaction,20260911,0.47804200570352084,0.47804200570352084,0,0,-0.08788850727705247,0.47804200570352084,2025-03-31,2024-12-31,negative_low,3749,3754
rolling5_annual20,3493,2025-06-20,2025-06-30,0.0232670437490374,2025,2024-12-31,learned_vol_interaction,20260911,0.5462388483085826,0.5462388483085826,1,1,0.185485369198227,0.5462388483085826,2025-03-31,2024-12-31,negative_low,3754,3759
rolling5_annual20,3498,2025-06-27,2025-07-07,0.0145345648685946,2025,2024-12-31,learned_vol_interaction,20260911,0.578261270104434,0.578261270104434,1,1,0.3156397921125481,0.578261270104434,2025-03-31,2024-12-31,nonnegative_low,3759,3764
rolling5_annual20,3503,2025-07-04,2025-07-14,0.0110426949002964,2025,2024-12-31,learned_vol_interaction,20260911,0.6743637676475238,0.6743637676475238,1,1,0.727988773268141,0.6743637676475238,2025-06-30,2024-12-31,nonnegative_low,3764,3769
rolling5_annual20,3508,2025-07-11,2025-07-21,0.0120759671840067,2025,2024-12-31,learned_vol_interaction,20260911,0.44186685371591494,0.44186685371591494,0,1,-0.23358894656980164,0.44186685371591494,2025-06-30,2024-12-31,nonnegative_low,3769,3774
rolling5_annual20,3513,2025-07-18,2025-07-28,0.0143570766898375,2025,2024-12-31,learned_vol_interaction,20260911,0.4541727142574433,0.4541727142574433,0,1,-0.18382504564745655,0.4541727142574433,2025-06-30,2024-12-31,nonnegative_low,3774,3779
rolling5_annual20,3518,2025-07-25,2025-08-04,-0.0218642507630443,2025,2024-12-31,learned_vol_interaction,20260911,0.3697066493096656,0.3697066493096656,0,0,-0.5334754955561309,0.3697066493096656,2025-06-30,2024-12-31,nonnegative_low,3779,3784
rolling5_annual20,3523,2025-08-01,2025-08-11,0.0179175520190988,2025,2024-12-31,learned_vol_interaction,20260911,0.3568661377683452,0.3568661377683452,0,1,-0.5889921392167646,0.3568661377683452,2025-06-30,2024-12-31,nonnegative_low,3784,3789
rolling5_annual20,3528,2025-08-08,2025-08-18,0.026265786598999,2025,2024-12-31,learned_vol_interaction,20260911,0.24449969015279646,0.24449969015279646,0,1,-1.1281661501893556,0.24449969015279646,2025-06-30,2024-12-31,nonnegative_low,3789,3794
rolling5_annual20,3533,2025-08-15,2025-08-25,0.0469483790671487,2025,2024-12-31,learned_vol_interaction,20260911,0.4318144455464327,0.4318144455464327,0,1,-0.2744520739746378,0.4318144455464327,2025-06-30,2024-12-31,nonnegative_low,3794,3799
rolling5_annual20,3538,2025-08-22,2025-09-01,0.0227770368340847,2025,2024-12-31,learned_vol_interaction,20260911,0.27370668176480956,0.27370668176480956,0,1,-0.9758969243576802,0.27370668176480956,2025-06-30,2024-12-31,nonnegative_low,3799,3804
rolling5_annual20,3543,2025-08-29,2025-09-08,-0.0110053842475337,2025,2024-12-31,learned_vol_interaction,20260911,0.40151160251610146,0.40151160251610146,0,0,-0.39917070792598003,0.40151160251610146,2025-06-30,2024-12-31,nonnegative_low,3804,3809
rolling5_annual20,3548,2025-09-05,2025-09-15,0.0151594857594405,2025,2024-12-31,learned_vol_interaction,20260911,0.3754866622737605,0.3754866622737605,0,1,-0.5087497361222563,0.3754866622737605,2025-06-30,2024-12-31,nonnegative_high,3809,3814
rolling5_annual20,3553,2025-09-12,2025-09-22,-0.0050409160971932,2025,2024-12-31,learned_vol_interaction,20260911,0.5014167977109265,0.5014167977109265,1,0,0.005667206011567644,0.5014167977109265,2025-06-30,2024-12-31,nonnegative_high,3814,3819
rolling5_annual20,3558,2025-09-19,2025-09-29,0.0095300784790881,2025,2024-12-31,learned_vol_interaction,20260911,0.38974705652523406,0.38974705652523406,0,1,-0.44837557695609453,0.38974705652523406,2025-06-30,2024-12-31,nonnegative_high,3819,3824
rolling5_annual20,3563,2025-09-26,2025-10-13,-0.0140855274279203,2025,2024-12-31,learned_vol_interaction,20260911,0.40553483605344315,0.40553483605344315,0,0,-0.38245533843167157,0.40553483605344315,2025-06-30,2024-12-31,nonnegative_high,3824,3828
rolling5_annual20,3567,2025-10-10,2025-10-20,0.015001547584321,2025,2024-12-31,learned_vol_interaction,20260911,0.39263370477182047,0.39263370477182047,0,1,-0.4362549325170238,0.39263370477182047,2025-09-30,2024-12-31,nonnegative_high,3828,3833
rolling5_annual20,3572,2025-10-17,2025-10-27,0.0309637052897611,2025,2024-12-31,learned_vol_interaction,20260911,0.42128573794261726,0.42128573794261726,0,1,-0.31749753735497493,0.42128573794261726,2025-09-30,2024-12-31,nonnegative_high,3833,3838
rolling5_annual20,3577,2025-10-24,2025-11-03,-0.013331545863497,2025,2024-12-31,learned_vol_interaction,20260911,0.49112931362620926,0.49112931362620926,0,0,-0.035486469004365084,0.49112931362620926,2025-09-30,2024-12-31,nonnegative_high,3838,3843
rolling5_annual20,3582,2025-10-31,2025-11-10,0.0110832418536339,2025,2024-12-31,learned_vol_interaction,20260911,0.46985105287253015,0.46985105287253015,0,1,-0.12074226368391039,0.46985105287253015,2025-09-30,2024-12-31,nonnegative_high,3843,3848
rolling5_annual20,3587,2025-11-07,2025-11-17,-0.0152107881197579,2025,2024-12-31,learned_vol_interaction,20260911,0.4380619074891022,0.4380619074891022,0,0,-0.2490314464635242,0.4380619074891022,2025-09-30,2024-12-31,nonnegative_high,3848,3853
rolling5_annual20,3592,2025-11-14,2025-11-24,-0.031114557454173,2025,2024-12-31,learned_vol_interaction,20260911,0.3608128995476907,0.3608128995476907,0,0,-0.5718376733032062,0.3608128995476907,2025-09-30,2024-12-31,nonnegative_low,3853,3858
rolling5_annual20,3597,2025-11-21,2025-12-01,0.0147613767448515,2025,2024-12-31,learned_vol_interaction,20260911,0.43045334038020117,0.43045334038020117,0,1,-0.280001777103601,0.43045334038020117,2025-09-30,2024-12-31,nonnegative_high,3858,3863
rolling5_annual20,3602,2025-11-28,2025-12-08,0.0118853804313106,2025,2024-12-31,learned_vol_interaction,20260911,0.44305774903695255,0.44305774903695255,0,1,-0.228761435301354,0.44305774903695255,2025-09-30,2024-12-31,nonnegative_low,3863,3868
rolling5_annual20,3607,2025-12-05,2025-12-15,-0.0093922675990717,2025,2024-12-31,learned_vol_interaction,20260911,0.47164710073246285,0.47164710073246285,0,0,-0.1135333922687169,0.47164710073246285,2025-09-30,2024-12-31,nonnegative_low,3868,3873
rolling5_annual20,3612,2025-12-12,2025-12-22,0.0082791208791208,2025,2024-12-31,learned_vol_interaction,20260911,0.46870417547105653,0.46870417547105653,0,1,-0.12534716094464038,0.46870417547105653,2025-09-30,2024-12-31,nonnegative_low,3873,3878
rolling5_annual20,3617,2025-12-19,2025-12-29,0.0153890755001995,2025,2024-12-31,learned_vol_interaction,20260911,0.5642517372007931,0.5642517372007931,1,1,0.2584357967707015,0.5642517372007931,2025-09-30,2024-12-31,nonnegative_low,3878,3883
rolling5_annual20,3622,2025-12-26,2026-01-12,0.0239101640737868,2025,2024-12-31,learned_vol_interaction,20260911,0.5419304727663321,0.5419304727663321,1,1,0.16811673540244104,0.5419304727663321,2025-09-30,2024-12-31,nonnegative_low,3883,3891
rolling5_annual20,3384,2025-01-03,2025-01-13,-0.0189486730632231,2025,2024-12-31,learned_order_extension,20260911,0.43065388292304235,0.43065388292304235,0,0,-0.2791838276919214,0.43065388292304235,2024-12-31,2024-12-31,negative_high,3645,3650
rolling5_annual20,3389,2025-01-10,2025-01-20,0.0353251773547418,2025,2024-12-31,learned_order_extension,20260911,0.3891931634884253,0.3891931634884253,0,1,-0.45070498139006937,0.3891931634884253,2024-12-31,2024-12-31,negative_high,3650,3655
rolling5_annual20,3394,2025-01-17,2025-01-27,0.000432821422053,2025,2024-12-31,learned_order_extension,20260911,0.5293310636016386,0.5293310636016386,1,1,0.1174591134739818,0.5293310636016386,2024-12-31,2024-12-31,negative_high,3655,3660
rolling5_annual20,3399,2025-01-24,2025-02-10,0.0159344898044284,2025,2024-12-31,learned_order_extension,20260911,0.5678795814188538,0.5678795814188538,1,1,0.2732050955836607,0.5678795814188538,2024-12-31,2024-12-31,negative_high,3660,3664
rolling5_annual20,3403,2025-02-07,2025-02-17,0.0144454990892999,2025,2024-12-31,learned_order_extension,20260911,0.6181569415812861,0.6181569415812861,1,1,0.48173269364431176,0.6181569415812861,2024-12-31,2024-12-31,negative_low,3664,3669
rolling5_annual20,3408,2025-02-14,2025-02-24,0.0045695818086644,2025,2024-12-31,learned_order_extension,20260911,0.623244763024503,0.623244763024503,1,1,0.5033435818705859,0.623244763024503,2024-12-31,2024-12-31,negative_low,3669,3674
rolling5_annual20,3413,2025-02-21,2025-03-03,-0.0183210488158531,2025,2024-12-31,learned_order_extension,20260911,0.5698307059548449,0.5698307059548449,1,0,0.281160471329422,0.5698307059548449,2024-12-31,2024-12-31,negative_low,3674,3679
rolling5_annual20,3418,2025-02-28,2025-03-10,0.0117650075646844,2025,2024-12-31,learned_order_extension,20260911,0.5277004284689892,0.5277004284689892,1,1,0.11091528266194306,0.5277004284689892,2024-12-31,2024-12-31,negative_low,3679,3684
rolling5_annual20,3423,2025-03-07,2025-03-17,0.019023819058288,2025,2024-12-31,learned_order_extension,20260911,0.4694347191401159,0.4694347191401159,0,1,-0.12241376021128914,0.4694347191401159,2024-12-31,2024-12-31,nonnegative_low,3684,3689
rolling5_annual20,3428,2025-03-14,2025-03-24,-0.0259983485216283,2025,2024-12-31,learned_order_extension,20260911,0.5654667556034778,0.5654667556034778,1,0,0.2633790525894269,0.5654667556034778,2024-12-31,2024-12-31,nonnegative_low,3689,3694
rolling5_annual20,3433,2025-03-21,2025-03-31,-0.0025867506275359,2025,2024-12-31,learned_order_extension,20260911,0.40561065982780425,0.40561065982780425,0,0,-0.38214082592293663,0.40561065982780425,2024-12-31,2024-12-31,negative_low,3694,3699
rolling5_annual20,3438,2025-03-28,2025-04-14,-0.0342910101946246,2025,2024-12-31,learned_order_extension,20260911,0.47795042275731253,0.47795042275731253,0,0,-0.08825554990202178,0.47795042275731253,2024-12-31,2024-12-31,negative_low,3699,3708
rolling5_annual20,3447,2025-04-11,2025-04-21,-0.0010339232881941,2025,2024-12-31,learned_order_extension,20260911,0.5534048068203342,0.5534048068203342,1,0,0.21443717708966664,0.5534048068203342,2025-03-31,2024-12-31,negative_high,3708,3713
rolling5_annual20,3452,2025-04-18,2025-04-28,0.0048432383085554,2025,2024-12-31,learned_order_extension,20260911,0.5527203776973565,0.5527203776973565,1,1,0.21166827523687604,0.5527203776973565,2025-03-31,2024-12-31,negative_high,3713,3718
rolling5_annual20,3457,2025-04-25,2025-05-12,0.02116527880118,2025,2024-12-31,learned_order_extension,20260911,0.46353892920875955,0.46353892920875955,0,1,-0.1461036268632418,0.46353892920875955,2025-03-31,2024-12-31,negative_high,3718,3725
rolling5_annual20,3464,2025-05-09,2025-05-19,0.0041484224873464,2025,2024-12-31,learned_order_extension,20260911,0.3649445140094585,0.3649445140094585,0,1,-0.5539670489736052,0.3649445140094585,2025-03-31,2024-12-31,negative_low,3725,3730
rolling5_annual20,3469,2025-05-16,2025-05-26,-0.0017462660042188,2025,2024-12-31,learned_order_extension,20260911,0.17192052045639458,0.17192052045639458,0,0,-1.5720768599185,0.17192052045639458,2025-03-31,2024-12-31,negative_low,3730,3735
rolling5_annual20,3474,2025-05-23,2025-06-03,-0.0109216443615366,2025,2024-12-31,learned_order_extension,20260911,0.3297069268491959,0.3297069268491959,0,0,-0.7095108799480814,0.3297069268491959,2025-03-31,2024-12-31,negative_low,3735,3740
rolling5_annual20,3479,2025-05-30,2025-06-09,0.011566574321892,2025,2024-12-31,learned_order_extension,20260911,0.25644623657123405,0.25644623657123405,0,1,-1.0645220359251817,0.25644623657123405,2025-03-31,2024-12-31,negative_low,3740,3744
rolling5_annual20,3483,2025-06-06,2025-06-16,-0.0062354943524679,2025,2024-12-31,learned_order_extension,20260911,0.5532426962840995,0.5532426962840995,1,0,0.21378127491071744,0.5532426962840995,2025-03-31,2024-12-31,negative_low,3744,3749
rolling5_annual20,3488,2025-06-13,2025-06-23,-0.005825691168304,2025,2024-12-31,learned_order_extension,20260911,0.47407583994699376,0.47407583994699376,0,0,-0.10378971114906155,0.47407583994699376,2025-03-31,2024-12-31,negative_low,3749,3754
rolling5_annual20,3493,2025-06-20,2025-06-30,0.0232670437490374,2025,2024-12-31,learned_order_extension,20260911,0.5441758763268831,0.5441758763268831,1,1,0.17716545526043032,0.5441758763268831,2025-03-31,2024-12-31,negative_low,3754,3759
rolling5_annual20,3498,2025-06-27,2025-07-07,0.0145345648685946,2025,2024-12-31,learned_order_extension,20260911,0.5789884729243365,0.5789884729243365,1,1,0.318622355246491,0.5789884729243365,2025-03-31,2024-12-31,nonnegative_low,3759,3764
rolling5_annual20,3503,2025-07-04,2025-07-14,0.0110426949002964,2025,2024-12-31,learned_order_extension,20260911,0.6783853641950703,0.6783853641950703,1,1,0.746361464627084,0.6783853641950703,2025-06-30,2024-12-31,nonnegative_low,3764,3769
rolling5_annual20,3508,2025-07-11,2025-07-21,0.0120759671840067,2025,2024-12-31,learned_order_extension,20260911,0.44194145653903777,0.44194145653903777,0,1,-0.23328645143854743,0.44194145653903777,2025-06-30,2024-12-31,nonnegative_low,3769,3774
rolling5_annual20,3513,2025-07-18,2025-07-28,0.0143570766898375,2025,2024-12-31,learned_order_extension,20260911,0.4542765697501973,0.4542765697501973,0,1,-0.18340611237155624,0.4542765697501973,2025-06-30,2024-12-31,nonnegative_low,3774,3779
rolling5_annual20,3518,2025-07-25,2025-08-04,-0.0218642507630443,2025,2024-12-31,learned_order_extension,20260911,0.3705804310840424,0.3705804310840424,0,0,-0.5297275664070842,0.3705804310840424,2025-06-30,2024-12-31,nonnegative_low,3779,3784
rolling5_annual20,3523,2025-08-01,2025-08-11,0.0179175520190988,2025,2024-12-31,learned_order_extension,20260911,0.35640700933897784,0.35640700933897784,0,1,-0.5909931617678194,0.35640700933897784,2025-06-30,2024-12-31,nonnegative_low,3784,3789
rolling5_annual20,3528,2025-08-08,2025-08-18,0.026265786598999,2025,2024-12-31,learned_order_extension,20260911,0.2417717229228953,0.2417717229228953,0,1,-1.142990510129329,0.2417717229228953,2025-06-30,2024-12-31,nonnegative_low,3789,3794
rolling5_annual20,3533,2025-08-15,2025-08-25,0.0469483790671487,2025,2024-12-31,learned_order_extension,20260911,0.43183334017409475,0.43183334017409475,0,1,-0.2743750636945247,0.43183334017409475,2025-06-30,2024-12-31,nonnegative_low,3794,3799
rolling5_annual20,3538,2025-08-22,2025-09-01,0.0227770368340847,2025,2024-12-31,learned_order_extension,20260911,0.27716170555763187,0.27716170555763187,0,1,-0.9585844275706077,0.27716170555763187,2025-06-30,2024-12-31,nonnegative_low,3799,3804
rolling5_annual20,3543,2025-08-29,2025-09-08,-0.0110053842475337,2025,2024-12-31,learned_order_extension,20260911,0.4016632874897146,0.4016632874897146,0,0,-0.39853951555524425,0.4016632874897146,2025-06-30,2024-12-31,nonnegative_low,3804,3809
rolling5_annual20,3548,2025-09-05,2025-09-15,0.0151594857594405,2025,2024-12-31,learned_order_extension,20260911,0.37420831674124977,0.37420831674124977,0,1,-0.5142049023875424,0.37420831674124977,2025-06-30,2024-12-31,nonnegative_high,3809,3814
rolling5_annual20,3553,2025-09-12,2025-09-22,-0.0050409160971932,2025,2024-12-31,learned_order_extension,20260911,0.503147055984005,0.503147055984005,1,0,0.012588390171016095,0.503147055984005,2025-06-30,2024-12-31,nonnegative_high,3814,3819
rolling5_annual20,3558,2025-09-19,2025-09-29,0.0095300784790881,2025,2024-12-31,learned_order_extension,20260911,0.39333913585245617,0.39333913585245617,0,1,-0.43329774591497955,0.39333913585245617,2025-06-30,2024-12-31,nonnegative_high,3819,3824
rolling5_annual20,3563,2025-09-26,2025-10-13,-0.0140855274279203,2025,2024-12-31,learned_order_extension,20260911,0.4081318148640021,0.4081318148640021,0,0,-0.37169375197476007,0.4081318148640021,2025-06-30,2024-12-31,nonnegative_high,3824,3828
rolling5_annual20,3567,2025-10-10,2025-10-20,0.015001547584321,2025,2024-12-31,learned_order_extension,20260911,0.39565615038452323,0.39565615038452323,0,1,-0.42359779644732637,0.39565615038452323,2025-09-30,2024-12-31,nonnegative_high,3828,3833
rolling5_annual20,3572,2025-10-17,2025-10-27,0.0309637052897611,2025,2024-12-31,learned_order_extension,20260911,0.42255179794346875,0.42255179794346875,0,1,-0.3123067069992598,0.42255179794346875,2025-09-30,2024-12-31,nonnegative_high,3833,3838
rolling5_annual20,3577,2025-10-24,2025-11-03,-0.013331545863497,2025,2024-12-31,learned_order_extension,20260911,0.49361418515659217,0.49361418515659217,0,0,-0.02554464833510839,0.49361418515659217,2025-09-30,2024-12-31,nonnegative_high,3838,3843
rolling5_annual20,3582,2025-10-31,2025-11-10,0.0110832418536339,2025,2024-12-31,learned_order_extension,20260911,0.4726211474285555,0.4726211474285555,0,1,-0.10962506485790285,0.4726211474285555,2025-09-30,2024-12-31,nonnegative_high,3843,3848
rolling5_annual20,3587,2025-11-07,2025-11-17,-0.0152107881197579,2025,2024-12-31,learned_order_extension,20260911,0.4416487626577909,0.4416487626577909,0,0,-0.23447331040652952,0.4416487626577909,2025-09-30,2024-12-31,nonnegative_high,3848,3853
rolling5_annual20,3592,2025-11-14,2025-11-24,-0.031114557454173,2025,2024-12-31,learned_order_extension,20260911,0.3660465218959073,0.3660465218959073,0,0,-0.5492151390312761,0.3660465218959073,2025-09-30,2024-12-31,nonnegative_low,3853,3858
rolling5_annual20,3597,2025-11-21,2025-12-01,0.0147613767448515,2025,2024-12-31,learned_order_extension,20260911,0.43021957760648394,0.43021957760648394,0,1,-0.2809553387908073,0.43021957760648394,2025-09-30,2024-12-31,nonnegative_high,3858,3863
rolling5_annual20,3602,2025-11-28,2025-12-08,0.0118853804313106,2025,2024-12-31,learned_order_extension,20260911,0.44090841427684524,0.44090841427684524,0,1,-0.23747612173585253,0.44090841427684524,2025-09-30,2024-12-31,nonnegative_low,3863,3868
rolling5_annual20,3607,2025-12-05,2025-12-15,-0.0093922675990717,2025,2024-12-31,learned_order_extension,20260911,0.46850888999820245,0.46850888999820245,0,0,-0.12613139445084354,0.46850888999820245,2025-09-30,2024-12-31,nonnegative_low,3868,3873
rolling5_annual20,3612,2025-12-12,2025-12-22,0.0082791208791208,2025,2024-12-31,learned_order_extension,20260911,0.46414163121931723,0.46414163121931723,0,1,-0.14368014345758895,0.46414163121931723,2025-09-30,2024-12-31,nonnegative_low,3873,3878
rolling5_annual20,3617,2025-12-19,2025-12-29,0.0153890755001995,2025,2024-12-31,learned_order_extension,20260911,0.5579043003982375,0.5579043003982375,1,1,0.23266106943221082,0.5579043003982375,2025-09-30,2024-12-31,nonnegative_low,3878,3883
rolling5_annual20,3622,2025-12-26,2026-01-12,0.0239101640737868,2025,2024-12-31,learned_order_extension,20260911,0.5396185574902365,0.5396185574902365,1,1,0.15880714622472847,0.5396185574902365,2025-09-30,2024-12-31,nonnegative_low,3883,3891
rolling5_annual20,3384,2025-01-03,2025-01-13,-0.0189486730632231,2025,2024-12-31,learned_order_offset,20260911,0.430743812553328,0.430743812553328,0,0,-0.2788170634081969,0.430743812553328,2024-12-31,2024-12-31,negative_high,3645,3650
rolling5_annual20,3389,2025-01-10,2025-01-20,0.0353251773547418,2025,2024-12-31,learned_order_offset,20260911,0.3892930545383684,0.3892930545383684,0,1,-0.45028479955700806,0.3892930545383684,2024-12-31,2024-12-31,negative_high,3650,3655
rolling5_annual20,3394,2025-01-17,2025-01-27,0.000432821422053,2025,2024-12-31,learned_order_offset,20260911,0.52934454260111,0.52934454260111,1,1,0.11751321573658802,0.52934454260111,2024-12-31,2024-12-31,negative_high,3655,3660
rolling5_annual20,3399,2025-01-24,2025-02-10,0.0159344898044284,2025,2024-12-31,learned_order_offset,20260911,0.5679288793949586,0.5679288793949586,1,1,0.2734059928245157,0.5679288793949586,2024-12-31,2024-12-31,negative_high,3660,3664
rolling5_annual20,3403,2025-02-07,2025-02-17,0.0144454990892999,2025,2024-12-31,learned_order_offset,20260911,0.6181544426401614,0.6181544426401614,1,1,0.48172210667070153,0.6181544426401614,2024-12-31,2024-12-31,negative_low,3664,3669
rolling5_annual20,3408,2025-02-14,2025-02-24,0.0045695818086644,2025,2024-12-31,learned_order_offset,20260911,0.6233447631977894,0.6233447631977894,1,1,0.5037694798883806,0.6233447631977894,2024-12-31,2024-12-31,negative_low,3669,3674
rolling5_annual20,3413,2025-02-21,2025-03-03,-0.0183210488158531,2025,2024-12-31,learned_order_offset,20260911,0.5699444546955538,0.5699444546955538,1,0,0.2816245327058642,0.5699444546955538,2024-12-31,2024-12-31,negative_low,3674,3679
rolling5_annual20,3418,2025-02-28,2025-03-10,0.0117650075646844,2025,2024-12-31,learned_order_offset,20260911,0.5277660121776485,0.5277660121776485,1,1,0.11117842706757819,0.5277660121776485,2024-12-31,2024-12-31,negative_low,3679,3684
rolling5_annual20,3423,2025-03-07,2025-03-17,0.019023819058288,2025,2024-12-31,learned_order_offset,20260911,0.46953630716328854,0.46953630716328854,0,1,-0.12200588898626429,0.46953630716328854,2024-12-31,2024-12-31,nonnegative_low,3684,3689
rolling5_annual20,3428,2025-03-14,2025-03-24,-0.0259983485216283,2025,2024-12-31,learned_order_offset,20260911,0.5655482902240324,0.5655482902240324,1,0,0.2637108869907615,0.5655482902240324,2024-12-31,2024-12-31,nonnegative_low,3689,3694
rolling5_annual20,3433,2025-03-21,2025-03-31,-0.0025867506275359,2025,2024-12-31,learned_order_offset,20260911,0.4056793971990091,0.4056793971990091,0,0,-0.3818557235301111,0.4056793971990091,2024-12-31,2024-12-31,negative_low,3694,3699
rolling5_annual20,3438,2025-03-28,2025-04-14,-0.0342910101946246,2025,2024-12-31,learned_order_offset,20260911,0.4779797038173516,0.4779797038173516,0,0,-0.08813819774590248,0.4779797038173516,2024-12-31,2024-12-31,negative_low,3699,3708
rolling5_annual20,3447,2025-04-11,2025-04-21,-0.0010339232881941,2025,2024-12-31,learned_order_offset,20260911,0.5534156127217199,0.5534156127217199,1,0,0.2144808995953226,0.5534156127217199,2025-03-31,2024-12-31,negative_high,3708,3713
rolling5_annual20,3452,2025-04-18,2025-04-28,0.0048432383085554,2025,2024-12-31,learned_order_offset,20260911,0.5527711816702962,0.5527711816702962,1,1,0.211873778060643,0.5527711816702962,2025-03-31,2024-12-31,negative_high,3713,3718
rolling5_annual20,3457,2025-04-25,2025-05-12,0.02116527880118,2025,2024-12-31,learned_order_offset,20260911,0.4636520171330569,0.4636520171330569,0,1,-0.1456488643962482,0.4636520171330569,2025-03-31,2024-12-31,negative_high,3718,3725
rolling5_annual20,3464,2025-05-09,2025-05-19,0.0041484224873464,2025,2024-12-31,learned_order_offset,20260911,0.3649837526397116,0.3649837526397116,0,1,-0.5537977456836347,0.3649837526397116,2025-03-31,2024-12-31,negative_low,3725,3730
rolling5_annual20,3469,2025-05-16,2025-05-26,-0.0017462660042188,2025,2024-12-31,learned_order_offset,20260911,0.17197716836939528,0.17197716836939528,0,0,-1.57167900247414,0.17197716836939528,2025-03-31,2024-12-31,negative_low,3730,3735
rolling5_annual20,3474,2025-05-23,2025-06-03,-0.0109216443615366,2025,2024-12-31,learned_order_offset,20260911,0.32979664486342924,0.32979664486342924,0,0,-0.7091049446351935,0.32979664486342924,2025-03-31,2024-12-31,negative_low,3735,3740
rolling5_annual20,3479,2025-05-30,2025-06-09,0.011566574321892,2025,2024-12-31,learned_order_offset,20260911,0.25647722408918133,0.25647722408918133,0,1,-1.0643595331069533,0.25647722408918133,2025-03-31,2024-12-31,negative_low,3740,3744
rolling5_annual20,3483,2025-06-06,2025-06-16,-0.0062354943524679,2025,2024-12-31,learned_order_offset,20260911,0.5531494136647972,0.5531494136647972,1,0,0.21340387250850018,0.5531494136647972,2025-03-31,2024-12-31,negative_low,3744,3749
rolling5_annual20,3488,2025-06-13,2025-06-23,-0.005825691168304,2025,2024-12-31,learned_order_offset,20260911,0.4740674277221567,0.4740674277221567,0,0,-0.1038234507783456,0.4740674277221567,2025-03-31,2024-12-31,negative_low,3749,3754
rolling5_annual20,3493,2025-06-20,2025-06-30,0.0232670437490374,2025,2024-12-31,learned_order_offset,20260911,0.5441829119226477,0.5441829119226477,1,1,0.17719381908770168,0.5441829119226477,2025-03-31,2024-12-31,negative_low,3754,3759
rolling5_annual20,3498,2025-06-27,2025-07-07,0.0145345648685946,2025,2024-12-31,learned_order_offset,20260911,0.578950056434683,0.578950056434683,1,1,0.3184647580931404,0.578950056434683,2025-03-31,2024-12-31,nonnegative_low,3759,3764
rolling5_annual20,3503,2025-07-04,2025-07-14,0.0110426949002964,2025,2024-12-31,learned_order_offset,20260911,0.678441879183803,0.678441879183803,1,1,0.7466205073771748,0.678441879183803,2025-06-30,2024-12-31,nonnegative_low,3764,3769
rolling5_annual20,3508,2025-07-11,2025-07-21,0.0120759671840067,2025,2024-12-31,learned_order_offset,20260911,0.44212080116495506,0.44212080116495506,0,1,-0.23255929886160043,0.44212080116495506,2025-06-30,2024-12-31,nonnegative_low,3769,3774
rolling5_annual20,3513,2025-07-18,2025-07-28,0.0143570766898375,2025,2024-12-31,learned_order_offset,20260911,0.4543231137369766,0.4543231137369766,0,1,-0.18321836800450353,0.4543231137369766,2025-06-30,2024-12-31,nonnegative_low,3774,3779
rolling5_annual20,3518,2025-07-25,2025-08-04,-0.0218642507630443,2025,2024-12-31,learned_order_offset,20260911,0.370682013137504,0.370682013137504,0,0,-0.529292084823214,0.370682013137504,2025-06-30,2024-12-31,nonnegative_low,3779,3784
rolling5_annual20,3523,2025-08-01,2025-08-11,0.0179175520190988,2025,2024-12-31,learned_order_offset,20260911,0.35640730086727934,0.35640730086727934,0,1,-0.5909918908335184,0.35640730086727934,2025-06-30,2024-12-31,nonnegative_low,3784,3789
rolling5_annual20,3528,2025-08-08,2025-08-18,0.026265786598999,2025,2024-12-31,learned_order_offset,20260911,0.2417753577493673,0.2417753577493673,0,1,-1.142970682263271,0.2417753577493673,2025-06-30,2024-12-31,nonnegative_low,3789,3794
rolling5_annual20,3533,2025-08-15,2025-08-25,0.0469483790671487,2025,2024-12-31,learned_order_offset,20260911,0.4318249881848226,0.4318249881848226,0,1,-0.2744091044367212,0.4318249881848226,2025-06-30,2024-12-31,nonnegative_low,3794,3799
rolling5_annual20,3538,2025-08-22,2025-09-01,0.0227770368340847,2025,2024-12-31,learned_order_offset,20260911,0.2771710881877151,0.2771710881877151,0,1,-0.9585375952493363,0.2771710881877151,2025-06-30,2024-12-31,nonnegative_low,3799,3804
rolling5_annual20,3543,2025-08-29,2025-09-08,-0.0110053842475337,2025,2024-12-31,learned_order_offset,20260911,0.4015498956176379,0.4015498956176379,0,0,-0.39901135505472285,0.4015498956176379,2025-06-30,2024-12-31,nonnegative_low,3804,3809
rolling5_annual20,3548,2025-09-05,2025-09-15,0.0151594857594405,2025,2024-12-31,learned_order_offset,20260911,0.37420565733546446,0.37420565733546446,0,1,-0.5142162588222176,0.37420565733546446,2025-06-30,2024-12-31,nonnegative_high,3809,3814
rolling5_annual20,3553,2025-09-12,2025-09-22,-0.0050409160971932,2025,2024-12-31,learned_order_offset,20260911,0.5031042607505921,0.5031042607505921,1,0,0.012417202547425288,0.5031042607505921,2025-06-30,2024-12-31,nonnegative_high,3814,3819
rolling5_annual20,3558,2025-09-19,2025-09-29,0.0095300784790881,2025,2024-12-31,learned_order_offset,20260911,0.39333063714085875,0.39333063714085875,0,1,-0.4333333616246886,0.39333063714085875,2025-06-30,2024-12-31,nonnegative_high,3819,3824
rolling5_annual20,3563,2025-09-26,2025-10-13,-0.0140855274279203,2025,2024-12-31,learned_order_offset,20260911,0.40808585003619935,0.40808585003619935,0,0,-0.37188403838993944,0.40808585003619935,2025-06-30,2024-12-31,nonnegative_high,3824,3828
rolling5_annual20,3567,2025-10-10,2025-10-20,0.015001547584321,2025,2024-12-31,learned_order_offset,20260911,0.3957431714352963,0.3957431714352963,0,1,-0.4232338765440684,0.3957431714352963,2025-09-30,2024-12-31,nonnegative_high,3828,3833
rolling5_annual20,3572,2025-10-17,2025-10-27,0.0309637052897611,2025,2024-12-31,learned_order_offset,20260911,0.42266319973139616,0.42266319973139616,0,1,-0.3118501617532492,0.42266319973139616,2025-09-30,2024-12-31,nonnegative_high,3833,3838
rolling5_annual20,3577,2025-10-24,2025-11-03,-0.013331545863497,2025,2024-12-31,learned_order_offset,20260911,0.49371915485702594,0.49371915485702594,0,0,-0.02512470215386914,0.49371915485702594,2025-09-30,2024-12-31,nonnegative_high,3838,3843
rolling5_annual20,3582,2025-10-31,2025-11-10,0.0110832418536339,2025,2024-12-31,learned_order_offset,20260911,0.47277881290406026,0.47277881290406026,0,1,-0.10899251722212944,0.47277881290406026,2025-09-30,2024-12-31,nonnegative_high,3843,3848
rolling5_annual20,3587,2025-11-07,2025-11-17,-0.0152107881197579,2025,2024-12-31,learned_order_offset,20260911,0.4417302067850907,0.4417302067850907,0,0,-0.23414304209401168,0.4417302067850907,2025-09-30,2024-12-31,nonnegative_high,3848,3853
rolling5_annual20,3592,2025-11-14,2025-11-24,-0.031114557454173,2025,2024-12-31,learned_order_offset,20260911,0.3662030345617859,0.3662030345617859,0,0,-0.5485407405296409,0.3662030345617859,2025-09-30,2024-12-31,nonnegative_low,3853,3858
rolling5_annual20,3597,2025-11-21,2025-12-01,0.0147613767448515,2025,2024-12-31,learned_order_offset,20260911,0.4303049057033289,0.4303049057033289,0,1,-0.28060725498207384,0.4303049057033289,2025-09-30,2024-12-31,nonnegative_high,3858,3863
rolling5_annual20,3602,2025-11-28,2025-12-08,0.0118853804313106,2025,2024-12-31,learned_order_offset,20260911,0.4410215325004137,0.4410215325004137,0,1,-0.2370172519480408,0.4410215325004137,2025-09-30,2024-12-31,nonnegative_low,3863,3868
rolling5_annual20,3607,2025-12-05,2025-12-15,-0.0093922675990717,2025,2024-12-31,learned_order_offset,20260911,0.46862239506081244,0.46862239506081244,0,0,-0.1256755725736961,0.46862239506081244,2025-09-30,2024-12-31,nonnegative_low,3868,3873
rolling5_annual20,3612,2025-12-12,2025-12-22,0.0082791208791208,2025,2024-12-31,learned_order_offset,20260911,0.4642603203194423,0.4642603203194423,0,1,-0.1432029407800004,0.4642603203194423,2025-09-30,2024-12-31,nonnegative_low,3873,3878
rolling5_annual20,3617,2025-12-19,2025-12-29,0.0153890755001995,2025,2024-12-31,learned_order_offset,20260911,0.557967937341776,0.557967937341776,1,1,0.23291908137191308,0.557967937341776,2025-09-30,2024-12-31,nonnegative_low,3878,3883
rolling5_annual20,3622,2025-12-26,2026-01-12,0.0239101640737868,2025,2024-12-31,learned_order_offset,20260911,0.5397728826316699,0.5397728826316699,1,1,0.15942836232104907,0.5397728826316699,2025-09-30,2024-12-31,nonnegative_low,3883,3891
rolling5_annual20,3384,2025-01-03,2025-01-13,-0.0189486730632231,2025,2024-12-31,learned_market,20260912,0.42089025641362,0.42089025641362,0,0,-0.3191198733861731,0.42089025641362,2024-12-31,2024-12-31,negative_high,3645,3650
rolling5_annual20,3389,2025-01-10,2025-01-20,0.0353251773547418,2025,2024-12-31,learned_market,20260912,0.6539720773420672,0.6539720773420672,1,1,0.6365451822250643,0.6539720773420672,2024-12-31,2024-12-31,negative_high,3650,3655
rolling5_annual20,3394,2025-01-17,2025-01-27,0.000432821422053,2025,2024-12-31,learned_market,20260912,0.5597316894392553,0.5597316894392553,1,1,0.2400732051195299,0.5597316894392553,2024-12-31,2024-12-31,negative_high,3655,3660
rolling5_annual20,3399,2025-01-24,2025-02-10,0.0159344898044284,2025,2024-12-31,learned_market,20260912,0.7143346906245566,0.7143346906245566,1,1,0.9165307282774865,0.7143346906245566,2024-12-31,2024-12-31,negative_high,3660,3664
rolling5_annual20,3403,2025-02-07,2025-02-17,0.0144454990892999,2025,2024-12-31,learned_market,20260912,0.6628191037923492,0.6628191037923492,1,1,0.6758825376638257,0.6628191037923492,2024-12-31,2024-12-31,negative_low,3664,3669
rolling5_annual20,3408,2025-02-14,2025-02-24,0.0045695818086644,2025,2024-12-31,learned_market,20260912,0.6357468977060057,0.6357468977060057,1,1,0.5569515625762409,0.6357468977060057,2024-12-31,2024-12-31,negative_low,3669,3674
rolling5_annual20,3413,2025-02-21,2025-03-03,-0.0183210488158531,2025,2024-12-31,learned_market,20260912,0.3807729420629625,0.3807729420629625,0,0,-0.4862687746537859,0.3807729420629625,2024-12-31,2024-12-31,negative_low,3674,3679
rolling5_annual20,3418,2025-02-28,2025-03-10,0.0117650075646844,2025,2024-12-31,learned_market,20260912,0.5714127704615375,0.5714127704615375,1,1,0.28761755213371915,0.5714127704615375,2024-12-31,2024-12-31,negative_low,3679,3684
rolling5_annual20,3423,2025-03-07,2025-03-17,0.019023819058288,2025,2024-12-31,learned_market,20260912,0.2731298059228326,0.2731298059228326,0,1,-0.9788007497401869,0.2731298059228326,2024-12-31,2024-12-31,nonnegative_low,3684,3689
rolling5_annual20,3428,2025-03-14,2025-03-24,-0.0259983485216283,2025,2024-12-31,learned_market,20260912,0.696672234818679,0.696672234818679,1,0,0.8315010946922967,0.696672234818679,2024-12-31,2024-12-31,nonnegative_low,3689,3694
rolling5_annual20,3433,2025-03-21,2025-03-31,-0.0025867506275359,2025,2024-12-31,learned_market,20260912,0.5676267142547179,0.5676267142547179,1,0,0.2721747069526341,0.5676267142547179,2024-12-31,2024-12-31,negative_low,3694,3699
rolling5_annual20,3438,2025-03-28,2025-04-14,-0.0342910101946246,2025,2024-12-31,learned_market,20260912,0.560911448173473,0.560911448173473,1,0,0.2448619413477248,0.560911448173473,2024-12-31,2024-12-31,negative_low,3699,3708
rolling5_annual20,3447,2025-04-11,2025-04-21,-0.0010339232881941,2025,2024-12-31,learned_market,20260912,0.5215906360273727,0.5215906360273727,1,0,0.0864162820835462,0.5215906360273727,2025-03-31,2024-12-31,negative_high,3708,3713
rolling5_annual20,3452,2025-04-18,2025-04-28,0.0048432383085554,2025,2024-12-31,learned_market,20260912,0.6471632189538753,0.6471632189538753,1,1,0.6065929597295334,0.6471632189538753,2025-03-31,2024-12-31,negative_high,3713,3718
rolling5_annual20,3457,2025-04-25,2025-05-12,0.02116527880118,2025,2024-12-31,learned_market,20260912,0.4695696106758965,0.4695696106758965,0,1,-0.12187217912769421,0.4695696106758965,2025-03-31,2024-12-31,negative_high,3718,3725
rolling5_annual20,3464,2025-05-09,2025-05-19,0.0041484224873464,2025,2024-12-31,learned_market,20260912,0.22514170688818488,0.22514170688818488,0,1,-1.2359501526867478,0.22514170688818488,2025-03-31,2024-12-31,negative_low,3725,3730
rolling5_annual20,3469,2025-05-16,2025-05-26,-0.0017462660042188,2025,2024-12-31,learned_market,20260912,0.31332898029792033,0.31332898029792033,0,0,-0.78460161863416,0.31332898029792033,2025-03-31,2024-12-31,negative_low,3730,3735
rolling5_annual20,3474,2025-05-23,2025-06-03,-0.0109216443615366,2025,2024-12-31,learned_market,20260912,0.19958434143711248,0.19958434143711248,0,0,-1.3888942548539571,0.19958434143711248,2025-03-31,2024-12-31,negative_low,3735,3740
rolling5_annual20,3479,2025-05-30,2025-06-09,0.011566574321892,2025,2024-12-31,learned_market,20260912,0.15629075747992066,0.15629075747992066,0,1,-1.686089833385508,0.15629075747992066,2025-03-31,2024-12-31,negative_low,3740,3744
rolling5_annual20,3483,2025-06-06,2025-06-16,-0.0062354943524679,2025,2024-12-31,learned_market,20260912,0.37428363998955994,0.37428363998955994,0,0,-0.5138832637230157,0.37428363998955994,2025-03-31,2024-12-31,negative_low,3744,3749
rolling5_annual20,3488,2025-06-13,2025-06-23,-0.005825691168304,2025,2024-12-31,learned_market,20260912,0.2863959921610815,0.2863959921610815,0,0,-0.912952756478622,0.2863959921610815,2025-03-31,2024-12-31,negative_low,3749,3754
rolling5_annual20,3493,2025-06-20,2025-06-30,0.0232670437490374,2025,2024-12-31,learned_market,20260912,0.41408451859112755,0.41408451859112755,0,1,-0.34710544532162546,0.41408451859112755,2025-03-31,2024-12-31,negative_low,3754,3759
rolling5_annual20,3498,2025-06-27,2025-07-07,0.0145345648685946,2025,2024-12-31,learned_market,20260912,0.5266011272495493,0.5266011272495493,1,1,0.10650507177883435,0.5266011272495493,2025-03-31,2024-12-31,nonnegative_low,3759,3764
rolling5_annual20,3503,2025-07-04,2025-07-14,0.0110426949002964,2025,2024-12-31,learned_market,20260912,0.44691982418443277,0.44691982418443277,0,1,-0.21312376011964393,0.44691982418443277,2025-06-30,2024-12-31,nonnegative_low,3764,3769
rolling5_annual20,3508,2025-07-11,2025-07-21,0.0120759671840067,2025,2024-12-31,learned_market,20260912,0.5272263603973415,0.5272263603973415,1,1,0.10901327195588016,0.5272263603973415,2025-06-30,2024-12-31,nonnegative_low,3769,3774
rolling5_annual20,3513,2025-07-18,2025-07-28,0.0143570766898375,2025,2024-12-31,learned_market,20260912,0.7010339582730474,0.7010339582730474,1,1,0.8522263343549393,0.7010339582730474,2025-06-30,2024-12-31,nonnegative_low,3774,3779
rolling5_annual20,3518,2025-07-25,2025-08-04,-0.0218642507630443,2025,2024-12-31,learned_market,20260912,0.5207227531667084,0.5207227531667084,1,0,0.08293852310211194,0.5207227531667084,2025-06-30,2024-12-31,nonnegative_low,3779,3784
rolling5_annual20,3523,2025-08-01,2025-08-11,0.0179175520190988,2025,2024-12-31,learned_market,20260912,0.5533128799487951,0.5533128799487951,1,1,0.21406523366345648,0.5533128799487951,2025-06-30,2024-12-31,nonnegative_low,3784,3789
rolling5_annual20,3528,2025-08-08,2025-08-18,0.026265786598999,2025,2024-12-31,learned_market,20260912,0.2654483154600339,0.2654483154600339,0,1,-1.0178402070778299,0.2654483154600339,2025-06-30,2024-12-31,nonnegative_low,3789,3794
rolling5_annual20,3533,2025-08-15,2025-08-25,0.0469483790671487,2025,2024-12-31,learned_market,20260912,0.430346000343231,0.430346000343231,0,1,-0.2804396212826939,0.430346000343231,2025-06-30,2024-12-31,nonnegative_low,3794,3799
rolling5_annual20,3538,2025-08-22,2025-09-01,0.0227770368340847,2025,2024-12-31,learned_market,20260912,0.3374740410180076,0.3374740410180076,0,1,-0.6745711486095383,0.3374740410180076,2025-06-30,2024-12-31,nonnegative_low,3799,3804
rolling5_annual20,3543,2025-08-29,2025-09-08,-0.0110053842475337,2025,2024-12-31,learned_market,20260912,0.6668290394265773,0.6668290394265773,1,0,0.6938779470044831,0.6668290394265773,2025-06-30,2024-12-31,nonnegative_low,3804,3809
rolling5_annual20,3548,2025-09-05,2025-09-15,0.0151594857594405,2025,2024-12-31,learned_market,20260912,0.4151247806853778,0.4151247806853778,0,1,-0.34281937277629215,0.4151247806853778,2025-06-30,2024-12-31,nonnegative_high,3809,3814
rolling5_annual20,3553,2025-09-12,2025-09-22,-0.0050409160971932,2025,2024-12-31,learned_market,20260912,0.616582283637926,0.616582283637926,1,0,0.4750667445928688,0.616582283637926,2025-06-30,2024-12-31,nonnegative_high,3814,3819
rolling5_annual20,3558,2025-09-19,2025-09-29,0.0095300784790881,2025,2024-12-31,learned_market,20260912,0.346159438667962,0.346159438667962,0,1,-0.6359640574051533,0.346159438667962,2025-06-30,2024-12-31,nonnegative_high,3819,3824
rolling5_annual20,3563,2025-09-26,2025-10-13,-0.0140855274279203,2025,2024-12-31,learned_market,20260912,0.49779557172832706,0.49779557172832706,0,0,-0.008817770220307747,0.49779557172832706,2025-06-30,2024-12-31,nonnegative_high,3824,3828
rolling5_annual20,3567,2025-10-10,2025-10-20,0.015001547584321,2025,2024-12-31,learned_market,20260912,0.3895908035061002,0.3895908035061002,0,1,-0.4490325796707217,0.3895908035061002,2025-09-30,2024-12-31,nonnegative_high,3828,3833
rolling5_annual20,3572,2025-10-17,2025-10-27,0.0309637052897611,2025,2024-12-31,learned_market,20260912,0.3177445291528448,0.3177445291528448,0,1,-0.7641564859231331,0.3177445291528448,2025-09-30,2024-12-31,nonnegative_high,3833,3838
rolling5_annual20,3577,2025-10-24,2025-11-03,-0.013331545863497,2025,2024-12-31,learned_market,20260912,0.42278957435073633,0.42278957435073633,0,0,-0.31133229408382684,0.42278957435073633,2025-09-30,2024-12-31,nonnegative_high,3838,3843
rolling5_annual20,3582,2025-10-31,2025-11-10,0.0110832418536339,2025,2024-12-31,learned_market,20260912,0.3919874136237784,0.3919874136237784,0,1,-0.43896585185619835,0.3919874136237784,2025-09-30,2024-12-31,nonnegative_high,3843,3848
rolling5_annual20,3587,2025-11-07,2025-11-17,-0.0152107881197579,2025,2024-12-31,learned_market,20260912,0.6609499739654151,0.6609499739654151,1,0,0.6675304887190561,0.6609499739654151,2025-09-30,2024-12-31,nonnegative_high,3848,3853
rolling5_annual20,3592,2025-11-14,2025-11-24,-0.031114557454173,2025,2024-12-31,learned_market,20260912,0.3466593681574228,0.3466593681574228,0,0,-0.633755984828041,0.3466593681574228,2025-09-30,2024-12-31,nonnegative_low,3853,3858
rolling5_annual20,3597,2025-11-21,2025-12-01,0.0147613767448515,2025,2024-12-31,learned_market,20260912,0.4838072174788579,0.4838072174788579,0,1,-0.06479378886835305,0.4838072174788579,2025-09-30,2024-12-31,nonnegative_high,3858,3863
rolling5_annual20,3602,2025-11-28,2025-12-08,0.0118853804313106,2025,2024-12-31,learned_market,20260912,0.414545745424932,0.414545745424932,0,1,-0.3452047180633124,0.414545745424932,2025-09-30,2024-12-31,nonnegative_low,3863,3868
rolling5_annual20,3607,2025-12-05,2025-12-15,-0.0093922675990717,2025,2024-12-31,learned_market,20260912,0.4072710676381864,0.4072710676381864,0,0,-0.3752582045085001,0.4072710676381864,2025-09-30,2024-12-31,nonnegative_low,3868,3873
rolling5_annual20,3612,2025-12-12,2025-12-22,0.0082791208791208,2025,2024-12-31,learned_market,20260912,0.6119699471537875,0.6119699471537875,1,1,0.4556003829357894,0.6119699471537875,2025-09-30,2024-12-31,nonnegative_low,3873,3878
rolling5_annual20,3617,2025-12-19,2025-12-29,0.0153890755001995,2025,2024-12-31,learned_market,20260912,0.6182896063570782,0.6182896063570782,1,1,0.48229477713651303,0.6182896063570782,2025-09-30,2024-12-31,nonnegative_low,3878,3883
rolling5_annual20,3622,2025-12-26,2026-01-12,0.0239101640737868,2025,2024-12-31,learned_market,20260912,0.5300571832747044,0.5300571832747044,1,1,0.12037387293707424,0.5300571832747044,2025-09-30,2024-12-31,nonnegative_low,3883,3891
rolling5_annual20,3384,2025-01-03,2025-01-13,-0.0189486730632231,2025,2024-12-31,learned_vol_interaction,20260912,0.4216991098514313,0.4216991098514313,0,0,-0.31580225452061694,0.4216991098514313,2024-12-31,2024-12-31,negative_high,3645,3650
rolling5_annual20,3389,2025-01-10,2025-01-20,0.0353251773547418,2025,2024-12-31,learned_vol_interaction,20260912,0.6572683815072808,0.6572683815072808,1,1,0.651144743002406,0.6572683815072808,2024-12-31,2024-12-31,negative_high,3650,3655
rolling5_annual20,3394,2025-01-17,2025-01-27,0.000432821422053,2025,2024-12-31,learned_vol_interaction,20260912,0.5624117839252505,0.5624117839252505,1,1,0.25095597098835765,0.5624117839252505,2024-12-31,2024-12-31,negative_high,3655,3660
rolling5_annual20,3399,2025-01-24,2025-02-10,0.0159344898044284,2025,2024-12-31,learned_vol_interaction,20260912,0.7143566519320824,0.7143566519320824,1,1,0.916638352237198,0.7143566519320824,2024-12-31,2024-12-31,negative_high,3660,3664
rolling5_annual20,3403,2025-02-07,2025-02-17,0.0144454990892999,2025,2024-12-31,learned_vol_interaction,20260912,0.6656753647706254,0.6656753647706254,1,1,0.6886896287260983,0.6656753647706254,2024-12-31,2024-12-31,negative_low,3664,3669
rolling5_annual20,3408,2025-02-14,2025-02-24,0.0045695818086644,2025,2024-12-31,learned_vol_interaction,20260912,0.6366748986711647,0.6366748986711647,1,1,0.5609611327336782,0.6366748986711647,2024-12-31,2024-12-31,negative_low,3669,3674
rolling5_annual20,3413,2025-02-21,2025-03-03,-0.0183210488158531,2025,2024-12-31,learned_vol_interaction,20260912,0.3758479309011285,0.3758479309011285,0,0,-0.5072094166686472,0.3758479309011285,2024-12-31,2024-12-31,negative_low,3674,3679
rolling5_annual20,3418,2025-02-28,2025-03-10,0.0117650075646844,2025,2024-12-31,learned_vol_interaction,20260912,0.5709205167438731,0.5709205167438731,1,1,0.28560782244657157,0.5709205167438731,2024-12-31,2024-12-31,negative_low,3679,3684
rolling5_annual20,3423,2025-03-07,2025-03-17,0.019023819058288,2025,2024-12-31,learned_vol_interaction,20260912,0.2697314685006311,0.2697314685006311,0,1,-0.9959854148851748,0.2697314685006311,2024-12-31,2024-12-31,nonnegative_low,3684,3689
rolling5_annual20,3428,2025-03-14,2025-03-24,-0.0259983485216283,2025,2024-12-31,learned_vol_interaction,20260912,0.6971511109958376,0.6971511109958376,1,0,0.8337682243137782,0.6971511109958376,2024-12-31,2024-12-31,nonnegative_low,3689,3694
rolling5_annual20,3433,2025-03-21,2025-03-31,-0.0025867506275359,2025,2024-12-31,learned_vol_interaction,20260912,0.5692380331101397,0.5692380331101397,1,0,0.2787430259760506,0.5692380331101397,2024-12-31,2024-12-31,negative_low,3694,3699
rolling5_annual20,3438,2025-03-28,2025-04-14,-0.0342910101946246,2025,2024-12-31,learned_vol_interaction,20260912,0.5653548865619433,0.5653548865619433,1,0,0.2629237848313275,0.5653548865619433,2024-12-31,2024-12-31,negative_low,3699,3708
rolling5_annual20,3447,2025-04-11,2025-04-21,-0.0010339232881941,2025,2024-12-31,learned_vol_interaction,20260912,0.5182124590150238,0.5182124590150238,1,0,0.07288208017105666,0.5182124590150238,2025-03-31,2024-12-31,negative_high,3708,3713
rolling5_annual20,3452,2025-04-18,2025-04-28,0.0048432383085554,2025,2024-12-31,learned_vol_interaction,20260912,0.6373210111342115,0.6373210111342115,1,1,0.5637553559393194,0.6373210111342115,2025-03-31,2024-12-31,negative_high,3713,3718
rolling5_annual20,3457,2025-04-25,2025-05-12,0.02116527880118,2025,2024-12-31,learned_vol_interaction,20260912,0.4715989287340677,0.4715989287340677,0,1,-0.11372670291859842,0.4715989287340677,2025-03-31,2024-12-31,negative_high,3718,3725
rolling5_annual20,3464,2025-05-09,2025-05-19,0.0041484224873464,2025,2024-12-31,learned_vol_interaction,20260912,0.2195213618582217,0.2195213618582217,0,1,-1.2684578218092526,0.2195213618582217,2025-03-31,2024-12-31,negative_low,3725,3730
rolling5_annual20,3469,2025-05-16,2025-05-26,-0.0017462660042188,2025,2024-12-31,learned_vol_interaction,20260912,0.30980692288748674,0.30980692288748674,0,0,-0.8010221063054643,0.30980692288748674,2025-03-31,2024-12-31,negative_low,3730,3735
rolling5_annual20,3474,2025-05-23,2025-06-03,-0.0109216443615366,2025,2024-12-31,learned_vol_interaction,20260912,0.19480935035671804,0.19480935035671804,0,0,-1.4190576913990398,0.19480935035671804,2025-03-31,2024-12-31,negative_low,3735,3740
rolling5_annual20,3479,2025-05-30,2025-06-09,0.011566574321892,2025,2024-12-31,learned_vol_interaction,20260912,0.15118619506064962,0.15118619506064962,0,1,-1.7253276941654938,0.15118619506064962,2025-03-31,2024-12-31,negative_low,3740,3744
rolling5_annual20,3483,2025-06-06,2025-06-16,-0.0062354943524679,2025,2024-12-31,learned_vol_interaction,20260912,0.37427363804780367,0.37427363804780367,0,0,-0.5139259716310045,0.37427363804780367,2025-03-31,2024-12-31,negative_low,3744,3749
rolling5_annual20,3488,2025-06-13,2025-06-23,-0.005825691168304,2025,2024-12-31,learned_vol_interaction,20260912,0.28249272154558186,0.28249272154558186,0,0,-0.9321303059554982,0.28249272154558186,2025-03-31,2024-12-31,negative_low,3749,3754
rolling5_annual20,3493,2025-06-20,2025-06-30,0.0232670437490374,2025,2024-12-31,learned_vol_interaction,20260912,0.41432413530429735,0.41432413530429735,0,1,-0.3461179016157108,0.41432413530429735,2025-03-31,2024-12-31,negative_low,3754,3759
rolling5_annual20,3498,2025-06-27,2025-07-07,0.0145345648685946,2025,2024-12-31,learned_vol_interaction,20260912,0.527574063118162,0.527574063118162,1,1,0.11040827220234992,0.527574063118162,2025-03-31,2024-12-31,nonnegative_low,3759,3764
rolling5_annual20,3503,2025-07-04,2025-07-14,0.0110426949002964,2025,2024-12-31,learned_vol_interaction,20260912,0.4460138413271689,0.4460138413271689,0,1,-0.2167897161857419,0.4460138413271689,2025-06-30,2024-12-31,nonnegative_low,3764,3769
rolling5_annual20,3508,2025-07-11,2025-07-21,0.0120759671840067,2025,2024-12-31,learned_vol_interaction,20260912,0.5313131532633956,0.5313131532633956,1,1,0.12541674865822774,0.5313131532633956,2025-06-30,2024-12-31,nonnegative_low,3769,3774
rolling5_annual20,3513,2025-07-18,2025-07-28,0.0143570766898375,2025,2024-12-31,learned_vol_interaction,20260912,0.7086416116210668,0.7086416116210668,1,1,0.8887958298272168,0.7086416116210668,2025-06-30,2024-12-31,nonnegative_low,3774,3779
rolling5_annual20,3518,2025-07-25,2025-08-04,-0.0218642507630443,2025,2024-12-31,learned_vol_interaction,20260912,0.5244618144098299,0.5244618144098299,1,0,0.09792543644721391,0.5244618144098299,2025-06-30,2024-12-31,nonnegative_low,3779,3784
rolling5_annual20,3523,2025-08-01,2025-08-11,0.0179175520190988,2025,2024-12-31,learned_vol_interaction,20260912,0.5580312472539825,0.5580312472539825,1,1,0.2331757750425734,0.5580312472539825,2025-06-30,2024-12-31,nonnegative_low,3784,3789
rolling5_annual20,3528,2025-08-08,2025-08-18,0.026265786598999,2025,2024-12-31,learned_vol_interaction,20260912,0.25990682624063666,0.25990682624063666,0,1,-1.046452882581699,0.25990682624063666,2025-06-30,2024-12-31,nonnegative_low,3789,3794
rolling5_annual20,3533,2025-08-15,2025-08-25,0.0469483790671487,2025,2024-12-31,learned_vol_interaction,20260912,0.4307306379319456,0.4307306379319456,0,1,-0.2788707929270837,0.4307306379319456,2025-06-30,2024-12-31,nonnegative_low,3794,3799
rolling5_annual20,3538,2025-08-22,2025-09-01,0.0227770368340847,2025,2024-12-31,learned_vol_interaction,20260912,0.3345407523434467,0.3345407523434467,0,1,-0.687718697511885,0.3345407523434467,2025-06-30,2024-12-31,nonnegative_low,3799,3804
rolling5_annual20,3543,2025-08-29,2025-09-08,-0.0110053842475337,2025,2024-12-31,learned_vol_interaction,20260912,0.6696935042280467,0.6696935042280467,1,0,0.7067991528615092,0.6696935042280467,2025-06-30,2024-12-31,nonnegative_low,3804,3809
rolling5_annual20,3548,2025-09-05,2025-09-15,0.0151594857594405,2025,2024-12-31,learned_vol_interaction,20260912,0.4127840561217513,0.4127840561217513,0,1,-0.35246803962753076,0.4127840561217513,2025-06-30,2024-12-31,nonnegative_high,3809,3814
rolling5_annual20,3553,2025-09-12,2025-09-22,-0.0050409160971932,2025,2024-12-31,learned_vol_interaction,20260912,0.6132751573531933,0.6132751573531933,1,0,0.461100266058524,0.6132751573531933,2025-06-30,2024-12-31,nonnegative_high,3814,3819
rolling5_annual20,3558,2025-09-19,2025-09-29,0.0095300784790881,2025,2024-12-31,learned_vol_interaction,20260912,0.3454408676898515,0.3454408676898515,0,1,-0.6391404499695095,0.3454408676898515,2025-06-30,2024-12-31,nonnegative_high,3819,3824
rolling5_annual20,3563,2025-09-26,2025-10-13,-0.0140855274279203,2025,2024-12-31,learned_vol_interaction,20260912,0.49682258462544754,0.49682258462544754,0,0,-0.012709832590811071,0.49682258462544754,2025-06-30,2024-12-31,nonnegative_high,3824,3828
rolling5_annual20,3567,2025-10-10,2025-10-20,0.015001547584321,2025,2024-12-31,learned_vol_interaction,20260912,0.38708416794246603,0.38708416794246603,0,1,-0.45958546393970895,0.38708416794246603,2025-09-30,2024-12-31,nonnegative_high,3828,3833
rolling5_annual20,3572,2025-10-17,2025-10-27,0.0309637052897611,2025,2024-12-31,learned_vol_interaction,20260912,0.3157098671172643,0.3157098671172643,0,1,-0.773558348766336,0.3157098671172643,2025-09-30,2024-12-31,nonnegative_high,3833,3838
rolling5_annual20,3577,2025-10-24,2025-11-03,-0.013331545863497,2025,2024-12-31,learned_vol_interaction,20260912,0.4208911959584494,0.4208911959584494,0,0,-0.3191160187123868,0.4208911959584494,2025-09-30,2024-12-31,nonnegative_high,3838,3843
rolling5_annual20,3582,2025-10-31,2025-11-10,0.0110832418536339,2025,2024-12-31,learned_vol_interaction,20260912,0.3900158389526887,0.3900158389526887,0,1,-0.44724564033581604,0.3900158389526887,2025-09-30,2024-12-31,nonnegative_high,3843,3848
rolling5_annual20,3587,2025-11-07,2025-11-17,-0.0152107881197579,2025,2024-12-31,learned_vol_interaction,20260912,0.659622747508864,0.659622747508864,1,0,0.6616135082673634,0.659622747508864,2025-09-30,2024-12-31,nonnegative_high,3848,3853
rolling5_annual20,3592,2025-11-14,2025-11-24,-0.031114557454173,2025,2024-12-31,learned_vol_interaction,20260912,0.34326605537210186,0.34326605537210186,0,0,-0.648773163437016,0.34326605537210186,2025-09-30,2024-12-31,nonnegative_low,3853,3858
rolling5_annual20,3597,2025-11-21,2025-12-01,0.0147613767448515,2025,2024-12-31,learned_vol_interaction,20260912,0.48314566355901645,0.48314566355901645,0,1,-0.0674428980600007,0.48314566355901645,2025-09-30,2024-12-31,nonnegative_high,3858,3863
rolling5_annual20,3602,2025-11-28,2025-12-08,0.0118853804313106,2025,2024-12-31,learned_vol_interaction,20260912,0.41500219502025004,0.41500219502025004,0,1,-0.3433242856313173,0.41500219502025004,2025-09-30,2024-12-31,nonnegative_low,3863,3868
rolling5_annual20,3607,2025-12-05,2025-12-15,-0.0093922675990717,2025,2024-12-31,learned_vol_interaction,20260912,0.4068651499818389,0.4068651499818389,0,0,-0.3769399724958198,0.4068651499818389,2025-09-30,2024-12-31,nonnegative_low,3868,3873
rolling5_annual20,3612,2025-12-12,2025-12-22,0.0082791208791208,2025,2024-12-31,learned_vol_interaction,20260912,0.616228716247792,0.616228716247792,1,1,0.47357142732164026,0.616228716247792,2025-09-30,2024-12-31,nonnegative_low,3873,3878
rolling5_annual20,3617,2025-12-19,2025-12-29,0.0153890755001995,2025,2024-12-31,learned_vol_interaction,20260912,0.623898158108595,0.623898158108595,1,1,0.5061271840810565,0.623898158108595,2025-09-30,2024-12-31,nonnegative_low,3878,3883
rolling5_annual20,3622,2025-12-26,2026-01-12,0.0239101640737868,2025,2024-12-31,learned_vol_interaction,20260912,0.5313345497973928,0.5313345497973928,1,1,0.12550267202063195,0.5313345497973928,2025-09-30,2024-12-31,nonnegative_low,3883,3891
rolling5_annual20,3384,2025-01-03,2025-01-13,-0.0189486730632231,2025,2024-12-31,learned_order_extension,20260912,0.43188465804609494,0.43188465804609494,0,0,-0.2741659075952707,0.43188465804609494,2024-12-31,2024-12-31,negative_high,3645,3650
rolling5_annual20,3389,2025-01-10,2025-01-20,0.0353251773547418,2025,2024-12-31,learned_order_extension,20260912,0.7180313467789317,0.7180313467789317,1,1,0.93471732059272,0.7180313467789317,2024-12-31,2024-12-31,negative_high,3650,3655
rolling5_annual20,3394,2025-01-17,2025-01-27,0.000432821422053,2025,2024-12-31,learned_order_extension,20260912,0.6186516338053223,0.6186516338053223,1,1,0.48382902124296,0.6186516338053223,2024-12-31,2024-12-31,negative_high,3655,3660
rolling5_annual20,3399,2025-01-24,2025-02-10,0.0159344898044284,2025,2024-12-31,learned_order_extension,20260912,0.7832822932916682,0.7832822932916682,1,1,1.284897542944732,0.7832822932916682,2024-12-31,2024-12-31,negative_high,3660,3664
rolling5_annual20,3403,2025-02-07,2025-02-17,0.0144454990892999,2025,2024-12-31,learned_order_extension,20260912,0.7098765758367355,0.7098765758367355,1,1,0.8947846850730459,0.7098765758367355,2024-12-31,2024-12-31,negative_low,3664,3669
rolling5_annual20,3408,2025-02-14,2025-02-24,0.0045695818086644,2025,2024-12-31,learned_order_extension,20260912,0.6855283540318028,0.6855283540318028,1,1,0.779295944530249,0.6855283540318028,2024-12-31,2024-12-31,negative_low,3669,3674
rolling5_annual20,3413,2025-02-21,2025-03-03,-0.0183210488158531,2025,2024-12-31,learned_order_extension,20260912,0.40938066472725215,0.40938066472725215,0,0,-0.3665262633339528,0.40938066472725215,2024-12-31,2024-12-31,negative_low,3674,3679
rolling5_annual20,3418,2025-02-28,2025-03-10,0.0117650075646844,2025,2024-12-31,learned_order_extension,20260912,0.6433684681685069,0.6433684681685069,1,1,0.590014480421117,0.6433684681685069,2024-12-31,2024-12-31,negative_low,3679,3684
rolling5_annual20,3423,2025-03-07,2025-03-17,0.019023819058288,2025,2024-12-31,learned_order_extension,20260912,0.25002023502263354,0.25002023502263354,0,1,-1.0985043714589022,0.25002023502263354,2024-12-31,2024-12-31,nonnegative_low,3684,3689
rolling5_annual20,3428,2025-03-14,2025-03-24,-0.0259983485216283,2025,2024-12-31,learned_order_extension,20260912,0.7238176657049011,0.7238176657049011,1,0,0.9634782386187248,0.7238176657049011,2024-12-31,2024-12-31,nonnegative_low,3689,3694
rolling5_annual20,3433,2025-03-21,2025-03-31,-0.0025867506275359,2025,2024-12-31,learned_order_extension,20260912,0.5988742871040955,0.5988742871040955,1,0,0.4007768281410403,0.5988742871040955,2024-12-31,2024-12-31,negative_low,3694,3699
rolling5_annual20,3438,2025-03-28,2025-04-14,-0.0342910101946246,2025,2024-12-31,learned_order_extension,20260912,0.6204095542696454,0.6204095542696454,1,0,0.491286934250381,0.6204095542696454,2024-12-31,2024-12-31,negative_low,3699,3708
rolling5_annual20,3447,2025-04-11,2025-04-21,-0.0010339232881941,2025,2024-12-31,learned_order_extension,20260912,0.5146965896009417,0.5146965896009417,1,0,0.05880329685259411,0.5146965896009417,2025-03-31,2024-12-31,negative_high,3708,3713
rolling5_annual20,3452,2025-04-18,2025-04-28,0.0048432383085554,2025,2024-12-31,learned_order_extension,20260912,0.6661309990671398,0.6661309990671398,1,1,0.6907376432291267,0.6661309990671398,2025-03-31,2024-12-31,negative_high,3713,3718
rolling5_annual20,3457,2025-04-25,2025-05-12,0.02116527880118,2025,2024-12-31,learned_order_extension,20260912,0.4604952035655177,0.4604952035655177,0,1,-0.15834923524564992,0.4604952035655177,2025-03-31,2024-12-31,negative_high,3718,3725
rolling5_annual20,3464,2025-05-09,2025-05-19,0.0041484224873464,2025,2024-12-31,learned_order_extension,20260912,0.21512770114159974,0.21512770114159974,0,1,-1.29428921733354,0.21512770114159974,2025-03-31,2024-12-31,negative_low,3725,3730
rolling5_annual20,3469,2025-05-16,2025-05-26,-0.0017462660042188,2025,2024-12-31,learned_order_extension,20260912,0.3277789625470372,0.3277789625470372,0,0,-0.718247724679051,0.3277789625470372,2025-03-31,2024-12-31,negative_low,3730,3735
rolling5_annual20,3474,2025-05-23,2025-06-03,-0.0109216443615366,2025,2024-12-31,learned_order_extension,20260912,0.22531154624064548,0.22531154624064548,0,0,-1.2349768589633343,0.22531154624064548,2025-03-31,2024-12-31,negative_low,3735,3740
rolling5_annual20,3479,2025-05-30,2025-06-09,0.011566574321892,2025,2024-12-31,learned_order_extension,20260912,0.20222044538989106,0.20222044538989106,0,1,-1.3724738957682123,0.20222044538989106,2025-03-31,2024-12-31,negative_low,3740,3744
rolling5_annual20,3483,2025-06-06,2025-06-16,-0.0062354943524679,2025,2024-12-31,learned_order_extension,20260912,0.407089298223714,0.407089298223714,0,0,-0.37601123310283036,0.407089298223714,2025-03-31,2024-12-31,negative_low,3744,3749
rolling5_annual20,3488,2025-06-13,2025-06-23,-0.005825691168304,2025,2024-12-31,learned_order_extension,20260912,0.2982937492446568,0.2982937492446568,0,0,-0.8554361335279925,0.2982937492446568,2025-03-31,2024-12-31,negative_low,3749,3754
rolling5_annual20,3493,2025-06-20,2025-06-30,0.0232670437490374,2025,2024-12-31,learned_order_extension,20260912,0.4376549986924258,0.4376549986924258,0,1,-0.2506846170959212,0.4376549986924258,2025-03-31,2024-12-31,negative_low,3754,3759
rolling5_annual20,3498,2025-06-27,2025-07-07,0.0145345648685946,2025,2024-12-31,learned_order_extension,20260912,0.5181270090222981,0.5181270090222981,1,1,0.07253982823614999,0.5181270090222981,2025-03-31,2024-12-31,nonnegative_low,3759,3764
rolling5_annual20,3503,2025-07-04,2025-07-14,0.0110426949002964,2025,2024-12-31,learned_order_extension,20260912,0.44975661840836995,0.44975661840836995,0,1,-0.20165410385980564,0.44975661840836995,2025-06-30,2024-12-31,nonnegative_low,3764,3769
rolling5_annual20,3508,2025-07-11,2025-07-21,0.0120759671840067,2025,2024-12-31,learned_order_extension,20260912,0.5396775320772306,0.5396775320772306,1,1,0.15904453725689338,0.5396775320772306,2025-06-30,2024-12-31,nonnegative_low,3769,3774
rolling5_annual20,3513,2025-07-18,2025-07-28,0.0143570766898375,2025,2024-12-31,learned_order_extension,20260912,0.7181896217551942,0.7181896217551942,1,1,0.9354992041403782,0.7181896217551942,2025-06-30,2024-12-31,nonnegative_low,3774,3779
rolling5_annual20,3518,2025-07-25,2025-08-04,-0.0218642507630443,2025,2024-12-31,learned_order_extension,20260912,0.4788967000353738,0.4788967000353738,0,0,-0.08446337797757242,0.4788967000353738,2025-06-30,2024-12-31,nonnegative_low,3779,3784
rolling5_annual20,3523,2025-08-01,2025-08-11,0.0179175520190988,2025,2024-12-31,learned_order_extension,20260912,0.5048920607412078,0.5048920607412078,1,1,0.01956886741702535,0.5048920607412078,2025-06-30,2024-12-31,nonnegative_low,3784,3789
rolling5_annual20,3528,2025-08-08,2025-08-18,0.026265786598999,2025,2024-12-31,learned_order_extension,20260912,0.2671707254058088,0.2671707254058088,0,1,-1.0090248864636515,0.2671707254058088,2025-06-30,2024-12-31,nonnegative_low,3789,3794
rolling5_annual20,3533,2025-08-15,2025-08-25,0.0469483790671487,2025,2024-12-31,learned_order_extension,20260912,0.42899078082677655,0.42899078082677655,0,1,-0.28596992640522667,0.42899078082677655,2025-06-30,2024-12-31,nonnegative_low,3794,3799
rolling5_annual20,3538,2025-08-22,2025-09-01,0.0227770368340847,2025,2024-12-31,learned_order_extension,20260912,0.3149107808618338,0.3149107808618338,0,1,-0.7772597133501977,0.3149107808618338,2025-06-30,2024-12-31,nonnegative_low,3799,3804
rolling5_annual20,3543,2025-08-29,2025-09-08,-0.0110053842475337,2025,2024-12-31,learned_order_extension,20260912,0.6822563563025544,0.6822563563025544,1,0,0.764160570451393,0.6822563563025544,2025-06-30,2024-12-31,nonnegative_low,3804,3809
rolling5_annual20,3548,2025-09-05,2025-09-15,0.0151594857594405,2025,2024-12-31,learned_order_extension,20260912,0.413546101176203,0.413546101176203,0,1,-0.3493250627258958,0.413546101176203,2025-06-30,2024-12-31,nonnegative_high,3809,3814
rolling5_annual20,3553,2025-09-12,2025-09-22,-0.0050409160971932,2025,2024-12-31,learned_order_extension,20260912,0.5955127190576712,0.5955127190576712,1,0,0.3868024550824811,0.5955127190576712,2025-06-30,2024-12-31,nonnegative_high,3814,3819
rolling5_annual20,3558,2025-09-19,2025-09-29,0.0095300784790881,2025,2024-12-31,learned_order_extension,20260912,0.3203365822384075,0.3203365822384075,0,1,-0.7522254392358831,0.3203365822384075,2025-06-30,2024-12-31,nonnegative_high,3819,3824
rolling5_annual20,3563,2025-09-26,2025-10-13,-0.0140855274279203,2025,2024-12-31,learned_order_extension,20260912,0.49370493999167486,0.49370493999167486,0,0,-0.02518157060921622,0.49370493999167486,2025-06-30,2024-12-31,nonnegative_high,3824,3828
rolling5_annual20,3567,2025-10-10,2025-10-20,0.015001547584321,2025,2024-12-31,learned_order_extension,20260912,0.3618256973057808,0.3618256973057808,0,1,-0.5674488510345471,0.3618256973057808,2025-09-30,2024-12-31,nonnegative_high,3828,3833
rolling5_annual20,3572,2025-10-17,2025-10-27,0.0309637052897611,2025,2024-12-31,learned_order_extension,20260912,0.312619869218582,0.312619869218582,0,1,-0.787899481984716,0.312619869218582,2025-09-30,2024-12-31,nonnegative_high,3833,3838
rolling5_annual20,3577,2025-10-24,2025-11-03,-0.013331545863497,2025,2024-12-31,learned_order_extension,20260912,0.40985370086401507,0.40985370086401507,0,0,-0.3645702019394235,0.40985370086401507,2025-09-30,2024-12-31,nonnegative_high,3838,3843
rolling5_annual20,3582,2025-10-31,2025-11-10,0.0110832418536339,2025,2024-12-31,learned_order_extension,20260912,0.3627331529148393,0.3627331529148393,0,1,-0.5635210320769803,0.3627331529148393,2025-09-30,2024-12-31,nonnegative_high,3843,3848
rolling5_annual20,3587,2025-11-07,2025-11-17,-0.0152107881197579,2025,2024-12-31,learned_order_extension,20260912,0.718885721140873,0.718885721140873,1,0,0.9389411307082323,0.718885721140873,2025-09-30,2024-12-31,nonnegative_high,3848,3853
rolling5_annual20,3592,2025-11-14,2025-11-24,-0.031114557454173,2025,2024-12-31,learned_order_extension,20260912,0.30698939617400184,0.30698939617400184,0,0,-0.8142320935682144,0.30698939617400184,2025-09-30,2024-12-31,nonnegative_low,3853,3858
rolling5_annual20,3597,2025-11-21,2025-12-01,0.0147613767448515,2025,2024-12-31,learned_order_extension,20260912,0.5182169356345201,0.5182169356345201,1,1,0.07290001044432234,0.5182169356345201,2025-09-30,2024-12-31,nonnegative_high,3858,3863
rolling5_annual20,3602,2025-11-28,2025-12-08,0.0118853804313106,2025,2024-12-31,learned_order_extension,20260912,0.4275392206065502,0.4275392206065502,0,1,-0.29189819719447574,0.4275392206065502,2025-09-30,2024-12-31,nonnegative_low,3863,3868
rolling5_annual20,3607,2025-12-05,2025-12-15,-0.0093922675990717,2025,2024-12-31,learned_order_extension,20260912,0.4221602938281845,0.4221602938281845,0,0,-0.31391142013984374,0.4221602938281845,2025-09-30,2024-12-31,nonnegative_low,3868,3873
rolling5_annual20,3612,2025-12-12,2025-12-22,0.0082791208791208,2025,2024-12-31,learned_order_extension,20260912,0.686955951008886,0.686955951008886,1,1,0.7859262600363197,0.686955951008886,2025-09-30,2024-12-31,nonnegative_low,3873,3878
rolling5_annual20,3617,2025-12-19,2025-12-29,0.0153890755001995,2025,2024-12-31,learned_order_extension,20260912,0.6978439415509934,0.6978439415509934,1,1,0.8370518645881242,0.6978439415509934,2025-09-30,2024-12-31,nonnegative_low,3878,3883
rolling5_annual20,3622,2025-12-26,2026-01-12,0.0239101640737868,2025,2024-12-31,learned_order_extension,20260912,0.5576069048924787,0.5576069048924787,1,1,0.23145540032344858,0.5576069048924787,2025-09-30,2024-12-31,nonnegative_low,3883,3891
rolling5_annual20,3384,2025-01-03,2025-01-13,-0.0189486730632231,2025,2024-12-31,learned_order_offset,20260912,0.4326309825835323,0.4326309825835323,0,0,-0.2711247859748073,0.4326309825835323,2024-12-31,2024-12-31,negative_high,3645,3650
rolling5_annual20,3389,2025-01-10,2025-01-20,0.0353251773547418,2025,2024-12-31,learned_order_offset,20260912,0.7155096866522207,0.7155096866522207,1,1,0.9222959322028422,0.7155096866522207,2024-12-31,2024-12-31,negative_high,3650,3655
rolling5_annual20,3394,2025-01-17,2025-01-27,0.000432821422053,2025,2024-12-31,learned_order_offset,20260912,0.6172483281551261,0.6172483281551261,1,1,0.47788501717432036,0.6172483281551261,2024-12-31,2024-12-31,negative_high,3655,3660
rolling5_annual20,3399,2025-01-24,2025-02-10,0.0159344898044284,2025,2024-12-31,learned_order_offset,20260912,0.7808632543831274,0.7808632543831274,1,1,1.2707040999273926,0.7808632543831274,2024-12-31,2024-12-31,negative_high,3660,3664
rolling5_annual20,3403,2025-02-07,2025-02-17,0.0144454990892999,2025,2024-12-31,learned_order_offset,20260912,0.7081726942730068,0.7081726942730068,1,1,0.886525773847089,0.7081726942730068,2024-12-31,2024-12-31,negative_low,3664,3669
rolling5_annual20,3408,2025-02-14,2025-02-24,0.0045695818086644,2025,2024-12-31,learned_order_offset,20260912,0.6832841057647039,0.6832841057647039,1,1,0.76890560120057,0.6832841057647039,2024-12-31,2024-12-31,negative_low,3669,3674
rolling5_annual20,3413,2025-02-21,2025-03-03,-0.0183210488158531,2025,2024-12-31,learned_order_offset,20260912,0.4117646835265383,0.4117646835265383,0,0,-0.35667503623631097,0.4117646835265383,2024-12-31,2024-12-31,negative_low,3674,3679
rolling5_annual20,3418,2025-02-28,2025-03-10,0.0117650075646844,2025,2024-12-31,learned_order_offset,20260912,0.6412881777301309,0.6412881777301309,1,1,0.5809595884830078,0.6412881777301309,2024-12-31,2024-12-31,negative_low,3679,3684
rolling5_annual20,3423,2025-03-07,2025-03-17,0.019023819058288,2025,2024-12-31,learned_order_offset,20260912,0.25180315037211576,0.25180315037211576,0,1,-1.0890184783652659,0.25180315037211576,2024-12-31,2024-12-31,nonnegative_low,3684,3689
rolling5_annual20,3428,2025-03-14,2025-03-24,-0.0259983485216283,2025,2024-12-31,learned_order_offset,20260912,0.7172777696525664,0.7172777696525664,1,0,0.9309982735188382,0.7172777696525664,2024-12-31,2024-12-31,nonnegative_low,3689,3694
rolling5_annual20,3433,2025-03-21,2025-03-31,-0.0025867506275359,2025,2024-12-31,learned_order_offset,20260912,0.5938462138293957,0.5938462138293957,1,0,0.3798885150125825,0.5938462138293957,2024-12-31,2024-12-31,negative_low,3694,3699
rolling5_annual20,3438,2025-03-28,2025-04-14,-0.0342910101946246,2025,2024-12-31,learned_order_offset,20260912,0.6157709090258536,0.6157709090258536,1,0,0.4716360276526382,0.6157709090258536,2024-12-31,2024-12-31,negative_low,3699,3708
rolling5_annual20,3447,2025-04-11,2025-04-21,-0.0010339232881941,2025,2024-12-31,learned_order_offset,20260912,0.5120728879925767,0.5120728879925767,1,0,0.048300940210667,0.5120728879925767,2025-03-31,2024-12-31,negative_high,3708,3713
rolling5_annual20,3452,2025-04-18,2025-04-28,0.0048432383085554,2025,2024-12-31,learned_order_offset,20260912,0.6635249152228766,0.6635249152228766,1,1,0.6790423001933344,0.6635249152228766,2025-03-31,2024-12-31,negative_high,3713,3718
rolling5_annual20,3457,2025-04-25,2025-05-12,0.02116527880118,2025,2024-12-31,learned_order_offset,20260912,0.46286812448480785,0.46286812448480785,0,1,-0.14880145741165263,0.46286812448480785,2025-03-31,2024-12-31,negative_high,3718,3725
rolling5_annual20,3464,2025-05-09,2025-05-19,0.0041484224873464,2025,2024-12-31,learned_order_offset,20260912,0.21962607564301329,0.21962607564301329,0,1,-1.2678467508841975,0.21962607564301329,2025-03-31,2024-12-31,negative_low,3725,3730
rolling5_annual20,3469,2025-05-16,2025-05-26,-0.0017462660042188,2025,2024-12-31,learned_order_offset,20260912,0.33141150174739936,0.33141150174739936,0,0,-0.7018079601745213,0.33141150174739936,2025-03-31,2024-12-31,negative_low,3730,3735
rolling5_annual20,3474,2025-05-23,2025-06-03,-0.0109216443615366,2025,2024-12-31,learned_order_offset,20260912,0.23046429657969508,0.23046429657969508,0,0,-1.2056913955032194,0.23046429657969508,2025-03-31,2024-12-31,negative_low,3735,3740
rolling5_annual20,3479,2025-05-30,2025-06-09,0.011566574321892,2025,2024-12-31,learned_order_offset,20260912,0.2076334788658006,0.2076334788658006,0,1,-1.3392496594723524,0.2076334788658006,2025-03-31,2024-12-31,negative_low,3740,3744
rolling5_annual20,3483,2025-06-06,2025-06-16,-0.0062354943524679,2025,2024-12-31,learned_order_offset,20260912,0.4107608831952894,0.4107608831952894,0,0,-0.3608208195967032,0.4107608831952894,2025-03-31,2024-12-31,negative_low,3744,3749
rolling5_annual20,3488,2025-06-13,2025-06-23,-0.005825691168304,2025,2024-12-31,learned_order_offset,20260912,0.2988370145555203,0.2988370145555203,0,0,-0.8528420412624018,0.2988370145555203,2025-03-31,2024-12-31,negative_low,3749,3754
rolling5_annual20,3493,2025-06-20,2025-06-30,0.0232670437490374,2025,2024-12-31,learned_order_offset,20260912,0.4375904241651662,0.4375904241651662,0,1,-0.25094699883724003,0.4375904241651662,2025-03-31,2024-12-31,negative_low,3754,3759
rolling5_annual20,3498,2025-06-27,2025-07-07,0.0145345648685946,2025,2024-12-31,learned_order_offset,20260912,0.51621490195825,0.51621490195825,1,1,0.064882359638961,0.51621490195825,2025-03-31,2024-12-31,nonnegative_low,3759,3764
rolling5_annual20,3503,2025-07-04,2025-07-14,0.0110426949002964,2025,2024-12-31,learned_order_offset,20260912,0.4492168708376479,0.4492168708376479,0,1,-0.2038353570091464,0.4492168708376479,2025-06-30,2024-12-31,nonnegative_low,3764,3769
rolling5_annual20,3508,2025-07-11,2025-07-21,0.0120759671840067,2025,2024-12-31,learned_order_offset,20260912,0.5370542470526525,0.5370542470526525,1,1,0.14848922516546342,0.5370542470526525,2025-06-30,2024-12-31,nonnegative_low,3769,3774
rolling5_annual20,3513,2025-07-18,2025-07-28,0.0143570766898375,2025,2024-12-31,learned_order_offset,20260912,0.7112619395712232,0.7112619395712232,1,1,0.9015208602263229,0.7112619395712232,2025-06-30,2024-12-31,nonnegative_low,3774,3779
rolling5_annual20,3518,2025-07-25,2025-08-04,-0.0218642507630443,2025,2024-12-31,learned_order_offset,20260912,0.4726001591921405,0.4726001591921405,0,0,-0.10970927047982679,0.4726001591921405,2025-06-30,2024-12-31,nonnegative_low,3779,3784
rolling5_annual20,3523,2025-08-01,2025-08-11,0.0179175520190988,2025,2024-12-31,learned_order_offset,20260912,0.5020957913429207,0.5020957913429207,1,1,0.008383214467832356,0.5020957913429207,2025-06-30,2024-12-31,nonnegative_low,3784,3789
rolling5_annual20,3528,2025-08-08,2025-08-18,0.026265786598999,2025,2024-12-31,learned_order_offset,20260912,0.2658596532709608,0.2658596532709608,0,1,-1.0157316681547268,0.2658596532709608,2025-06-30,2024-12-31,nonnegative_low,3789,3794
rolling5_annual20,3533,2025-08-15,2025-08-25,0.0469483790671487,2025,2024-12-31,learned_order_offset,20260912,0.4277797400971979,0.4277797400971979,0,1,-0.29091554984431656,0.4277797400971979,2025-06-30,2024-12-31,nonnegative_low,3794,3799
rolling5_annual20,3538,2025-08-22,2025-09-01,0.0227770368340847,2025,2024-12-31,learned_order_offset,20260912,0.31588824917538333,0.31588824917538333,0,1,-0.7727327734854819,0.31588824917538333,2025-06-30,2024-12-31,nonnegative_low,3799,3804
rolling5_annual20,3543,2025-08-29,2025-09-08,-0.0110053842475337,2025,2024-12-31,learned_order_offset,20260912,0.6781481763268534,0.6781481763268534,1,0,0.7452745485133427,0.6781481763268534,2025-06-30,2024-12-31,nonnegative_low,3804,3809
rolling5_annual20,3548,2025-09-05,2025-09-15,0.0151594857594405,2025,2024-12-31,learned_order_offset,20260912,0.41515740085251923,0.41515740085251923,0,1,-0.34268502225678155,0.41515740085251923,2025-06-30,2024-12-31,nonnegative_high,3809,3814
rolling5_annual20,3553,2025-09-12,2025-09-22,-0.0050409160971932,2025,2024-12-31,learned_order_offset,20260912,0.595827474959161,0.595827474959161,1,0,0.38810932463045933,0.595827474959161,2025-06-30,2024-12-31,nonnegative_high,3814,3819
rolling5_annual20,3558,2025-09-19,2025-09-29,0.0095300784790881,2025,2024-12-31,learned_order_offset,20260912,0.32359209816667756,0.32359209816667756,0,1,-0.7373125327807727,0.32359209816667756,2025-06-30,2024-12-31,nonnegative_high,3819,3824
rolling5_annual20,3563,2025-09-26,2025-10-13,-0.0140855274279203,2025,2024-12-31,learned_order_offset,20260912,0.4955932405531918,0.4955932405531918,0,0,-0.01762749422019705,0.4955932405531918,2025-06-30,2024-12-31,nonnegative_high,3824,3828
rolling5_annual20,3567,2025-10-10,2025-10-20,0.015001547584321,2025,2024-12-31,learned_order_offset,20260912,0.3626841037082148,0.3626841037082148,0,1,-0.5637332275243819,0.3626841037082148,2025-09-30,2024-12-31,nonnegative_high,3828,3833
rolling5_annual20,3572,2025-10-17,2025-10-27,0.0309637052897611,2025,2024-12-31,learned_order_offset,20260912,0.3155072074467302,0.3155072074467302,0,1,-0.774496588924793,0.3155072074467302,2025-09-30,2024-12-31,nonnegative_high,3833,3838
rolling5_annual20,3577,2025-10-24,2025-11-03,-0.013331545863497,2025,2024-12-31,learned_order_offset,20260912,0.41018847226300936,0.41018847226300936,0,0,-0.3631862988325706,0.41018847226300936,2025-09-30,2024-12-31,nonnegative_high,3838,3843
rolling5_annual20,3582,2025-10-31,2025-11-10,0.0110832418536339,2025,2024-12-31,learned_order_offset,20260912,0.36389960460436116,0.36389960460436116,0,1,-0.5584783872108207,0.36389960460436116,2025-09-30,2024-12-31,nonnegative_high,3843,3848
rolling5_annual20,3587,2025-11-07,2025-11-17,-0.0152107881197579,2025,2024-12-31,learned_order_offset,20260912,0.7158905437459984,0.7158905437459984,1,0,0.9241677101562422,0.7158905437459984,2025-09-30,2024-12-31,nonnegative_high,3848,3853
rolling5_annual20,3592,2025-11-14,2025-11-24,-0.031114557454173,2025,2024-12-31,learned_order_offset,20260912,0.30770955732411853,0.30770955732411853,0,0,-0.8108492400390699,0.30770955732411853,2025-09-30,2024-12-31,nonnegative_low,3853,3858
rolling5_annual20,3597,2025-11-21,2025-12-01,0.0147613767448515,2025,2024-12-31,learned_order_offset,20260912,0.5191415404011084,0.5191415404011084,1,1,0.07660359950727105,0.5191415404011084,2025-09-30,2024-12-31,nonnegative_high,3858,3863
rolling5_annual20,3602,2025-11-28,2025-12-08,0.0118853804313106,2025,2024-12-31,learned_order_offset,20260912,0.42732723868442246,0.42732723868442246,0,1,-0.2927643697342688,0.42732723868442246,2025-09-30,2024-12-31,nonnegative_low,3863,3868
rolling5_annual20,3607,2025-12-05,2025-12-15,-0.0093922675990717,2025,2024-12-31,learned_order_offset,20260912,0.42170161654928456,0.42170161654928456,0,0,-0.31579197565721906,0.42170161654928456,2025-09-30,2024-12-31,nonnegative_low,3868,3873
rolling5_annual20,3612,2025-12-12,2025-12-22,0.0082791208791208,2025,2024-12-31,learned_order_offset,20260912,0.6839209467759624,0.6839209467759624,1,1,0.7718499853238074,0.6839209467759624,2025-09-30,2024-12-31,nonnegative_low,3873,3878
rolling5_annual20,3617,2025-12-19,2025-12-29,0.0153890755001995,2025,2024-12-31,learned_order_offset,20260912,0.6937306559843779,0.6937306559843779,1,1,0.8176188574093264,0.6937306559843779,2025-09-30,2024-12-31,nonnegative_low,3878,3883
rolling5_annual20,3622,2025-12-26,2026-01-12,0.0239101640737868,2025,2024-12-31,learned_order_offset,20260912,0.556765310818863,0.556765310818863,1,1,0.2280444039243677,0.556765310818863,2025-09-30,2024-12-31,nonnegative_low,3883,3891
rolling5_annual20,3630,2026-01-09,2026-01-19,-0.0103697336282536,2026,2025-12-31,learned_market,20260910,0.5209270458842004,0.5209270458842004,1,0,0.08375711399789006,0.5209270458842004,2025-12-31,2025-12-31,nonnegative_low,3891,3896
rolling5_annual20,3635,2026-01-16,2026-01-26,-0.0010190267764643,2026,2025-12-31,learned_market,20260910,0.5197139065453521,0.5197139065453521,1,0,0.07889652607230388,0.5197139065453521,2025-12-31,2025-12-31,nonnegative_low,3896,3901
rolling5_annual20,3640,2026-01-23,2026-02-02,-0.0087161586128796,2026,2025-12-31,learned_market,20260910,0.2755814653004309,0.2755814653004309,0,0,-0.9664860272571698,0.2755814653004309,2025-12-31,2025-12-31,negative_low,3901,3906
rolling5_annual20,3645,2026-01-30,2026-02-09,0.0041482324550519,2026,2025-12-31,learned_market,20260910,0.41561123934774186,0.41561123934774186,0,1,-0.3408161448801727,0.41561123934774186,2025-12-31,2025-12-31,nonnegative_low,3906,3911
rolling5_annual20,3650,2026-02-06,2026-02-24,0.0071649689901505,2026,2025-12-31,learned_market,20260910,0.5571228245636697,0.5571228245636697,1,1,0.22949325125354414,0.5571228245636697,2025-12-31,2025-12-31,negative_low,3911,3916
rolling5_annual20,3655,2026-02-13,2026-03-02,-0.0097920588919678,2026,2025-12-31,learned_market,20260910,0.4304939364707622,0.4304939364707622,0,0,-0.2798361910251761,0.4304939364707622,2025-12-31,2025-12-31,nonnegative_low,3916,3920
rolling5_annual20,3659,2026-02-27,2026-03-09,-0.0172526869201304,2026,2025-12-31,learned_market,20260910,0.5160143853208942,0.5160143853208942,1,0,0.06407945908428109,0.5160143853208942,2025-12-31,2025-12-31,nonnegative_low,3920,3925
rolling5_annual20,3664,2026-03-06,2026-03-16,0.0149926634422041,2026,2025-12-31,learned_market,20260910,0.4236869357819852,0.4236869357819852,0,1,-0.3076562038069531,0.4236869357819852,2025-12-31,2025-12-31,nonnegative_high,3925,3930
rolling5_annual20,3669,2026-03-13,2026-03-23,-0.0364343509194254,2026,2025-12-31,learned_market,20260910,0.40086366037455606,0.40086366037455606,0,0,-0.40186781385042736,0.40086366037455606,2025-12-31,2025-12-31,nonnegative_low,3930,3935
rolling5_annual20,3674,2026-03-20,2026-03-30,-0.0083038829988221,2026,2025-12-31,learned_market,20260910,0.43855196230093557,0.43855196230093557,0,0,-0.2470409230455206,0.43855196230093557,2025-12-31,2025-12-31,nonnegative_low,3935,3940
rolling5_annual20,3679,2026-03-27,2026-04-07,-0.0035591495694504,2026,2025-12-31,learned_market,20260910,0.5651756750942187,0.5651756750942187,1,0,0.26219451346053696,0.5651756750942187,2025-12-31,2025-12-31,negative_high,3940,3945
rolling5_annual20,3684,2026-04-03,2026-04-13,0.0380736235508991,2026,2025-12-31,learned_market,20260910,0.5135356772227653,0.5135356772227653,1,1,0.054155941019875725,0.5135356772227653,2026-03-31,2025-12-31,negative_high,3945,3949
rolling5_annual20,3688,2026-04-10,2026-04-20,0.0242766725964382,2026,2025-12-31,learned_market,20260910,0.4414243711182377,0.4414243711182377,0,1,-0.23538331810791638,0.4414243711182377,2026-03-31,2025-12-31,negative_high,3949,3954
rolling5_annual20,3693,2026-04-17,2026-04-27,0.010401572188011,2026,2025-12-31,learned_market,20260910,0.5274890760934624,0.5274890760934624,1,1,0.11006729026276708,0.5274890760934624,2026-03-31,2025-12-31,negative_high,3954,3959
rolling5_annual20,3698,2026-04-24,2026-05-11,0.0263674696524953,2026,2025-12-31,learned_market,20260910,0.5599058490281199,0.5599058490281199,1,1,0.24077995935530222,0.5599058490281199,2026-03-31,2025-12-31,nonnegative_high,3959,3966
rolling5_annual20,3705,2026-05-08,2026-05-18,-0.0134529239455926,2026,2025-12-31,learned_market,20260910,0.7550729207988254,0.7550729207988254,1,0,1.1258537980958148,0.7550729207988254,2026-03-31,2025-12-31,nonnegative_high,3966,3971
rolling5_annual20,3710,2026-05-15,2026-05-25,0.0076235492615268,2026,2025-12-31,learned_market,20260910,0.804363668790624,0.804363668790624,1,1,1.413794008545626,0.804363668790624,2026-03-31,2025-12-31,nonnegative_low,3971,3976
rolling5_annual20,3715,2026-05-22,2026-06-01,0.005068538126898,2026,2025-12-31,learned_market,20260910,0.34489025597783224,0.34489025597783224,0,1,-0.6415765019137947,0.34489025597783224,2026-03-31,2025-12-31,nonnegative_low,3976,3981
rolling5_annual20,3720,2026-05-29,2026-06-08,-0.039635353927193,2026,2025-12-31,learned_market,20260910,0.4051698015001944,0.4051698015001944,0,0,-0.3839697419403967,0.4051698015001944,2026-03-31,2025-12-31,nonnegative_high,3981,3986
rolling5_annual20,3725,2026-06-05,2026-06-15,0.0266849782195981,2026,2025-12-31,learned_market,20260910,0.43325058670455674,0.43325058670455674,0,1,-0.26860097138954375,0.43325058670455674,2026-03-31,2025-12-31,nonnegative_high,3986,3991
rolling5_annual20,3730,2026-06-12,2026-06-29,0.0076098142791176,2026,2025-12-31,learned_market,20260910,0.4284564728112197,0.4284564728112197,0,1,-0.28815149088693975,0.4284564728112197,2026-03-31,2025-12-31,nonnegative_high,3991,4000
rolling5_annual20,3739,2026-06-26,2026-07-06,0.0005137647861506,2026,2025-12-31,learned_market,20260910,0.5031202151919982,0.5031202151919982,1,1,0.012481022785712961,0.5031202151919982,2026-03-31,2025-12-31,nonnegative_high,4000,4005
rolling5_annual20,3744,2026-07-03,2026-07-13,-0.0252847876365399,2026,2025-12-31,learned_market,20260910,0.48746869649780666,0.48746869649780666,0,0,-0.0501357130875239,0.48746869649780666,2026-06-30,2025-12-31,nonnegative_high,4005,4010
rolling5_annual20,3749,2026-07-10,2026-07-20,-0.035775397012711,2026,2025-12-31,learned_market,20260910,0.5959903216474544,0.5959903216474544,1,0,0.3887855940945608,0.5959903216474544,2026-06-30,2025-12-31,nonnegative_high,4010,4015
rolling5_annual20,3754,2026-07-17,2026-07-27,0.01756245533441,2026,2025-12-31,learned_market,20260910,0.5449511844259397,0.5449511844259397,1,1,0.18029152061889236,0.5449511844259397,2026-06-30,2025-12-31,negative_high,4015,4020
rolling5_annual20,3759,2026-07-24,2026-08-03,-0.0202339761556519,2026,2025-12-31,learned_market,20260910,0.5453196593301617,0.5453196593301617,1,0,0.1817775295321722,0.5453196593301617,2026-06-30,2025-12-31,negative_high,4020,4025
rolling5_annual20,3764,2026-07-31,2026-08-10,0.0300318732435738,2026,2025-12-31,learned_market,20260910,0.2767208007713581,0.2767208007713581,0,1,-0.9607862568684966,0.2767208007713581,2026-06-30,2025-12-31,negative_high,4025,4030
rolling5_annual20,3769,2026-08-07,2026-08-17,-0.0056482265760339,2026,2025-12-31,learned_market,20260910,0.5027122241666967,0.5027122241666967,1,0,0.01084900307695745,0.5027122241666967,2026-06-30,2025-12-31,negative_high,4030,4035
rolling5_annual20,3774,2026-08-14,2026-08-24,-0.0109860710402629,2026,2025-12-31,learned_market,20260910,0.5310817605680674,0.5310817605680674,1,0,0.12448756041383535,0.5310817605680674,2026-06-30,2025-12-31,negative_high,4035,4040
rolling5_annual20,3779,2026-08-21,2026-08-31,-0.0127592811002066,2026,2025-12-31,learned_market,20260910,0.6651537896005871,0.6651537896005871,1,0,0.686346923492057,0.6651537896005871,2026-06-30,2025-12-31,negative_high,4040,4045
rolling5_annual20,3630,2026-01-09,2026-01-19,-0.0103697336282536,2026,2025-12-31,learned_vol_interaction,20260910,0.5249822005515526,0.5249822005515526,1,0,0.10001208244994103,0.5249822005515526,2025-12-31,2025-12-31,nonnegative_low,3891,3896
rolling5_annual20,3635,2026-01-16,2026-01-26,-0.0010190267764643,2026,2025-12-31,learned_vol_interaction,20260910,0.5217999415123397,0.5217999415123397,1,0,0.08725508328218598,0.5217999415123397,2025-12-31,2025-12-31,nonnegative_low,3896,3901
rolling5_annual20,3640,2026-01-23,2026-02-02,-0.0087161586128796,2026,2025-12-31,learned_vol_interaction,20260910,0.2703686171181188,0.2703686171181188,0,0,-0.9927531751739089,0.2703686171181188,2025-12-31,2025-12-31,negative_low,3901,3906
rolling5_annual20,3645,2026-01-30,2026-02-09,0.0041482324550519,2026,2025-12-31,learned_vol_interaction,20260910,0.4125281641526105,0.4125281641526105,0,1,-0.35352382570845065,0.4125281641526105,2025-12-31,2025-12-31,nonnegative_low,3906,3911
rolling5_annual20,3650,2026-02-06,2026-02-24,0.0071649689901505,2026,2025-12-31,learned_vol_interaction,20260910,0.5560675092745206,0.5560675092745206,1,1,0.2252172034821328,0.5560675092745206,2025-12-31,2025-12-31,negative_low,3911,3916
rolling5_annual20,3655,2026-02-13,2026-03-02,-0.0097920588919678,2026,2025-12-31,learned_vol_interaction,20260910,0.4244643603856174,0.4244643603856174,0,0,-0.3044731087939455,0.4244643603856174,2025-12-31,2025-12-31,nonnegative_low,3916,3920
rolling5_annual20,3659,2026-02-27,2026-03-09,-0.0172526869201304,2026,2025-12-31,learned_vol_interaction,20260910,0.5169468531475478,0.5169468531475478,1,0,0.06781338817984621,0.5169468531475478,2025-12-31,2025-12-31,nonnegative_low,3920,3925
rolling5_annual20,3664,2026-03-06,2026-03-16,0.0149926634422041,2026,2025-12-31,learned_vol_interaction,20260910,0.42392001130005047,0.42392001130005047,0,1,-0.3067017354845943,0.42392001130005047,2025-12-31,2025-12-31,nonnegative_high,3925,3930
rolling5_annual20,3669,2026-03-13,2026-03-23,-0.0364343509194254,2026,2025-12-31,learned_vol_interaction,20260910,0.3996582436829412,0.3996582436829412,0,0,-0.40688929580540883,0.3996582436829412,2025-12-31,2025-12-31,nonnegative_low,3930,3935
rolling5_annual20,3674,2026-03-20,2026-03-30,-0.0083038829988221,2026,2025-12-31,learned_vol_interaction,20260910,0.4401239045442557,0.4401239045442557,0,0,-0.24065921262619955,0.4401239045442557,2025-12-31,2025-12-31,nonnegative_low,3935,3940
rolling5_annual20,3679,2026-03-27,2026-04-07,-0.0035591495694504,2026,2025-12-31,learned_vol_interaction,20260910,0.5634266232389387,0.5634266232389387,1,0,0.25508064522362045,0.5634266232389387,2025-12-31,2025-12-31,negative_high,3940,3945
rolling5_annual20,3684,2026-04-03,2026-04-13,0.0380736235508991,2026,2025-12-31,learned_vol_interaction,20260910,0.515659416956686,0.515659416956686,1,1,0.06265815967766354,0.515659416956686,2026-03-31,2025-12-31,negative_high,3945,3949
rolling5_annual20,3688,2026-04-10,2026-04-20,0.0242766725964382,2026,2025-12-31,learned_vol_interaction,20260910,0.4493722448458667,0.4493722448458667,0,1,-0.20320740298668516,0.4493722448458667,2026-03-31,2025-12-31,negative_high,3949,3954
rolling5_annual20,3693,2026-04-17,2026-04-27,0.010401572188011,2026,2025-12-31,learned_vol_interaction,20260910,0.5273621904757047,0.5273621904757047,1,1,0.10955821615733795,0.5273621904757047,2026-03-31,2025-12-31,negative_high,3954,3959
rolling5_annual20,3698,2026-04-24,2026-05-11,0.0263674696524953,2026,2025-12-31,learned_vol_interaction,20260910,0.562569101111175,0.562569101111175,1,1,0.25159522502742826,0.562569101111175,2026-03-31,2025-12-31,nonnegative_high,3959,3966
rolling5_annual20,3705,2026-05-08,2026-05-18,-0.0134529239455926,2026,2025-12-31,learned_vol_interaction,20260910,0.7583539673291619,0.7583539673291619,1,0,1.1436762715219886,0.7583539673291619,2026-03-31,2025-12-31,nonnegative_high,3966,3971
rolling5_annual20,3710,2026-05-15,2026-05-25,0.0076235492615268,2026,2025-12-31,learned_vol_interaction,20260910,0.808954967014337,0.808954967014337,1,1,1.4432340754581499,0.808954967014337,2026-03-31,2025-12-31,nonnegative_low,3971,3976
rolling5_annual20,3715,2026-05-22,2026-06-01,0.005068538126898,2026,2025-12-31,learned_vol_interaction,20260910,0.3451660204622861,0.3451660204622861,0,1,-0.6403562171385688,0.3451660204622861,2026-03-31,2025-12-31,nonnegative_low,3976,3981
rolling5_annual20,3720,2026-05-29,2026-06-08,-0.039635353927193,2026,2025-12-31,learned_vol_interaction,20260910,0.40602485778719405,0.40602485778719405,0,0,-0.38042308655607276,0.40602485778719405,2026-03-31,2025-12-31,nonnegative_high,3981,3986
rolling5_annual20,3725,2026-06-05,2026-06-15,0.0266849782195981,2026,2025-12-31,learned_vol_interaction,20260910,0.432960289448338,0.432960289448338,0,1,-0.2697833240057761,0.432960289448338,2026-03-31,2025-12-31,nonnegative_high,3986,3991
rolling5_annual20,3730,2026-06-12,2026-06-29,0.0076098142791176,2026,2025-12-31,learned_vol_interaction,20260910,0.4280160370991171,0.4280160370991171,0,1,-0.2899502893626191,0.4280160370991171,2026-03-31,2025-12-31,nonnegative_high,3991,4000
rolling5_annual20,3739,2026-06-26,2026-07-06,0.0005137647861506,2026,2025-12-31,learned_vol_interaction,20260910,0.5090642838694552,0.5090642838694552,1,1,0.036261108169593055,0.5090642838694552,2026-03-31,2025-12-31,nonnegative_high,4000,4005
rolling5_annual20,3744,2026-07-03,2026-07-13,-0.0252847876365399,2026,2025-12-31,learned_vol_interaction,20260910,0.49593440700267954,0.49593440700267954,0,0,-0.016262730405502336,0.49593440700267954,2026-06-30,2025-12-31,nonnegative_high,4005,4010
rolling5_annual20,3749,2026-07-10,2026-07-20,-0.035775397012711,2026,2025-12-31,learned_vol_interaction,20260910,0.5920303453730118,0.5920303453730118,1,0,0.37236509692244596,0.5920303453730118,2026-06-30,2025-12-31,nonnegative_high,4010,4015
rolling5_annual20,3754,2026-07-17,2026-07-27,0.01756245533441,2026,2025-12-31,learned_vol_interaction,20260910,0.5400320366057051,0.5400320366057051,1,1,0.16047162258332437,0.5400320366057051,2026-06-30,2025-12-31,negative_high,4015,4020
rolling5_annual20,3759,2026-07-24,2026-08-03,-0.0202339761556519,2026,2025-12-31,learned_vol_interaction,20260910,0.5452135003498544,0.5452135003498544,1,0,0.18134938442365073,0.5452135003498544,2026-06-30,2025-12-31,negative_high,4020,4025
rolling5_annual20,3764,2026-07-31,2026-08-10,0.0300318732435738,2026,2025-12-31,learned_vol_interaction,20260910,0.2927729237284659,0.2927729237284659,0,1,-0.8819544929673299,0.2927729237284659,2026-06-30,2025-12-31,negative_high,4025,4030
rolling5_annual20,3769,2026-08-07,2026-08-17,-0.0056482265760339,2026,2025-12-31,learned_vol_interaction,20260910,0.5018241632757133,0.5018241632757133,1,0,0.007296685476626513,0.5018241632757133,2026-06-30,2025-12-31,negative_high,4030,4035
rolling5_annual20,3774,2026-08-14,2026-08-24,-0.0109860710402629,2026,2025-12-31,learned_vol_interaction,20260910,0.5283667849838735,0.5283667849838735,1,0,0.11358911439898942,0.5283667849838735,2026-06-30,2025-12-31,negative_high,4035,4040
rolling5_annual20,3779,2026-08-21,2026-08-31,-0.0127592811002066,2026,2025-12-31,learned_vol_interaction,20260910,0.6645868105074454,0.6645868105074454,1,0,0.6838023366822175,0.6645868105074454,2026-06-30,2025-12-31,negative_high,4040,4045
rolling5_annual20,3630,2026-01-09,2026-01-19,-0.0103697336282536,2026,2025-12-31,learned_order_extension,20260910,0.5118603699776423,0.5118603699776423,1,0,0.04745038093703127,0.5118603699776423,2025-12-31,2025-12-31,nonnegative_low,3891,3896
rolling5_annual20,3635,2026-01-16,2026-01-26,-0.0010190267764643,2026,2025-12-31,learned_order_extension,20260910,0.5121161981098539,0.5121161981098539,1,0,0.048474282104287,0.5121161981098539,2025-12-31,2025-12-31,nonnegative_low,3896,3901
rolling5_annual20,3640,2026-01-23,2026-02-02,-0.0087161586128796,2026,2025-12-31,learned_order_extension,20260910,0.2938325386236829,0.2938325386236829,0,0,-0.8768423982443888,0.2938325386236829,2025-12-31,2025-12-31,negative_low,3901,3906
rolling5_annual20,3645,2026-01-30,2026-02-09,0.0041482324550519,2026,2025-12-31,learned_order_extension,20260910,0.43621861720931454,0.43621861720931454,0,1,-0.2565230238889568,0.43621861720931454,2025-12-31,2025-12-31,nonnegative_low,3906,3911
rolling5_annual20,3650,2026-02-06,2026-02-24,0.0071649689901505,2026,2025-12-31,learned_order_extension,20260910,0.5517322930511716,0.5517322930511716,1,1,0.20767233818080777,0.5517322930511716,2025-12-31,2025-12-31,negative_low,3911,3916
rolling5_annual20,3655,2026-02-13,2026-03-02,-0.0097920588919678,2026,2025-12-31,learned_order_extension,20260910,0.4214021419664105,0.4214021419664105,0,0,-0.31702010621989046,0.4214021419664105,2025-12-31,2025-12-31,nonnegative_low,3916,3920
rolling5_annual20,3659,2026-02-27,2026-03-09,-0.0172526869201304,2026,2025-12-31,learned_order_extension,20260910,0.5148692090014166,0.5148692090014166,1,0,0.05949437856109166,0.5148692090014166,2025-12-31,2025-12-31,nonnegative_low,3920,3925
rolling5_annual20,3664,2026-03-06,2026-03-16,0.0149926634422041,2026,2025-12-31,learned_order_extension,20260910,0.43198850893548346,0.43198850893548346,0,1,-0.2737426610599492,0.43198850893548346,2025-12-31,2025-12-31,nonnegative_high,3925,3930
rolling5_annual20,3669,2026-03-13,2026-03-23,-0.0364343509194254,2026,2025-12-31,learned_order_extension,20260910,0.42629911883001154,0.42629911883001154,0,0,-0.2969668907982322,0.42629911883001154,2025-12-31,2025-12-31,nonnegative_low,3930,3935
rolling5_annual20,3674,2026-03-20,2026-03-30,-0.0083038829988221,2026,2025-12-31,learned_order_extension,20260910,0.4749564207401761,0.4749564207401761,0,0,-0.10025821324501005,0.4749564207401761,2025-12-31,2025-12-31,nonnegative_low,3935,3940
rolling5_annual20,3679,2026-03-27,2026-04-07,-0.0035591495694504,2026,2025-12-31,learned_order_extension,20260910,0.5307522668879032,0.5307522668879032,1,0,0.12316452709686239,0.5307522668879032,2025-12-31,2025-12-31,negative_high,3940,3945
rolling5_annual20,3684,2026-04-03,2026-04-13,0.0380736235508991,2026,2025-12-31,learned_order_extension,20260910,0.4794368120870296,0.4794368120870296,0,1,-0.08229917228974046,0.4794368120870296,2026-03-31,2025-12-31,negative_high,3945,3949
rolling5_annual20,3688,2026-04-10,2026-04-20,0.0242766725964382,2026,2025-12-31,learned_order_extension,20260910,0.46167487445755256,0.46167487445755256,0,1,-0.15360179179833056,0.46167487445755256,2026-03-31,2025-12-31,negative_high,3949,3954
rolling5_annual20,3693,2026-04-17,2026-04-27,0.010401572188011,2026,2025-12-31,learned_order_extension,20260910,0.48915840397780913,0.48915840397780913,0,1,-0.04337318239817378,0.48915840397780913,2026-03-31,2025-12-31,negative_high,3954,3959
rolling5_annual20,3698,2026-04-24,2026-05-11,0.0263674696524953,2026,2025-12-31,learned_order_extension,20260910,0.5334939283024217,0.5334939283024217,1,1,0.1341766541690192,0.5334939283024217,2026-03-31,2025-12-31,nonnegative_high,3959,3966
rolling5_annual20,3705,2026-05-08,2026-05-18,-0.0134529239455926,2026,2025-12-31,learned_order_extension,20260910,0.6608729457947353,0.6608729457947353,1,0,0.6671867779096743,0.6608729457947353,2026-03-31,2025-12-31,nonnegative_high,3966,3971
rolling5_annual20,3710,2026-05-15,2026-05-25,0.0076235492615268,2026,2025-12-31,learned_order_extension,20260910,0.6621456099988644,0.6621456099988644,1,1,0.6728704825822454,0.6621456099988644,2026-03-31,2025-12-31,nonnegative_low,3971,3976
rolling5_annual20,3715,2026-05-22,2026-06-01,0.005068538126898,2026,2025-12-31,learned_order_extension,20260910,0.40802462143294466,0.40802462143294466,0,1,-0.3721375245280044,0.40802462143294466,2026-03-31,2025-12-31,nonnegative_low,3976,3981
rolling5_annual20,3720,2026-05-29,2026-06-08,-0.039635353927193,2026,2025-12-31,learned_order_extension,20260910,0.4710367249905899,0.4710367249905899,0,0,-0.11598294266981485,0.4710367249905899,2026-03-31,2025-12-31,nonnegative_high,3981,3986
rolling5_annual20,3725,2026-06-05,2026-06-15,0.0266849782195981,2026,2025-12-31,learned_order_extension,20260910,0.4787674603567685,0.4787674603567685,0,1,-0.0849812649157321,0.4787674603567685,2026-03-31,2025-12-31,nonnegative_high,3986,3991
rolling5_annual20,3730,2026-06-12,2026-06-29,0.0076098142791176,2026,2025-12-31,learned_order_extension,20260910,0.46726942898894935,0.46726942898894935,0,1,-0.13110977402922575,0.46726942898894935,2026-03-31,2025-12-31,nonnegative_high,3991,4000
rolling5_annual20,3739,2026-06-26,2026-07-06,0.0005137647861506,2026,2025-12-31,learned_order_extension,20260910,0.50390759823315,0.50390759823315,1,1,0.015630711164973103,0.50390759823315,2026-03-31,2025-12-31,nonnegative_high,4000,4005
rolling5_annual20,3744,2026-07-03,2026-07-13,-0.0252847876365399,2026,2025-12-31,learned_order_extension,20260910,0.5209645843255333,0.5209645843255333,1,0,0.08390753173268145,0.5209645843255333,2026-06-30,2025-12-31,nonnegative_high,4005,4010
rolling5_annual20,3749,2026-07-10,2026-07-20,-0.035775397012711,2026,2025-12-31,learned_order_extension,20260910,0.5454797914275038,0.5454797914275038,1,0,0.1824233826896018,0.5454797914275038,2026-06-30,2025-12-31,nonnegative_high,4010,4015
rolling5_annual20,3754,2026-07-17,2026-07-27,0.01756245533441,2026,2025-12-31,learned_order_extension,20260910,0.509635762223466,0.509635762223466,1,1,0.03854782147964064,0.509635762223466,2026-06-30,2025-12-31,negative_high,4015,4020
rolling5_annual20,3759,2026-07-24,2026-08-03,-0.0202339761556519,2026,2025-12-31,learned_order_extension,20260910,0.518520792881256,0.518520792881256,1,0,0.07411708210270712,0.518520792881256,2026-06-30,2025-12-31,negative_high,4020,4025
rolling5_annual20,3764,2026-07-31,2026-08-10,0.0300318732435738,2026,2025-12-31,learned_order_extension,20260910,0.36135032927063787,0.36135032927063787,0,1,-0.5695081289635974,0.36135032927063787,2026-06-30,2025-12-31,negative_high,4025,4030
rolling5_annual20,3769,2026-08-07,2026-08-17,-0.0056482265760339,2026,2025-12-31,learned_order_extension,20260910,0.4821947855603083,0.4821947855603083,0,0,-0.07125098580473098,0.4821947855603083,2026-06-30,2025-12-31,negative_high,4030,4035
rolling5_annual20,3774,2026-08-14,2026-08-24,-0.0109860710402629,2026,2025-12-31,learned_order_extension,20260910,0.49567013865267634,0.49567013865267634,0,0,-0.017319878341780587,0.49567013865267634,2026-06-30,2025-12-31,negative_high,4035,4040
rolling5_annual20,3779,2026-08-21,2026-08-31,-0.0127592811002066,2026,2025-12-31,learned_order_extension,20260910,0.5942017644460034,0.5942017644460034,1,0,0.3813628531578621,0.5942017644460034,2026-06-30,2025-12-31,negative_high,4040,4045
rolling5_annual20,3630,2026-01-09,2026-01-19,-0.0103697336282536,2026,2025-12-31,learned_order_offset,20260910,0.5108025931769093,0.5108025931769093,1,0,0.04321709789591702,0.5108025931769093,2025-12-31,2025-12-31,nonnegative_low,3891,3896
rolling5_annual20,3635,2026-01-16,2026-01-26,-0.0010190267764643,2026,2025-12-31,learned_order_offset,20260910,0.5113982623384066,0.5113982623384066,1,0,0.04560094977252033,0.5113982623384066,2025-12-31,2025-12-31,nonnegative_low,3896,3901
rolling5_annual20,3640,2026-01-23,2026-02-02,-0.0087161586128796,2026,2025-12-31,learned_order_offset,20260910,0.2944555803643879,0.2944555803643879,0,0,-0.8738415701979865,0.2944555803643879,2025-12-31,2025-12-31,negative_low,3901,3906
rolling5_annual20,3645,2026-01-30,2026-02-09,0.0041482324550519,2026,2025-12-31,learned_order_offset,20260910,0.43663121014690576,0.43663121014690576,0,1,-0.2548455317424749,0.43663121014690576,2025-12-31,2025-12-31,nonnegative_low,3906,3911
rolling5_annual20,3650,2026-02-06,2026-02-24,0.0071649689901505,2026,2025-12-31,learned_order_offset,20260910,0.5521384139661094,0.5521384139661094,1,1,0.20931453985187765,0.5521384139661094,2025-12-31,2025-12-31,negative_low,3911,3916
rolling5_annual20,3655,2026-02-13,2026-03-02,-0.0097920588919678,2026,2025-12-31,learned_order_offset,20260910,0.42280069136931375,0.42280069136931375,0,0,-0.3112867398897449,0.42280069136931375,2025-12-31,2025-12-31,nonnegative_low,3916,3920
rolling5_annual20,3659,2026-02-27,2026-03-09,-0.0172526869201304,2026,2025-12-31,learned_order_offset,20260910,0.5153156845902671,0.5153156845902671,1,0,0.06128190970502323,0.5153156845902671,2025-12-31,2025-12-31,nonnegative_low,3920,3925
rolling5_annual20,3664,2026-03-06,2026-03-16,0.0149926634422041,2026,2025-12-31,learned_order_offset,20260910,0.43177972341367155,0.43177972341367155,0,1,-0.2745935957376073,0.43177972341367155,2025-12-31,2025-12-31,nonnegative_high,3925,3930
rolling5_annual20,3669,2026-03-13,2026-03-23,-0.0364343509194254,2026,2025-12-31,learned_order_offset,20260910,0.4256062271162684,0.4256062271162684,0,0,-0.29980060729278857,0.4256062271162684,2025-12-31,2025-12-31,nonnegative_low,3930,3935
rolling5_annual20,3674,2026-03-20,2026-03-30,-0.0083038829988221,2026,2025-12-31,learned_order_offset,20260910,0.47357009046646403,0.47357009046646403,0,0,-0.10581826941999611,0.47357009046646403,2025-12-31,2025-12-31,nonnegative_low,3935,3940
rolling5_annual20,3679,2026-03-27,2026-04-07,-0.0035591495694504,2026,2025-12-31,learned_order_offset,20260910,0.5299745221118999,0.5299745221118999,1,0,0.12004203239627254,0.5299745221118999,2025-12-31,2025-12-31,negative_high,3940,3945
rolling5_annual20,3684,2026-04-03,2026-04-13,0.0380736235508991,2026,2025-12-31,learned_order_offset,20260910,0.4782165227179181,0.4782165227179181,0,1,-0.08718910102690502,0.4782165227179181,2026-03-31,2025-12-31,negative_high,3945,3949
rolling5_annual20,3688,2026-04-10,2026-04-20,0.0242766725964382,2026,2025-12-31,learned_order_offset,20260910,0.4615862587370742,0.4615862587370742,0,1,-0.15395835442634298,0.4615862587370742,2026-03-31,2025-12-31,negative_high,3949,3954
rolling5_annual20,3693,2026-04-17,2026-04-27,0.010401572188011,2026,2025-12-31,learned_order_offset,20260910,0.48781762002384393,0.48781762002384393,0,1,-0.04873916596284861,0.48781762002384393,2026-03-31,2025-12-31,negative_high,3954,3959
rolling5_annual20,3698,2026-04-24,2026-05-11,0.0263674696524953,2026,2025-12-31,learned_order_offset,20260910,0.5331761180129994,0.5331761180129994,1,1,0.13289973720564827,0.5331761180129994,2026-03-31,2025-12-31,nonnegative_high,3959,3966
rolling5_annual20,3705,2026-05-08,2026-05-18,-0.0134529239455926,2026,2025-12-31,learned_order_offset,20260910,0.6596035363014215,0.6596035363014215,1,0,0.6615279439721098,0.6596035363014215,2026-03-31,2025-12-31,nonnegative_high,3966,3971
rolling5_annual20,3710,2026-05-15,2026-05-25,0.0076235492615268,2026,2025-12-31,learned_order_offset,20260910,0.6598534157480438,0.6598534157480438,1,1,0.6626410581486348,0.6598534157480438,2026-03-31,2025-12-31,nonnegative_low,3971,3976
rolling5_annual20,3715,2026-05-22,2026-06-01,0.005068538126898,2026,2025-12-31,learned_order_offset,20260910,0.4084421988760729,0.4084421988760729,0,1,-0.37040898994212845,0.4084421988760729,2026-03-31,2025-12-31,nonnegative_low,3976,3981
rolling5_annual20,3720,2026-05-29,2026-06-08,-0.039635353927193,2026,2025-12-31,learned_order_offset,20260910,0.4707708671158844,0.4707708671158844,0,0,-0.11704998758844024,0.4707708671158844,2026-03-31,2025-12-31,nonnegative_high,3981,3986
rolling5_annual20,3725,2026-06-05,2026-06-15,0.0266849782195981,2026,2025-12-31,learned_order_offset,20260910,0.47868630672112744,0.47868630672112744,0,1,-0.08530646813600995,0.47868630672112744,2026-03-31,2025-12-31,nonnegative_high,3986,3991
rolling5_annual20,3730,2026-06-12,2026-06-29,0.0076098142791176,2026,2025-12-31,learned_order_offset,20260910,0.46795283108360136,0.46795283108360136,0,1,-0.12836464623270544,0.46795283108360136,2026-03-31,2025-12-31,nonnegative_high,3991,4000
rolling5_annual20,3739,2026-06-26,2026-07-06,0.0005137647861506,2026,2025-12-31,learned_order_offset,20260910,0.502351064392109,0.502351064392109,1,1,0.00940432687878067,0.502351064392109,2026-03-31,2025-12-31,nonnegative_high,4000,4005
rolling5_annual20,3744,2026-07-03,2026-07-13,-0.0252847876365399,2026,2025-12-31,learned_order_offset,20260910,0.5200345973909772,0.5200345973909772,1,0,0.08018131940007794,0.5200345973909772,2026-06-30,2025-12-31,nonnegative_high,4005,4010
rolling5_annual20,3749,2026-07-10,2026-07-20,-0.035775397012711,2026,2025-12-31,learned_order_offset,20260910,0.5436950585124818,0.5436950585124818,1,0,0.17522721813619896,0.5436950585124818,2026-06-30,2025-12-31,nonnegative_high,4010,4015
rolling5_annual20,3754,2026-07-17,2026-07-27,0.01756245533441,2026,2025-12-31,learned_order_offset,20260910,0.508054785466941,0.508054785466941,1,1,0.032221929453882026,0.508054785466941,2026-06-30,2025-12-31,negative_high,4015,4020
rolling5_annual20,3759,2026-07-24,2026-08-03,-0.0202339761556519,2026,2025-12-31,learned_order_offset,20260910,0.5169961256143539,0.5169961256143539,1,0,0.06801070538147075,0.5169961256143539,2026-06-30,2025-12-31,negative_high,4020,4025
rolling5_annual20,3764,2026-07-31,2026-08-10,0.0300318732435738,2026,2025-12-31,learned_order_offset,20260910,0.3614644685354211,0.3614644685354211,0,1,-0.5690135744706628,0.3614644685354211,2026-06-30,2025-12-31,negative_high,4025,4030
rolling5_annual20,3769,2026-08-07,2026-08-17,-0.0056482265760339,2026,2025-12-31,learned_order_offset,20260910,0.48135180455157167,0.48135180455157167,0,0,-0.07462739739193934,0.48135180455157167,2026-06-30,2025-12-31,negative_high,4030,4035
rolling5_annual20,3774,2026-08-14,2026-08-24,-0.0109860710402629,2026,2025-12-31,learned_order_offset,20260910,0.49538994348876286,0.49538994348876286,0,0,-0.01844074860911754,0.49538994348876286,2026-06-30,2025-12-31,negative_high,4035,4040
rolling5_annual20,3779,2026-08-21,2026-08-31,-0.0127592811002066,2026,2025-12-31,learned_order_offset,20260910,0.593020025927001,0.593020025927001,1,0,0.37646418848188,0.593020025927001,2026-06-30,2025-12-31,negative_high,4040,4045
rolling5_annual20,3630,2026-01-09,2026-01-19,-0.0103697336282536,2026,2025-12-31,learned_market,20260911,0.5413510609744506,0.5413510609744506,1,0,0.16578290092492703,0.5413510609744506,2025-12-31,2025-12-31,nonnegative_low,3891,3896
rolling5_annual20,3635,2026-01-16,2026-01-26,-0.0010190267764643,2026,2025-12-31,learned_market,20260911,0.5314359715780813,0.5314359715780813,1,0,0.12590996393128262,0.5314359715780813,2025-12-31,2025-12-31,nonnegative_low,3896,3901
rolling5_annual20,3640,2026-01-23,2026-02-02,-0.0087161586128796,2026,2025-12-31,learned_market,20260911,0.5322660389568398,0.5322660389568398,1,0,0.12924376259993092,0.5322660389568398,2025-12-31,2025-12-31,negative_low,3901,3906
rolling5_annual20,3645,2026-01-30,2026-02-09,0.0041482324550519,2026,2025-12-31,learned_market,20260911,0.45886324630014486,0.45886324630014486,0,1,-0.1649197990611152,0.45886324630014486,2025-12-31,2025-12-31,nonnegative_low,3906,3911
rolling5_annual20,3650,2026-02-06,2026-02-24,0.0071649689901505,2026,2025-12-31,learned_market,20260911,0.5329149888621901,0.5329149888621901,1,1,0.13185063807705624,0.5329149888621901,2025-12-31,2025-12-31,negative_low,3911,3916
rolling5_annual20,3655,2026-02-13,2026-03-02,-0.0097920588919678,2026,2025-12-31,learned_market,20260911,0.5096151640594386,0.5096151640594386,1,0,0.03846539827763258,0.5096151640594386,2025-12-31,2025-12-31,nonnegative_low,3916,3920
rolling5_annual20,3659,2026-02-27,2026-03-09,-0.0172526869201304,2026,2025-12-31,learned_market,20260911,0.5369210179709557,0.5369210179709557,1,0,0.14795337648938,0.5369210179709557,2025-12-31,2025-12-31,nonnegative_low,3920,3925
rolling5_annual20,3664,2026-03-06,2026-03-16,0.0149926634422041,2026,2025-12-31,learned_market,20260911,0.6237121770434778,0.6237121770434778,1,1,0.5053346700797577,0.6237121770434778,2025-12-31,2025-12-31,nonnegative_high,3925,3930
rolling5_annual20,3669,2026-03-13,2026-03-23,-0.0364343509194254,2026,2025-12-31,learned_market,20260911,0.45542191984179375,0.45542191984179375,0,0,-0.17878704436268195,0.45542191984179375,2025-12-31,2025-12-31,nonnegative_low,3930,3935
rolling5_annual20,3674,2026-03-20,2026-03-30,-0.0083038829988221,2026,2025-12-31,learned_market,20260911,0.46187353471109566,0.46187353471109566,0,0,-0.15280247891288185,0.46187353471109566,2025-12-31,2025-12-31,nonnegative_low,3935,3940
rolling5_annual20,3679,2026-03-27,2026-04-07,-0.0035591495694504,2026,2025-12-31,learned_market,20260911,0.4403313235638202,0.4403313235638202,0,0,-0.23981750777107852,0.4403313235638202,2025-12-31,2025-12-31,negative_high,3940,3945
rolling5_annual20,3684,2026-04-03,2026-04-13,0.0380736235508991,2026,2025-12-31,learned_market,20260911,0.4917583888579656,0.4917583888579656,0,1,-0.032969430678762,0.4917583888579656,2026-03-31,2025-12-31,negative_high,3945,3949
rolling5_annual20,3688,2026-04-10,2026-04-20,0.0242766725964382,2026,2025-12-31,learned_market,20260911,0.42353463813148706,0.42353463813148706,0,1,-0.3082799535104215,0.42353463813148706,2026-03-31,2025-12-31,negative_high,3949,3954
rolling5_annual20,3693,2026-04-17,2026-04-27,0.010401572188011,2026,2025-12-31,learned_market,20260911,0.47814615742976047,0.47814615742976047,0,1,-0.08747109916528266,0.47814615742976047,2026-03-31,2025-12-31,negative_high,3954,3959
rolling5_annual20,3698,2026-04-24,2026-05-11,0.0263674696524953,2026,2025-12-31,learned_market,20260911,0.397009215522116,0.397009215522116,0,1,-0.41794242050099295,0.397009215522116,2026-03-31,2025-12-31,nonnegative_high,3959,3966
rolling5_annual20,3705,2026-05-08,2026-05-18,-0.0134529239455926,2026,2025-12-31,learned_market,20260911,0.41986421610847413,0.41986421610847413,0,0,-0.32333082227225934,0.41986421610847413,2026-03-31,2025-12-31,nonnegative_high,3966,3971
rolling5_annual20,3710,2026-05-15,2026-05-25,0.0076235492615268,2026,2025-12-31,learned_market,20260911,0.49182407037984965,0.49182407037984965,0,1,-0.032706633757710254,0.49182407037984965,2026-03-31,2025-12-31,nonnegative_low,3971,3976
rolling5_annual20,3715,2026-05-22,2026-06-01,0.005068538126898,2026,2025-12-31,learned_market,20260911,0.5675464106677375,0.5675464106677375,1,1,0.271847514212248,0.5675464106677375,2026-03-31,2025-12-31,nonnegative_low,3976,3981
rolling5_annual20,3720,2026-05-29,2026-06-08,-0.039635353927193,2026,2025-12-31,learned_market,20260911,0.5335990500389893,0.5335990500389893,1,0,0.13459904248424936,0.5335990500389893,2026-03-31,2025-12-31,nonnegative_high,3981,3986
rolling5_annual20,3725,2026-06-05,2026-06-15,0.0266849782195981,2026,2025-12-31,learned_market,20260911,0.3985532767602021,0.3985532767602021,0,1,-0.4114967757801638,0.3985532767602021,2026-03-31,2025-12-31,nonnegative_high,3986,3991
rolling5_annual20,3730,2026-06-12,2026-06-29,0.0076098142791176,2026,2025-12-31,learned_market,20260911,0.3056186128589413,0.3056186128589413,0,1,-0.820683397364848,0.3056186128589413,2026-03-31,2025-12-31,nonnegative_high,3991,4000
rolling5_annual20,3739,2026-06-26,2026-07-06,0.0005137647861506,2026,2025-12-31,learned_market,20260911,0.47152715176422977,0.47152715176422977,0,1,-0.11401474250359803,0.47152715176422977,2026-03-31,2025-12-31,nonnegative_high,4000,4005
rolling5_annual20,3744,2026-07-03,2026-07-13,-0.0252847876365399,2026,2025-12-31,learned_market,20260911,0.47689492186403626,0.47689492186403626,0,0,-0.092486181074459,0.47689492186403626,2026-06-30,2025-12-31,nonnegative_high,4005,4010
rolling5_annual20,3749,2026-07-10,2026-07-20,-0.035775397012711,2026,2025-12-31,learned_market,20260911,0.41690635812319604,0.41690635812319604,0,0,-0.33548615844170365,0.41690635812319604,2026-06-30,2025-12-31,nonnegative_high,4010,4015
rolling5_annual20,3754,2026-07-17,2026-07-27,0.01756245533441,2026,2025-12-31,learned_market,20260911,0.4469468298475024,0.4469468298475024,0,1,-0.2130145068066506,0.4469468298475024,2026-06-30,2025-12-31,negative_high,4015,4020
rolling5_annual20,3759,2026-07-24,2026-08-03,-0.0202339761556519,2026,2025-12-31,learned_market,20260911,0.4523286144237616,0.4523286144237616,0,0,-0.19126650698159678,0.4523286144237616,2026-06-30,2025-12-31,negative_high,4020,4025
rolling5_annual20,3764,2026-07-31,2026-08-10,0.0300318732435738,2026,2025-12-31,learned_market,20260911,0.43916052641204817,0.43916052641204817,0,1,-0.24456971119367643,0.43916052641204817,2026-06-30,2025-12-31,negative_high,4025,4030
rolling5_annual20,3769,2026-08-07,2026-08-17,-0.0056482265760339,2026,2025-12-31,learned_market,20260911,0.33016870403212256,0.33016870403212256,0,0,-0.7074221354462916,0.33016870403212256,2026-06-30,2025-12-31,negative_high,4030,4035
rolling5_annual20,3774,2026-08-14,2026-08-24,-0.0109860710402629,2026,2025-12-31,learned_market,20260911,0.459964206845313,0.459964206845313,0,0,-0.16048674573159852,0.459964206845313,2026-06-30,2025-12-31,negative_high,4035,4040
rolling5_annual20,3779,2026-08-21,2026-08-31,-0.0127592811002066,2026,2025-12-31,learned_market,20260911,0.4343413838297144,0.4343413838297144,0,0,-0.2641599210116789,0.4343413838297144,2026-06-30,2025-12-31,negative_high,4040,4045
rolling5_annual20,3630,2026-01-09,2026-01-19,-0.0103697336282536,2026,2025-12-31,learned_vol_interaction,20260911,0.5419308229071979,0.5419308229071979,1,0,0.1681181458854316,0.5419308229071979,2025-12-31,2025-12-31,nonnegative_low,3891,3896
rolling5_annual20,3635,2026-01-16,2026-01-26,-0.0010190267764643,2026,2025-12-31,learned_vol_interaction,20260911,0.5357337652448725,0.5357337652448725,1,0,0.14317916156223476,0.5357337652448725,2025-12-31,2025-12-31,nonnegative_low,3896,3901
rolling5_annual20,3640,2026-01-23,2026-02-02,-0.0087161586128796,2026,2025-12-31,learned_vol_interaction,20260911,0.5371665022159147,0.5371665022159147,1,0,0.14894073305079775,0.5371665022159147,2025-12-31,2025-12-31,negative_low,3901,3906
rolling5_annual20,3645,2026-01-30,2026-02-09,0.0041482324550519,2026,2025-12-31,learned_vol_interaction,20260911,0.4536669400564477,0.4536669400564477,0,1,-0.18586547306144618,0.4536669400564477,2025-12-31,2025-12-31,nonnegative_low,3906,3911
rolling5_annual20,3650,2026-02-06,2026-02-24,0.0071649689901505,2026,2025-12-31,learned_vol_interaction,20260911,0.535655258471591,0.535655258471591,1,1,0.14286352586498163,0.535655258471591,2025-12-31,2025-12-31,negative_low,3911,3916
rolling5_annual20,3655,2026-02-13,2026-03-02,-0.0097920588919678,2026,2025-12-31,learned_vol_interaction,20260911,0.5053590625088199,0.5053590625088199,1,0,0.0214370709444974,0.5053590625088199,2025-12-31,2025-12-31,nonnegative_low,3916,3920
rolling5_annual20,3659,2026-02-27,2026-03-09,-0.0172526869201304,2026,2025-12-31,learned_vol_interaction,20260911,0.5322976681186429,0.5322976681186429,1,0,0.1293708088358987,0.5322976681186429,2025-12-31,2025-12-31,nonnegative_low,3920,3925
rolling5_annual20,3664,2026-03-06,2026-03-16,0.0149926634422041,2026,2025-12-31,learned_vol_interaction,20260911,0.6174856955773433,0.6174856955773433,1,1,0.4788898534261351,0.6174856955773433,2025-12-31,2025-12-31,nonnegative_high,3925,3930
rolling5_annual20,3669,2026-03-13,2026-03-23,-0.0364343509194254,2026,2025-12-31,learned_vol_interaction,20260911,0.44896092371547813,0.44896092371547813,0,0,-0.20486987111692265,0.44896092371547813,2025-12-31,2025-12-31,nonnegative_low,3930,3935
rolling5_annual20,3674,2026-03-20,2026-03-30,-0.0083038829988221,2026,2025-12-31,learned_vol_interaction,20260911,0.45425867209133697,0.45425867209133697,0,0,-0.1834783069727437,0.45425867209133697,2025-12-31,2025-12-31,nonnegative_low,3935,3940
rolling5_annual20,3679,2026-03-27,2026-04-07,-0.0035591495694504,2026,2025-12-31,learned_vol_interaction,20260911,0.43340188452247674,0.43340188452247674,0,0,-0.2679848240498183,0.43340188452247674,2025-12-31,2025-12-31,negative_high,3940,3945
rolling5_annual20,3684,2026-04-03,2026-04-13,0.0380736235508991,2026,2025-12-31,learned_vol_interaction,20260911,0.4940578595412546,0.4940578595412546,0,1,-0.02376968092306933,0.4940578595412546,2026-03-31,2025-12-31,negative_high,3945,3949
rolling5_annual20,3688,2026-04-10,2026-04-20,0.0242766725964382,2026,2025-12-31,learned_vol_interaction,20260911,0.4337471397432452,0.4337471397432452,0,1,-0.2665789910231009,0.4337471397432452,2026-03-31,2025-12-31,negative_high,3949,3954
rolling5_annual20,3693,2026-04-17,2026-04-27,0.010401572188011,2026,2025-12-31,learned_vol_interaction,20260911,0.4850032907922162,0.4850032907922162,0,1,-0.06000483470246776,0.4850032907922162,2026-03-31,2025-12-31,negative_high,3954,3959
rolling5_annual20,3698,2026-04-24,2026-05-11,0.0263674696524953,2026,2025-12-31,learned_vol_interaction,20260911,0.4058893273550579,0.4058893273550579,0,1,-0.3809850898717058,0.4058893273550579,2026-03-31,2025-12-31,nonnegative_high,3959,3966
rolling5_annual20,3705,2026-05-08,2026-05-18,-0.0134529239455926,2026,2025-12-31,learned_vol_interaction,20260911,0.42973836440374286,0.42973836440374286,0,0,-0.2829186967050066,0.42973836440374286,2026-03-31,2025-12-31,nonnegative_high,3966,3971
rolling5_annual20,3710,2026-05-15,2026-05-25,0.0076235492615268,2026,2025-12-31,learned_vol_interaction,20260911,0.4949230127164896,0.4949230127164896,0,1,-0.020308647115397815,0.4949230127164896,2026-03-31,2025-12-31,nonnegative_low,3971,3976
rolling5_annual20,3715,2026-05-22,2026-06-01,0.005068538126898,2026,2025-12-31,learned_vol_interaction,20260911,0.5688910502105043,0.5688910502105043,1,1,0.2773280979946178,0.5688910502105043,2026-03-31,2025-12-31,nonnegative_low,3976,3981
rolling5_annual20,3720,2026-05-29,2026-06-08,-0.039635353927193,2026,2025-12-31,learned_vol_interaction,20260911,0.5277526974219006,0.5277526974219006,1,0,0.11112500337528756,0.5277526974219006,2026-03-31,2025-12-31,nonnegative_high,3981,3986
rolling5_annual20,3725,2026-06-05,2026-06-15,0.0266849782195981,2026,2025-12-31,learned_vol_interaction,20260911,0.3941068335829671,0.3941068335829671,0,1,-0.43008165371778073,0.3941068335829671,2026-03-31,2025-12-31,nonnegative_high,3986,3991
rolling5_annual20,3730,2026-06-12,2026-06-29,0.0076098142791176,2026,2025-12-31,learned_vol_interaction,20260911,0.3023086014266972,0.3023086014266972,0,1,-0.8363285279485022,0.3023086014266972,2026-03-31,2025-12-31,nonnegative_high,3991,4000
rolling5_annual20,3739,2026-06-26,2026-07-06,0.0005137647861506,2026,2025-12-31,learned_vol_interaction,20260911,0.4831146486882105,0.4831146486882105,0,1,-0.06756709892937685,0.4831146486882105,2026-03-31,2025-12-31,nonnegative_high,4000,4005
rolling5_annual20,3744,2026-07-03,2026-07-13,-0.0252847876365399,2026,2025-12-31,learned_vol_interaction,20260911,0.49898148490775307,0.49898148490775307,0,0,-0.0040740660040951004,0.49898148490775307,2026-06-30,2025-12-31,nonnegative_high,4005,4010
rolling5_annual20,3749,2026-07-10,2026-07-20,-0.035775397012711,2026,2025-12-31,learned_vol_interaction,20260911,0.44261446479912836,0.44261446479912836,0,0,-0.23055805571942034,0.44261446479912836,2026-06-30,2025-12-31,nonnegative_high,4010,4015
rolling5_annual20,3754,2026-07-17,2026-07-27,0.01756245533441,2026,2025-12-31,learned_vol_interaction,20260911,0.4550925466085049,0.4550925466085049,0,1,-0.18011517254528844,0.4550925466085049,2026-06-30,2025-12-31,negative_high,4015,4020
rolling5_annual20,3759,2026-07-24,2026-08-03,-0.0202339761556519,2026,2025-12-31,learned_vol_interaction,20260911,0.46430649386915596,0.46430649386915596,0,0,-0.1430172993082668,0.46430649386915596,2026-06-30,2025-12-31,negative_high,4020,4025
rolling5_annual20,3764,2026-07-31,2026-08-10,0.0300318732435738,2026,2025-12-31,learned_vol_interaction,20260911,0.4507338855746796,0.4507338855746796,0,1,-0.197705938603069,0.4507338855746796,2026-06-30,2025-12-31,negative_high,4025,4030
rolling5_annual20,3769,2026-08-07,2026-08-17,-0.0056482265760339,2026,2025-12-31,learned_vol_interaction,20260911,0.3598878838643001,0.3598878838643001,0,0,-0.5758507932389392,0.3598878838643001,2026-06-30,2025-12-31,negative_high,4030,4035
rolling5_annual20,3774,2026-08-14,2026-08-24,-0.0109860710402629,2026,2025-12-31,learned_vol_interaction,20260911,0.4653583842913121,0.4653583842913121,0,0,-0.1387888176059125,0.4653583842913121,2026-06-30,2025-12-31,negative_high,4035,4040
rolling5_annual20,3779,2026-08-21,2026-08-31,-0.0127592811002066,2026,2025-12-31,learned_vol_interaction,20260911,0.4414273259619546,0.4414273259619546,0,0,-0.23537133427015597,0.4414273259619546,2026-06-30,2025-12-31,negative_high,4040,4045
rolling5_annual20,3630,2026-01-09,2026-01-19,-0.0103697336282536,2026,2025-12-31,learned_order_extension,20260911,0.5459060256811782,0.5459060256811782,1,0,0.18414267828137088,0.5459060256811782,2025-12-31,2025-12-31,nonnegative_low,3891,3896
rolling5_annual20,3635,2026-01-16,2026-01-26,-0.0010190267764643,2026,2025-12-31,learned_order_extension,20260911,0.5315584772037104,0.5315584772037104,1,0,0.1264019387402181,0.5315584772037104,2025-12-31,2025-12-31,nonnegative_low,3896,3901
rolling5_annual20,3640,2026-01-23,2026-02-02,-0.0087161586128796,2026,2025-12-31,learned_order_extension,20260911,0.5380779045961513,0.5380779045961513,1,0,0.1526071015647437,0.5380779045961513,2025-12-31,2025-12-31,negative_low,3901,3906
rolling5_annual20,3645,2026-01-30,2026-02-09,0.0041482324550519,2026,2025-12-31,learned_order_extension,20260911,0.43274829616923166,0.43274829616923166,0,1,-0.2706468704922983,0.43274829616923166,2025-12-31,2025-12-31,nonnegative_low,3906,3911
rolling5_annual20,3650,2026-02-06,2026-02-24,0.0071649689901505,2026,2025-12-31,learned_order_extension,20260911,0.5358238036456818,0.5358238036456818,1,1,0.14354116881944218,0.5358238036456818,2025-12-31,2025-12-31,negative_low,3911,3916
rolling5_annual20,3655,2026-02-13,2026-03-02,-0.0097920588919678,2026,2025-12-31,learned_order_extension,20260911,0.5188075700840837,0.5188075700840837,1,0,0.07526579156512456,0.5188075700840837,2025-12-31,2025-12-31,nonnegative_low,3916,3920
rolling5_annual20,3659,2026-02-27,2026-03-09,-0.0172526869201304,2026,2025-12-31,learned_order_extension,20260911,0.5395237482049954,0.5395237482049954,1,0,0.15842551875721222,0.5395237482049954,2025-12-31,2025-12-31,nonnegative_low,3920,3925
rolling5_annual20,3664,2026-03-06,2026-03-16,0.0149926634422041,2026,2025-12-31,learned_order_extension,20260911,0.6721134681647395,0.6721134681647395,1,1,0.7177595686983571,0.6721134681647395,2025-12-31,2025-12-31,nonnegative_high,3925,3930
rolling5_annual20,3669,2026-03-13,2026-03-23,-0.0364343509194254,2026,2025-12-31,learned_order_extension,20260911,0.44254310728173424,0.44254310728173424,0,0,-0.23084730057725034,0.44254310728173424,2025-12-31,2025-12-31,nonnegative_low,3930,3935
rolling5_annual20,3674,2026-03-20,2026-03-30,-0.0083038829988221,2026,2025-12-31,learned_order_extension,20260911,0.4378410999680901,0.4378410999680901,0,0,-0.2499284911075968,0.4378410999680901,2025-12-31,2025-12-31,nonnegative_low,3935,3940
rolling5_annual20,3679,2026-03-27,2026-04-07,-0.0035591495694504,2026,2025-12-31,learned_order_extension,20260911,0.4159760364157841,0.4159760364157841,0,0,-0.3393143616886958,0.4159760364157841,2025-12-31,2025-12-31,negative_high,3940,3945
rolling5_annual20,3684,2026-04-03,2026-04-13,0.0380736235508991,2026,2025-12-31,learned_order_extension,20260911,0.5225865555186127,0.5225865555186127,1,1,0.09040775122646641,0.5225865555186127,2026-03-31,2025-12-31,negative_high,3945,3949
rolling5_annual20,3688,2026-04-10,2026-04-20,0.0242766725964382,2026,2025-12-31,learned_order_extension,20260911,0.3902218447958239,0.3902218447958239,0,1,-0.44637980081715556,0.3902218447958239,2026-03-31,2025-12-31,negative_high,3949,3954
rolling5_annual20,3693,2026-04-17,2026-04-27,0.010401572188011,2026,2025-12-31,learned_order_extension,20260911,0.47502129653057895,0.47502129653057895,0,1,-0.09999805911788842,0.47502129653057895,2026-03-31,2025-12-31,negative_high,3954,3959
rolling5_annual20,3698,2026-04-24,2026-05-11,0.0263674696524953,2026,2025-12-31,learned_order_extension,20260911,0.3615628091350967,0.3615628091350967,0,1,-0.5685875284207877,0.3615628091350967,2026-03-31,2025-12-31,nonnegative_high,3959,3966
rolling5_annual20,3705,2026-05-08,2026-05-18,-0.0134529239455926,2026,2025-12-31,learned_order_extension,20260911,0.37473317599903294,0.37473317599903294,0,0,-0.5119642349911387,0.37473317599903294,2026-03-31,2025-12-31,nonnegative_high,3966,3971
rolling5_annual20,3710,2026-05-15,2026-05-25,0.0076235492615268,2026,2025-12-31,learned_order_extension,20260911,0.48789190366124763,0.48789190366124763,0,1,-0.04844185599170403,0.48789190366124763,2026-03-31,2025-12-31,nonnegative_low,3971,3976
rolling5_annual20,3715,2026-05-22,2026-06-01,0.005068538126898,2026,2025-12-31,learned_order_extension,20260911,0.6050079630522534,0.6050079630522534,1,1,0.42637601494210664,0.6050079630522534,2026-03-31,2025-12-31,nonnegative_low,3976,3981
rolling5_annual20,3720,2026-05-29,2026-06-08,-0.039635353927193,2026,2025-12-31,learned_order_extension,20260911,0.5389218116035444,0.5389218116035444,1,0,0.1560028637452342,0.5389218116035444,2026-03-31,2025-12-31,nonnegative_high,3981,3986
rolling5_annual20,3725,2026-06-05,2026-06-15,0.0266849782195981,2026,2025-12-31,learned_order_extension,20260911,0.3259340934446785,0.3259340934446785,0,1,-0.7266326967579291,0.3259340934446785,2026-03-31,2025-12-31,nonnegative_high,3986,3991
rolling5_annual20,3730,2026-06-12,2026-06-29,0.0076098142791176,2026,2025-12-31,learned_order_extension,20260911,0.20659956001017632,0.20659956001017632,0,1,-1.345545635629233,0.20659956001017632,2026-03-31,2025-12-31,nonnegative_high,3991,4000
rolling5_annual20,3739,2026-06-26,2026-07-06,0.0005137647861506,2026,2025-12-31,learned_order_extension,20260911,0.43462554431806527,0.43462554431806527,0,1,-0.2630034223289541,0.43462554431806527,2026-03-31,2025-12-31,nonnegative_high,4000,4005
rolling5_annual20,3744,2026-07-03,2026-07-13,-0.0252847876365399,2026,2025-12-31,learned_order_extension,20260911,0.4506693788167256,0.4506693788167256,0,0,-0.19796649862160864,0.4506693788167256,2026-06-30,2025-12-31,nonnegative_high,4005,4010
rolling5_annual20,3749,2026-07-10,2026-07-20,-0.035775397012711,2026,2025-12-31,learned_order_extension,20260911,0.3824829838916093,0.3824829838916093,0,0,-0.4790224588541453,0.3824829838916093,2026-06-30,2025-12-31,nonnegative_high,4010,4015
rolling5_annual20,3754,2026-07-17,2026-07-27,0.01756245533441,2026,2025-12-31,learned_order_extension,20260911,0.43688665591392856,0.43688665591392856,0,1,-0.2538071366863741,0.43688665591392856,2026-06-30,2025-12-31,negative_high,4015,4020
rolling5_annual20,3759,2026-07-24,2026-08-03,-0.0202339761556519,2026,2025-12-31,learned_order_extension,20260911,0.44905597298529143,0.44905597298529143,0,0,-0.20448567821771546,0.44905597298529143,2026-06-30,2025-12-31,negative_high,4020,4025
rolling5_annual20,3764,2026-07-31,2026-08-10,0.0300318732435738,2026,2025-12-31,learned_order_extension,20260911,0.4331657943702479,0.4331657943702479,0,1,-0.26894630302681505,0.4331657943702479,2026-06-30,2025-12-31,negative_high,4025,4030
rolling5_annual20,3769,2026-08-07,2026-08-17,-0.0056482265760339,2026,2025-12-31,learned_order_extension,20260911,0.2872017560126486,0.2872017560126486,0,0,-0.9090134612061438,0.2872017560126486,2026-06-30,2025-12-31,negative_high,4030,4035
rolling5_annual20,3774,2026-08-14,2026-08-24,-0.0109860710402629,2026,2025-12-31,learned_order_extension,20260911,0.46907910630736294,0.46907910630736294,0,0,-0.12384160965914964,0.46907910630736294,2026-06-30,2025-12-31,negative_high,4035,4040
rolling5_annual20,3779,2026-08-21,2026-08-31,-0.0127592811002066,2026,2025-12-31,learned_order_extension,20260911,0.44303971633290073,0.44303971633290073,0,0,-0.2288345142280271,0.44303971633290073,2026-06-30,2025-12-31,negative_high,4040,4045
rolling5_annual20,3630,2026-01-09,2026-01-19,-0.0103697336282536,2026,2025-12-31,learned_order_offset,20260911,0.545843670764125,0.545843670764125,1,0,0.18389114117172184,0.545843670764125,2025-12-31,2025-12-31,nonnegative_low,3891,3896
rolling5_annual20,3635,2026-01-16,2026-01-26,-0.0010190267764643,2026,2025-12-31,learned_order_offset,20260911,0.5315791456859873,0.5315791456859873,1,0,0.12648494355636855,0.5315791456859873,2025-12-31,2025-12-31,nonnegative_low,3896,3901
rolling5_annual20,3640,2026-01-23,2026-02-02,-0.0087161586128796,2026,2025-12-31,learned_order_offset,20260911,0.5378362799693707,0.5378362799693707,1,0,0.15163500085744966,0.5378362799693707,2025-12-31,2025-12-31,negative_low,3901,3906
rolling5_annual20,3645,2026-01-30,2026-02-09,0.0041482324550519,2026,2025-12-31,learned_order_offset,20260911,0.43267035311859725,0.43267035311859725,0,1,-0.27096439372067915,0.43267035311859725,2025-12-31,2025-12-31,nonnegative_low,3906,3911
rolling5_annual20,3650,2026-02-06,2026-02-24,0.0071649689901505,2026,2025-12-31,learned_order_offset,20260911,0.5355468761174008,0.5355468761174008,1,1,0.14242778736384126,0.5355468761174008,2025-12-31,2025-12-31,negative_low,3911,3916
rolling5_annual20,3655,2026-02-13,2026-03-02,-0.0097920588919678,2026,2025-12-31,learned_order_offset,20260911,0.5185004295200895,0.5185004295200895,1,0,0.07403551686709076,0.5185004295200895,2025-12-31,2025-12-31,nonnegative_low,3916,3920
rolling5_annual20,3659,2026-02-27,2026-03-09,-0.0172526869201304,2026,2025-12-31,learned_order_offset,20260911,0.5394279755034715,0.5394279755034715,1,0,0.15804002502302822,0.5394279755034715,2025-12-31,2025-12-31,nonnegative_low,3920,3925
rolling5_annual20,3664,2026-03-06,2026-03-16,0.0149926634422041,2026,2025-12-31,learned_order_offset,20260911,0.6720878025271129,0.6720878025271129,1,1,0.7176431085933878,0.6720878025271129,2025-12-31,2025-12-31,nonnegative_high,3925,3930
rolling5_annual20,3669,2026-03-13,2026-03-23,-0.0364343509194254,2026,2025-12-31,learned_order_offset,20260911,0.44301866763301645,0.44301866763301645,0,0,-0.22891981648043558,0.44301866763301645,2025-12-31,2025-12-31,nonnegative_low,3930,3935
rolling5_annual20,3674,2026-03-20,2026-03-30,-0.0083038829988221,2026,2025-12-31,learned_order_offset,20260911,0.4379475907087764,0.4379475907087764,0,0,-0.24949585321123702,0.4379475907087764,2025-12-31,2025-12-31,nonnegative_low,3935,3940
rolling5_annual20,3679,2026-03-27,2026-04-07,-0.0035591495694504,2026,2025-12-31,learned_order_offset,20260911,0.4162726411546184,0.4162726411546184,0,0,-0.3380935895474316,0.4162726411546184,2025-12-31,2025-12-31,negative_high,3940,3945
rolling5_annual20,3684,2026-04-03,2026-04-13,0.0380736235508991,2026,2025-12-31,learned_order_offset,20260911,0.5224823337812894,0.5224823337812894,1,1,0.0899900157693897,0.5224823337812894,2026-03-31,2025-12-31,negative_high,3945,3949
rolling5_annual20,3688,2026-04-10,2026-04-20,0.0242766725964382,2026,2025-12-31,learned_order_offset,20260911,0.3902357573397548,0.3902357573397548,0,1,-0.4463213325367025,0.3902357573397548,2026-03-31,2025-12-31,negative_high,3949,3954
rolling5_annual20,3693,2026-04-17,2026-04-27,0.010401572188011,2026,2025-12-31,learned_order_offset,20260911,0.47553685695761877,0.47553685695761877,0,1,-0.09793076372907528,0.47553685695761877,2026-03-31,2025-12-31,negative_high,3954,3959
rolling5_annual20,3698,2026-04-24,2026-05-11,0.0263674696524953,2026,2025-12-31,learned_order_offset,20260911,0.3620463682387632,0.3620463682387632,0,1,-0.5664933105330037,0.3620463682387632,2026-03-31,2025-12-31,nonnegative_high,3959,3966
rolling5_annual20,3705,2026-05-08,2026-05-18,-0.0134529239455926,2026,2025-12-31,learned_order_offset,20260911,0.37506110199237114,0.37506110199237114,0,0,-0.5105649304258012,0.37506110199237114,2026-03-31,2025-12-31,nonnegative_high,3966,3971
rolling5_annual20,3710,2026-05-15,2026-05-25,0.0076235492615268,2026,2025-12-31,learned_order_offset,20260911,0.4883726515758041,0.4883726515758041,0,1,-0.04651778021576952,0.4883726515758041,2026-03-31,2025-12-31,nonnegative_low,3971,3976
rolling5_annual20,3715,2026-05-22,2026-06-01,0.005068538126898,2026,2025-12-31,learned_order_offset,20260911,0.604795171228401,0.604795171228401,1,1,0.4254856564027419,0.604795171228401,2026-03-31,2025-12-31,nonnegative_low,3976,3981
rolling5_annual20,3720,2026-05-29,2026-06-08,-0.039635353927193,2026,2025-12-31,learned_order_offset,20260911,0.539117103351593,0.539117103351593,1,0,0.1567888172613618,0.539117103351593,2026-03-31,2025-12-31,nonnegative_high,3981,3986
rolling5_annual20,3725,2026-06-05,2026-06-15,0.0266849782195981,2026,2025-12-31,learned_order_offset,20260911,0.32656706271307595,0.32656706271307595,0,1,-0.7237530910108481,0.32656706271307595,2026-03-31,2025-12-31,nonnegative_high,3986,3991
rolling5_annual20,3730,2026-06-12,2026-06-29,0.0076098142791176,2026,2025-12-31,learned_order_offset,20260911,0.20714161696112363,0.20714161696112363,0,1,-1.3422419226199676,0.20714161696112363,2026-03-31,2025-12-31,nonnegative_high,3991,4000
rolling5_annual20,3739,2026-06-26,2026-07-06,0.0005137647861506,2026,2025-12-31,learned_order_offset,20260911,0.4347302511570772,0.4347302511570772,0,1,-0.262577322335682,0.4347302511570772,2026-03-31,2025-12-31,nonnegative_high,4000,4005
rolling5_annual20,3744,2026-07-03,2026-07-13,-0.0252847876365399,2026,2025-12-31,learned_order_offset,20260911,0.4511056441001019,0.4511056441001019,0,0,-0.19620443674146015,0.4511056441001019,2026-06-30,2025-12-31,nonnegative_high,4005,4010
rolling5_annual20,3749,2026-07-10,2026-07-20,-0.035775397012711,2026,2025-12-31,learned_order_offset,20260911,0.3827592265438766,0.3827592265438766,0,0,-0.47785304011527957,0.3827592265438766,2026-06-30,2025-12-31,nonnegative_high,4010,4015
rolling5_annual20,3754,2026-07-17,2026-07-27,0.01756245533441,2026,2025-12-31,learned_order_offset,20260911,0.43716941946487026,0.43716941946487026,0,1,-0.2526578526536115,0.43716941946487026,2026-06-30,2025-12-31,negative_high,4015,4020
rolling5_annual20,3759,2026-07-24,2026-08-03,-0.0202339761556519,2026,2025-12-31,learned_order_offset,20260911,0.44889763247147363,0.44889763247147363,0,0,-0.20512570517795936,0.44889763247147363,2026-06-30,2025-12-31,negative_high,4020,4025
rolling5_annual20,3764,2026-07-31,2026-08-10,0.0300318732435738,2026,2025-12-31,learned_order_offset,20260911,0.43353434012232234,0.43353434012232234,0,1,-0.2674454515343878,0.43353434012232234,2026-06-30,2025-12-31,negative_high,4025,4030
rolling5_annual20,3769,2026-08-07,2026-08-17,-0.0056482265760339,2026,2025-12-31,learned_order_offset,20260911,0.2875992386914778,0.2875992386914778,0,0,-0.9070726413336321,0.2875992386914778,2026-06-30,2025-12-31,negative_high,4030,4035
rolling5_annual20,3774,2026-08-14,2026-08-24,-0.0109860710402629,2026,2025-12-31,learned_order_offset,20260911,0.46970929218369795,0.46970929218369795,0,0,-0.1213113854174194,0.46970929218369795,2026-06-30,2025-12-31,negative_high,4035,4040
rolling5_annual20,3779,2026-08-21,2026-08-31,-0.0127592811002066,2026,2025-12-31,learned_order_offset,20260911,0.44364661674139716,0.44364661674139716,0,0,-0.2263753364656288,0.44364661674139716,2026-06-30,2025-12-31,negative_high,4040,4045
rolling5_annual20,3630,2026-01-09,2026-01-19,-0.0103697336282536,2026,2025-12-31,learned_market,20260912,0.5119803822427041,0.5119803822427041,1,0,0.047930703005751626,0.5119803822427041,2025-12-31,2025-12-31,nonnegative_low,3891,3896
rolling5_annual20,3635,2026-01-16,2026-01-26,-0.0010190267764643,2026,2025-12-31,learned_market,20260912,0.5563532391014436,0.5563532391014436,1,0,0.22637475241796143,0.5563532391014436,2025-12-31,2025-12-31,nonnegative_low,3896,3901
rolling5_annual20,3640,2026-01-23,2026-02-02,-0.0087161586128796,2026,2025-12-31,learned_market,20260912,0.47986345901765604,0.47986345901765604,0,0,-0.08058975286436497,0.47986345901765604,2025-12-31,2025-12-31,negative_low,3901,3906
rolling5_annual20,3645,2026-01-30,2026-02-09,0.0041482324550519,2026,2025-12-31,learned_market,20260912,0.5030177692550698,0.5030177692550698,1,1,0.012071223597441443,0.5030177692550698,2025-12-31,2025-12-31,nonnegative_low,3906,3911
rolling5_annual20,3650,2026-02-06,2026-02-24,0.0071649689901505,2026,2025-12-31,learned_market,20260912,0.43906676808287387,0.43906676808287387,0,1,-0.2449503894337882,0.43906676808287387,2025-12-31,2025-12-31,negative_low,3911,3916
rolling5_annual20,3655,2026-02-13,2026-03-02,-0.0097920588919678,2026,2025-12-31,learned_market,20260912,0.431368044613122,0.431368044613122,0,0,-0.2762717402269591,0.431368044613122,2025-12-31,2025-12-31,nonnegative_low,3916,3920
rolling5_annual20,3659,2026-02-27,2026-03-09,-0.0172526869201304,2026,2025-12-31,learned_market,20260912,0.48137527566018024,0.48137527566018024,0,0,-0.07453338234515189,0.48137527566018024,2025-12-31,2025-12-31,nonnegative_low,3920,3925
rolling5_annual20,3664,2026-03-06,2026-03-16,0.0149926634422041,2026,2025-12-31,learned_market,20260912,0.46731902499821354,0.46731902499821354,0,1,-0.13091053752467793,0.46731902499821354,2025-12-31,2025-12-31,nonnegative_high,3925,3930
rolling5_annual20,3669,2026-03-13,2026-03-23,-0.0364343509194254,2026,2025-12-31,learned_market,20260912,0.5227160800792146,0.5227160800792146,1,0,0.09092691496649241,0.5227160800792146,2025-12-31,2025-12-31,nonnegative_low,3930,3935
rolling5_annual20,3674,2026-03-20,2026-03-30,-0.0083038829988221,2026,2025-12-31,learned_market,20260912,0.4464645109091068,0.4464645109091068,0,0,-0.21496595338068983,0.4464645109091068,2025-12-31,2025-12-31,nonnegative_low,3935,3940
rolling5_annual20,3679,2026-03-27,2026-04-07,-0.0035591495694504,2026,2025-12-31,learned_market,20260912,0.39113208857052434,0.39113208857052434,0,0,-0.44255602461324905,0.39113208857052434,2025-12-31,2025-12-31,negative_high,3940,3945
rolling5_annual20,3684,2026-04-03,2026-04-13,0.0380736235508991,2026,2025-12-31,learned_market,20260912,0.42407385697810146,0.42407385697810146,0,1,-0.3060717975056285,0.42407385697810146,2026-03-31,2025-12-31,negative_high,3945,3949
rolling5_annual20,3688,2026-04-10,2026-04-20,0.0242766725964382,2026,2025-12-31,learned_market,20260912,0.4843345016251858,0.4843345016251858,0,1,-0.0626825092431953,0.4843345016251858,2026-03-31,2025-12-31,negative_high,3949,3954
rolling5_annual20,3693,2026-04-17,2026-04-27,0.010401572188011,2026,2025-12-31,learned_market,20260912,0.42352930830164365,0.42352930830164365,0,1,-0.308301783419057,0.42352930830164365,2026-03-31,2025-12-31,negative_high,3954,3959
rolling5_annual20,3698,2026-04-24,2026-05-11,0.0263674696524953,2026,2025-12-31,learned_market,20260912,0.43134778732263795,0.43134778732263795,0,1,-0.2763543258759093,0.43134778732263795,2026-03-31,2025-12-31,nonnegative_high,3959,3966
rolling5_annual20,3705,2026-05-08,2026-05-18,-0.0134529239455926,2026,2025-12-31,learned_market,20260912,0.47804055860260325,0.47804055860260325,0,0,-0.08789430686663052,0.47804055860260325,2026-03-31,2025-12-31,nonnegative_high,3966,3971
rolling5_annual20,3710,2026-05-15,2026-05-25,0.0076235492615268,2026,2025-12-31,learned_market,20260912,0.5242439932504063,0.5242439932504063,1,1,0.09705207997069634,0.5242439932504063,2026-03-31,2025-12-31,nonnegative_low,3971,3976
rolling5_annual20,3715,2026-05-22,2026-06-01,0.005068538126898,2026,2025-12-31,learned_market,20260912,0.5118662537721262,0.5118662537721262,1,1,0.04747392937162157,0.5118662537721262,2026-03-31,2025-12-31,nonnegative_low,3976,3981
rolling5_annual20,3720,2026-05-29,2026-06-08,-0.039635353927193,2026,2025-12-31,learned_market,20260912,0.47332917945413594,0.47332917945413594,0,0,-0.10678463834663185,0.47332917945413594,2026-03-31,2025-12-31,nonnegative_high,3981,3986
rolling5_annual20,3725,2026-06-05,2026-06-15,0.0266849782195981,2026,2025-12-31,learned_market,20260912,0.46849386998390014,0.46849386998390014,0,1,-0.12619171389495512,0.46849386998390014,2026-03-31,2025-12-31,nonnegative_high,3986,3991
rolling5_annual20,3730,2026-06-12,2026-06-29,0.0076098142791176,2026,2025-12-31,learned_market,20260912,0.4497314325369085,0.4497314325369085,0,1,-0.2017558755092212,0.4497314325369085,2026-03-31,2025-12-31,nonnegative_high,3991,4000
rolling5_annual20,3739,2026-06-26,2026-07-06,0.0005137647861506,2026,2025-12-31,learned_market,20260912,0.5338580433420232,0.5338580433420232,1,1,0.13563975142390636,0.5338580433420232,2026-03-31,2025-12-31,nonnegative_high,4000,4005
rolling5_annual20,3744,2026-07-03,2026-07-13,-0.0252847876365399,2026,2025-12-31,learned_market,20260912,0.5044753570507676,0.5044753570507676,1,0,0.017901906285380242,0.5044753570507676,2026-06-30,2025-12-31,nonnegative_high,4005,4010
rolling5_annual20,3749,2026-07-10,2026-07-20,-0.035775397012711,2026,2025-12-31,learned_market,20260912,0.5207542189486483,0.5207542189486483,1,0,0.08306460313033058,0.5207542189486483,2026-06-30,2025-12-31,nonnegative_high,4010,4015
rolling5_annual20,3754,2026-07-17,2026-07-27,0.01756245533441,2026,2025-12-31,learned_market,20260912,0.4491236951454709,0.4491236951454709,0,1,-0.2042119517502624,0.4491236951454709,2026-06-30,2025-12-31,negative_high,4015,4020
rolling5_annual20,3759,2026-07-24,2026-08-03,-0.0202339761556519,2026,2025-12-31,learned_market,20260912,0.45912056712344607,0.45912056712344607,0,0,-0.163883545222499,0.45912056712344607,2026-06-30,2025-12-31,negative_high,4020,4025
rolling5_annual20,3764,2026-07-31,2026-08-10,0.0300318732435738,2026,2025-12-31,learned_market,20260912,0.4747199415260046,0.4747199415260046,0,1,-0.1012065317061975,0.4747199415260046,2026-06-30,2025-12-31,negative_high,4025,4030
rolling5_annual20,3769,2026-08-07,2026-08-17,-0.0056482265760339,2026,2025-12-31,learned_market,20260912,0.5169922363203473,0.5169922363203473,1,0,0.06799513021287346,0.5169922363203473,2026-06-30,2025-12-31,negative_high,4030,4035
rolling5_annual20,3774,2026-08-14,2026-08-24,-0.0109860710402629,2026,2025-12-31,learned_market,20260912,0.47409296619698144,0.47409296619698144,0,0,-0.10372102161655344,0.47409296619698144,2026-06-30,2025-12-31,negative_high,4035,4040
rolling5_annual20,3779,2026-08-21,2026-08-31,-0.0127592811002066,2026,2025-12-31,learned_market,20260912,0.4643846053465112,0.4643846053465112,0,0,-0.14270325650330234,0.4643846053465112,2026-06-30,2025-12-31,negative_high,4040,4045
rolling5_annual20,3630,2026-01-09,2026-01-19,-0.0103697336282536,2026,2025-12-31,learned_vol_interaction,20260912,0.5113420632666249,0.5113420632666249,1,0,0.0453760371778137,0.5113420632666249,2025-12-31,2025-12-31,nonnegative_low,3891,3896
rolling5_annual20,3635,2026-01-16,2026-01-26,-0.0010190267764643,2026,2025-12-31,learned_vol_interaction,20260912,0.5720485316988371,0.5720485316988371,1,0,0.2902140360752032,0.5720485316988371,2025-12-31,2025-12-31,nonnegative_low,3896,3901
rolling5_annual20,3640,2026-01-23,2026-02-02,-0.0087161586128796,2026,2025-12-31,learned_vol_interaction,20260912,0.46450523759698337,0.46450523759698337,0,0,-0.14221827511572852,0.46450523759698337,2025-12-31,2025-12-31,negative_low,3901,3906
rolling5_annual20,3645,2026-01-30,2026-02-09,0.0041482324550519,2026,2025-12-31,learned_vol_interaction,20260912,0.5055364466448413,0.5055364466448413,1,1,0.022146691736617527,0.5055364466448413,2025-12-31,2025-12-31,nonnegative_low,3906,3911
rolling5_annual20,3650,2026-02-06,2026-02-24,0.0071649689901505,2026,2025-12-31,learned_vol_interaction,20260912,0.42116451389141074,0.42116451389141074,0,1,-0.3179947759814571,0.42116451389141074,2025-12-31,2025-12-31,negative_low,3911,3916
rolling5_annual20,3655,2026-02-13,2026-03-02,-0.0097920588919678,2026,2025-12-31,learned_vol_interaction,20260912,0.4216952789502379,0.4216952789502379,0,0,-0.315817963390409,0.4216952789502379,2025-12-31,2025-12-31,nonnegative_low,3916,3920
rolling5_annual20,3659,2026-02-27,2026-03-09,-0.0172526869201304,2026,2025-12-31,learned_vol_interaction,20260912,0.46280074037648433,0.46280074037648433,0,0,-0.14907249133970596,0.46280074037648433,2025-12-31,2025-12-31,nonnegative_low,3920,3925
rolling5_annual20,3664,2026-03-06,2026-03-16,0.0149926634422041,2026,2025-12-31,learned_vol_interaction,20260912,0.4454734654507731,0.4454734654507731,0,1,-0.21897697489571988,0.4454734654507731,2025-12-31,2025-12-31,nonnegative_high,3925,3930
rolling5_annual20,3669,2026-03-13,2026-03-23,-0.0364343509194254,2026,2025-12-31,learned_vol_interaction,20260912,0.5162800418391823,0.5162800418391823,1,0,0.0651431945842536,0.5162800418391823,2025-12-31,2025-12-31,nonnegative_low,3930,3935
rolling5_annual20,3674,2026-03-20,2026-03-30,-0.0083038829988221,2026,2025-12-31,learned_vol_interaction,20260912,0.44815597826032155,0.44815597826032155,0,0,-0.2081240994556903,0.44815597826032155,2025-12-31,2025-12-31,nonnegative_low,3935,3940
rolling5_annual20,3679,2026-03-27,2026-04-07,-0.0035591495694504,2026,2025-12-31,learned_vol_interaction,20260912,0.41145491799092687,0.41145491799092687,0,0,-0.35795406990160905,0.41145491799092687,2025-12-31,2025-12-31,negative_high,3940,3945
rolling5_annual20,3684,2026-04-03,2026-04-13,0.0380736235508991,2026,2025-12-31,learned_vol_interaction,20260912,0.44194013633414186,0.44194013633414186,0,1,-0.23329180443517816,0.44194013633414186,2026-03-31,2025-12-31,negative_high,3945,3949
rolling5_annual20,3688,2026-04-10,2026-04-20,0.0242766725964382,2026,2025-12-31,learned_vol_interaction,20260912,0.474602811789107,0.474602811789107,0,1,-0.1016762569966195,0.474602811789107,2026-03-31,2025-12-31,negative_high,3949,3954
rolling5_annual20,3693,2026-04-17,2026-04-27,0.010401572188011,2026,2025-12-31,learned_vol_interaction,20260912,0.4655670623093444,0.4655670623093444,0,1,-0.1379501037711487,0.4655670623093444,2026-03-31,2025-12-31,negative_high,3954,3959
rolling5_annual20,3698,2026-04-24,2026-05-11,0.0263674696524953,2026,2025-12-31,learned_vol_interaction,20260912,0.42735120615774097,0.42735120615774097,0,1,-0.29266643154764055,0.42735120615774097,2026-03-31,2025-12-31,nonnegative_high,3959,3966
rolling5_annual20,3705,2026-05-08,2026-05-18,-0.0134529239455926,2026,2025-12-31,learned_vol_interaction,20260912,0.45536406167315674,0.45536406167315674,0,0,-0.17902033382121532,0.45536406167315674,2026-03-31,2025-12-31,nonnegative_high,3966,3971
rolling5_annual20,3710,2026-05-15,2026-05-25,0.0076235492615268,2026,2025-12-31,learned_vol_interaction,20260912,0.5065051153684339,0.5065051153684339,1,1,0.02602192975023418,0.5065051153684339,2026-03-31,2025-12-31,nonnegative_low,3971,3976
rolling5_annual20,3715,2026-05-22,2026-06-01,0.005068538126898,2026,2025-12-31,learned_vol_interaction,20260912,0.49203695640068734,0.49203695640068734,0,1,-0.03185486780501898,0.49203695640068734,2026-03-31,2025-12-31,nonnegative_low,3976,3981
rolling5_annual20,3720,2026-05-29,2026-06-08,-0.039635353927193,2026,2025-12-31,learned_vol_interaction,20260912,0.47113595890062737,0.47113595890062737,0,0,-0.11558467522259913,0.47113595890062737,2026-03-31,2025-12-31,nonnegative_high,3981,3986
rolling5_annual20,3725,2026-06-05,2026-06-15,0.0266849782195981,2026,2025-12-31,learned_vol_interaction,20260912,0.45682558024935527,0.45682558024935527,0,1,-0.17312882779734717,0.45682558024935527,2026-03-31,2025-12-31,nonnegative_high,3986,3991
rolling5_annual20,3730,2026-06-12,2026-06-29,0.0076098142791176,2026,2025-12-31,learned_vol_interaction,20260912,0.442975733059148,0.442975733059148,0,1,-0.22909381629981562,0.442975733059148,2026-03-31,2025-12-31,nonnegative_high,3991,4000
rolling5_annual20,3739,2026-06-26,2026-07-06,0.0005137647861506,2026,2025-12-31,learned_vol_interaction,20260912,0.5201528170131723,0.5201528170131723,1,1,0.08065496283862528,0.5201528170131723,2026-03-31,2025-12-31,nonnegative_high,4000,4005
rolling5_annual20,3744,2026-07-03,2026-07-13,-0.0252847876365399,2026,2025-12-31,learned_vol_interaction,20260912,0.5167437066245485,0.5167437066245485,1,0,0.06699987869956564,0.5167437066245485,2026-06-30,2025-12-31,nonnegative_high,4005,4010
rolling5_annual20,3749,2026-07-10,2026-07-20,-0.035775397012711,2026,2025-12-31,learned_vol_interaction,20260912,0.5240977712551413,0.5240977712551413,1,0,0.09646582194367842,0.5240977712551413,2026-06-30,2025-12-31,nonnegative_high,4010,4015
rolling5_annual20,3754,2026-07-17,2026-07-27,0.01756245533441,2026,2025-12-31,learned_vol_interaction,20260912,0.5152580314937659,0.5152580314937659,1,1,0.06105108155165742,0.5152580314937659,2026-06-30,2025-12-31,negative_high,4015,4020
rolling5_annual20,3759,2026-07-24,2026-08-03,-0.0202339761556519,2026,2025-12-31,learned_vol_interaction,20260912,0.5102837642282361,0.5102837642282361,1,0,0.04114085874710506,0.5102837642282361,2026-06-30,2025-12-31,negative_high,4020,4025
rolling5_annual20,3764,2026-07-31,2026-08-10,0.0300318732435738,2026,2025-12-31,learned_vol_interaction,20260912,0.49813339636912884,0.49813339636912884,0,1,-0.007466449209840853,0.49813339636912884,2026-06-30,2025-12-31,negative_high,4025,4030
rolling5_annual20,3769,2026-08-07,2026-08-17,-0.0056482265760339,2026,2025-12-31,learned_vol_interaction,20260912,0.4913068589563322,0.4913068589563322,0,0,-0.0347760685263529,0.4913068589563322,2026-06-30,2025-12-31,negative_high,4030,4035
rolling5_annual20,3774,2026-08-14,2026-08-24,-0.0109860710402629,2026,2025-12-31,learned_vol_interaction,20260912,0.46547315716272203,0.46547315716272203,0,0,-0.13832751913918298,0.46547315716272203,2026-06-30,2025-12-31,negative_high,4035,4040
rolling5_annual20,3779,2026-08-21,2026-08-31,-0.0127592811002066,2026,2025-12-31,learned_vol_interaction,20260912,0.4565503959943362,0.4565503959943362,0,0,-0.1742378869170171,0.4565503959943362,2026-06-30,2025-12-31,negative_high,4040,4045
rolling5_annual20,3630,2026-01-09,2026-01-19,-0.0103697336282536,2026,2025-12-31,learned_order_extension,20260912,0.5234527600872158,0.5234527600872158,1,0,0.09387993007145896,0.5234527600872158,2025-12-31,2025-12-31,nonnegative_low,3891,3896
rolling5_annual20,3635,2026-01-16,2026-01-26,-0.0010190267764643,2026,2025-12-31,learned_order_extension,20260912,0.5847075352595175,0.5847075352595175,1,0,0.34212877615650916,0.5847075352595175,2025-12-31,2025-12-31,nonnegative_low,3896,3901
rolling5_annual20,3640,2026-01-23,2026-02-02,-0.0087161586128796,2026,2025-12-31,learned_order_extension,20260912,0.4700767353741261,0.4700767353741261,0,0,-0.1198362642082279,0.4700767353741261,2025-12-31,2025-12-31,negative_low,3901,3906
rolling5_annual20,3645,2026-01-30,2026-02-09,0.0041482324550519,2026,2025-12-31,learned_order_extension,20260912,0.5148835278265028,0.5148835278265028,1,1,0.05955170460791004,0.5148835278265028,2025-12-31,2025-12-31,nonnegative_low,3906,3911
rolling5_annual20,3650,2026-02-06,2026-02-24,0.0071649689901505,2026,2025-12-31,learned_order_extension,20260912,0.4220765070574473,0.4220765070574473,0,1,-0.3142549008115674,0.4220765070574473,2025-12-31,2025-12-31,negative_low,3911,3916
rolling5_annual20,3655,2026-02-13,2026-03-02,-0.0097920588919678,2026,2025-12-31,learned_order_extension,20260912,0.41397752179190594,0.41397752179190594,0,0,-0.3475464703955755,0.41397752179190594,2025-12-31,2025-12-31,nonnegative_low,3916,3920
rolling5_annual20,3659,2026-02-27,2026-03-09,-0.0172526869201304,2026,2025-12-31,learned_order_extension,20260912,0.45946498078572456,0.45946498078572456,0,0,-0.16249669805999611,0.45946498078572456,2025-12-31,2025-12-31,nonnegative_low,3920,3925
rolling5_annual20,3664,2026-03-06,2026-03-16,0.0149926634422041,2026,2025-12-31,learned_order_extension,20260912,0.44635455978232025,0.44635455978232025,0,1,-0.21541086896948258,0.44635455978232025,2025-12-31,2025-12-31,nonnegative_high,3925,3930
rolling5_annual20,3669,2026-03-13,2026-03-23,-0.0364343509194254,2026,2025-12-31,learned_order_extension,20260912,0.5383866937008707,0.5383866937008707,1,0,0.1538495222525432,0.5383866937008707,2025-12-31,2025-12-31,nonnegative_low,3930,3935
rolling5_annual20,3674,2026-03-20,2026-03-30,-0.0083038829988221,2026,2025-12-31,learned_order_extension,20260912,0.43243079892634145,0.43243079892634145,0,0,-0.27194037105163094,0.43243079892634145,2025-12-31,2025-12-31,nonnegative_low,3935,3940
rolling5_annual20,3679,2026-03-27,2026-04-07,-0.0035591495694504,2026,2025-12-31,learned_order_extension,20260912,0.3847558274890985,0.3847558274890985,0,0,-0.46941029870979656,0.3847558274890985,2025-12-31,2025-12-31,negative_high,3940,3945
rolling5_annual20,3684,2026-04-03,2026-04-13,0.0380736235508991,2026,2025-12-31,learned_order_extension,20260912,0.4144033852774401,0.4144033852774401,0,1,-0.3457913217427489,0.4144033852774401,2026-03-31,2025-12-31,negative_high,3945,3949
rolling5_annual20,3688,2026-04-10,2026-04-20,0.0242766725964382,2026,2025-12-31,learned_order_extension,20260912,0.47938167585700264,0.47938167585700264,0,1,-0.08252009187133333,0.47938167585700264,2026-03-31,2025-12-31,negative_high,3949,3954
rolling5_annual20,3693,2026-04-17,2026-04-27,0.010401572188011,2026,2025-12-31,learned_order_extension,20260912,0.4174512738947204,0.4174512738947204,0,1,-0.33324500366188253,0.4174512738947204,2026-03-31,2025-12-31,negative_high,3954,3959
rolling5_annual20,3698,2026-04-24,2026-05-11,0.0263674696524953,2026,2025-12-31,learned_order_extension,20260912,0.40789835430240917,0.40789835430240917,0,1,-0.3726603072049653,0.40789835430240917,2026-03-31,2025-12-31,nonnegative_high,3959,3966
rolling5_annual20,3705,2026-05-08,2026-05-18,-0.0134529239455926,2026,2025-12-31,learned_order_extension,20260912,0.4584298418185969,0.4584298418185969,0,0,-0.16666535747547034,0.4584298418185969,2026-03-31,2025-12-31,nonnegative_high,3966,3971
rolling5_annual20,3710,2026-05-15,2026-05-25,0.0076235492615268,2026,2025-12-31,learned_order_extension,20260912,0.5410895291105667,0.5410895291105667,1,1,0.16472961483755022,0.5410895291105667,2026-03-31,2025-12-31,nonnegative_low,3971,3976
rolling5_annual20,3715,2026-05-22,2026-06-01,0.005068538126898,2026,2025-12-31,learned_order_extension,20260912,0.5021226383630596,0.5021226383630596,1,1,0.008490604459434309,0.5021226383630596,2026-03-31,2025-12-31,nonnegative_low,3976,3981
rolling5_annual20,3720,2026-05-29,2026-06-08,-0.039635353927193,2026,2025-12-31,learned_order_extension,20260912,0.4573299409387087,0.4573299409387087,0,0,-0.17109640739857615,0.4573299409387087,2026-03-31,2025-12-31,nonnegative_high,3981,3986
rolling5_annual20,3725,2026-06-05,2026-06-15,0.0266849782195981,2026,2025-12-31,learned_order_extension,20260912,0.4366421559336363,0.4366421559336363,0,1,-0.2548010339774752,0.4366421559336363,2026-03-31,2025-12-31,nonnegative_high,3986,3991
rolling5_annual20,3730,2026-06-12,2026-06-29,0.0076098142791176,2026,2025-12-31,learned_order_extension,20260912,0.4102842493878904,0.4102842493878904,0,1,-0.36279043151059953,0.4102842493878904,2026-03-31,2025-12-31,nonnegative_high,3991,4000
rolling5_annual20,3739,2026-06-26,2026-07-06,0.0005137647861506,2026,2025-12-31,learned_order_extension,20260912,0.5188140124051438,0.5188140124051438,1,1,0.0752915973744813,0.5188140124051438,2026-03-31,2025-12-31,nonnegative_high,4000,4005
rolling5_annual20,3744,2026-07-03,2026-07-13,-0.0252847876365399,2026,2025-12-31,learned_order_extension,20260912,0.4989429054386354,0.4989429054386354,0,0,-0.004228384545470906,0.4989429054386354,2026-06-30,2025-12-31,nonnegative_high,4005,4010
rolling5_annual20,3749,2026-07-10,2026-07-20,-0.035775397012711,2026,2025-12-31,learned_order_extension,20260912,0.5236629920895812,0.5236629920895812,1,0,0.09472272901785916,0.5236629920895812,2026-06-30,2025-12-31,nonnegative_high,4010,4015
rolling5_annual20,3754,2026-07-17,2026-07-27,0.01756245533441,2026,2025-12-31,learned_order_extension,20260912,0.5032118538805617,0.5032118538805617,1,1,0.012847592238631467,0.5032118538805617,2026-06-30,2025-12-31,negative_high,4015,4020
rolling5_annual20,3759,2026-07-24,2026-08-03,-0.0202339761556519,2026,2025-12-31,learned_order_extension,20260912,0.4921460637997216,0.4921460637997216,0,0,-0.0314183289952438,0.4921460637997216,2026-06-30,2025-12-31,negative_high,4020,4025
rolling5_annual20,3764,2026-07-31,2026-08-10,0.0300318732435738,2026,2025-12-31,learned_order_extension,20260912,0.4818553927993659,0.4818553927993659,0,1,-0.07261031368227872,0.4818553927993659,2026-06-30,2025-12-31,negative_high,4025,4030
rolling5_annual20,3769,2026-08-07,2026-08-17,-0.0056482265760339,2026,2025-12-31,learned_order_extension,20260912,0.5028354128920006,0.5028354128920006,1,0,0.011341773146294087,0.5028354128920006,2026-06-30,2025-12-31,negative_high,4030,4035
rolling5_annual20,3774,2026-08-14,2026-08-24,-0.0109860710402629,2026,2025-12-31,learned_order_extension,20260912,0.4725810214103995,0.4725810214103995,0,0,-0.10978605234420794,0.4725810214103995,2026-06-30,2025-12-31,negative_high,4035,4040
rolling5_annual20,3779,2026-08-21,2026-08-31,-0.0127592811002066,2026,2025-12-31,learned_order_extension,20260912,0.46653070967261673,0.46653070967261673,0,0,-0.1340776583644656,0.46653070967261673,2026-06-30,2025-12-31,negative_high,4040,4045
rolling5_annual20,3630,2026-01-09,2026-01-19,-0.0103697336282536,2026,2025-12-31,learned_order_offset,20260912,0.5234772415055928,0.5234772415055928,1,0,0.09397807189499754,0.5234772415055928,2025-12-31,2025-12-31,nonnegative_low,3891,3896
rolling5_annual20,3635,2026-01-16,2026-01-26,-0.0010190267764643,2026,2025-12-31,learned_order_offset,20260912,0.5844150879103954,0.5844150879103954,1,0,0.3409245426797892,0.5844150879103954,2025-12-31,2025-12-31,nonnegative_low,3896,3901
rolling5_annual20,3640,2026-01-23,2026-02-02,-0.0087161586128796,2026,2025-12-31,learned_order_offset,20260912,0.46996206356235715,0.46996206356235715,0,0,-0.12029660654716856,0.46996206356235715,2025-12-31,2025-12-31,negative_low,3901,3906
rolling5_annual20,3645,2026-01-30,2026-02-09,0.0041482324550519,2026,2025-12-31,learned_order_offset,20260912,0.514701020079869,0.514701020079869,1,1,0.05882103409717565,0.514701020079869,2025-12-31,2025-12-31,nonnegative_low,3906,3911
rolling5_annual20,3650,2026-02-06,2026-02-24,0.0071649689901505,2026,2025-12-31,learned_order_offset,20260912,0.42213589824970216,0.42213589824970216,0,1,-0.3140114269873845,0.42213589824970216,2025-12-31,2025-12-31,negative_low,3911,3916
rolling5_annual20,3655,2026-02-13,2026-03-02,-0.0097920588919678,2026,2025-12-31,learned_order_offset,20260912,0.4139092534456115,0.4139092534456115,0,0,-0.3478278799663026,0.4139092534456115,2025-12-31,2025-12-31,nonnegative_low,3916,3920
rolling5_annual20,3659,2026-02-27,2026-03-09,-0.0172526869201304,2026,2025-12-31,learned_order_offset,20260912,0.4590491088219428,0.4590491088219428,0,0,-0.16417130532879576,0.4590491088219428,2025-12-31,2025-12-31,nonnegative_low,3920,3925
rolling5_annual20,3664,2026-03-06,2026-03-16,0.0149926634422041,2026,2025-12-31,learned_order_offset,20260912,0.4464707132363767,0.4464707132363767,0,1,-0.2149408563881413,0.4464707132363767,2025-12-31,2025-12-31,nonnegative_high,3925,3930
rolling5_annual20,3669,2026-03-13,2026-03-23,-0.0364343509194254,2026,2025-12-31,learned_order_offset,20260912,0.5384561051408137,0.5384561051408137,1,0,0.1541288171979624,0.5384561051408137,2025-12-31,2025-12-31,nonnegative_low,3930,3935
rolling5_annual20,3674,2026-03-20,2026-03-30,-0.0083038829988221,2026,2025-12-31,learned_order_offset,20260912,0.43269622737784763,0.43269622737784763,0,0,-0.2708589860475517,0.43269622737784763,2025-12-31,2025-12-31,nonnegative_low,3935,3940
rolling5_annual20,3679,2026-03-27,2026-04-07,-0.0035591495694504,2026,2025-12-31,learned_order_offset,20260912,0.3852504154330894,0.3852504154330894,0,0,-0.46732145277400594,0.3852504154330894,2025-12-31,2025-12-31,negative_high,3940,3945
rolling5_annual20,3684,2026-04-03,2026-04-13,0.0380736235508991,2026,2025-12-31,learned_order_offset,20260912,0.41463312595207424,0.41463312595207424,0,1,-0.34484469039755994,0.41463312595207424,2026-03-31,2025-12-31,negative_high,3945,3949
rolling5_annual20,3688,2026-04-10,2026-04-20,0.0242766725964382,2026,2025-12-31,learned_order_offset,20260912,0.47957887458862364,0.47957887458862364,0,1,-0.08172996617606618,0.47957887458862364,2026-03-31,2025-12-31,negative_high,3949,3954
rolling5_annual20,3693,2026-04-17,2026-04-27,0.010401572188011,2026,2025-12-31,learned_order_offset,20260912,0.4174462723853696,0.4174462723853696,0,1,-0.3332655703221817,0.4174462723853696,2026-03-31,2025-12-31,negative_high,3954,3959
rolling5_annual20,3698,2026-04-24,2026-05-11,0.0263674696524953,2026,2025-12-31,learned_order_offset,20260912,0.4078121898572776,0.4078121898572776,0,1,-0.37301708198697064,0.4078121898572776,2026-03-31,2025-12-31,nonnegative_high,3959,3966
rolling5_annual20,3705,2026-05-08,2026-05-18,-0.0134529239455926,2026,2025-12-31,learned_order_offset,20260912,0.45820168742787637,0.45820168742787637,0,0,-0.16758436241654773,0.45820168742787637,2026-03-31,2025-12-31,nonnegative_high,3966,3971
rolling5_annual20,3710,2026-05-15,2026-05-25,0.0076235492615268,2026,2025-12-31,learned_order_offset,20260912,0.5408516437983437,0.5408516437983437,1,1,0.16377164139554562,0.5408516437983437,2026-03-31,2025-12-31,nonnegative_low,3971,3976
rolling5_annual20,3715,2026-05-22,2026-06-01,0.005068538126898,2026,2025-12-31,learned_order_offset,20260912,0.5018942264488259,0.5018942264488259,1,1,0.0075769420444807695,0.5018942264488259,2026-03-31,2025-12-31,nonnegative_low,3976,3981
rolling5_annual20,3720,2026-05-29,2026-06-08,-0.039635353927193,2026,2025-12-31,learned_order_offset,20260912,0.4571886722395474,0.4571886722395474,0,0,-0.17166564163208306,0.4571886722395474,2026-03-31,2025-12-31,nonnegative_high,3981,3986
rolling5_annual20,3725,2026-06-05,2026-06-15,0.0266849782195981,2026,2025-12-31,learned_order_offset,20260912,0.43649391290109524,0.43649391290109524,0,1,-0.25540370578789945,0.43649391290109524,2026-03-31,2025-12-31,nonnegative_high,3986,3991
rolling5_annual20,3730,2026-06-12,2026-06-29,0.0076098142791176,2026,2025-12-31,learned_order_offset,20260912,0.4101169616257996,0.4101169616257996,0,1,-0.3634818859298746,0.4101169616257996,2026-03-31,2025-12-31,nonnegative_high,3991,4000
rolling5_annual20,3739,2026-06-26,2026-07-06,0.0005137647861506,2026,2025-12-31,learned_order_offset,20260912,0.5185047287941408,0.5185047287941408,1,1,0.07405273754497782,0.5185047287941408,2026-03-31,2025-12-31,nonnegative_high,4000,4005
rolling5_annual20,3744,2026-07-03,2026-07-13,-0.0252847876365399,2026,2025-12-31,learned_order_offset,20260912,0.4988441113201745,0.4988441113201745,0,0,-0.00462356295590538,0.4988441113201745,2026-06-30,2025-12-31,nonnegative_high,4005,4010
rolling5_annual20,3749,2026-07-10,2026-07-20,-0.035775397012711,2026,2025-12-31,learned_order_offset,20260912,0.523535406519861,0.523535406519861,1,0,0.09421124731409941,0.523535406519861,2026-06-30,2025-12-31,nonnegative_high,4010,4015
rolling5_annual20,3754,2026-07-17,2026-07-27,0.01756245533441,2026,2025-12-31,learned_order_offset,20260912,0.5033052897147685,0.5033052897147685,1,1,0.013221351451282337,0.5033052897147685,2026-06-30,2025-12-31,negative_high,4015,4020
rolling5_annual20,3759,2026-07-24,2026-08-03,-0.0202339761556519,2026,2025-12-31,learned_order_offset,20260912,0.4922428591218114,0.4922428591218114,0,0,-0.031031053324374724,0.4922428591218114,2026-06-30,2025-12-31,negative_high,4020,4025
rolling5_annual20,3764,2026-07-31,2026-08-10,0.0300318732435738,2026,2025-12-31,learned_order_offset,20260912,0.4819029511308941,0.4819029511308941,0,1,-0.07241983016398998,0.4819029511308941,2026-06-30,2025-12-31,negative_high,4025,4030
rolling5_annual20,3769,2026-08-07,2026-08-17,-0.0056482265760339,2026,2025-12-31,learned_order_offset,20260912,0.5027660682169325,0.5027660682169325,1,0,0.011064385742105748,0.5027660682169325,2026-06-30,2025-12-31,negative_high,4030,4035
rolling5_annual20,3774,2026-08-14,2026-08-24,-0.0109860710402629,2026,2025-12-31,learned_order_offset,20260912,0.4725999925469034,0.4725999925469034,0,0,-0.10970993906856275,0.4725999925469034,2026-06-30,2025-12-31,negative_high,4035,4040
rolling5_annual20,3779,2026-08-21,2026-08-31,-0.0127592811002066,2026,2025-12-31,learned_order_offset,20260912,0.4665968127191565,0.4665968127191565,0,0,-0.13381205843407762,0.4665968127191565,2026-06-30,2025-12-31,negative_high,4040,4045
