cutoff,row_index,date,joint_completed,included_recent
2014-12-31,0,2010-07-09,2010-07-19,False
2014-12-31,1,2010-07-12,2010-07-20,False
2014-12-31,2,2010-07-20,2010-07-28,False
2014-12-31,3,2010-07-21,2010-07-29,False
2014-12-31,4,2010-07-22,2010-07-30,False
2014-12-31,5,2010-07-23,2010-08-02,False
2014-12-31,6,2010-07-26,2010-08-03,False
2014-12-31,7,2010-07-27,2010-08-04,False
2014-12-31,8,2010-07-28,2010-08-05,False
2014-12-31,9,2010-07-29,2010-08-06,False
2014-12-31,10,2010-07-30,2010-08-09,False
2014-12-31,11,2010-08-02,2010-08-10,False
2014-12-31,12,2010-08-03,2010-08-11,False
2014-12-31,13,2010-08-04,2010-08-12,False
2014-12-31,14,2010-08-05,2010-08-13,False
2014-12-31,15,2010-08-06,2010-08-16,False
2014-12-31,16,2010-08-09,2010-08-17,False
2014-12-31,17,2010-08-10,2010-08-18,False
2014-12-31,18,2010-08-11,2010-08-19,False
2014-12-31,19,2010-08-12,2010-08-20,False
2014-12-31,20,2010-08-13,2010-08-23,False
2014-12-31,21,2010-08-16,2010-08-24,False
2014-12-31,22,2010-08-17,2010-08-25,False
2014-12-31,23,2010-08-18,2010-08-26,False
2014-12-31,24,2010-08-19,2010-08-27,False
2014-12-31,25,2010-08-20,2010-08-30,False
2014-12-31,26,2010-08-23,2010-08-31,False
2014-12-31,27,2010-08-24,2010-09-01,False
2014-12-31,28,2010-08-25,2010-09-02,False
2014-12-31,29,2010-08-26,2010-09-03,False
2014-12-31,30,2010-08-27,2010-09-06,False
2014-12-31,31,2010-08-30,2010-09-07,False
2014-12-31,32,2010-08-31,2010-09-08,False
2014-12-31,33,2010-09-01,2010-09-09,False
2014-12-31,34,2010-09-02,2010-09-10,False
2014-12-31,35,2010-09-03,2010-09-13,False
2014-12-31,36,2010-09-06,2010-09-14,False
2014-12-31,37,2010-09-07,2010-09-15,False
2014-12-31,38,2010-09-08,2010-09-16,False
2014-12-31,39,2010-09-09,2010-09-17,False
2014-12-31,40,2010-09-10,2010-09-20,False
2014-12-31,41,2010-09-13,2010-09-21,False
2014-12-31,42,2010-09-14,2010-09-27,False
2014-12-31,43,2010-09-15,2010-09-30,False
2014-12-31,44,2010-09-16,2010-10-08,False
2014-12-31,45,2010-09-17,2010-10-11,False
2014-12-31,46,2010-09-20,2010-09-30,False
2014-12-31,47,2010-09-21,2010-10-08,False
2014-12-31,48,2010-09-27,2010-10-12,False
2014-12-31,49,2010-09-28,2010-10-13,False
2014-12-31,50,2010-09-29,2010-10-14,False
2014-12-31,51,2010-09-30,2010-10-15,False
2014-12-31,52,2010-10-08,2010-10-18,False
2014-12-31,53,2010-10-11,2010-10-19,False
2014-12-31,54,2010-10-12,2010-10-20,False
2014-12-31,55,2010-10-13,2010-10-21,False
2014-12-31,56,2010-10-14,2010-10-22,False
2014-12-31,57,2010-10-15,2010-10-25,False
2014-12-31,58,2010-10-18,2010-10-26,False
2014-12-31,59,2010-10-19,2010-10-27,False
2014-12-31,60,2010-10-20,2010-10-28,False
2014-12-31,61,2010-10-21,2010-10-29,False
2014-12-31,62,2010-10-22,2010-11-01,False
2014-12-31,63,2010-10-25,2010-11-02,False
2014-12-31,64,2010-10-26,2010-11-03,False
2014-12-31,65,2010-10-27,2010-11-04,False
2014-12-31,66,2010-10-28,2010-11-05,False
2014-12-31,67,2010-10-29,2010-11-08,False
2014-12-31,68,2010-11-01,2010-11-09,False
2014-12-31,69,2010-11-02,2010-11-10,False
2014-12-31,70,2010-11-03,2010-11-11,False
2014-12-31,71,2010-11-04,2010-11-12,False
2014-12-31,72,2010-11-05,2010-11-15,False
2014-12-31,73,2010-11-08,2010-11-16,False
2014-12-31,74,2010-11-09,2010-11-17,False
2014-12-31,75,2010-11-10,2010-11-18,False
2014-12-31,76,2010-11-11,2010-11-19,False
2014-12-31,77,2010-11-12,2010-11-22,False
2014-12-31,78,2010-11-15,2010-11-23,False
2014-12-31,79,2010-11-16,2010-11-24,False
2014-12-31,80,2010-11-17,2010-11-25,False
2014-12-31,81,2010-11-18,2010-11-26,False
2014-12-31,82,2010-11-19,2010-11-29,False
2014-12-31,83,2010-11-22,2010-11-30,False
2014-12-31,84,2010-11-23,2010-12-01,False
2014-12-31,85,2010-11-24,2010-12-02,False
2014-12-31,86,2010-11-25,2010-12-03,False
2014-12-31,87,2010-11-26,2010-12-06,False
2014-12-31,88,2010-11-29,2010-12-07,False
2014-12-31,89,2010-11-30,2010-12-08,False
2014-12-31,90,2010-12-01,2010-12-09,False
2014-12-31,91,2010-12-02,2010-12-10,False
2014-12-31,92,2010-12-03,2010-12-13,False
2014-12-31,93,2010-12-06,2010-12-14,False
2014-12-31,94,2010-12-07,2010-12-15,False
2014-12-31,95,2010-12-08,2010-12-16,False
2014-12-31,96,2010-12-09,2010-12-17,False
2014-12-31,97,2010-12-10,2010-12-20,False
2014-12-31,98,2010-12-13,2010-12-21,False
2014-12-31,99,2010-12-14,2010-12-22,False
2014-12-31,100,2010-12-15,2010-12-23,False
2014-12-31,101,2010-12-16,2010-12-24,False
2014-12-31,102,2010-12-17,2010-12-27,False
2014-12-31,103,2010-12-20,2010-12-28,False
2014-12-31,104,2010-12-21,2010-12-29,False
2014-12-31,105,2010-12-22,2010-12-30,False
2014-12-31,106,2010-12-23,2010-12-31,False
2014-12-31,107,2010-12-24,2011-01-04,False
2014-12-31,108,2010-12-27,2011-01-11,False
2014-12-31,109,2010-12-28,2011-01-05,False
2014-12-31,110,2010-12-29,2011-01-06,False
2014-12-31,111,2010-12-30,2011-01-07,False
2014-12-31,112,2010-12-31,2011-01-10,False
2014-12-31,113,2011-01-04,2011-01-12,False
2014-12-31,114,2011-01-05,2011-01-13,False
2014-12-31,115,2011-01-06,2011-01-14,False
2014-12-31,116,2011-01-07,2011-01-17,False
2014-12-31,117,2011-01-10,2011-01-18,False
2014-12-31,118,2011-01-11,2011-01-19,False
2014-12-31,119,2011-01-12,2011-01-20,False
2014-12-31,120,2011-01-13,2011-01-21,False
2014-12-31,121,2011-01-14,2011-01-24,False
2014-12-31,122,2011-01-17,2011-01-25,False
2014-12-31,123,2011-01-18,2011-01-26,False
2014-12-31,124,2011-01-19,2011-01-27,False
2014-12-31,125,2011-01-20,2011-01-28,False
2014-12-31,126,2011-01-21,2011-01-31,False
2014-12-31,127,2011-01-24,2011-02-01,False
2014-12-31,128,2011-01-25,2011-02-09,False
2014-12-31,129,2011-01-26,2011-02-10,False
2014-12-31,130,2011-01-27,2011-02-11,False
2014-12-31,131,2011-01-28,2011-02-14,False
2014-12-31,132,2011-01-31,2011-02-15,False
2014-12-31,133,2011-02-01,2011-02-16,False
2014-12-31,134,2011-02-09,2011-02-17,False
2014-12-31,135,2011-02-10,2011-02-18,False
2014-12-31,136,2011-02-11,2011-02-21,False
2014-12-31,137,2011-02-14,2011-02-22,False
2014-12-31,138,2011-02-15,2011-02-23,False
2014-12-31,139,2011-02-16,2011-02-24,False
2014-12-31,140,2011-02-17,2011-02-25,False
2014-12-31,141,2011-02-18,2011-02-28,False
2014-12-31,142,2011-02-21,2011-03-01,False
2014-12-31,143,2011-02-22,2011-03-02,False
2014-12-31,144,2011-02-23,2011-03-03,False
2014-12-31,145,2011-02-24,2011-03-04,False
2014-12-31,146,2011-02-25,2011-03-07,False
2014-12-31,147,2011-02-28,2011-03-08,False
2014-12-31,148,2011-03-01,2011-03-09,False
2014-12-31,149,2011-03-02,2011-03-10,False
2014-12-31,150,2011-03-03,2011-03-11,False
2014-12-31,151,2011-03-04,2011-03-14,False
2014-12-31,152,2011-03-07,2011-03-15,False
2014-12-31,153,2011-03-08,2011-03-16,False
2014-12-31,154,2011-03-09,2011-03-17,False
2014-12-31,155,2011-03-10,2011-03-18,False
2014-12-31,156,2011-03-11,2011-03-21,False
2014-12-31,157,2011-03-14,2011-03-22,False
2014-12-31,158,2011-03-15,2011-03-23,False
2014-12-31,159,2011-03-16,2011-03-24,False
2014-12-31,160,2011-03-17,2011-03-25,False
2014-12-31,161,2011-03-18,2011-03-28,False
2014-12-31,162,2011-03-21,2011-03-29,False
2014-12-31,163,2011-03-22,2011-03-30,False
2014-12-31,164,2011-03-23,2011-03-31,False
2014-12-31,165,2011-03-24,2011-04-01,False
2014-12-31,166,2011-03-25,2011-04-06,False
2014-12-31,167,2011-03-28,2011-04-12,False
2014-12-31,168,2011-03-29,2011-04-13,False
2014-12-31,169,2011-03-30,2011-04-08,False
2014-12-31,170,2011-03-31,2011-04-11,False
2014-12-31,171,2011-04-01,2011-04-12,False
2014-12-31,172,2011-04-06,2011-04-14,False
2014-12-31,173,2011-04-07,2011-04-15,False
2014-12-31,174,2011-04-08,2011-04-18,False
2014-12-31,175,2011-04-11,2011-04-19,False
2014-12-31,176,2011-04-12,2011-04-20,False
2014-12-31,177,2011-04-13,2011-04-21,False
2014-12-31,178,2011-04-14,2011-04-22,False
2014-12-31,179,2011-04-15,2011-04-25,False
2014-12-31,180,2011-04-18,2011-04-26,False
2014-12-31,181,2011-04-19,2011-04-27,False
2014-12-31,182,2011-04-20,2011-04-28,False
2014-12-31,183,2011-04-21,2011-04-29,False
2014-12-31,184,2011-04-22,2011-05-03,False
2014-12-31,185,2011-04-25,2011-05-10,False
2014-12-31,186,2011-04-26,2011-05-04,False
2014-12-31,187,2011-04-27,2011-05-05,False
2014-12-31,188,2011-04-28,2011-05-06,False
2014-12-31,189,2011-04-29,2011-05-09,False
2014-12-31,190,2011-05-03,2011-05-11,False
2014-12-31,191,2011-05-04,2011-05-12,False
2014-12-31,192,2011-05-05,2011-05-13,False
2014-12-31,193,2011-05-06,2011-05-16,False
2014-12-31,194,2011-05-09,2011-05-17,False
2014-12-31,195,2011-05-10,2011-05-18,False
2014-12-31,196,2011-05-11,2011-05-19,False
2014-12-31,197,2011-05-12,2011-05-20,False
2014-12-31,198,2011-05-13,2011-05-23,False
2014-12-31,199,2011-05-16,2011-05-24,False
2014-12-31,200,2011-05-17,2011-05-25,False
2014-12-31,201,2011-05-18,2011-05-26,False
2014-12-31,202,2011-05-19,2011-05-27,False
2014-12-31,203,2011-05-20,2011-05-30,False
2014-12-31,204,2011-05-23,2011-05-31,False
2014-12-31,205,2011-05-24,2011-06-01,False
2014-12-31,206,2011-05-25,2011-06-02,False
2014-12-31,207,2011-05-26,2011-06-03,False
2014-12-31,208,2011-05-27,2011-06-07,False
2014-12-31,209,2011-05-30,2011-06-14,False
2014-12-31,210,2011-05-31,2011-06-08,False
2014-12-31,211,2011-06-01,2011-06-09,False
2014-12-31,212,2011-06-02,2011-06-10,False
2014-12-31,213,2011-06-03,2011-06-13,False
2014-12-31,214,2011-06-07,2011-06-15,False
2014-12-31,215,2011-06-08,2011-06-16,False
2014-12-31,216,2011-06-09,2011-06-17,False
2014-12-31,217,2011-06-10,2011-06-20,False
2014-12-31,218,2011-06-13,2011-06-21,False
2014-12-31,219,2011-06-14,2011-06-22,False
2014-12-31,220,2011-06-15,2011-06-23,False
2014-12-31,221,2011-06-16,2011-06-24,False
2014-12-31,222,2011-06-17,2011-06-27,False
2014-12-31,223,2011-06-20,2011-06-28,False
2014-12-31,224,2011-06-21,2011-06-29,False
2014-12-31,225,2011-06-22,2011-06-30,False
2014-12-31,226,2011-06-23,2011-07-01,False
2014-12-31,227,2011-06-24,2011-07-04,False
2014-12-31,228,2011-06-27,2011-07-05,False
2014-12-31,229,2011-06-28,2011-07-06,False
2014-12-31,230,2011-06-29,2011-07-07,False
2014-12-31,231,2011-06-30,2011-07-08,False
2014-12-31,232,2011-07-01,2011-07-11,False
2014-12-31,233,2011-07-04,2011-07-12,False
2014-12-31,234,2011-07-05,2011-07-13,False
2014-12-31,235,2011-07-06,2011-07-14,False
2014-12-31,236,2011-07-07,2011-07-15,False
2014-12-31,237,2011-07-08,2011-07-18,False
2014-12-31,238,2011-07-11,2011-07-19,False
2014-12-31,239,2011-07-12,2011-07-20,False
2014-12-31,240,2011-07-13,2011-07-21,False
2014-12-31,241,2011-07-14,2011-07-22,False
2014-12-31,242,2011-07-15,2011-07-25,False
2014-12-31,243,2011-07-18,2011-07-26,False
2014-12-31,244,2011-07-19,2011-07-27,False
2014-12-31,245,2011-07-20,2011-07-28,False
2014-12-31,246,2011-07-21,2011-07-29,False
2014-12-31,247,2011-07-22,2011-08-01,False
2014-12-31,248,2011-07-25,2011-08-02,False
2014-12-31,249,2011-07-26,2011-08-03,False
2014-12-31,250,2011-07-27,2011-08-04,False
2014-12-31,251,2011-07-28,2011-08-05,False
2014-12-31,252,2011-07-29,2011-08-08,False
2014-12-31,253,2011-08-01,2011-08-09,False
2014-12-31,254,2011-08-02,2011-08-10,False
2014-12-31,255,2011-08-03,2011-08-11,False
2014-12-31,256,2011-08-04,2011-08-12,False
2014-12-31,257,2011-08-05,2011-08-15,False
2014-12-31,258,2011-08-08,2011-08-16,False
2014-12-31,259,2011-08-09,2011-08-17,False
2014-12-31,260,2011-08-10,2011-08-18,False
2014-12-31,261,2011-08-11,2011-08-19,False
2014-12-31,262,2011-08-12,2011-08-22,False
2014-12-31,263,2011-08-15,2011-08-23,False
2014-12-31,264,2011-08-16,2011-08-24,False
2014-12-31,265,2011-08-17,2011-08-25,False
2014-12-31,266,2011-08-18,2011-08-26,False
2014-12-31,267,2011-08-19,2011-08-29,False
2014-12-31,268,2011-08-22,2011-08-30,False
2014-12-31,269,2011-08-23,2011-08-31,False
2014-12-31,270,2011-08-24,2011-09-01,False
2014-12-31,271,2011-08-25,2011-09-02,False
2014-12-31,272,2011-08-26,2011-09-05,False
2014-12-31,273,2011-08-29,2011-09-06,False
2014-12-31,274,2011-08-30,2011-09-07,False
2014-12-31,275,2011-08-31,2011-09-08,False
2014-12-31,276,2011-09-01,2011-09-09,False
2014-12-31,277,2011-09-02,2011-09-13,False
2014-12-31,278,2011-09-05,2011-09-20,False
2014-12-31,279,2011-09-06,2011-09-14,False
2014-12-31,280,2011-09-07,2011-09-15,False
2014-12-31,281,2011-09-08,2011-09-16,False
2014-12-31,282,2011-09-09,2011-09-19,False
2014-12-31,283,2011-09-13,2011-09-21,False
2014-12-31,284,2011-09-14,2011-09-22,False
2014-12-31,285,2011-09-15,2011-09-23,False
2014-12-31,286,2011-09-16,2011-09-26,False
2014-12-31,287,2011-09-19,2011-09-27,False
2014-12-31,288,2011-09-20,2011-09-28,False
2014-12-31,289,2011-09-21,2011-09-29,False
2014-12-31,290,2011-09-22,2011-09-30,False
2014-12-31,291,2011-09-23,2011-10-10,False
2014-12-31,292,2011-09-26,2011-10-11,False
2014-12-31,293,2011-09-27,2011-10-12,False
2014-12-31,294,2011-09-28,2011-10-13,False
2014-12-31,295,2011-09-29,2011-10-14,False
2014-12-31,296,2011-09-30,2011-10-17,False
2014-12-31,297,2011-10-10,2011-10-18,False
2014-12-31,298,2011-10-11,2011-10-19,False
2014-12-31,299,2011-10-12,2011-10-20,False
2014-12-31,300,2011-10-13,2011-10-21,False
2014-12-31,301,2011-10-14,2011-10-24,False
2014-12-31,302,2011-10-17,2011-10-25,False
2014-12-31,303,2011-10-18,2011-10-26,False
2014-12-31,304,2011-10-19,2011-10-27,False
2014-12-31,305,2011-10-20,2011-10-28,False
2014-12-31,306,2011-10-21,2011-10-31,False
2014-12-31,307,2011-10-24,2011-11-01,False
2014-12-31,308,2011-10-25,2011-11-02,False
2014-12-31,309,2011-10-26,2011-11-03,False
2014-12-31,310,2011-10-27,2011-11-04,False
2014-12-31,311,2011-10-28,2011-11-07,False
2014-12-31,312,2011-10-31,2011-11-08,False
2014-12-31,313,2011-11-01,2011-11-09,False
2014-12-31,314,2011-11-02,2011-11-10,False
2014-12-31,315,2011-11-03,2011-11-11,False
2014-12-31,316,2011-11-04,2011-11-14,False
2014-12-31,317,2011-11-07,2011-11-15,False
2014-12-31,318,2011-11-08,2011-11-16,False
2014-12-31,319,2011-11-09,2011-11-17,False
2014-12-31,320,2011-11-10,2011-11-18,False
2014-12-31,321,2011-11-11,2011-11-21,False
2014-12-31,322,2011-11-14,2011-11-22,False
2014-12-31,323,2011-11-15,2011-11-23,False
2014-12-31,324,2011-11-16,2011-11-24,False
2014-12-31,325,2011-11-17,2011-11-25,False
2014-12-31,326,2011-11-18,2011-11-28,False
2014-12-31,327,2011-11-21,2011-11-29,False
2014-12-31,328,2011-11-22,2011-11-30,False
2014-12-31,329,2011-11-23,2011-12-01,False
2014-12-31,330,2011-11-24,2011-12-02,False
2014-12-31,331,2011-11-25,2011-12-05,False
2014-12-31,332,2011-11-28,2011-12-06,False
2014-12-31,333,2011-11-29,2011-12-07,False
2014-12-31,334,2011-11-30,2011-12-08,False
2014-12-31,335,2011-12-01,2011-12-09,False
2014-12-31,336,2011-12-02,2011-12-12,False
2014-12-31,337,2011-12-05,2011-12-13,False
2014-12-31,338,2011-12-06,2011-12-14,False
2014-12-31,339,2011-12-07,2011-12-15,False
2014-12-31,340,2011-12-08,2011-12-16,False
2014-12-31,341,2011-12-09,2011-12-19,False
2014-12-31,342,2011-12-12,2011-12-20,False
2014-12-31,343,2011-12-13,2011-12-21,False
2014-12-31,344,2011-12-14,2011-12-22,False
2014-12-31,345,2011-12-15,2011-12-23,False
2014-12-31,346,2011-12-16,2011-12-26,False
2014-12-31,347,2011-12-19,2011-12-27,False
2014-12-31,348,2011-12-20,2011-12-28,False
2014-12-31,349,2011-12-21,2011-12-29,False
2014-12-31,350,2011-12-22,2011-12-30,False
2014-12-31,351,2011-12-23,2012-01-04,False
2014-12-31,352,2011-12-26,2012-01-10,False
2014-12-31,353,2011-12-27,2012-01-11,False
2014-12-31,354,2011-12-28,2012-01-06,False
2014-12-31,355,2011-12-29,2012-01-09,False
2014-12-31,356,2011-12-30,2012-01-10,False
2014-12-31,357,2012-01-04,2012-01-12,True
2014-12-31,358,2012-01-05,2012-01-13,True
2014-12-31,359,2012-01-06,2012-01-16,True
2014-12-31,360,2012-01-09,2012-01-17,True
2014-12-31,361,2012-01-10,2012-01-18,True
2014-12-31,362,2012-01-11,2012-01-19,True
2014-12-31,363,2012-01-12,2012-01-20,True
2014-12-31,364,2012-01-13,2012-01-30,True
2014-12-31,365,2012-01-16,2012-01-31,True
2014-12-31,366,2012-01-17,2012-02-01,True
2014-12-31,367,2012-01-18,2012-02-02,True
2014-12-31,368,2012-01-19,2012-02-03,True
2014-12-31,369,2012-01-20,2012-02-06,True
2014-12-31,370,2012-01-30,2012-02-07,True
2014-12-31,371,2012-01-31,2012-02-08,True
2014-12-31,372,2012-02-01,2012-02-09,True
2014-12-31,373,2012-02-02,2012-02-10,True
2014-12-31,374,2012-02-03,2012-02-13,True
2014-12-31,375,2012-02-06,2012-02-14,True
2014-12-31,376,2012-02-07,2012-02-15,True
2014-12-31,377,2012-02-08,2012-02-16,True
2014-12-31,378,2012-02-09,2012-02-17,True
2014-12-31,379,2012-02-10,2012-02-20,True
2014-12-31,380,2012-02-13,2012-02-21,True
2014-12-31,381,2012-02-14,2012-02-22,True
2014-12-31,382,2012-02-15,2012-02-23,True
2014-12-31,383,2012-02-16,2012-02-24,True
2014-12-31,384,2012-02-17,2012-02-27,True
2014-12-31,385,2012-02-20,2012-02-28,True
2014-12-31,386,2012-02-21,2012-02-29,True
2014-12-31,387,2012-02-22,2012-03-01,True
2014-12-31,388,2012-02-23,2012-03-02,True
2014-12-31,389,2012-02-24,2012-03-05,True
2014-12-31,390,2012-02-27,2012-03-06,True
2014-12-31,391,2012-02-28,2012-03-07,True
2014-12-31,392,2012-02-29,2012-03-08,True
2014-12-31,393,2012-03-01,2012-03-09,True
2014-12-31,394,2012-03-02,2012-03-12,True
2014-12-31,395,2012-03-05,2012-03-13,True
2014-12-31,396,2012-03-06,2012-03-14,True
2014-12-31,397,2012-03-07,2012-03-15,True
2014-12-31,398,2012-03-08,2012-03-16,True
2014-12-31,399,2012-03-09,2012-03-19,True
2014-12-31,400,2012-03-12,2012-03-20,True
2014-12-31,401,2012-03-13,2012-03-21,True
2014-12-31,402,2012-03-14,2012-03-22,True
2014-12-31,403,2012-03-15,2012-03-23,True
2014-12-31,404,2012-03-16,2012-03-26,True
2014-12-31,405,2012-03-19,2012-03-27,True
2014-12-31,406,2012-03-20,2012-03-28,True
2014-12-31,407,2012-03-21,2012-03-29,True
2014-12-31,408,2012-03-22,2012-03-30,True
2014-12-31,409,2012-03-23,2012-04-05,True
2014-12-31,410,2012-03-26,2012-04-10,True
2014-12-31,411,2012-03-27,2012-04-11,True
2014-12-31,412,2012-03-28,2012-04-12,True
2014-12-31,413,2012-03-29,2012-04-10,True
2014-12-31,414,2012-03-30,2012-04-11,True
2014-12-31,415,2012-04-05,2012-04-13,True
2014-12-31,416,2012-04-06,2012-04-16,True
2014-12-31,417,2012-04-09,2012-04-17,True
2014-12-31,418,2012-04-10,2012-04-18,True
2014-12-31,419,2012-04-11,2012-04-19,True
2014-12-31,420,2012-04-12,2012-04-20,True
2014-12-31,421,2012-04-13,2012-04-23,True
2014-12-31,422,2012-04-16,2012-04-24,True
2014-12-31,423,2012-04-17,2012-04-25,True
2014-12-31,424,2012-04-18,2012-04-26,True
2014-12-31,425,2012-04-19,2012-04-27,True
2014-12-31,426,2012-04-20,2012-05-02,True
2014-12-31,427,2012-04-23,2012-05-08,True
2014-12-31,428,2012-04-24,2012-05-09,True
2014-12-31,429,2012-04-25,2012-05-04,True
2014-12-31,430,2012-04-26,2012-05-07,True
2014-12-31,431,2012-04-27,2012-05-08,True
2014-12-31,432,2012-05-02,2012-05-10,True
2014-12-31,433,2012-05-03,2012-05-11,True
2014-12-31,434,2012-05-04,2012-05-14,True
2014-12-31,435,2012-05-07,2012-05-15,True
2014-12-31,436,2012-05-08,2012-05-16,True
2014-12-31,437,2012-05-09,2012-05-17,True
2014-12-31,438,2012-05-10,2012-05-18,True
2014-12-31,439,2012-05-11,2012-05-21,True
2014-12-31,440,2012-05-14,2012-05-22,True
2014-12-31,441,2012-05-15,2012-05-23,True
2014-12-31,442,2012-05-16,2012-05-24,True
2014-12-31,443,2012-05-17,2012-05-25,True
2014-12-31,444,2012-05-18,2012-05-28,True
2014-12-31,445,2012-05-21,2012-05-29,True
2014-12-31,446,2012-05-22,2012-05-30,True
2014-12-31,447,2012-05-23,2012-05-31,True
2014-12-31,448,2012-05-24,2012-06-01,True
2014-12-31,449,2012-05-25,2012-06-04,True
2014-12-31,450,2012-05-28,2012-06-05,True
2014-12-31,451,2012-05-29,2012-06-06,True
2014-12-31,452,2012-05-30,2012-06-07,True
2014-12-31,453,2012-05-31,2012-06-08,True
2014-12-31,454,2012-06-01,2012-06-11,True
2014-12-31,455,2012-06-04,2012-06-12,True
2014-12-31,456,2012-06-05,2012-06-13,True
2014-12-31,457,2012-06-06,2012-06-14,True
2014-12-31,458,2012-06-07,2012-06-15,True
2014-12-31,459,2012-06-08,2012-06-18,True
2014-12-31,460,2012-06-11,2012-06-19,True
2014-12-31,461,2012-06-12,2012-06-20,True
2014-12-31,462,2012-06-13,2012-06-21,True
2014-12-31,463,2012-06-14,2012-06-25,True
2014-12-31,464,2012-06-15,2012-07-02,True
2014-12-31,465,2012-06-18,2012-06-26,True
2014-12-31,466,2012-06-19,2012-06-27,True
2014-12-31,467,2012-06-20,2012-06-28,True
2014-12-31,468,2012-06-21,2012-06-29,True
2014-12-31,469,2012-06-25,2012-07-03,True
2014-12-31,470,2012-06-26,2012-07-04,True
2014-12-31,471,2012-06-27,2012-07-05,True
2014-12-31,472,2012-06-28,2012-07-06,True
2014-12-31,473,2012-06-29,2012-07-09,True
2014-12-31,474,2012-07-02,2012-07-10,True
2014-12-31,475,2012-07-03,2012-07-11,True
2014-12-31,476,2012-07-04,2012-07-12,True
2014-12-31,477,2012-07-05,2012-07-13,True
2014-12-31,478,2012-07-06,2012-07-16,True
2014-12-31,479,2012-07-09,2012-07-17,True
2014-12-31,480,2012-07-10,2012-07-18,True
2014-12-31,481,2012-07-11,2012-07-19,True
2014-12-31,482,2012-07-12,2012-07-20,True
2014-12-31,483,2012-07-13,2012-07-23,True
2014-12-31,484,2012-07-16,2012-07-24,True
2014-12-31,485,2012-07-17,2012-07-25,True
2014-12-31,486,2012-07-18,2012-07-26,True
2014-12-31,487,2012-07-19,2012-07-27,True
2014-12-31,488,2012-07-20,2012-07-30,True
2014-12-31,489,2012-07-23,2012-07-31,True
2014-12-31,490,2012-07-24,2012-08-01,True
2014-12-31,491,2012-07-25,2012-08-02,True
2014-12-31,492,2012-07-26,2012-08-03,True
2014-12-31,493,2012-07-27,2012-08-06,True
2014-12-31,494,2012-07-30,2012-08-07,True
2014-12-31,495,2012-07-31,2012-08-08,True
2014-12-31,496,2012-08-01,2012-08-09,True
2014-12-31,497,2012-08-02,2012-08-10,True
2014-12-31,498,2012-08-03,2012-08-13,True
2014-12-31,499,2012-08-06,2012-08-14,True
2014-12-31,500,2012-08-07,2012-08-15,True
2014-12-31,501,2012-08-08,2012-08-16,True
2014-12-31,502,2012-08-09,2012-08-17,True
2014-12-31,503,2012-08-10,2012-08-20,True
2014-12-31,504,2012-08-13,2012-08-21,True
2014-12-31,505,2012-08-14,2012-08-22,True
2014-12-31,506,2012-08-15,2012-08-23,True
2014-12-31,507,2012-08-16,2012-08-24,True
2014-12-31,508,2012-08-17,2012-08-27,True
2014-12-31,509,2012-08-20,2012-08-28,True
2014-12-31,510,2012-08-21,2012-08-29,True
2014-12-31,511,2012-08-22,2012-08-30,True
2014-12-31,512,2012-08-23,2012-08-31,True
2014-12-31,513,2012-08-24,2012-09-03,True
2014-12-31,514,2012-08-27,2012-09-04,True
2014-12-31,515,2012-08-28,2012-09-05,True
2014-12-31,516,2012-08-29,2012-09-06,True
2014-12-31,517,2012-08-30,2012-09-07,True
2014-12-31,518,2012-08-31,2012-09-10,True
2014-12-31,519,2012-09-03,2012-09-11,True
2014-12-31,520,2012-09-04,2012-09-12,True
2014-12-31,521,2012-09-05,2012-09-13,True
2014-12-31,522,2012-09-06,2012-09-14,True
2014-12-31,523,2012-09-07,2012-09-17,True
2014-12-31,524,2012-09-10,2012-09-18,True
2014-12-31,525,2012-09-11,2012-09-19,True
2014-12-31,526,2012-09-12,2012-09-20,True
2014-12-31,527,2012-09-13,2012-09-21,True
2014-12-31,528,2012-09-14,2012-09-24,True
2014-12-31,529,2012-09-17,2012-09-25,True
2014-12-31,530,2012-09-18,2012-09-26,True
2014-12-31,531,2012-09-19,2012-09-27,True
2014-12-31,532,2012-09-20,2012-09-28,True
2014-12-31,533,2012-09-21,2012-10-08,True
2014-12-31,534,2012-09-24,2012-10-09,True
2014-12-31,535,2012-09-25,2012-10-10,True
2014-12-31,536,2012-09-26,2012-10-11,True
2014-12-31,537,2012-09-27,2012-10-12,True
2014-12-31,538,2012-09-28,2012-10-15,True
2014-12-31,539,2012-10-08,2012-10-16,True
2014-12-31,540,2012-10-09,2012-10-17,True
2014-12-31,541,2012-10-10,2012-10-18,True
2014-12-31,542,2012-10-11,2012-10-19,True
2014-12-31,543,2012-10-12,2012-10-22,True
2014-12-31,544,2012-10-15,2012-10-23,True
2014-12-31,545,2012-10-16,2012-10-24,True
2014-12-31,546,2012-10-17,2012-10-25,True
2014-12-31,547,2012-10-18,2012-10-26,True
2014-12-31,548,2012-10-19,2012-10-29,True
2014-12-31,549,2012-10-22,2012-10-30,True
2014-12-31,550,2012-10-23,2012-10-31,True
2014-12-31,551,2012-10-24,2012-11-01,True
2014-12-31,552,2012-10-25,2012-11-02,True
2014-12-31,553,2012-10-26,2012-11-05,True
2014-12-31,554,2012-10-29,2012-11-06,True
2014-12-31,555,2012-10-30,2012-11-07,True
2014-12-31,556,2012-10-31,2012-11-08,True
2014-12-31,557,2012-11-01,2012-11-09,True
2014-12-31,558,2012-11-02,2012-11-12,True
2014-12-31,559,2012-11-05,2012-11-13,True
2014-12-31,560,2012-11-06,2012-11-14,True
2014-12-31,561,2012-11-07,2012-11-15,True
2014-12-31,562,2012-11-08,2012-11-16,True
2014-12-31,563,2012-11-09,2012-11-19,True
2014-12-31,564,2012-11-12,2012-11-20,True
2014-12-31,565,2012-11-13,2012-11-21,True
2014-12-31,566,2012-11-14,2012-11-22,True
2014-12-31,567,2012-11-15,2012-11-23,True
2014-12-31,568,2012-11-16,2012-11-26,True
2014-12-31,569,2012-11-19,2012-11-27,True
2014-12-31,570,2012-11-20,2012-11-28,True
2014-12-31,571,2012-11-21,2012-11-29,True
2014-12-31,572,2012-11-22,2012-11-30,True
2014-12-31,573,2012-11-23,2012-12-03,True
2014-12-31,574,2012-11-26,2012-12-04,True
2014-12-31,575,2012-11-27,2012-12-05,True
2014-12-31,576,2012-11-28,2012-12-06,True
2014-12-31,577,2012-11-29,2012-12-07,True
2014-12-31,578,2012-11-30,2012-12-10,True
2014-12-31,579,2012-12-03,2012-12-11,True
2014-12-31,580,2012-12-04,2012-12-12,True
2014-12-31,581,2012-12-05,2012-12-13,True
2014-12-31,582,2012-12-06,2012-12-14,True
2014-12-31,583,2012-12-07,2012-12-17,True
2014-12-31,584,2012-12-10,2012-12-18,True
2014-12-31,585,2012-12-11,2012-12-19,True
2014-12-31,586,2012-12-12,2012-12-20,True
2014-12-31,587,2012-12-13,2012-12-21,True
2014-12-31,588,2012-12-14,2012-12-24,True
2014-12-31,589,2012-12-17,2012-12-25,True
2014-12-31,590,2012-12-18,2012-12-26,True
2014-12-31,591,2012-12-19,2012-12-27,True
2014-12-31,592,2012-12-20,2012-12-28,True
2014-12-31,593,2012-12-21,2012-12-31,True
2014-12-31,594,2012-12-24,2013-01-04,True
2014-12-31,595,2012-12-25,2013-01-09,True
2014-12-31,596,2012-12-26,2013-01-10,True
2014-12-31,597,2012-12-27,2013-01-11,True
2014-12-31,598,2012-12-28,2013-01-09,True
2014-12-31,599,2012-12-31,2013-01-10,True
2014-12-31,600,2013-01-04,2013-01-14,True
2014-12-31,601,2013-01-07,2013-01-15,True
2014-12-31,602,2013-01-08,2013-01-16,True
2014-12-31,603,2013-01-09,2013-01-17,True
2014-12-31,604,2013-01-10,2013-01-18,True
2014-12-31,605,2013-01-11,2013-01-21,True
2014-12-31,606,2013-01-14,2013-01-22,True
2014-12-31,607,2013-01-15,2013-01-23,True
2014-12-31,608,2013-01-16,2013-01-24,True
2014-12-31,609,2013-01-17,2013-01-25,True
2014-12-31,610,2013-01-18,2013-01-28,True
2014-12-31,611,2013-01-21,2013-01-29,True
2014-12-31,612,2013-01-22,2013-01-30,True
2014-12-31,613,2013-01-23,2013-01-31,True
2014-12-31,614,2013-01-24,2013-02-01,True
2014-12-31,615,2013-01-25,2013-02-04,True
2014-12-31,616,2013-01-28,2013-02-05,True
2014-12-31,617,2013-01-29,2013-02-06,True
2014-12-31,618,2013-01-30,2013-02-07,True
2014-12-31,619,2013-01-31,2013-02-08,True
2014-12-31,620,2013-02-01,2013-02-18,True
2014-12-31,621,2013-02-04,2013-02-19,True
2014-12-31,622,2013-02-05,2013-02-20,True
2014-12-31,623,2013-02-06,2013-02-21,True
2014-12-31,624,2013-02-07,2013-02-22,True
2014-12-31,625,2013-02-08,2013-02-25,True
2014-12-31,626,2013-02-18,2013-02-26,True
2014-12-31,627,2013-02-19,2013-02-27,True
2014-12-31,628,2013-02-20,2013-02-28,True
2014-12-31,629,2013-02-21,2013-03-01,True
2014-12-31,630,2013-02-22,2013-03-04,True
2014-12-31,631,2013-02-25,2013-03-05,True
2014-12-31,632,2013-02-26,2013-03-06,True
2014-12-31,633,2013-02-27,2013-03-07,True
2014-12-31,634,2013-02-28,2013-03-08,True
2014-12-31,635,2013-03-01,2013-03-11,True
2014-12-31,636,2013-03-04,2013-03-12,True
2014-12-31,637,2013-03-05,2013-03-13,True
2014-12-31,638,2013-03-06,2013-03-14,True
2014-12-31,639,2013-03-07,2013-03-15,True
2014-12-31,640,2013-03-08,2013-03-18,True
2014-12-31,641,2013-03-11,2013-03-19,True
2014-12-31,642,2013-03-12,2013-03-20,True
2014-12-31,643,2013-03-13,2013-03-21,True
2014-12-31,644,2013-03-14,2013-03-22,True
2014-12-31,645,2013-03-15,2013-03-25,True
2014-12-31,646,2013-03-18,2013-03-26,True
2014-12-31,647,2013-03-19,2013-03-27,True
2014-12-31,648,2013-03-20,2013-03-28,True
2014-12-31,649,2013-03-21,2013-03-29,True
2014-12-31,650,2013-03-22,2013-04-01,True
2014-12-31,651,2013-03-25,2013-04-02,True
2014-12-31,652,2013-03-26,2013-04-03,True
2014-12-31,653,2013-03-27,2013-04-08,True
2014-12-31,654,2013-03-28,2013-04-12,True
2014-12-31,655,2013-03-29,2013-04-15,True
2014-12-31,656,2013-04-01,2013-04-10,True
2014-12-31,657,2013-04-02,2013-04-11,True
2014-12-31,658,2013-04-03,2013-04-12,True
2014-12-31,659,2013-04-08,2013-04-16,True
2014-12-31,660,2013-04-09,2013-04-17,True
2014-12-31,661,2013-04-10,2013-04-18,True
2014-12-31,662,2013-04-11,2013-04-19,True
2014-12-31,663,2013-04-12,2013-04-22,True
2014-12-31,664,2013-04-15,2013-04-23,True
2014-12-31,665,2013-04-16,2013-04-24,True
2014-12-31,666,2013-04-17,2013-04-25,True
2014-12-31,667,2013-04-18,2013-04-26,True
2014-12-31,668,2013-04-19,2013-05-02,True
2014-12-31,669,2013-04-22,2013-05-07,True
2014-12-31,670,2013-04-23,2013-05-08,True
2014-12-31,671,2013-04-24,2013-05-09,True
2014-12-31,672,2013-04-25,2013-05-07,True
2014-12-31,673,2013-04-26,2013-05-08,True
2014-12-31,674,2013-05-02,2013-05-10,True
2014-12-31,675,2013-05-03,2013-05-13,True
2014-12-31,676,2013-05-06,2013-05-14,True
2014-12-31,677,2013-05-07,2013-05-15,True
2014-12-31,678,2013-05-08,2013-05-16,True
2014-12-31,679,2013-05-09,2013-05-17,True
2014-12-31,680,2013-05-10,2013-05-20,True
2014-12-31,681,2013-05-13,2013-05-21,True
2014-12-31,682,2013-05-14,2013-05-22,True
2014-12-31,683,2013-05-15,2013-05-23,True
2014-12-31,684,2013-05-16,2013-05-24,True
2014-12-31,685,2013-05-17,2013-05-27,True
2014-12-31,686,2013-05-20,2013-05-28,True
2014-12-31,687,2013-05-21,2013-05-29,True
2014-12-31,688,2013-05-22,2013-05-30,True
2014-12-31,689,2013-05-23,2013-05-31,True
2014-12-31,690,2013-05-24,2013-06-03,True
2014-12-31,691,2013-05-27,2013-06-04,True
2014-12-31,692,2013-05-28,2013-06-05,True
2014-12-31,693,2013-05-29,2013-06-06,True
2014-12-31,694,2013-05-30,2013-06-07,True
2014-12-31,695,2013-05-31,2013-06-13,True
2014-12-31,696,2013-06-03,2013-06-18,True
2014-12-31,697,2013-06-04,2013-06-19,True
2014-12-31,698,2013-06-05,2013-06-20,True
2014-12-31,699,2013-06-06,2013-06-18,True
2014-12-31,700,2013-06-07,2013-06-19,True
2014-12-31,701,2013-06-13,2013-06-21,True
2014-12-31,702,2013-06-14,2013-06-24,True
2014-12-31,703,2013-06-17,2013-06-25,True
2014-12-31,704,2013-06-18,2013-06-26,True
2014-12-31,705,2013-06-19,2013-06-27,True
2014-12-31,706,2013-06-20,2013-06-28,True
2014-12-31,707,2013-06-21,2013-07-01,True
2014-12-31,708,2013-06-24,2013-07-02,True
2014-12-31,709,2013-06-25,2013-07-03,True
2014-12-31,710,2013-06-26,2013-07-04,True
2014-12-31,711,2013-06-27,2013-07-05,True
2014-12-31,712,2013-06-28,2013-07-08,True
2014-12-31,713,2013-07-01,2013-07-09,True
2014-12-31,714,2013-07-02,2013-07-10,True
2014-12-31,715,2013-07-03,2013-07-11,True
2014-12-31,716,2013-07-04,2013-07-12,True
2014-12-31,717,2013-07-05,2013-07-15,True
2014-12-31,718,2013-07-08,2013-07-16,True
2014-12-31,719,2013-07-09,2013-07-17,True
2014-12-31,720,2013-07-10,2013-07-18,True
2014-12-31,721,2013-07-11,2013-07-19,True
2014-12-31,722,2013-07-12,2013-07-22,True
2014-12-31,723,2013-07-15,2013-07-23,True
2014-12-31,724,2013-07-16,2013-07-24,True
2014-12-31,725,2013-07-17,2013-07-25,True
2014-12-31,726,2013-07-18,2013-07-26,True
2014-12-31,727,2013-07-19,2013-07-29,True
2014-12-31,728,2013-07-22,2013-07-30,True
2014-12-31,729,2013-07-23,2013-07-31,True
2014-12-31,730,2013-07-24,2013-08-01,True
2014-12-31,731,2013-07-25,2013-08-02,True
2014-12-31,732,2013-07-26,2013-08-05,True
2014-12-31,733,2013-07-29,2013-08-06,True
2014-12-31,734,2013-07-30,2013-08-07,True
2014-12-31,735,2013-07-31,2013-08-08,True
2014-12-31,736,2013-08-01,2013-08-09,True
2014-12-31,737,2013-08-02,2013-08-12,True
2014-12-31,738,2013-08-05,2013-08-13,True
2014-12-31,739,2013-08-06,2013-08-14,True
2014-12-31,740,2013-08-07,2013-08-15,True
2014-12-31,741,2013-08-08,2013-08-16,True
2014-12-31,742,2013-08-09,2013-08-19,True
2014-12-31,743,2013-08-12,2013-08-20,True
2014-12-31,744,2013-08-13,2013-08-21,True
2014-12-31,745,2013-08-14,2013-08-22,True
2014-12-31,746,2013-08-15,2013-08-23,True
2014-12-31,747,2013-08-16,2013-08-26,True
2014-12-31,748,2013-08-19,2013-08-27,True
2014-12-31,749,2013-08-20,2013-08-28,True
2014-12-31,750,2013-08-21,2013-08-29,True
2014-12-31,751,2013-08-22,2013-08-30,True
2014-12-31,752,2013-08-23,2013-09-02,True
2014-12-31,753,2013-08-26,2013-09-03,True
2014-12-31,754,2013-08-27,2013-09-04,True
2014-12-31,755,2013-08-28,2013-09-05,True
2014-12-31,756,2013-08-29,2013-09-06,True
2014-12-31,757,2013-08-30,2013-09-09,True
2014-12-31,758,2013-09-02,2013-09-10,True
2014-12-31,759,2013-09-03,2013-09-11,True
2014-12-31,760,2013-09-04,2013-09-12,True
2014-12-31,761,2013-09-05,2013-09-13,True
2014-12-31,762,2013-09-06,2013-09-16,True
2014-12-31,763,2013-09-09,2013-09-17,True
2014-12-31,764,2013-09-10,2013-09-18,True
2014-12-31,765,2013-09-11,2013-09-23,True
2014-12-31,766,2013-09-12,2013-09-27,True
2014-12-31,767,2013-09-13,2013-09-30,True
2014-12-31,768,2013-09-16,2013-09-25,True
2014-12-31,769,2013-09-17,2013-09-26,True
2014-12-31,770,2013-09-18,2013-09-27,True
2014-12-31,771,2013-09-23,2013-10-08,True
2014-12-31,772,2013-09-24,2013-10-09,True
2014-12-31,773,2013-09-25,2013-10-10,True
2014-12-31,774,2013-09-26,2013-10-11,True
2014-12-31,775,2013-09-27,2013-10-14,True
2014-12-31,776,2013-09-30,2013-10-15,True
2014-12-31,777,2013-10-08,2013-10-16,True
2014-12-31,778,2013-10-09,2013-10-17,True
2014-12-31,779,2013-10-10,2013-10-18,True
2014-12-31,780,2013-10-11,2013-10-21,True
2014-12-31,781,2013-10-14,2013-10-22,True
2014-12-31,782,2013-10-15,2013-10-23,True
2014-12-31,783,2013-10-16,2013-10-24,True
2014-12-31,784,2013-10-17,2013-10-25,True
2014-12-31,785,2013-10-18,2013-10-28,True
2014-12-31,786,2013-10-21,2013-10-29,True
2014-12-31,787,2013-10-22,2013-10-30,True
2014-12-31,788,2013-10-23,2013-10-31,True
2014-12-31,789,2013-10-24,2013-11-01,True
2014-12-31,790,2013-10-25,2013-11-04,True
2014-12-31,791,2013-10-28,2013-11-05,True
2014-12-31,792,2013-10-29,2013-11-06,True
2014-12-31,793,2013-10-30,2013-11-07,True
2014-12-31,794,2013-10-31,2013-11-08,True
2014-12-31,795,2013-11-01,2013-11-11,True
2014-12-31,796,2013-11-04,2013-11-12,True
2014-12-31,797,2013-11-05,2013-11-13,True
2014-12-31,798,2013-11-06,2013-11-14,True
2014-12-31,799,2013-11-07,2013-11-15,True
2014-12-31,800,2013-11-08,2013-11-18,True
2014-12-31,801,2013-11-11,2013-11-19,True
2014-12-31,802,2013-11-12,2013-11-20,True
2014-12-31,803,2013-11-13,2013-11-21,True
2014-12-31,804,2013-11-14,2013-11-22,True
2014-12-31,805,2013-11-15,2013-11-25,True
2014-12-31,806,2013-11-18,2013-11-26,True
2014-12-31,807,2013-11-19,2013-11-27,True
2014-12-31,808,2013-11-20,2013-11-28,True
2014-12-31,809,2013-11-21,2013-11-29,True
2014-12-31,810,2013-11-22,2013-12-02,True
2014-12-31,811,2013-11-25,2013-12-03,True
2014-12-31,812,2013-11-26,2013-12-04,True
2014-12-31,813,2013-11-27,2013-12-05,True
2014-12-31,814,2013-11-28,2013-12-06,True
2014-12-31,815,2013-11-29,2013-12-09,True
2014-12-31,816,2013-12-02,2013-12-10,True
2014-12-31,817,2013-12-03,2013-12-11,True
2014-12-31,818,2013-12-04,2013-12-12,True
2014-12-31,819,2013-12-05,2013-12-13,True
2014-12-31,820,2013-12-06,2013-12-16,True
2014-12-31,821,2013-12-09,2013-12-17,True
2014-12-31,822,2013-12-10,2013-12-18,True
2014-12-31,823,2013-12-11,2013-12-19,True
2014-12-31,824,2013-12-12,2013-12-20,True
2014-12-31,825,2013-12-13,2013-12-23,True
2014-12-31,826,2013-12-16,2013-12-24,True
2014-12-31,827,2013-12-17,2013-12-25,True
2014-12-31,828,2013-12-18,2013-12-26,True
2014-12-31,829,2013-12-19,2013-12-27,True
2014-12-31,830,2013-12-20,2013-12-30,True
2014-12-31,831,2013-12-23,2013-12-31,True
2014-12-31,832,2013-12-24,2014-01-02,True
2014-12-31,833,2013-12-25,2014-01-09,True
2014-12-31,834,2013-12-26,2014-01-03,True
2014-12-31,835,2013-12-27,2014-01-06,True
2014-12-31,836,2013-12-30,2014-01-07,True
2014-12-31,837,2013-12-31,2014-01-08,True
2014-12-31,838,2014-01-02,2014-01-10,True
2014-12-31,839,2014-01-03,2014-01-13,True
2014-12-31,840,2014-01-06,2014-01-14,True
2014-12-31,841,2014-01-07,2014-01-15,True
2014-12-31,842,2014-01-08,2014-01-16,True
2014-12-31,843,2014-01-09,2014-01-17,True
2014-12-31,844,2014-01-10,2014-01-20,True
2014-12-31,845,2014-01-13,2014-01-21,True
2014-12-31,846,2014-01-14,2014-01-22,True
2014-12-31,847,2014-01-15,2014-01-23,True
2014-12-31,848,2014-01-16,2014-01-24,True
2014-12-31,849,2014-01-17,2014-01-27,True
2014-12-31,850,2014-01-20,2014-01-28,True
2014-12-31,851,2014-01-21,2014-01-29,True
2014-12-31,852,2014-01-22,2014-01-30,True
2014-12-31,853,2014-01-23,2014-02-07,True
2014-12-31,854,2014-01-24,2014-02-10,True
2014-12-31,855,2014-01-27,2014-02-11,True
2014-12-31,856,2014-01-28,2014-02-12,True
2014-12-31,857,2014-01-29,2014-02-13,True
2014-12-31,858,2014-01-30,2014-02-14,True
2014-12-31,859,2014-02-07,2014-02-17,True
2014-12-31,860,2014-02-10,2014-02-18,True
2014-12-31,861,2014-02-11,2014-02-19,True
2014-12-31,862,2014-02-12,2014-02-20,True
2014-12-31,863,2014-02-13,2014-02-21,True
2014-12-31,864,2014-02-14,2014-02-24,True
2014-12-31,865,2014-02-17,2014-02-25,True
2014-12-31,866,2014-02-18,2014-02-26,True
2014-12-31,867,2014-02-19,2014-02-27,True
2014-12-31,868,2014-02-20,2014-02-28,True
2014-12-31,869,2014-02-21,2014-03-03,True
2014-12-31,870,2014-02-24,2014-03-04,True
2014-12-31,871,2014-02-25,2014-03-05,True
2014-12-31,872,2014-02-26,2014-03-06,True
2014-12-31,873,2014-02-27,2014-03-07,True
2014-12-31,874,2014-02-28,2014-03-10,True
2014-12-31,875,2014-03-03,2014-03-11,True
2014-12-31,876,2014-03-04,2014-03-12,True
2014-12-31,877,2014-03-05,2014-03-13,True
2014-12-31,878,2014-03-06,2014-03-14,True
2014-12-31,879,2014-03-07,2014-03-17,True
2014-12-31,880,2014-03-10,2014-03-18,True
2014-12-31,881,2014-03-11,2014-03-19,True
2014-12-31,882,2014-03-12,2014-03-20,True
2014-12-31,883,2014-03-13,2014-03-21,True
2014-12-31,884,2014-03-14,2014-03-24,True
2014-12-31,885,2014-03-17,2014-03-25,True
2014-12-31,886,2014-03-18,2014-03-26,True
2014-12-31,887,2014-03-19,2014-03-27,True
2014-12-31,888,2014-03-20,2014-03-28,True
2014-12-31,889,2014-03-21,2014-03-31,True
2014-12-31,890,2014-03-24,2014-04-01,True
2014-12-31,891,2014-03-25,2014-04-02,True
2014-12-31,892,2014-03-26,2014-04-03,True
2014-12-31,893,2014-03-27,2014-04-04,True
2014-12-31,894,2014-03-28,2014-04-08,True
2014-12-31,895,2014-03-31,2014-04-15,True
2014-12-31,896,2014-04-01,2014-04-09,True
2014-12-31,897,2014-04-02,2014-04-10,True
2014-12-31,898,2014-04-03,2014-04-11,True
2014-12-31,899,2014-04-04,2014-04-14,True
2014-12-31,900,2014-04-08,2014-04-16,True
2014-12-31,901,2014-04-09,2014-04-17,True
2014-12-31,902,2014-04-10,2014-04-18,True
2014-12-31,903,2014-04-11,2014-04-21,True
2014-12-31,904,2014-04-14,2014-04-22,True
2014-12-31,905,2014-04-15,2014-04-23,True
2014-12-31,906,2014-04-16,2014-04-24,True
2014-12-31,907,2014-04-17,2014-04-25,True
2014-12-31,908,2014-04-18,2014-04-28,True
2014-12-31,909,2014-04-21,2014-04-29,True
2014-12-31,910,2014-04-22,2014-04-30,True
2014-12-31,911,2014-04-23,2014-05-05,True
2014-12-31,912,2014-04-24,2014-05-09,True
2014-12-31,913,2014-04-25,2014-05-12,True
2014-12-31,914,2014-04-28,2014-05-07,True
2014-12-31,915,2014-04-29,2014-05-08,True
2014-12-31,916,2014-04-30,2014-05-09,True
2014-12-31,917,2014-05-05,2014-05-13,True
2014-12-31,918,2014-05-06,2014-05-14,True
2014-12-31,919,2014-05-07,2014-05-15,True
2014-12-31,920,2014-05-08,2014-05-16,True
2014-12-31,921,2014-05-09,2014-05-19,True
2014-12-31,922,2014-05-12,2014-05-20,True
2014-12-31,923,2014-05-13,2014-05-21,True
2014-12-31,924,2014-05-14,2014-05-22,True
2014-12-31,925,2014-05-15,2014-05-23,True
2014-12-31,926,2014-05-16,2014-05-26,True
2014-12-31,927,2014-05-19,2014-05-27,True
2014-12-31,928,2014-05-20,2014-05-28,True
2014-12-31,929,2014-05-21,2014-05-29,True
2014-12-31,930,2014-05-22,2014-05-30,True
2014-12-31,931,2014-05-23,2014-06-03,True
2014-12-31,932,2014-05-26,2014-06-10,True
2014-12-31,933,2014-05-27,2014-06-04,True
2014-12-31,934,2014-05-28,2014-06-05,True
2014-12-31,935,2014-05-29,2014-06-06,True
2014-12-31,936,2014-05-30,2014-06-09,True
2014-12-31,937,2014-06-03,2014-06-11,True
2014-12-31,938,2014-06-04,2014-06-12,True
2014-12-31,939,2014-06-05,2014-06-13,True
2014-12-31,940,2014-06-06,2014-06-16,True
2014-12-31,941,2014-06-09,2014-06-17,True
2014-12-31,942,2014-06-10,2014-06-18,True
2014-12-31,943,2014-06-11,2014-06-19,True
2014-12-31,944,2014-06-12,2014-06-20,True
2014-12-31,945,2014-06-13,2014-06-23,True
2014-12-31,946,2014-06-16,2014-06-24,True
2014-12-31,947,2014-06-17,2014-06-25,True
2014-12-31,948,2014-06-18,2014-06-26,True
2014-12-31,949,2014-06-19,2014-06-27,True
2014-12-31,950,2014-06-20,2014-06-30,True
2014-12-31,951,2014-06-23,2014-07-01,True
2014-12-31,952,2014-06-24,2014-07-02,True
2014-12-31,953,2014-06-25,2014-07-03,True
2014-12-31,954,2014-06-26,2014-07-04,True
2014-12-31,955,2014-06-27,2014-07-07,True
2014-12-31,956,2014-06-30,2014-07-08,True
2014-12-31,957,2014-07-01,2014-07-09,True
2014-12-31,958,2014-07-02,2014-07-10,True
2014-12-31,959,2014-07-03,2014-07-11,True
2014-12-31,960,2014-07-04,2014-07-14,True
2014-12-31,961,2014-07-07,2014-07-15,True
2014-12-31,962,2014-07-08,2014-07-16,True
2014-12-31,963,2014-07-09,2014-07-17,True
2014-12-31,964,2014-07-10,2014-07-18,True
2014-12-31,965,2014-07-11,2014-07-21,True
2014-12-31,966,2014-07-14,2014-07-22,True
2014-12-31,967,2014-07-15,2014-07-23,True
2014-12-31,968,2014-07-16,2014-07-24,True
2014-12-31,969,2014-07-17,2014-07-25,True
2014-12-31,970,2014-07-18,2014-07-28,True
2014-12-31,971,2014-07-21,2014-07-29,True
2014-12-31,972,2014-07-22,2014-07-30,True
2014-12-31,973,2014-07-23,2014-07-31,True
2014-12-31,974,2014-07-24,2014-08-01,True
2014-12-31,975,2014-07-25,2014-08-04,True
2014-12-31,976,2014-07-28,2014-08-05,True
2014-12-31,977,2014-07-29,2014-08-06,True
2014-12-31,978,2014-07-30,2014-08-07,True
2014-12-31,979,2014-07-31,2014-08-08,True
2014-12-31,980,2014-08-01,2014-08-11,True
2014-12-31,981,2014-08-04,2014-08-12,True
2014-12-31,982,2014-08-05,2014-08-13,True
2014-12-31,983,2014-08-06,2014-08-14,True
2014-12-31,984,2014-08-07,2014-08-15,True
2014-12-31,985,2014-08-08,2014-08-18,True
2014-12-31,986,2014-08-11,2014-08-19,True
2014-12-31,987,2014-08-12,2014-08-20,True
2014-12-31,988,2014-08-13,2014-08-21,True
2014-12-31,989,2014-08-14,2014-08-22,True
2014-12-31,990,2014-08-15,2014-08-25,True
2014-12-31,991,2014-08-18,2014-08-26,True
2014-12-31,992,2014-08-19,2014-08-27,True
2014-12-31,993,2014-08-20,2014-08-28,True
2014-12-31,994,2014-08-21,2014-08-29,True
2014-12-31,995,2014-08-22,2014-09-01,True
2014-12-31,996,2014-08-25,2014-09-02,True
2014-12-31,997,2014-08-26,2014-09-03,True
2014-12-31,998,2014-08-27,2014-09-04,True
2014-12-31,999,2014-08-28,2014-09-05,True
2014-12-31,1000,2014-08-29,2014-09-09,True
2014-12-31,1001,2014-09-01,2014-09-16,True
2014-12-31,1002,2014-09-02,2014-09-10,True
2014-12-31,1003,2014-09-03,2014-09-11,True
2014-12-31,1004,2014-09-04,2014-09-12,True
2014-12-31,1005,2014-09-05,2014-09-15,True
2014-12-31,1006,2014-09-09,2014-09-17,True
2014-12-31,1007,2014-09-10,2014-09-18,True
2014-12-31,1008,2014-09-11,2014-09-19,True
2014-12-31,1009,2014-09-12,2014-09-22,True
2014-12-31,1010,2014-09-15,2014-09-23,True
2014-12-31,1011,2014-09-16,2014-09-24,True
2014-12-31,1012,2014-09-17,2014-09-25,True
2014-12-31,1013,2014-09-18,2014-09-26,True
2014-12-31,1014,2014-09-19,2014-09-29,True
2014-12-31,1015,2014-09-22,2014-09-30,True
2014-12-31,1016,2014-09-23,2014-10-08,True
2014-12-31,1017,2014-09-24,2014-10-09,True
2014-12-31,1018,2014-09-25,2014-10-10,True
2014-12-31,1019,2014-09-26,2014-10-13,True
2014-12-31,1020,2014-09-29,2014-10-14,True
2014-12-31,1021,2014-09-30,2014-10-15,True
2014-12-31,1022,2014-10-08,2014-10-16,True
2014-12-31,1023,2014-10-09,2014-10-17,True
2014-12-31,1024,2014-10-10,2014-10-20,True
2014-12-31,1025,2014-10-13,2014-10-21,True
2014-12-31,1026,2014-10-14,2014-10-22,True
2014-12-31,1027,2014-10-15,2014-10-23,True
2014-12-31,1028,2014-10-16,2014-10-24,True
2014-12-31,1029,2014-10-17,2014-10-27,True
2014-12-31,1030,2014-10-20,2014-10-28,True
2014-12-31,1031,2014-10-21,2014-10-29,True
2014-12-31,1032,2014-10-22,2014-10-30,True
2014-12-31,1033,2014-10-23,2014-10-31,True
2014-12-31,1034,2014-10-24,2014-11-03,True
2014-12-31,1035,2014-10-27,2014-11-04,True
2014-12-31,1036,2014-10-28,2014-11-05,True
2014-12-31,1037,2014-10-29,2014-11-06,True
2014-12-31,1038,2014-10-30,2014-11-07,True
2014-12-31,1039,2014-10-31,2014-11-10,True
2014-12-31,1040,2014-11-03,2014-11-11,True
2014-12-31,1041,2014-11-04,2014-11-12,True
2014-12-31,1042,2014-11-05,2014-11-13,True
2014-12-31,1043,2014-11-06,2014-11-14,True
2014-12-31,1044,2014-11-07,2014-11-17,True
2014-12-31,1045,2014-11-10,2014-11-18,True
2014-12-31,1046,2014-11-11,2014-11-19,True
2014-12-31,1047,2014-11-12,2014-11-20,True
2014-12-31,1048,2014-11-13,2014-11-21,True
2014-12-31,1049,2014-11-14,2014-11-24,True
2014-12-31,1050,2014-11-17,2014-11-25,True
2014-12-31,1051,2014-11-18,2014-11-26,True
2014-12-31,1052,2014-11-19,2014-11-27,True
2014-12-31,1053,2014-11-20,2014-11-28,True
2014-12-31,1054,2014-11-21,2014-12-01,True
2014-12-31,1055,2014-11-24,2014-12-02,True
2014-12-31,1056,2014-11-25,2014-12-03,True
2014-12-31,1057,2014-11-26,2014-12-04,True
2014-12-31,1058,2014-11-27,2014-12-05,True
2014-12-31,1059,2014-11-28,2014-12-08,True
2014-12-31,1060,2014-12-01,2014-12-09,True
2014-12-31,1061,2014-12-02,2014-12-10,True
2014-12-31,1062,2014-12-03,2014-12-11,True
2014-12-31,1063,2014-12-04,2014-12-12,True
2014-12-31,1064,2014-12-05,2014-12-15,True
2014-12-31,1065,2014-12-08,2014-12-16,True
2014-12-31,1066,2014-12-09,2014-12-17,True
2014-12-31,1067,2014-12-10,2014-12-18,True
2014-12-31,1068,2014-12-11,2014-12-19,True
2014-12-31,1069,2014-12-12,2014-12-22,True
2014-12-31,1070,2014-12-15,2014-12-23,True
2014-12-31,1071,2014-12-16,2014-12-24,True
2014-12-31,1072,2014-12-17,2014-12-25,True
2014-12-31,1073,2014-12-18,2014-12-26,True
2014-12-31,1074,2014-12-19,2014-12-29,True
2014-12-31,1075,2014-12-22,2014-12-30,True
2014-12-31,1076,2014-12-23,2014-12-31,True
2015-12-31,0,2010-07-09,2010-07-19,False
2015-12-31,1,2010-07-12,2010-07-20,False
2015-12-31,2,2010-07-20,2010-07-28,False
2015-12-31,3,2010-07-21,2010-07-29,False
2015-12-31,4,2010-07-22,2010-07-30,False
2015-12-31,5,2010-07-23,2010-08-02,False
2015-12-31,6,2010-07-26,2010-08-03,False
2015-12-31,7,2010-07-27,2010-08-04,False
2015-12-31,8,2010-07-28,2010-08-05,False
2015-12-31,9,2010-07-29,2010-08-06,False
2015-12-31,10,2010-07-30,2010-08-09,False
2015-12-31,11,2010-08-02,2010-08-10,False
2015-12-31,12,2010-08-03,2010-08-11,False
2015-12-31,13,2010-08-04,2010-08-12,False
2015-12-31,14,2010-08-05,2010-08-13,False
2015-12-31,15,2010-08-06,2010-08-16,False
2015-12-31,16,2010-08-09,2010-08-17,False
2015-12-31,17,2010-08-10,2010-08-18,False
2015-12-31,18,2010-08-11,2010-08-19,False
2015-12-31,19,2010-08-12,2010-08-20,False
2015-12-31,20,2010-08-13,2010-08-23,False
2015-12-31,21,2010-08-16,2010-08-24,False
2015-12-31,22,2010-08-17,2010-08-25,False
2015-12-31,23,2010-08-18,2010-08-26,False
2015-12-31,24,2010-08-19,2010-08-27,False
2015-12-31,25,2010-08-20,2010-08-30,False
2015-12-31,26,2010-08-23,2010-08-31,False
2015-12-31,27,2010-08-24,2010-09-01,False
2015-12-31,28,2010-08-25,2010-09-02,False
2015-12-31,29,2010-08-26,2010-09-03,False
2015-12-31,30,2010-08-27,2010-09-06,False
2015-12-31,31,2010-08-30,2010-09-07,False
2015-12-31,32,2010-08-31,2010-09-08,False
2015-12-31,33,2010-09-01,2010-09-09,False
2015-12-31,34,2010-09-02,2010-09-10,False
2015-12-31,35,2010-09-03,2010-09-13,False
2015-12-31,36,2010-09-06,2010-09-14,False
2015-12-31,37,2010-09-07,2010-09-15,False
2015-12-31,38,2010-09-08,2010-09-16,False
2015-12-31,39,2010-09-09,2010-09-17,False
2015-12-31,40,2010-09-10,2010-09-20,False
2015-12-31,41,2010-09-13,2010-09-21,False
2015-12-31,42,2010-09-14,2010-09-27,False
2015-12-31,43,2010-09-15,2010-09-30,False
2015-12-31,44,2010-09-16,2010-10-08,False
2015-12-31,45,2010-09-17,2010-10-11,False
2015-12-31,46,2010-09-20,2010-09-30,False
2015-12-31,47,2010-09-21,2010-10-08,False
2015-12-31,48,2010-09-27,2010-10-12,False
2015-12-31,49,2010-09-28,2010-10-13,False
2015-12-31,50,2010-09-29,2010-10-14,False
2015-12-31,51,2010-09-30,2010-10-15,False
2015-12-31,52,2010-10-08,2010-10-18,False
2015-12-31,53,2010-10-11,2010-10-19,False
2015-12-31,54,2010-10-12,2010-10-20,False
2015-12-31,55,2010-10-13,2010-10-21,False
2015-12-31,56,2010-10-14,2010-10-22,False
2015-12-31,57,2010-10-15,2010-10-25,False
2015-12-31,58,2010-10-18,2010-10-26,False
2015-12-31,59,2010-10-19,2010-10-27,False
2015-12-31,60,2010-10-20,2010-10-28,False
2015-12-31,61,2010-10-21,2010-10-29,False
2015-12-31,62,2010-10-22,2010-11-01,False
2015-12-31,63,2010-10-25,2010-11-02,False
2015-12-31,64,2010-10-26,2010-11-03,False
2015-12-31,65,2010-10-27,2010-11-04,False
2015-12-31,66,2010-10-28,2010-11-05,False
2015-12-31,67,2010-10-29,2010-11-08,False
2015-12-31,68,2010-11-01,2010-11-09,False
2015-12-31,69,2010-11-02,2010-11-10,False
2015-12-31,70,2010-11-03,2010-11-11,False
2015-12-31,71,2010-11-04,2010-11-12,False
2015-12-31,72,2010-11-05,2010-11-15,False
2015-12-31,73,2010-11-08,2010-11-16,False
2015-12-31,74,2010-11-09,2010-11-17,False
2015-12-31,75,2010-11-10,2010-11-18,False
2015-12-31,76,2010-11-11,2010-11-19,False
2015-12-31,77,2010-11-12,2010-11-22,False
2015-12-31,78,2010-11-15,2010-11-23,False
2015-12-31,79,2010-11-16,2010-11-24,False
2015-12-31,80,2010-11-17,2010-11-25,False
2015-12-31,81,2010-11-18,2010-11-26,False
2015-12-31,82,2010-11-19,2010-11-29,False
2015-12-31,83,2010-11-22,2010-11-30,False
2015-12-31,84,2010-11-23,2010-12-01,False
2015-12-31,85,2010-11-24,2010-12-02,False
2015-12-31,86,2010-11-25,2010-12-03,False
2015-12-31,87,2010-11-26,2010-12-06,False
2015-12-31,88,2010-11-29,2010-12-07,False
2015-12-31,89,2010-11-30,2010-12-08,False
2015-12-31,90,2010-12-01,2010-12-09,False
2015-12-31,91,2010-12-02,2010-12-10,False
2015-12-31,92,2010-12-03,2010-12-13,False
2015-12-31,93,2010-12-06,2010-12-14,False
2015-12-31,94,2010-12-07,2010-12-15,False
2015-12-31,95,2010-12-08,2010-12-16,False
2015-12-31,96,2010-12-09,2010-12-17,False
2015-12-31,97,2010-12-10,2010-12-20,False
2015-12-31,98,2010-12-13,2010-12-21,False
2015-12-31,99,2010-12-14,2010-12-22,False
2015-12-31,100,2010-12-15,2010-12-23,False
2015-12-31,101,2010-12-16,2010-12-24,False
2015-12-31,102,2010-12-17,2010-12-27,False
2015-12-31,103,2010-12-20,2010-12-28,False
2015-12-31,104,2010-12-21,2010-12-29,False
2015-12-31,105,2010-12-22,2010-12-30,False
2015-12-31,106,2010-12-23,2010-12-31,False
2015-12-31,107,2010-12-24,2011-01-04,False
2015-12-31,108,2010-12-27,2011-01-11,False
2015-12-31,109,2010-12-28,2011-01-05,False
2015-12-31,110,2010-12-29,2011-01-06,False
2015-12-31,111,2010-12-30,2011-01-07,False
2015-12-31,112,2010-12-31,2011-01-10,False
2015-12-31,113,2011-01-04,2011-01-12,False
2015-12-31,114,2011-01-05,2011-01-13,False
2015-12-31,115,2011-01-06,2011-01-14,False
2015-12-31,116,2011-01-07,2011-01-17,False
2015-12-31,117,2011-01-10,2011-01-18,False
2015-12-31,118,2011-01-11,2011-01-19,False
2015-12-31,119,2011-01-12,2011-01-20,False
2015-12-31,120,2011-01-13,2011-01-21,False
2015-12-31,121,2011-01-14,2011-01-24,False
2015-12-31,122,2011-01-17,2011-01-25,False
2015-12-31,123,2011-01-18,2011-01-26,False
2015-12-31,124,2011-01-19,2011-01-27,False
2015-12-31,125,2011-01-20,2011-01-28,False
2015-12-31,126,2011-01-21,2011-01-31,False
2015-12-31,127,2011-01-24,2011-02-01,False
2015-12-31,128,2011-01-25,2011-02-09,False
2015-12-31,129,2011-01-26,2011-02-10,False
2015-12-31,130,2011-01-27,2011-02-11,False
2015-12-31,131,2011-01-28,2011-02-14,False
2015-12-31,132,2011-01-31,2011-02-15,False
2015-12-31,133,2011-02-01,2011-02-16,False
2015-12-31,134,2011-02-09,2011-02-17,False
2015-12-31,135,2011-02-10,2011-02-18,False
2015-12-31,136,2011-02-11,2011-02-21,False
2015-12-31,137,2011-02-14,2011-02-22,False
2015-12-31,138,2011-02-15,2011-02-23,False
2015-12-31,139,2011-02-16,2011-02-24,False
2015-12-31,140,2011-02-17,2011-02-25,False
2015-12-31,141,2011-02-18,2011-02-28,False
2015-12-31,142,2011-02-21,2011-03-01,False
2015-12-31,143,2011-02-22,2011-03-02,False
2015-12-31,144,2011-02-23,2011-03-03,False
2015-12-31,145,2011-02-24,2011-03-04,False
2015-12-31,146,2011-02-25,2011-03-07,False
2015-12-31,147,2011-02-28,2011-03-08,False
2015-12-31,148,2011-03-01,2011-03-09,False
2015-12-31,149,2011-03-02,2011-03-10,False
2015-12-31,150,2011-03-03,2011-03-11,False
2015-12-31,151,2011-03-04,2011-03-14,False
2015-12-31,152,2011-03-07,2011-03-15,False
2015-12-31,153,2011-03-08,2011-03-16,False
2015-12-31,154,2011-03-09,2011-03-17,False
2015-12-31,155,2011-03-10,2011-03-18,False
2015-12-31,156,2011-03-11,2011-03-21,False
2015-12-31,157,2011-03-14,2011-03-22,False
2015-12-31,158,2011-03-15,2011-03-23,False
2015-12-31,159,2011-03-16,2011-03-24,False
2015-12-31,160,2011-03-17,2011-03-25,False
2015-12-31,161,2011-03-18,2011-03-28,False
2015-12-31,162,2011-03-21,2011-03-29,False
2015-12-31,163,2011-03-22,2011-03-30,False
2015-12-31,164,2011-03-23,2011-03-31,False
2015-12-31,165,2011-03-24,2011-04-01,False
2015-12-31,166,2011-03-25,2011-04-06,False
2015-12-31,167,2011-03-28,2011-04-12,False
2015-12-31,168,2011-03-29,2011-04-13,False
2015-12-31,169,2011-03-30,2011-04-08,False
2015-12-31,170,2011-03-31,2011-04-11,False
2015-12-31,171,2011-04-01,2011-04-12,False
2015-12-31,172,2011-04-06,2011-04-14,False
2015-12-31,173,2011-04-07,2011-04-15,False
2015-12-31,174,2011-04-08,2011-04-18,False
2015-12-31,175,2011-04-11,2011-04-19,False
2015-12-31,176,2011-04-12,2011-04-20,False
2015-12-31,177,2011-04-13,2011-04-21,False
2015-12-31,178,2011-04-14,2011-04-22,False
2015-12-31,179,2011-04-15,2011-04-25,False
2015-12-31,180,2011-04-18,2011-04-26,False
2015-12-31,181,2011-04-19,2011-04-27,False
2015-12-31,182,2011-04-20,2011-04-28,False
2015-12-31,183,2011-04-21,2011-04-29,False
2015-12-31,184,2011-04-22,2011-05-03,False
2015-12-31,185,2011-04-25,2011-05-10,False
2015-12-31,186,2011-04-26,2011-05-04,False
2015-12-31,187,2011-04-27,2011-05-05,False
2015-12-31,188,2011-04-28,2011-05-06,False
2015-12-31,189,2011-04-29,2011-05-09,False
2015-12-31,190,2011-05-03,2011-05-11,False
2015-12-31,191,2011-05-04,2011-05-12,False
2015-12-31,192,2011-05-05,2011-05-13,False
2015-12-31,193,2011-05-06,2011-05-16,False
2015-12-31,194,2011-05-09,2011-05-17,False
2015-12-31,195,2011-05-10,2011-05-18,False
2015-12-31,196,2011-05-11,2011-05-19,False
2015-12-31,197,2011-05-12,2011-05-20,False
2015-12-31,198,2011-05-13,2011-05-23,False
2015-12-31,199,2011-05-16,2011-05-24,False
2015-12-31,200,2011-05-17,2011-05-25,False
2015-12-31,201,2011-05-18,2011-05-26,False
2015-12-31,202,2011-05-19,2011-05-27,False
2015-12-31,203,2011-05-20,2011-05-30,False
2015-12-31,204,2011-05-23,2011-05-31,False
2015-12-31,205,2011-05-24,2011-06-01,False
2015-12-31,206,2011-05-25,2011-06-02,False
2015-12-31,207,2011-05-26,2011-06-03,False
2015-12-31,208,2011-05-27,2011-06-07,False
2015-12-31,209,2011-05-30,2011-06-14,False
2015-12-31,210,2011-05-31,2011-06-08,False
2015-12-31,211,2011-06-01,2011-06-09,False
2015-12-31,212,2011-06-02,2011-06-10,False
2015-12-31,213,2011-06-03,2011-06-13,False
2015-12-31,214,2011-06-07,2011-06-15,False
2015-12-31,215,2011-06-08,2011-06-16,False
2015-12-31,216,2011-06-09,2011-06-17,False
2015-12-31,217,2011-06-10,2011-06-20,False
2015-12-31,218,2011-06-13,2011-06-21,False
2015-12-31,219,2011-06-14,2011-06-22,False
2015-12-31,220,2011-06-15,2011-06-23,False
2015-12-31,221,2011-06-16,2011-06-24,False
2015-12-31,222,2011-06-17,2011-06-27,False
2015-12-31,223,2011-06-20,2011-06-28,False
2015-12-31,224,2011-06-21,2011-06-29,False
2015-12-31,225,2011-06-22,2011-06-30,False
2015-12-31,226,2011-06-23,2011-07-01,False
2015-12-31,227,2011-06-24,2011-07-04,False
2015-12-31,228,2011-06-27,2011-07-05,False
2015-12-31,229,2011-06-28,2011-07-06,False
2015-12-31,230,2011-06-29,2011-07-07,False
2015-12-31,231,2011-06-30,2011-07-08,False
2015-12-31,232,2011-07-01,2011-07-11,False
2015-12-31,233,2011-07-04,2011-07-12,False
2015-12-31,234,2011-07-05,2011-07-13,False
2015-12-31,235,2011-07-06,2011-07-14,False
2015-12-31,236,2011-07-07,2011-07-15,False
2015-12-31,237,2011-07-08,2011-07-18,False
2015-12-31,238,2011-07-11,2011-07-19,False
2015-12-31,239,2011-07-12,2011-07-20,False
2015-12-31,240,2011-07-13,2011-07-21,False
2015-12-31,241,2011-07-14,2011-07-22,False
2015-12-31,242,2011-07-15,2011-07-25,False
2015-12-31,243,2011-07-18,2011-07-26,False
2015-12-31,244,2011-07-19,2011-07-27,False
2015-12-31,245,2011-07-20,2011-07-28,False
2015-12-31,246,2011-07-21,2011-07-29,False
2015-12-31,247,2011-07-22,2011-08-01,False
2015-12-31,248,2011-07-25,2011-08-02,False
2015-12-31,249,2011-07-26,2011-08-03,False
2015-12-31,250,2011-07-27,2011-08-04,False
2015-12-31,251,2011-07-28,2011-08-05,False
2015-12-31,252,2011-07-29,2011-08-08,False
2015-12-31,253,2011-08-01,2011-08-09,False
2015-12-31,254,2011-08-02,2011-08-10,False
2015-12-31,255,2011-08-03,2011-08-11,False
2015-12-31,256,2011-08-04,2011-08-12,False
2015-12-31,257,2011-08-05,2011-08-15,False
2015-12-31,258,2011-08-08,2011-08-16,False
2015-12-31,259,2011-08-09,2011-08-17,False
2015-12-31,260,2011-08-10,2011-08-18,False
2015-12-31,261,2011-08-11,2011-08-19,False
2015-12-31,262,2011-08-12,2011-08-22,False
2015-12-31,263,2011-08-15,2011-08-23,False
2015-12-31,264,2011-08-16,2011-08-24,False
2015-12-31,265,2011-08-17,2011-08-25,False
2015-12-31,266,2011-08-18,2011-08-26,False
2015-12-31,267,2011-08-19,2011-08-29,False
2015-12-31,268,2011-08-22,2011-08-30,False
2015-12-31,269,2011-08-23,2011-08-31,False
2015-12-31,270,2011-08-24,2011-09-01,False
2015-12-31,271,2011-08-25,2011-09-02,False
2015-12-31,272,2011-08-26,2011-09-05,False
2015-12-31,273,2011-08-29,2011-09-06,False
2015-12-31,274,2011-08-30,2011-09-07,False
2015-12-31,275,2011-08-31,2011-09-08,False
2015-12-31,276,2011-09-01,2011-09-09,False
2015-12-31,277,2011-09-02,2011-09-13,False
2015-12-31,278,2011-09-05,2011-09-20,False
2015-12-31,279,2011-09-06,2011-09-14,False
2015-12-31,280,2011-09-07,2011-09-15,False
2015-12-31,281,2011-09-08,2011-09-16,False
2015-12-31,282,2011-09-09,2011-09-19,False
2015-12-31,283,2011-09-13,2011-09-21,False
2015-12-31,284,2011-09-14,2011-09-22,False
2015-12-31,285,2011-09-15,2011-09-23,False
2015-12-31,286,2011-09-16,2011-09-26,False
2015-12-31,287,2011-09-19,2011-09-27,False
2015-12-31,288,2011-09-20,2011-09-28,False
2015-12-31,289,2011-09-21,2011-09-29,False
2015-12-31,290,2011-09-22,2011-09-30,False
2015-12-31,291,2011-09-23,2011-10-10,False
2015-12-31,292,2011-09-26,2011-10-11,False
2015-12-31,293,2011-09-27,2011-10-12,False
2015-12-31,294,2011-09-28,2011-10-13,False
2015-12-31,295,2011-09-29,2011-10-14,False
2015-12-31,296,2011-09-30,2011-10-17,False
2015-12-31,297,2011-10-10,2011-10-18,False
2015-12-31,298,2011-10-11,2011-10-19,False
2015-12-31,299,2011-10-12,2011-10-20,False
2015-12-31,300,2011-10-13,2011-10-21,False
2015-12-31,301,2011-10-14,2011-10-24,False
2015-12-31,302,2011-10-17,2011-10-25,False
2015-12-31,303,2011-10-18,2011-10-26,False
2015-12-31,304,2011-10-19,2011-10-27,False
2015-12-31,305,2011-10-20,2011-10-28,False
2015-12-31,306,2011-10-21,2011-10-31,False
2015-12-31,307,2011-10-24,2011-11-01,False
2015-12-31,308,2011-10-25,2011-11-02,False
2015-12-31,309,2011-10-26,2011-11-03,False
2015-12-31,310,2011-10-27,2011-11-04,False
2015-12-31,311,2011-10-28,2011-11-07,False
2015-12-31,312,2011-10-31,2011-11-08,False
2015-12-31,313,2011-11-01,2011-11-09,False
2015-12-31,314,2011-11-02,2011-11-10,False
2015-12-31,315,2011-11-03,2011-11-11,False
2015-12-31,316,2011-11-04,2011-11-14,False
2015-12-31,317,2011-11-07,2011-11-15,False
2015-12-31,318,2011-11-08,2011-11-16,False
2015-12-31,319,2011-11-09,2011-11-17,False
2015-12-31,320,2011-11-10,2011-11-18,False
2015-12-31,321,2011-11-11,2011-11-21,False
2015-12-31,322,2011-11-14,2011-11-22,False
2015-12-31,323,2011-11-15,2011-11-23,False
2015-12-31,324,2011-11-16,2011-11-24,False
2015-12-31,325,2011-11-17,2011-11-25,False
2015-12-31,326,2011-11-18,2011-11-28,False
2015-12-31,327,2011-11-21,2011-11-29,False
2015-12-31,328,2011-11-22,2011-11-30,False
2015-12-31,329,2011-11-23,2011-12-01,False
2015-12-31,330,2011-11-24,2011-12-02,False
2015-12-31,331,2011-11-25,2011-12-05,False
2015-12-31,332,2011-11-28,2011-12-06,False
2015-12-31,333,2011-11-29,2011-12-07,False
2015-12-31,334,2011-11-30,2011-12-08,False
2015-12-31,335,2011-12-01,2011-12-09,False
2015-12-31,336,2011-12-02,2011-12-12,False
2015-12-31,337,2011-12-05,2011-12-13,False
2015-12-31,338,2011-12-06,2011-12-14,False
2015-12-31,339,2011-12-07,2011-12-15,False
2015-12-31,340,2011-12-08,2011-12-16,False
2015-12-31,341,2011-12-09,2011-12-19,False
2015-12-31,342,2011-12-12,2011-12-20,False
2015-12-31,343,2011-12-13,2011-12-21,False
2015-12-31,344,2011-12-14,2011-12-22,False
2015-12-31,345,2011-12-15,2011-12-23,False
2015-12-31,346,2011-12-16,2011-12-26,False
2015-12-31,347,2011-12-19,2011-12-27,False
2015-12-31,348,2011-12-20,2011-12-28,False
2015-12-31,349,2011-12-21,2011-12-29,False
2015-12-31,350,2011-12-22,2011-12-30,False
2015-12-31,351,2011-12-23,2012-01-04,False
2015-12-31,352,2011-12-26,2012-01-10,False
2015-12-31,353,2011-12-27,2012-01-11,False
2015-12-31,354,2011-12-28,2012-01-06,False
2015-12-31,355,2011-12-29,2012-01-09,False
2015-12-31,356,2011-12-30,2012-01-10,False
2015-12-31,357,2012-01-04,2012-01-12,False
2015-12-31,358,2012-01-05,2012-01-13,False
2015-12-31,359,2012-01-06,2012-01-16,False
2015-12-31,360,2012-01-09,2012-01-17,False
2015-12-31,361,2012-01-10,2012-01-18,False
2015-12-31,362,2012-01-11,2012-01-19,False
2015-12-31,363,2012-01-12,2012-01-20,False
2015-12-31,364,2012-01-13,2012-01-30,False
2015-12-31,365,2012-01-16,2012-01-31,False
2015-12-31,366,2012-01-17,2012-02-01,False
2015-12-31,367,2012-01-18,2012-02-02,False
2015-12-31,368,2012-01-19,2012-02-03,False
2015-12-31,369,2012-01-20,2012-02-06,False
2015-12-31,370,2012-01-30,2012-02-07,False
2015-12-31,371,2012-01-31,2012-02-08,False
2015-12-31,372,2012-02-01,2012-02-09,False
2015-12-31,373,2012-02-02,2012-02-10,False
2015-12-31,374,2012-02-03,2012-02-13,False
2015-12-31,375,2012-02-06,2012-02-14,False
2015-12-31,376,2012-02-07,2012-02-15,False
2015-12-31,377,2012-02-08,2012-02-16,False
2015-12-31,378,2012-02-09,2012-02-17,False
2015-12-31,379,2012-02-10,2012-02-20,False
2015-12-31,380,2012-02-13,2012-02-21,False
2015-12-31,381,2012-02-14,2012-02-22,False
2015-12-31,382,2012-02-15,2012-02-23,False
2015-12-31,383,2012-02-16,2012-02-24,False
2015-12-31,384,2012-02-17,2012-02-27,False
2015-12-31,385,2012-02-20,2012-02-28,False
2015-12-31,386,2012-02-21,2012-02-29,False
2015-12-31,387,2012-02-22,2012-03-01,False
2015-12-31,388,2012-02-23,2012-03-02,False
2015-12-31,389,2012-02-24,2012-03-05,False
2015-12-31,390,2012-02-27,2012-03-06,False
2015-12-31,391,2012-02-28,2012-03-07,False
2015-12-31,392,2012-02-29,2012-03-08,False
2015-12-31,393,2012-03-01,2012-03-09,False
2015-12-31,394,2012-03-02,2012-03-12,False
2015-12-31,395,2012-03-05,2012-03-13,False
2015-12-31,396,2012-03-06,2012-03-14,False
2015-12-31,397,2012-03-07,2012-03-15,False
2015-12-31,398,2012-03-08,2012-03-16,False
2015-12-31,399,2012-03-09,2012-03-19,False
2015-12-31,400,2012-03-12,2012-03-20,False
2015-12-31,401,2012-03-13,2012-03-21,False
2015-12-31,402,2012-03-14,2012-03-22,False
2015-12-31,403,2012-03-15,2012-03-23,False
2015-12-31,404,2012-03-16,2012-03-26,False
2015-12-31,405,2012-03-19,2012-03-27,False
2015-12-31,406,2012-03-20,2012-03-28,False
2015-12-31,407,2012-03-21,2012-03-29,False
2015-12-31,408,2012-03-22,2012-03-30,False
2015-12-31,409,2012-03-23,2012-04-05,False
2015-12-31,410,2012-03-26,2012-04-10,False
2015-12-31,411,2012-03-27,2012-04-11,False
2015-12-31,412,2012-03-28,2012-04-12,False
2015-12-31,413,2012-03-29,2012-04-10,False
2015-12-31,414,2012-03-30,2012-04-11,False
2015-12-31,415,2012-04-05,2012-04-13,False
2015-12-31,416,2012-04-06,2012-04-16,False
2015-12-31,417,2012-04-09,2012-04-17,False
2015-12-31,418,2012-04-10,2012-04-18,False
2015-12-31,419,2012-04-11,2012-04-19,False
2015-12-31,420,2012-04-12,2012-04-20,False
2015-12-31,421,2012-04-13,2012-04-23,False
2015-12-31,422,2012-04-16,2012-04-24,False
2015-12-31,423,2012-04-17,2012-04-25,False
2015-12-31,424,2012-04-18,2012-04-26,False
2015-12-31,425,2012-04-19,2012-04-27,False
2015-12-31,426,2012-04-20,2012-05-02,False
2015-12-31,427,2012-04-23,2012-05-08,False
2015-12-31,428,2012-04-24,2012-05-09,False
2015-12-31,429,2012-04-25,2012-05-04,False
2015-12-31,430,2012-04-26,2012-05-07,False
2015-12-31,431,2012-04-27,2012-05-08,False
2015-12-31,432,2012-05-02,2012-05-10,False
2015-12-31,433,2012-05-03,2012-05-11,False
2015-12-31,434,2012-05-04,2012-05-14,False
2015-12-31,435,2012-05-07,2012-05-15,False
2015-12-31,436,2012-05-08,2012-05-16,False
2015-12-31,437,2012-05-09,2012-05-17,False
2015-12-31,438,2012-05-10,2012-05-18,False
2015-12-31,439,2012-05-11,2012-05-21,False
2015-12-31,440,2012-05-14,2012-05-22,False
2015-12-31,441,2012-05-15,2012-05-23,False
2015-12-31,442,2012-05-16,2012-05-24,False
2015-12-31,443,2012-05-17,2012-05-25,False
2015-12-31,444,2012-05-18,2012-05-28,False
2015-12-31,445,2012-05-21,2012-05-29,False
2015-12-31,446,2012-05-22,2012-05-30,False
2015-12-31,447,2012-05-23,2012-05-31,False
2015-12-31,448,2012-05-24,2012-06-01,False
2015-12-31,449,2012-05-25,2012-06-04,False
2015-12-31,450,2012-05-28,2012-06-05,False
2015-12-31,451,2012-05-29,2012-06-06,False
2015-12-31,452,2012-05-30,2012-06-07,False
2015-12-31,453,2012-05-31,2012-06-08,False
2015-12-31,454,2012-06-01,2012-06-11,False
2015-12-31,455,2012-06-04,2012-06-12,False
2015-12-31,456,2012-06-05,2012-06-13,False
2015-12-31,457,2012-06-06,2012-06-14,False
2015-12-31,458,2012-06-07,2012-06-15,False
2015-12-31,459,2012-06-08,2012-06-18,False
2015-12-31,460,2012-06-11,2012-06-19,False
2015-12-31,461,2012-06-12,2012-06-20,False
2015-12-31,462,2012-06-13,2012-06-21,False
2015-12-31,463,2012-06-14,2012-06-25,False
2015-12-31,464,2012-06-15,2012-07-02,False
2015-12-31,465,2012-06-18,2012-06-26,False
2015-12-31,466,2012-06-19,2012-06-27,False
2015-12-31,467,2012-06-20,2012-06-28,False
2015-12-31,468,2012-06-21,2012-06-29,False
2015-12-31,469,2012-06-25,2012-07-03,False
2015-12-31,470,2012-06-26,2012-07-04,False
2015-12-31,471,2012-06-27,2012-07-05,False
2015-12-31,472,2012-06-28,2012-07-06,False
2015-12-31,473,2012-06-29,2012-07-09,False
2015-12-31,474,2012-07-02,2012-07-10,False
2015-12-31,475,2012-07-03,2012-07-11,False
2015-12-31,476,2012-07-04,2012-07-12,False
2015-12-31,477,2012-07-05,2012-07-13,False
2015-12-31,478,2012-07-06,2012-07-16,False
2015-12-31,479,2012-07-09,2012-07-17,False
2015-12-31,480,2012-07-10,2012-07-18,False
2015-12-31,481,2012-07-11,2012-07-19,False
2015-12-31,482,2012-07-12,2012-07-20,False
2015-12-31,483,2012-07-13,2012-07-23,False
2015-12-31,484,2012-07-16,2012-07-24,False
2015-12-31,485,2012-07-17,2012-07-25,False
2015-12-31,486,2012-07-18,2012-07-26,False
2015-12-31,487,2012-07-19,2012-07-27,False
2015-12-31,488,2012-07-20,2012-07-30,False
2015-12-31,489,2012-07-23,2012-07-31,False
2015-12-31,490,2012-07-24,2012-08-01,False
2015-12-31,491,2012-07-25,2012-08-02,False
2015-12-31,492,2012-07-26,2012-08-03,False
2015-12-31,493,2012-07-27,2012-08-06,False
2015-12-31,494,2012-07-30,2012-08-07,False
2015-12-31,495,2012-07-31,2012-08-08,False
2015-12-31,496,2012-08-01,2012-08-09,False
2015-12-31,497,2012-08-02,2012-08-10,False
2015-12-31,498,2012-08-03,2012-08-13,False
2015-12-31,499,2012-08-06,2012-08-14,False
2015-12-31,500,2012-08-07,2012-08-15,False
2015-12-31,501,2012-08-08,2012-08-16,False
2015-12-31,502,2012-08-09,2012-08-17,False
2015-12-31,503,2012-08-10,2012-08-20,False
2015-12-31,504,2012-08-13,2012-08-21,False
2015-12-31,505,2012-08-14,2012-08-22,False
2015-12-31,506,2012-08-15,2012-08-23,False
2015-12-31,507,2012-08-16,2012-08-24,False
2015-12-31,508,2012-08-17,2012-08-27,False
2015-12-31,509,2012-08-20,2012-08-28,False
2015-12-31,510,2012-08-21,2012-08-29,False
2015-12-31,511,2012-08-22,2012-08-30,False
2015-12-31,512,2012-08-23,2012-08-31,False
2015-12-31,513,2012-08-24,2012-09-03,False
2015-12-31,514,2012-08-27,2012-09-04,False
2015-12-31,515,2012-08-28,2012-09-05,False
2015-12-31,516,2012-08-29,2012-09-06,False
2015-12-31,517,2012-08-30,2012-09-07,False
2015-12-31,518,2012-08-31,2012-09-10,False
2015-12-31,519,2012-09-03,2012-09-11,False
2015-12-31,520,2012-09-04,2012-09-12,False
2015-12-31,521,2012-09-05,2012-09-13,False
2015-12-31,522,2012-09-06,2012-09-14,False
2015-12-31,523,2012-09-07,2012-09-17,False
2015-12-31,524,2012-09-10,2012-09-18,False
2015-12-31,525,2012-09-11,2012-09-19,False
2015-12-31,526,2012-09-12,2012-09-20,False
2015-12-31,527,2012-09-13,2012-09-21,False
2015-12-31,528,2012-09-14,2012-09-24,False
2015-12-31,529,2012-09-17,2012-09-25,False
2015-12-31,530,2012-09-18,2012-09-26,False
2015-12-31,531,2012-09-19,2012-09-27,False
2015-12-31,532,2012-09-20,2012-09-28,False
2015-12-31,533,2012-09-21,2012-10-08,False
2015-12-31,534,2012-09-24,2012-10-09,False
2015-12-31,535,2012-09-25,2012-10-10,False
2015-12-31,536,2012-09-26,2012-10-11,False
2015-12-31,537,2012-09-27,2012-10-12,False
2015-12-31,538,2012-09-28,2012-10-15,False
2015-12-31,539,2012-10-08,2012-10-16,False
2015-12-31,540,2012-10-09,2012-10-17,False
2015-12-31,541,2012-10-10,2012-10-18,False
2015-12-31,542,2012-10-11,2012-10-19,False
2015-12-31,543,2012-10-12,2012-10-22,False
2015-12-31,544,2012-10-15,2012-10-23,False
2015-12-31,545,2012-10-16,2012-10-24,False
2015-12-31,546,2012-10-17,2012-10-25,False
2015-12-31,547,2012-10-18,2012-10-26,False
2015-12-31,548,2012-10-19,2012-10-29,False
2015-12-31,549,2012-10-22,2012-10-30,False
2015-12-31,550,2012-10-23,2012-10-31,False
2015-12-31,551,2012-10-24,2012-11-01,False
2015-12-31,552,2012-10-25,2012-11-02,False
2015-12-31,553,2012-10-26,2012-11-05,False
2015-12-31,554,2012-10-29,2012-11-06,False
2015-12-31,555,2012-10-30,2012-11-07,False
2015-12-31,556,2012-10-31,2012-11-08,False
2015-12-31,557,2012-11-01,2012-11-09,False
2015-12-31,558,2012-11-02,2012-11-12,False
2015-12-31,559,2012-11-05,2012-11-13,False
2015-12-31,560,2012-11-06,2012-11-14,False
2015-12-31,561,2012-11-07,2012-11-15,False
2015-12-31,562,2012-11-08,2012-11-16,False
2015-12-31,563,2012-11-09,2012-11-19,False
2015-12-31,564,2012-11-12,2012-11-20,False
2015-12-31,565,2012-11-13,2012-11-21,False
2015-12-31,566,2012-11-14,2012-11-22,False
2015-12-31,567,2012-11-15,2012-11-23,False
2015-12-31,568,2012-11-16,2012-11-26,False
2015-12-31,569,2012-11-19,2012-11-27,False
2015-12-31,570,2012-11-20,2012-11-28,False
2015-12-31,571,2012-11-21,2012-11-29,False
2015-12-31,572,2012-11-22,2012-11-30,False
2015-12-31,573,2012-11-23,2012-12-03,False
2015-12-31,574,2012-11-26,2012-12-04,False
2015-12-31,575,2012-11-27,2012-12-05,False
2015-12-31,576,2012-11-28,2012-12-06,False
2015-12-31,577,2012-11-29,2012-12-07,False
2015-12-31,578,2012-11-30,2012-12-10,False
2015-12-31,579,2012-12-03,2012-12-11,False
2015-12-31,580,2012-12-04,2012-12-12,False
2015-12-31,581,2012-12-05,2012-12-13,False
2015-12-31,582,2012-12-06,2012-12-14,False
2015-12-31,583,2012-12-07,2012-12-17,False
2015-12-31,584,2012-12-10,2012-12-18,False
2015-12-31,585,2012-12-11,2012-12-19,False
2015-12-31,586,2012-12-12,2012-12-20,False
2015-12-31,587,2012-12-13,2012-12-21,False
2015-12-31,588,2012-12-14,2012-12-24,False
2015-12-31,589,2012-12-17,2012-12-25,False
2015-12-31,590,2012-12-18,2012-12-26,False
2015-12-31,591,2012-12-19,2012-12-27,False
2015-12-31,592,2012-12-20,2012-12-28,False
2015-12-31,593,2012-12-21,2012-12-31,False
2015-12-31,594,2012-12-24,2013-01-04,False
2015-12-31,595,2012-12-25,2013-01-09,False
2015-12-31,596,2012-12-26,2013-01-10,False
2015-12-31,597,2012-12-27,2013-01-11,False
2015-12-31,598,2012-12-28,2013-01-09,False
2015-12-31,599,2012-12-31,2013-01-10,False
2015-12-31,600,2013-01-04,2013-01-14,True
2015-12-31,601,2013-01-07,2013-01-15,True
2015-12-31,602,2013-01-08,2013-01-16,True
2015-12-31,603,2013-01-09,2013-01-17,True
2015-12-31,604,2013-01-10,2013-01-18,True
2015-12-31,605,2013-01-11,2013-01-21,True
2015-12-31,606,2013-01-14,2013-01-22,True
2015-12-31,607,2013-01-15,2013-01-23,True
2015-12-31,608,2013-01-16,2013-01-24,True
2015-12-31,609,2013-01-17,2013-01-25,True
2015-12-31,610,2013-01-18,2013-01-28,True
2015-12-31,611,2013-01-21,2013-01-29,True
2015-12-31,612,2013-01-22,2013-01-30,True
2015-12-31,613,2013-01-23,2013-01-31,True
2015-12-31,614,2013-01-24,2013-02-01,True
2015-12-31,615,2013-01-25,2013-02-04,True
2015-12-31,616,2013-01-28,2013-02-05,True
2015-12-31,617,2013-01-29,2013-02-06,True
2015-12-31,618,2013-01-30,2013-02-07,True
2015-12-31,619,2013-01-31,2013-02-08,True
2015-12-31,620,2013-02-01,2013-02-18,True
2015-12-31,621,2013-02-04,2013-02-19,True
2015-12-31,622,2013-02-05,2013-02-20,True
2015-12-31,623,2013-02-06,2013-02-21,True
2015-12-31,624,2013-02-07,2013-02-22,True
2015-12-31,625,2013-02-08,2013-02-25,True
2015-12-31,626,2013-02-18,2013-02-26,True
2015-12-31,627,2013-02-19,2013-02-27,True
2015-12-31,628,2013-02-20,2013-02-28,True
2015-12-31,629,2013-02-21,2013-03-01,True
2015-12-31,630,2013-02-22,2013-03-04,True
2015-12-31,631,2013-02-25,2013-03-05,True
2015-12-31,632,2013-02-26,2013-03-06,True
2015-12-31,633,2013-02-27,2013-03-07,True
2015-12-31,634,2013-02-28,2013-03-08,True
2015-12-31,635,2013-03-01,2013-03-11,True
2015-12-31,636,2013-03-04,2013-03-12,True
2015-12-31,637,2013-03-05,2013-03-13,True
2015-12-31,638,2013-03-06,2013-03-14,True
2015-12-31,639,2013-03-07,2013-03-15,True
2015-12-31,640,2013-03-08,2013-03-18,True
2015-12-31,641,2013-03-11,2013-03-19,True
2015-12-31,642,2013-03-12,2013-03-20,True
2015-12-31,643,2013-03-13,2013-03-21,True
2015-12-31,644,2013-03-14,2013-03-22,True
2015-12-31,645,2013-03-15,2013-03-25,True
2015-12-31,646,2013-03-18,2013-03-26,True
2015-12-31,647,2013-03-19,2013-03-27,True
2015-12-31,648,2013-03-20,2013-03-28,True
2015-12-31,649,2013-03-21,2013-03-29,True
2015-12-31,650,2013-03-22,2013-04-01,True
2015-12-31,651,2013-03-25,2013-04-02,True
2015-12-31,652,2013-03-26,2013-04-03,True
2015-12-31,653,2013-03-27,2013-04-08,True
2015-12-31,654,2013-03-28,2013-04-12,True
2015-12-31,655,2013-03-29,2013-04-15,True
2015-12-31,656,2013-04-01,2013-04-10,True
2015-12-31,657,2013-04-02,2013-04-11,True
2015-12-31,658,2013-04-03,2013-04-12,True
2015-12-31,659,2013-04-08,2013-04-16,True
2015-12-31,660,2013-04-09,2013-04-17,True
2015-12-31,661,2013-04-10,2013-04-18,True
2015-12-31,662,2013-04-11,2013-04-19,True
2015-12-31,663,2013-04-12,2013-04-22,True
2015-12-31,664,2013-04-15,2013-04-23,True
2015-12-31,665,2013-04-16,2013-04-24,True
2015-12-31,666,2013-04-17,2013-04-25,True
2015-12-31,667,2013-04-18,2013-04-26,True
2015-12-31,668,2013-04-19,2013-05-02,True
2015-12-31,669,2013-04-22,2013-05-07,True
2015-12-31,670,2013-04-23,2013-05-08,True
2015-12-31,671,2013-04-24,2013-05-09,True
2015-12-31,672,2013-04-25,2013-05-07,True
2015-12-31,673,2013-04-26,2013-05-08,True
2015-12-31,674,2013-05-02,2013-05-10,True
2015-12-31,675,2013-05-03,2013-05-13,True
2015-12-31,676,2013-05-06,2013-05-14,True
2015-12-31,677,2013-05-07,2013-05-15,True
2015-12-31,678,2013-05-08,2013-05-16,True
2015-12-31,679,2013-05-09,2013-05-17,True
2015-12-31,680,2013-05-10,2013-05-20,True
2015-12-31,681,2013-05-13,2013-05-21,True
2015-12-31,682,2013-05-14,2013-05-22,True
2015-12-31,683,2013-05-15,2013-05-23,True
2015-12-31,684,2013-05-16,2013-05-24,True
2015-12-31,685,2013-05-17,2013-05-27,True
2015-12-31,686,2013-05-20,2013-05-28,True
2015-12-31,687,2013-05-21,2013-05-29,True
2015-12-31,688,2013-05-22,2013-05-30,True
2015-12-31,689,2013-05-23,2013-05-31,True
2015-12-31,690,2013-05-24,2013-06-03,True
2015-12-31,691,2013-05-27,2013-06-04,True
2015-12-31,692,2013-05-28,2013-06-05,True
2015-12-31,693,2013-05-29,2013-06-06,True
2015-12-31,694,2013-05-30,2013-06-07,True
2015-12-31,695,2013-05-31,2013-06-13,True
2015-12-31,696,2013-06-03,2013-06-18,True
2015-12-31,697,2013-06-04,2013-06-19,True
2015-12-31,698,2013-06-05,2013-06-20,True
2015-12-31,699,2013-06-06,2013-06-18,True
2015-12-31,700,2013-06-07,2013-06-19,True
2015-12-31,701,2013-06-13,2013-06-21,True
2015-12-31,702,2013-06-14,2013-06-24,True
2015-12-31,703,2013-06-17,2013-06-25,True
2015-12-31,704,2013-06-18,2013-06-26,True
2015-12-31,705,2013-06-19,2013-06-27,True
2015-12-31,706,2013-06-20,2013-06-28,True
2015-12-31,707,2013-06-21,2013-07-01,True
2015-12-31,708,2013-06-24,2013-07-02,True
2015-12-31,709,2013-06-25,2013-07-03,True
2015-12-31,710,2013-06-26,2013-07-04,True
2015-12-31,711,2013-06-27,2013-07-05,True
2015-12-31,712,2013-06-28,2013-07-08,True
2015-12-31,713,2013-07-01,2013-07-09,True
2015-12-31,714,2013-07-02,2013-07-10,True
2015-12-31,715,2013-07-03,2013-07-11,True
2015-12-31,716,2013-07-04,2013-07-12,True
2015-12-31,717,2013-07-05,2013-07-15,True
2015-12-31,718,2013-07-08,2013-07-16,True
2015-12-31,719,2013-07-09,2013-07-17,True
2015-12-31,720,2013-07-10,2013-07-18,True
2015-12-31,721,2013-07-11,2013-07-19,True
2015-12-31,722,2013-07-12,2013-07-22,True
2015-12-31,723,2013-07-15,2013-07-23,True
2015-12-31,724,2013-07-16,2013-07-24,True
2015-12-31,725,2013-07-17,2013-07-25,True
2015-12-31,726,2013-07-18,2013-07-26,True
2015-12-31,727,2013-07-19,2013-07-29,True
2015-12-31,728,2013-07-22,2013-07-30,True
2015-12-31,729,2013-07-23,2013-07-31,True
2015-12-31,730,2013-07-24,2013-08-01,True
2015-12-31,731,2013-07-25,2013-08-02,True
2015-12-31,732,2013-07-26,2013-08-05,True
2015-12-31,733,2013-07-29,2013-08-06,True
2015-12-31,734,2013-07-30,2013-08-07,True
2015-12-31,735,2013-07-31,2013-08-08,True
2015-12-31,736,2013-08-01,2013-08-09,True
2015-12-31,737,2013-08-02,2013-08-12,True
2015-12-31,738,2013-08-05,2013-08-13,True
2015-12-31,739,2013-08-06,2013-08-14,True
2015-12-31,740,2013-08-07,2013-08-15,True
2015-12-31,741,2013-08-08,2013-08-16,True
2015-12-31,742,2013-08-09,2013-08-19,True
2015-12-31,743,2013-08-12,2013-08-20,True
2015-12-31,744,2013-08-13,2013-08-21,True
2015-12-31,745,2013-08-14,2013-08-22,True
2015-12-31,746,2013-08-15,2013-08-23,True
2015-12-31,747,2013-08-16,2013-08-26,True
2015-12-31,748,2013-08-19,2013-08-27,True
2015-12-31,749,2013-08-20,2013-08-28,True
2015-12-31,750,2013-08-21,2013-08-29,True
2015-12-31,751,2013-08-22,2013-08-30,True
2015-12-31,752,2013-08-23,2013-09-02,True
2015-12-31,753,2013-08-26,2013-09-03,True
2015-12-31,754,2013-08-27,2013-09-04,True
2015-12-31,755,2013-08-28,2013-09-05,True
2015-12-31,756,2013-08-29,2013-09-06,True
2015-12-31,757,2013-08-30,2013-09-09,True
2015-12-31,758,2013-09-02,2013-09-10,True
2015-12-31,759,2013-09-03,2013-09-11,True
2015-12-31,760,2013-09-04,2013-09-12,True
2015-12-31,761,2013-09-05,2013-09-13,True
2015-12-31,762,2013-09-06,2013-09-16,True
2015-12-31,763,2013-09-09,2013-09-17,True
2015-12-31,764,2013-09-10,2013-09-18,True
2015-12-31,765,2013-09-11,2013-09-23,True
2015-12-31,766,2013-09-12,2013-09-27,True
2015-12-31,767,2013-09-13,2013-09-30,True
2015-12-31,768,2013-09-16,2013-09-25,True
2015-12-31,769,2013-09-17,2013-09-26,True
2015-12-31,770,2013-09-18,2013-09-27,True
2015-12-31,771,2013-09-23,2013-10-08,True
2015-12-31,772,2013-09-24,2013-10-09,True
2015-12-31,773,2013-09-25,2013-10-10,True
2015-12-31,774,2013-09-26,2013-10-11,True
2015-12-31,775,2013-09-27,2013-10-14,True
2015-12-31,776,2013-09-30,2013-10-15,True
2015-12-31,777,2013-10-08,2013-10-16,True
2015-12-31,778,2013-10-09,2013-10-17,True
2015-12-31,779,2013-10-10,2013-10-18,True
2015-12-31,780,2013-10-11,2013-10-21,True
2015-12-31,781,2013-10-14,2013-10-22,True
2015-12-31,782,2013-10-15,2013-10-23,True
2015-12-31,783,2013-10-16,2013-10-24,True
2015-12-31,784,2013-10-17,2013-10-25,True
2015-12-31,785,2013-10-18,2013-10-28,True
2015-12-31,786,2013-10-21,2013-10-29,True
2015-12-31,787,2013-10-22,2013-10-30,True
2015-12-31,788,2013-10-23,2013-10-31,True
2015-12-31,789,2013-10-24,2013-11-01,True
2015-12-31,790,2013-10-25,2013-11-04,True
2015-12-31,791,2013-10-28,2013-11-05,True
2015-12-31,792,2013-10-29,2013-11-06,True
2015-12-31,793,2013-10-30,2013-11-07,True
2015-12-31,794,2013-10-31,2013-11-08,True
2015-12-31,795,2013-11-01,2013-11-11,True
2015-12-31,796,2013-11-04,2013-11-12,True
2015-12-31,797,2013-11-05,2013-11-13,True
2015-12-31,798,2013-11-06,2013-11-14,True
2015-12-31,799,2013-11-07,2013-11-15,True
2015-12-31,800,2013-11-08,2013-11-18,True
2015-12-31,801,2013-11-11,2013-11-19,True
2015-12-31,802,2013-11-12,2013-11-20,True
2015-12-31,803,2013-11-13,2013-11-21,True
2015-12-31,804,2013-11-14,2013-11-22,True
2015-12-31,805,2013-11-15,2013-11-25,True
2015-12-31,806,2013-11-18,2013-11-26,True
2015-12-31,807,2013-11-19,2013-11-27,True
2015-12-31,808,2013-11-20,2013-11-28,True
2015-12-31,809,2013-11-21,2013-11-29,True
2015-12-31,810,2013-11-22,2013-12-02,True
2015-12-31,811,2013-11-25,2013-12-03,True
2015-12-31,812,2013-11-26,2013-12-04,True
2015-12-31,813,2013-11-27,2013-12-05,True
2015-12-31,814,2013-11-28,2013-12-06,True
2015-12-31,815,2013-11-29,2013-12-09,True
2015-12-31,816,2013-12-02,2013-12-10,True
2015-12-31,817,2013-12-03,2013-12-11,True
2015-12-31,818,2013-12-04,2013-12-12,True
2015-12-31,819,2013-12-05,2013-12-13,True
2015-12-31,820,2013-12-06,2013-12-16,True
2015-12-31,821,2013-12-09,2013-12-17,True
2015-12-31,822,2013-12-10,2013-12-18,True
2015-12-31,823,2013-12-11,2013-12-19,True
2015-12-31,824,2013-12-12,2013-12-20,True
2015-12-31,825,2013-12-13,2013-12-23,True
2015-12-31,826,2013-12-16,2013-12-24,True
2015-12-31,827,2013-12-17,2013-12-25,True
2015-12-31,828,2013-12-18,2013-12-26,True
2015-12-31,829,2013-12-19,2013-12-27,True
2015-12-31,830,2013-12-20,2013-12-30,True
2015-12-31,831,2013-12-23,2013-12-31,True
2015-12-31,832,2013-12-24,2014-01-02,True
2015-12-31,833,2013-12-25,2014-01-09,True
2015-12-31,834,2013-12-26,2014-01-03,True
2015-12-31,835,2013-12-27,2014-01-06,True
2015-12-31,836,2013-12-30,2014-01-07,True
2015-12-31,837,2013-12-31,2014-01-08,True
2015-12-31,838,2014-01-02,2014-01-10,True
2015-12-31,839,2014-01-03,2014-01-13,True
2015-12-31,840,2014-01-06,2014-01-14,True
2015-12-31,841,2014-01-07,2014-01-15,True
2015-12-31,842,2014-01-08,2014-01-16,True
2015-12-31,843,2014-01-09,2014-01-17,True
2015-12-31,844,2014-01-10,2014-01-20,True
2015-12-31,845,2014-01-13,2014-01-21,True
2015-12-31,846,2014-01-14,2014-01-22,True
2015-12-31,847,2014-01-15,2014-01-23,True
2015-12-31,848,2014-01-16,2014-01-24,True
2015-12-31,849,2014-01-17,2014-01-27,True
2015-12-31,850,2014-01-20,2014-01-28,True
2015-12-31,851,2014-01-21,2014-01-29,True
2015-12-31,852,2014-01-22,2014-01-30,True
2015-12-31,853,2014-01-23,2014-02-07,True
2015-12-31,854,2014-01-24,2014-02-10,True
2015-12-31,855,2014-01-27,2014-02-11,True
2015-12-31,856,2014-01-28,2014-02-12,True
2015-12-31,857,2014-01-29,2014-02-13,True
2015-12-31,858,2014-01-30,2014-02-14,True
2015-12-31,859,2014-02-07,2014-02-17,True
2015-12-31,860,2014-02-10,2014-02-18,True
2015-12-31,861,2014-02-11,2014-02-19,True
2015-12-31,862,2014-02-12,2014-02-20,True
2015-12-31,863,2014-02-13,2014-02-21,True
2015-12-31,864,2014-02-14,2014-02-24,True
2015-12-31,865,2014-02-17,2014-02-25,True
2015-12-31,866,2014-02-18,2014-02-26,True
2015-12-31,867,2014-02-19,2014-02-27,True
2015-12-31,868,2014-02-20,2014-02-28,True
2015-12-31,869,2014-02-21,2014-03-03,True
2015-12-31,870,2014-02-24,2014-03-04,True
2015-12-31,871,2014-02-25,2014-03-05,True
2015-12-31,872,2014-02-26,2014-03-06,True
2015-12-31,873,2014-02-27,2014-03-07,True
2015-12-31,874,2014-02-28,2014-03-10,True
2015-12-31,875,2014-03-03,2014-03-11,True
2015-12-31,876,2014-03-04,2014-03-12,True
2015-12-31,877,2014-03-05,2014-03-13,True
2015-12-31,878,2014-03-06,2014-03-14,True
2015-12-31,879,2014-03-07,2014-03-17,True
2015-12-31,880,2014-03-10,2014-03-18,True
2015-12-31,881,2014-03-11,2014-03-19,True
2015-12-31,882,2014-03-12,2014-03-20,True
2015-12-31,883,2014-03-13,2014-03-21,True
2015-12-31,884,2014-03-14,2014-03-24,True
2015-12-31,885,2014-03-17,2014-03-25,True
2015-12-31,886,2014-03-18,2014-03-26,True
2015-12-31,887,2014-03-19,2014-03-27,True
2015-12-31,888,2014-03-20,2014-03-28,True
2015-12-31,889,2014-03-21,2014-03-31,True
2015-12-31,890,2014-03-24,2014-04-01,True
2015-12-31,891,2014-03-25,2014-04-02,True
2015-12-31,892,2014-03-26,2014-04-03,True
2015-12-31,893,2014-03-27,2014-04-04,True
2015-12-31,894,2014-03-28,2014-04-08,True
2015-12-31,895,2014-03-31,2014-04-15,True
2015-12-31,896,2014-04-01,2014-04-09,True
2015-12-31,897,2014-04-02,2014-04-10,True
2015-12-31,898,2014-04-03,2014-04-11,True
2015-12-31,899,2014-04-04,2014-04-14,True
2015-12-31,900,2014-04-08,2014-04-16,True
2015-12-31,901,2014-04-09,2014-04-17,True
2015-12-31,902,2014-04-10,2014-04-18,True
2015-12-31,903,2014-04-11,2014-04-21,True
2015-12-31,904,2014-04-14,2014-04-22,True
2015-12-31,905,2014-04-15,2014-04-23,True
2015-12-31,906,2014-04-16,2014-04-24,True
2015-12-31,907,2014-04-17,2014-04-25,True
2015-12-31,908,2014-04-18,2014-04-28,True
2015-12-31,909,2014-04-21,2014-04-29,True
2015-12-31,910,2014-04-22,2014-04-30,True
2015-12-31,911,2014-04-23,2014-05-05,True
2015-12-31,912,2014-04-24,2014-05-09,True
2015-12-31,913,2014-04-25,2014-05-12,True
2015-12-31,914,2014-04-28,2014-05-07,True
2015-12-31,915,2014-04-29,2014-05-08,True
2015-12-31,916,2014-04-30,2014-05-09,True
2015-12-31,917,2014-05-05,2014-05-13,True
2015-12-31,918,2014-05-06,2014-05-14,True
2015-12-31,919,2014-05-07,2014-05-15,True
2015-12-31,920,2014-05-08,2014-05-16,True
2015-12-31,921,2014-05-09,2014-05-19,True
2015-12-31,922,2014-05-12,2014-05-20,True
2015-12-31,923,2014-05-13,2014-05-21,True
2015-12-31,924,2014-05-14,2014-05-22,True
2015-12-31,925,2014-05-15,2014-05-23,True
2015-12-31,926,2014-05-16,2014-05-26,True
2015-12-31,927,2014-05-19,2014-05-27,True
2015-12-31,928,2014-05-20,2014-05-28,True
2015-12-31,929,2014-05-21,2014-05-29,True
2015-12-31,930,2014-05-22,2014-05-30,True
2015-12-31,931,2014-05-23,2014-06-03,True
2015-12-31,932,2014-05-26,2014-06-10,True
2015-12-31,933,2014-05-27,2014-06-04,True
2015-12-31,934,2014-05-28,2014-06-05,True
2015-12-31,935,2014-05-29,2014-06-06,True
2015-12-31,936,2014-05-30,2014-06-09,True
2015-12-31,937,2014-06-03,2014-06-11,True
2015-12-31,938,2014-06-04,2014-06-12,True
2015-12-31,939,2014-06-05,2014-06-13,True
2015-12-31,940,2014-06-06,2014-06-16,True
2015-12-31,941,2014-06-09,2014-06-17,True
2015-12-31,942,2014-06-10,2014-06-18,True
2015-12-31,943,2014-06-11,2014-06-19,True
2015-12-31,944,2014-06-12,2014-06-20,True
2015-12-31,945,2014-06-13,2014-06-23,True
2015-12-31,946,2014-06-16,2014-06-24,True
2015-12-31,947,2014-06-17,2014-06-25,True
2015-12-31,948,2014-06-18,2014-06-26,True
2015-12-31,949,2014-06-19,2014-06-27,True
2015-12-31,950,2014-06-20,2014-06-30,True
2015-12-31,951,2014-06-23,2014-07-01,True
2015-12-31,952,2014-06-24,2014-07-02,True
2015-12-31,953,2014-06-25,2014-07-03,True
2015-12-31,954,2014-06-26,2014-07-04,True
2015-12-31,955,2014-06-27,2014-07-07,True
2015-12-31,956,2014-06-30,2014-07-08,True
2015-12-31,957,2014-07-01,2014-07-09,True
2015-12-31,958,2014-07-02,2014-07-10,True
2015-12-31,959,2014-07-03,2014-07-11,True
2015-12-31,960,2014-07-04,2014-07-14,True
2015-12-31,961,2014-07-07,2014-07-15,True
2015-12-31,962,2014-07-08,2014-07-16,True
2015-12-31,963,2014-07-09,2014-07-17,True
2015-12-31,964,2014-07-10,2014-07-18,True
2015-12-31,965,2014-07-11,2014-07-21,True
2015-12-31,966,2014-07-14,2014-07-22,True
2015-12-31,967,2014-07-15,2014-07-23,True
2015-12-31,968,2014-07-16,2014-07-24,True
2015-12-31,969,2014-07-17,2014-07-25,True
2015-12-31,970,2014-07-18,2014-07-28,True
2015-12-31,971,2014-07-21,2014-07-29,True
2015-12-31,972,2014-07-22,2014-07-30,True
2015-12-31,973,2014-07-23,2014-07-31,True
2015-12-31,974,2014-07-24,2014-08-01,True
2015-12-31,975,2014-07-25,2014-08-04,True
2015-12-31,976,2014-07-28,2014-08-05,True
2015-12-31,977,2014-07-29,2014-08-06,True
2015-12-31,978,2014-07-30,2014-08-07,True
2015-12-31,979,2014-07-31,2014-08-08,True
2015-12-31,980,2014-08-01,2014-08-11,True
2015-12-31,981,2014-08-04,2014-08-12,True
2015-12-31,982,2014-08-05,2014-08-13,True
2015-12-31,983,2014-08-06,2014-08-14,True
2015-12-31,984,2014-08-07,2014-08-15,True
2015-12-31,985,2014-08-08,2014-08-18,True
2015-12-31,986,2014-08-11,2014-08-19,True
2015-12-31,987,2014-08-12,2014-08-20,True
2015-12-31,988,2014-08-13,2014-08-21,True
2015-12-31,989,2014-08-14,2014-08-22,True
2015-12-31,990,2014-08-15,2014-08-25,True
2015-12-31,991,2014-08-18,2014-08-26,True
2015-12-31,992,2014-08-19,2014-08-27,True
2015-12-31,993,2014-08-20,2014-08-28,True
2015-12-31,994,2014-08-21,2014-08-29,True
2015-12-31,995,2014-08-22,2014-09-01,True
2015-12-31,996,2014-08-25,2014-09-02,True
2015-12-31,997,2014-08-26,2014-09-03,True
2015-12-31,998,2014-08-27,2014-09-04,True
2015-12-31,999,2014-08-28,2014-09-05,True
2015-12-31,1000,2014-08-29,2014-09-09,True
2015-12-31,1001,2014-09-01,2014-09-16,True
2015-12-31,1002,2014-09-02,2014-09-10,True
2015-12-31,1003,2014-09-03,2014-09-11,True
2015-12-31,1004,2014-09-04,2014-09-12,True
2015-12-31,1005,2014-09-05,2014-09-15,True
2015-12-31,1006,2014-09-09,2014-09-17,True
2015-12-31,1007,2014-09-10,2014-09-18,True
2015-12-31,1008,2014-09-11,2014-09-19,True
2015-12-31,1009,2014-09-12,2014-09-22,True
2015-12-31,1010,2014-09-15,2014-09-23,True
2015-12-31,1011,2014-09-16,2014-09-24,True
2015-12-31,1012,2014-09-17,2014-09-25,True
2015-12-31,1013,2014-09-18,2014-09-26,True
2015-12-31,1014,2014-09-19,2014-09-29,True
2015-12-31,1015,2014-09-22,2014-09-30,True
2015-12-31,1016,2014-09-23,2014-10-08,True
2015-12-31,1017,2014-09-24,2014-10-09,True
2015-12-31,1018,2014-09-25,2014-10-10,True
2015-12-31,1019,2014-09-26,2014-10-13,True
2015-12-31,1020,2014-09-29,2014-10-14,True
2015-12-31,1021,2014-09-30,2014-10-15,True
2015-12-31,1022,2014-10-08,2014-10-16,True
2015-12-31,1023,2014-10-09,2014-10-17,True
2015-12-31,1024,2014-10-10,2014-10-20,True
2015-12-31,1025,2014-10-13,2014-10-21,True
2015-12-31,1026,2014-10-14,2014-10-22,True
2015-12-31,1027,2014-10-15,2014-10-23,True
2015-12-31,1028,2014-10-16,2014-10-24,True
2015-12-31,1029,2014-10-17,2014-10-27,True
2015-12-31,1030,2014-10-20,2014-10-28,True
2015-12-31,1031,2014-10-21,2014-10-29,True
2015-12-31,1032,2014-10-22,2014-10-30,True
2015-12-31,1033,2014-10-23,2014-10-31,True
2015-12-31,1034,2014-10-24,2014-11-03,True
2015-12-31,1035,2014-10-27,2014-11-04,True
2015-12-31,1036,2014-10-28,2014-11-05,True
2015-12-31,1037,2014-10-29,2014-11-06,True
2015-12-31,1038,2014-10-30,2014-11-07,True
2015-12-31,1039,2014-10-31,2014-11-10,True
2015-12-31,1040,2014-11-03,2014-11-11,True
2015-12-31,1041,2014-11-04,2014-11-12,True
2015-12-31,1042,2014-11-05,2014-11-13,True
2015-12-31,1043,2014-11-06,2014-11-14,True
2015-12-31,1044,2014-11-07,2014-11-17,True
2015-12-31,1045,2014-11-10,2014-11-18,True
2015-12-31,1046,2014-11-11,2014-11-19,True
2015-12-31,1047,2014-11-12,2014-11-20,True
2015-12-31,1048,2014-11-13,2014-11-21,True
2015-12-31,1049,2014-11-14,2014-11-24,True
2015-12-31,1050,2014-11-17,2014-11-25,True
2015-12-31,1051,2014-11-18,2014-11-26,True
2015-12-31,1052,2014-11-19,2014-11-27,True
2015-12-31,1053,2014-11-20,2014-11-28,True
2015-12-31,1054,2014-11-21,2014-12-01,True
2015-12-31,1055,2014-11-24,2014-12-02,True
2015-12-31,1056,2014-11-25,2014-12-03,True
2015-12-31,1057,2014-11-26,2014-12-04,True
2015-12-31,1058,2014-11-27,2014-12-05,True
2015-12-31,1059,2014-11-28,2014-12-08,True
2015-12-31,1060,2014-12-01,2014-12-09,True
2015-12-31,1061,2014-12-02,2014-12-10,True
2015-12-31,1062,2014-12-03,2014-12-11,True
2015-12-31,1063,2014-12-04,2014-12-12,True
2015-12-31,1064,2014-12-05,2014-12-15,True
2015-12-31,1065,2014-12-08,2014-12-16,True
2015-12-31,1066,2014-12-09,2014-12-17,True
2015-12-31,1067,2014-12-10,2014-12-18,True
2015-12-31,1068,2014-12-11,2014-12-19,True
2015-12-31,1069,2014-12-12,2014-12-22,True
2015-12-31,1070,2014-12-15,2014-12-23,True
2015-12-31,1071,2014-12-16,2014-12-24,True
2015-12-31,1072,2014-12-17,2014-12-25,True
2015-12-31,1073,2014-12-18,2014-12-26,True
2015-12-31,1074,2014-12-19,2014-12-29,True
2015-12-31,1075,2014-12-22,2014-12-30,True
2015-12-31,1076,2014-12-23,2014-12-31,True
2015-12-31,1077,2014-12-24,2015-01-05,True
2015-12-31,1078,2014-12-25,2015-01-09,True
2015-12-31,1079,2014-12-26,2015-01-12,True
2015-12-31,1080,2014-12-29,2015-01-07,True
2015-12-31,1081,2014-12-30,2015-01-08,True
2015-12-31,1082,2014-12-31,2015-01-09,True
2015-12-31,1083,2015-01-05,2015-01-13,True
2015-12-31,1084,2015-01-06,2015-01-14,True
2015-12-31,1085,2015-01-07,2015-01-15,True
2015-12-31,1086,2015-01-08,2015-01-16,True
2015-12-31,1087,2015-01-09,2015-01-19,True
2015-12-31,1088,2015-01-12,2015-01-20,True
2015-12-31,1089,2015-01-13,2015-01-21,True
2015-12-31,1090,2015-01-14,2015-01-22,True
2015-12-31,1091,2015-01-15,2015-01-23,True
2015-12-31,1092,2015-01-16,2015-01-26,True
2015-12-31,1093,2015-01-19,2015-01-27,True
2015-12-31,1094,2015-01-20,2015-01-28,True
2015-12-31,1095,2015-01-21,2015-01-29,True
2015-12-31,1096,2015-01-22,2015-01-30,True
2015-12-31,1097,2015-01-23,2015-02-02,True
2015-12-31,1098,2015-01-26,2015-02-03,True
2015-12-31,1099,2015-01-27,2015-02-04,True
2015-12-31,1100,2015-01-28,2015-02-05,True
2015-12-31,1101,2015-01-29,2015-02-06,True
2015-12-31,1102,2015-01-30,2015-02-09,True
2015-12-31,1103,2015-02-02,2015-02-10,True
2015-12-31,1104,2015-02-03,2015-02-11,True
2015-12-31,1105,2015-02-04,2015-02-12,True
2015-12-31,1106,2015-02-05,2015-02-13,True
2015-12-31,1107,2015-02-06,2015-02-16,True
2015-12-31,1108,2015-02-09,2015-02-17,True
2015-12-31,1109,2015-02-10,2015-02-25,True
2015-12-31,1110,2015-02-11,2015-02-26,True
2015-12-31,1111,2015-02-12,2015-02-27,True
2015-12-31,1112,2015-02-13,2015-03-02,True
2015-12-31,1113,2015-02-16,2015-03-03,True
2015-12-31,1114,2015-02-17,2015-03-04,True
2015-12-31,1115,2015-02-25,2015-03-05,True
2015-12-31,1116,2015-02-26,2015-03-06,True
2015-12-31,1117,2015-02-27,2015-03-09,True
2015-12-31,1118,2015-03-02,2015-03-10,True
2015-12-31,1119,2015-03-03,2015-03-11,True
2015-12-31,1120,2015-03-04,2015-03-12,True
2015-12-31,1121,2015-03-05,2015-03-13,True
2015-12-31,1122,2015-03-06,2015-03-16,True
2015-12-31,1123,2015-03-09,2015-03-17,True
2015-12-31,1124,2015-03-10,2015-03-18,True
2015-12-31,1125,2015-03-11,2015-03-19,True
2015-12-31,1126,2015-03-12,2015-03-20,True
2015-12-31,1127,2015-03-13,2015-03-23,True
2015-12-31,1128,2015-03-16,2015-03-24,True
2015-12-31,1129,2015-03-17,2015-03-25,True
2015-12-31,1130,2015-03-18,2015-03-26,True
2015-12-31,1131,2015-09-25,2015-10-12,True
2015-12-31,1132,2015-09-28,2015-10-13,True
2015-12-31,1133,2015-09-29,2015-10-14,True
2015-12-31,1134,2015-09-30,2015-10-15,True
2015-12-31,1135,2015-10-08,2015-10-16,True
2015-12-31,1136,2015-10-09,2015-10-19,True
2015-12-31,1137,2015-10-12,2015-10-20,True
2015-12-31,1138,2015-10-13,2015-10-21,True
2015-12-31,1139,2015-10-14,2015-10-22,True
2015-12-31,1140,2015-10-15,2015-10-23,True
2015-12-31,1141,2015-10-16,2015-10-26,True
2015-12-31,1142,2015-10-19,2015-10-27,True
2015-12-31,1143,2015-10-20,2015-10-28,True
2015-12-31,1144,2015-10-21,2015-10-29,True
2015-12-31,1145,2015-10-22,2015-10-30,True
2015-12-31,1146,2015-10-23,2015-11-02,True
2015-12-31,1147,2015-10-26,2015-11-03,True
2015-12-31,1148,2015-10-27,2015-11-04,True
2015-12-31,1149,2015-10-28,2015-11-05,True
2015-12-31,1150,2015-10-29,2015-11-06,True
2015-12-31,1151,2015-10-30,2015-11-09,True
2015-12-31,1152,2015-11-02,2015-11-10,True
2015-12-31,1153,2015-11-03,2015-11-11,True
2015-12-31,1154,2015-11-04,2015-11-12,True
2015-12-31,1155,2015-11-05,2015-11-13,True
2015-12-31,1156,2015-11-06,2015-11-16,True
2015-12-31,1157,2015-11-09,2015-11-17,True
2015-12-31,1158,2015-11-10,2015-11-18,True
2015-12-31,1159,2015-11-11,2015-11-19,True
2015-12-31,1160,2015-11-12,2015-11-20,True
2015-12-31,1161,2015-11-13,2015-11-23,True
2015-12-31,1162,2015-11-16,2015-11-24,True
2015-12-31,1163,2015-11-17,2015-11-25,True
2015-12-31,1164,2015-11-18,2015-11-26,True
2015-12-31,1165,2015-11-19,2015-11-27,True
2015-12-31,1166,2015-11-20,2015-11-30,True
2015-12-31,1167,2015-11-23,2015-12-01,True
2015-12-31,1168,2015-11-24,2015-12-02,True
2015-12-31,1169,2015-11-25,2015-12-03,True
2015-12-31,1170,2015-11-26,2015-12-04,True
2015-12-31,1171,2015-11-27,2015-12-07,True
2015-12-31,1172,2015-11-30,2015-12-08,True
2015-12-31,1173,2015-12-01,2015-12-09,True
2015-12-31,1174,2015-12-02,2015-12-10,True
2015-12-31,1175,2015-12-03,2015-12-11,True
2015-12-31,1176,2015-12-04,2015-12-14,True
2015-12-31,1177,2015-12-07,2015-12-15,True
2015-12-31,1178,2015-12-08,2015-12-16,True
2015-12-31,1179,2015-12-09,2015-12-17,True
2015-12-31,1180,2015-12-10,2015-12-18,True
2015-12-31,1181,2015-12-11,2015-12-21,True
2015-12-31,1182,2015-12-14,2015-12-22,True
2015-12-31,1183,2015-12-15,2015-12-23,True
2015-12-31,1184,2015-12-16,2015-12-24,True
2015-12-31,1185,2015-12-17,2015-12-25,True
2015-12-31,1186,2015-12-18,2015-12-28,True
2015-12-31,1187,2015-12-21,2015-12-29,True
2015-12-31,1188,2015-12-22,2015-12-30,True
2015-12-31,1189,2015-12-23,2015-12-31,True
2016-12-31,0,2010-07-09,2010-07-19,False
2016-12-31,1,2010-07-12,2010-07-20,False
2016-12-31,2,2010-07-20,2010-07-28,False
2016-12-31,3,2010-07-21,2010-07-29,False
2016-12-31,4,2010-07-22,2010-07-30,False
2016-12-31,5,2010-07-23,2010-08-02,False
2016-12-31,6,2010-07-26,2010-08-03,False
2016-12-31,7,2010-07-27,2010-08-04,False
2016-12-31,8,2010-07-28,2010-08-05,False
2016-12-31,9,2010-07-29,2010-08-06,False
2016-12-31,10,2010-07-30,2010-08-09,False
2016-12-31,11,2010-08-02,2010-08-10,False
2016-12-31,12,2010-08-03,2010-08-11,False
2016-12-31,13,2010-08-04,2010-08-12,False
2016-12-31,14,2010-08-05,2010-08-13,False
2016-12-31,15,2010-08-06,2010-08-16,False
2016-12-31,16,2010-08-09,2010-08-17,False
2016-12-31,17,2010-08-10,2010-08-18,False
2016-12-31,18,2010-08-11,2010-08-19,False
2016-12-31,19,2010-08-12,2010-08-20,False
2016-12-31,20,2010-08-13,2010-08-23,False
2016-12-31,21,2010-08-16,2010-08-24,False
2016-12-31,22,2010-08-17,2010-08-25,False
2016-12-31,23,2010-08-18,2010-08-26,False
2016-12-31,24,2010-08-19,2010-08-27,False
2016-12-31,25,2010-08-20,2010-08-30,False
2016-12-31,26,2010-08-23,2010-08-31,False
2016-12-31,27,2010-08-24,2010-09-01,False
2016-12-31,28,2010-08-25,2010-09-02,False
2016-12-31,29,2010-08-26,2010-09-03,False
2016-12-31,30,2010-08-27,2010-09-06,False
2016-12-31,31,2010-08-30,2010-09-07,False
2016-12-31,32,2010-08-31,2010-09-08,False
2016-12-31,33,2010-09-01,2010-09-09,False
2016-12-31,34,2010-09-02,2010-09-10,False
2016-12-31,35,2010-09-03,2010-09-13,False
2016-12-31,36,2010-09-06,2010-09-14,False
2016-12-31,37,2010-09-07,2010-09-15,False
2016-12-31,38,2010-09-08,2010-09-16,False
2016-12-31,39,2010-09-09,2010-09-17,False
2016-12-31,40,2010-09-10,2010-09-20,False
2016-12-31,41,2010-09-13,2010-09-21,False
2016-12-31,42,2010-09-14,2010-09-27,False
2016-12-31,43,2010-09-15,2010-09-30,False
2016-12-31,44,2010-09-16,2010-10-08,False
2016-12-31,45,2010-09-17,2010-10-11,False
2016-12-31,46,2010-09-20,2010-09-30,False
2016-12-31,47,2010-09-21,2010-10-08,False
2016-12-31,48,2010-09-27,2010-10-12,False
2016-12-31,49,2010-09-28,2010-10-13,False
2016-12-31,50,2010-09-29,2010-10-14,False
2016-12-31,51,2010-09-30,2010-10-15,False
2016-12-31,52,2010-10-08,2010-10-18,False
2016-12-31,53,2010-10-11,2010-10-19,False
2016-12-31,54,2010-10-12,2010-10-20,False
2016-12-31,55,2010-10-13,2010-10-21,False
2016-12-31,56,2010-10-14,2010-10-22,False
2016-12-31,57,2010-10-15,2010-10-25,False
2016-12-31,58,2010-10-18,2010-10-26,False
2016-12-31,59,2010-10-19,2010-10-27,False
2016-12-31,60,2010-10-20,2010-10-28,False
2016-12-31,61,2010-10-21,2010-10-29,False
2016-12-31,62,2010-10-22,2010-11-01,False
2016-12-31,63,2010-10-25,2010-11-02,False
2016-12-31,64,2010-10-26,2010-11-03,False
2016-12-31,65,2010-10-27,2010-11-04,False
2016-12-31,66,2010-10-28,2010-11-05,False
2016-12-31,67,2010-10-29,2010-11-08,False
2016-12-31,68,2010-11-01,2010-11-09,False
2016-12-31,69,2010-11-02,2010-11-10,False
2016-12-31,70,2010-11-03,2010-11-11,False
2016-12-31,71,2010-11-04,2010-11-12,False
2016-12-31,72,2010-11-05,2010-11-15,False
2016-12-31,73,2010-11-08,2010-11-16,False
2016-12-31,74,2010-11-09,2010-11-17,False
2016-12-31,75,2010-11-10,2010-11-18,False
2016-12-31,76,2010-11-11,2010-11-19,False
2016-12-31,77,2010-11-12,2010-11-22,False
2016-12-31,78,2010-11-15,2010-11-23,False
2016-12-31,79,2010-11-16,2010-11-24,False
2016-12-31,80,2010-11-17,2010-11-25,False
2016-12-31,81,2010-11-18,2010-11-26,False
2016-12-31,82,2010-11-19,2010-11-29,False
2016-12-31,83,2010-11-22,2010-11-30,False
2016-12-31,84,2010-11-23,2010-12-01,False
2016-12-31,85,2010-11-24,2010-12-02,False
2016-12-31,86,2010-11-25,2010-12-03,False
2016-12-31,87,2010-11-26,2010-12-06,False
2016-12-31,88,2010-11-29,2010-12-07,False
2016-12-31,89,2010-11-30,2010-12-08,False
2016-12-31,90,2010-12-01,2010-12-09,False
2016-12-31,91,2010-12-02,2010-12-10,False
2016-12-31,92,2010-12-03,2010-12-13,False
2016-12-31,93,2010-12-06,2010-12-14,False
2016-12-31,94,2010-12-07,2010-12-15,False
2016-12-31,95,2010-12-08,2010-12-16,False
2016-12-31,96,2010-12-09,2010-12-17,False
2016-12-31,97,2010-12-10,2010-12-20,False
2016-12-31,98,2010-12-13,2010-12-21,False
2016-12-31,99,2010-12-14,2010-12-22,False
2016-12-31,100,2010-12-15,2010-12-23,False
2016-12-31,101,2010-12-16,2010-12-24,False
2016-12-31,102,2010-12-17,2010-12-27,False
2016-12-31,103,2010-12-20,2010-12-28,False
2016-12-31,104,2010-12-21,2010-12-29,False
2016-12-31,105,2010-12-22,2010-12-30,False
2016-12-31,106,2010-12-23,2010-12-31,False
2016-12-31,107,2010-12-24,2011-01-04,False
2016-12-31,108,2010-12-27,2011-01-11,False
2016-12-31,109,2010-12-28,2011-01-05,False
2016-12-31,110,2010-12-29,2011-01-06,False
2016-12-31,111,2010-12-30,2011-01-07,False
2016-12-31,112,2010-12-31,2011-01-10,False
2016-12-31,113,2011-01-04,2011-01-12,False
2016-12-31,114,2011-01-05,2011-01-13,False
2016-12-31,115,2011-01-06,2011-01-14,False
2016-12-31,116,2011-01-07,2011-01-17,False
2016-12-31,117,2011-01-10,2011-01-18,False
2016-12-31,118,2011-01-11,2011-01-19,False
2016-12-31,119,2011-01-12,2011-01-20,False
2016-12-31,120,2011-01-13,2011-01-21,False
2016-12-31,121,2011-01-14,2011-01-24,False
2016-12-31,122,2011-01-17,2011-01-25,False
2016-12-31,123,2011-01-18,2011-01-26,False
2016-12-31,124,2011-01-19,2011-01-27,False
2016-12-31,125,2011-01-20,2011-01-28,False
2016-12-31,126,2011-01-21,2011-01-31,False
2016-12-31,127,2011-01-24,2011-02-01,False
2016-12-31,128,2011-01-25,2011-02-09,False
2016-12-31,129,2011-01-26,2011-02-10,False
2016-12-31,130,2011-01-27,2011-02-11,False
2016-12-31,131,2011-01-28,2011-02-14,False
2016-12-31,132,2011-01-31,2011-02-15,False
2016-12-31,133,2011-02-01,2011-02-16,False
2016-12-31,134,2011-02-09,2011-02-17,False
2016-12-31,135,2011-02-10,2011-02-18,False
2016-12-31,136,2011-02-11,2011-02-21,False
2016-12-31,137,2011-02-14,2011-02-22,False
2016-12-31,138,2011-02-15,2011-02-23,False
2016-12-31,139,2011-02-16,2011-02-24,False
2016-12-31,140,2011-02-17,2011-02-25,False
2016-12-31,141,2011-02-18,2011-02-28,False
2016-12-31,142,2011-02-21,2011-03-01,False
2016-12-31,143,2011-02-22,2011-03-02,False
2016-12-31,144,2011-02-23,2011-03-03,False
2016-12-31,145,2011-02-24,2011-03-04,False
2016-12-31,146,2011-02-25,2011-03-07,False
2016-12-31,147,2011-02-28,2011-03-08,False
2016-12-31,148,2011-03-01,2011-03-09,False
2016-12-31,149,2011-03-02,2011-03-10,False
2016-12-31,150,2011-03-03,2011-03-11,False
2016-12-31,151,2011-03-04,2011-03-14,False
2016-12-31,152,2011-03-07,2011-03-15,False
2016-12-31,153,2011-03-08,2011-03-16,False
2016-12-31,154,2011-03-09,2011-03-17,False
2016-12-31,155,2011-03-10,2011-03-18,False
2016-12-31,156,2011-03-11,2011-03-21,False
2016-12-31,157,2011-03-14,2011-03-22,False
2016-12-31,158,2011-03-15,2011-03-23,False
2016-12-31,159,2011-03-16,2011-03-24,False
2016-12-31,160,2011-03-17,2011-03-25,False
2016-12-31,161,2011-03-18,2011-03-28,False
2016-12-31,162,2011-03-21,2011-03-29,False
2016-12-31,163,2011-03-22,2011-03-30,False
2016-12-31,164,2011-03-23,2011-03-31,False
2016-12-31,165,2011-03-24,2011-04-01,False
2016-12-31,166,2011-03-25,2011-04-06,False
2016-12-31,167,2011-03-28,2011-04-12,False
2016-12-31,168,2011-03-29,2011-04-13,False
2016-12-31,169,2011-03-30,2011-04-08,False
2016-12-31,170,2011-03-31,2011-04-11,False
2016-12-31,171,2011-04-01,2011-04-12,False
2016-12-31,172,2011-04-06,2011-04-14,False
2016-12-31,173,2011-04-07,2011-04-15,False
2016-12-31,174,2011-04-08,2011-04-18,False
2016-12-31,175,2011-04-11,2011-04-19,False
2016-12-31,176,2011-04-12,2011-04-20,False
2016-12-31,177,2011-04-13,2011-04-21,False
2016-12-31,178,2011-04-14,2011-04-22,False
2016-12-31,179,2011-04-15,2011-04-25,False
2016-12-31,180,2011-04-18,2011-04-26,False
2016-12-31,181,2011-04-19,2011-04-27,False
2016-12-31,182,2011-04-20,2011-04-28,False
2016-12-31,183,2011-04-21,2011-04-29,False
2016-12-31,184,2011-04-22,2011-05-03,False
2016-12-31,185,2011-04-25,2011-05-10,False
2016-12-31,186,2011-04-26,2011-05-04,False
2016-12-31,187,2011-04-27,2011-05-05,False
2016-12-31,188,2011-04-28,2011-05-06,False
2016-12-31,189,2011-04-29,2011-05-09,False
2016-12-31,190,2011-05-03,2011-05-11,False
2016-12-31,191,2011-05-04,2011-05-12,False
2016-12-31,192,2011-05-05,2011-05-13,False
2016-12-31,193,2011-05-06,2011-05-16,False
2016-12-31,194,2011-05-09,2011-05-17,False
2016-12-31,195,2011-05-10,2011-05-18,False
2016-12-31,196,2011-05-11,2011-05-19,False
2016-12-31,197,2011-05-12,2011-05-20,False
2016-12-31,198,2011-05-13,2011-05-23,False
2016-12-31,199,2011-05-16,2011-05-24,False
2016-12-31,200,2011-05-17,2011-05-25,False
2016-12-31,201,2011-05-18,2011-05-26,False
2016-12-31,202,2011-05-19,2011-05-27,False
2016-12-31,203,2011-05-20,2011-05-30,False
2016-12-31,204,2011-05-23,2011-05-31,False
2016-12-31,205,2011-05-24,2011-06-01,False
2016-12-31,206,2011-05-25,2011-06-02,False
2016-12-31,207,2011-05-26,2011-06-03,False
2016-12-31,208,2011-05-27,2011-06-07,False
2016-12-31,209,2011-05-30,2011-06-14,False
2016-12-31,210,2011-05-31,2011-06-08,False
2016-12-31,211,2011-06-01,2011-06-09,False
2016-12-31,212,2011-06-02,2011-06-10,False
2016-12-31,213,2011-06-03,2011-06-13,False
2016-12-31,214,2011-06-07,2011-06-15,False
2016-12-31,215,2011-06-08,2011-06-16,False
2016-12-31,216,2011-06-09,2011-06-17,False
2016-12-31,217,2011-06-10,2011-06-20,False
2016-12-31,218,2011-06-13,2011-06-21,False
2016-12-31,219,2011-06-14,2011-06-22,False
2016-12-31,220,2011-06-15,2011-06-23,False
2016-12-31,221,2011-06-16,2011-06-24,False
2016-12-31,222,2011-06-17,2011-06-27,False
2016-12-31,223,2011-06-20,2011-06-28,False
2016-12-31,224,2011-06-21,2011-06-29,False
2016-12-31,225,2011-06-22,2011-06-30,False
2016-12-31,226,2011-06-23,2011-07-01,False
2016-12-31,227,2011-06-24,2011-07-04,False
2016-12-31,228,2011-06-27,2011-07-05,False
2016-12-31,229,2011-06-28,2011-07-06,False
2016-12-31,230,2011-06-29,2011-07-07,False
2016-12-31,231,2011-06-30,2011-07-08,False
2016-12-31,232,2011-07-01,2011-07-11,False
2016-12-31,233,2011-07-04,2011-07-12,False
2016-12-31,234,2011-07-05,2011-07-13,False
2016-12-31,235,2011-07-06,2011-07-14,False
2016-12-31,236,2011-07-07,2011-07-15,False
2016-12-31,237,2011-07-08,2011-07-18,False
2016-12-31,238,2011-07-11,2011-07-19,False
2016-12-31,239,2011-07-12,2011-07-20,False
2016-12-31,240,2011-07-13,2011-07-21,False
2016-12-31,241,2011-07-14,2011-07-22,False
2016-12-31,242,2011-07-15,2011-07-25,False
2016-12-31,243,2011-07-18,2011-07-26,False
2016-12-31,244,2011-07-19,2011-07-27,False
2016-12-31,245,2011-07-20,2011-07-28,False
2016-12-31,246,2011-07-21,2011-07-29,False
2016-12-31,247,2011-07-22,2011-08-01,False
2016-12-31,248,2011-07-25,2011-08-02,False
2016-12-31,249,2011-07-26,2011-08-03,False
2016-12-31,250,2011-07-27,2011-08-04,False
2016-12-31,251,2011-07-28,2011-08-05,False
2016-12-31,252,2011-07-29,2011-08-08,False
2016-12-31,253,2011-08-01,2011-08-09,False
2016-12-31,254,2011-08-02,2011-08-10,False
2016-12-31,255,2011-08-03,2011-08-11,False
2016-12-31,256,2011-08-04,2011-08-12,False
2016-12-31,257,2011-08-05,2011-08-15,False
2016-12-31,258,2011-08-08,2011-08-16,False
2016-12-31,259,2011-08-09,2011-08-17,False
2016-12-31,260,2011-08-10,2011-08-18,False
2016-12-31,261,2011-08-11,2011-08-19,False
2016-12-31,262,2011-08-12,2011-08-22,False
2016-12-31,263,2011-08-15,2011-08-23,False
2016-12-31,264,2011-08-16,2011-08-24,False
2016-12-31,265,2011-08-17,2011-08-25,False
2016-12-31,266,2011-08-18,2011-08-26,False
2016-12-31,267,2011-08-19,2011-08-29,False
2016-12-31,268,2011-08-22,2011-08-30,False
2016-12-31,269,2011-08-23,2011-08-31,False
2016-12-31,270,2011-08-24,2011-09-01,False
2016-12-31,271,2011-08-25,2011-09-02,False
2016-12-31,272,2011-08-26,2011-09-05,False
2016-12-31,273,2011-08-29,2011-09-06,False
2016-12-31,274,2011-08-30,2011-09-07,False
2016-12-31,275,2011-08-31,2011-09-08,False
2016-12-31,276,2011-09-01,2011-09-09,False
2016-12-31,277,2011-09-02,2011-09-13,False
2016-12-31,278,2011-09-05,2011-09-20,False
2016-12-31,279,2011-09-06,2011-09-14,False
2016-12-31,280,2011-09-07,2011-09-15,False
2016-12-31,281,2011-09-08,2011-09-16,False
2016-12-31,282,2011-09-09,2011-09-19,False
2016-12-31,283,2011-09-13,2011-09-21,False
2016-12-31,284,2011-09-14,2011-09-22,False
2016-12-31,285,2011-09-15,2011-09-23,False
2016-12-31,286,2011-09-16,2011-09-26,False
2016-12-31,287,2011-09-19,2011-09-27,False
2016-12-31,288,2011-09-20,2011-09-28,False
2016-12-31,289,2011-09-21,2011-09-29,False
2016-12-31,290,2011-09-22,2011-09-30,False
2016-12-31,291,2011-09-23,2011-10-10,False
2016-12-31,292,2011-09-26,2011-10-11,False
2016-12-31,293,2011-09-27,2011-10-12,False
2016-12-31,294,2011-09-28,2011-10-13,False
2016-12-31,295,2011-09-29,2011-10-14,False
2016-12-31,296,2011-09-30,2011-10-17,False
2016-12-31,297,2011-10-10,2011-10-18,False
2016-12-31,298,2011-10-11,2011-10-19,False
2016-12-31,299,2011-10-12,2011-10-20,False
2016-12-31,300,2011-10-13,2011-10-21,False
2016-12-31,301,2011-10-14,2011-10-24,False
2016-12-31,302,2011-10-17,2011-10-25,False
2016-12-31,303,2011-10-18,2011-10-26,False
2016-12-31,304,2011-10-19,2011-10-27,False
2016-12-31,305,2011-10-20,2011-10-28,False
2016-12-31,306,2011-10-21,2011-10-31,False
2016-12-31,307,2011-10-24,2011-11-01,False
2016-12-31,308,2011-10-25,2011-11-02,False
2016-12-31,309,2011-10-26,2011-11-03,False
2016-12-31,310,2011-10-27,2011-11-04,False
2016-12-31,311,2011-10-28,2011-11-07,False
2016-12-31,312,2011-10-31,2011-11-08,False
2016-12-31,313,2011-11-01,2011-11-09,False
2016-12-31,314,2011-11-02,2011-11-10,False
2016-12-31,315,2011-11-03,2011-11-11,False
2016-12-31,316,2011-11-04,2011-11-14,False
2016-12-31,317,2011-11-07,2011-11-15,False
2016-12-31,318,2011-11-08,2011-11-16,False
2016-12-31,319,2011-11-09,2011-11-17,False
2016-12-31,320,2011-11-10,2011-11-18,False
2016-12-31,321,2011-11-11,2011-11-21,False
2016-12-31,322,2011-11-14,2011-11-22,False
2016-12-31,323,2011-11-15,2011-11-23,False
2016-12-31,324,2011-11-16,2011-11-24,False
2016-12-31,325,2011-11-17,2011-11-25,False
2016-12-31,326,2011-11-18,2011-11-28,False
2016-12-31,327,2011-11-21,2011-11-29,False
2016-12-31,328,2011-11-22,2011-11-30,False
2016-12-31,329,2011-11-23,2011-12-01,False
2016-12-31,330,2011-11-24,2011-12-02,False
2016-12-31,331,2011-11-25,2011-12-05,False
2016-12-31,332,2011-11-28,2011-12-06,False
2016-12-31,333,2011-11-29,2011-12-07,False
2016-12-31,334,2011-11-30,2011-12-08,False
2016-12-31,335,2011-12-01,2011-12-09,False
2016-12-31,336,2011-12-02,2011-12-12,False
2016-12-31,337,2011-12-05,2011-12-13,False
2016-12-31,338,2011-12-06,2011-12-14,False
2016-12-31,339,2011-12-07,2011-12-15,False
2016-12-31,340,2011-12-08,2011-12-16,False
2016-12-31,341,2011-12-09,2011-12-19,False
2016-12-31,342,2011-12-12,2011-12-20,False
2016-12-31,343,2011-12-13,2011-12-21,False
2016-12-31,344,2011-12-14,2011-12-22,False
2016-12-31,345,2011-12-15,2011-12-23,False
2016-12-31,346,2011-12-16,2011-12-26,False
2016-12-31,347,2011-12-19,2011-12-27,False
2016-12-31,348,2011-12-20,2011-12-28,False
2016-12-31,349,2011-12-21,2011-12-29,False
2016-12-31,350,2011-12-22,2011-12-30,False
2016-12-31,351,2011-12-23,2012-01-04,False
2016-12-31,352,2011-12-26,2012-01-10,False
2016-12-31,353,2011-12-27,2012-01-11,False
2016-12-31,354,2011-12-28,2012-01-06,False
2016-12-31,355,2011-12-29,2012-01-09,False
2016-12-31,356,2011-12-30,2012-01-10,False
2016-12-31,357,2012-01-04,2012-01-12,False
2016-12-31,358,2012-01-05,2012-01-13,False
2016-12-31,359,2012-01-06,2012-01-16,False
2016-12-31,360,2012-01-09,2012-01-17,False
2016-12-31,361,2012-01-10,2012-01-18,False
2016-12-31,362,2012-01-11,2012-01-19,False
2016-12-31,363,2012-01-12,2012-01-20,False
2016-12-31,364,2012-01-13,2012-01-30,False
2016-12-31,365,2012-01-16,2012-01-31,False
2016-12-31,366,2012-01-17,2012-02-01,False
2016-12-31,367,2012-01-18,2012-02-02,False
2016-12-31,368,2012-01-19,2012-02-03,False
2016-12-31,369,2012-01-20,2012-02-06,False
2016-12-31,370,2012-01-30,2012-02-07,False
2016-12-31,371,2012-01-31,2012-02-08,False
2016-12-31,372,2012-02-01,2012-02-09,False
2016-12-31,373,2012-02-02,2012-02-10,False
2016-12-31,374,2012-02-03,2012-02-13,False
2016-12-31,375,2012-02-06,2012-02-14,False
2016-12-31,376,2012-02-07,2012-02-15,False
2016-12-31,377,2012-02-08,2012-02-16,False
2016-12-31,378,2012-02-09,2012-02-17,False
2016-12-31,379,2012-02-10,2012-02-20,False
2016-12-31,380,2012-02-13,2012-02-21,False
2016-12-31,381,2012-02-14,2012-02-22,False
2016-12-31,382,2012-02-15,2012-02-23,False
2016-12-31,383,2012-02-16,2012-02-24,False
2016-12-31,384,2012-02-17,2012-02-27,False
2016-12-31,385,2012-02-20,2012-02-28,False
2016-12-31,386,2012-02-21,2012-02-29,False
2016-12-31,387,2012-02-22,2012-03-01,False
2016-12-31,388,2012-02-23,2012-03-02,False
2016-12-31,389,2012-02-24,2012-03-05,False
2016-12-31,390,2012-02-27,2012-03-06,False
2016-12-31,391,2012-02-28,2012-03-07,False
2016-12-31,392,2012-02-29,2012-03-08,False
2016-12-31,393,2012-03-01,2012-03-09,False
2016-12-31,394,2012-03-02,2012-03-12,False
2016-12-31,395,2012-03-05,2012-03-13,False
2016-12-31,396,2012-03-06,2012-03-14,False
2016-12-31,397,2012-03-07,2012-03-15,False
2016-12-31,398,2012-03-08,2012-03-16,False
2016-12-31,399,2012-03-09,2012-03-19,False
2016-12-31,400,2012-03-12,2012-03-20,False
2016-12-31,401,2012-03-13,2012-03-21,False
2016-12-31,402,2012-03-14,2012-03-22,False
2016-12-31,403,2012-03-15,2012-03-23,False
2016-12-31,404,2012-03-16,2012-03-26,False
2016-12-31,405,2012-03-19,2012-03-27,False
2016-12-31,406,2012-03-20,2012-03-28,False
2016-12-31,407,2012-03-21,2012-03-29,False
2016-12-31,408,2012-03-22,2012-03-30,False
2016-12-31,409,2012-03-23,2012-04-05,False
2016-12-31,410,2012-03-26,2012-04-10,False
2016-12-31,411,2012-03-27,2012-04-11,False
2016-12-31,412,2012-03-28,2012-04-12,False
2016-12-31,413,2012-03-29,2012-04-10,False
2016-12-31,414,2012-03-30,2012-04-11,False
2016-12-31,415,2012-04-05,2012-04-13,False
2016-12-31,416,2012-04-06,2012-04-16,False
2016-12-31,417,2012-04-09,2012-04-17,False
2016-12-31,418,2012-04-10,2012-04-18,False
2016-12-31,419,2012-04-11,2012-04-19,False
2016-12-31,420,2012-04-12,2012-04-20,False
2016-12-31,421,2012-04-13,2012-04-23,False
2016-12-31,422,2012-04-16,2012-04-24,False
2016-12-31,423,2012-04-17,2012-04-25,False
2016-12-31,424,2012-04-18,2012-04-26,False
2016-12-31,425,2012-04-19,2012-04-27,False
2016-12-31,426,2012-04-20,2012-05-02,False
2016-12-31,427,2012-04-23,2012-05-08,False
2016-12-31,428,2012-04-24,2012-05-09,False
2016-12-31,429,2012-04-25,2012-05-04,False
2016-12-31,430,2012-04-26,2012-05-07,False
2016-12-31,431,2012-04-27,2012-05-08,False
2016-12-31,432,2012-05-02,2012-05-10,False
2016-12-31,433,2012-05-03,2012-05-11,False
2016-12-31,434,2012-05-04,2012-05-14,False
2016-12-31,435,2012-05-07,2012-05-15,False
2016-12-31,436,2012-05-08,2012-05-16,False
2016-12-31,437,2012-05-09,2012-05-17,False
2016-12-31,438,2012-05-10,2012-05-18,False
2016-12-31,439,2012-05-11,2012-05-21,False
2016-12-31,440,2012-05-14,2012-05-22,False
2016-12-31,441,2012-05-15,2012-05-23,False
2016-12-31,442,2012-05-16,2012-05-24,False
2016-12-31,443,2012-05-17,2012-05-25,False
2016-12-31,444,2012-05-18,2012-05-28,False
2016-12-31,445,2012-05-21,2012-05-29,False
2016-12-31,446,2012-05-22,2012-05-30,False
2016-12-31,447,2012-05-23,2012-05-31,False
2016-12-31,448,2012-05-24,2012-06-01,False
2016-12-31,449,2012-05-25,2012-06-04,False
2016-12-31,450,2012-05-28,2012-06-05,False
2016-12-31,451,2012-05-29,2012-06-06,False
2016-12-31,452,2012-05-30,2012-06-07,False
2016-12-31,453,2012-05-31,2012-06-08,False
2016-12-31,454,2012-06-01,2012-06-11,False
2016-12-31,455,2012-06-04,2012-06-12,False
2016-12-31,456,2012-06-05,2012-06-13,False
2016-12-31,457,2012-06-06,2012-06-14,False
2016-12-31,458,2012-06-07,2012-06-15,False
2016-12-31,459,2012-06-08,2012-06-18,False
2016-12-31,460,2012-06-11,2012-06-19,False
2016-12-31,461,2012-06-12,2012-06-20,False
2016-12-31,462,2012-06-13,2012-06-21,False
2016-12-31,463,2012-06-14,2012-06-25,False
2016-12-31,464,2012-06-15,2012-07-02,False
2016-12-31,465,2012-06-18,2012-06-26,False
2016-12-31,466,2012-06-19,2012-06-27,False
2016-12-31,467,2012-06-20,2012-06-28,False
2016-12-31,468,2012-06-21,2012-06-29,False
2016-12-31,469,2012-06-25,2012-07-03,False
2016-12-31,470,2012-06-26,2012-07-04,False
2016-12-31,471,2012-06-27,2012-07-05,False
2016-12-31,472,2012-06-28,2012-07-06,False
2016-12-31,473,2012-06-29,2012-07-09,False
2016-12-31,474,2012-07-02,2012-07-10,False
2016-12-31,475,2012-07-03,2012-07-11,False
2016-12-31,476,2012-07-04,2012-07-12,False
2016-12-31,477,2012-07-05,2012-07-13,False
2016-12-31,478,2012-07-06,2012-07-16,False
2016-12-31,479,2012-07-09,2012-07-17,False
2016-12-31,480,2012-07-10,2012-07-18,False
2016-12-31,481,2012-07-11,2012-07-19,False
2016-12-31,482,2012-07-12,2012-07-20,False
2016-12-31,483,2012-07-13,2012-07-23,False
2016-12-31,484,2012-07-16,2012-07-24,False
2016-12-31,485,2012-07-17,2012-07-25,False
2016-12-31,486,2012-07-18,2012-07-26,False
2016-12-31,487,2012-07-19,2012-07-27,False
2016-12-31,488,2012-07-20,2012-07-30,False
2016-12-31,489,2012-07-23,2012-07-31,False
2016-12-31,490,2012-07-24,2012-08-01,False
2016-12-31,491,2012-07-25,2012-08-02,False
2016-12-31,492,2012-07-26,2012-08-03,False
2016-12-31,493,2012-07-27,2012-08-06,False
2016-12-31,494,2012-07-30,2012-08-07,False
2016-12-31,495,2012-07-31,2012-08-08,False
2016-12-31,496,2012-08-01,2012-08-09,False
2016-12-31,497,2012-08-02,2012-08-10,False
2016-12-31,498,2012-08-03,2012-08-13,False
2016-12-31,499,2012-08-06,2012-08-14,False
2016-12-31,500,2012-08-07,2012-08-15,False
2016-12-31,501,2012-08-08,2012-08-16,False
2016-12-31,502,2012-08-09,2012-08-17,False
2016-12-31,503,2012-08-10,2012-08-20,False
2016-12-31,504,2012-08-13,2012-08-21,False
2016-12-31,505,2012-08-14,2012-08-22,False
2016-12-31,506,2012-08-15,2012-08-23,False
2016-12-31,507,2012-08-16,2012-08-24,False
2016-12-31,508,2012-08-17,2012-08-27,False
2016-12-31,509,2012-08-20,2012-08-28,False
2016-12-31,510,2012-08-21,2012-08-29,False
2016-12-31,511,2012-08-22,2012-08-30,False
2016-12-31,512,2012-08-23,2012-08-31,False
2016-12-31,513,2012-08-24,2012-09-03,False
2016-12-31,514,2012-08-27,2012-09-04,False
2016-12-31,515,2012-08-28,2012-09-05,False
2016-12-31,516,2012-08-29,2012-09-06,False
2016-12-31,517,2012-08-30,2012-09-07,False
2016-12-31,518,2012-08-31,2012-09-10,False
2016-12-31,519,2012-09-03,2012-09-11,False
2016-12-31,520,2012-09-04,2012-09-12,False
2016-12-31,521,2012-09-05,2012-09-13,False
2016-12-31,522,2012-09-06,2012-09-14,False
2016-12-31,523,2012-09-07,2012-09-17,False
2016-12-31,524,2012-09-10,2012-09-18,False
2016-12-31,525,2012-09-11,2012-09-19,False
2016-12-31,526,2012-09-12,2012-09-20,False
2016-12-31,527,2012-09-13,2012-09-21,False
2016-12-31,528,2012-09-14,2012-09-24,False
2016-12-31,529,2012-09-17,2012-09-25,False
2016-12-31,530,2012-09-18,2012-09-26,False
2016-12-31,531,2012-09-19,2012-09-27,False
2016-12-31,532,2012-09-20,2012-09-28,False
2016-12-31,533,2012-09-21,2012-10-08,False
2016-12-31,534,2012-09-24,2012-10-09,False
2016-12-31,535,2012-09-25,2012-10-10,False
2016-12-31,536,2012-09-26,2012-10-11,False
2016-12-31,537,2012-09-27,2012-10-12,False
2016-12-31,538,2012-09-28,2012-10-15,False
2016-12-31,539,2012-10-08,2012-10-16,False
2016-12-31,540,2012-10-09,2012-10-17,False
2016-12-31,541,2012-10-10,2012-10-18,False
2016-12-31,542,2012-10-11,2012-10-19,False
2016-12-31,543,2012-10-12,2012-10-22,False
2016-12-31,544,2012-10-15,2012-10-23,False
2016-12-31,545,2012-10-16,2012-10-24,False
2016-12-31,546,2012-10-17,2012-10-25,False
2016-12-31,547,2012-10-18,2012-10-26,False
2016-12-31,548,2012-10-19,2012-10-29,False
2016-12-31,549,2012-10-22,2012-10-30,False
2016-12-31,550,2012-10-23,2012-10-31,False
2016-12-31,551,2012-10-24,2012-11-01,False
2016-12-31,552,2012-10-25,2012-11-02,False
2016-12-31,553,2012-10-26,2012-11-05,False
2016-12-31,554,2012-10-29,2012-11-06,False
2016-12-31,555,2012-10-30,2012-11-07,False
2016-12-31,556,2012-10-31,2012-11-08,False
2016-12-31,557,2012-11-01,2012-11-09,False
2016-12-31,558,2012-11-02,2012-11-12,False
2016-12-31,559,2012-11-05,2012-11-13,False
2016-12-31,560,2012-11-06,2012-11-14,False
2016-12-31,561,2012-11-07,2012-11-15,False
2016-12-31,562,2012-11-08,2012-11-16,False
2016-12-31,563,2012-11-09,2012-11-19,False
2016-12-31,564,2012-11-12,2012-11-20,False
2016-12-31,565,2012-11-13,2012-11-21,False
2016-12-31,566,2012-11-14,2012-11-22,False
2016-12-31,567,2012-11-15,2012-11-23,False
2016-12-31,568,2012-11-16,2012-11-26,False
2016-12-31,569,2012-11-19,2012-11-27,False
2016-12-31,570,2012-11-20,2012-11-28,False
2016-12-31,571,2012-11-21,2012-11-29,False
2016-12-31,572,2012-11-22,2012-11-30,False
2016-12-31,573,2012-11-23,2012-12-03,False
2016-12-31,574,2012-11-26,2012-12-04,False
2016-12-31,575,2012-11-27,2012-12-05,False
2016-12-31,576,2012-11-28,2012-12-06,False
2016-12-31,577,2012-11-29,2012-12-07,False
2016-12-31,578,2012-11-30,2012-12-10,False
2016-12-31,579,2012-12-03,2012-12-11,False
2016-12-31,580,2012-12-04,2012-12-12,False
2016-12-31,581,2012-12-05,2012-12-13,False
2016-12-31,582,2012-12-06,2012-12-14,False
2016-12-31,583,2012-12-07,2012-12-17,False
2016-12-31,584,2012-12-10,2012-12-18,False
2016-12-31,585,2012-12-11,2012-12-19,False
2016-12-31,586,2012-12-12,2012-12-20,False
2016-12-31,587,2012-12-13,2012-12-21,False
2016-12-31,588,2012-12-14,2012-12-24,False
2016-12-31,589,2012-12-17,2012-12-25,False
2016-12-31,590,2012-12-18,2012-12-26,False
2016-12-31,591,2012-12-19,2012-12-27,False
2016-12-31,592,2012-12-20,2012-12-28,False
2016-12-31,593,2012-12-21,2012-12-31,False
2016-12-31,594,2012-12-24,2013-01-04,False
2016-12-31,595,2012-12-25,2013-01-09,False
2016-12-31,596,2012-12-26,2013-01-10,False
2016-12-31,597,2012-12-27,2013-01-11,False
2016-12-31,598,2012-12-28,2013-01-09,False
2016-12-31,599,2012-12-31,2013-01-10,False
2016-12-31,600,2013-01-04,2013-01-14,False
2016-12-31,601,2013-01-07,2013-01-15,False
2016-12-31,602,2013-01-08,2013-01-16,False
2016-12-31,603,2013-01-09,2013-01-17,False
2016-12-31,604,2013-01-10,2013-01-18,False
2016-12-31,605,2013-01-11,2013-01-21,False
2016-12-31,606,2013-01-14,2013-01-22,False
2016-12-31,607,2013-01-15,2013-01-23,False
2016-12-31,608,2013-01-16,2013-01-24,False
2016-12-31,609,2013-01-17,2013-01-25,False
2016-12-31,610,2013-01-18,2013-01-28,False
2016-12-31,611,2013-01-21,2013-01-29,False
2016-12-31,612,2013-01-22,2013-01-30,False
2016-12-31,613,2013-01-23,2013-01-31,False
2016-12-31,614,2013-01-24,2013-02-01,False
2016-12-31,615,2013-01-25,2013-02-04,False
2016-12-31,616,2013-01-28,2013-02-05,False
2016-12-31,617,2013-01-29,2013-02-06,False
2016-12-31,618,2013-01-30,2013-02-07,False
2016-12-31,619,2013-01-31,2013-02-08,False
2016-12-31,620,2013-02-01,2013-02-18,False
2016-12-31,621,2013-02-04,2013-02-19,False
2016-12-31,622,2013-02-05,2013-02-20,False
2016-12-31,623,2013-02-06,2013-02-21,False
2016-12-31,624,2013-02-07,2013-02-22,False
2016-12-31,625,2013-02-08,2013-02-25,False
2016-12-31,626,2013-02-18,2013-02-26,False
2016-12-31,627,2013-02-19,2013-02-27,False
2016-12-31,628,2013-02-20,2013-02-28,False
2016-12-31,629,2013-02-21,2013-03-01,False
2016-12-31,630,2013-02-22,2013-03-04,False
2016-12-31,631,2013-02-25,2013-03-05,False
2016-12-31,632,2013-02-26,2013-03-06,False
2016-12-31,633,2013-02-27,2013-03-07,False
2016-12-31,634,2013-02-28,2013-03-08,False
2016-12-31,635,2013-03-01,2013-03-11,False
2016-12-31,636,2013-03-04,2013-03-12,False
2016-12-31,637,2013-03-05,2013-03-13,False
2016-12-31,638,2013-03-06,2013-03-14,False
2016-12-31,639,2013-03-07,2013-03-15,False
2016-12-31,640,2013-03-08,2013-03-18,False
2016-12-31,641,2013-03-11,2013-03-19,False
2016-12-31,642,2013-03-12,2013-03-20,False
2016-12-31,643,2013-03-13,2013-03-21,False
2016-12-31,644,2013-03-14,2013-03-22,False
2016-12-31,645,2013-03-15,2013-03-25,False
2016-12-31,646,2013-03-18,2013-03-26,False
2016-12-31,647,2013-03-19,2013-03-27,False
2016-12-31,648,2013-03-20,2013-03-28,False
2016-12-31,649,2013-03-21,2013-03-29,False
2016-12-31,650,2013-03-22,2013-04-01,False
2016-12-31,651,2013-03-25,2013-04-02,False
2016-12-31,652,2013-03-26,2013-04-03,False
2016-12-31,653,2013-03-27,2013-04-08,False
2016-12-31,654,2013-03-28,2013-04-12,False
2016-12-31,655,2013-03-29,2013-04-15,False
2016-12-31,656,2013-04-01,2013-04-10,False
2016-12-31,657,2013-04-02,2013-04-11,False
2016-12-31,658,2013-04-03,2013-04-12,False
2016-12-31,659,2013-04-08,2013-04-16,False
2016-12-31,660,2013-04-09,2013-04-17,False
2016-12-31,661,2013-04-10,2013-04-18,False
2016-12-31,662,2013-04-11,2013-04-19,False
2016-12-31,663,2013-04-12,2013-04-22,False
2016-12-31,664,2013-04-15,2013-04-23,False
2016-12-31,665,2013-04-16,2013-04-24,False
2016-12-31,666,2013-04-17,2013-04-25,False
2016-12-31,667,2013-04-18,2013-04-26,False
2016-12-31,668,2013-04-19,2013-05-02,False
2016-12-31,669,2013-04-22,2013-05-07,False
2016-12-31,670,2013-04-23,2013-05-08,False
2016-12-31,671,2013-04-24,2013-05-09,False
2016-12-31,672,2013-04-25,2013-05-07,False
2016-12-31,673,2013-04-26,2013-05-08,False
2016-12-31,674,2013-05-02,2013-05-10,False
2016-12-31,675,2013-05-03,2013-05-13,False
2016-12-31,676,2013-05-06,2013-05-14,False
2016-12-31,677,2013-05-07,2013-05-15,False
2016-12-31,678,2013-05-08,2013-05-16,False
2016-12-31,679,2013-05-09,2013-05-17,False
2016-12-31,680,2013-05-10,2013-05-20,False
2016-12-31,681,2013-05-13,2013-05-21,False
2016-12-31,682,2013-05-14,2013-05-22,False
2016-12-31,683,2013-05-15,2013-05-23,False
2016-12-31,684,2013-05-16,2013-05-24,False
2016-12-31,685,2013-05-17,2013-05-27,False
2016-12-31,686,2013-05-20,2013-05-28,False
2016-12-31,687,2013-05-21,2013-05-29,False
2016-12-31,688,2013-05-22,2013-05-30,False
2016-12-31,689,2013-05-23,2013-05-31,False
2016-12-31,690,2013-05-24,2013-06-03,False
2016-12-31,691,2013-05-27,2013-06-04,False
2016-12-31,692,2013-05-28,2013-06-05,False
2016-12-31,693,2013-05-29,2013-06-06,False
2016-12-31,694,2013-05-30,2013-06-07,False
2016-12-31,695,2013-05-31,2013-06-13,False
2016-12-31,696,2013-06-03,2013-06-18,False
2016-12-31,697,2013-06-04,2013-06-19,False
2016-12-31,698,2013-06-05,2013-06-20,False
2016-12-31,699,2013-06-06,2013-06-18,False
2016-12-31,700,2013-06-07,2013-06-19,False
2016-12-31,701,2013-06-13,2013-06-21,False
2016-12-31,702,2013-06-14,2013-06-24,False
2016-12-31,703,2013-06-17,2013-06-25,False
2016-12-31,704,2013-06-18,2013-06-26,False
2016-12-31,705,2013-06-19,2013-06-27,False
2016-12-31,706,2013-06-20,2013-06-28,False
2016-12-31,707,2013-06-21,2013-07-01,False
2016-12-31,708,2013-06-24,2013-07-02,False
2016-12-31,709,2013-06-25,2013-07-03,False
2016-12-31,710,2013-06-26,2013-07-04,False
2016-12-31,711,2013-06-27,2013-07-05,False
2016-12-31,712,2013-06-28,2013-07-08,False
2016-12-31,713,2013-07-01,2013-07-09,False
2016-12-31,714,2013-07-02,2013-07-10,False
2016-12-31,715,2013-07-03,2013-07-11,False
2016-12-31,716,2013-07-04,2013-07-12,False
2016-12-31,717,2013-07-05,2013-07-15,False
2016-12-31,718,2013-07-08,2013-07-16,False
2016-12-31,719,2013-07-09,2013-07-17,False
2016-12-31,720,2013-07-10,2013-07-18,False
2016-12-31,721,2013-07-11,2013-07-19,False
2016-12-31,722,2013-07-12,2013-07-22,False
2016-12-31,723,2013-07-15,2013-07-23,False
2016-12-31,724,2013-07-16,2013-07-24,False
2016-12-31,725,2013-07-17,2013-07-25,False
2016-12-31,726,2013-07-18,2013-07-26,False
2016-12-31,727,2013-07-19,2013-07-29,False
2016-12-31,728,2013-07-22,2013-07-30,False
2016-12-31,729,2013-07-23,2013-07-31,False
2016-12-31,730,2013-07-24,2013-08-01,False
2016-12-31,731,2013-07-25,2013-08-02,False
2016-12-31,732,2013-07-26,2013-08-05,False
2016-12-31,733,2013-07-29,2013-08-06,False
2016-12-31,734,2013-07-30,2013-08-07,False
2016-12-31,735,2013-07-31,2013-08-08,False
2016-12-31,736,2013-08-01,2013-08-09,False
2016-12-31,737,2013-08-02,2013-08-12,False
2016-12-31,738,2013-08-05,2013-08-13,False
2016-12-31,739,2013-08-06,2013-08-14,False
2016-12-31,740,2013-08-07,2013-08-15,False
2016-12-31,741,2013-08-08,2013-08-16,False
2016-12-31,742,2013-08-09,2013-08-19,False
2016-12-31,743,2013-08-12,2013-08-20,False
2016-12-31,744,2013-08-13,2013-08-21,False
2016-12-31,745,2013-08-14,2013-08-22,False
2016-12-31,746,2013-08-15,2013-08-23,False
2016-12-31,747,2013-08-16,2013-08-26,False
2016-12-31,748,2013-08-19,2013-08-27,False
2016-12-31,749,2013-08-20,2013-08-28,False
2016-12-31,750,2013-08-21,2013-08-29,False
2016-12-31,751,2013-08-22,2013-08-30,False
2016-12-31,752,2013-08-23,2013-09-02,False
2016-12-31,753,2013-08-26,2013-09-03,False
2016-12-31,754,2013-08-27,2013-09-04,False
2016-12-31,755,2013-08-28,2013-09-05,False
2016-12-31,756,2013-08-29,2013-09-06,False
2016-12-31,757,2013-08-30,2013-09-09,False
2016-12-31,758,2013-09-02,2013-09-10,False
2016-12-31,759,2013-09-03,2013-09-11,False
2016-12-31,760,2013-09-04,2013-09-12,False
2016-12-31,761,2013-09-05,2013-09-13,False
2016-12-31,762,2013-09-06,2013-09-16,False
2016-12-31,763,2013-09-09,2013-09-17,False
2016-12-31,764,2013-09-10,2013-09-18,False
2016-12-31,765,2013-09-11,2013-09-23,False
2016-12-31,766,2013-09-12,2013-09-27,False
2016-12-31,767,2013-09-13,2013-09-30,False
2016-12-31,768,2013-09-16,2013-09-25,False
2016-12-31,769,2013-09-17,2013-09-26,False
2016-12-31,770,2013-09-18,2013-09-27,False
2016-12-31,771,2013-09-23,2013-10-08,False
2016-12-31,772,2013-09-24,2013-10-09,False
2016-12-31,773,2013-09-25,2013-10-10,False
2016-12-31,774,2013-09-26,2013-10-11,False
2016-12-31,775,2013-09-27,2013-10-14,False
2016-12-31,776,2013-09-30,2013-10-15,False
2016-12-31,777,2013-10-08,2013-10-16,False
2016-12-31,778,2013-10-09,2013-10-17,False
2016-12-31,779,2013-10-10,2013-10-18,False
2016-12-31,780,2013-10-11,2013-10-21,False
2016-12-31,781,2013-10-14,2013-10-22,False
2016-12-31,782,2013-10-15,2013-10-23,False
2016-12-31,783,2013-10-16,2013-10-24,False
2016-12-31,784,2013-10-17,2013-10-25,False
2016-12-31,785,2013-10-18,2013-10-28,False
2016-12-31,786,2013-10-21,2013-10-29,False
2016-12-31,787,2013-10-22,2013-10-30,False
2016-12-31,788,2013-10-23,2013-10-31,False
2016-12-31,789,2013-10-24,2013-11-01,False
2016-12-31,790,2013-10-25,2013-11-04,False
2016-12-31,791,2013-10-28,2013-11-05,False
2016-12-31,792,2013-10-29,2013-11-06,False
2016-12-31,793,2013-10-30,2013-11-07,False
2016-12-31,794,2013-10-31,2013-11-08,False
2016-12-31,795,2013-11-01,2013-11-11,False
2016-12-31,796,2013-11-04,2013-11-12,False
2016-12-31,797,2013-11-05,2013-11-13,False
2016-12-31,798,2013-11-06,2013-11-14,False
2016-12-31,799,2013-11-07,2013-11-15,False
2016-12-31,800,2013-11-08,2013-11-18,False
2016-12-31,801,2013-11-11,2013-11-19,False
2016-12-31,802,2013-11-12,2013-11-20,False
2016-12-31,803,2013-11-13,2013-11-21,False
2016-12-31,804,2013-11-14,2013-11-22,False
2016-12-31,805,2013-11-15,2013-11-25,False
2016-12-31,806,2013-11-18,2013-11-26,False
2016-12-31,807,2013-11-19,2013-11-27,False
2016-12-31,808,2013-11-20,2013-11-28,False
2016-12-31,809,2013-11-21,2013-11-29,False
2016-12-31,810,2013-11-22,2013-12-02,False
2016-12-31,811,2013-11-25,2013-12-03,False
2016-12-31,812,2013-11-26,2013-12-04,False
2016-12-31,813,2013-11-27,2013-12-05,False
2016-12-31,814,2013-11-28,2013-12-06,False
2016-12-31,815,2013-11-29,2013-12-09,False
2016-12-31,816,2013-12-02,2013-12-10,False
2016-12-31,817,2013-12-03,2013-12-11,False
2016-12-31,818,2013-12-04,2013-12-12,False
2016-12-31,819,2013-12-05,2013-12-13,False
2016-12-31,820,2013-12-06,2013-12-16,False
2016-12-31,821,2013-12-09,2013-12-17,False
2016-12-31,822,2013-12-10,2013-12-18,False
2016-12-31,823,2013-12-11,2013-12-19,False
2016-12-31,824,2013-12-12,2013-12-20,False
2016-12-31,825,2013-12-13,2013-12-23,False
2016-12-31,826,2013-12-16,2013-12-24,False
2016-12-31,827,2013-12-17,2013-12-25,False
2016-12-31,828,2013-12-18,2013-12-26,False
2016-12-31,829,2013-12-19,2013-12-27,False
2016-12-31,830,2013-12-20,2013-12-30,False
2016-12-31,831,2013-12-23,2013-12-31,False
2016-12-31,832,2013-12-24,2014-01-02,False
2016-12-31,833,2013-12-25,2014-01-09,False
2016-12-31,834,2013-12-26,2014-01-03,False
2016-12-31,835,2013-12-27,2014-01-06,False
2016-12-31,836,2013-12-30,2014-01-07,False
2016-12-31,837,2013-12-31,2014-01-08,False
2016-12-31,838,2014-01-02,2014-01-10,True
2016-12-31,839,2014-01-03,2014-01-13,True
2016-12-31,840,2014-01-06,2014-01-14,True
2016-12-31,841,2014-01-07,2014-01-15,True
2016-12-31,842,2014-01-08,2014-01-16,True
2016-12-31,843,2014-01-09,2014-01-17,True
2016-12-31,844,2014-01-10,2014-01-20,True
2016-12-31,845,2014-01-13,2014-01-21,True
2016-12-31,846,2014-01-14,2014-01-22,True
2016-12-31,847,2014-01-15,2014-01-23,True
2016-12-31,848,2014-01-16,2014-01-24,True
2016-12-31,849,2014-01-17,2014-01-27,True
2016-12-31,850,2014-01-20,2014-01-28,True
2016-12-31,851,2014-01-21,2014-01-29,True
2016-12-31,852,2014-01-22,2014-01-30,True
2016-12-31,853,2014-01-23,2014-02-07,True
2016-12-31,854,2014-01-24,2014-02-10,True
2016-12-31,855,2014-01-27,2014-02-11,True
2016-12-31,856,2014-01-28,2014-02-12,True
2016-12-31,857,2014-01-29,2014-02-13,True
2016-12-31,858,2014-01-30,2014-02-14,True
2016-12-31,859,2014-02-07,2014-02-17,True
2016-12-31,860,2014-02-10,2014-02-18,True
2016-12-31,861,2014-02-11,2014-02-19,True
2016-12-31,862,2014-02-12,2014-02-20,True
2016-12-31,863,2014-02-13,2014-02-21,True
2016-12-31,864,2014-02-14,2014-02-24,True
2016-12-31,865,2014-02-17,2014-02-25,True
2016-12-31,866,2014-02-18,2014-02-26,True
2016-12-31,867,2014-02-19,2014-02-27,True
2016-12-31,868,2014-02-20,2014-02-28,True
2016-12-31,869,2014-02-21,2014-03-03,True
2016-12-31,870,2014-02-24,2014-03-04,True
2016-12-31,871,2014-02-25,2014-03-05,True
2016-12-31,872,2014-02-26,2014-03-06,True
2016-12-31,873,2014-02-27,2014-03-07,True
2016-12-31,874,2014-02-28,2014-03-10,True
2016-12-31,875,2014-03-03,2014-03-11,True
2016-12-31,876,2014-03-04,2014-03-12,True
2016-12-31,877,2014-03-05,2014-03-13,True
2016-12-31,878,2014-03-06,2014-03-14,True
2016-12-31,879,2014-03-07,2014-03-17,True
2016-12-31,880,2014-03-10,2014-03-18,True
2016-12-31,881,2014-03-11,2014-03-19,True
2016-12-31,882,2014-03-12,2014-03-20,True
2016-12-31,883,2014-03-13,2014-03-21,True
2016-12-31,884,2014-03-14,2014-03-24,True
2016-12-31,885,2014-03-17,2014-03-25,True
2016-12-31,886,2014-03-18,2014-03-26,True
2016-12-31,887,2014-03-19,2014-03-27,True
2016-12-31,888,2014-03-20,2014-03-28,True
2016-12-31,889,2014-03-21,2014-03-31,True
2016-12-31,890,2014-03-24,2014-04-01,True
2016-12-31,891,2014-03-25,2014-04-02,True
2016-12-31,892,2014-03-26,2014-04-03,True
2016-12-31,893,2014-03-27,2014-04-04,True
2016-12-31,894,2014-03-28,2014-04-08,True
2016-12-31,895,2014-03-31,2014-04-15,True
2016-12-31,896,2014-04-01,2014-04-09,True
2016-12-31,897,2014-04-02,2014-04-10,True
2016-12-31,898,2014-04-03,2014-04-11,True
2016-12-31,899,2014-04-04,2014-04-14,True
2016-12-31,900,2014-04-08,2014-04-16,True
2016-12-31,901,2014-04-09,2014-04-17,True
2016-12-31,902,2014-04-10,2014-04-18,True
2016-12-31,903,2014-04-11,2014-04-21,True
2016-12-31,904,2014-04-14,2014-04-22,True
2016-12-31,905,2014-04-15,2014-04-23,True
2016-12-31,906,2014-04-16,2014-04-24,True
2016-12-31,907,2014-04-17,2014-04-25,True
2016-12-31,908,2014-04-18,2014-04-28,True
2016-12-31,909,2014-04-21,2014-04-29,True
2016-12-31,910,2014-04-22,2014-04-30,True
2016-12-31,911,2014-04-23,2014-05-05,True
2016-12-31,912,2014-04-24,2014-05-09,True
2016-12-31,913,2014-04-25,2014-05-12,True
2016-12-31,914,2014-04-28,2014-05-07,True
2016-12-31,915,2014-04-29,2014-05-08,True
2016-12-31,916,2014-04-30,2014-05-09,True
2016-12-31,917,2014-05-05,2014-05-13,True
2016-12-31,918,2014-05-06,2014-05-14,True
2016-12-31,919,2014-05-07,2014-05-15,True
2016-12-31,920,2014-05-08,2014-05-16,True
2016-12-31,921,2014-05-09,2014-05-19,True
2016-12-31,922,2014-05-12,2014-05-20,True
2016-12-31,923,2014-05-13,2014-05-21,True
2016-12-31,924,2014-05-14,2014-05-22,True
2016-12-31,925,2014-05-15,2014-05-23,True
2016-12-31,926,2014-05-16,2014-05-26,True
2016-12-31,927,2014-05-19,2014-05-27,True
2016-12-31,928,2014-05-20,2014-05-28,True
2016-12-31,929,2014-05-21,2014-05-29,True
2016-12-31,930,2014-05-22,2014-05-30,True
2016-12-31,931,2014-05-23,2014-06-03,True
2016-12-31,932,2014-05-26,2014-06-10,True
2016-12-31,933,2014-05-27,2014-06-04,True
2016-12-31,934,2014-05-28,2014-06-05,True
2016-12-31,935,2014-05-29,2014-06-06,True
2016-12-31,936,2014-05-30,2014-06-09,True
2016-12-31,937,2014-06-03,2014-06-11,True
2016-12-31,938,2014-06-04,2014-06-12,True
2016-12-31,939,2014-06-05,2014-06-13,True
2016-12-31,940,2014-06-06,2014-06-16,True
2016-12-31,941,2014-06-09,2014-06-17,True
2016-12-31,942,2014-06-10,2014-06-18,True
2016-12-31,943,2014-06-11,2014-06-19,True
2016-12-31,944,2014-06-12,2014-06-20,True
2016-12-31,945,2014-06-13,2014-06-23,True
2016-12-31,946,2014-06-16,2014-06-24,True
2016-12-31,947,2014-06-17,2014-06-25,True
2016-12-31,948,2014-06-18,2014-06-26,True
2016-12-31,949,2014-06-19,2014-06-27,True
2016-12-31,950,2014-06-20,2014-06-30,True
2016-12-31,951,2014-06-23,2014-07-01,True
2016-12-31,952,2014-06-24,2014-07-02,True
2016-12-31,953,2014-06-25,2014-07-03,True
2016-12-31,954,2014-06-26,2014-07-04,True
2016-12-31,955,2014-06-27,2014-07-07,True
2016-12-31,956,2014-06-30,2014-07-08,True
2016-12-31,957,2014-07-01,2014-07-09,True
2016-12-31,958,2014-07-02,2014-07-10,True
2016-12-31,959,2014-07-03,2014-07-11,True
2016-12-31,960,2014-07-04,2014-07-14,True
2016-12-31,961,2014-07-07,2014-07-15,True
2016-12-31,962,2014-07-08,2014-07-16,True
2016-12-31,963,2014-07-09,2014-07-17,True
2016-12-31,964,2014-07-10,2014-07-18,True
2016-12-31,965,2014-07-11,2014-07-21,True
2016-12-31,966,2014-07-14,2014-07-22,True
2016-12-31,967,2014-07-15,2014-07-23,True
2016-12-31,968,2014-07-16,2014-07-24,True
2016-12-31,969,2014-07-17,2014-07-25,True
2016-12-31,970,2014-07-18,2014-07-28,True
2016-12-31,971,2014-07-21,2014-07-29,True
2016-12-31,972,2014-07-22,2014-07-30,True
2016-12-31,973,2014-07-23,2014-07-31,True
2016-12-31,974,2014-07-24,2014-08-01,True
2016-12-31,975,2014-07-25,2014-08-04,True
2016-12-31,976,2014-07-28,2014-08-05,True
2016-12-31,977,2014-07-29,2014-08-06,True
2016-12-31,978,2014-07-30,2014-08-07,True
2016-12-31,979,2014-07-31,2014-08-08,True
2016-12-31,980,2014-08-01,2014-08-11,True
2016-12-31,981,2014-08-04,2014-08-12,True
2016-12-31,982,2014-08-05,2014-08-13,True
2016-12-31,983,2014-08-06,2014-08-14,True
2016-12-31,984,2014-08-07,2014-08-15,True
2016-12-31,985,2014-08-08,2014-08-18,True
2016-12-31,986,2014-08-11,2014-08-19,True
2016-12-31,987,2014-08-12,2014-08-20,True
2016-12-31,988,2014-08-13,2014-08-21,True
2016-12-31,989,2014-08-14,2014-08-22,True
2016-12-31,990,2014-08-15,2014-08-25,True
2016-12-31,991,2014-08-18,2014-08-26,True
2016-12-31,992,2014-08-19,2014-08-27,True
2016-12-31,993,2014-08-20,2014-08-28,True
2016-12-31,994,2014-08-21,2014-08-29,True
2016-12-31,995,2014-08-22,2014-09-01,True
2016-12-31,996,2014-08-25,2014-09-02,True
2016-12-31,997,2014-08-26,2014-09-03,True
2016-12-31,998,2014-08-27,2014-09-04,True
2016-12-31,999,2014-08-28,2014-09-05,True
2016-12-31,1000,2014-08-29,2014-09-09,True
2016-12-31,1001,2014-09-01,2014-09-16,True
2016-12-31,1002,2014-09-02,2014-09-10,True
2016-12-31,1003,2014-09-03,2014-09-11,True
2016-12-31,1004,2014-09-04,2014-09-12,True
2016-12-31,1005,2014-09-05,2014-09-15,True
2016-12-31,1006,2014-09-09,2014-09-17,True
2016-12-31,1007,2014-09-10,2014-09-18,True
2016-12-31,1008,2014-09-11,2014-09-19,True
2016-12-31,1009,2014-09-12,2014-09-22,True
2016-12-31,1010,2014-09-15,2014-09-23,True
2016-12-31,1011,2014-09-16,2014-09-24,True
2016-12-31,1012,2014-09-17,2014-09-25,True
2016-12-31,1013,2014-09-18,2014-09-26,True
2016-12-31,1014,2014-09-19,2014-09-29,True
2016-12-31,1015,2014-09-22,2014-09-30,True
2016-12-31,1016,2014-09-23,2014-10-08,True
2016-12-31,1017,2014-09-24,2014-10-09,True
2016-12-31,1018,2014-09-25,2014-10-10,True
2016-12-31,1019,2014-09-26,2014-10-13,True
2016-12-31,1020,2014-09-29,2014-10-14,True
2016-12-31,1021,2014-09-30,2014-10-15,True
2016-12-31,1022,2014-10-08,2014-10-16,True
2016-12-31,1023,2014-10-09,2014-10-17,True
2016-12-31,1024,2014-10-10,2014-10-20,True
2016-12-31,1025,2014-10-13,2014-10-21,True
2016-12-31,1026,2014-10-14,2014-10-22,True
2016-12-31,1027,2014-10-15,2014-10-23,True
2016-12-31,1028,2014-10-16,2014-10-24,True
2016-12-31,1029,2014-10-17,2014-10-27,True
2016-12-31,1030,2014-10-20,2014-10-28,True
2016-12-31,1031,2014-10-21,2014-10-29,True
2016-12-31,1032,2014-10-22,2014-10-30,True
2016-12-31,1033,2014-10-23,2014-10-31,True
2016-12-31,1034,2014-10-24,2014-11-03,True
2016-12-31,1035,2014-10-27,2014-11-04,True
2016-12-31,1036,2014-10-28,2014-11-05,True
2016-12-31,1037,2014-10-29,2014-11-06,True
2016-12-31,1038,2014-10-30,2014-11-07,True
2016-12-31,1039,2014-10-31,2014-11-10,True
2016-12-31,1040,2014-11-03,2014-11-11,True
2016-12-31,1041,2014-11-04,2014-11-12,True
2016-12-31,1042,2014-11-05,2014-11-13,True
2016-12-31,1043,2014-11-06,2014-11-14,True
2016-12-31,1044,2014-11-07,2014-11-17,True
2016-12-31,1045,2014-11-10,2014-11-18,True
2016-12-31,1046,2014-11-11,2014-11-19,True
2016-12-31,1047,2014-11-12,2014-11-20,True
2016-12-31,1048,2014-11-13,2014-11-21,True
2016-12-31,1049,2014-11-14,2014-11-24,True
2016-12-31,1050,2014-11-17,2014-11-25,True
2016-12-31,1051,2014-11-18,2014-11-26,True
2016-12-31,1052,2014-11-19,2014-11-27,True
2016-12-31,1053,2014-11-20,2014-11-28,True
2016-12-31,1054,2014-11-21,2014-12-01,True
2016-12-31,1055,2014-11-24,2014-12-02,True
2016-12-31,1056,2014-11-25,2014-12-03,True
2016-12-31,1057,2014-11-26,2014-12-04,True
2016-12-31,1058,2014-11-27,2014-12-05,True
2016-12-31,1059,2014-11-28,2014-12-08,True
2016-12-31,1060,2014-12-01,2014-12-09,True
2016-12-31,1061,2014-12-02,2014-12-10,True
2016-12-31,1062,2014-12-03,2014-12-11,True
2016-12-31,1063,2014-12-04,2014-12-12,True
2016-12-31,1064,2014-12-05,2014-12-15,True
2016-12-31,1065,2014-12-08,2014-12-16,True
2016-12-31,1066,2014-12-09,2014-12-17,True
2016-12-31,1067,2014-12-10,2014-12-18,True
2016-12-31,1068,2014-12-11,2014-12-19,True
2016-12-31,1069,2014-12-12,2014-12-22,True
2016-12-31,1070,2014-12-15,2014-12-23,True
2016-12-31,1071,2014-12-16,2014-12-24,True
2016-12-31,1072,2014-12-17,2014-12-25,True
2016-12-31,1073,2014-12-18,2014-12-26,True
2016-12-31,1074,2014-12-19,2014-12-29,True
2016-12-31,1075,2014-12-22,2014-12-30,True
2016-12-31,1076,2014-12-23,2014-12-31,True
2016-12-31,1077,2014-12-24,2015-01-05,True
2016-12-31,1078,2014-12-25,2015-01-09,True
2016-12-31,1079,2014-12-26,2015-01-12,True
2016-12-31,1080,2014-12-29,2015-01-07,True
2016-12-31,1081,2014-12-30,2015-01-08,True
2016-12-31,1082,2014-12-31,2015-01-09,True
2016-12-31,1083,2015-01-05,2015-01-13,True
2016-12-31,1084,2015-01-06,2015-01-14,True
2016-12-31,1085,2015-01-07,2015-01-15,True
2016-12-31,1086,2015-01-08,2015-01-16,True
2016-12-31,1087,2015-01-09,2015-01-19,True
2016-12-31,1088,2015-01-12,2015-01-20,True
2016-12-31,1089,2015-01-13,2015-01-21,True
2016-12-31,1090,2015-01-14,2015-01-22,True
2016-12-31,1091,2015-01-15,2015-01-23,True
2016-12-31,1092,2015-01-16,2015-01-26,True
2016-12-31,1093,2015-01-19,2015-01-27,True
2016-12-31,1094,2015-01-20,2015-01-28,True
2016-12-31,1095,2015-01-21,2015-01-29,True
2016-12-31,1096,2015-01-22,2015-01-30,True
2016-12-31,1097,2015-01-23,2015-02-02,True
2016-12-31,1098,2015-01-26,2015-02-03,True
2016-12-31,1099,2015-01-27,2015-02-04,True
2016-12-31,1100,2015-01-28,2015-02-05,True
2016-12-31,1101,2015-01-29,2015-02-06,True
2016-12-31,1102,2015-01-30,2015-02-09,True
2016-12-31,1103,2015-02-02,2015-02-10,True
2016-12-31,1104,2015-02-03,2015-02-11,True
2016-12-31,1105,2015-02-04,2015-02-12,True
2016-12-31,1106,2015-02-05,2015-02-13,True
2016-12-31,1107,2015-02-06,2015-02-16,True
2016-12-31,1108,2015-02-09,2015-02-17,True
2016-12-31,1109,2015-02-10,2015-02-25,True
2016-12-31,1110,2015-02-11,2015-02-26,True
2016-12-31,1111,2015-02-12,2015-02-27,True
2016-12-31,1112,2015-02-13,2015-03-02,True
2016-12-31,1113,2015-02-16,2015-03-03,True
2016-12-31,1114,2015-02-17,2015-03-04,True
2016-12-31,1115,2015-02-25,2015-03-05,True
2016-12-31,1116,2015-02-26,2015-03-06,True
2016-12-31,1117,2015-02-27,2015-03-09,True
2016-12-31,1118,2015-03-02,2015-03-10,True
2016-12-31,1119,2015-03-03,2015-03-11,True
2016-12-31,1120,2015-03-04,2015-03-12,True
2016-12-31,1121,2015-03-05,2015-03-13,True
2016-12-31,1122,2015-03-06,2015-03-16,True
2016-12-31,1123,2015-03-09,2015-03-17,True
2016-12-31,1124,2015-03-10,2015-03-18,True
2016-12-31,1125,2015-03-11,2015-03-19,True
2016-12-31,1126,2015-03-12,2015-03-20,True
2016-12-31,1127,2015-03-13,2015-03-23,True
2016-12-31,1128,2015-03-16,2015-03-24,True
2016-12-31,1129,2015-03-17,2015-03-25,True
2016-12-31,1130,2015-03-18,2015-03-26,True
2016-12-31,1131,2015-09-25,2015-10-12,True
2016-12-31,1132,2015-09-28,2015-10-13,True
2016-12-31,1133,2015-09-29,2015-10-14,True
2016-12-31,1134,2015-09-30,2015-10-15,True
2016-12-31,1135,2015-10-08,2015-10-16,True
2016-12-31,1136,2015-10-09,2015-10-19,True
2016-12-31,1137,2015-10-12,2015-10-20,True
2016-12-31,1138,2015-10-13,2015-10-21,True
2016-12-31,1139,2015-10-14,2015-10-22,True
2016-12-31,1140,2015-10-15,2015-10-23,True
2016-12-31,1141,2015-10-16,2015-10-26,True
2016-12-31,1142,2015-10-19,2015-10-27,True
2016-12-31,1143,2015-10-20,2015-10-28,True
2016-12-31,1144,2015-10-21,2015-10-29,True
2016-12-31,1145,2015-10-22,2015-10-30,True
2016-12-31,1146,2015-10-23,2015-11-02,True
2016-12-31,1147,2015-10-26,2015-11-03,True
2016-12-31,1148,2015-10-27,2015-11-04,True
2016-12-31,1149,2015-10-28,2015-11-05,True
2016-12-31,1150,2015-10-29,2015-11-06,True
2016-12-31,1151,2015-10-30,2015-11-09,True
2016-12-31,1152,2015-11-02,2015-11-10,True
2016-12-31,1153,2015-11-03,2015-11-11,True
2016-12-31,1154,2015-11-04,2015-11-12,True
2016-12-31,1155,2015-11-05,2015-11-13,True
2016-12-31,1156,2015-11-06,2015-11-16,True
2016-12-31,1157,2015-11-09,2015-11-17,True
2016-12-31,1158,2015-11-10,2015-11-18,True
2016-12-31,1159,2015-11-11,2015-11-19,True
2016-12-31,1160,2015-11-12,2015-11-20,True
2016-12-31,1161,2015-11-13,2015-11-23,True
2016-12-31,1162,2015-11-16,2015-11-24,True
2016-12-31,1163,2015-11-17,2015-11-25,True
2016-12-31,1164,2015-11-18,2015-11-26,True
2016-12-31,1165,2015-11-19,2015-11-27,True
2016-12-31,1166,2015-11-20,2015-11-30,True
2016-12-31,1167,2015-11-23,2015-12-01,True
2016-12-31,1168,2015-11-24,2015-12-02,True
2016-12-31,1169,2015-11-25,2015-12-03,True
2016-12-31,1170,2015-11-26,2015-12-04,True
2016-12-31,1171,2015-11-27,2015-12-07,True
2016-12-31,1172,2015-11-30,2015-12-08,True
2016-12-31,1173,2015-12-01,2015-12-09,True
2016-12-31,1174,2015-12-02,2015-12-10,True
2016-12-31,1175,2015-12-03,2015-12-11,True
2016-12-31,1176,2015-12-04,2015-12-14,True
2016-12-31,1177,2015-12-07,2015-12-15,True
2016-12-31,1178,2015-12-08,2015-12-16,True
2016-12-31,1179,2015-12-09,2015-12-17,True
2016-12-31,1180,2015-12-10,2015-12-18,True
2016-12-31,1181,2015-12-11,2015-12-21,True
2016-12-31,1182,2015-12-14,2015-12-22,True
2016-12-31,1183,2015-12-15,2015-12-23,True
2016-12-31,1184,2015-12-16,2015-12-24,True
2016-12-31,1185,2015-12-17,2015-12-25,True
2016-12-31,1186,2015-12-18,2015-12-28,True
2016-12-31,1187,2015-12-21,2015-12-29,True
2016-12-31,1188,2015-12-22,2015-12-30,True
2016-12-31,1189,2015-12-23,2015-12-31,True
2016-12-31,1190,2015-12-24,2016-01-04,True
2016-12-31,1191,2015-12-25,2016-01-11,True
2016-12-31,1192,2015-12-28,2016-01-05,True
2016-12-31,1193,2015-12-29,2016-01-06,True
2016-12-31,1194,2015-12-30,2016-01-07,True
2016-12-31,1195,2015-12-31,2016-01-08,True
2016-12-31,1196,2016-01-04,2016-01-12,True
2016-12-31,1197,2016-01-05,2016-01-13,True
2016-12-31,1198,2016-01-06,2016-01-14,True
2016-12-31,1199,2016-01-07,2016-01-15,True
2016-12-31,1200,2016-01-08,2016-01-18,True
2016-12-31,1201,2016-01-11,2016-01-19,True
2016-12-31,1202,2016-01-12,2016-01-20,True
2016-12-31,1203,2016-01-13,2016-01-21,True
2016-12-31,1204,2016-01-14,2016-01-22,True
2016-12-31,1205,2016-01-15,2016-01-25,True
2016-12-31,1206,2016-01-18,2016-01-26,True
2016-12-31,1207,2016-01-19,2016-01-27,True
2016-12-31,1208,2016-01-20,2016-01-28,True
2016-12-31,1209,2016-01-21,2016-01-29,True
2016-12-31,1210,2016-01-22,2016-02-01,True
2016-12-31,1211,2016-01-25,2016-02-02,True
2016-12-31,1212,2016-01-26,2016-02-03,True
2016-12-31,1213,2016-01-27,2016-02-04,True
2016-12-31,1214,2016-01-28,2016-02-05,True
2016-12-31,1215,2016-01-29,2016-02-15,True
2016-12-31,1216,2016-02-01,2016-02-16,True
2016-12-31,1217,2016-02-02,2016-02-17,True
2016-12-31,1218,2016-02-03,2016-02-18,True
2016-12-31,1219,2016-02-04,2016-02-19,True
2016-12-31,1220,2016-02-05,2016-02-22,True
2016-12-31,1221,2016-02-15,2016-02-23,True
2016-12-31,1222,2016-02-16,2016-02-24,True
2016-12-31,1223,2016-02-17,2016-02-25,True
2016-12-31,1224,2016-02-18,2016-02-26,True
2016-12-31,1225,2016-02-19,2016-02-29,True
2016-12-31,1226,2016-02-22,2016-03-01,True
2016-12-31,1227,2016-02-23,2016-03-02,True
2016-12-31,1228,2016-02-24,2016-03-03,True
2016-12-31,1229,2016-02-25,2016-03-04,True
2016-12-31,1230,2016-02-26,2016-03-07,True
2016-12-31,1231,2016-02-29,2016-03-08,True
2016-12-31,1232,2016-03-01,2016-03-09,True
2016-12-31,1233,2016-03-02,2016-03-10,True
2016-12-31,1234,2016-03-03,2016-03-11,True
2016-12-31,1235,2016-03-04,2016-03-14,True
2016-12-31,1236,2016-03-07,2016-03-15,True
2016-12-31,1237,2016-03-08,2016-03-16,True
2016-12-31,1238,2016-03-09,2016-03-17,True
2016-12-31,1239,2016-03-10,2016-03-18,True
2016-12-31,1240,2016-03-11,2016-03-21,True
2016-12-31,1241,2016-03-14,2016-03-22,True
2016-12-31,1242,2016-03-15,2016-03-23,True
2016-12-31,1243,2016-03-16,2016-03-24,True
2016-12-31,1244,2016-03-17,2016-03-25,True
2016-12-31,1245,2016-03-18,2016-03-28,True
2016-12-31,1246,2016-03-21,2016-03-29,True
2016-12-31,1247,2016-03-22,2016-03-30,True
2016-12-31,1248,2016-03-23,2016-03-31,True
2016-12-31,1249,2016-03-24,2016-04-01,True
2016-12-31,1250,2016-03-25,2016-04-05,True
2016-12-31,1251,2016-03-28,2016-04-12,True
2016-12-31,1252,2016-03-29,2016-04-06,True
2016-12-31,1253,2016-03-30,2016-04-07,True
2016-12-31,1254,2016-03-31,2016-04-08,True
2016-12-31,1255,2016-04-01,2016-04-11,True
2016-12-31,1256,2016-04-05,2016-04-13,True
2016-12-31,1257,2016-04-06,2016-04-14,True
2016-12-31,1258,2016-04-07,2016-04-15,True
2016-12-31,1259,2016-04-08,2016-04-18,True
2016-12-31,1260,2016-04-11,2016-04-19,True
2016-12-31,1261,2016-04-12,2016-04-20,True
2016-12-31,1262,2016-04-13,2016-04-21,True
2016-12-31,1263,2016-04-14,2016-04-22,True
2016-12-31,1264,2016-04-15,2016-04-25,True
2016-12-31,1265,2016-04-18,2016-04-26,True
2016-12-31,1266,2016-04-19,2016-04-27,True
2016-12-31,1267,2016-04-20,2016-04-28,True
2016-12-31,1268,2016-04-21,2016-04-29,True
2016-12-31,1269,2016-04-22,2016-05-03,True
2016-12-31,1270,2016-04-25,2016-05-10,True
2016-12-31,1271,2016-04-26,2016-05-04,True
2016-12-31,1272,2016-04-27,2016-05-05,True
2016-12-31,1273,2016-04-28,2016-05-06,True
2016-12-31,1274,2016-04-29,2016-05-09,True
2016-12-31,1275,2016-05-03,2016-05-11,True
2016-12-31,1276,2016-05-04,2016-05-12,True
2016-12-31,1277,2016-05-05,2016-05-13,True
2016-12-31,1278,2016-05-06,2016-05-16,True
2016-12-31,1279,2016-05-09,2016-05-17,True
2016-12-31,1280,2016-05-10,2016-05-18,True
2016-12-31,1281,2016-05-11,2016-05-19,True
2016-12-31,1282,2016-05-12,2016-05-20,True
2016-12-31,1283,2016-05-13,2016-05-23,True
2016-12-31,1284,2016-05-16,2016-05-24,True
2016-12-31,1285,2016-05-17,2016-05-25,True
2016-12-31,1286,2016-05-18,2016-05-26,True
2016-12-31,1287,2016-05-19,2016-05-27,True
2016-12-31,1288,2016-05-20,2016-05-30,True
2016-12-31,1289,2016-05-23,2016-05-31,True
2016-12-31,1290,2016-05-24,2016-06-01,True
2016-12-31,1291,2016-05-25,2016-06-02,True
2016-12-31,1292,2016-05-26,2016-06-03,True
2016-12-31,1293,2016-05-27,2016-06-06,True
2016-12-31,1294,2016-05-30,2016-06-07,True
2016-12-31,1295,2016-05-31,2016-06-08,True
2016-12-31,1296,2016-06-01,2016-06-13,True
2016-12-31,1297,2016-06-02,2016-06-17,True
2016-12-31,1298,2016-06-03,2016-06-20,True
2016-12-31,1299,2016-06-06,2016-06-15,True
2016-12-31,1300,2016-06-07,2016-06-16,True
2016-12-31,1301,2016-06-08,2016-06-17,True
2016-12-31,1302,2016-06-13,2016-06-21,True
2016-12-31,1303,2016-06-14,2016-06-22,True
2016-12-31,1304,2016-06-15,2016-06-23,True
2016-12-31,1305,2016-06-16,2016-06-24,True
2016-12-31,1306,2016-06-17,2016-06-27,True
2016-12-31,1307,2016-06-20,2016-06-28,True
2016-12-31,1308,2016-06-21,2016-06-29,True
2016-12-31,1309,2016-06-22,2016-06-30,True
2016-12-31,1310,2016-06-23,2016-07-01,True
2016-12-31,1311,2016-06-24,2016-07-04,True
2016-12-31,1312,2016-06-27,2016-07-05,True
2016-12-31,1313,2016-06-28,2016-07-06,True
2016-12-31,1314,2016-06-29,2016-07-07,True
2016-12-31,1315,2016-06-30,2016-07-08,True
2016-12-31,1316,2016-07-01,2016-07-11,True
2016-12-31,1317,2016-07-04,2016-07-12,True
2016-12-31,1318,2016-07-05,2016-07-13,True
2016-12-31,1319,2016-07-06,2016-07-14,True
2016-12-31,1320,2016-07-07,2016-07-15,True
2016-12-31,1321,2016-07-08,2016-07-18,True
2016-12-31,1322,2016-07-11,2016-07-19,True
2016-12-31,1323,2016-07-12,2016-07-20,True
2016-12-31,1324,2016-07-13,2016-07-21,True
2016-12-31,1325,2016-07-14,2016-07-22,True
2016-12-31,1326,2016-07-15,2016-07-25,True
2016-12-31,1327,2016-07-18,2016-07-26,True
2016-12-31,1328,2016-07-19,2016-07-27,True
2016-12-31,1329,2016-07-20,2016-07-28,True
2016-12-31,1330,2016-07-21,2016-07-29,True
2016-12-31,1331,2016-07-22,2016-08-01,True
2016-12-31,1332,2016-07-25,2016-08-02,True
2016-12-31,1333,2016-07-26,2016-08-03,True
2016-12-31,1334,2016-07-27,2016-08-04,True
2016-12-31,1335,2016-07-28,2016-08-05,True
2016-12-31,1336,2016-07-29,2016-08-08,True
2016-12-31,1337,2016-08-01,2016-08-09,True
2016-12-31,1338,2016-08-02,2016-08-10,True
2016-12-31,1339,2016-08-03,2016-08-11,True
2016-12-31,1340,2016-08-04,2016-08-12,True
2016-12-31,1341,2016-08-05,2016-08-15,True
2016-12-31,1342,2016-08-08,2016-08-16,True
2016-12-31,1343,2016-08-09,2016-08-17,True
2016-12-31,1344,2016-08-10,2016-08-18,True
2016-12-31,1345,2016-08-11,2016-08-19,True
2016-12-31,1346,2016-08-12,2016-08-22,True
2016-12-31,1347,2016-08-15,2016-08-23,True
2016-12-31,1348,2016-08-16,2016-08-24,True
2016-12-31,1349,2016-08-17,2016-08-25,True
2016-12-31,1350,2016-08-18,2016-08-26,True
2016-12-31,1351,2016-08-19,2016-08-29,True
2016-12-31,1352,2016-08-22,2016-08-30,True
2016-12-31,1353,2016-08-23,2016-08-31,True
2016-12-31,1354,2016-08-24,2016-09-01,True
2016-12-31,1355,2016-08-25,2016-09-02,True
2016-12-31,1356,2016-08-26,2016-09-05,True
2016-12-31,1357,2016-08-29,2016-09-06,True
2016-12-31,1358,2016-08-30,2016-09-07,True
2016-12-31,1359,2016-08-31,2016-09-08,True
2016-12-31,1360,2016-09-01,2016-09-09,True
2016-12-31,1361,2016-09-02,2016-09-12,True
2016-12-31,1362,2016-09-05,2016-09-13,True
2016-12-31,1363,2016-09-06,2016-09-14,True
2016-12-31,1364,2016-09-07,2016-09-19,True
2016-12-31,1365,2016-09-08,2016-09-23,True
2016-12-31,1366,2016-09-09,2016-09-26,True
2016-12-31,1367,2016-09-12,2016-09-21,True
2016-12-31,1368,2016-09-13,2016-09-22,True
2016-12-31,1369,2016-09-14,2016-09-23,True
2016-12-31,1370,2016-09-19,2016-09-27,True
2016-12-31,1371,2016-09-20,2016-09-28,True
2016-12-31,1372,2016-09-21,2016-09-29,True
2016-12-31,1373,2016-09-22,2016-09-30,True
2016-12-31,1374,2016-09-23,2016-10-10,True
2016-12-31,1375,2016-09-26,2016-10-11,True
2016-12-31,1376,2016-09-27,2016-10-12,True
2016-12-31,1377,2016-09-28,2016-10-13,True
2016-12-31,1378,2016-09-29,2016-10-14,True
2016-12-31,1379,2016-09-30,2016-10-17,True
2016-12-31,1380,2016-10-10,2016-10-18,True
2016-12-31,1381,2016-10-11,2016-10-19,True
2016-12-31,1382,2016-10-12,2016-10-20,True
2016-12-31,1383,2016-10-13,2016-10-21,True
2016-12-31,1384,2016-10-14,2016-10-24,True
2016-12-31,1385,2016-10-17,2016-10-25,True
2016-12-31,1386,2016-10-18,2016-10-26,True
2016-12-31,1387,2016-10-19,2016-10-27,True
2016-12-31,1388,2016-10-20,2016-10-28,True
2016-12-31,1389,2016-10-21,2016-10-31,True
2016-12-31,1390,2016-10-24,2016-11-01,True
2016-12-31,1391,2016-10-25,2016-11-02,True
2016-12-31,1392,2016-10-26,2016-11-03,True
2016-12-31,1393,2016-10-27,2016-11-04,True
2016-12-31,1394,2016-10-28,2016-11-07,True
2016-12-31,1395,2016-10-31,2016-11-08,True
2016-12-31,1396,2016-11-01,2016-11-09,True
2016-12-31,1397,2016-11-02,2016-11-10,True
2016-12-31,1398,2016-11-03,2016-11-11,True
2016-12-31,1399,2016-11-04,2016-11-14,True
2016-12-31,1400,2016-11-07,2016-11-15,True
2016-12-31,1401,2016-11-08,2016-11-16,True
2016-12-31,1402,2016-11-09,2016-11-17,True
2016-12-31,1403,2016-11-10,2016-11-18,True
2016-12-31,1404,2016-11-11,2016-11-21,True
2016-12-31,1405,2016-11-14,2016-11-22,True
2016-12-31,1406,2016-11-15,2016-11-23,True
2016-12-31,1407,2016-11-16,2016-11-24,True
2016-12-31,1408,2016-11-17,2016-11-25,True
2016-12-31,1409,2016-11-18,2016-11-28,True
2016-12-31,1410,2016-11-21,2016-11-29,True
2016-12-31,1411,2016-11-22,2016-11-30,True
2016-12-31,1412,2016-11-23,2016-12-01,True
2016-12-31,1413,2016-11-24,2016-12-02,True
2016-12-31,1414,2016-11-25,2016-12-05,True
2016-12-31,1415,2016-11-28,2016-12-06,True
2016-12-31,1416,2016-11-29,2016-12-07,True
2016-12-31,1417,2016-11-30,2016-12-08,True
2016-12-31,1418,2016-12-01,2016-12-09,True
2016-12-31,1419,2016-12-02,2016-12-12,True
2016-12-31,1420,2016-12-05,2016-12-13,True
2016-12-31,1421,2016-12-06,2016-12-14,True
2016-12-31,1422,2016-12-07,2016-12-15,True
2016-12-31,1423,2016-12-08,2016-12-16,True
2016-12-31,1424,2016-12-09,2016-12-19,True
2016-12-31,1425,2016-12-12,2016-12-20,True
2016-12-31,1426,2016-12-13,2016-12-21,True
2016-12-31,1427,2016-12-14,2016-12-22,True
2016-12-31,1428,2016-12-15,2016-12-23,True
2016-12-31,1429,2016-12-16,2016-12-26,True
2016-12-31,1430,2016-12-19,2016-12-27,True
2016-12-31,1431,2016-12-20,2016-12-28,True
2016-12-31,1432,2016-12-21,2016-12-29,True
2016-12-31,1433,2016-12-22,2016-12-30,True
2017-12-31,0,2010-07-09,2010-07-19,False
2017-12-31,1,2010-07-12,2010-07-20,False
2017-12-31,2,2010-07-20,2010-07-28,False
2017-12-31,3,2010-07-21,2010-07-29,False
2017-12-31,4,2010-07-22,2010-07-30,False
2017-12-31,5,2010-07-23,2010-08-02,False
2017-12-31,6,2010-07-26,2010-08-03,False
2017-12-31,7,2010-07-27,2010-08-04,False
2017-12-31,8,2010-07-28,2010-08-05,False
2017-12-31,9,2010-07-29,2010-08-06,False
2017-12-31,10,2010-07-30,2010-08-09,False
2017-12-31,11,2010-08-02,2010-08-10,False
2017-12-31,12,2010-08-03,2010-08-11,False
2017-12-31,13,2010-08-04,2010-08-12,False
2017-12-31,14,2010-08-05,2010-08-13,False
2017-12-31,15,2010-08-06,2010-08-16,False
2017-12-31,16,2010-08-09,2010-08-17,False
2017-12-31,17,2010-08-10,2010-08-18,False
2017-12-31,18,2010-08-11,2010-08-19,False
2017-12-31,19,2010-08-12,2010-08-20,False
2017-12-31,20,2010-08-13,2010-08-23,False
2017-12-31,21,2010-08-16,2010-08-24,False
2017-12-31,22,2010-08-17,2010-08-25,False
2017-12-31,23,2010-08-18,2010-08-26,False
2017-12-31,24,2010-08-19,2010-08-27,False
2017-12-31,25,2010-08-20,2010-08-30,False
2017-12-31,26,2010-08-23,2010-08-31,False
2017-12-31,27,2010-08-24,2010-09-01,False
2017-12-31,28,2010-08-25,2010-09-02,False
2017-12-31,29,2010-08-26,2010-09-03,False
2017-12-31,30,2010-08-27,2010-09-06,False
2017-12-31,31,2010-08-30,2010-09-07,False
2017-12-31,32,2010-08-31,2010-09-08,False
2017-12-31,33,2010-09-01,2010-09-09,False
2017-12-31,34,2010-09-02,2010-09-10,False
2017-12-31,35,2010-09-03,2010-09-13,False
2017-12-31,36,2010-09-06,2010-09-14,False
2017-12-31,37,2010-09-07,2010-09-15,False
2017-12-31,38,2010-09-08,2010-09-16,False
2017-12-31,39,2010-09-09,2010-09-17,False
2017-12-31,40,2010-09-10,2010-09-20,False
2017-12-31,41,2010-09-13,2010-09-21,False
2017-12-31,42,2010-09-14,2010-09-27,False
2017-12-31,43,2010-09-15,2010-09-30,False
2017-12-31,44,2010-09-16,2010-10-08,False
2017-12-31,45,2010-09-17,2010-10-11,False
2017-12-31,46,2010-09-20,2010-09-30,False
2017-12-31,47,2010-09-21,2010-10-08,False
2017-12-31,48,2010-09-27,2010-10-12,False
2017-12-31,49,2010-09-28,2010-10-13,False
2017-12-31,50,2010-09-29,2010-10-14,False
2017-12-31,51,2010-09-30,2010-10-15,False
2017-12-31,52,2010-10-08,2010-10-18,False
2017-12-31,53,2010-10-11,2010-10-19,False
2017-12-31,54,2010-10-12,2010-10-20,False
2017-12-31,55,2010-10-13,2010-10-21,False
2017-12-31,56,2010-10-14,2010-10-22,False
2017-12-31,57,2010-10-15,2010-10-25,False
2017-12-31,58,2010-10-18,2010-10-26,False
2017-12-31,59,2010-10-19,2010-10-27,False
2017-12-31,60,2010-10-20,2010-10-28,False
2017-12-31,61,2010-10-21,2010-10-29,False
2017-12-31,62,2010-10-22,2010-11-01,False
2017-12-31,63,2010-10-25,2010-11-02,False
2017-12-31,64,2010-10-26,2010-11-03,False
2017-12-31,65,2010-10-27,2010-11-04,False
2017-12-31,66,2010-10-28,2010-11-05,False
2017-12-31,67,2010-10-29,2010-11-08,False
2017-12-31,68,2010-11-01,2010-11-09,False
2017-12-31,69,2010-11-02,2010-11-10,False
2017-12-31,70,2010-11-03,2010-11-11,False
2017-12-31,71,2010-11-04,2010-11-12,False
2017-12-31,72,2010-11-05,2010-11-15,False
2017-12-31,73,2010-11-08,2010-11-16,False
2017-12-31,74,2010-11-09,2010-11-17,False
2017-12-31,75,2010-11-10,2010-11-18,False
2017-12-31,76,2010-11-11,2010-11-19,False
2017-12-31,77,2010-11-12,2010-11-22,False
2017-12-31,78,2010-11-15,2010-11-23,False
2017-12-31,79,2010-11-16,2010-11-24,False
2017-12-31,80,2010-11-17,2010-11-25,False
2017-12-31,81,2010-11-18,2010-11-26,False
2017-12-31,82,2010-11-19,2010-11-29,False
2017-12-31,83,2010-11-22,2010-11-30,False
2017-12-31,84,2010-11-23,2010-12-01,False
2017-12-31,85,2010-11-24,2010-12-02,False
2017-12-31,86,2010-11-25,2010-12-03,False
2017-12-31,87,2010-11-26,2010-12-06,False
2017-12-31,88,2010-11-29,2010-12-07,False
2017-12-31,89,2010-11-30,2010-12-08,False
2017-12-31,90,2010-12-01,2010-12-09,False
2017-12-31,91,2010-12-02,2010-12-10,False
2017-12-31,92,2010-12-03,2010-12-13,False
2017-12-31,93,2010-12-06,2010-12-14,False
2017-12-31,94,2010-12-07,2010-12-15,False
2017-12-31,95,2010-12-08,2010-12-16,False
2017-12-31,96,2010-12-09,2010-12-17,False
2017-12-31,97,2010-12-10,2010-12-20,False
2017-12-31,98,2010-12-13,2010-12-21,False
2017-12-31,99,2010-12-14,2010-12-22,False
2017-12-31,100,2010-12-15,2010-12-23,False
2017-12-31,101,2010-12-16,2010-12-24,False
2017-12-31,102,2010-12-17,2010-12-27,False
2017-12-31,103,2010-12-20,2010-12-28,False
2017-12-31,104,2010-12-21,2010-12-29,False
2017-12-31,105,2010-12-22,2010-12-30,False
2017-12-31,106,2010-12-23,2010-12-31,False
2017-12-31,107,2010-12-24,2011-01-04,False
2017-12-31,108,2010-12-27,2011-01-11,False
2017-12-31,109,2010-12-28,2011-01-05,False
2017-12-31,110,2010-12-29,2011-01-06,False
2017-12-31,111,2010-12-30,2011-01-07,False
2017-12-31,112,2010-12-31,2011-01-10,False
2017-12-31,113,2011-01-04,2011-01-12,False
2017-12-31,114,2011-01-05,2011-01-13,False
2017-12-31,115,2011-01-06,2011-01-14,False
2017-12-31,116,2011-01-07,2011-01-17,False
2017-12-31,117,2011-01-10,2011-01-18,False
2017-12-31,118,2011-01-11,2011-01-19,False
2017-12-31,119,2011-01-12,2011-01-20,False
2017-12-31,120,2011-01-13,2011-01-21,False
2017-12-31,121,2011-01-14,2011-01-24,False
2017-12-31,122,2011-01-17,2011-01-25,False
2017-12-31,123,2011-01-18,2011-01-26,False
2017-12-31,124,2011-01-19,2011-01-27,False
2017-12-31,125,2011-01-20,2011-01-28,False
2017-12-31,126,2011-01-21,2011-01-31,False
2017-12-31,127,2011-01-24,2011-02-01,False
2017-12-31,128,2011-01-25,2011-02-09,False
2017-12-31,129,2011-01-26,2011-02-10,False
2017-12-31,130,2011-01-27,2011-02-11,False
2017-12-31,131,2011-01-28,2011-02-14,False
2017-12-31,132,2011-01-31,2011-02-15,False
2017-12-31,133,2011-02-01,2011-02-16,False
2017-12-31,134,2011-02-09,2011-02-17,False
2017-12-31,135,2011-02-10,2011-02-18,False
2017-12-31,136,2011-02-11,2011-02-21,False
2017-12-31,137,2011-02-14,2011-02-22,False
2017-12-31,138,2011-02-15,2011-02-23,False
2017-12-31,139,2011-02-16,2011-02-24,False
2017-12-31,140,2011-02-17,2011-02-25,False
2017-12-31,141,2011-02-18,2011-02-28,False
2017-12-31,142,2011-02-21,2011-03-01,False
2017-12-31,143,2011-02-22,2011-03-02,False
2017-12-31,144,2011-02-23,2011-03-03,False
2017-12-31,145,2011-02-24,2011-03-04,False
2017-12-31,146,2011-02-25,2011-03-07,False
2017-12-31,147,2011-02-28,2011-03-08,False
2017-12-31,148,2011-03-01,2011-03-09,False
2017-12-31,149,2011-03-02,2011-03-10,False
2017-12-31,150,2011-03-03,2011-03-11,False
2017-12-31,151,2011-03-04,2011-03-14,False
2017-12-31,152,2011-03-07,2011-03-15,False
2017-12-31,153,2011-03-08,2011-03-16,False
2017-12-31,154,2011-03-09,2011-03-17,False
2017-12-31,155,2011-03-10,2011-03-18,False
2017-12-31,156,2011-03-11,2011-03-21,False
2017-12-31,157,2011-03-14,2011-03-22,False
2017-12-31,158,2011-03-15,2011-03-23,False
2017-12-31,159,2011-03-16,2011-03-24,False
2017-12-31,160,2011-03-17,2011-03-25,False
2017-12-31,161,2011-03-18,2011-03-28,False
2017-12-31,162,2011-03-21,2011-03-29,False
2017-12-31,163,2011-03-22,2011-03-30,False
2017-12-31,164,2011-03-23,2011-03-31,False
2017-12-31,165,2011-03-24,2011-04-01,False
2017-12-31,166,2011-03-25,2011-04-06,False
2017-12-31,167,2011-03-28,2011-04-12,False
2017-12-31,168,2011-03-29,2011-04-13,False
2017-12-31,169,2011-03-30,2011-04-08,False
2017-12-31,170,2011-03-31,2011-04-11,False
2017-12-31,171,2011-04-01,2011-04-12,False
2017-12-31,172,2011-04-06,2011-04-14,False
2017-12-31,173,2011-04-07,2011-04-15,False
2017-12-31,174,2011-04-08,2011-04-18,False
2017-12-31,175,2011-04-11,2011-04-19,False
2017-12-31,176,2011-04-12,2011-04-20,False
2017-12-31,177,2011-04-13,2011-04-21,False
2017-12-31,178,2011-04-14,2011-04-22,False
2017-12-31,179,2011-04-15,2011-04-25,False
2017-12-31,180,2011-04-18,2011-04-26,False
2017-12-31,181,2011-04-19,2011-04-27,False
2017-12-31,182,2011-04-20,2011-04-28,False
2017-12-31,183,2011-04-21,2011-04-29,False
2017-12-31,184,2011-04-22,2011-05-03,False
2017-12-31,185,2011-04-25,2011-05-10,False
2017-12-31,186,2011-04-26,2011-05-04,False
2017-12-31,187,2011-04-27,2011-05-05,False
2017-12-31,188,2011-04-28,2011-05-06,False
2017-12-31,189,2011-04-29,2011-05-09,False
2017-12-31,190,2011-05-03,2011-05-11,False
2017-12-31,191,2011-05-04,2011-05-12,False
2017-12-31,192,2011-05-05,2011-05-13,False
2017-12-31,193,2011-05-06,2011-05-16,False
2017-12-31,194,2011-05-09,2011-05-17,False
2017-12-31,195,2011-05-10,2011-05-18,False
2017-12-31,196,2011-05-11,2011-05-19,False
2017-12-31,197,2011-05-12,2011-05-20,False
2017-12-31,198,2011-05-13,2011-05-23,False
2017-12-31,199,2011-05-16,2011-05-24,False
2017-12-31,200,2011-05-17,2011-05-25,False
2017-12-31,201,2011-05-18,2011-05-26,False
2017-12-31,202,2011-05-19,2011-05-27,False
2017-12-31,203,2011-05-20,2011-05-30,False
2017-12-31,204,2011-05-23,2011-05-31,False
2017-12-31,205,2011-05-24,2011-06-01,False
2017-12-31,206,2011-05-25,2011-06-02,False
2017-12-31,207,2011-05-26,2011-06-03,False
2017-12-31,208,2011-05-27,2011-06-07,False
2017-12-31,209,2011-05-30,2011-06-14,False
2017-12-31,210,2011-05-31,2011-06-08,False
2017-12-31,211,2011-06-01,2011-06-09,False
2017-12-31,212,2011-06-02,2011-06-10,False
2017-12-31,213,2011-06-03,2011-06-13,False
2017-12-31,214,2011-06-07,2011-06-15,False
2017-12-31,215,2011-06-08,2011-06-16,False
2017-12-31,216,2011-06-09,2011-06-17,False
2017-12-31,217,2011-06-10,2011-06-20,False
2017-12-31,218,2011-06-13,2011-06-21,False
2017-12-31,219,2011-06-14,2011-06-22,False
2017-12-31,220,2011-06-15,2011-06-23,False
2017-12-31,221,2011-06-16,2011-06-24,False
2017-12-31,222,2011-06-17,2011-06-27,False
2017-12-31,223,2011-06-20,2011-06-28,False
2017-12-31,224,2011-06-21,2011-06-29,False
2017-12-31,225,2011-06-22,2011-06-30,False
2017-12-31,226,2011-06-23,2011-07-01,False
2017-12-31,227,2011-06-24,2011-07-04,False
2017-12-31,228,2011-06-27,2011-07-05,False
2017-12-31,229,2011-06-28,2011-07-06,False
2017-12-31,230,2011-06-29,2011-07-07,False
2017-12-31,231,2011-06-30,2011-07-08,False
2017-12-31,232,2011-07-01,2011-07-11,False
2017-12-31,233,2011-07-04,2011-07-12,False
2017-12-31,234,2011-07-05,2011-07-13,False
2017-12-31,235,2011-07-06,2011-07-14,False
2017-12-31,236,2011-07-07,2011-07-15,False
2017-12-31,237,2011-07-08,2011-07-18,False
2017-12-31,238,2011-07-11,2011-07-19,False
2017-12-31,239,2011-07-12,2011-07-20,False
2017-12-31,240,2011-07-13,2011-07-21,False
2017-12-31,241,2011-07-14,2011-07-22,False
2017-12-31,242,2011-07-15,2011-07-25,False
2017-12-31,243,2011-07-18,2011-07-26,False
2017-12-31,244,2011-07-19,2011-07-27,False
2017-12-31,245,2011-07-20,2011-07-28,False
2017-12-31,246,2011-07-21,2011-07-29,False
2017-12-31,247,2011-07-22,2011-08-01,False
2017-12-31,248,2011-07-25,2011-08-02,False
2017-12-31,249,2011-07-26,2011-08-03,False
2017-12-31,250,2011-07-27,2011-08-04,False
2017-12-31,251,2011-07-28,2011-08-05,False
2017-12-31,252,2011-07-29,2011-08-08,False
2017-12-31,253,2011-08-01,2011-08-09,False
2017-12-31,254,2011-08-02,2011-08-10,False
2017-12-31,255,2011-08-03,2011-08-11,False
2017-12-31,256,2011-08-04,2011-08-12,False
2017-12-31,257,2011-08-05,2011-08-15,False
2017-12-31,258,2011-08-08,2011-08-16,False
2017-12-31,259,2011-08-09,2011-08-17,False
2017-12-31,260,2011-08-10,2011-08-18,False
2017-12-31,261,2011-08-11,2011-08-19,False
2017-12-31,262,2011-08-12,2011-08-22,False
2017-12-31,263,2011-08-15,2011-08-23,False
2017-12-31,264,2011-08-16,2011-08-24,False
2017-12-31,265,2011-08-17,2011-08-25,False
2017-12-31,266,2011-08-18,2011-08-26,False
2017-12-31,267,2011-08-19,2011-08-29,False
2017-12-31,268,2011-08-22,2011-08-30,False
2017-12-31,269,2011-08-23,2011-08-31,False
2017-12-31,270,2011-08-24,2011-09-01,False
2017-12-31,271,2011-08-25,2011-09-02,False
2017-12-31,272,2011-08-26,2011-09-05,False
2017-12-31,273,2011-08-29,2011-09-06,False
2017-12-31,274,2011-08-30,2011-09-07,False
2017-12-31,275,2011-08-31,2011-09-08,False
2017-12-31,276,2011-09-01,2011-09-09,False
2017-12-31,277,2011-09-02,2011-09-13,False
2017-12-31,278,2011-09-05,2011-09-20,False
2017-12-31,279,2011-09-06,2011-09-14,False
2017-12-31,280,2011-09-07,2011-09-15,False
2017-12-31,281,2011-09-08,2011-09-16,False
2017-12-31,282,2011-09-09,2011-09-19,False
2017-12-31,283,2011-09-13,2011-09-21,False
2017-12-31,284,2011-09-14,2011-09-22,False
2017-12-31,285,2011-09-15,2011-09-23,False
2017-12-31,286,2011-09-16,2011-09-26,False
2017-12-31,287,2011-09-19,2011-09-27,False
2017-12-31,288,2011-09-20,2011-09-28,False
2017-12-31,289,2011-09-21,2011-09-29,False
2017-12-31,290,2011-09-22,2011-09-30,False
2017-12-31,291,2011-09-23,2011-10-10,False
2017-12-31,292,2011-09-26,2011-10-11,False
2017-12-31,293,2011-09-27,2011-10-12,False
2017-12-31,294,2011-09-28,2011-10-13,False
2017-12-31,295,2011-09-29,2011-10-14,False
2017-12-31,296,2011-09-30,2011-10-17,False
2017-12-31,297,2011-10-10,2011-10-18,False
2017-12-31,298,2011-10-11,2011-10-19,False
2017-12-31,299,2011-10-12,2011-10-20,False
2017-12-31,300,2011-10-13,2011-10-21,False
2017-12-31,301,2011-10-14,2011-10-24,False
2017-12-31,302,2011-10-17,2011-10-25,False
2017-12-31,303,2011-10-18,2011-10-26,False
2017-12-31,304,2011-10-19,2011-10-27,False
2017-12-31,305,2011-10-20,2011-10-28,False
2017-12-31,306,2011-10-21,2011-10-31,False
2017-12-31,307,2011-10-24,2011-11-01,False
2017-12-31,308,2011-10-25,2011-11-02,False
2017-12-31,309,2011-10-26,2011-11-03,False
2017-12-31,310,2011-10-27,2011-11-04,False
2017-12-31,311,2011-10-28,2011-11-07,False
2017-12-31,312,2011-10-31,2011-11-08,False
2017-12-31,313,2011-11-01,2011-11-09,False
2017-12-31,314,2011-11-02,2011-11-10,False
2017-12-31,315,2011-11-03,2011-11-11,False
2017-12-31,316,2011-11-04,2011-11-14,False
2017-12-31,317,2011-11-07,2011-11-15,False
2017-12-31,318,2011-11-08,2011-11-16,False
2017-12-31,319,2011-11-09,2011-11-17,False
2017-12-31,320,2011-11-10,2011-11-18,False
2017-12-31,321,2011-11-11,2011-11-21,False
2017-12-31,322,2011-11-14,2011-11-22,False
2017-12-31,323,2011-11-15,2011-11-23,False
2017-12-31,324,2011-11-16,2011-11-24,False
2017-12-31,325,2011-11-17,2011-11-25,False
2017-12-31,326,2011-11-18,2011-11-28,False
2017-12-31,327,2011-11-21,2011-11-29,False
2017-12-31,328,2011-11-22,2011-11-30,False
2017-12-31,329,2011-11-23,2011-12-01,False
2017-12-31,330,2011-11-24,2011-12-02,False
2017-12-31,331,2011-11-25,2011-12-05,False
2017-12-31,332,2011-11-28,2011-12-06,False
2017-12-31,333,2011-11-29,2011-12-07,False
2017-12-31,334,2011-11-30,2011-12-08,False
2017-12-31,335,2011-12-01,2011-12-09,False
2017-12-31,336,2011-12-02,2011-12-12,False
2017-12-31,337,2011-12-05,2011-12-13,False
2017-12-31,338,2011-12-06,2011-12-14,False
2017-12-31,339,2011-12-07,2011-12-15,False
2017-12-31,340,2011-12-08,2011-12-16,False
2017-12-31,341,2011-12-09,2011-12-19,False
2017-12-31,342,2011-12-12,2011-12-20,False
2017-12-31,343,2011-12-13,2011-12-21,False
2017-12-31,344,2011-12-14,2011-12-22,False
2017-12-31,345,2011-12-15,2011-12-23,False
2017-12-31,346,2011-12-16,2011-12-26,False
2017-12-31,347,2011-12-19,2011-12-27,False
2017-12-31,348,2011-12-20,2011-12-28,False
2017-12-31,349,2011-12-21,2011-12-29,False
2017-12-31,350,2011-12-22,2011-12-30,False
2017-12-31,351,2011-12-23,2012-01-04,False
2017-12-31,352,2011-12-26,2012-01-10,False
2017-12-31,353,2011-12-27,2012-01-11,False
2017-12-31,354,2011-12-28,2012-01-06,False
2017-12-31,355,2011-12-29,2012-01-09,False
2017-12-31,356,2011-12-30,2012-01-10,False
2017-12-31,357,2012-01-04,2012-01-12,False
2017-12-31,358,2012-01-05,2012-01-13,False
2017-12-31,359,2012-01-06,2012-01-16,False
2017-12-31,360,2012-01-09,2012-01-17,False
2017-12-31,361,2012-01-10,2012-01-18,False
2017-12-31,362,2012-01-11,2012-01-19,False
2017-12-31,363,2012-01-12,2012-01-20,False
2017-12-31,364,2012-01-13,2012-01-30,False
2017-12-31,365,2012-01-16,2012-01-31,False
2017-12-31,366,2012-01-17,2012-02-01,False
2017-12-31,367,2012-01-18,2012-02-02,False
2017-12-31,368,2012-01-19,2012-02-03,False
2017-12-31,369,2012-01-20,2012-02-06,False
2017-12-31,370,2012-01-30,2012-02-07,False
2017-12-31,371,2012-01-31,2012-02-08,False
2017-12-31,372,2012-02-01,2012-02-09,False
2017-12-31,373,2012-02-02,2012-02-10,False
2017-12-31,374,2012-02-03,2012-02-13,False
2017-12-31,375,2012-02-06,2012-02-14,False
2017-12-31,376,2012-02-07,2012-02-15,False
2017-12-31,377,2012-02-08,2012-02-16,False
2017-12-31,378,2012-02-09,2012-02-17,False
2017-12-31,379,2012-02-10,2012-02-20,False
2017-12-31,380,2012-02-13,2012-02-21,False
2017-12-31,381,2012-02-14,2012-02-22,False
2017-12-31,382,2012-02-15,2012-02-23,False
2017-12-31,383,2012-02-16,2012-02-24,False
2017-12-31,384,2012-02-17,2012-02-27,False
2017-12-31,385,2012-02-20,2012-02-28,False
2017-12-31,386,2012-02-21,2012-02-29,False
2017-12-31,387,2012-02-22,2012-03-01,False
2017-12-31,388,2012-02-23,2012-03-02,False
2017-12-31,389,2012-02-24,2012-03-05,False
2017-12-31,390,2012-02-27,2012-03-06,False
2017-12-31,391,2012-02-28,2012-03-07,False
2017-12-31,392,2012-02-29,2012-03-08,False
2017-12-31,393,2012-03-01,2012-03-09,False
2017-12-31,394,2012-03-02,2012-03-12,False
2017-12-31,395,2012-03-05,2012-03-13,False
2017-12-31,396,2012-03-06,2012-03-14,False
2017-12-31,397,2012-03-07,2012-03-15,False
2017-12-31,398,2012-03-08,2012-03-16,False
2017-12-31,399,2012-03-09,2012-03-19,False
2017-12-31,400,2012-03-12,2012-03-20,False
2017-12-31,401,2012-03-13,2012-03-21,False
2017-12-31,402,2012-03-14,2012-03-22,False
2017-12-31,403,2012-03-15,2012-03-23,False
2017-12-31,404,2012-03-16,2012-03-26,False
2017-12-31,405,2012-03-19,2012-03-27,False
2017-12-31,406,2012-03-20,2012-03-28,False
2017-12-31,407,2012-03-21,2012-03-29,False
2017-12-31,408,2012-03-22,2012-03-30,False
2017-12-31,409,2012-03-23,2012-04-05,False
2017-12-31,410,2012-03-26,2012-04-10,False
2017-12-31,411,2012-03-27,2012-04-11,False
2017-12-31,412,2012-03-28,2012-04-12,False
2017-12-31,413,2012-03-29,2012-04-10,False
2017-12-31,414,2012-03-30,2012-04-11,False
2017-12-31,415,2012-04-05,2012-04-13,False
2017-12-31,416,2012-04-06,2012-04-16,False
2017-12-31,417,2012-04-09,2012-04-17,False
2017-12-31,418,2012-04-10,2012-04-18,False
2017-12-31,419,2012-04-11,2012-04-19,False
2017-12-31,420,2012-04-12,2012-04-20,False
2017-12-31,421,2012-04-13,2012-04-23,False
2017-12-31,422,2012-04-16,2012-04-24,False
2017-12-31,423,2012-04-17,2012-04-25,False
2017-12-31,424,2012-04-18,2012-04-26,False
2017-12-31,425,2012-04-19,2012-04-27,False
2017-12-31,426,2012-04-20,2012-05-02,False
2017-12-31,427,2012-04-23,2012-05-08,False
2017-12-31,428,2012-04-24,2012-05-09,False
2017-12-31,429,2012-04-25,2012-05-04,False
2017-12-31,430,2012-04-26,2012-05-07,False
2017-12-31,431,2012-04-27,2012-05-08,False
2017-12-31,432,2012-05-02,2012-05-10,False
2017-12-31,433,2012-05-03,2012-05-11,False
2017-12-31,434,2012-05-04,2012-05-14,False
2017-12-31,435,2012-05-07,2012-05-15,False
2017-12-31,436,2012-05-08,2012-05-16,False
2017-12-31,437,2012-05-09,2012-05-17,False
2017-12-31,438,2012-05-10,2012-05-18,False
2017-12-31,439,2012-05-11,2012-05-21,False
2017-12-31,440,2012-05-14,2012-05-22,False
2017-12-31,441,2012-05-15,2012-05-23,False
2017-12-31,442,2012-05-16,2012-05-24,False
2017-12-31,443,2012-05-17,2012-05-25,False
2017-12-31,444,2012-05-18,2012-05-28,False
2017-12-31,445,2012-05-21,2012-05-29,False
2017-12-31,446,2012-05-22,2012-05-30,False
2017-12-31,447,2012-05-23,2012-05-31,False
2017-12-31,448,2012-05-24,2012-06-01,False
2017-12-31,449,2012-05-25,2012-06-04,False
2017-12-31,450,2012-05-28,2012-06-05,False
2017-12-31,451,2012-05-29,2012-06-06,False
2017-12-31,452,2012-05-30,2012-06-07,False
2017-12-31,453,2012-05-31,2012-06-08,False
2017-12-31,454,2012-06-01,2012-06-11,False
2017-12-31,455,2012-06-04,2012-06-12,False
2017-12-31,456,2012-06-05,2012-06-13,False
2017-12-31,457,2012-06-06,2012-06-14,False
2017-12-31,458,2012-06-07,2012-06-15,False
2017-12-31,459,2012-06-08,2012-06-18,False
2017-12-31,460,2012-06-11,2012-06-19,False
2017-12-31,461,2012-06-12,2012-06-20,False
2017-12-31,462,2012-06-13,2012-06-21,False
2017-12-31,463,2012-06-14,2012-06-25,False
2017-12-31,464,2012-06-15,2012-07-02,False
2017-12-31,465,2012-06-18,2012-06-26,False
2017-12-31,466,2012-06-19,2012-06-27,False
2017-12-31,467,2012-06-20,2012-06-28,False
2017-12-31,468,2012-06-21,2012-06-29,False
2017-12-31,469,2012-06-25,2012-07-03,False
2017-12-31,470,2012-06-26,2012-07-04,False
2017-12-31,471,2012-06-27,2012-07-05,False
2017-12-31,472,2012-06-28,2012-07-06,False
2017-12-31,473,2012-06-29,2012-07-09,False
2017-12-31,474,2012-07-02,2012-07-10,False
2017-12-31,475,2012-07-03,2012-07-11,False
2017-12-31,476,2012-07-04,2012-07-12,False
2017-12-31,477,2012-07-05,2012-07-13,False
2017-12-31,478,2012-07-06,2012-07-16,False
2017-12-31,479,2012-07-09,2012-07-17,False
2017-12-31,480,2012-07-10,2012-07-18,False
2017-12-31,481,2012-07-11,2012-07-19,False
2017-12-31,482,2012-07-12,2012-07-20,False
2017-12-31,483,2012-07-13,2012-07-23,False
2017-12-31,484,2012-07-16,2012-07-24,False
2017-12-31,485,2012-07-17,2012-07-25,False
2017-12-31,486,2012-07-18,2012-07-26,False
2017-12-31,487,2012-07-19,2012-07-27,False
2017-12-31,488,2012-07-20,2012-07-30,False
2017-12-31,489,2012-07-23,2012-07-31,False
2017-12-31,490,2012-07-24,2012-08-01,False
2017-12-31,491,2012-07-25,2012-08-02,False
2017-12-31,492,2012-07-26,2012-08-03,False
2017-12-31,493,2012-07-27,2012-08-06,False
2017-12-31,494,2012-07-30,2012-08-07,False
2017-12-31,495,2012-07-31,2012-08-08,False
2017-12-31,496,2012-08-01,2012-08-09,False
2017-12-31,497,2012-08-02,2012-08-10,False
2017-12-31,498,2012-08-03,2012-08-13,False
2017-12-31,499,2012-08-06,2012-08-14,False
2017-12-31,500,2012-08-07,2012-08-15,False
2017-12-31,501,2012-08-08,2012-08-16,False
2017-12-31,502,2012-08-09,2012-08-17,False
2017-12-31,503,2012-08-10,2012-08-20,False
2017-12-31,504,2012-08-13,2012-08-21,False
2017-12-31,505,2012-08-14,2012-08-22,False
2017-12-31,506,2012-08-15,2012-08-23,False
2017-12-31,507,2012-08-16,2012-08-24,False
2017-12-31,508,2012-08-17,2012-08-27,False
2017-12-31,509,2012-08-20,2012-08-28,False
2017-12-31,510,2012-08-21,2012-08-29,False
2017-12-31,511,2012-08-22,2012-08-30,False
2017-12-31,512,2012-08-23,2012-08-31,False
2017-12-31,513,2012-08-24,2012-09-03,False
2017-12-31,514,2012-08-27,2012-09-04,False
2017-12-31,515,2012-08-28,2012-09-05,False
2017-12-31,516,2012-08-29,2012-09-06,False
2017-12-31,517,2012-08-30,2012-09-07,False
2017-12-31,518,2012-08-31,2012-09-10,False
2017-12-31,519,2012-09-03,2012-09-11,False
2017-12-31,520,2012-09-04,2012-09-12,False
2017-12-31,521,2012-09-05,2012-09-13,False
2017-12-31,522,2012-09-06,2012-09-14,False
2017-12-31,523,2012-09-07,2012-09-17,False
2017-12-31,524,2012-09-10,2012-09-18,False
2017-12-31,525,2012-09-11,2012-09-19,False
2017-12-31,526,2012-09-12,2012-09-20,False
2017-12-31,527,2012-09-13,2012-09-21,False
2017-12-31,528,2012-09-14,2012-09-24,False
2017-12-31,529,2012-09-17,2012-09-25,False
2017-12-31,530,2012-09-18,2012-09-26,False
2017-12-31,531,2012-09-19,2012-09-27,False
2017-12-31,532,2012-09-20,2012-09-28,False
2017-12-31,533,2012-09-21,2012-10-08,False
2017-12-31,534,2012-09-24,2012-10-09,False
2017-12-31,535,2012-09-25,2012-10-10,False
2017-12-31,536,2012-09-26,2012-10-11,False
2017-12-31,537,2012-09-27,2012-10-12,False
2017-12-31,538,2012-09-28,2012-10-15,False
2017-12-31,539,2012-10-08,2012-10-16,False
2017-12-31,540,2012-10-09,2012-10-17,False
2017-12-31,541,2012-10-10,2012-10-18,False
2017-12-31,542,2012-10-11,2012-10-19,False
2017-12-31,543,2012-10-12,2012-10-22,False
2017-12-31,544,2012-10-15,2012-10-23,False
2017-12-31,545,2012-10-16,2012-10-24,False
2017-12-31,546,2012-10-17,2012-10-25,False
2017-12-31,547,2012-10-18,2012-10-26,False
2017-12-31,548,2012-10-19,2012-10-29,False
2017-12-31,549,2012-10-22,2012-10-30,False
2017-12-31,550,2012-10-23,2012-10-31,False
2017-12-31,551,2012-10-24,2012-11-01,False
2017-12-31,552,2012-10-25,2012-11-02,False
2017-12-31,553,2012-10-26,2012-11-05,False
2017-12-31,554,2012-10-29,2012-11-06,False
2017-12-31,555,2012-10-30,2012-11-07,False
2017-12-31,556,2012-10-31,2012-11-08,False
2017-12-31,557,2012-11-01,2012-11-09,False
2017-12-31,558,2012-11-02,2012-11-12,False
2017-12-31,559,2012-11-05,2012-11-13,False
2017-12-31,560,2012-11-06,2012-11-14,False
2017-12-31,561,2012-11-07,2012-11-15,False
2017-12-31,562,2012-11-08,2012-11-16,False
2017-12-31,563,2012-11-09,2012-11-19,False
2017-12-31,564,2012-11-12,2012-11-20,False
2017-12-31,565,2012-11-13,2012-11-21,False
2017-12-31,566,2012-11-14,2012-11-22,False
2017-12-31,567,2012-11-15,2012-11-23,False
2017-12-31,568,2012-11-16,2012-11-26,False
2017-12-31,569,2012-11-19,2012-11-27,False
2017-12-31,570,2012-11-20,2012-11-28,False
2017-12-31,571,2012-11-21,2012-11-29,False
2017-12-31,572,2012-11-22,2012-11-30,False
2017-12-31,573,2012-11-23,2012-12-03,False
2017-12-31,574,2012-11-26,2012-12-04,False
2017-12-31,575,2012-11-27,2012-12-05,False
2017-12-31,576,2012-11-28,2012-12-06,False
2017-12-31,577,2012-11-29,2012-12-07,False
2017-12-31,578,2012-11-30,2012-12-10,False
2017-12-31,579,2012-12-03,2012-12-11,False
2017-12-31,580,2012-12-04,2012-12-12,False
2017-12-31,581,2012-12-05,2012-12-13,False
2017-12-31,582,2012-12-06,2012-12-14,False
2017-12-31,583,2012-12-07,2012-12-17,False
2017-12-31,584,2012-12-10,2012-12-18,False
2017-12-31,585,2012-12-11,2012-12-19,False
2017-12-31,586,2012-12-12,2012-12-20,False
2017-12-31,587,2012-12-13,2012-12-21,False
2017-12-31,588,2012-12-14,2012-12-24,False
2017-12-31,589,2012-12-17,2012-12-25,False
2017-12-31,590,2012-12-18,2012-12-26,False
2017-12-31,591,2012-12-19,2012-12-27,False
2017-12-31,592,2012-12-20,2012-12-28,False
2017-12-31,593,2012-12-21,2012-12-31,False
2017-12-31,594,2012-12-24,2013-01-04,False
2017-12-31,595,2012-12-25,2013-01-09,False
2017-12-31,596,2012-12-26,2013-01-10,False
2017-12-31,597,2012-12-27,2013-01-11,False
2017-12-31,598,2012-12-28,2013-01-09,False
2017-12-31,599,2012-12-31,2013-01-10,False
2017-12-31,600,2013-01-04,2013-01-14,False
2017-12-31,601,2013-01-07,2013-01-15,False
2017-12-31,602,2013-01-08,2013-01-16,False
2017-12-31,603,2013-01-09,2013-01-17,False
2017-12-31,604,2013-01-10,2013-01-18,False
2017-12-31,605,2013-01-11,2013-01-21,False
2017-12-31,606,2013-01-14,2013-01-22,False
2017-12-31,607,2013-01-15,2013-01-23,False
2017-12-31,608,2013-01-16,2013-01-24,False
2017-12-31,609,2013-01-17,2013-01-25,False
2017-12-31,610,2013-01-18,2013-01-28,False
2017-12-31,611,2013-01-21,2013-01-29,False
2017-12-31,612,2013-01-22,2013-01-30,False
2017-12-31,613,2013-01-23,2013-01-31,False
2017-12-31,614,2013-01-24,2013-02-01,False
2017-12-31,615,2013-01-25,2013-02-04,False
2017-12-31,616,2013-01-28,2013-02-05,False
2017-12-31,617,2013-01-29,2013-02-06,False
2017-12-31,618,2013-01-30,2013-02-07,False
2017-12-31,619,2013-01-31,2013-02-08,False
2017-12-31,620,2013-02-01,2013-02-18,False
2017-12-31,621,2013-02-04,2013-02-19,False
2017-12-31,622,2013-02-05,2013-02-20,False
2017-12-31,623,2013-02-06,2013-02-21,False
2017-12-31,624,2013-02-07,2013-02-22,False
2017-12-31,625,2013-02-08,2013-02-25,False
2017-12-31,626,2013-02-18,2013-02-26,False
2017-12-31,627,2013-02-19,2013-02-27,False
2017-12-31,628,2013-02-20,2013-02-28,False
2017-12-31,629,2013-02-21,2013-03-01,False
2017-12-31,630,2013-02-22,2013-03-04,False
2017-12-31,631,2013-02-25,2013-03-05,False
2017-12-31,632,2013-02-26,2013-03-06,False
2017-12-31,633,2013-02-27,2013-03-07,False
2017-12-31,634,2013-02-28,2013-03-08,False
2017-12-31,635,2013-03-01,2013-03-11,False
2017-12-31,636,2013-03-04,2013-03-12,False
2017-12-31,637,2013-03-05,2013-03-13,False
2017-12-31,638,2013-03-06,2013-03-14,False
2017-12-31,639,2013-03-07,2013-03-15,False
2017-12-31,640,2013-03-08,2013-03-18,False
2017-12-31,641,2013-03-11,2013-03-19,False
2017-12-31,642,2013-03-12,2013-03-20,False
2017-12-31,643,2013-03-13,2013-03-21,False
2017-12-31,644,2013-03-14,2013-03-22,False
2017-12-31,645,2013-03-15,2013-03-25,False
2017-12-31,646,2013-03-18,2013-03-26,False
2017-12-31,647,2013-03-19,2013-03-27,False
2017-12-31,648,2013-03-20,2013-03-28,False
2017-12-31,649,2013-03-21,2013-03-29,False
2017-12-31,650,2013-03-22,2013-04-01,False
2017-12-31,651,2013-03-25,2013-04-02,False
2017-12-31,652,2013-03-26,2013-04-03,False
2017-12-31,653,2013-03-27,2013-04-08,False
2017-12-31,654,2013-03-28,2013-04-12,False
2017-12-31,655,2013-03-29,2013-04-15,False
2017-12-31,656,2013-04-01,2013-04-10,False
2017-12-31,657,2013-04-02,2013-04-11,False
2017-12-31,658,2013-04-03,2013-04-12,False
2017-12-31,659,2013-04-08,2013-04-16,False
2017-12-31,660,2013-04-09,2013-04-17,False
2017-12-31,661,2013-04-10,2013-04-18,False
2017-12-31,662,2013-04-11,2013-04-19,False
2017-12-31,663,2013-04-12,2013-04-22,False
2017-12-31,664,2013-04-15,2013-04-23,False
2017-12-31,665,2013-04-16,2013-04-24,False
2017-12-31,666,2013-04-17,2013-04-25,False
2017-12-31,667,2013-04-18,2013-04-26,False
2017-12-31,668,2013-04-19,2013-05-02,False
2017-12-31,669,2013-04-22,2013-05-07,False
2017-12-31,670,2013-04-23,2013-05-08,False
2017-12-31,671,2013-04-24,2013-05-09,False
2017-12-31,672,2013-04-25,2013-05-07,False
2017-12-31,673,2013-04-26,2013-05-08,False
2017-12-31,674,2013-05-02,2013-05-10,False
2017-12-31,675,2013-05-03,2013-05-13,False
2017-12-31,676,2013-05-06,2013-05-14,False
2017-12-31,677,2013-05-07,2013-05-15,False
2017-12-31,678,2013-05-08,2013-05-16,False
2017-12-31,679,2013-05-09,2013-05-17,False
2017-12-31,680,2013-05-10,2013-05-20,False
2017-12-31,681,2013-05-13,2013-05-21,False
2017-12-31,682,2013-05-14,2013-05-22,False
2017-12-31,683,2013-05-15,2013-05-23,False
2017-12-31,684,2013-05-16,2013-05-24,False
2017-12-31,685,2013-05-17,2013-05-27,False
2017-12-31,686,2013-05-20,2013-05-28,False
2017-12-31,687,2013-05-21,2013-05-29,False
2017-12-31,688,2013-05-22,2013-05-30,False
2017-12-31,689,2013-05-23,2013-05-31,False
2017-12-31,690,2013-05-24,2013-06-03,False
2017-12-31,691,2013-05-27,2013-06-04,False
2017-12-31,692,2013-05-28,2013-06-05,False
2017-12-31,693,2013-05-29,2013-06-06,False
2017-12-31,694,2013-05-30,2013-06-07,False
2017-12-31,695,2013-05-31,2013-06-13,False
2017-12-31,696,2013-06-03,2013-06-18,False
2017-12-31,697,2013-06-04,2013-06-19,False
2017-12-31,698,2013-06-05,2013-06-20,False
2017-12-31,699,2013-06-06,2013-06-18,False
2017-12-31,700,2013-06-07,2013-06-19,False
2017-12-31,701,2013-06-13,2013-06-21,False
2017-12-31,702,2013-06-14,2013-06-24,False
2017-12-31,703,2013-06-17,2013-06-25,False
2017-12-31,704,2013-06-18,2013-06-26,False
2017-12-31,705,2013-06-19,2013-06-27,False
2017-12-31,706,2013-06-20,2013-06-28,False
2017-12-31,707,2013-06-21,2013-07-01,False
2017-12-31,708,2013-06-24,2013-07-02,False
2017-12-31,709,2013-06-25,2013-07-03,False
2017-12-31,710,2013-06-26,2013-07-04,False
2017-12-31,711,2013-06-27,2013-07-05,False
2017-12-31,712,2013-06-28,2013-07-08,False
2017-12-31,713,2013-07-01,2013-07-09,False
2017-12-31,714,2013-07-02,2013-07-10,False
2017-12-31,715,2013-07-03,2013-07-11,False
2017-12-31,716,2013-07-04,2013-07-12,False
2017-12-31,717,2013-07-05,2013-07-15,False
2017-12-31,718,2013-07-08,2013-07-16,False
2017-12-31,719,2013-07-09,2013-07-17,False
2017-12-31,720,2013-07-10,2013-07-18,False
2017-12-31,721,2013-07-11,2013-07-19,False
2017-12-31,722,2013-07-12,2013-07-22,False
2017-12-31,723,2013-07-15,2013-07-23,False
2017-12-31,724,2013-07-16,2013-07-24,False
2017-12-31,725,2013-07-17,2013-07-25,False
2017-12-31,726,2013-07-18,2013-07-26,False
2017-12-31,727,2013-07-19,2013-07-29,False
2017-12-31,728,2013-07-22,2013-07-30,False
2017-12-31,729,2013-07-23,2013-07-31,False
2017-12-31,730,2013-07-24,2013-08-01,False
2017-12-31,731,2013-07-25,2013-08-02,False
2017-12-31,732,2013-07-26,2013-08-05,False
2017-12-31,733,2013-07-29,2013-08-06,False
2017-12-31,734,2013-07-30,2013-08-07,False
2017-12-31,735,2013-07-31,2013-08-08,False
2017-12-31,736,2013-08-01,2013-08-09,False
2017-12-31,737,2013-08-02,2013-08-12,False
2017-12-31,738,2013-08-05,2013-08-13,False
2017-12-31,739,2013-08-06,2013-08-14,False
2017-12-31,740,2013-08-07,2013-08-15,False
2017-12-31,741,2013-08-08,2013-08-16,False
2017-12-31,742,2013-08-09,2013-08-19,False
2017-12-31,743,2013-08-12,2013-08-20,False
2017-12-31,744,2013-08-13,2013-08-21,False
2017-12-31,745,2013-08-14,2013-08-22,False
2017-12-31,746,2013-08-15,2013-08-23,False
2017-12-31,747,2013-08-16,2013-08-26,False
2017-12-31,748,2013-08-19,2013-08-27,False
2017-12-31,749,2013-08-20,2013-08-28,False
2017-12-31,750,2013-08-21,2013-08-29,False
2017-12-31,751,2013-08-22,2013-08-30,False
2017-12-31,752,2013-08-23,2013-09-02,False
2017-12-31,753,2013-08-26,2013-09-03,False
2017-12-31,754,2013-08-27,2013-09-04,False
2017-12-31,755,2013-08-28,2013-09-05,False
2017-12-31,756,2013-08-29,2013-09-06,False
2017-12-31,757,2013-08-30,2013-09-09,False
2017-12-31,758,2013-09-02,2013-09-10,False
2017-12-31,759,2013-09-03,2013-09-11,False
2017-12-31,760,2013-09-04,2013-09-12,False
2017-12-31,761,2013-09-05,2013-09-13,False
2017-12-31,762,2013-09-06,2013-09-16,False
2017-12-31,763,2013-09-09,2013-09-17,False
2017-12-31,764,2013-09-10,2013-09-18,False
2017-12-31,765,2013-09-11,2013-09-23,False
2017-12-31,766,2013-09-12,2013-09-27,False
2017-12-31,767,2013-09-13,2013-09-30,False
2017-12-31,768,2013-09-16,2013-09-25,False
2017-12-31,769,2013-09-17,2013-09-26,False
2017-12-31,770,2013-09-18,2013-09-27,False
2017-12-31,771,2013-09-23,2013-10-08,False
2017-12-31,772,2013-09-24,2013-10-09,False
2017-12-31,773,2013-09-25,2013-10-10,False
2017-12-31,774,2013-09-26,2013-10-11,False
2017-12-31,775,2013-09-27,2013-10-14,False
2017-12-31,776,2013-09-30,2013-10-15,False
2017-12-31,777,2013-10-08,2013-10-16,False
2017-12-31,778,2013-10-09,2013-10-17,False
2017-12-31,779,2013-10-10,2013-10-18,False
2017-12-31,780,2013-10-11,2013-10-21,False
2017-12-31,781,2013-10-14,2013-10-22,False
2017-12-31,782,2013-10-15,2013-10-23,False
2017-12-31,783,2013-10-16,2013-10-24,False
2017-12-31,784,2013-10-17,2013-10-25,False
2017-12-31,785,2013-10-18,2013-10-28,False
2017-12-31,786,2013-10-21,2013-10-29,False
2017-12-31,787,2013-10-22,2013-10-30,False
2017-12-31,788,2013-10-23,2013-10-31,False
2017-12-31,789,2013-10-24,2013-11-01,False
2017-12-31,790,2013-10-25,2013-11-04,False
2017-12-31,791,2013-10-28,2013-11-05,False
2017-12-31,792,2013-10-29,2013-11-06,False
2017-12-31,793,2013-10-30,2013-11-07,False
2017-12-31,794,2013-10-31,2013-11-08,False
2017-12-31,795,2013-11-01,2013-11-11,False
2017-12-31,796,2013-11-04,2013-11-12,False
2017-12-31,797,2013-11-05,2013-11-13,False
2017-12-31,798,2013-11-06,2013-11-14,False
2017-12-31,799,2013-11-07,2013-11-15,False
2017-12-31,800,2013-11-08,2013-11-18,False
2017-12-31,801,2013-11-11,2013-11-19,False
2017-12-31,802,2013-11-12,2013-11-20,False
2017-12-31,803,2013-11-13,2013-11-21,False
2017-12-31,804,2013-11-14,2013-11-22,False
2017-12-31,805,2013-11-15,2013-11-25,False
2017-12-31,806,2013-11-18,2013-11-26,False
2017-12-31,807,2013-11-19,2013-11-27,False
2017-12-31,808,2013-11-20,2013-11-28,False
2017-12-31,809,2013-11-21,2013-11-29,False
2017-12-31,810,2013-11-22,2013-12-02,False
2017-12-31,811,2013-11-25,2013-12-03,False
2017-12-31,812,2013-11-26,2013-12-04,False
2017-12-31,813,2013-11-27,2013-12-05,False
2017-12-31,814,2013-11-28,2013-12-06,False
2017-12-31,815,2013-11-29,2013-12-09,False
2017-12-31,816,2013-12-02,2013-12-10,False
2017-12-31,817,2013-12-03,2013-12-11,False
2017-12-31,818,2013-12-04,2013-12-12,False
2017-12-31,819,2013-12-05,2013-12-13,False
2017-12-31,820,2013-12-06,2013-12-16,False
2017-12-31,821,2013-12-09,2013-12-17,False
2017-12-31,822,2013-12-10,2013-12-18,False
2017-12-31,823,2013-12-11,2013-12-19,False
2017-12-31,824,2013-12-12,2013-12-20,False
2017-12-31,825,2013-12-13,2013-12-23,False
2017-12-31,826,2013-12-16,2013-12-24,False
2017-12-31,827,2013-12-17,2013-12-25,False
2017-12-31,828,2013-12-18,2013-12-26,False
2017-12-31,829,2013-12-19,2013-12-27,False
2017-12-31,830,2013-12-20,2013-12-30,False
2017-12-31,831,2013-12-23,2013-12-31,False
2017-12-31,832,2013-12-24,2014-01-02,False
2017-12-31,833,2013-12-25,2014-01-09,False
2017-12-31,834,2013-12-26,2014-01-03,False
2017-12-31,835,2013-12-27,2014-01-06,False
2017-12-31,836,2013-12-30,2014-01-07,False
2017-12-31,837,2013-12-31,2014-01-08,False
2017-12-31,838,2014-01-02,2014-01-10,False
2017-12-31,839,2014-01-03,2014-01-13,False
2017-12-31,840,2014-01-06,2014-01-14,False
2017-12-31,841,2014-01-07,2014-01-15,False
2017-12-31,842,2014-01-08,2014-01-16,False
2017-12-31,843,2014-01-09,2014-01-17,False
2017-12-31,844,2014-01-10,2014-01-20,False
2017-12-31,845,2014-01-13,2014-01-21,False
2017-12-31,846,2014-01-14,2014-01-22,False
2017-12-31,847,2014-01-15,2014-01-23,False
2017-12-31,848,2014-01-16,2014-01-24,False
2017-12-31,849,2014-01-17,2014-01-27,False
2017-12-31,850,2014-01-20,2014-01-28,False
2017-12-31,851,2014-01-21,2014-01-29,False
2017-12-31,852,2014-01-22,2014-01-30,False
2017-12-31,853,2014-01-23,2014-02-07,False
2017-12-31,854,2014-01-24,2014-02-10,False
2017-12-31,855,2014-01-27,2014-02-11,False
2017-12-31,856,2014-01-28,2014-02-12,False
2017-12-31,857,2014-01-29,2014-02-13,False
2017-12-31,858,2014-01-30,2014-02-14,False
2017-12-31,859,2014-02-07,2014-02-17,False
2017-12-31,860,2014-02-10,2014-02-18,False
2017-12-31,861,2014-02-11,2014-02-19,False
2017-12-31,862,2014-02-12,2014-02-20,False
2017-12-31,863,2014-02-13,2014-02-21,False
2017-12-31,864,2014-02-14,2014-02-24,False
2017-12-31,865,2014-02-17,2014-02-25,False
2017-12-31,866,2014-02-18,2014-02-26,False
2017-12-31,867,2014-02-19,2014-02-27,False
2017-12-31,868,2014-02-20,2014-02-28,False
2017-12-31,869,2014-02-21,2014-03-03,False
2017-12-31,870,2014-02-24,2014-03-04,False
2017-12-31,871,2014-02-25,2014-03-05,False
2017-12-31,872,2014-02-26,2014-03-06,False
2017-12-31,873,2014-02-27,2014-03-07,False
2017-12-31,874,2014-02-28,2014-03-10,False
2017-12-31,875,2014-03-03,2014-03-11,False
2017-12-31,876,2014-03-04,2014-03-12,False
2017-12-31,877,2014-03-05,2014-03-13,False
2017-12-31,878,2014-03-06,2014-03-14,False
2017-12-31,879,2014-03-07,2014-03-17,False
2017-12-31,880,2014-03-10,2014-03-18,False
2017-12-31,881,2014-03-11,2014-03-19,False
2017-12-31,882,2014-03-12,2014-03-20,False
2017-12-31,883,2014-03-13,2014-03-21,False
2017-12-31,884,2014-03-14,2014-03-24,False
2017-12-31,885,2014-03-17,2014-03-25,False
2017-12-31,886,2014-03-18,2014-03-26,False
2017-12-31,887,2014-03-19,2014-03-27,False
2017-12-31,888,2014-03-20,2014-03-28,False
2017-12-31,889,2014-03-21,2014-03-31,False
2017-12-31,890,2014-03-24,2014-04-01,False
2017-12-31,891,2014-03-25,2014-04-02,False
2017-12-31,892,2014-03-26,2014-04-03,False
2017-12-31,893,2014-03-27,2014-04-04,False
2017-12-31,894,2014-03-28,2014-04-08,False
2017-12-31,895,2014-03-31,2014-04-15,False
2017-12-31,896,2014-04-01,2014-04-09,False
2017-12-31,897,2014-04-02,2014-04-10,False
2017-12-31,898,2014-04-03,2014-04-11,False
2017-12-31,899,2014-04-04,2014-04-14,False
2017-12-31,900,2014-04-08,2014-04-16,False
2017-12-31,901,2014-04-09,2014-04-17,False
2017-12-31,902,2014-04-10,2014-04-18,False
2017-12-31,903,2014-04-11,2014-04-21,False
2017-12-31,904,2014-04-14,2014-04-22,False
2017-12-31,905,2014-04-15,2014-04-23,False
2017-12-31,906,2014-04-16,2014-04-24,False
2017-12-31,907,2014-04-17,2014-04-25,False
2017-12-31,908,2014-04-18,2014-04-28,False
2017-12-31,909,2014-04-21,2014-04-29,False
2017-12-31,910,2014-04-22,2014-04-30,False
2017-12-31,911,2014-04-23,2014-05-05,False
2017-12-31,912,2014-04-24,2014-05-09,False
2017-12-31,913,2014-04-25,2014-05-12,False
2017-12-31,914,2014-04-28,2014-05-07,False
2017-12-31,915,2014-04-29,2014-05-08,False
2017-12-31,916,2014-04-30,2014-05-09,False
2017-12-31,917,2014-05-05,2014-05-13,False
2017-12-31,918,2014-05-06,2014-05-14,False
2017-12-31,919,2014-05-07,2014-05-15,False
2017-12-31,920,2014-05-08,2014-05-16,False
2017-12-31,921,2014-05-09,2014-05-19,False
2017-12-31,922,2014-05-12,2014-05-20,False
2017-12-31,923,2014-05-13,2014-05-21,False
2017-12-31,924,2014-05-14,2014-05-22,False
2017-12-31,925,2014-05-15,2014-05-23,False
2017-12-31,926,2014-05-16,2014-05-26,False
2017-12-31,927,2014-05-19,2014-05-27,False
2017-12-31,928,2014-05-20,2014-05-28,False
2017-12-31,929,2014-05-21,2014-05-29,False
2017-12-31,930,2014-05-22,2014-05-30,False
2017-12-31,931,2014-05-23,2014-06-03,False
2017-12-31,932,2014-05-26,2014-06-10,False
2017-12-31,933,2014-05-27,2014-06-04,False
2017-12-31,934,2014-05-28,2014-06-05,False
2017-12-31,935,2014-05-29,2014-06-06,False
2017-12-31,936,2014-05-30,2014-06-09,False
2017-12-31,937,2014-06-03,2014-06-11,False
2017-12-31,938,2014-06-04,2014-06-12,False
2017-12-31,939,2014-06-05,2014-06-13,False
2017-12-31,940,2014-06-06,2014-06-16,False
2017-12-31,941,2014-06-09,2014-06-17,False
2017-12-31,942,2014-06-10,2014-06-18,False
2017-12-31,943,2014-06-11,2014-06-19,False
2017-12-31,944,2014-06-12,2014-06-20,False
2017-12-31,945,2014-06-13,2014-06-23,False
2017-12-31,946,2014-06-16,2014-06-24,False
2017-12-31,947,2014-06-17,2014-06-25,False
2017-12-31,948,2014-06-18,2014-06-26,False
2017-12-31,949,2014-06-19,2014-06-27,False
2017-12-31,950,2014-06-20,2014-06-30,False
2017-12-31,951,2014-06-23,2014-07-01,False
2017-12-31,952,2014-06-24,2014-07-02,False
2017-12-31,953,2014-06-25,2014-07-03,False
2017-12-31,954,2014-06-26,2014-07-04,False
2017-12-31,955,2014-06-27,2014-07-07,False
2017-12-31,956,2014-06-30,2014-07-08,False
2017-12-31,957,2014-07-01,2014-07-09,False
2017-12-31,958,2014-07-02,2014-07-10,False
2017-12-31,959,2014-07-03,2014-07-11,False
2017-12-31,960,2014-07-04,2014-07-14,False
2017-12-31,961,2014-07-07,2014-07-15,False
2017-12-31,962,2014-07-08,2014-07-16,False
2017-12-31,963,2014-07-09,2014-07-17,False
2017-12-31,964,2014-07-10,2014-07-18,False
2017-12-31,965,2014-07-11,2014-07-21,False
2017-12-31,966,2014-07-14,2014-07-22,False
2017-12-31,967,2014-07-15,2014-07-23,False
2017-12-31,968,2014-07-16,2014-07-24,False
2017-12-31,969,2014-07-17,2014-07-25,False
2017-12-31,970,2014-07-18,2014-07-28,False
2017-12-31,971,2014-07-21,2014-07-29,False
2017-12-31,972,2014-07-22,2014-07-30,False
2017-12-31,973,2014-07-23,2014-07-31,False
2017-12-31,974,2014-07-24,2014-08-01,False
2017-12-31,975,2014-07-25,2014-08-04,False
2017-12-31,976,2014-07-28,2014-08-05,False
2017-12-31,977,2014-07-29,2014-08-06,False
2017-12-31,978,2014-07-30,2014-08-07,False
2017-12-31,979,2014-07-31,2014-08-08,False
2017-12-31,980,2014-08-01,2014-08-11,False
2017-12-31,981,2014-08-04,2014-08-12,False
2017-12-31,982,2014-08-05,2014-08-13,False
2017-12-31,983,2014-08-06,2014-08-14,False
2017-12-31,984,2014-08-07,2014-08-15,False
2017-12-31,985,2014-08-08,2014-08-18,False
2017-12-31,986,2014-08-11,2014-08-19,False
2017-12-31,987,2014-08-12,2014-08-20,False
2017-12-31,988,2014-08-13,2014-08-21,False
2017-12-31,989,2014-08-14,2014-08-22,False
2017-12-31,990,2014-08-15,2014-08-25,False
2017-12-31,991,2014-08-18,2014-08-26,False
2017-12-31,992,2014-08-19,2014-08-27,False
2017-12-31,993,2014-08-20,2014-08-28,False
2017-12-31,994,2014-08-21,2014-08-29,False
2017-12-31,995,2014-08-22,2014-09-01,False
2017-12-31,996,2014-08-25,2014-09-02,False
2017-12-31,997,2014-08-26,2014-09-03,False
2017-12-31,998,2014-08-27,2014-09-04,False
2017-12-31,999,2014-08-28,2014-09-05,False
2017-12-31,1000,2014-08-29,2014-09-09,False
2017-12-31,1001,2014-09-01,2014-09-16,False
2017-12-31,1002,2014-09-02,2014-09-10,False
2017-12-31,1003,2014-09-03,2014-09-11,False
2017-12-31,1004,2014-09-04,2014-09-12,False
2017-12-31,1005,2014-09-05,2014-09-15,False
2017-12-31,1006,2014-09-09,2014-09-17,False
2017-12-31,1007,2014-09-10,2014-09-18,False
2017-12-31,1008,2014-09-11,2014-09-19,False
2017-12-31,1009,2014-09-12,2014-09-22,False
2017-12-31,1010,2014-09-15,2014-09-23,False
2017-12-31,1011,2014-09-16,2014-09-24,False
2017-12-31,1012,2014-09-17,2014-09-25,False
2017-12-31,1013,2014-09-18,2014-09-26,False
2017-12-31,1014,2014-09-19,2014-09-29,False
2017-12-31,1015,2014-09-22,2014-09-30,False
2017-12-31,1016,2014-09-23,2014-10-08,False
2017-12-31,1017,2014-09-24,2014-10-09,False
2017-12-31,1018,2014-09-25,2014-10-10,False
2017-12-31,1019,2014-09-26,2014-10-13,False
2017-12-31,1020,2014-09-29,2014-10-14,False
2017-12-31,1021,2014-09-30,2014-10-15,False
2017-12-31,1022,2014-10-08,2014-10-16,False
2017-12-31,1023,2014-10-09,2014-10-17,False
2017-12-31,1024,2014-10-10,2014-10-20,False
2017-12-31,1025,2014-10-13,2014-10-21,False
2017-12-31,1026,2014-10-14,2014-10-22,False
2017-12-31,1027,2014-10-15,2014-10-23,False
2017-12-31,1028,2014-10-16,2014-10-24,False
2017-12-31,1029,2014-10-17,2014-10-27,False
2017-12-31,1030,2014-10-20,2014-10-28,False
2017-12-31,1031,2014-10-21,2014-10-29,False
2017-12-31,1032,2014-10-22,2014-10-30,False
2017-12-31,1033,2014-10-23,2014-10-31,False
2017-12-31,1034,2014-10-24,2014-11-03,False
2017-12-31,1035,2014-10-27,2014-11-04,False
2017-12-31,1036,2014-10-28,2014-11-05,False
2017-12-31,1037,2014-10-29,2014-11-06,False
2017-12-31,1038,2014-10-30,2014-11-07,False
2017-12-31,1039,2014-10-31,2014-11-10,False
2017-12-31,1040,2014-11-03,2014-11-11,False
2017-12-31,1041,2014-11-04,2014-11-12,False
2017-12-31,1042,2014-11-05,2014-11-13,False
2017-12-31,1043,2014-11-06,2014-11-14,False
2017-12-31,1044,2014-11-07,2014-11-17,False
2017-12-31,1045,2014-11-10,2014-11-18,False
2017-12-31,1046,2014-11-11,2014-11-19,False
2017-12-31,1047,2014-11-12,2014-11-20,False
2017-12-31,1048,2014-11-13,2014-11-21,False
2017-12-31,1049,2014-11-14,2014-11-24,False
2017-12-31,1050,2014-11-17,2014-11-25,False
2017-12-31,1051,2014-11-18,2014-11-26,False
2017-12-31,1052,2014-11-19,2014-11-27,False
2017-12-31,1053,2014-11-20,2014-11-28,False
2017-12-31,1054,2014-11-21,2014-12-01,False
2017-12-31,1055,2014-11-24,2014-12-02,False
2017-12-31,1056,2014-11-25,2014-12-03,False
2017-12-31,1057,2014-11-26,2014-12-04,False
2017-12-31,1058,2014-11-27,2014-12-05,False
2017-12-31,1059,2014-11-28,2014-12-08,False
2017-12-31,1060,2014-12-01,2014-12-09,False
2017-12-31,1061,2014-12-02,2014-12-10,False
2017-12-31,1062,2014-12-03,2014-12-11,False
2017-12-31,1063,2014-12-04,2014-12-12,False
2017-12-31,1064,2014-12-05,2014-12-15,False
2017-12-31,1065,2014-12-08,2014-12-16,False
2017-12-31,1066,2014-12-09,2014-12-17,False
2017-12-31,1067,2014-12-10,2014-12-18,False
2017-12-31,1068,2014-12-11,2014-12-19,False
2017-12-31,1069,2014-12-12,2014-12-22,False
2017-12-31,1070,2014-12-15,2014-12-23,False
2017-12-31,1071,2014-12-16,2014-12-24,False
2017-12-31,1072,2014-12-17,2014-12-25,False
2017-12-31,1073,2014-12-18,2014-12-26,False
2017-12-31,1074,2014-12-19,2014-12-29,False
2017-12-31,1075,2014-12-22,2014-12-30,False
2017-12-31,1076,2014-12-23,2014-12-31,False
2017-12-31,1077,2014-12-24,2015-01-05,False
2017-12-31,1078,2014-12-25,2015-01-09,False
2017-12-31,1079,2014-12-26,2015-01-12,False
2017-12-31,1080,2014-12-29,2015-01-07,False
2017-12-31,1081,2014-12-30,2015-01-08,False
2017-12-31,1082,2014-12-31,2015-01-09,False
2017-12-31,1083,2015-01-05,2015-01-13,True
2017-12-31,1084,2015-01-06,2015-01-14,True
2017-12-31,1085,2015-01-07,2015-01-15,True
2017-12-31,1086,2015-01-08,2015-01-16,True
2017-12-31,1087,2015-01-09,2015-01-19,True
2017-12-31,1088,2015-01-12,2015-01-20,True
2017-12-31,1089,2015-01-13,2015-01-21,True
2017-12-31,1090,2015-01-14,2015-01-22,True
2017-12-31,1091,2015-01-15,2015-01-23,True
2017-12-31,1092,2015-01-16,2015-01-26,True
2017-12-31,1093,2015-01-19,2015-01-27,True
2017-12-31,1094,2015-01-20,2015-01-28,True
2017-12-31,1095,2015-01-21,2015-01-29,True
2017-12-31,1096,2015-01-22,2015-01-30,True
2017-12-31,1097,2015-01-23,2015-02-02,True
2017-12-31,1098,2015-01-26,2015-02-03,True
2017-12-31,1099,2015-01-27,2015-02-04,True
2017-12-31,1100,2015-01-28,2015-02-05,True
2017-12-31,1101,2015-01-29,2015-02-06,True
2017-12-31,1102,2015-01-30,2015-02-09,True
2017-12-31,1103,2015-02-02,2015-02-10,True
2017-12-31,1104,2015-02-03,2015-02-11,True
2017-12-31,1105,2015-02-04,2015-02-12,True
2017-12-31,1106,2015-02-05,2015-02-13,True
2017-12-31,1107,2015-02-06,2015-02-16,True
2017-12-31,1108,2015-02-09,2015-02-17,True
2017-12-31,1109,2015-02-10,2015-02-25,True
2017-12-31,1110,2015-02-11,2015-02-26,True
2017-12-31,1111,2015-02-12,2015-02-27,True
2017-12-31,1112,2015-02-13,2015-03-02,True
2017-12-31,1113,2015-02-16,2015-03-03,True
2017-12-31,1114,2015-02-17,2015-03-04,True
2017-12-31,1115,2015-02-25,2015-03-05,True
2017-12-31,1116,2015-02-26,2015-03-06,True
2017-12-31,1117,2015-02-27,2015-03-09,True
2017-12-31,1118,2015-03-02,2015-03-10,True
2017-12-31,1119,2015-03-03,2015-03-11,True
2017-12-31,1120,2015-03-04,2015-03-12,True
2017-12-31,1121,2015-03-05,2015-03-13,True
2017-12-31,1122,2015-03-06,2015-03-16,True
2017-12-31,1123,2015-03-09,2015-03-17,True
2017-12-31,1124,2015-03-10,2015-03-18,True
2017-12-31,1125,2015-03-11,2015-03-19,True
2017-12-31,1126,2015-03-12,2015-03-20,True
2017-12-31,1127,2015-03-13,2015-03-23,True
2017-12-31,1128,2015-03-16,2015-03-24,True
2017-12-31,1129,2015-03-17,2015-03-25,True
2017-12-31,1130,2015-03-18,2015-03-26,True
2017-12-31,1131,2015-09-25,2015-10-12,True
2017-12-31,1132,2015-09-28,2015-10-13,True
2017-12-31,1133,2015-09-29,2015-10-14,True
2017-12-31,1134,2015-09-30,2015-10-15,True
2017-12-31,1135,2015-10-08,2015-10-16,True
2017-12-31,1136,2015-10-09,2015-10-19,True
2017-12-31,1137,2015-10-12,2015-10-20,True
2017-12-31,1138,2015-10-13,2015-10-21,True
2017-12-31,1139,2015-10-14,2015-10-22,True
2017-12-31,1140,2015-10-15,2015-10-23,True
2017-12-31,1141,2015-10-16,2015-10-26,True
2017-12-31,1142,2015-10-19,2015-10-27,True
2017-12-31,1143,2015-10-20,2015-10-28,True
2017-12-31,1144,2015-10-21,2015-10-29,True
2017-12-31,1145,2015-10-22,2015-10-30,True
2017-12-31,1146,2015-10-23,2015-11-02,True
2017-12-31,1147,2015-10-26,2015-11-03,True
2017-12-31,1148,2015-10-27,2015-11-04,True
2017-12-31,1149,2015-10-28,2015-11-05,True
2017-12-31,1150,2015-10-29,2015-11-06,True
2017-12-31,1151,2015-10-30,2015-11-09,True
2017-12-31,1152,2015-11-02,2015-11-10,True
2017-12-31,1153,2015-11-03,2015-11-11,True
2017-12-31,1154,2015-11-04,2015-11-12,True
2017-12-31,1155,2015-11-05,2015-11-13,True
2017-12-31,1156,2015-11-06,2015-11-16,True
2017-12-31,1157,2015-11-09,2015-11-17,True
2017-12-31,1158,2015-11-10,2015-11-18,True
2017-12-31,1159,2015-11-11,2015-11-19,True
2017-12-31,1160,2015-11-12,2015-11-20,True
2017-12-31,1161,2015-11-13,2015-11-23,True
2017-12-31,1162,2015-11-16,2015-11-24,True
2017-12-31,1163,2015-11-17,2015-11-25,True
2017-12-31,1164,2015-11-18,2015-11-26,True
2017-12-31,1165,2015-11-19,2015-11-27,True
2017-12-31,1166,2015-11-20,2015-11-30,True
2017-12-31,1167,2015-11-23,2015-12-01,True
2017-12-31,1168,2015-11-24,2015-12-02,True
2017-12-31,1169,2015-11-25,2015-12-03,True
2017-12-31,1170,2015-11-26,2015-12-04,True
2017-12-31,1171,2015-11-27,2015-12-07,True
2017-12-31,1172,2015-11-30,2015-12-08,True
2017-12-31,1173,2015-12-01,2015-12-09,True
2017-12-31,1174,2015-12-02,2015-12-10,True
2017-12-31,1175,2015-12-03,2015-12-11,True
2017-12-31,1176,2015-12-04,2015-12-14,True
2017-12-31,1177,2015-12-07,2015-12-15,True
2017-12-31,1178,2015-12-08,2015-12-16,True
2017-12-31,1179,2015-12-09,2015-12-17,True
2017-12-31,1180,2015-12-10,2015-12-18,True
2017-12-31,1181,2015-12-11,2015-12-21,True
2017-12-31,1182,2015-12-14,2015-12-22,True
2017-12-31,1183,2015-12-15,2015-12-23,True
2017-12-31,1184,2015-12-16,2015-12-24,True
2017-12-31,1185,2015-12-17,2015-12-25,True
2017-12-31,1186,2015-12-18,2015-12-28,True
2017-12-31,1187,2015-12-21,2015-12-29,True
2017-12-31,1188,2015-12-22,2015-12-30,True
2017-12-31,1189,2015-12-23,2015-12-31,True
2017-12-31,1190,2015-12-24,2016-01-04,True
2017-12-31,1191,2015-12-25,2016-01-11,True
2017-12-31,1192,2015-12-28,2016-01-05,True
2017-12-31,1193,2015-12-29,2016-01-06,True
2017-12-31,1194,2015-12-30,2016-01-07,True
2017-12-31,1195,2015-12-31,2016-01-08,True
2017-12-31,1196,2016-01-04,2016-01-12,True
2017-12-31,1197,2016-01-05,2016-01-13,True
2017-12-31,1198,2016-01-06,2016-01-14,True
2017-12-31,1199,2016-01-07,2016-01-15,True
2017-12-31,1200,2016-01-08,2016-01-18,True
2017-12-31,1201,2016-01-11,2016-01-19,True
2017-12-31,1202,2016-01-12,2016-01-20,True
2017-12-31,1203,2016-01-13,2016-01-21,True
2017-12-31,1204,2016-01-14,2016-01-22,True
2017-12-31,1205,2016-01-15,2016-01-25,True
2017-12-31,1206,2016-01-18,2016-01-26,True
2017-12-31,1207,2016-01-19,2016-01-27,True
2017-12-31,1208,2016-01-20,2016-01-28,True
2017-12-31,1209,2016-01-21,2016-01-29,True
2017-12-31,1210,2016-01-22,2016-02-01,True
2017-12-31,1211,2016-01-25,2016-02-02,True
2017-12-31,1212,2016-01-26,2016-02-03,True
2017-12-31,1213,2016-01-27,2016-02-04,True
2017-12-31,1214,2016-01-28,2016-02-05,True
2017-12-31,1215,2016-01-29,2016-02-15,True
2017-12-31,1216,2016-02-01,2016-02-16,True
2017-12-31,1217,2016-02-02,2016-02-17,True
2017-12-31,1218,2016-02-03,2016-02-18,True
2017-12-31,1219,2016-02-04,2016-02-19,True
2017-12-31,1220,2016-02-05,2016-02-22,True
2017-12-31,1221,2016-02-15,2016-02-23,True
2017-12-31,1222,2016-02-16,2016-02-24,True
2017-12-31,1223,2016-02-17,2016-02-25,True
2017-12-31,1224,2016-02-18,2016-02-26,True
2017-12-31,1225,2016-02-19,2016-02-29,True
2017-12-31,1226,2016-02-22,2016-03-01,True
2017-12-31,1227,2016-02-23,2016-03-02,True
2017-12-31,1228,2016-02-24,2016-03-03,True
2017-12-31,1229,2016-02-25,2016-03-04,True
2017-12-31,1230,2016-02-26,2016-03-07,True
2017-12-31,1231,2016-02-29,2016-03-08,True
2017-12-31,1232,2016-03-01,2016-03-09,True
2017-12-31,1233,2016-03-02,2016-03-10,True
2017-12-31,1234,2016-03-03,2016-03-11,True
2017-12-31,1235,2016-03-04,2016-03-14,True
2017-12-31,1236,2016-03-07,2016-03-15,True
2017-12-31,1237,2016-03-08,2016-03-16,True
2017-12-31,1238,2016-03-09,2016-03-17,True
2017-12-31,1239,2016-03-10,2016-03-18,True
2017-12-31,1240,2016-03-11,2016-03-21,True
2017-12-31,1241,2016-03-14,2016-03-22,True
2017-12-31,1242,2016-03-15,2016-03-23,True
2017-12-31,1243,2016-03-16,2016-03-24,True
2017-12-31,1244,2016-03-17,2016-03-25,True
2017-12-31,1245,2016-03-18,2016-03-28,True
2017-12-31,1246,2016-03-21,2016-03-29,True
2017-12-31,1247,2016-03-22,2016-03-30,True
2017-12-31,1248,2016-03-23,2016-03-31,True
2017-12-31,1249,2016-03-24,2016-04-01,True
2017-12-31,1250,2016-03-25,2016-04-05,True
2017-12-31,1251,2016-03-28,2016-04-12,True
2017-12-31,1252,2016-03-29,2016-04-06,True
2017-12-31,1253,2016-03-30,2016-04-07,True
2017-12-31,1254,2016-03-31,2016-04-08,True
2017-12-31,1255,2016-04-01,2016-04-11,True
2017-12-31,1256,2016-04-05,2016-04-13,True
2017-12-31,1257,2016-04-06,2016-04-14,True
2017-12-31,1258,2016-04-07,2016-04-15,True
2017-12-31,1259,2016-04-08,2016-04-18,True
2017-12-31,1260,2016-04-11,2016-04-19,True
2017-12-31,1261,2016-04-12,2016-04-20,True
2017-12-31,1262,2016-04-13,2016-04-21,True
2017-12-31,1263,2016-04-14,2016-04-22,True
2017-12-31,1264,2016-04-15,2016-04-25,True
2017-12-31,1265,2016-04-18,2016-04-26,True
2017-12-31,1266,2016-04-19,2016-04-27,True
2017-12-31,1267,2016-04-20,2016-04-28,True
2017-12-31,1268,2016-04-21,2016-04-29,True
2017-12-31,1269,2016-04-22,2016-05-03,True
2017-12-31,1270,2016-04-25,2016-05-10,True
2017-12-31,1271,2016-04-26,2016-05-04,True
2017-12-31,1272,2016-04-27,2016-05-05,True
2017-12-31,1273,2016-04-28,2016-05-06,True
2017-12-31,1274,2016-04-29,2016-05-09,True
2017-12-31,1275,2016-05-03,2016-05-11,True
2017-12-31,1276,2016-05-04,2016-05-12,True
2017-12-31,1277,2016-05-05,2016-05-13,True
2017-12-31,1278,2016-05-06,2016-05-16,True
2017-12-31,1279,2016-05-09,2016-05-17,True
2017-12-31,1280,2016-05-10,2016-05-18,True
2017-12-31,1281,2016-05-11,2016-05-19,True
2017-12-31,1282,2016-05-12,2016-05-20,True
2017-12-31,1283,2016-05-13,2016-05-23,True
2017-12-31,1284,2016-05-16,2016-05-24,True
2017-12-31,1285,2016-05-17,2016-05-25,True
2017-12-31,1286,2016-05-18,2016-05-26,True
2017-12-31,1287,2016-05-19,2016-05-27,True
2017-12-31,1288,2016-05-20,2016-05-30,True
2017-12-31,1289,2016-05-23,2016-05-31,True
2017-12-31,1290,2016-05-24,2016-06-01,True
2017-12-31,1291,2016-05-25,2016-06-02,True
2017-12-31,1292,2016-05-26,2016-06-03,True
2017-12-31,1293,2016-05-27,2016-06-06,True
2017-12-31,1294,2016-05-30,2016-06-07,True
2017-12-31,1295,2016-05-31,2016-06-08,True
2017-12-31,1296,2016-06-01,2016-06-13,True
2017-12-31,1297,2016-06-02,2016-06-17,True
2017-12-31,1298,2016-06-03,2016-06-20,True
2017-12-31,1299,2016-06-06,2016-06-15,True
2017-12-31,1300,2016-06-07,2016-06-16,True
2017-12-31,1301,2016-06-08,2016-06-17,True
2017-12-31,1302,2016-06-13,2016-06-21,True
2017-12-31,1303,2016-06-14,2016-06-22,True
2017-12-31,1304,2016-06-15,2016-06-23,True
2017-12-31,1305,2016-06-16,2016-06-24,True
2017-12-31,1306,2016-06-17,2016-06-27,True
2017-12-31,1307,2016-06-20,2016-06-28,True
2017-12-31,1308,2016-06-21,2016-06-29,True
2017-12-31,1309,2016-06-22,2016-06-30,True
2017-12-31,1310,2016-06-23,2016-07-01,True
2017-12-31,1311,2016-06-24,2016-07-04,True
2017-12-31,1312,2016-06-27,2016-07-05,True
2017-12-31,1313,2016-06-28,2016-07-06,True
2017-12-31,1314,2016-06-29,2016-07-07,True
2017-12-31,1315,2016-06-30,2016-07-08,True
2017-12-31,1316,2016-07-01,2016-07-11,True
2017-12-31,1317,2016-07-04,2016-07-12,True
2017-12-31,1318,2016-07-05,2016-07-13,True
2017-12-31,1319,2016-07-06,2016-07-14,True
2017-12-31,1320,2016-07-07,2016-07-15,True
2017-12-31,1321,2016-07-08,2016-07-18,True
2017-12-31,1322,2016-07-11,2016-07-19,True
2017-12-31,1323,2016-07-12,2016-07-20,True
2017-12-31,1324,2016-07-13,2016-07-21,True
2017-12-31,1325,2016-07-14,2016-07-22,True
2017-12-31,1326,2016-07-15,2016-07-25,True
2017-12-31,1327,2016-07-18,2016-07-26,True
2017-12-31,1328,2016-07-19,2016-07-27,True
2017-12-31,1329,2016-07-20,2016-07-28,True
2017-12-31,1330,2016-07-21,2016-07-29,True
2017-12-31,1331,2016-07-22,2016-08-01,True
2017-12-31,1332,2016-07-25,2016-08-02,True
2017-12-31,1333,2016-07-26,2016-08-03,True
2017-12-31,1334,2016-07-27,2016-08-04,True
2017-12-31,1335,2016-07-28,2016-08-05,True
2017-12-31,1336,2016-07-29,2016-08-08,True
2017-12-31,1337,2016-08-01,2016-08-09,True
2017-12-31,1338,2016-08-02,2016-08-10,True
2017-12-31,1339,2016-08-03,2016-08-11,True
2017-12-31,1340,2016-08-04,2016-08-12,True
2017-12-31,1341,2016-08-05,2016-08-15,True
2017-12-31,1342,2016-08-08,2016-08-16,True
2017-12-31,1343,2016-08-09,2016-08-17,True
2017-12-31,1344,2016-08-10,2016-08-18,True
2017-12-31,1345,2016-08-11,2016-08-19,True
2017-12-31,1346,2016-08-12,2016-08-22,True
2017-12-31,1347,2016-08-15,2016-08-23,True
2017-12-31,1348,2016-08-16,2016-08-24,True
2017-12-31,1349,2016-08-17,2016-08-25,True
2017-12-31,1350,2016-08-18,2016-08-26,True
2017-12-31,1351,2016-08-19,2016-08-29,True
2017-12-31,1352,2016-08-22,2016-08-30,True
2017-12-31,1353,2016-08-23,2016-08-31,True
2017-12-31,1354,2016-08-24,2016-09-01,True
2017-12-31,1355,2016-08-25,2016-09-02,True
2017-12-31,1356,2016-08-26,2016-09-05,True
2017-12-31,1357,2016-08-29,2016-09-06,True
2017-12-31,1358,2016-08-30,2016-09-07,True
2017-12-31,1359,2016-08-31,2016-09-08,True
2017-12-31,1360,2016-09-01,2016-09-09,True
2017-12-31,1361,2016-09-02,2016-09-12,True
2017-12-31,1362,2016-09-05,2016-09-13,True
2017-12-31,1363,2016-09-06,2016-09-14,True
2017-12-31,1364,2016-09-07,2016-09-19,True
2017-12-31,1365,2016-09-08,2016-09-23,True
2017-12-31,1366,2016-09-09,2016-09-26,True
2017-12-31,1367,2016-09-12,2016-09-21,True
2017-12-31,1368,2016-09-13,2016-09-22,True
2017-12-31,1369,2016-09-14,2016-09-23,True
2017-12-31,1370,2016-09-19,2016-09-27,True
2017-12-31,1371,2016-09-20,2016-09-28,True
2017-12-31,1372,2016-09-21,2016-09-29,True
2017-12-31,1373,2016-09-22,2016-09-30,True
2017-12-31,1374,2016-09-23,2016-10-10,True
2017-12-31,1375,2016-09-26,2016-10-11,True
2017-12-31,1376,2016-09-27,2016-10-12,True
2017-12-31,1377,2016-09-28,2016-10-13,True
2017-12-31,1378,2016-09-29,2016-10-14,True
2017-12-31,1379,2016-09-30,2016-10-17,True
2017-12-31,1380,2016-10-10,2016-10-18,True
2017-12-31,1381,2016-10-11,2016-10-19,True
2017-12-31,1382,2016-10-12,2016-10-20,True
2017-12-31,1383,2016-10-13,2016-10-21,True
2017-12-31,1384,2016-10-14,2016-10-24,True
2017-12-31,1385,2016-10-17,2016-10-25,True
2017-12-31,1386,2016-10-18,2016-10-26,True
2017-12-31,1387,2016-10-19,2016-10-27,True
2017-12-31,1388,2016-10-20,2016-10-28,True
2017-12-31,1389,2016-10-21,2016-10-31,True
2017-12-31,1390,2016-10-24,2016-11-01,True
2017-12-31,1391,2016-10-25,2016-11-02,True
2017-12-31,1392,2016-10-26,2016-11-03,True
2017-12-31,1393,2016-10-27,2016-11-04,True
2017-12-31,1394,2016-10-28,2016-11-07,True
2017-12-31,1395,2016-10-31,2016-11-08,True
2017-12-31,1396,2016-11-01,2016-11-09,True
2017-12-31,1397,2016-11-02,2016-11-10,True
2017-12-31,1398,2016-11-03,2016-11-11,True
2017-12-31,1399,2016-11-04,2016-11-14,True
2017-12-31,1400,2016-11-07,2016-11-15,True
2017-12-31,1401,2016-11-08,2016-11-16,True
2017-12-31,1402,2016-11-09,2016-11-17,True
2017-12-31,1403,2016-11-10,2016-11-18,True
2017-12-31,1404,2016-11-11,2016-11-21,True
2017-12-31,1405,2016-11-14,2016-11-22,True
2017-12-31,1406,2016-11-15,2016-11-23,True
2017-12-31,1407,2016-11-16,2016-11-24,True
2017-12-31,1408,2016-11-17,2016-11-25,True
2017-12-31,1409,2016-11-18,2016-11-28,True
2017-12-31,1410,2016-11-21,2016-11-29,True
2017-12-31,1411,2016-11-22,2016-11-30,True
2017-12-31,1412,2016-11-23,2016-12-01,True
2017-12-31,1413,2016-11-24,2016-12-02,True
2017-12-31,1414,2016-11-25,2016-12-05,True
2017-12-31,1415,2016-11-28,2016-12-06,True
2017-12-31,1416,2016-11-29,2016-12-07,True
2017-12-31,1417,2016-11-30,2016-12-08,True
2017-12-31,1418,2016-12-01,2016-12-09,True
2017-12-31,1419,2016-12-02,2016-12-12,True
2017-12-31,1420,2016-12-05,2016-12-13,True
2017-12-31,1421,2016-12-06,2016-12-14,True
2017-12-31,1422,2016-12-07,2016-12-15,True
2017-12-31,1423,2016-12-08,2016-12-16,True
2017-12-31,1424,2016-12-09,2016-12-19,True
2017-12-31,1425,2016-12-12,2016-12-20,True
2017-12-31,1426,2016-12-13,2016-12-21,True
2017-12-31,1427,2016-12-14,2016-12-22,True
2017-12-31,1428,2016-12-15,2016-12-23,True
2017-12-31,1429,2016-12-16,2016-12-26,True
2017-12-31,1430,2016-12-19,2016-12-27,True
2017-12-31,1431,2016-12-20,2016-12-28,True
2017-12-31,1432,2016-12-21,2016-12-29,True
2017-12-31,1433,2016-12-22,2016-12-30,True
2017-12-31,1434,2016-12-23,2017-01-03,True
2017-12-31,1435,2016-12-26,2017-01-10,True
2017-12-31,1436,2016-12-27,2017-01-04,True
2017-12-31,1437,2016-12-28,2017-01-05,True
2017-12-31,1438,2016-12-29,2017-01-06,True
2017-12-31,1439,2016-12-30,2017-01-09,True
2017-12-31,1440,2017-01-03,2017-01-11,True
2017-12-31,1441,2017-01-04,2017-01-12,True
2017-12-31,1442,2017-01-05,2017-01-13,True
2017-12-31,1443,2017-01-06,2017-01-16,True
2017-12-31,1444,2017-01-09,2017-01-17,True
2017-12-31,1445,2017-01-10,2017-01-18,True
2017-12-31,1446,2017-01-11,2017-01-19,True
2017-12-31,1447,2017-01-12,2017-01-20,True
2017-12-31,1448,2017-01-13,2017-01-23,True
2017-12-31,1449,2017-01-16,2017-01-24,True
2017-12-31,1450,2017-01-17,2017-01-25,True
2017-12-31,1451,2017-01-18,2017-01-26,True
2017-12-31,1452,2017-01-19,2017-02-03,True
2017-12-31,1453,2017-01-20,2017-02-06,True
2017-12-31,1454,2017-01-23,2017-02-07,True
2017-12-31,1455,2017-01-24,2017-02-08,True
2017-12-31,1456,2017-01-25,2017-02-09,True
2017-12-31,1457,2017-01-26,2017-02-10,True
2017-12-31,1458,2017-02-03,2017-02-13,True
2017-12-31,1459,2017-02-06,2017-02-14,True
2017-12-31,1460,2017-02-07,2017-02-15,True
2017-12-31,1461,2017-02-08,2017-02-16,True
2017-12-31,1462,2017-02-09,2017-02-17,True
2017-12-31,1463,2017-02-10,2017-02-20,True
2017-12-31,1464,2017-02-13,2017-02-21,True
2017-12-31,1465,2017-02-14,2017-02-22,True
2017-12-31,1466,2017-02-15,2017-02-23,True
2017-12-31,1467,2017-02-16,2017-02-24,True
2017-12-31,1468,2017-02-17,2017-02-27,True
2017-12-31,1469,2017-02-20,2017-02-28,True
2017-12-31,1470,2017-02-21,2017-03-01,True
2017-12-31,1471,2017-02-22,2017-03-02,True
2017-12-31,1472,2017-02-23,2017-03-03,True
2017-12-31,1473,2017-02-24,2017-03-06,True
2017-12-31,1474,2017-02-27,2017-03-07,True
2017-12-31,1475,2017-02-28,2017-03-08,True
2017-12-31,1476,2017-03-01,2017-03-09,True
2017-12-31,1477,2017-03-02,2017-03-10,True
2017-12-31,1478,2017-03-03,2017-03-13,True
2017-12-31,1479,2017-03-06,2017-03-14,True
2017-12-31,1480,2017-03-07,2017-03-15,True
2017-12-31,1481,2017-03-08,2017-03-16,True
2017-12-31,1482,2017-03-09,2017-03-17,True
2017-12-31,1483,2017-03-10,2017-03-20,True
2017-12-31,1484,2017-03-13,2017-03-21,True
2017-12-31,1485,2017-03-14,2017-03-22,True
2017-12-31,1486,2017-03-15,2017-03-23,True
2017-12-31,1487,2017-03-16,2017-03-24,True
2017-12-31,1488,2017-03-17,2017-03-27,True
2017-12-31,1489,2017-03-20,2017-03-28,True
2017-12-31,1490,2017-03-21,2017-03-29,True
2017-12-31,1491,2017-03-22,2017-03-30,True
2017-12-31,1492,2017-03-23,2017-03-31,True
2017-12-31,1493,2017-03-24,2017-04-05,True
2017-12-31,1494,2017-03-27,2017-04-11,True
2017-12-31,1495,2017-03-28,2017-04-12,True
2017-12-31,1496,2017-03-29,2017-04-07,True
2017-12-31,1497,2017-03-30,2017-04-10,True
2017-12-31,1498,2017-03-31,2017-04-11,True
2017-12-31,1499,2017-04-05,2017-04-13,True
2017-12-31,1500,2017-04-06,2017-04-14,True
2017-12-31,1501,2017-04-07,2017-04-17,True
2017-12-31,1502,2017-04-10,2017-04-18,True
2017-12-31,1503,2017-04-11,2017-04-19,True
2017-12-31,1504,2017-04-12,2017-04-20,True
2017-12-31,1505,2017-04-13,2017-04-21,True
2017-12-31,1506,2017-04-14,2017-04-24,True
2017-12-31,1507,2017-04-17,2017-04-25,True
2017-12-31,1508,2017-04-18,2017-04-26,True
2017-12-31,1509,2017-04-19,2017-04-27,True
2017-12-31,1510,2017-04-20,2017-04-28,True
2017-12-31,1511,2017-04-21,2017-05-02,True
2017-12-31,1512,2017-04-24,2017-05-09,True
2017-12-31,1513,2017-04-25,2017-05-03,True
2017-12-31,1514,2017-04-26,2017-05-04,True
2017-12-31,1515,2017-04-27,2017-05-05,True
2017-12-31,1516,2017-04-28,2017-05-08,True
2017-12-31,1517,2017-05-02,2017-05-10,True
2017-12-31,1518,2017-05-03,2017-05-11,True
2017-12-31,1519,2017-05-04,2017-05-12,True
2017-12-31,1520,2017-05-05,2017-05-15,True
2017-12-31,1521,2017-05-08,2017-05-16,True
2017-12-31,1522,2017-05-09,2017-05-17,True
2017-12-31,1523,2017-05-10,2017-05-18,True
2017-12-31,1524,2017-05-11,2017-05-19,True
2017-12-31,1525,2017-05-12,2017-05-22,True
2017-12-31,1526,2017-05-15,2017-05-23,True
2017-12-31,1527,2017-05-16,2017-05-24,True
2017-12-31,1528,2017-05-17,2017-05-25,True
2017-12-31,1529,2017-05-18,2017-05-26,True
2017-12-31,1530,2017-05-19,2017-05-31,True
2017-12-31,1531,2017-05-22,2017-06-06,True
2017-12-31,1532,2017-05-23,2017-06-07,True
2017-12-31,1533,2017-05-24,2017-06-02,True
2017-12-31,1534,2017-05-25,2017-06-05,True
2017-12-31,1535,2017-05-26,2017-06-06,True
2017-12-31,1536,2017-05-31,2017-06-08,True
2017-12-31,1537,2017-06-01,2017-06-09,True
2017-12-31,1538,2017-06-02,2017-06-12,True
2017-12-31,1539,2017-06-05,2017-06-13,True
2017-12-31,1540,2017-06-06,2017-06-14,True
2017-12-31,1541,2017-06-07,2017-06-15,True
2017-12-31,1542,2017-06-08,2017-06-16,True
2017-12-31,1543,2017-06-09,2017-06-19,True
2017-12-31,1544,2017-06-12,2017-06-20,True
2017-12-31,1545,2017-06-13,2017-06-21,True
2017-12-31,1546,2017-06-14,2017-06-22,True
2017-12-31,1547,2017-06-15,2017-06-23,True
2017-12-31,1548,2017-06-16,2017-06-26,True
2017-12-31,1549,2017-06-19,2017-06-27,True
2017-12-31,1550,2017-06-20,2017-06-28,True
2017-12-31,1551,2017-06-21,2017-06-29,True
2017-12-31,1552,2017-06-22,2017-06-30,True
2017-12-31,1553,2017-06-23,2017-07-03,True
2017-12-31,1554,2017-06-26,2017-07-04,True
2017-12-31,1555,2017-06-27,2017-07-05,True
2017-12-31,1556,2017-06-28,2017-07-06,True
2017-12-31,1557,2017-06-29,2017-07-07,True
2017-12-31,1558,2017-06-30,2017-07-10,True
2017-12-31,1559,2017-07-03,2017-07-11,True
2017-12-31,1560,2017-07-04,2017-07-12,True
2017-12-31,1561,2017-07-05,2017-07-13,True
2017-12-31,1562,2017-07-06,2017-07-14,True
2017-12-31,1563,2017-07-07,2017-07-17,True
2017-12-31,1564,2017-07-10,2017-07-18,True
2017-12-31,1565,2017-07-11,2017-07-19,True
2017-12-31,1566,2017-07-12,2017-07-20,True
2017-12-31,1567,2017-07-13,2017-07-21,True
2017-12-31,1568,2017-07-14,2017-07-24,True
2017-12-31,1569,2017-07-17,2017-07-25,True
2017-12-31,1570,2017-07-18,2017-07-26,True
2017-12-31,1571,2017-07-19,2017-07-27,True
2017-12-31,1572,2017-07-20,2017-07-28,True
2017-12-31,1573,2017-07-21,2017-07-31,True
2017-12-31,1574,2017-07-24,2017-08-01,True
2017-12-31,1575,2017-07-25,2017-08-02,True
2017-12-31,1576,2017-07-26,2017-08-03,True
2017-12-31,1577,2017-07-27,2017-08-04,True
2017-12-31,1578,2017-07-28,2017-08-07,True
2017-12-31,1579,2017-07-31,2017-08-08,True
2017-12-31,1580,2017-08-01,2017-08-09,True
2017-12-31,1581,2017-08-02,2017-08-10,True
2017-12-31,1582,2017-08-03,2017-08-11,True
2017-12-31,1583,2017-08-04,2017-08-14,True
2017-12-31,1584,2017-08-07,2017-08-15,True
2017-12-31,1585,2017-08-08,2017-08-16,True
2017-12-31,1586,2017-08-09,2017-08-17,True
2017-12-31,1587,2017-08-10,2017-08-18,True
2017-12-31,1588,2017-08-11,2017-08-21,True
2017-12-31,1589,2017-08-14,2017-08-22,True
2017-12-31,1590,2017-08-15,2017-08-23,True
2017-12-31,1591,2017-08-16,2017-08-24,True
2017-12-31,1592,2017-08-17,2017-08-25,True
2017-12-31,1593,2017-08-18,2017-08-28,True
2017-12-31,1594,2017-08-21,2017-08-29,True
2017-12-31,1595,2017-08-22,2017-08-30,True
2017-12-31,1596,2017-08-23,2017-08-31,True
2017-12-31,1597,2017-08-24,2017-09-01,True
2017-12-31,1598,2017-08-25,2017-09-04,True
2017-12-31,1599,2017-08-28,2017-09-05,True
2017-12-31,1600,2017-08-29,2017-09-06,True
2017-12-31,1601,2017-08-30,2017-09-07,True
2017-12-31,1602,2017-08-31,2017-09-08,True
2017-12-31,1603,2017-09-01,2017-09-11,True
2017-12-31,1604,2017-09-04,2017-09-12,True
2017-12-31,1605,2017-09-05,2017-09-13,True
2017-12-31,1606,2017-09-06,2017-09-14,True
2017-12-31,1607,2017-09-07,2017-09-15,True
2017-12-31,1608,2017-09-08,2017-09-18,True
2017-12-31,1609,2017-09-11,2017-09-19,True
2017-12-31,1610,2017-09-12,2017-09-20,True
2017-12-31,1611,2017-09-13,2017-09-21,True
2017-12-31,1612,2017-09-14,2017-09-22,True
2017-12-31,1613,2017-09-15,2017-09-25,True
2017-12-31,1614,2017-09-18,2017-09-26,True
2017-12-31,1615,2017-09-19,2017-09-27,True
2017-12-31,1616,2017-09-20,2017-09-28,True
2017-12-31,1617,2017-09-21,2017-09-29,True
2017-12-31,1618,2017-09-22,2017-10-09,True
2017-12-31,1619,2017-09-25,2017-10-10,True
2017-12-31,1620,2017-09-26,2017-10-11,True
2017-12-31,1621,2017-09-27,2017-10-12,True
2017-12-31,1622,2017-09-28,2017-10-13,True
2017-12-31,1623,2017-09-29,2017-10-16,True
2017-12-31,1624,2017-10-09,2017-10-17,True
2017-12-31,1625,2017-10-10,2017-10-18,True
2017-12-31,1626,2017-10-11,2017-10-19,True
2017-12-31,1627,2017-10-12,2017-10-20,True
2017-12-31,1628,2017-10-13,2017-10-23,True
2017-12-31,1629,2017-10-16,2017-10-24,True
2017-12-31,1630,2017-10-17,2017-10-25,True
2017-12-31,1631,2017-10-18,2017-10-26,True
2017-12-31,1632,2017-10-19,2017-10-27,True
2017-12-31,1633,2017-10-20,2017-10-30,True
2017-12-31,1634,2017-10-23,2017-10-31,True
2017-12-31,1635,2017-10-24,2017-11-01,True
2017-12-31,1636,2017-10-25,2017-11-02,True
2017-12-31,1637,2017-10-26,2017-11-03,True
2017-12-31,1638,2017-10-27,2017-11-06,True
2017-12-31,1639,2017-10-30,2017-11-07,True
2017-12-31,1640,2017-10-31,2017-11-08,True
2017-12-31,1641,2017-11-01,2017-11-09,True
2017-12-31,1642,2017-11-02,2017-11-10,True
2017-12-31,1643,2017-11-03,2017-11-13,True
2017-12-31,1644,2017-11-06,2017-11-14,True
2017-12-31,1645,2017-11-07,2017-11-15,True
2017-12-31,1646,2017-11-08,2017-11-16,True
2017-12-31,1647,2017-11-09,2017-11-17,True
2017-12-31,1648,2017-11-10,2017-11-20,True
2017-12-31,1649,2017-11-13,2017-11-21,True
2017-12-31,1650,2017-11-14,2017-11-22,True
2017-12-31,1651,2017-11-15,2017-11-23,True
2017-12-31,1652,2017-11-16,2017-11-24,True
2017-12-31,1653,2017-11-17,2017-11-27,True
2017-12-31,1654,2017-11-20,2017-11-28,True
2017-12-31,1655,2017-11-21,2017-11-29,True
2017-12-31,1656,2017-11-22,2017-11-30,True
2017-12-31,1657,2017-11-23,2017-12-01,True
2017-12-31,1658,2017-11-24,2017-12-04,True
2017-12-31,1659,2017-11-27,2017-12-05,True
2017-12-31,1660,2017-11-28,2017-12-06,True
2017-12-31,1661,2017-11-29,2017-12-07,True
2017-12-31,1662,2017-11-30,2017-12-08,True
2017-12-31,1663,2017-12-01,2017-12-11,True
2017-12-31,1664,2017-12-04,2017-12-12,True
2017-12-31,1665,2017-12-05,2017-12-13,True
2017-12-31,1666,2017-12-06,2017-12-14,True
2017-12-31,1667,2017-12-07,2017-12-15,True
2017-12-31,1668,2017-12-08,2017-12-18,True
2017-12-31,1669,2017-12-11,2017-12-19,True
2017-12-31,1670,2017-12-12,2017-12-20,True
2017-12-31,1671,2017-12-13,2017-12-21,True
2017-12-31,1672,2017-12-14,2017-12-22,True
2017-12-31,1673,2017-12-15,2017-12-25,True
2017-12-31,1674,2017-12-18,2017-12-26,True
2017-12-31,1675,2017-12-19,2017-12-27,True
2017-12-31,1676,2017-12-20,2017-12-28,True
2017-12-31,1677,2017-12-21,2017-12-29,True
2018-12-31,0,2010-07-09,2010-07-19,False
2018-12-31,1,2010-07-12,2010-07-20,False
2018-12-31,2,2010-07-20,2010-07-28,False
2018-12-31,3,2010-07-21,2010-07-29,False
2018-12-31,4,2010-07-22,2010-07-30,False
2018-12-31,5,2010-07-23,2010-08-02,False
2018-12-31,6,2010-07-26,2010-08-03,False
2018-12-31,7,2010-07-27,2010-08-04,False
2018-12-31,8,2010-07-28,2010-08-05,False
2018-12-31,9,2010-07-29,2010-08-06,False
2018-12-31,10,2010-07-30,2010-08-09,False
2018-12-31,11,2010-08-02,2010-08-10,False
2018-12-31,12,2010-08-03,2010-08-11,False
2018-12-31,13,2010-08-04,2010-08-12,False
2018-12-31,14,2010-08-05,2010-08-13,False
2018-12-31,15,2010-08-06,2010-08-16,False
2018-12-31,16,2010-08-09,2010-08-17,False
2018-12-31,17,2010-08-10,2010-08-18,False
2018-12-31,18,2010-08-11,2010-08-19,False
2018-12-31,19,2010-08-12,2010-08-20,False
2018-12-31,20,2010-08-13,2010-08-23,False
2018-12-31,21,2010-08-16,2010-08-24,False
2018-12-31,22,2010-08-17,2010-08-25,False
2018-12-31,23,2010-08-18,2010-08-26,False
2018-12-31,24,2010-08-19,2010-08-27,False
2018-12-31,25,2010-08-20,2010-08-30,False
2018-12-31,26,2010-08-23,2010-08-31,False
2018-12-31,27,2010-08-24,2010-09-01,False
2018-12-31,28,2010-08-25,2010-09-02,False
2018-12-31,29,2010-08-26,2010-09-03,False
2018-12-31,30,2010-08-27,2010-09-06,False
2018-12-31,31,2010-08-30,2010-09-07,False
2018-12-31,32,2010-08-31,2010-09-08,False
2018-12-31,33,2010-09-01,2010-09-09,False
2018-12-31,34,2010-09-02,2010-09-10,False
2018-12-31,35,2010-09-03,2010-09-13,False
2018-12-31,36,2010-09-06,2010-09-14,False
2018-12-31,37,2010-09-07,2010-09-15,False
2018-12-31,38,2010-09-08,2010-09-16,False
2018-12-31,39,2010-09-09,2010-09-17,False
2018-12-31,40,2010-09-10,2010-09-20,False
2018-12-31,41,2010-09-13,2010-09-21,False
2018-12-31,42,2010-09-14,2010-09-27,False
2018-12-31,43,2010-09-15,2010-09-30,False
2018-12-31,44,2010-09-16,2010-10-08,False
2018-12-31,45,2010-09-17,2010-10-11,False
2018-12-31,46,2010-09-20,2010-09-30,False
2018-12-31,47,2010-09-21,2010-10-08,False
2018-12-31,48,2010-09-27,2010-10-12,False
2018-12-31,49,2010-09-28,2010-10-13,False
2018-12-31,50,2010-09-29,2010-10-14,False
2018-12-31,51,2010-09-30,2010-10-15,False
2018-12-31,52,2010-10-08,2010-10-18,False
2018-12-31,53,2010-10-11,2010-10-19,False
2018-12-31,54,2010-10-12,2010-10-20,False
2018-12-31,55,2010-10-13,2010-10-21,False
2018-12-31,56,2010-10-14,2010-10-22,False
2018-12-31,57,2010-10-15,2010-10-25,False
2018-12-31,58,2010-10-18,2010-10-26,False
2018-12-31,59,2010-10-19,2010-10-27,False
2018-12-31,60,2010-10-20,2010-10-28,False
2018-12-31,61,2010-10-21,2010-10-29,False
2018-12-31,62,2010-10-22,2010-11-01,False
2018-12-31,63,2010-10-25,2010-11-02,False
2018-12-31,64,2010-10-26,2010-11-03,False
2018-12-31,65,2010-10-27,2010-11-04,False
2018-12-31,66,2010-10-28,2010-11-05,False
2018-12-31,67,2010-10-29,2010-11-08,False
2018-12-31,68,2010-11-01,2010-11-09,False
2018-12-31,69,2010-11-02,2010-11-10,False
2018-12-31,70,2010-11-03,2010-11-11,False
2018-12-31,71,2010-11-04,2010-11-12,False
2018-12-31,72,2010-11-05,2010-11-15,False
2018-12-31,73,2010-11-08,2010-11-16,False
2018-12-31,74,2010-11-09,2010-11-17,False
2018-12-31,75,2010-11-10,2010-11-18,False
2018-12-31,76,2010-11-11,2010-11-19,False
2018-12-31,77,2010-11-12,2010-11-22,False
2018-12-31,78,2010-11-15,2010-11-23,False
2018-12-31,79,2010-11-16,2010-11-24,False
2018-12-31,80,2010-11-17,2010-11-25,False
2018-12-31,81,2010-11-18,2010-11-26,False
2018-12-31,82,2010-11-19,2010-11-29,False
2018-12-31,83,2010-11-22,2010-11-30,False
2018-12-31,84,2010-11-23,2010-12-01,False
2018-12-31,85,2010-11-24,2010-12-02,False
2018-12-31,86,2010-11-25,2010-12-03,False
2018-12-31,87,2010-11-26,2010-12-06,False
2018-12-31,88,2010-11-29,2010-12-07,False
2018-12-31,89,2010-11-30,2010-12-08,False
2018-12-31,90,2010-12-01,2010-12-09,False
2018-12-31,91,2010-12-02,2010-12-10,False
2018-12-31,92,2010-12-03,2010-12-13,False
2018-12-31,93,2010-12-06,2010-12-14,False
2018-12-31,94,2010-12-07,2010-12-15,False
2018-12-31,95,2010-12-08,2010-12-16,False
2018-12-31,96,2010-12-09,2010-12-17,False
2018-12-31,97,2010-12-10,2010-12-20,False
2018-12-31,98,2010-12-13,2010-12-21,False
2018-12-31,99,2010-12-14,2010-12-22,False
2018-12-31,100,2010-12-15,2010-12-23,False
2018-12-31,101,2010-12-16,2010-12-24,False
2018-12-31,102,2010-12-17,2010-12-27,False
2018-12-31,103,2010-12-20,2010-12-28,False
2018-12-31,104,2010-12-21,2010-12-29,False
2018-12-31,105,2010-12-22,2010-12-30,False
2018-12-31,106,2010-12-23,2010-12-31,False
2018-12-31,107,2010-12-24,2011-01-04,False
2018-12-31,108,2010-12-27,2011-01-11,False
2018-12-31,109,2010-12-28,2011-01-05,False
2018-12-31,110,2010-12-29,2011-01-06,False
2018-12-31,111,2010-12-30,2011-01-07,False
2018-12-31,112,2010-12-31,2011-01-10,False
2018-12-31,113,2011-01-04,2011-01-12,False
2018-12-31,114,2011-01-05,2011-01-13,False
2018-12-31,115,2011-01-06,2011-01-14,False
2018-12-31,116,2011-01-07,2011-01-17,False
2018-12-31,117,2011-01-10,2011-01-18,False
2018-12-31,118,2011-01-11,2011-01-19,False
2018-12-31,119,2011-01-12,2011-01-20,False
2018-12-31,120,2011-01-13,2011-01-21,False
2018-12-31,121,2011-01-14,2011-01-24,False
2018-12-31,122,2011-01-17,2011-01-25,False
2018-12-31,123,2011-01-18,2011-01-26,False
2018-12-31,124,2011-01-19,2011-01-27,False
2018-12-31,125,2011-01-20,2011-01-28,False
2018-12-31,126,2011-01-21,2011-01-31,False
2018-12-31,127,2011-01-24,2011-02-01,False
2018-12-31,128,2011-01-25,2011-02-09,False
2018-12-31,129,2011-01-26,2011-02-10,False
2018-12-31,130,2011-01-27,2011-02-11,False
2018-12-31,131,2011-01-28,2011-02-14,False
2018-12-31,132,2011-01-31,2011-02-15,False
2018-12-31,133,2011-02-01,2011-02-16,False
2018-12-31,134,2011-02-09,2011-02-17,False
2018-12-31,135,2011-02-10,2011-02-18,False
2018-12-31,136,2011-02-11,2011-02-21,False
2018-12-31,137,2011-02-14,2011-02-22,False
2018-12-31,138,2011-02-15,2011-02-23,False
2018-12-31,139,2011-02-16,2011-02-24,False
2018-12-31,140,2011-02-17,2011-02-25,False
2018-12-31,141,2011-02-18,2011-02-28,False
2018-12-31,142,2011-02-21,2011-03-01,False
2018-12-31,143,2011-02-22,2011-03-02,False
2018-12-31,144,2011-02-23,2011-03-03,False
2018-12-31,145,2011-02-24,2011-03-04,False
2018-12-31,146,2011-02-25,2011-03-07,False
2018-12-31,147,2011-02-28,2011-03-08,False
2018-12-31,148,2011-03-01,2011-03-09,False
2018-12-31,149,2011-03-02,2011-03-10,False
2018-12-31,150,2011-03-03,2011-03-11,False
2018-12-31,151,2011-03-04,2011-03-14,False
2018-12-31,152,2011-03-07,2011-03-15,False
2018-12-31,153,2011-03-08,2011-03-16,False
2018-12-31,154,2011-03-09,2011-03-17,False
2018-12-31,155,2011-03-10,2011-03-18,False
2018-12-31,156,2011-03-11,2011-03-21,False
2018-12-31,157,2011-03-14,2011-03-22,False
2018-12-31,158,2011-03-15,2011-03-23,False
2018-12-31,159,2011-03-16,2011-03-24,False
2018-12-31,160,2011-03-17,2011-03-25,False
2018-12-31,161,2011-03-18,2011-03-28,False
2018-12-31,162,2011-03-21,2011-03-29,False
2018-12-31,163,2011-03-22,2011-03-30,False
2018-12-31,164,2011-03-23,2011-03-31,False
2018-12-31,165,2011-03-24,2011-04-01,False
2018-12-31,166,2011-03-25,2011-04-06,False
2018-12-31,167,2011-03-28,2011-04-12,False
2018-12-31,168,2011-03-29,2011-04-13,False
2018-12-31,169,2011-03-30,2011-04-08,False
2018-12-31,170,2011-03-31,2011-04-11,False
2018-12-31,171,2011-04-01,2011-04-12,False
2018-12-31,172,2011-04-06,2011-04-14,False
2018-12-31,173,2011-04-07,2011-04-15,False
2018-12-31,174,2011-04-08,2011-04-18,False
2018-12-31,175,2011-04-11,2011-04-19,False
2018-12-31,176,2011-04-12,2011-04-20,False
2018-12-31,177,2011-04-13,2011-04-21,False
2018-12-31,178,2011-04-14,2011-04-22,False
2018-12-31,179,2011-04-15,2011-04-25,False
2018-12-31,180,2011-04-18,2011-04-26,False
2018-12-31,181,2011-04-19,2011-04-27,False
2018-12-31,182,2011-04-20,2011-04-28,False
2018-12-31,183,2011-04-21,2011-04-29,False
2018-12-31,184,2011-04-22,2011-05-03,False
2018-12-31,185,2011-04-25,2011-05-10,False
2018-12-31,186,2011-04-26,2011-05-04,False
2018-12-31,187,2011-04-27,2011-05-05,False
2018-12-31,188,2011-04-28,2011-05-06,False
2018-12-31,189,2011-04-29,2011-05-09,False
2018-12-31,190,2011-05-03,2011-05-11,False
2018-12-31,191,2011-05-04,2011-05-12,False
2018-12-31,192,2011-05-05,2011-05-13,False
2018-12-31,193,2011-05-06,2011-05-16,False
2018-12-31,194,2011-05-09,2011-05-17,False
2018-12-31,195,2011-05-10,2011-05-18,False
2018-12-31,196,2011-05-11,2011-05-19,False
2018-12-31,197,2011-05-12,2011-05-20,False
2018-12-31,198,2011-05-13,2011-05-23,False
2018-12-31,199,2011-05-16,2011-05-24,False
2018-12-31,200,2011-05-17,2011-05-25,False
2018-12-31,201,2011-05-18,2011-05-26,False
2018-12-31,202,2011-05-19,2011-05-27,False
2018-12-31,203,2011-05-20,2011-05-30,False
2018-12-31,204,2011-05-23,2011-05-31,False
2018-12-31,205,2011-05-24,2011-06-01,False
2018-12-31,206,2011-05-25,2011-06-02,False
2018-12-31,207,2011-05-26,2011-06-03,False
2018-12-31,208,2011-05-27,2011-06-07,False
2018-12-31,209,2011-05-30,2011-06-14,False
2018-12-31,210,2011-05-31,2011-06-08,False
2018-12-31,211,2011-06-01,2011-06-09,False
2018-12-31,212,2011-06-02,2011-06-10,False
2018-12-31,213,2011-06-03,2011-06-13,False
2018-12-31,214,2011-06-07,2011-06-15,False
2018-12-31,215,2011-06-08,2011-06-16,False
2018-12-31,216,2011-06-09,2011-06-17,False
2018-12-31,217,2011-06-10,2011-06-20,False
2018-12-31,218,2011-06-13,2011-06-21,False
2018-12-31,219,2011-06-14,2011-06-22,False
2018-12-31,220,2011-06-15,2011-06-23,False
2018-12-31,221,2011-06-16,2011-06-24,False
2018-12-31,222,2011-06-17,2011-06-27,False
2018-12-31,223,2011-06-20,2011-06-28,False
2018-12-31,224,2011-06-21,2011-06-29,False
2018-12-31,225,2011-06-22,2011-06-30,False
2018-12-31,226,2011-06-23,2011-07-01,False
2018-12-31,227,2011-06-24,2011-07-04,False
2018-12-31,228,2011-06-27,2011-07-05,False
2018-12-31,229,2011-06-28,2011-07-06,False
2018-12-31,230,2011-06-29,2011-07-07,False
2018-12-31,231,2011-06-30,2011-07-08,False
2018-12-31,232,2011-07-01,2011-07-11,False
2018-12-31,233,2011-07-04,2011-07-12,False
2018-12-31,234,2011-07-05,2011-07-13,False
2018-12-31,235,2011-07-06,2011-07-14,False
2018-12-31,236,2011-07-07,2011-07-15,False
2018-12-31,237,2011-07-08,2011-07-18,False
2018-12-31,238,2011-07-11,2011-07-19,False
2018-12-31,239,2011-07-12,2011-07-20,False
2018-12-31,240,2011-07-13,2011-07-21,False
2018-12-31,241,2011-07-14,2011-07-22,False
2018-12-31,242,2011-07-15,2011-07-25,False
2018-12-31,243,2011-07-18,2011-07-26,False
2018-12-31,244,2011-07-19,2011-07-27,False
2018-12-31,245,2011-07-20,2011-07-28,False
2018-12-31,246,2011-07-21,2011-07-29,False
2018-12-31,247,2011-07-22,2011-08-01,False
2018-12-31,248,2011-07-25,2011-08-02,False
2018-12-31,249,2011-07-26,2011-08-03,False
2018-12-31,250,2011-07-27,2011-08-04,False
2018-12-31,251,2011-07-28,2011-08-05,False
2018-12-31,252,2011-07-29,2011-08-08,False
2018-12-31,253,2011-08-01,2011-08-09,False
2018-12-31,254,2011-08-02,2011-08-10,False
2018-12-31,255,2011-08-03,2011-08-11,False
2018-12-31,256,2011-08-04,2011-08-12,False
2018-12-31,257,2011-08-05,2011-08-15,False
2018-12-31,258,2011-08-08,2011-08-16,False
2018-12-31,259,2011-08-09,2011-08-17,False
2018-12-31,260,2011-08-10,2011-08-18,False
2018-12-31,261,2011-08-11,2011-08-19,False
2018-12-31,262,2011-08-12,2011-08-22,False
2018-12-31,263,2011-08-15,2011-08-23,False
2018-12-31,264,2011-08-16,2011-08-24,False
2018-12-31,265,2011-08-17,2011-08-25,False
2018-12-31,266,2011-08-18,2011-08-26,False
2018-12-31,267,2011-08-19,2011-08-29,False
2018-12-31,268,2011-08-22,2011-08-30,False
2018-12-31,269,2011-08-23,2011-08-31,False
2018-12-31,270,2011-08-24,2011-09-01,False
2018-12-31,271,2011-08-25,2011-09-02,False
2018-12-31,272,2011-08-26,2011-09-05,False
2018-12-31,273,2011-08-29,2011-09-06,False
2018-12-31,274,2011-08-30,2011-09-07,False
2018-12-31,275,2011-08-31,2011-09-08,False
2018-12-31,276,2011-09-01,2011-09-09,False
2018-12-31,277,2011-09-02,2011-09-13,False
2018-12-31,278,2011-09-05,2011-09-20,False
2018-12-31,279,2011-09-06,2011-09-14,False
2018-12-31,280,2011-09-07,2011-09-15,False
2018-12-31,281,2011-09-08,2011-09-16,False
2018-12-31,282,2011-09-09,2011-09-19,False
2018-12-31,283,2011-09-13,2011-09-21,False
2018-12-31,284,2011-09-14,2011-09-22,False
2018-12-31,285,2011-09-15,2011-09-23,False
2018-12-31,286,2011-09-16,2011-09-26,False
2018-12-31,287,2011-09-19,2011-09-27,False
2018-12-31,288,2011-09-20,2011-09-28,False
2018-12-31,289,2011-09-21,2011-09-29,False
2018-12-31,290,2011-09-22,2011-09-30,False
2018-12-31,291,2011-09-23,2011-10-10,False
2018-12-31,292,2011-09-26,2011-10-11,False
2018-12-31,293,2011-09-27,2011-10-12,False
2018-12-31,294,2011-09-28,2011-10-13,False
2018-12-31,295,2011-09-29,2011-10-14,False
2018-12-31,296,2011-09-30,2011-10-17,False
2018-12-31,297,2011-10-10,2011-10-18,False
2018-12-31,298,2011-10-11,2011-10-19,False
2018-12-31,299,2011-10-12,2011-10-20,False
2018-12-31,300,2011-10-13,2011-10-21,False
2018-12-31,301,2011-10-14,2011-10-24,False
2018-12-31,302,2011-10-17,2011-10-25,False
2018-12-31,303,2011-10-18,2011-10-26,False
2018-12-31,304,2011-10-19,2011-10-27,False
2018-12-31,305,2011-10-20,2011-10-28,False
2018-12-31,306,2011-10-21,2011-10-31,False
2018-12-31,307,2011-10-24,2011-11-01,False
2018-12-31,308,2011-10-25,2011-11-02,False
2018-12-31,309,2011-10-26,2011-11-03,False
2018-12-31,310,2011-10-27,2011-11-04,False
2018-12-31,311,2011-10-28,2011-11-07,False
2018-12-31,312,2011-10-31,2011-11-08,False
2018-12-31,313,2011-11-01,2011-11-09,False
2018-12-31,314,2011-11-02,2011-11-10,False
2018-12-31,315,2011-11-03,2011-11-11,False
2018-12-31,316,2011-11-04,2011-11-14,False
2018-12-31,317,2011-11-07,2011-11-15,False
2018-12-31,318,2011-11-08,2011-11-16,False
2018-12-31,319,2011-11-09,2011-11-17,False
2018-12-31,320,2011-11-10,2011-11-18,False
2018-12-31,321,2011-11-11,2011-11-21,False
2018-12-31,322,2011-11-14,2011-11-22,False
2018-12-31,323,2011-11-15,2011-11-23,False
2018-12-31,324,2011-11-16,2011-11-24,False
2018-12-31,325,2011-11-17,2011-11-25,False
2018-12-31,326,2011-11-18,2011-11-28,False
2018-12-31,327,2011-11-21,2011-11-29,False
2018-12-31,328,2011-11-22,2011-11-30,False
2018-12-31,329,2011-11-23,2011-12-01,False
2018-12-31,330,2011-11-24,2011-12-02,False
2018-12-31,331,2011-11-25,2011-12-05,False
2018-12-31,332,2011-11-28,2011-12-06,False
2018-12-31,333,2011-11-29,2011-12-07,False
2018-12-31,334,2011-11-30,2011-12-08,False
2018-12-31,335,2011-12-01,2011-12-09,False
2018-12-31,336,2011-12-02,2011-12-12,False
2018-12-31,337,2011-12-05,2011-12-13,False
2018-12-31,338,2011-12-06,2011-12-14,False
2018-12-31,339,2011-12-07,2011-12-15,False
2018-12-31,340,2011-12-08,2011-12-16,False
2018-12-31,341,2011-12-09,2011-12-19,False
2018-12-31,342,2011-12-12,2011-12-20,False
2018-12-31,343,2011-12-13,2011-12-21,False
2018-12-31,344,2011-12-14,2011-12-22,False
2018-12-31,345,2011-12-15,2011-12-23,False
2018-12-31,346,2011-12-16,2011-12-26,False
2018-12-31,347,2011-12-19,2011-12-27,False
2018-12-31,348,2011-12-20,2011-12-28,False
2018-12-31,349,2011-12-21,2011-12-29,False
2018-12-31,350,2011-12-22,2011-12-30,False
2018-12-31,351,2011-12-23,2012-01-04,False
2018-12-31,352,2011-12-26,2012-01-10,False
2018-12-31,353,2011-12-27,2012-01-11,False
2018-12-31,354,2011-12-28,2012-01-06,False
2018-12-31,355,2011-12-29,2012-01-09,False
2018-12-31,356,2011-12-30,2012-01-10,False
2018-12-31,357,2012-01-04,2012-01-12,False
2018-12-31,358,2012-01-05,2012-01-13,False
2018-12-31,359,2012-01-06,2012-01-16,False
2018-12-31,360,2012-01-09,2012-01-17,False
2018-12-31,361,2012-01-10,2012-01-18,False
2018-12-31,362,2012-01-11,2012-01-19,False
2018-12-31,363,2012-01-12,2012-01-20,False
2018-12-31,364,2012-01-13,2012-01-30,False
2018-12-31,365,2012-01-16,2012-01-31,False
2018-12-31,366,2012-01-17,2012-02-01,False
2018-12-31,367,2012-01-18,2012-02-02,False
2018-12-31,368,2012-01-19,2012-02-03,False
2018-12-31,369,2012-01-20,2012-02-06,False
2018-12-31,370,2012-01-30,2012-02-07,False
2018-12-31,371,2012-01-31,2012-02-08,False
2018-12-31,372,2012-02-01,2012-02-09,False
2018-12-31,373,2012-02-02,2012-02-10,False
2018-12-31,374,2012-02-03,2012-02-13,False
2018-12-31,375,2012-02-06,2012-02-14,False
2018-12-31,376,2012-02-07,2012-02-15,False
2018-12-31,377,2012-02-08,2012-02-16,False
2018-12-31,378,2012-02-09,2012-02-17,False
2018-12-31,379,2012-02-10,2012-02-20,False
2018-12-31,380,2012-02-13,2012-02-21,False
2018-12-31,381,2012-02-14,2012-02-22,False
2018-12-31,382,2012-02-15,2012-02-23,False
2018-12-31,383,2012-02-16,2012-02-24,False
2018-12-31,384,2012-02-17,2012-02-27,False
2018-12-31,385,2012-02-20,2012-02-28,False
2018-12-31,386,2012-02-21,2012-02-29,False
2018-12-31,387,2012-02-22,2012-03-01,False
2018-12-31,388,2012-02-23,2012-03-02,False
2018-12-31,389,2012-02-24,2012-03-05,False
2018-12-31,390,2012-02-27,2012-03-06,False
2018-12-31,391,2012-02-28,2012-03-07,False
2018-12-31,392,2012-02-29,2012-03-08,False
2018-12-31,393,2012-03-01,2012-03-09,False
2018-12-31,394,2012-03-02,2012-03-12,False
2018-12-31,395,2012-03-05,2012-03-13,False
2018-12-31,396,2012-03-06,2012-03-14,False
2018-12-31,397,2012-03-07,2012-03-15,False
2018-12-31,398,2012-03-08,2012-03-16,False
2018-12-31,399,2012-03-09,2012-03-19,False
2018-12-31,400,2012-03-12,2012-03-20,False
2018-12-31,401,2012-03-13,2012-03-21,False
2018-12-31,402,2012-03-14,2012-03-22,False
2018-12-31,403,2012-03-15,2012-03-23,False
2018-12-31,404,2012-03-16,2012-03-26,False
2018-12-31,405,2012-03-19,2012-03-27,False
2018-12-31,406,2012-03-20,2012-03-28,False
2018-12-31,407,2012-03-21,2012-03-29,False
2018-12-31,408,2012-03-22,2012-03-30,False
2018-12-31,409,2012-03-23,2012-04-05,False
2018-12-31,410,2012-03-26,2012-04-10,False
2018-12-31,411,2012-03-27,2012-04-11,False
2018-12-31,412,2012-03-28,2012-04-12,False
2018-12-31,413,2012-03-29,2012-04-10,False
2018-12-31,414,2012-03-30,2012-04-11,False
2018-12-31,415,2012-04-05,2012-04-13,False
2018-12-31,416,2012-04-06,2012-04-16,False
2018-12-31,417,2012-04-09,2012-04-17,False
2018-12-31,418,2012-04-10,2012-04-18,False
2018-12-31,419,2012-04-11,2012-04-19,False
2018-12-31,420,2012-04-12,2012-04-20,False
2018-12-31,421,2012-04-13,2012-04-23,False
2018-12-31,422,2012-04-16,2012-04-24,False
2018-12-31,423,2012-04-17,2012-04-25,False
2018-12-31,424,2012-04-18,2012-04-26,False
2018-12-31,425,2012-04-19,2012-04-27,False
2018-12-31,426,2012-04-20,2012-05-02,False
2018-12-31,427,2012-04-23,2012-05-08,False
2018-12-31,428,2012-04-24,2012-05-09,False
2018-12-31,429,2012-04-25,2012-05-04,False
2018-12-31,430,2012-04-26,2012-05-07,False
2018-12-31,431,2012-04-27,2012-05-08,False
2018-12-31,432,2012-05-02,2012-05-10,False
2018-12-31,433,2012-05-03,2012-05-11,False
2018-12-31,434,2012-05-04,2012-05-14,False
2018-12-31,435,2012-05-07,2012-05-15,False
2018-12-31,436,2012-05-08,2012-05-16,False
2018-12-31,437,2012-05-09,2012-05-17,False
2018-12-31,438,2012-05-10,2012-05-18,False
2018-12-31,439,2012-05-11,2012-05-21,False
2018-12-31,440,2012-05-14,2012-05-22,False
2018-12-31,441,2012-05-15,2012-05-23,False
2018-12-31,442,2012-05-16,2012-05-24,False
2018-12-31,443,2012-05-17,2012-05-25,False
2018-12-31,444,2012-05-18,2012-05-28,False
2018-12-31,445,2012-05-21,2012-05-29,False
2018-12-31,446,2012-05-22,2012-05-30,False
2018-12-31,447,2012-05-23,2012-05-31,False
2018-12-31,448,2012-05-24,2012-06-01,False
2018-12-31,449,2012-05-25,2012-06-04,False
2018-12-31,450,2012-05-28,2012-06-05,False
2018-12-31,451,2012-05-29,2012-06-06,False
2018-12-31,452,2012-05-30,2012-06-07,False
2018-12-31,453,2012-05-31,2012-06-08,False
2018-12-31,454,2012-06-01,2012-06-11,False
2018-12-31,455,2012-06-04,2012-06-12,False
2018-12-31,456,2012-06-05,2012-06-13,False
2018-12-31,457,2012-06-06,2012-06-14,False
2018-12-31,458,2012-06-07,2012-06-15,False
2018-12-31,459,2012-06-08,2012-06-18,False
2018-12-31,460,2012-06-11,2012-06-19,False
2018-12-31,461,2012-06-12,2012-06-20,False
2018-12-31,462,2012-06-13,2012-06-21,False
2018-12-31,463,2012-06-14,2012-06-25,False
2018-12-31,464,2012-06-15,2012-07-02,False
2018-12-31,465,2012-06-18,2012-06-26,False
2018-12-31,466,2012-06-19,2012-06-27,False
2018-12-31,467,2012-06-20,2012-06-28,False
2018-12-31,468,2012-06-21,2012-06-29,False
2018-12-31,469,2012-06-25,2012-07-03,False
2018-12-31,470,2012-06-26,2012-07-04,False
2018-12-31,471,2012-06-27,2012-07-05,False
2018-12-31,472,2012-06-28,2012-07-06,False
2018-12-31,473,2012-06-29,2012-07-09,False
2018-12-31,474,2012-07-02,2012-07-10,False
2018-12-31,475,2012-07-03,2012-07-11,False
2018-12-31,476,2012-07-04,2012-07-12,False
2018-12-31,477,2012-07-05,2012-07-13,False
2018-12-31,478,2012-07-06,2012-07-16,False
2018-12-31,479,2012-07-09,2012-07-17,False
2018-12-31,480,2012-07-10,2012-07-18,False
2018-12-31,481,2012-07-11,2012-07-19,False
2018-12-31,482,2012-07-12,2012-07-20,False
2018-12-31,483,2012-07-13,2012-07-23,False
2018-12-31,484,2012-07-16,2012-07-24,False
2018-12-31,485,2012-07-17,2012-07-25,False
2018-12-31,486,2012-07-18,2012-07-26,False
2018-12-31,487,2012-07-19,2012-07-27,False
2018-12-31,488,2012-07-20,2012-07-30,False
2018-12-31,489,2012-07-23,2012-07-31,False
2018-12-31,490,2012-07-24,2012-08-01,False
2018-12-31,491,2012-07-25,2012-08-02,False
2018-12-31,492,2012-07-26,2012-08-03,False
2018-12-31,493,2012-07-27,2012-08-06,False
2018-12-31,494,2012-07-30,2012-08-07,False
2018-12-31,495,2012-07-31,2012-08-08,False
2018-12-31,496,2012-08-01,2012-08-09,False
2018-12-31,497,2012-08-02,2012-08-10,False
2018-12-31,498,2012-08-03,2012-08-13,False
2018-12-31,499,2012-08-06,2012-08-14,False
2018-12-31,500,2012-08-07,2012-08-15,False
2018-12-31,501,2012-08-08,2012-08-16,False
2018-12-31,502,2012-08-09,2012-08-17,False
2018-12-31,503,2012-08-10,2012-08-20,False
2018-12-31,504,2012-08-13,2012-08-21,False
2018-12-31,505,2012-08-14,2012-08-22,False
2018-12-31,506,2012-08-15,2012-08-23,False
2018-12-31,507,2012-08-16,2012-08-24,False
2018-12-31,508,2012-08-17,2012-08-27,False
2018-12-31,509,2012-08-20,2012-08-28,False
2018-12-31,510,2012-08-21,2012-08-29,False
2018-12-31,511,2012-08-22,2012-08-30,False
2018-12-31,512,2012-08-23,2012-08-31,False
2018-12-31,513,2012-08-24,2012-09-03,False
2018-12-31,514,2012-08-27,2012-09-04,False
2018-12-31,515,2012-08-28,2012-09-05,False
2018-12-31,516,2012-08-29,2012-09-06,False
2018-12-31,517,2012-08-30,2012-09-07,False
2018-12-31,518,2012-08-31,2012-09-10,False
2018-12-31,519,2012-09-03,2012-09-11,False
2018-12-31,520,2012-09-04,2012-09-12,False
2018-12-31,521,2012-09-05,2012-09-13,False
2018-12-31,522,2012-09-06,2012-09-14,False
2018-12-31,523,2012-09-07,2012-09-17,False
2018-12-31,524,2012-09-10,2012-09-18,False
2018-12-31,525,2012-09-11,2012-09-19,False
2018-12-31,526,2012-09-12,2012-09-20,False
2018-12-31,527,2012-09-13,2012-09-21,False
2018-12-31,528,2012-09-14,2012-09-24,False
2018-12-31,529,2012-09-17,2012-09-25,False
2018-12-31,530,2012-09-18,2012-09-26,False
2018-12-31,531,2012-09-19,2012-09-27,False
2018-12-31,532,2012-09-20,2012-09-28,False
2018-12-31,533,2012-09-21,2012-10-08,False
2018-12-31,534,2012-09-24,2012-10-09,False
2018-12-31,535,2012-09-25,2012-10-10,False
2018-12-31,536,2012-09-26,2012-10-11,False
2018-12-31,537,2012-09-27,2012-10-12,False
2018-12-31,538,2012-09-28,2012-10-15,False
2018-12-31,539,2012-10-08,2012-10-16,False
2018-12-31,540,2012-10-09,2012-10-17,False
2018-12-31,541,2012-10-10,2012-10-18,False
2018-12-31,542,2012-10-11,2012-10-19,False
2018-12-31,543,2012-10-12,2012-10-22,False
2018-12-31,544,2012-10-15,2012-10-23,False
2018-12-31,545,2012-10-16,2012-10-24,False
2018-12-31,546,2012-10-17,2012-10-25,False
2018-12-31,547,2012-10-18,2012-10-26,False
2018-12-31,548,2012-10-19,2012-10-29,False
2018-12-31,549,2012-10-22,2012-10-30,False
2018-12-31,550,2012-10-23,2012-10-31,False
2018-12-31,551,2012-10-24,2012-11-01,False
2018-12-31,552,2012-10-25,2012-11-02,False
2018-12-31,553,2012-10-26,2012-11-05,False
2018-12-31,554,2012-10-29,2012-11-06,False
2018-12-31,555,2012-10-30,2012-11-07,False
2018-12-31,556,2012-10-31,2012-11-08,False
2018-12-31,557,2012-11-01,2012-11-09,False
2018-12-31,558,2012-11-02,2012-11-12,False
2018-12-31,559,2012-11-05,2012-11-13,False
2018-12-31,560,2012-11-06,2012-11-14,False
2018-12-31,561,2012-11-07,2012-11-15,False
2018-12-31,562,2012-11-08,2012-11-16,False
2018-12-31,563,2012-11-09,2012-11-19,False
2018-12-31,564,2012-11-12,2012-11-20,False
2018-12-31,565,2012-11-13,2012-11-21,False
2018-12-31,566,2012-11-14,2012-11-22,False
2018-12-31,567,2012-11-15,2012-11-23,False
2018-12-31,568,2012-11-16,2012-11-26,False
2018-12-31,569,2012-11-19,2012-11-27,False
2018-12-31,570,2012-11-20,2012-11-28,False
2018-12-31,571,2012-11-21,2012-11-29,False
2018-12-31,572,2012-11-22,2012-11-30,False
2018-12-31,573,2012-11-23,2012-12-03,False
2018-12-31,574,2012-11-26,2012-12-04,False
2018-12-31,575,2012-11-27,2012-12-05,False
2018-12-31,576,2012-11-28,2012-12-06,False
2018-12-31,577,2012-11-29,2012-12-07,False
2018-12-31,578,2012-11-30,2012-12-10,False
2018-12-31,579,2012-12-03,2012-12-11,False
2018-12-31,580,2012-12-04,2012-12-12,False
2018-12-31,581,2012-12-05,2012-12-13,False
2018-12-31,582,2012-12-06,2012-12-14,False
2018-12-31,583,2012-12-07,2012-12-17,False
2018-12-31,584,2012-12-10,2012-12-18,False
2018-12-31,585,2012-12-11,2012-12-19,False
2018-12-31,586,2012-12-12,2012-12-20,False
2018-12-31,587,2012-12-13,2012-12-21,False
2018-12-31,588,2012-12-14,2012-12-24,False
2018-12-31,589,2012-12-17,2012-12-25,False
2018-12-31,590,2012-12-18,2012-12-26,False
2018-12-31,591,2012-12-19,2012-12-27,False
2018-12-31,592,2012-12-20,2012-12-28,False
2018-12-31,593,2012-12-21,2012-12-31,False
2018-12-31,594,2012-12-24,2013-01-04,False
2018-12-31,595,2012-12-25,2013-01-09,False
2018-12-31,596,2012-12-26,2013-01-10,False
2018-12-31,597,2012-12-27,2013-01-11,False
2018-12-31,598,2012-12-28,2013-01-09,False
2018-12-31,599,2012-12-31,2013-01-10,False
2018-12-31,600,2013-01-04,2013-01-14,False
2018-12-31,601,2013-01-07,2013-01-15,False
2018-12-31,602,2013-01-08,2013-01-16,False
2018-12-31,603,2013-01-09,2013-01-17,False
2018-12-31,604,2013-01-10,2013-01-18,False
2018-12-31,605,2013-01-11,2013-01-21,False
2018-12-31,606,2013-01-14,2013-01-22,False
2018-12-31,607,2013-01-15,2013-01-23,False
2018-12-31,608,2013-01-16,2013-01-24,False
2018-12-31,609,2013-01-17,2013-01-25,False
2018-12-31,610,2013-01-18,2013-01-28,False
2018-12-31,611,2013-01-21,2013-01-29,False
2018-12-31,612,2013-01-22,2013-01-30,False
2018-12-31,613,2013-01-23,2013-01-31,False
2018-12-31,614,2013-01-24,2013-02-01,False
2018-12-31,615,2013-01-25,2013-02-04,False
2018-12-31,616,2013-01-28,2013-02-05,False
2018-12-31,617,2013-01-29,2013-02-06,False
2018-12-31,618,2013-01-30,2013-02-07,False
2018-12-31,619,2013-01-31,2013-02-08,False
2018-12-31,620,2013-02-01,2013-02-18,False
2018-12-31,621,2013-02-04,2013-02-19,False
2018-12-31,622,2013-02-05,2013-02-20,False
2018-12-31,623,2013-02-06,2013-02-21,False
2018-12-31,624,2013-02-07,2013-02-22,False
2018-12-31,625,2013-02-08,2013-02-25,False
2018-12-31,626,2013-02-18,2013-02-26,False
2018-12-31,627,2013-02-19,2013-02-27,False
2018-12-31,628,2013-02-20,2013-02-28,False
2018-12-31,629,2013-02-21,2013-03-01,False
2018-12-31,630,2013-02-22,2013-03-04,False
2018-12-31,631,2013-02-25,2013-03-05,False
2018-12-31,632,2013-02-26,2013-03-06,False
2018-12-31,633,2013-02-27,2013-03-07,False
2018-12-31,634,2013-02-28,2013-03-08,False
2018-12-31,635,2013-03-01,2013-03-11,False
2018-12-31,636,2013-03-04,2013-03-12,False
2018-12-31,637,2013-03-05,2013-03-13,False
2018-12-31,638,2013-03-06,2013-03-14,False
2018-12-31,639,2013-03-07,2013-03-15,False
2018-12-31,640,2013-03-08,2013-03-18,False
2018-12-31,641,2013-03-11,2013-03-19,False
2018-12-31,642,2013-03-12,2013-03-20,False
2018-12-31,643,2013-03-13,2013-03-21,False
2018-12-31,644,2013-03-14,2013-03-22,False
2018-12-31,645,2013-03-15,2013-03-25,False
2018-12-31,646,2013-03-18,2013-03-26,False
2018-12-31,647,2013-03-19,2013-03-27,False
2018-12-31,648,2013-03-20,2013-03-28,False
2018-12-31,649,2013-03-21,2013-03-29,False
2018-12-31,650,2013-03-22,2013-04-01,False
2018-12-31,651,2013-03-25,2013-04-02,False
2018-12-31,652,2013-03-26,2013-04-03,False
2018-12-31,653,2013-03-27,2013-04-08,False
2018-12-31,654,2013-03-28,2013-04-12,False
2018-12-31,655,2013-03-29,2013-04-15,False
2018-12-31,656,2013-04-01,2013-04-10,False
2018-12-31,657,2013-04-02,2013-04-11,False
2018-12-31,658,2013-04-03,2013-04-12,False
2018-12-31,659,2013-04-08,2013-04-16,False
2018-12-31,660,2013-04-09,2013-04-17,False
2018-12-31,661,2013-04-10,2013-04-18,False
2018-12-31,662,2013-04-11,2013-04-19,False
2018-12-31,663,2013-04-12,2013-04-22,False
2018-12-31,664,2013-04-15,2013-04-23,False
2018-12-31,665,2013-04-16,2013-04-24,False
2018-12-31,666,2013-04-17,2013-04-25,False
2018-12-31,667,2013-04-18,2013-04-26,False
2018-12-31,668,2013-04-19,2013-05-02,False
2018-12-31,669,2013-04-22,2013-05-07,False
2018-12-31,670,2013-04-23,2013-05-08,False
2018-12-31,671,2013-04-24,2013-05-09,False
2018-12-31,672,2013-04-25,2013-05-07,False
2018-12-31,673,2013-04-26,2013-05-08,False
2018-12-31,674,2013-05-02,2013-05-10,False
2018-12-31,675,2013-05-03,2013-05-13,False
2018-12-31,676,2013-05-06,2013-05-14,False
2018-12-31,677,2013-05-07,2013-05-15,False
2018-12-31,678,2013-05-08,2013-05-16,False
2018-12-31,679,2013-05-09,2013-05-17,False
2018-12-31,680,2013-05-10,2013-05-20,False
2018-12-31,681,2013-05-13,2013-05-21,False
2018-12-31,682,2013-05-14,2013-05-22,False
2018-12-31,683,2013-05-15,2013-05-23,False
2018-12-31,684,2013-05-16,2013-05-24,False
2018-12-31,685,2013-05-17,2013-05-27,False
2018-12-31,686,2013-05-20,2013-05-28,False
2018-12-31,687,2013-05-21,2013-05-29,False
2018-12-31,688,2013-05-22,2013-05-30,False
2018-12-31,689,2013-05-23,2013-05-31,False
2018-12-31,690,2013-05-24,2013-06-03,False
2018-12-31,691,2013-05-27,2013-06-04,False
2018-12-31,692,2013-05-28,2013-06-05,False
2018-12-31,693,2013-05-29,2013-06-06,False
2018-12-31,694,2013-05-30,2013-06-07,False
2018-12-31,695,2013-05-31,2013-06-13,False
2018-12-31,696,2013-06-03,2013-06-18,False
2018-12-31,697,2013-06-04,2013-06-19,False
2018-12-31,698,2013-06-05,2013-06-20,False
2018-12-31,699,2013-06-06,2013-06-18,False
2018-12-31,700,2013-06-07,2013-06-19,False
2018-12-31,701,2013-06-13,2013-06-21,False
2018-12-31,702,2013-06-14,2013-06-24,False
2018-12-31,703,2013-06-17,2013-06-25,False
2018-12-31,704,2013-06-18,2013-06-26,False
2018-12-31,705,2013-06-19,2013-06-27,False
2018-12-31,706,2013-06-20,2013-06-28,False
2018-12-31,707,2013-06-21,2013-07-01,False
2018-12-31,708,2013-06-24,2013-07-02,False
2018-12-31,709,2013-06-25,2013-07-03,False
2018-12-31,710,2013-06-26,2013-07-04,False
2018-12-31,711,2013-06-27,2013-07-05,False
2018-12-31,712,2013-06-28,2013-07-08,False
2018-12-31,713,2013-07-01,2013-07-09,False
2018-12-31,714,2013-07-02,2013-07-10,False
2018-12-31,715,2013-07-03,2013-07-11,False
2018-12-31,716,2013-07-04,2013-07-12,False
2018-12-31,717,2013-07-05,2013-07-15,False
2018-12-31,718,2013-07-08,2013-07-16,False
2018-12-31,719,2013-07-09,2013-07-17,False
2018-12-31,720,2013-07-10,2013-07-18,False
2018-12-31,721,2013-07-11,2013-07-19,False
2018-12-31,722,2013-07-12,2013-07-22,False
2018-12-31,723,2013-07-15,2013-07-23,False
2018-12-31,724,2013-07-16,2013-07-24,False
2018-12-31,725,2013-07-17,2013-07-25,False
2018-12-31,726,2013-07-18,2013-07-26,False
2018-12-31,727,2013-07-19,2013-07-29,False
2018-12-31,728,2013-07-22,2013-07-30,False
2018-12-31,729,2013-07-23,2013-07-31,False
2018-12-31,730,2013-07-24,2013-08-01,False
2018-12-31,731,2013-07-25,2013-08-02,False
2018-12-31,732,2013-07-26,2013-08-05,False
2018-12-31,733,2013-07-29,2013-08-06,False
2018-12-31,734,2013-07-30,2013-08-07,False
2018-12-31,735,2013-07-31,2013-08-08,False
2018-12-31,736,2013-08-01,2013-08-09,False
2018-12-31,737,2013-08-02,2013-08-12,False
2018-12-31,738,2013-08-05,2013-08-13,False
2018-12-31,739,2013-08-06,2013-08-14,False
2018-12-31,740,2013-08-07,2013-08-15,False
2018-12-31,741,2013-08-08,2013-08-16,False
2018-12-31,742,2013-08-09,2013-08-19,False
2018-12-31,743,2013-08-12,2013-08-20,False
2018-12-31,744,2013-08-13,2013-08-21,False
2018-12-31,745,2013-08-14,2013-08-22,False
2018-12-31,746,2013-08-15,2013-08-23,False
2018-12-31,747,2013-08-16,2013-08-26,False
2018-12-31,748,2013-08-19,2013-08-27,False
2018-12-31,749,2013-08-20,2013-08-28,False
2018-12-31,750,2013-08-21,2013-08-29,False
2018-12-31,751,2013-08-22,2013-08-30,False
2018-12-31,752,2013-08-23,2013-09-02,False
2018-12-31,753,2013-08-26,2013-09-03,False
2018-12-31,754,2013-08-27,2013-09-04,False
2018-12-31,755,2013-08-28,2013-09-05,False
2018-12-31,756,2013-08-29,2013-09-06,False
2018-12-31,757,2013-08-30,2013-09-09,False
2018-12-31,758,2013-09-02,2013-09-10,False
2018-12-31,759,2013-09-03,2013-09-11,False
2018-12-31,760,2013-09-04,2013-09-12,False
2018-12-31,761,2013-09-05,2013-09-13,False
2018-12-31,762,2013-09-06,2013-09-16,False
2018-12-31,763,2013-09-09,2013-09-17,False
2018-12-31,764,2013-09-10,2013-09-18,False
2018-12-31,765,2013-09-11,2013-09-23,False
2018-12-31,766,2013-09-12,2013-09-27,False
2018-12-31,767,2013-09-13,2013-09-30,False
2018-12-31,768,2013-09-16,2013-09-25,False
2018-12-31,769,2013-09-17,2013-09-26,False
2018-12-31,770,2013-09-18,2013-09-27,False
2018-12-31,771,2013-09-23,2013-10-08,False
2018-12-31,772,2013-09-24,2013-10-09,False
2018-12-31,773,2013-09-25,2013-10-10,False
2018-12-31,774,2013-09-26,2013-10-11,False
2018-12-31,775,2013-09-27,2013-10-14,False
2018-12-31,776,2013-09-30,2013-10-15,False
2018-12-31,777,2013-10-08,2013-10-16,False
2018-12-31,778,2013-10-09,2013-10-17,False
2018-12-31,779,2013-10-10,2013-10-18,False
2018-12-31,780,2013-10-11,2013-10-21,False
2018-12-31,781,2013-10-14,2013-10-22,False
2018-12-31,782,2013-10-15,2013-10-23,False
2018-12-31,783,2013-10-16,2013-10-24,False
2018-12-31,784,2013-10-17,2013-10-25,False
2018-12-31,785,2013-10-18,2013-10-28,False
2018-12-31,786,2013-10-21,2013-10-29,False
2018-12-31,787,2013-10-22,2013-10-30,False
2018-12-31,788,2013-10-23,2013-10-31,False
2018-12-31,789,2013-10-24,2013-11-01,False
2018-12-31,790,2013-10-25,2013-11-04,False
2018-12-31,791,2013-10-28,2013-11-05,False
2018-12-31,792,2013-10-29,2013-11-06,False
2018-12-31,793,2013-10-30,2013-11-07,False
2018-12-31,794,2013-10-31,2013-11-08,False
2018-12-31,795,2013-11-01,2013-11-11,False
2018-12-31,796,2013-11-04,2013-11-12,False
2018-12-31,797,2013-11-05,2013-11-13,False
2018-12-31,798,2013-11-06,2013-11-14,False
2018-12-31,799,2013-11-07,2013-11-15,False
2018-12-31,800,2013-11-08,2013-11-18,False
2018-12-31,801,2013-11-11,2013-11-19,False
2018-12-31,802,2013-11-12,2013-11-20,False
2018-12-31,803,2013-11-13,2013-11-21,False
2018-12-31,804,2013-11-14,2013-11-22,False
2018-12-31,805,2013-11-15,2013-11-25,False
2018-12-31,806,2013-11-18,2013-11-26,False
2018-12-31,807,2013-11-19,2013-11-27,False
2018-12-31,808,2013-11-20,2013-11-28,False
2018-12-31,809,2013-11-21,2013-11-29,False
2018-12-31,810,2013-11-22,2013-12-02,False
2018-12-31,811,2013-11-25,2013-12-03,False
2018-12-31,812,2013-11-26,2013-12-04,False
2018-12-31,813,2013-11-27,2013-12-05,False
2018-12-31,814,2013-11-28,2013-12-06,False
2018-12-31,815,2013-11-29,2013-12-09,False
2018-12-31,816,2013-12-02,2013-12-10,False
2018-12-31,817,2013-12-03,2013-12-11,False
2018-12-31,818,2013-12-04,2013-12-12,False
2018-12-31,819,2013-12-05,2013-12-13,False
2018-12-31,820,2013-12-06,2013-12-16,False
2018-12-31,821,2013-12-09,2013-12-17,False
2018-12-31,822,2013-12-10,2013-12-18,False
2018-12-31,823,2013-12-11,2013-12-19,False
2018-12-31,824,2013-12-12,2013-12-20,False
2018-12-31,825,2013-12-13,2013-12-23,False
2018-12-31,826,2013-12-16,2013-12-24,False
2018-12-31,827,2013-12-17,2013-12-25,False
2018-12-31,828,2013-12-18,2013-12-26,False
2018-12-31,829,2013-12-19,2013-12-27,False
2018-12-31,830,2013-12-20,2013-12-30,False
2018-12-31,831,2013-12-23,2013-12-31,False
2018-12-31,832,2013-12-24,2014-01-02,False
2018-12-31,833,2013-12-25,2014-01-09,False
2018-12-31,834,2013-12-26,2014-01-03,False
2018-12-31,835,2013-12-27,2014-01-06,False
2018-12-31,836,2013-12-30,2014-01-07,False
2018-12-31,837,2013-12-31,2014-01-08,False
2018-12-31,838,2014-01-02,2014-01-10,False
2018-12-31,839,2014-01-03,2014-01-13,False
2018-12-31,840,2014-01-06,2014-01-14,False
2018-12-31,841,2014-01-07,2014-01-15,False
2018-12-31,842,2014-01-08,2014-01-16,False
2018-12-31,843,2014-01-09,2014-01-17,False
2018-12-31,844,2014-01-10,2014-01-20,False
2018-12-31,845,2014-01-13,2014-01-21,False
2018-12-31,846,2014-01-14,2014-01-22,False
2018-12-31,847,2014-01-15,2014-01-23,False
2018-12-31,848,2014-01-16,2014-01-24,False
2018-12-31,849,2014-01-17,2014-01-27,False
2018-12-31,850,2014-01-20,2014-01-28,False
2018-12-31,851,2014-01-21,2014-01-29,False
2018-12-31,852,2014-01-22,2014-01-30,False
2018-12-31,853,2014-01-23,2014-02-07,False
2018-12-31,854,2014-01-24,2014-02-10,False
2018-12-31,855,2014-01-27,2014-02-11,False
2018-12-31,856,2014-01-28,2014-02-12,False
2018-12-31,857,2014-01-29,2014-02-13,False
2018-12-31,858,2014-01-30,2014-02-14,False
2018-12-31,859,2014-02-07,2014-02-17,False
2018-12-31,860,2014-02-10,2014-02-18,False
2018-12-31,861,2014-02-11,2014-02-19,False
2018-12-31,862,2014-02-12,2014-02-20,False
2018-12-31,863,2014-02-13,2014-02-21,False
2018-12-31,864,2014-02-14,2014-02-24,False
2018-12-31,865,2014-02-17,2014-02-25,False
2018-12-31,866,2014-02-18,2014-02-26,False
2018-12-31,867,2014-02-19,2014-02-27,False
2018-12-31,868,2014-02-20,2014-02-28,False
2018-12-31,869,2014-02-21,2014-03-03,False
2018-12-31,870,2014-02-24,2014-03-04,False
2018-12-31,871,2014-02-25,2014-03-05,False
2018-12-31,872,2014-02-26,2014-03-06,False
2018-12-31,873,2014-02-27,2014-03-07,False
2018-12-31,874,2014-02-28,2014-03-10,False
2018-12-31,875,2014-03-03,2014-03-11,False
2018-12-31,876,2014-03-04,2014-03-12,False
2018-12-31,877,2014-03-05,2014-03-13,False
2018-12-31,878,2014-03-06,2014-03-14,False
2018-12-31,879,2014-03-07,2014-03-17,False
2018-12-31,880,2014-03-10,2014-03-18,False
2018-12-31,881,2014-03-11,2014-03-19,False
2018-12-31,882,2014-03-12,2014-03-20,False
2018-12-31,883,2014-03-13,2014-03-21,False
2018-12-31,884,2014-03-14,2014-03-24,False
2018-12-31,885,2014-03-17,2014-03-25,False
2018-12-31,886,2014-03-18,2014-03-26,False
2018-12-31,887,2014-03-19,2014-03-27,False
2018-12-31,888,2014-03-20,2014-03-28,False
2018-12-31,889,2014-03-21,2014-03-31,False
2018-12-31,890,2014-03-24,2014-04-01,False
2018-12-31,891,2014-03-25,2014-04-02,False
2018-12-31,892,2014-03-26,2014-04-03,False
2018-12-31,893,2014-03-27,2014-04-04,False
2018-12-31,894,2014-03-28,2014-04-08,False
2018-12-31,895,2014-03-31,2014-04-15,False
2018-12-31,896,2014-04-01,2014-04-09,False
2018-12-31,897,2014-04-02,2014-04-10,False
2018-12-31,898,2014-04-03,2014-04-11,False
2018-12-31,899,2014-04-04,2014-04-14,False
2018-12-31,900,2014-04-08,2014-04-16,False
2018-12-31,901,2014-04-09,2014-04-17,False
2018-12-31,902,2014-04-10,2014-04-18,False
2018-12-31,903,2014-04-11,2014-04-21,False
2018-12-31,904,2014-04-14,2014-04-22,False
2018-12-31,905,2014-04-15,2014-04-23,False
2018-12-31,906,2014-04-16,2014-04-24,False
2018-12-31,907,2014-04-17,2014-04-25,False
2018-12-31,908,2014-04-18,2014-04-28,False
2018-12-31,909,2014-04-21,2014-04-29,False
2018-12-31,910,2014-04-22,2014-04-30,False
2018-12-31,911,2014-04-23,2014-05-05,False
2018-12-31,912,2014-04-24,2014-05-09,False
2018-12-31,913,2014-04-25,2014-05-12,False
2018-12-31,914,2014-04-28,2014-05-07,False
2018-12-31,915,2014-04-29,2014-05-08,False
2018-12-31,916,2014-04-30,2014-05-09,False
2018-12-31,917,2014-05-05,2014-05-13,False
2018-12-31,918,2014-05-06,2014-05-14,False
2018-12-31,919,2014-05-07,2014-05-15,False
2018-12-31,920,2014-05-08,2014-05-16,False
2018-12-31,921,2014-05-09,2014-05-19,False
2018-12-31,922,2014-05-12,2014-05-20,False
2018-12-31,923,2014-05-13,2014-05-21,False
2018-12-31,924,2014-05-14,2014-05-22,False
2018-12-31,925,2014-05-15,2014-05-23,False
2018-12-31,926,2014-05-16,2014-05-26,False
2018-12-31,927,2014-05-19,2014-05-27,False
2018-12-31,928,2014-05-20,2014-05-28,False
2018-12-31,929,2014-05-21,2014-05-29,False
2018-12-31,930,2014-05-22,2014-05-30,False
2018-12-31,931,2014-05-23,2014-06-03,False
2018-12-31,932,2014-05-26,2014-06-10,False
2018-12-31,933,2014-05-27,2014-06-04,False
2018-12-31,934,2014-05-28,2014-06-05,False
2018-12-31,935,2014-05-29,2014-06-06,False
2018-12-31,936,2014-05-30,2014-06-09,False
2018-12-31,937,2014-06-03,2014-06-11,False
2018-12-31,938,2014-06-04,2014-06-12,False
2018-12-31,939,2014-06-05,2014-06-13,False
2018-12-31,940,2014-06-06,2014-06-16,False
2018-12-31,941,2014-06-09,2014-06-17,False
2018-12-31,942,2014-06-10,2014-06-18,False
2018-12-31,943,2014-06-11,2014-06-19,False
2018-12-31,944,2014-06-12,2014-06-20,False
2018-12-31,945,2014-06-13,2014-06-23,False
2018-12-31,946,2014-06-16,2014-06-24,False
2018-12-31,947,2014-06-17,2014-06-25,False
2018-12-31,948,2014-06-18,2014-06-26,False
2018-12-31,949,2014-06-19,2014-06-27,False
2018-12-31,950,2014-06-20,2014-06-30,False
2018-12-31,951,2014-06-23,2014-07-01,False
2018-12-31,952,2014-06-24,2014-07-02,False
2018-12-31,953,2014-06-25,2014-07-03,False
2018-12-31,954,2014-06-26,2014-07-04,False
2018-12-31,955,2014-06-27,2014-07-07,False
2018-12-31,956,2014-06-30,2014-07-08,False
2018-12-31,957,2014-07-01,2014-07-09,False
2018-12-31,958,2014-07-02,2014-07-10,False
2018-12-31,959,2014-07-03,2014-07-11,False
2018-12-31,960,2014-07-04,2014-07-14,False
2018-12-31,961,2014-07-07,2014-07-15,False
2018-12-31,962,2014-07-08,2014-07-16,False
2018-12-31,963,2014-07-09,2014-07-17,False
2018-12-31,964,2014-07-10,2014-07-18,False
2018-12-31,965,2014-07-11,2014-07-21,False
2018-12-31,966,2014-07-14,2014-07-22,False
2018-12-31,967,2014-07-15,2014-07-23,False
2018-12-31,968,2014-07-16,2014-07-24,False
2018-12-31,969,2014-07-17,2014-07-25,False
2018-12-31,970,2014-07-18,2014-07-28,False
2018-12-31,971,2014-07-21,2014-07-29,False
2018-12-31,972,2014-07-22,2014-07-30,False
2018-12-31,973,2014-07-23,2014-07-31,False
2018-12-31,974,2014-07-24,2014-08-01,False
2018-12-31,975,2014-07-25,2014-08-04,False
2018-12-31,976,2014-07-28,2014-08-05,False
2018-12-31,977,2014-07-29,2014-08-06,False
2018-12-31,978,2014-07-30,2014-08-07,False
2018-12-31,979,2014-07-31,2014-08-08,False
2018-12-31,980,2014-08-01,2014-08-11,False
2018-12-31,981,2014-08-04,2014-08-12,False
2018-12-31,982,2014-08-05,2014-08-13,False
2018-12-31,983,2014-08-06,2014-08-14,False
2018-12-31,984,2014-08-07,2014-08-15,False
2018-12-31,985,2014-08-08,2014-08-18,False
2018-12-31,986,2014-08-11,2014-08-19,False
2018-12-31,987,2014-08-12,2014-08-20,False
2018-12-31,988,2014-08-13,2014-08-21,False
2018-12-31,989,2014-08-14,2014-08-22,False
2018-12-31,990,2014-08-15,2014-08-25,False
2018-12-31,991,2014-08-18,2014-08-26,False
2018-12-31,992,2014-08-19,2014-08-27,False
2018-12-31,993,2014-08-20,2014-08-28,False
2018-12-31,994,2014-08-21,2014-08-29,False
2018-12-31,995,2014-08-22,2014-09-01,False
2018-12-31,996,2014-08-25,2014-09-02,False
2018-12-31,997,2014-08-26,2014-09-03,False
2018-12-31,998,2014-08-27,2014-09-04,False
2018-12-31,999,2014-08-28,2014-09-05,False
2018-12-31,1000,2014-08-29,2014-09-09,False
2018-12-31,1001,2014-09-01,2014-09-16,False
2018-12-31,1002,2014-09-02,2014-09-10,False
2018-12-31,1003,2014-09-03,2014-09-11,False
2018-12-31,1004,2014-09-04,2014-09-12,False
2018-12-31,1005,2014-09-05,2014-09-15,False
2018-12-31,1006,2014-09-09,2014-09-17,False
2018-12-31,1007,2014-09-10,2014-09-18,False
2018-12-31,1008,2014-09-11,2014-09-19,False
2018-12-31,1009,2014-09-12,2014-09-22,False
2018-12-31,1010,2014-09-15,2014-09-23,False
2018-12-31,1011,2014-09-16,2014-09-24,False
2018-12-31,1012,2014-09-17,2014-09-25,False
2018-12-31,1013,2014-09-18,2014-09-26,False
2018-12-31,1014,2014-09-19,2014-09-29,False
2018-12-31,1015,2014-09-22,2014-09-30,False
2018-12-31,1016,2014-09-23,2014-10-08,False
2018-12-31,1017,2014-09-24,2014-10-09,False
2018-12-31,1018,2014-09-25,2014-10-10,False
2018-12-31,1019,2014-09-26,2014-10-13,False
2018-12-31,1020,2014-09-29,2014-10-14,False
2018-12-31,1021,2014-09-30,2014-10-15,False
2018-12-31,1022,2014-10-08,2014-10-16,False
2018-12-31,1023,2014-10-09,2014-10-17,False
2018-12-31,1024,2014-10-10,2014-10-20,False
2018-12-31,1025,2014-10-13,2014-10-21,False
2018-12-31,1026,2014-10-14,2014-10-22,False
2018-12-31,1027,2014-10-15,2014-10-23,False
2018-12-31,1028,2014-10-16,2014-10-24,False
2018-12-31,1029,2014-10-17,2014-10-27,False
2018-12-31,1030,2014-10-20,2014-10-28,False
2018-12-31,1031,2014-10-21,2014-10-29,False
2018-12-31,1032,2014-10-22,2014-10-30,False
2018-12-31,1033,2014-10-23,2014-10-31,False
2018-12-31,1034,2014-10-24,2014-11-03,False
2018-12-31,1035,2014-10-27,2014-11-04,False
2018-12-31,1036,2014-10-28,2014-11-05,False
2018-12-31,1037,2014-10-29,2014-11-06,False
2018-12-31,1038,2014-10-30,2014-11-07,False
2018-12-31,1039,2014-10-31,2014-11-10,False
2018-12-31,1040,2014-11-03,2014-11-11,False
2018-12-31,1041,2014-11-04,2014-11-12,False
2018-12-31,1042,2014-11-05,2014-11-13,False
2018-12-31,1043,2014-11-06,2014-11-14,False
2018-12-31,1044,2014-11-07,2014-11-17,False
2018-12-31,1045,2014-11-10,2014-11-18,False
2018-12-31,1046,2014-11-11,2014-11-19,False
2018-12-31,1047,2014-11-12,2014-11-20,False
2018-12-31,1048,2014-11-13,2014-11-21,False
2018-12-31,1049,2014-11-14,2014-11-24,False
2018-12-31,1050,2014-11-17,2014-11-25,False
2018-12-31,1051,2014-11-18,2014-11-26,False
2018-12-31,1052,2014-11-19,2014-11-27,False
2018-12-31,1053,2014-11-20,2014-11-28,False
2018-12-31,1054,2014-11-21,2014-12-01,False
2018-12-31,1055,2014-11-24,2014-12-02,False
2018-12-31,1056,2014-11-25,2014-12-03,False
2018-12-31,1057,2014-11-26,2014-12-04,False
2018-12-31,1058,2014-11-27,2014-12-05,False
2018-12-31,1059,2014-11-28,2014-12-08,False
2018-12-31,1060,2014-12-01,2014-12-09,False
2018-12-31,1061,2014-12-02,2014-12-10,False
2018-12-31,1062,2014-12-03,2014-12-11,False
2018-12-31,1063,2014-12-04,2014-12-12,False
2018-12-31,1064,2014-12-05,2014-12-15,False
2018-12-31,1065,2014-12-08,2014-12-16,False
2018-12-31,1066,2014-12-09,2014-12-17,False
2018-12-31,1067,2014-12-10,2014-12-18,False
2018-12-31,1068,2014-12-11,2014-12-19,False
2018-12-31,1069,2014-12-12,2014-12-22,False
2018-12-31,1070,2014-12-15,2014-12-23,False
2018-12-31,1071,2014-12-16,2014-12-24,False
2018-12-31,1072,2014-12-17,2014-12-25,False
2018-12-31,1073,2014-12-18,2014-12-26,False
2018-12-31,1074,2014-12-19,2014-12-29,False
2018-12-31,1075,2014-12-22,2014-12-30,False
2018-12-31,1076,2014-12-23,2014-12-31,False
2018-12-31,1077,2014-12-24,2015-01-05,False
2018-12-31,1078,2014-12-25,2015-01-09,False
2018-12-31,1079,2014-12-26,2015-01-12,False
2018-12-31,1080,2014-12-29,2015-01-07,False
2018-12-31,1081,2014-12-30,2015-01-08,False
2018-12-31,1082,2014-12-31,2015-01-09,False
2018-12-31,1083,2015-01-05,2015-01-13,False
2018-12-31,1084,2015-01-06,2015-01-14,False
2018-12-31,1085,2015-01-07,2015-01-15,False
2018-12-31,1086,2015-01-08,2015-01-16,False
2018-12-31,1087,2015-01-09,2015-01-19,False
2018-12-31,1088,2015-01-12,2015-01-20,False
2018-12-31,1089,2015-01-13,2015-01-21,False
2018-12-31,1090,2015-01-14,2015-01-22,False
2018-12-31,1091,2015-01-15,2015-01-23,False
2018-12-31,1092,2015-01-16,2015-01-26,False
2018-12-31,1093,2015-01-19,2015-01-27,False
2018-12-31,1094,2015-01-20,2015-01-28,False
2018-12-31,1095,2015-01-21,2015-01-29,False
2018-12-31,1096,2015-01-22,2015-01-30,False
2018-12-31,1097,2015-01-23,2015-02-02,False
2018-12-31,1098,2015-01-26,2015-02-03,False
2018-12-31,1099,2015-01-27,2015-02-04,False
2018-12-31,1100,2015-01-28,2015-02-05,False
2018-12-31,1101,2015-01-29,2015-02-06,False
2018-12-31,1102,2015-01-30,2015-02-09,False
2018-12-31,1103,2015-02-02,2015-02-10,False
2018-12-31,1104,2015-02-03,2015-02-11,False
2018-12-31,1105,2015-02-04,2015-02-12,False
2018-12-31,1106,2015-02-05,2015-02-13,False
2018-12-31,1107,2015-02-06,2015-02-16,False
2018-12-31,1108,2015-02-09,2015-02-17,False
2018-12-31,1109,2015-02-10,2015-02-25,False
2018-12-31,1110,2015-02-11,2015-02-26,False
2018-12-31,1111,2015-02-12,2015-02-27,False
2018-12-31,1112,2015-02-13,2015-03-02,False
2018-12-31,1113,2015-02-16,2015-03-03,False
2018-12-31,1114,2015-02-17,2015-03-04,False
2018-12-31,1115,2015-02-25,2015-03-05,False
2018-12-31,1116,2015-02-26,2015-03-06,False
2018-12-31,1117,2015-02-27,2015-03-09,False
2018-12-31,1118,2015-03-02,2015-03-10,False
2018-12-31,1119,2015-03-03,2015-03-11,False
2018-12-31,1120,2015-03-04,2015-03-12,False
2018-12-31,1121,2015-03-05,2015-03-13,False
2018-12-31,1122,2015-03-06,2015-03-16,False
2018-12-31,1123,2015-03-09,2015-03-17,False
2018-12-31,1124,2015-03-10,2015-03-18,False
2018-12-31,1125,2015-03-11,2015-03-19,False
2018-12-31,1126,2015-03-12,2015-03-20,False
2018-12-31,1127,2015-03-13,2015-03-23,False
2018-12-31,1128,2015-03-16,2015-03-24,False
2018-12-31,1129,2015-03-17,2015-03-25,False
2018-12-31,1130,2015-03-18,2015-03-26,False
2018-12-31,1131,2015-09-25,2015-10-12,False
2018-12-31,1132,2015-09-28,2015-10-13,False
2018-12-31,1133,2015-09-29,2015-10-14,False
2018-12-31,1134,2015-09-30,2015-10-15,False
2018-12-31,1135,2015-10-08,2015-10-16,False
2018-12-31,1136,2015-10-09,2015-10-19,False
2018-12-31,1137,2015-10-12,2015-10-20,False
2018-12-31,1138,2015-10-13,2015-10-21,False
2018-12-31,1139,2015-10-14,2015-10-22,False
2018-12-31,1140,2015-10-15,2015-10-23,False
2018-12-31,1141,2015-10-16,2015-10-26,False
2018-12-31,1142,2015-10-19,2015-10-27,False
2018-12-31,1143,2015-10-20,2015-10-28,False
2018-12-31,1144,2015-10-21,2015-10-29,False
2018-12-31,1145,2015-10-22,2015-10-30,False
2018-12-31,1146,2015-10-23,2015-11-02,False
2018-12-31,1147,2015-10-26,2015-11-03,False
2018-12-31,1148,2015-10-27,2015-11-04,False
2018-12-31,1149,2015-10-28,2015-11-05,False
2018-12-31,1150,2015-10-29,2015-11-06,False
2018-12-31,1151,2015-10-30,2015-11-09,False
2018-12-31,1152,2015-11-02,2015-11-10,False
2018-12-31,1153,2015-11-03,2015-11-11,False
2018-12-31,1154,2015-11-04,2015-11-12,False
2018-12-31,1155,2015-11-05,2015-11-13,False
2018-12-31,1156,2015-11-06,2015-11-16,False
2018-12-31,1157,2015-11-09,2015-11-17,False
2018-12-31,1158,2015-11-10,2015-11-18,False
2018-12-31,1159,2015-11-11,2015-11-19,False
2018-12-31,1160,2015-11-12,2015-11-20,False
2018-12-31,1161,2015-11-13,2015-11-23,False
2018-12-31,1162,2015-11-16,2015-11-24,False
2018-12-31,1163,2015-11-17,2015-11-25,False
2018-12-31,1164,2015-11-18,2015-11-26,False
2018-12-31,1165,2015-11-19,2015-11-27,False
2018-12-31,1166,2015-11-20,2015-11-30,False
2018-12-31,1167,2015-11-23,2015-12-01,False
2018-12-31,1168,2015-11-24,2015-12-02,False
2018-12-31,1169,2015-11-25,2015-12-03,False
2018-12-31,1170,2015-11-26,2015-12-04,False
2018-12-31,1171,2015-11-27,2015-12-07,False
2018-12-31,1172,2015-11-30,2015-12-08,False
2018-12-31,1173,2015-12-01,2015-12-09,False
2018-12-31,1174,2015-12-02,2015-12-10,False
2018-12-31,1175,2015-12-03,2015-12-11,False
2018-12-31,1176,2015-12-04,2015-12-14,False
2018-12-31,1177,2015-12-07,2015-12-15,False
2018-12-31,1178,2015-12-08,2015-12-16,False
2018-12-31,1179,2015-12-09,2015-12-17,False
2018-12-31,1180,2015-12-10,2015-12-18,False
2018-12-31,1181,2015-12-11,2015-12-21,False
2018-12-31,1182,2015-12-14,2015-12-22,False
2018-12-31,1183,2015-12-15,2015-12-23,False
2018-12-31,1184,2015-12-16,2015-12-24,False
2018-12-31,1185,2015-12-17,2015-12-25,False
2018-12-31,1186,2015-12-18,2015-12-28,False
2018-12-31,1187,2015-12-21,2015-12-29,False
2018-12-31,1188,2015-12-22,2015-12-30,False
2018-12-31,1189,2015-12-23,2015-12-31,False
2018-12-31,1190,2015-12-24,2016-01-04,False
2018-12-31,1191,2015-12-25,2016-01-11,False
2018-12-31,1192,2015-12-28,2016-01-05,False
2018-12-31,1193,2015-12-29,2016-01-06,False
2018-12-31,1194,2015-12-30,2016-01-07,False
2018-12-31,1195,2015-12-31,2016-01-08,False
2018-12-31,1196,2016-01-04,2016-01-12,True
2018-12-31,1197,2016-01-05,2016-01-13,True
2018-12-31,1198,2016-01-06,2016-01-14,True
2018-12-31,1199,2016-01-07,2016-01-15,True
2018-12-31,1200,2016-01-08,2016-01-18,True
2018-12-31,1201,2016-01-11,2016-01-19,True
2018-12-31,1202,2016-01-12,2016-01-20,True
2018-12-31,1203,2016-01-13,2016-01-21,True
2018-12-31,1204,2016-01-14,2016-01-22,True
2018-12-31,1205,2016-01-15,2016-01-25,True
2018-12-31,1206,2016-01-18,2016-01-26,True
2018-12-31,1207,2016-01-19,2016-01-27,True
2018-12-31,1208,2016-01-20,2016-01-28,True
2018-12-31,1209,2016-01-21,2016-01-29,True
2018-12-31,1210,2016-01-22,2016-02-01,True
2018-12-31,1211,2016-01-25,2016-02-02,True
2018-12-31,1212,2016-01-26,2016-02-03,True
2018-12-31,1213,2016-01-27,2016-02-04,True
2018-12-31,1214,2016-01-28,2016-02-05,True
2018-12-31,1215,2016-01-29,2016-02-15,True
2018-12-31,1216,2016-02-01,2016-02-16,True
2018-12-31,1217,2016-02-02,2016-02-17,True
2018-12-31,1218,2016-02-03,2016-02-18,True
2018-12-31,1219,2016-02-04,2016-02-19,True
2018-12-31,1220,2016-02-05,2016-02-22,True
2018-12-31,1221,2016-02-15,2016-02-23,True
2018-12-31,1222,2016-02-16,2016-02-24,True
2018-12-31,1223,2016-02-17,2016-02-25,True
2018-12-31,1224,2016-02-18,2016-02-26,True
2018-12-31,1225,2016-02-19,2016-02-29,True
2018-12-31,1226,2016-02-22,2016-03-01,True
2018-12-31,1227,2016-02-23,2016-03-02,True
2018-12-31,1228,2016-02-24,2016-03-03,True
2018-12-31,1229,2016-02-25,2016-03-04,True
2018-12-31,1230,2016-02-26,2016-03-07,True
2018-12-31,1231,2016-02-29,2016-03-08,True
2018-12-31,1232,2016-03-01,2016-03-09,True
2018-12-31,1233,2016-03-02,2016-03-10,True
2018-12-31,1234,2016-03-03,2016-03-11,True
2018-12-31,1235,2016-03-04,2016-03-14,True
2018-12-31,1236,2016-03-07,2016-03-15,True
2018-12-31,1237,2016-03-08,2016-03-16,True
2018-12-31,1238,2016-03-09,2016-03-17,True
2018-12-31,1239,2016-03-10,2016-03-18,True
2018-12-31,1240,2016-03-11,2016-03-21,True
2018-12-31,1241,2016-03-14,2016-03-22,True
2018-12-31,1242,2016-03-15,2016-03-23,True
2018-12-31,1243,2016-03-16,2016-03-24,True
2018-12-31,1244,2016-03-17,2016-03-25,True
2018-12-31,1245,2016-03-18,2016-03-28,True
2018-12-31,1246,2016-03-21,2016-03-29,True
2018-12-31,1247,2016-03-22,2016-03-30,True
2018-12-31,1248,2016-03-23,2016-03-31,True
2018-12-31,1249,2016-03-24,2016-04-01,True
2018-12-31,1250,2016-03-25,2016-04-05,True
2018-12-31,1251,2016-03-28,2016-04-12,True
2018-12-31,1252,2016-03-29,2016-04-06,True
2018-12-31,1253,2016-03-30,2016-04-07,True
2018-12-31,1254,2016-03-31,2016-04-08,True
2018-12-31,1255,2016-04-01,2016-04-11,True
2018-12-31,1256,2016-04-05,2016-04-13,True
2018-12-31,1257,2016-04-06,2016-04-14,True
2018-12-31,1258,2016-04-07,2016-04-15,True
2018-12-31,1259,2016-04-08,2016-04-18,True
2018-12-31,1260,2016-04-11,2016-04-19,True
2018-12-31,1261,2016-04-12,2016-04-20,True
2018-12-31,1262,2016-04-13,2016-04-21,True
2018-12-31,1263,2016-04-14,2016-04-22,True
2018-12-31,1264,2016-04-15,2016-04-25,True
2018-12-31,1265,2016-04-18,2016-04-26,True
2018-12-31,1266,2016-04-19,2016-04-27,True
2018-12-31,1267,2016-04-20,2016-04-28,True
2018-12-31,1268,2016-04-21,2016-04-29,True
2018-12-31,1269,2016-04-22,2016-05-03,True
2018-12-31,1270,2016-04-25,2016-05-10,True
2018-12-31,1271,2016-04-26,2016-05-04,True
2018-12-31,1272,2016-04-27,2016-05-05,True
2018-12-31,1273,2016-04-28,2016-05-06,True
2018-12-31,1274,2016-04-29,2016-05-09,True
2018-12-31,1275,2016-05-03,2016-05-11,True
2018-12-31,1276,2016-05-04,2016-05-12,True
2018-12-31,1277,2016-05-05,2016-05-13,True
2018-12-31,1278,2016-05-06,2016-05-16,True
2018-12-31,1279,2016-05-09,2016-05-17,True
2018-12-31,1280,2016-05-10,2016-05-18,True
2018-12-31,1281,2016-05-11,2016-05-19,True
2018-12-31,1282,2016-05-12,2016-05-20,True
2018-12-31,1283,2016-05-13,2016-05-23,True
2018-12-31,1284,2016-05-16,2016-05-24,True
2018-12-31,1285,2016-05-17,2016-05-25,True
2018-12-31,1286,2016-05-18,2016-05-26,True
2018-12-31,1287,2016-05-19,2016-05-27,True
2018-12-31,1288,2016-05-20,2016-05-30,True
2018-12-31,1289,2016-05-23,2016-05-31,True
2018-12-31,1290,2016-05-24,2016-06-01,True
2018-12-31,1291,2016-05-25,2016-06-02,True
2018-12-31,1292,2016-05-26,2016-06-03,True
2018-12-31,1293,2016-05-27,2016-06-06,True
2018-12-31,1294,2016-05-30,2016-06-07,True
2018-12-31,1295,2016-05-31,2016-06-08,True
2018-12-31,1296,2016-06-01,2016-06-13,True
2018-12-31,1297,2016-06-02,2016-06-17,True
2018-12-31,1298,2016-06-03,2016-06-20,True
2018-12-31,1299,2016-06-06,2016-06-15,True
2018-12-31,1300,2016-06-07,2016-06-16,True
2018-12-31,1301,2016-06-08,2016-06-17,True
2018-12-31,1302,2016-06-13,2016-06-21,True
2018-12-31,1303,2016-06-14,2016-06-22,True
2018-12-31,1304,2016-06-15,2016-06-23,True
2018-12-31,1305,2016-06-16,2016-06-24,True
2018-12-31,1306,2016-06-17,2016-06-27,True
2018-12-31,1307,2016-06-20,2016-06-28,True
2018-12-31,1308,2016-06-21,2016-06-29,True
2018-12-31,1309,2016-06-22,2016-06-30,True
2018-12-31,1310,2016-06-23,2016-07-01,True
2018-12-31,1311,2016-06-24,2016-07-04,True
2018-12-31,1312,2016-06-27,2016-07-05,True
2018-12-31,1313,2016-06-28,2016-07-06,True
2018-12-31,1314,2016-06-29,2016-07-07,True
2018-12-31,1315,2016-06-30,2016-07-08,True
2018-12-31,1316,2016-07-01,2016-07-11,True
2018-12-31,1317,2016-07-04,2016-07-12,True
2018-12-31,1318,2016-07-05,2016-07-13,True
2018-12-31,1319,2016-07-06,2016-07-14,True
2018-12-31,1320,2016-07-07,2016-07-15,True
2018-12-31,1321,2016-07-08,2016-07-18,True
2018-12-31,1322,2016-07-11,2016-07-19,True
2018-12-31,1323,2016-07-12,2016-07-20,True
2018-12-31,1324,2016-07-13,2016-07-21,True
2018-12-31,1325,2016-07-14,2016-07-22,True
2018-12-31,1326,2016-07-15,2016-07-25,True
2018-12-31,1327,2016-07-18,2016-07-26,True
2018-12-31,1328,2016-07-19,2016-07-27,True
2018-12-31,1329,2016-07-20,2016-07-28,True
2018-12-31,1330,2016-07-21,2016-07-29,True
2018-12-31,1331,2016-07-22,2016-08-01,True
2018-12-31,1332,2016-07-25,2016-08-02,True
2018-12-31,1333,2016-07-26,2016-08-03,True
2018-12-31,1334,2016-07-27,2016-08-04,True
2018-12-31,1335,2016-07-28,2016-08-05,True
2018-12-31,1336,2016-07-29,2016-08-08,True
2018-12-31,1337,2016-08-01,2016-08-09,True
2018-12-31,1338,2016-08-02,2016-08-10,True
2018-12-31,1339,2016-08-03,2016-08-11,True
2018-12-31,1340,2016-08-04,2016-08-12,True
2018-12-31,1341,2016-08-05,2016-08-15,True
2018-12-31,1342,2016-08-08,2016-08-16,True
2018-12-31,1343,2016-08-09,2016-08-17,True
2018-12-31,1344,2016-08-10,2016-08-18,True
2018-12-31,1345,2016-08-11,2016-08-19,True
2018-12-31,1346,2016-08-12,2016-08-22,True
2018-12-31,1347,2016-08-15,2016-08-23,True
2018-12-31,1348,2016-08-16,2016-08-24,True
2018-12-31,1349,2016-08-17,2016-08-25,True
2018-12-31,1350,2016-08-18,2016-08-26,True
2018-12-31,1351,2016-08-19,2016-08-29,True
2018-12-31,1352,2016-08-22,2016-08-30,True
2018-12-31,1353,2016-08-23,2016-08-31,True
2018-12-31,1354,2016-08-24,2016-09-01,True
2018-12-31,1355,2016-08-25,2016-09-02,True
2018-12-31,1356,2016-08-26,2016-09-05,True
2018-12-31,1357,2016-08-29,2016-09-06,True
2018-12-31,1358,2016-08-30,2016-09-07,True
2018-12-31,1359,2016-08-31,2016-09-08,True
2018-12-31,1360,2016-09-01,2016-09-09,True
2018-12-31,1361,2016-09-02,2016-09-12,True
2018-12-31,1362,2016-09-05,2016-09-13,True
2018-12-31,1363,2016-09-06,2016-09-14,True
2018-12-31,1364,2016-09-07,2016-09-19,True
2018-12-31,1365,2016-09-08,2016-09-23,True
2018-12-31,1366,2016-09-09,2016-09-26,True
2018-12-31,1367,2016-09-12,2016-09-21,True
2018-12-31,1368,2016-09-13,2016-09-22,True
2018-12-31,1369,2016-09-14,2016-09-23,True
2018-12-31,1370,2016-09-19,2016-09-27,True
2018-12-31,1371,2016-09-20,2016-09-28,True
2018-12-31,1372,2016-09-21,2016-09-29,True
2018-12-31,1373,2016-09-22,2016-09-30,True
2018-12-31,1374,2016-09-23,2016-10-10,True
2018-12-31,1375,2016-09-26,2016-10-11,True
2018-12-31,1376,2016-09-27,2016-10-12,True
2018-12-31,1377,2016-09-28,2016-10-13,True
2018-12-31,1378,2016-09-29,2016-10-14,True
2018-12-31,1379,2016-09-30,2016-10-17,True
2018-12-31,1380,2016-10-10,2016-10-18,True
2018-12-31,1381,2016-10-11,2016-10-19,True
2018-12-31,1382,2016-10-12,2016-10-20,True
2018-12-31,1383,2016-10-13,2016-10-21,True
2018-12-31,1384,2016-10-14,2016-10-24,True
2018-12-31,1385,2016-10-17,2016-10-25,True
2018-12-31,1386,2016-10-18,2016-10-26,True
2018-12-31,1387,2016-10-19,2016-10-27,True
2018-12-31,1388,2016-10-20,2016-10-28,True
2018-12-31,1389,2016-10-21,2016-10-31,True
2018-12-31,1390,2016-10-24,2016-11-01,True
2018-12-31,1391,2016-10-25,2016-11-02,True
2018-12-31,1392,2016-10-26,2016-11-03,True
2018-12-31,1393,2016-10-27,2016-11-04,True
2018-12-31,1394,2016-10-28,2016-11-07,True
2018-12-31,1395,2016-10-31,2016-11-08,True
2018-12-31,1396,2016-11-01,2016-11-09,True
2018-12-31,1397,2016-11-02,2016-11-10,True
2018-12-31,1398,2016-11-03,2016-11-11,True
2018-12-31,1399,2016-11-04,2016-11-14,True
2018-12-31,1400,2016-11-07,2016-11-15,True
2018-12-31,1401,2016-11-08,2016-11-16,True
2018-12-31,1402,2016-11-09,2016-11-17,True
2018-12-31,1403,2016-11-10,2016-11-18,True
2018-12-31,1404,2016-11-11,2016-11-21,True
2018-12-31,1405,2016-11-14,2016-11-22,True
2018-12-31,1406,2016-11-15,2016-11-23,True
2018-12-31,1407,2016-11-16,2016-11-24,True
2018-12-31,1408,2016-11-17,2016-11-25,True
2018-12-31,1409,2016-11-18,2016-11-28,True
2018-12-31,1410,2016-11-21,2016-11-29,True
2018-12-31,1411,2016-11-22,2016-11-30,True
2018-12-31,1412,2016-11-23,2016-12-01,True
2018-12-31,1413,2016-11-24,2016-12-02,True
2018-12-31,1414,2016-11-25,2016-12-05,True
2018-12-31,1415,2016-11-28,2016-12-06,True
2018-12-31,1416,2016-11-29,2016-12-07,True
2018-12-31,1417,2016-11-30,2016-12-08,True
2018-12-31,1418,2016-12-01,2016-12-09,True
2018-12-31,1419,2016-12-02,2016-12-12,True
2018-12-31,1420,2016-12-05,2016-12-13,True
2018-12-31,1421,2016-12-06,2016-12-14,True
2018-12-31,1422,2016-12-07,2016-12-15,True
2018-12-31,1423,2016-12-08,2016-12-16,True
2018-12-31,1424,2016-12-09,2016-12-19,True
2018-12-31,1425,2016-12-12,2016-12-20,True
2018-12-31,1426,2016-12-13,2016-12-21,True
2018-12-31,1427,2016-12-14,2016-12-22,True
2018-12-31,1428,2016-12-15,2016-12-23,True
2018-12-31,1429,2016-12-16,2016-12-26,True
2018-12-31,1430,2016-12-19,2016-12-27,True
2018-12-31,1431,2016-12-20,2016-12-28,True
2018-12-31,1432,2016-12-21,2016-12-29,True
2018-12-31,1433,2016-12-22,2016-12-30,True
2018-12-31,1434,2016-12-23,2017-01-03,True
2018-12-31,1435,2016-12-26,2017-01-10,True
2018-12-31,1436,2016-12-27,2017-01-04,True
2018-12-31,1437,2016-12-28,2017-01-05,True
2018-12-31,1438,2016-12-29,2017-01-06,True
2018-12-31,1439,2016-12-30,2017-01-09,True
2018-12-31,1440,2017-01-03,2017-01-11,True
2018-12-31,1441,2017-01-04,2017-01-12,True
2018-12-31,1442,2017-01-05,2017-01-13,True
2018-12-31,1443,2017-01-06,2017-01-16,True
2018-12-31,1444,2017-01-09,2017-01-17,True
2018-12-31,1445,2017-01-10,2017-01-18,True
2018-12-31,1446,2017-01-11,2017-01-19,True
2018-12-31,1447,2017-01-12,2017-01-20,True
2018-12-31,1448,2017-01-13,2017-01-23,True
2018-12-31,1449,2017-01-16,2017-01-24,True
2018-12-31,1450,2017-01-17,2017-01-25,True
2018-12-31,1451,2017-01-18,2017-01-26,True
2018-12-31,1452,2017-01-19,2017-02-03,True
2018-12-31,1453,2017-01-20,2017-02-06,True
2018-12-31,1454,2017-01-23,2017-02-07,True
2018-12-31,1455,2017-01-24,2017-02-08,True
2018-12-31,1456,2017-01-25,2017-02-09,True
2018-12-31,1457,2017-01-26,2017-02-10,True
2018-12-31,1458,2017-02-03,2017-02-13,True
2018-12-31,1459,2017-02-06,2017-02-14,True
2018-12-31,1460,2017-02-07,2017-02-15,True
2018-12-31,1461,2017-02-08,2017-02-16,True
2018-12-31,1462,2017-02-09,2017-02-17,True
2018-12-31,1463,2017-02-10,2017-02-20,True
2018-12-31,1464,2017-02-13,2017-02-21,True
2018-12-31,1465,2017-02-14,2017-02-22,True
2018-12-31,1466,2017-02-15,2017-02-23,True
2018-12-31,1467,2017-02-16,2017-02-24,True
2018-12-31,1468,2017-02-17,2017-02-27,True
2018-12-31,1469,2017-02-20,2017-02-28,True
2018-12-31,1470,2017-02-21,2017-03-01,True
2018-12-31,1471,2017-02-22,2017-03-02,True
2018-12-31,1472,2017-02-23,2017-03-03,True
2018-12-31,1473,2017-02-24,2017-03-06,True
2018-12-31,1474,2017-02-27,2017-03-07,True
2018-12-31,1475,2017-02-28,2017-03-08,True
2018-12-31,1476,2017-03-01,2017-03-09,True
2018-12-31,1477,2017-03-02,2017-03-10,True
2018-12-31,1478,2017-03-03,2017-03-13,True
2018-12-31,1479,2017-03-06,2017-03-14,True
2018-12-31,1480,2017-03-07,2017-03-15,True
2018-12-31,1481,2017-03-08,2017-03-16,True
2018-12-31,1482,2017-03-09,2017-03-17,True
2018-12-31,1483,2017-03-10,2017-03-20,True
2018-12-31,1484,2017-03-13,2017-03-21,True
2018-12-31,1485,2017-03-14,2017-03-22,True
2018-12-31,1486,2017-03-15,2017-03-23,True
2018-12-31,1487,2017-03-16,2017-03-24,True
2018-12-31,1488,2017-03-17,2017-03-27,True
2018-12-31,1489,2017-03-20,2017-03-28,True
2018-12-31,1490,2017-03-21,2017-03-29,True
2018-12-31,1491,2017-03-22,2017-03-30,True
2018-12-31,1492,2017-03-23,2017-03-31,True
2018-12-31,1493,2017-03-24,2017-04-05,True
2018-12-31,1494,2017-03-27,2017-04-11,True
2018-12-31,1495,2017-03-28,2017-04-12,True
2018-12-31,1496,2017-03-29,2017-04-07,True
2018-12-31,1497,2017-03-30,2017-04-10,True
2018-12-31,1498,2017-03-31,2017-04-11,True
2018-12-31,1499,2017-04-05,2017-04-13,True
2018-12-31,1500,2017-04-06,2017-04-14,True
2018-12-31,1501,2017-04-07,2017-04-17,True
2018-12-31,1502,2017-04-10,2017-04-18,True
2018-12-31,1503,2017-04-11,2017-04-19,True
2018-12-31,1504,2017-04-12,2017-04-20,True
2018-12-31,1505,2017-04-13,2017-04-21,True
2018-12-31,1506,2017-04-14,2017-04-24,True
2018-12-31,1507,2017-04-17,2017-04-25,True
2018-12-31,1508,2017-04-18,2017-04-26,True
2018-12-31,1509,2017-04-19,2017-04-27,True
2018-12-31,1510,2017-04-20,2017-04-28,True
2018-12-31,1511,2017-04-21,2017-05-02,True
2018-12-31,1512,2017-04-24,2017-05-09,True
2018-12-31,1513,2017-04-25,2017-05-03,True
2018-12-31,1514,2017-04-26,2017-05-04,True
2018-12-31,1515,2017-04-27,2017-05-05,True
2018-12-31,1516,2017-04-28,2017-05-08,True
2018-12-31,1517,2017-05-02,2017-05-10,True
2018-12-31,1518,2017-05-03,2017-05-11,True
2018-12-31,1519,2017-05-04,2017-05-12,True
2018-12-31,1520,2017-05-05,2017-05-15,True
2018-12-31,1521,2017-05-08,2017-05-16,True
2018-12-31,1522,2017-05-09,2017-05-17,True
2018-12-31,1523,2017-05-10,2017-05-18,True
2018-12-31,1524,2017-05-11,2017-05-19,True
2018-12-31,1525,2017-05-12,2017-05-22,True
2018-12-31,1526,2017-05-15,2017-05-23,True
2018-12-31,1527,2017-05-16,2017-05-24,True
2018-12-31,1528,2017-05-17,2017-05-25,True
2018-12-31,1529,2017-05-18,2017-05-26,True
2018-12-31,1530,2017-05-19,2017-05-31,True
2018-12-31,1531,2017-05-22,2017-06-06,True
2018-12-31,1532,2017-05-23,2017-06-07,True
2018-12-31,1533,2017-05-24,2017-06-02,True
2018-12-31,1534,2017-05-25,2017-06-05,True
2018-12-31,1535,2017-05-26,2017-06-06,True
2018-12-31,1536,2017-05-31,2017-06-08,True
2018-12-31,1537,2017-06-01,2017-06-09,True
2018-12-31,1538,2017-06-02,2017-06-12,True
2018-12-31,1539,2017-06-05,2017-06-13,True
2018-12-31,1540,2017-06-06,2017-06-14,True
2018-12-31,1541,2017-06-07,2017-06-15,True
2018-12-31,1542,2017-06-08,2017-06-16,True
2018-12-31,1543,2017-06-09,2017-06-19,True
2018-12-31,1544,2017-06-12,2017-06-20,True
2018-12-31,1545,2017-06-13,2017-06-21,True
2018-12-31,1546,2017-06-14,2017-06-22,True
2018-12-31,1547,2017-06-15,2017-06-23,True
2018-12-31,1548,2017-06-16,2017-06-26,True
2018-12-31,1549,2017-06-19,2017-06-27,True
2018-12-31,1550,2017-06-20,2017-06-28,True
2018-12-31,1551,2017-06-21,2017-06-29,True
2018-12-31,1552,2017-06-22,2017-06-30,True
2018-12-31,1553,2017-06-23,2017-07-03,True
2018-12-31,1554,2017-06-26,2017-07-04,True
2018-12-31,1555,2017-06-27,2017-07-05,True
2018-12-31,1556,2017-06-28,2017-07-06,True
2018-12-31,1557,2017-06-29,2017-07-07,True
2018-12-31,1558,2017-06-30,2017-07-10,True
2018-12-31,1559,2017-07-03,2017-07-11,True
2018-12-31,1560,2017-07-04,2017-07-12,True
2018-12-31,1561,2017-07-05,2017-07-13,True
2018-12-31,1562,2017-07-06,2017-07-14,True
2018-12-31,1563,2017-07-07,2017-07-17,True
2018-12-31,1564,2017-07-10,2017-07-18,True
2018-12-31,1565,2017-07-11,2017-07-19,True
2018-12-31,1566,2017-07-12,2017-07-20,True
2018-12-31,1567,2017-07-13,2017-07-21,True
2018-12-31,1568,2017-07-14,2017-07-24,True
2018-12-31,1569,2017-07-17,2017-07-25,True
2018-12-31,1570,2017-07-18,2017-07-26,True
2018-12-31,1571,2017-07-19,2017-07-27,True
2018-12-31,1572,2017-07-20,2017-07-28,True
2018-12-31,1573,2017-07-21,2017-07-31,True
2018-12-31,1574,2017-07-24,2017-08-01,True
2018-12-31,1575,2017-07-25,2017-08-02,True
2018-12-31,1576,2017-07-26,2017-08-03,True
2018-12-31,1577,2017-07-27,2017-08-04,True
2018-12-31,1578,2017-07-28,2017-08-07,True
2018-12-31,1579,2017-07-31,2017-08-08,True
2018-12-31,1580,2017-08-01,2017-08-09,True
2018-12-31,1581,2017-08-02,2017-08-10,True
2018-12-31,1582,2017-08-03,2017-08-11,True
2018-12-31,1583,2017-08-04,2017-08-14,True
2018-12-31,1584,2017-08-07,2017-08-15,True
2018-12-31,1585,2017-08-08,2017-08-16,True
2018-12-31,1586,2017-08-09,2017-08-17,True
2018-12-31,1587,2017-08-10,2017-08-18,True
2018-12-31,1588,2017-08-11,2017-08-21,True
2018-12-31,1589,2017-08-14,2017-08-22,True
2018-12-31,1590,2017-08-15,2017-08-23,True
2018-12-31,1591,2017-08-16,2017-08-24,True
2018-12-31,1592,2017-08-17,2017-08-25,True
2018-12-31,1593,2017-08-18,2017-08-28,True
2018-12-31,1594,2017-08-21,2017-08-29,True
2018-12-31,1595,2017-08-22,2017-08-30,True
2018-12-31,1596,2017-08-23,2017-08-31,True
2018-12-31,1597,2017-08-24,2017-09-01,True
2018-12-31,1598,2017-08-25,2017-09-04,True
2018-12-31,1599,2017-08-28,2017-09-05,True
2018-12-31,1600,2017-08-29,2017-09-06,True
2018-12-31,1601,2017-08-30,2017-09-07,True
2018-12-31,1602,2017-08-31,2017-09-08,True
2018-12-31,1603,2017-09-01,2017-09-11,True
2018-12-31,1604,2017-09-04,2017-09-12,True
2018-12-31,1605,2017-09-05,2017-09-13,True
2018-12-31,1606,2017-09-06,2017-09-14,True
2018-12-31,1607,2017-09-07,2017-09-15,True
2018-12-31,1608,2017-09-08,2017-09-18,True
2018-12-31,1609,2017-09-11,2017-09-19,True
2018-12-31,1610,2017-09-12,2017-09-20,True
2018-12-31,1611,2017-09-13,2017-09-21,True
2018-12-31,1612,2017-09-14,2017-09-22,True
2018-12-31,1613,2017-09-15,2017-09-25,True
2018-12-31,1614,2017-09-18,2017-09-26,True
2018-12-31,1615,2017-09-19,2017-09-27,True
2018-12-31,1616,2017-09-20,2017-09-28,True
2018-12-31,1617,2017-09-21,2017-09-29,True
2018-12-31,1618,2017-09-22,2017-10-09,True
2018-12-31,1619,2017-09-25,2017-10-10,True
2018-12-31,1620,2017-09-26,2017-10-11,True
2018-12-31,1621,2017-09-27,2017-10-12,True
2018-12-31,1622,2017-09-28,2017-10-13,True
2018-12-31,1623,2017-09-29,2017-10-16,True
2018-12-31,1624,2017-10-09,2017-10-17,True
2018-12-31,1625,2017-10-10,2017-10-18,True
2018-12-31,1626,2017-10-11,2017-10-19,True
2018-12-31,1627,2017-10-12,2017-10-20,True
2018-12-31,1628,2017-10-13,2017-10-23,True
2018-12-31,1629,2017-10-16,2017-10-24,True
2018-12-31,1630,2017-10-17,2017-10-25,True
2018-12-31,1631,2017-10-18,2017-10-26,True
2018-12-31,1632,2017-10-19,2017-10-27,True
2018-12-31,1633,2017-10-20,2017-10-30,True
2018-12-31,1634,2017-10-23,2017-10-31,True
2018-12-31,1635,2017-10-24,2017-11-01,True
2018-12-31,1636,2017-10-25,2017-11-02,True
2018-12-31,1637,2017-10-26,2017-11-03,True
2018-12-31,1638,2017-10-27,2017-11-06,True
2018-12-31,1639,2017-10-30,2017-11-07,True
2018-12-31,1640,2017-10-31,2017-11-08,True
2018-12-31,1641,2017-11-01,2017-11-09,True
2018-12-31,1642,2017-11-02,2017-11-10,True
2018-12-31,1643,2017-11-03,2017-11-13,True
2018-12-31,1644,2017-11-06,2017-11-14,True
2018-12-31,1645,2017-11-07,2017-11-15,True
2018-12-31,1646,2017-11-08,2017-11-16,True
2018-12-31,1647,2017-11-09,2017-11-17,True
2018-12-31,1648,2017-11-10,2017-11-20,True
2018-12-31,1649,2017-11-13,2017-11-21,True
2018-12-31,1650,2017-11-14,2017-11-22,True
2018-12-31,1651,2017-11-15,2017-11-23,True
2018-12-31,1652,2017-11-16,2017-11-24,True
2018-12-31,1653,2017-11-17,2017-11-27,True
2018-12-31,1654,2017-11-20,2017-11-28,True
2018-12-31,1655,2017-11-21,2017-11-29,True
2018-12-31,1656,2017-11-22,2017-11-30,True
2018-12-31,1657,2017-11-23,2017-12-01,True
2018-12-31,1658,2017-11-24,2017-12-04,True
2018-12-31,1659,2017-11-27,2017-12-05,True
2018-12-31,1660,2017-11-28,2017-12-06,True
2018-12-31,1661,2017-11-29,2017-12-07,True
2018-12-31,1662,2017-11-30,2017-12-08,True
2018-12-31,1663,2017-12-01,2017-12-11,True
2018-12-31,1664,2017-12-04,2017-12-12,True
2018-12-31,1665,2017-12-05,2017-12-13,True
2018-12-31,1666,2017-12-06,2017-12-14,True
2018-12-31,1667,2017-12-07,2017-12-15,True
2018-12-31,1668,2017-12-08,2017-12-18,True
2018-12-31,1669,2017-12-11,2017-12-19,True
2018-12-31,1670,2017-12-12,2017-12-20,True
2018-12-31,1671,2017-12-13,2017-12-21,True
2018-12-31,1672,2017-12-14,2017-12-22,True
2018-12-31,1673,2017-12-15,2017-12-25,True
2018-12-31,1674,2017-12-18,2017-12-26,True
2018-12-31,1675,2017-12-19,2017-12-27,True
2018-12-31,1676,2017-12-20,2017-12-28,True
2018-12-31,1677,2017-12-21,2017-12-29,True
2018-12-31,1678,2017-12-22,2018-01-02,True
2018-12-31,1679,2017-12-25,2018-01-09,True
2018-12-31,1680,2017-12-26,2018-01-03,True
2018-12-31,1681,2017-12-27,2018-01-04,True
2018-12-31,1682,2017-12-28,2018-01-05,True
2018-12-31,1683,2017-12-29,2018-01-08,True
2018-12-31,1684,2018-01-02,2018-01-10,True
2018-12-31,1685,2018-01-03,2018-01-11,True
2018-12-31,1686,2018-01-04,2018-01-12,True
2018-12-31,1687,2018-01-05,2018-01-15,True
2018-12-31,1688,2018-01-08,2018-01-16,True
2018-12-31,1689,2018-01-09,2018-01-17,True
2018-12-31,1690,2018-01-10,2018-01-18,True
2018-12-31,1691,2018-01-11,2018-01-19,True
2018-12-31,1692,2018-01-12,2018-01-22,True
2018-12-31,1693,2018-01-15,2018-01-23,True
2018-12-31,1694,2018-01-16,2018-01-24,True
2018-12-31,1695,2018-01-17,2018-01-25,True
2018-12-31,1696,2018-01-18,2018-01-26,True
2018-12-31,1697,2018-01-19,2018-01-29,True
2018-12-31,1698,2018-01-22,2018-01-30,True
2018-12-31,1699,2018-01-23,2018-01-31,True
2018-12-31,1700,2018-01-24,2018-02-01,True
2018-12-31,1701,2018-01-25,2018-02-02,True
2018-12-31,1702,2018-01-26,2018-02-05,True
2018-12-31,1703,2018-01-29,2018-02-06,True
2018-12-31,1704,2018-01-30,2018-02-07,True
2018-12-31,1705,2018-01-31,2018-02-08,True
2018-12-31,1706,2018-02-01,2018-02-09,True
2018-12-31,1707,2018-02-02,2018-02-12,True
2018-12-31,1708,2018-02-05,2018-02-13,True
2018-12-31,1709,2018-02-06,2018-02-14,True
2018-12-31,1710,2018-02-07,2018-02-22,True
2018-12-31,1711,2018-02-08,2018-02-23,True
2018-12-31,1712,2018-02-09,2018-02-26,True
2018-12-31,1713,2018-02-12,2018-02-27,True
2018-12-31,1714,2018-02-13,2018-02-28,True
2018-12-31,1715,2018-02-14,2018-03-01,True
2018-12-31,1716,2018-02-22,2018-03-02,True
2018-12-31,1717,2018-02-23,2018-03-05,True
2018-12-31,1718,2018-02-26,2018-03-06,True
2018-12-31,1719,2018-02-27,2018-03-07,True
2018-12-31,1720,2018-02-28,2018-03-08,True
2018-12-31,1721,2018-03-01,2018-03-09,True
2018-12-31,1722,2018-03-02,2018-03-12,True
2018-12-31,1723,2018-03-05,2018-03-13,True
2018-12-31,1724,2018-03-06,2018-03-14,True
2018-12-31,1725,2018-03-07,2018-03-15,True
2018-12-31,1726,2018-03-08,2018-03-16,True
2018-12-31,1727,2018-03-09,2018-03-19,True
2018-12-31,1728,2018-03-12,2018-03-20,True
2018-12-31,1729,2018-03-13,2018-03-21,True
2018-12-31,1730,2018-03-14,2018-03-22,True
2018-12-31,1731,2018-03-15,2018-03-23,True
2018-12-31,1732,2018-03-16,2018-03-26,True
2018-12-31,1733,2018-03-19,2018-03-27,True
2018-12-31,1734,2018-03-20,2018-03-28,True
2018-12-31,1735,2018-03-21,2018-03-29,True
2018-12-31,1736,2018-03-22,2018-03-30,True
2018-12-31,1737,2018-03-23,2018-04-02,True
2018-12-31,1738,2018-03-26,2018-04-03,True
2018-12-31,1739,2018-03-27,2018-04-04,True
2018-12-31,1740,2018-03-28,2018-04-09,True
2018-12-31,1741,2018-03-29,2018-04-13,True
2018-12-31,1742,2018-03-30,2018-04-16,True
2018-12-31,1743,2018-04-02,2018-04-11,True
2018-12-31,1744,2018-04-03,2018-04-12,True
2018-12-31,1745,2018-04-04,2018-04-13,True
2018-12-31,1746,2018-04-09,2018-04-17,True
2018-12-31,1747,2018-04-10,2018-04-18,True
2018-12-31,1748,2018-04-11,2018-04-19,True
2018-12-31,1749,2018-04-12,2018-04-20,True
2018-12-31,1750,2018-04-13,2018-04-23,True
2018-12-31,1751,2018-04-16,2018-04-24,True
2018-12-31,1752,2018-04-17,2018-04-25,True
2018-12-31,1753,2018-04-18,2018-04-26,True
2018-12-31,1754,2018-04-19,2018-04-27,True
2018-12-31,1755,2018-04-20,2018-05-02,True
2018-12-31,1756,2018-04-23,2018-05-08,True
2018-12-31,1757,2018-04-24,2018-05-09,True
2018-12-31,1758,2018-04-25,2018-05-04,True
2018-12-31,1759,2018-04-26,2018-05-07,True
2018-12-31,1760,2018-04-27,2018-05-08,True
2018-12-31,1761,2018-05-02,2018-05-10,True
2018-12-31,1762,2018-05-03,2018-05-11,True
2018-12-31,1763,2018-05-04,2018-05-14,True
2018-12-31,1764,2018-05-07,2018-05-15,True
2018-12-31,1765,2018-05-08,2018-05-16,True
2018-12-31,1766,2018-05-09,2018-05-17,True
2018-12-31,1767,2018-05-10,2018-05-18,True
2018-12-31,1768,2018-05-11,2018-05-21,True
2018-12-31,1769,2018-05-14,2018-05-22,True
2018-12-31,1770,2018-05-15,2018-05-23,True
2018-12-31,1771,2018-05-16,2018-05-24,True
2018-12-31,1772,2018-05-17,2018-05-25,True
2018-12-31,1773,2018-05-18,2018-05-28,True
2018-12-31,1774,2018-05-21,2018-05-29,True
2018-12-31,1775,2018-05-22,2018-05-30,True
2018-12-31,1776,2018-05-23,2018-05-31,True
2018-12-31,1777,2018-05-24,2018-06-01,True
2018-12-31,1778,2018-05-25,2018-06-04,True
2018-12-31,1779,2018-05-28,2018-06-05,True
2018-12-31,1780,2018-05-29,2018-06-06,True
2018-12-31,1781,2018-05-30,2018-06-07,True
2018-12-31,1782,2018-05-31,2018-06-08,True
2018-12-31,1783,2018-06-01,2018-06-11,True
2018-12-31,1784,2018-06-04,2018-06-12,True
2018-12-31,1785,2018-06-05,2018-06-13,True
2018-12-31,1786,2018-06-06,2018-06-14,True
2018-12-31,1787,2018-06-07,2018-06-15,True
2018-12-31,1788,2018-06-08,2018-06-19,True
2018-12-31,1789,2018-06-11,2018-06-26,True
2018-12-31,1790,2018-06-12,2018-06-20,True
2018-12-31,1791,2018-06-13,2018-06-21,True
2018-12-31,1792,2018-06-14,2018-06-22,True
2018-12-31,1793,2018-06-15,2018-06-25,True
2018-12-31,1794,2018-06-19,2018-06-27,True
2018-12-31,1795,2018-06-20,2018-06-28,True
2018-12-31,1796,2018-06-21,2018-06-29,True
2018-12-31,1797,2018-06-22,2018-07-02,True
2018-12-31,1798,2018-06-25,2018-07-03,True
2018-12-31,1799,2018-06-26,2018-07-04,True
2018-12-31,1800,2018-06-27,2018-07-05,True
2018-12-31,1801,2018-06-28,2018-07-06,True
2018-12-31,1802,2018-06-29,2018-07-09,True
2018-12-31,1803,2018-07-02,2018-07-10,True
2018-12-31,1804,2018-07-03,2018-07-11,True
2018-12-31,1805,2018-07-04,2018-07-12,True
2018-12-31,1806,2018-07-05,2018-07-13,True
2018-12-31,1807,2018-07-06,2018-07-16,True
2018-12-31,1808,2018-07-09,2018-07-17,True
2018-12-31,1809,2018-07-10,2018-07-18,True
2018-12-31,1810,2018-07-11,2018-07-19,True
2018-12-31,1811,2018-07-12,2018-07-20,True
2018-12-31,1812,2018-07-13,2018-07-23,True
2018-12-31,1813,2018-07-16,2018-07-24,True
2018-12-31,1814,2018-07-17,2018-07-25,True
2018-12-31,1815,2018-07-18,2018-07-26,True
2018-12-31,1816,2018-07-19,2018-07-27,True
2018-12-31,1817,2018-07-20,2018-07-30,True
2018-12-31,1818,2018-07-23,2018-07-31,True
2018-12-31,1819,2018-07-24,2018-08-01,True
2018-12-31,1820,2018-07-25,2018-08-02,True
2018-12-31,1821,2018-07-26,2018-08-03,True
2018-12-31,1822,2018-07-27,2018-08-06,True
2018-12-31,1823,2018-07-30,2018-08-07,True
2018-12-31,1824,2018-07-31,2018-08-08,True
2018-12-31,1825,2018-08-01,2018-08-09,True
2018-12-31,1826,2018-08-02,2018-08-10,True
2018-12-31,1827,2018-08-03,2018-08-13,True
2018-12-31,1828,2018-08-06,2018-08-14,True
2018-12-31,1829,2018-08-07,2018-08-15,True
2018-12-31,1830,2018-08-08,2018-08-16,True
2018-12-31,1831,2018-08-09,2018-08-17,True
2018-12-31,1832,2018-08-10,2018-08-20,True
2018-12-31,1833,2018-08-13,2018-08-21,True
2018-12-31,1834,2018-08-14,2018-08-22,True
2018-12-31,1835,2018-08-15,2018-08-23,True
2018-12-31,1836,2018-08-16,2018-08-24,True
2018-12-31,1837,2018-08-17,2018-08-27,True
2018-12-31,1838,2018-08-20,2018-08-28,True
2018-12-31,1839,2018-08-21,2018-08-29,True
2018-12-31,1840,2018-08-22,2018-08-30,True
2018-12-31,1841,2018-08-23,2018-08-31,True
2018-12-31,1842,2018-08-24,2018-09-03,True
2018-12-31,1843,2018-08-27,2018-09-04,True
2018-12-31,1844,2018-08-28,2018-09-05,True
2018-12-31,1845,2018-08-29,2018-09-06,True
2018-12-31,1846,2018-08-30,2018-09-07,True
2018-12-31,1847,2018-08-31,2018-09-10,True
2018-12-31,1848,2018-09-03,2018-09-11,True
2018-12-31,1849,2018-09-04,2018-09-12,True
2018-12-31,1850,2018-09-05,2018-09-13,True
2018-12-31,1851,2018-09-06,2018-09-14,True
2018-12-31,1852,2018-09-07,2018-09-17,True
2018-12-31,1853,2018-09-10,2018-09-18,True
2018-12-31,1854,2018-09-11,2018-09-19,True
2018-12-31,1855,2018-09-12,2018-09-20,True
2018-12-31,1856,2018-09-13,2018-09-21,True
2018-12-31,1857,2018-09-14,2018-09-25,True
2018-12-31,1858,2018-09-17,2018-10-09,True
2018-12-31,1859,2018-09-18,2018-09-26,True
2018-12-31,1860,2018-09-19,2018-09-27,True
2018-12-31,1861,2018-09-20,2018-09-28,True
2018-12-31,1862,2018-09-21,2018-10-08,True
2018-12-31,1863,2018-09-25,2018-10-10,True
2018-12-31,1864,2018-09-26,2018-10-11,True
2018-12-31,1865,2018-09-27,2018-10-12,True
2018-12-31,1866,2018-09-28,2018-10-15,True
2018-12-31,1867,2018-10-08,2018-10-16,True
2018-12-31,1868,2018-10-09,2018-10-17,True
2018-12-31,1869,2018-10-10,2018-10-18,True
2018-12-31,1870,2018-10-11,2018-10-19,True
2018-12-31,1871,2018-10-12,2018-10-22,True
2018-12-31,1872,2018-10-15,2018-10-23,True
2018-12-31,1873,2018-10-16,2018-10-24,True
2018-12-31,1874,2018-10-17,2018-10-25,True
2018-12-31,1875,2018-10-18,2018-10-26,True
2018-12-31,1876,2018-10-19,2018-10-29,True
2018-12-31,1877,2018-10-22,2018-10-30,True
2018-12-31,1878,2018-10-23,2018-10-31,True
2018-12-31,1879,2018-10-24,2018-11-01,True
2018-12-31,1880,2018-10-25,2018-11-02,True
2018-12-31,1881,2018-10-26,2018-11-05,True
2018-12-31,1882,2018-10-29,2018-11-06,True
2018-12-31,1883,2018-10-30,2018-11-07,True
2018-12-31,1884,2018-10-31,2018-11-08,True
2018-12-31,1885,2018-11-01,2018-11-09,True
2018-12-31,1886,2018-11-02,2018-11-12,True
2018-12-31,1887,2018-11-05,2018-11-13,True
2018-12-31,1888,2018-11-06,2018-11-14,True
2018-12-31,1889,2018-11-07,2018-11-15,True
2018-12-31,1890,2018-11-08,2018-11-16,True
2018-12-31,1891,2018-11-09,2018-11-19,True
2018-12-31,1892,2018-11-12,2018-11-20,True
2018-12-31,1893,2018-11-13,2018-11-21,True
2018-12-31,1894,2018-11-14,2018-11-22,True
2018-12-31,1895,2018-11-15,2018-11-23,True
2018-12-31,1896,2018-11-16,2018-11-26,True
2018-12-31,1897,2018-11-19,2018-11-27,True
2018-12-31,1898,2018-11-20,2018-11-28,True
2018-12-31,1899,2018-11-21,2018-11-29,True
2018-12-31,1900,2018-11-22,2018-11-30,True
2018-12-31,1901,2018-11-23,2018-12-03,True
2018-12-31,1902,2018-11-26,2018-12-04,True
2018-12-31,1903,2018-11-27,2018-12-05,True
2018-12-31,1904,2018-11-28,2018-12-06,True
2018-12-31,1905,2018-11-29,2018-12-07,True
2018-12-31,1906,2018-11-30,2018-12-10,True
2018-12-31,1907,2018-12-03,2018-12-11,True
2018-12-31,1908,2018-12-04,2018-12-12,True
2018-12-31,1909,2018-12-05,2018-12-13,True
2018-12-31,1910,2018-12-06,2018-12-14,True
2018-12-31,1911,2018-12-07,2018-12-17,True
2018-12-31,1912,2018-12-10,2018-12-18,True
2018-12-31,1913,2018-12-11,2018-12-19,True
2018-12-31,1914,2018-12-12,2018-12-20,True
2018-12-31,1915,2018-12-13,2018-12-21,True
2018-12-31,1916,2018-12-14,2018-12-24,True
2018-12-31,1917,2018-12-17,2018-12-25,True
2018-12-31,1918,2018-12-18,2018-12-26,True
2018-12-31,1919,2018-12-19,2018-12-27,True
2018-12-31,1920,2018-12-20,2018-12-28,True
2019-12-31,0,2010-07-09,2010-07-19,False
2019-12-31,1,2010-07-12,2010-07-20,False
2019-12-31,2,2010-07-20,2010-07-28,False
2019-12-31,3,2010-07-21,2010-07-29,False
2019-12-31,4,2010-07-22,2010-07-30,False
2019-12-31,5,2010-07-23,2010-08-02,False
2019-12-31,6,2010-07-26,2010-08-03,False
2019-12-31,7,2010-07-27,2010-08-04,False
2019-12-31,8,2010-07-28,2010-08-05,False
2019-12-31,9,2010-07-29,2010-08-06,False
2019-12-31,10,2010-07-30,2010-08-09,False
2019-12-31,11,2010-08-02,2010-08-10,False
2019-12-31,12,2010-08-03,2010-08-11,False
2019-12-31,13,2010-08-04,2010-08-12,False
2019-12-31,14,2010-08-05,2010-08-13,False
2019-12-31,15,2010-08-06,2010-08-16,False
2019-12-31,16,2010-08-09,2010-08-17,False
2019-12-31,17,2010-08-10,2010-08-18,False
2019-12-31,18,2010-08-11,2010-08-19,False
2019-12-31,19,2010-08-12,2010-08-20,False
2019-12-31,20,2010-08-13,2010-08-23,False
2019-12-31,21,2010-08-16,2010-08-24,False
2019-12-31,22,2010-08-17,2010-08-25,False
2019-12-31,23,2010-08-18,2010-08-26,False
2019-12-31,24,2010-08-19,2010-08-27,False
2019-12-31,25,2010-08-20,2010-08-30,False
2019-12-31,26,2010-08-23,2010-08-31,False
2019-12-31,27,2010-08-24,2010-09-01,False
2019-12-31,28,2010-08-25,2010-09-02,False
2019-12-31,29,2010-08-26,2010-09-03,False
2019-12-31,30,2010-08-27,2010-09-06,False
2019-12-31,31,2010-08-30,2010-09-07,False
2019-12-31,32,2010-08-31,2010-09-08,False
2019-12-31,33,2010-09-01,2010-09-09,False
2019-12-31,34,2010-09-02,2010-09-10,False
2019-12-31,35,2010-09-03,2010-09-13,False
2019-12-31,36,2010-09-06,2010-09-14,False
2019-12-31,37,2010-09-07,2010-09-15,False
2019-12-31,38,2010-09-08,2010-09-16,False
2019-12-31,39,2010-09-09,2010-09-17,False
2019-12-31,40,2010-09-10,2010-09-20,False
2019-12-31,41,2010-09-13,2010-09-21,False
2019-12-31,42,2010-09-14,2010-09-27,False
2019-12-31,43,2010-09-15,2010-09-30,False
2019-12-31,44,2010-09-16,2010-10-08,False
2019-12-31,45,2010-09-17,2010-10-11,False
2019-12-31,46,2010-09-20,2010-09-30,False
2019-12-31,47,2010-09-21,2010-10-08,False
2019-12-31,48,2010-09-27,2010-10-12,False
2019-12-31,49,2010-09-28,2010-10-13,False
2019-12-31,50,2010-09-29,2010-10-14,False
2019-12-31,51,2010-09-30,2010-10-15,False
2019-12-31,52,2010-10-08,2010-10-18,False
2019-12-31,53,2010-10-11,2010-10-19,False
2019-12-31,54,2010-10-12,2010-10-20,False
2019-12-31,55,2010-10-13,2010-10-21,False
2019-12-31,56,2010-10-14,2010-10-22,False
2019-12-31,57,2010-10-15,2010-10-25,False
2019-12-31,58,2010-10-18,2010-10-26,False
2019-12-31,59,2010-10-19,2010-10-27,False
2019-12-31,60,2010-10-20,2010-10-28,False
2019-12-31,61,2010-10-21,2010-10-29,False
2019-12-31,62,2010-10-22,2010-11-01,False
2019-12-31,63,2010-10-25,2010-11-02,False
2019-12-31,64,2010-10-26,2010-11-03,False
2019-12-31,65,2010-10-27,2010-11-04,False
2019-12-31,66,2010-10-28,2010-11-05,False
2019-12-31,67,2010-10-29,2010-11-08,False
2019-12-31,68,2010-11-01,2010-11-09,False
2019-12-31,69,2010-11-02,2010-11-10,False
2019-12-31,70,2010-11-03,2010-11-11,False
2019-12-31,71,2010-11-04,2010-11-12,False
2019-12-31,72,2010-11-05,2010-11-15,False
2019-12-31,73,2010-11-08,2010-11-16,False
2019-12-31,74,2010-11-09,2010-11-17,False
2019-12-31,75,2010-11-10,2010-11-18,False
2019-12-31,76,2010-11-11,2010-11-19,False
2019-12-31,77,2010-11-12,2010-11-22,False
2019-12-31,78,2010-11-15,2010-11-23,False
2019-12-31,79,2010-11-16,2010-11-24,False
2019-12-31,80,2010-11-17,2010-11-25,False
2019-12-31,81,2010-11-18,2010-11-26,False
2019-12-31,82,2010-11-19,2010-11-29,False
2019-12-31,83,2010-11-22,2010-11-30,False
2019-12-31,84,2010-11-23,2010-12-01,False
2019-12-31,85,2010-11-24,2010-12-02,False
2019-12-31,86,2010-11-25,2010-12-03,False
2019-12-31,87,2010-11-26,2010-12-06,False
2019-12-31,88,2010-11-29,2010-12-07,False
2019-12-31,89,2010-11-30,2010-12-08,False
2019-12-31,90,2010-12-01,2010-12-09,False
2019-12-31,91,2010-12-02,2010-12-10,False
2019-12-31,92,2010-12-03,2010-12-13,False
2019-12-31,93,2010-12-06,2010-12-14,False
2019-12-31,94,2010-12-07,2010-12-15,False
2019-12-31,95,2010-12-08,2010-12-16,False
2019-12-31,96,2010-12-09,2010-12-17,False
2019-12-31,97,2010-12-10,2010-12-20,False
2019-12-31,98,2010-12-13,2010-12-21,False
2019-12-31,99,2010-12-14,2010-12-22,False
2019-12-31,100,2010-12-15,2010-12-23,False
2019-12-31,101,2010-12-16,2010-12-24,False
2019-12-31,102,2010-12-17,2010-12-27,False
2019-12-31,103,2010-12-20,2010-12-28,False
2019-12-31,104,2010-12-21,2010-12-29,False
2019-12-31,105,2010-12-22,2010-12-30,False
2019-12-31,106,2010-12-23,2010-12-31,False
2019-12-31,107,2010-12-24,2011-01-04,False
2019-12-31,108,2010-12-27,2011-01-11,False
2019-12-31,109,2010-12-28,2011-01-05,False
2019-12-31,110,2010-12-29,2011-01-06,False
2019-12-31,111,2010-12-30,2011-01-07,False
2019-12-31,112,2010-12-31,2011-01-10,False
2019-12-31,113,2011-01-04,2011-01-12,False
2019-12-31,114,2011-01-05,2011-01-13,False
2019-12-31,115,2011-01-06,2011-01-14,False
2019-12-31,116,2011-01-07,2011-01-17,False
2019-12-31,117,2011-01-10,2011-01-18,False
2019-12-31,118,2011-01-11,2011-01-19,False
2019-12-31,119,2011-01-12,2011-01-20,False
2019-12-31,120,2011-01-13,2011-01-21,False
2019-12-31,121,2011-01-14,2011-01-24,False
2019-12-31,122,2011-01-17,2011-01-25,False
2019-12-31,123,2011-01-18,2011-01-26,False
2019-12-31,124,2011-01-19,2011-01-27,False
2019-12-31,125,2011-01-20,2011-01-28,False
2019-12-31,126,2011-01-21,2011-01-31,False
2019-12-31,127,2011-01-24,2011-02-01,False
2019-12-31,128,2011-01-25,2011-02-09,False
2019-12-31,129,2011-01-26,2011-02-10,False
2019-12-31,130,2011-01-27,2011-02-11,False
2019-12-31,131,2011-01-28,2011-02-14,False
2019-12-31,132,2011-01-31,2011-02-15,False
2019-12-31,133,2011-02-01,2011-02-16,False
2019-12-31,134,2011-02-09,2011-02-17,False
2019-12-31,135,2011-02-10,2011-02-18,False
2019-12-31,136,2011-02-11,2011-02-21,False
2019-12-31,137,2011-02-14,2011-02-22,False
2019-12-31,138,2011-02-15,2011-02-23,False
2019-12-31,139,2011-02-16,2011-02-24,False
2019-12-31,140,2011-02-17,2011-02-25,False
2019-12-31,141,2011-02-18,2011-02-28,False
2019-12-31,142,2011-02-21,2011-03-01,False
2019-12-31,143,2011-02-22,2011-03-02,False
2019-12-31,144,2011-02-23,2011-03-03,False
2019-12-31,145,2011-02-24,2011-03-04,False
2019-12-31,146,2011-02-25,2011-03-07,False
2019-12-31,147,2011-02-28,2011-03-08,False
2019-12-31,148,2011-03-01,2011-03-09,False
2019-12-31,149,2011-03-02,2011-03-10,False
2019-12-31,150,2011-03-03,2011-03-11,False
2019-12-31,151,2011-03-04,2011-03-14,False
2019-12-31,152,2011-03-07,2011-03-15,False
2019-12-31,153,2011-03-08,2011-03-16,False
2019-12-31,154,2011-03-09,2011-03-17,False
2019-12-31,155,2011-03-10,2011-03-18,False
2019-12-31,156,2011-03-11,2011-03-21,False
2019-12-31,157,2011-03-14,2011-03-22,False
2019-12-31,158,2011-03-15,2011-03-23,False
2019-12-31,159,2011-03-16,2011-03-24,False
2019-12-31,160,2011-03-17,2011-03-25,False
2019-12-31,161,2011-03-18,2011-03-28,False
2019-12-31,162,2011-03-21,2011-03-29,False
2019-12-31,163,2011-03-22,2011-03-30,False
2019-12-31,164,2011-03-23,2011-03-31,False
2019-12-31,165,2011-03-24,2011-04-01,False
2019-12-31,166,2011-03-25,2011-04-06,False
2019-12-31,167,2011-03-28,2011-04-12,False
2019-12-31,168,2011-03-29,2011-04-13,False
2019-12-31,169,2011-03-30,2011-04-08,False
2019-12-31,170,2011-03-31,2011-04-11,False
2019-12-31,171,2011-04-01,2011-04-12,False
2019-12-31,172,2011-04-06,2011-04-14,False
2019-12-31,173,2011-04-07,2011-04-15,False
2019-12-31,174,2011-04-08,2011-04-18,False
2019-12-31,175,2011-04-11,2011-04-19,False
2019-12-31,176,2011-04-12,2011-04-20,False
2019-12-31,177,2011-04-13,2011-04-21,False
2019-12-31,178,2011-04-14,2011-04-22,False
2019-12-31,179,2011-04-15,2011-04-25,False
2019-12-31,180,2011-04-18,2011-04-26,False
2019-12-31,181,2011-04-19,2011-04-27,False
2019-12-31,182,2011-04-20,2011-04-28,False
2019-12-31,183,2011-04-21,2011-04-29,False
2019-12-31,184,2011-04-22,2011-05-03,False
2019-12-31,185,2011-04-25,2011-05-10,False
2019-12-31,186,2011-04-26,2011-05-04,False
2019-12-31,187,2011-04-27,2011-05-05,False
2019-12-31,188,2011-04-28,2011-05-06,False
2019-12-31,189,2011-04-29,2011-05-09,False
2019-12-31,190,2011-05-03,2011-05-11,False
2019-12-31,191,2011-05-04,2011-05-12,False
2019-12-31,192,2011-05-05,2011-05-13,False
2019-12-31,193,2011-05-06,2011-05-16,False
2019-12-31,194,2011-05-09,2011-05-17,False
2019-12-31,195,2011-05-10,2011-05-18,False
2019-12-31,196,2011-05-11,2011-05-19,False
2019-12-31,197,2011-05-12,2011-05-20,False
2019-12-31,198,2011-05-13,2011-05-23,False
2019-12-31,199,2011-05-16,2011-05-24,False
2019-12-31,200,2011-05-17,2011-05-25,False
2019-12-31,201,2011-05-18,2011-05-26,False
2019-12-31,202,2011-05-19,2011-05-27,False
2019-12-31,203,2011-05-20,2011-05-30,False
2019-12-31,204,2011-05-23,2011-05-31,False
2019-12-31,205,2011-05-24,2011-06-01,False
2019-12-31,206,2011-05-25,2011-06-02,False
2019-12-31,207,2011-05-26,2011-06-03,False
2019-12-31,208,2011-05-27,2011-06-07,False
2019-12-31,209,2011-05-30,2011-06-14,False
2019-12-31,210,2011-05-31,2011-06-08,False
2019-12-31,211,2011-06-01,2011-06-09,False
2019-12-31,212,2011-06-02,2011-06-10,False
2019-12-31,213,2011-06-03,2011-06-13,False
2019-12-31,214,2011-06-07,2011-06-15,False
2019-12-31,215,2011-06-08,2011-06-16,False
2019-12-31,216,2011-06-09,2011-06-17,False
2019-12-31,217,2011-06-10,2011-06-20,False
2019-12-31,218,2011-06-13,2011-06-21,False
2019-12-31,219,2011-06-14,2011-06-22,False
2019-12-31,220,2011-06-15,2011-06-23,False
2019-12-31,221,2011-06-16,2011-06-24,False
2019-12-31,222,2011-06-17,2011-06-27,False
2019-12-31,223,2011-06-20,2011-06-28,False
2019-12-31,224,2011-06-21,2011-06-29,False
2019-12-31,225,2011-06-22,2011-06-30,False
2019-12-31,226,2011-06-23,2011-07-01,False
2019-12-31,227,2011-06-24,2011-07-04,False
2019-12-31,228,2011-06-27,2011-07-05,False
2019-12-31,229,2011-06-28,2011-07-06,False
2019-12-31,230,2011-06-29,2011-07-07,False
2019-12-31,231,2011-06-30,2011-07-08,False
2019-12-31,232,2011-07-01,2011-07-11,False
2019-12-31,233,2011-07-04,2011-07-12,False
2019-12-31,234,2011-07-05,2011-07-13,False
2019-12-31,235,2011-07-06,2011-07-14,False
2019-12-31,236,2011-07-07,2011-07-15,False
2019-12-31,237,2011-07-08,2011-07-18,False
2019-12-31,238,2011-07-11,2011-07-19,False
2019-12-31,239,2011-07-12,2011-07-20,False
2019-12-31,240,2011-07-13,2011-07-21,False
2019-12-31,241,2011-07-14,2011-07-22,False
2019-12-31,242,2011-07-15,2011-07-25,False
2019-12-31,243,2011-07-18,2011-07-26,False
2019-12-31,244,2011-07-19,2011-07-27,False
2019-12-31,245,2011-07-20,2011-07-28,False
2019-12-31,246,2011-07-21,2011-07-29,False
2019-12-31,247,2011-07-22,2011-08-01,False
2019-12-31,248,2011-07-25,2011-08-02,False
2019-12-31,249,2011-07-26,2011-08-03,False
2019-12-31,250,2011-07-27,2011-08-04,False
2019-12-31,251,2011-07-28,2011-08-05,False
2019-12-31,252,2011-07-29,2011-08-08,False
2019-12-31,253,2011-08-01,2011-08-09,False
2019-12-31,254,2011-08-02,2011-08-10,False
2019-12-31,255,2011-08-03,2011-08-11,False
2019-12-31,256,2011-08-04,2011-08-12,False
2019-12-31,257,2011-08-05,2011-08-15,False
2019-12-31,258,2011-08-08,2011-08-16,False
2019-12-31,259,2011-08-09,2011-08-17,False
2019-12-31,260,2011-08-10,2011-08-18,False
2019-12-31,261,2011-08-11,2011-08-19,False
2019-12-31,262,2011-08-12,2011-08-22,False
2019-12-31,263,2011-08-15,2011-08-23,False
2019-12-31,264,2011-08-16,2011-08-24,False
2019-12-31,265,2011-08-17,2011-08-25,False
2019-12-31,266,2011-08-18,2011-08-26,False
2019-12-31,267,2011-08-19,2011-08-29,False
2019-12-31,268,2011-08-22,2011-08-30,False
2019-12-31,269,2011-08-23,2011-08-31,False
2019-12-31,270,2011-08-24,2011-09-01,False
2019-12-31,271,2011-08-25,2011-09-02,False
2019-12-31,272,2011-08-26,2011-09-05,False
2019-12-31,273,2011-08-29,2011-09-06,False
2019-12-31,274,2011-08-30,2011-09-07,False
2019-12-31,275,2011-08-31,2011-09-08,False
2019-12-31,276,2011-09-01,2011-09-09,False
2019-12-31,277,2011-09-02,2011-09-13,False
2019-12-31,278,2011-09-05,2011-09-20,False
2019-12-31,279,2011-09-06,2011-09-14,False
2019-12-31,280,2011-09-07,2011-09-15,False
2019-12-31,281,2011-09-08,2011-09-16,False
2019-12-31,282,2011-09-09,2011-09-19,False
2019-12-31,283,2011-09-13,2011-09-21,False
2019-12-31,284,2011-09-14,2011-09-22,False
2019-12-31,285,2011-09-15,2011-09-23,False
2019-12-31,286,2011-09-16,2011-09-26,False
2019-12-31,287,2011-09-19,2011-09-27,False
2019-12-31,288,2011-09-20,2011-09-28,False
2019-12-31,289,2011-09-21,2011-09-29,False
2019-12-31,290,2011-09-22,2011-09-30,False
2019-12-31,291,2011-09-23,2011-10-10,False
2019-12-31,292,2011-09-26,2011-10-11,False
2019-12-31,293,2011-09-27,2011-10-12,False
2019-12-31,294,2011-09-28,2011-10-13,False
2019-12-31,295,2011-09-29,2011-10-14,False
2019-12-31,296,2011-09-30,2011-10-17,False
2019-12-31,297,2011-10-10,2011-10-18,False
2019-12-31,298,2011-10-11,2011-10-19,False
2019-12-31,299,2011-10-12,2011-10-20,False
2019-12-31,300,2011-10-13,2011-10-21,False
2019-12-31,301,2011-10-14,2011-10-24,False
2019-12-31,302,2011-10-17,2011-10-25,False
2019-12-31,303,2011-10-18,2011-10-26,False
2019-12-31,304,2011-10-19,2011-10-27,False
2019-12-31,305,2011-10-20,2011-10-28,False
2019-12-31,306,2011-10-21,2011-10-31,False
2019-12-31,307,2011-10-24,2011-11-01,False
2019-12-31,308,2011-10-25,2011-11-02,False
2019-12-31,309,2011-10-26,2011-11-03,False
2019-12-31,310,2011-10-27,2011-11-04,False
2019-12-31,311,2011-10-28,2011-11-07,False
2019-12-31,312,2011-10-31,2011-11-08,False
2019-12-31,313,2011-11-01,2011-11-09,False
2019-12-31,314,2011-11-02,2011-11-10,False
2019-12-31,315,2011-11-03,2011-11-11,False
2019-12-31,316,2011-11-04,2011-11-14,False
2019-12-31,317,2011-11-07,2011-11-15,False
2019-12-31,318,2011-11-08,2011-11-16,False
2019-12-31,319,2011-11-09,2011-11-17,False
2019-12-31,320,2011-11-10,2011-11-18,False
2019-12-31,321,2011-11-11,2011-11-21,False
2019-12-31,322,2011-11-14,2011-11-22,False
2019-12-31,323,2011-11-15,2011-11-23,False
2019-12-31,324,2011-11-16,2011-11-24,False
2019-12-31,325,2011-11-17,2011-11-25,False
2019-12-31,326,2011-11-18,2011-11-28,False
2019-12-31,327,2011-11-21,2011-11-29,False
2019-12-31,328,2011-11-22,2011-11-30,False
2019-12-31,329,2011-11-23,2011-12-01,False
2019-12-31,330,2011-11-24,2011-12-02,False
2019-12-31,331,2011-11-25,2011-12-05,False
2019-12-31,332,2011-11-28,2011-12-06,False
2019-12-31,333,2011-11-29,2011-12-07,False
2019-12-31,334,2011-11-30,2011-12-08,False
2019-12-31,335,2011-12-01,2011-12-09,False
2019-12-31,336,2011-12-02,2011-12-12,False
2019-12-31,337,2011-12-05,2011-12-13,False
2019-12-31,338,2011-12-06,2011-12-14,False
2019-12-31,339,2011-12-07,2011-12-15,False
2019-12-31,340,2011-12-08,2011-12-16,False
2019-12-31,341,2011-12-09,2011-12-19,False
2019-12-31,342,2011-12-12,2011-12-20,False
2019-12-31,343,2011-12-13,2011-12-21,False
2019-12-31,344,2011-12-14,2011-12-22,False
2019-12-31,345,2011-12-15,2011-12-23,False
2019-12-31,346,2011-12-16,2011-12-26,False
2019-12-31,347,2011-12-19,2011-12-27,False
2019-12-31,348,2011-12-20,2011-12-28,False
2019-12-31,349,2011-12-21,2011-12-29,False
2019-12-31,350,2011-12-22,2011-12-30,False
2019-12-31,351,2011-12-23,2012-01-04,False
2019-12-31,352,2011-12-26,2012-01-10,False
2019-12-31,353,2011-12-27,2012-01-11,False
2019-12-31,354,2011-12-28,2012-01-06,False
2019-12-31,355,2011-12-29,2012-01-09,False
2019-12-31,356,2011-12-30,2012-01-10,False
2019-12-31,357,2012-01-04,2012-01-12,False
2019-12-31,358,2012-01-05,2012-01-13,False
2019-12-31,359,2012-01-06,2012-01-16,False
2019-12-31,360,2012-01-09,2012-01-17,False
2019-12-31,361,2012-01-10,2012-01-18,False
2019-12-31,362,2012-01-11,2012-01-19,False
2019-12-31,363,2012-01-12,2012-01-20,False
2019-12-31,364,2012-01-13,2012-01-30,False
2019-12-31,365,2012-01-16,2012-01-31,False
2019-12-31,366,2012-01-17,2012-02-01,False
2019-12-31,367,2012-01-18,2012-02-02,False
2019-12-31,368,2012-01-19,2012-02-03,False
2019-12-31,369,2012-01-20,2012-02-06,False
2019-12-31,370,2012-01-30,2012-02-07,False
2019-12-31,371,2012-01-31,2012-02-08,False
2019-12-31,372,2012-02-01,2012-02-09,False
2019-12-31,373,2012-02-02,2012-02-10,False
2019-12-31,374,2012-02-03,2012-02-13,False
2019-12-31,375,2012-02-06,2012-02-14,False
2019-12-31,376,2012-02-07,2012-02-15,False
2019-12-31,377,2012-02-08,2012-02-16,False
2019-12-31,378,2012-02-09,2012-02-17,False
2019-12-31,379,2012-02-10,2012-02-20,False
2019-12-31,380,2012-02-13,2012-02-21,False
2019-12-31,381,2012-02-14,2012-02-22,False
2019-12-31,382,2012-02-15,2012-02-23,False
2019-12-31,383,2012-02-16,2012-02-24,False
2019-12-31,384,2012-02-17,2012-02-27,False
2019-12-31,385,2012-02-20,2012-02-28,False
2019-12-31,386,2012-02-21,2012-02-29,False
2019-12-31,387,2012-02-22,2012-03-01,False
2019-12-31,388,2012-02-23,2012-03-02,False
2019-12-31,389,2012-02-24,2012-03-05,False
2019-12-31,390,2012-02-27,2012-03-06,False
2019-12-31,391,2012-02-28,2012-03-07,False
2019-12-31,392,2012-02-29,2012-03-08,False
2019-12-31,393,2012-03-01,2012-03-09,False
2019-12-31,394,2012-03-02,2012-03-12,False
2019-12-31,395,2012-03-05,2012-03-13,False
2019-12-31,396,2012-03-06,2012-03-14,False
2019-12-31,397,2012-03-07,2012-03-15,False
2019-12-31,398,2012-03-08,2012-03-16,False
2019-12-31,399,2012-03-09,2012-03-19,False
2019-12-31,400,2012-03-12,2012-03-20,False
2019-12-31,401,2012-03-13,2012-03-21,False
2019-12-31,402,2012-03-14,2012-03-22,False
2019-12-31,403,2012-03-15,2012-03-23,False
2019-12-31,404,2012-03-16,2012-03-26,False
2019-12-31,405,2012-03-19,2012-03-27,False
2019-12-31,406,2012-03-20,2012-03-28,False
2019-12-31,407,2012-03-21,2012-03-29,False
2019-12-31,408,2012-03-22,2012-03-30,False
2019-12-31,409,2012-03-23,2012-04-05,False
2019-12-31,410,2012-03-26,2012-04-10,False
2019-12-31,411,2012-03-27,2012-04-11,False
2019-12-31,412,2012-03-28,2012-04-12,False
2019-12-31,413,2012-03-29,2012-04-10,False
2019-12-31,414,2012-03-30,2012-04-11,False
2019-12-31,415,2012-04-05,2012-04-13,False
2019-12-31,416,2012-04-06,2012-04-16,False
2019-12-31,417,2012-04-09,2012-04-17,False
2019-12-31,418,2012-04-10,2012-04-18,False
2019-12-31,419,2012-04-11,2012-04-19,False
2019-12-31,420,2012-04-12,2012-04-20,False
2019-12-31,421,2012-04-13,2012-04-23,False
2019-12-31,422,2012-04-16,2012-04-24,False
2019-12-31,423,2012-04-17,2012-04-25,False
2019-12-31,424,2012-04-18,2012-04-26,False
2019-12-31,425,2012-04-19,2012-04-27,False
2019-12-31,426,2012-04-20,2012-05-02,False
2019-12-31,427,2012-04-23,2012-05-08,False
2019-12-31,428,2012-04-24,2012-05-09,False
2019-12-31,429,2012-04-25,2012-05-04,False
2019-12-31,430,2012-04-26,2012-05-07,False
2019-12-31,431,2012-04-27,2012-05-08,False
2019-12-31,432,2012-05-02,2012-05-10,False
2019-12-31,433,2012-05-03,2012-05-11,False
2019-12-31,434,2012-05-04,2012-05-14,False
2019-12-31,435,2012-05-07,2012-05-15,False
2019-12-31,436,2012-05-08,2012-05-16,False
2019-12-31,437,2012-05-09,2012-05-17,False
2019-12-31,438,2012-05-10,2012-05-18,False
2019-12-31,439,2012-05-11,2012-05-21,False
2019-12-31,440,2012-05-14,2012-05-22,False
2019-12-31,441,2012-05-15,2012-05-23,False
2019-12-31,442,2012-05-16,2012-05-24,False
2019-12-31,443,2012-05-17,2012-05-25,False
2019-12-31,444,2012-05-18,2012-05-28,False
2019-12-31,445,2012-05-21,2012-05-29,False
2019-12-31,446,2012-05-22,2012-05-30,False
2019-12-31,447,2012-05-23,2012-05-31,False
2019-12-31,448,2012-05-24,2012-06-01,False
2019-12-31,449,2012-05-25,2012-06-04,False
2019-12-31,450,2012-05-28,2012-06-05,False
2019-12-31,451,2012-05-29,2012-06-06,False
2019-12-31,452,2012-05-30,2012-06-07,False
2019-12-31,453,2012-05-31,2012-06-08,False
2019-12-31,454,2012-06-01,2012-06-11,False
2019-12-31,455,2012-06-04,2012-06-12,False
2019-12-31,456,2012-06-05,2012-06-13,False
2019-12-31,457,2012-06-06,2012-06-14,False
2019-12-31,458,2012-06-07,2012-06-15,False
2019-12-31,459,2012-06-08,2012-06-18,False
2019-12-31,460,2012-06-11,2012-06-19,False
2019-12-31,461,2012-06-12,2012-06-20,False
2019-12-31,462,2012-06-13,2012-06-21,False
2019-12-31,463,2012-06-14,2012-06-25,False
2019-12-31,464,2012-06-15,2012-07-02,False
2019-12-31,465,2012-06-18,2012-06-26,False
2019-12-31,466,2012-06-19,2012-06-27,False
2019-12-31,467,2012-06-20,2012-06-28,False
2019-12-31,468,2012-06-21,2012-06-29,False
2019-12-31,469,2012-06-25,2012-07-03,False
2019-12-31,470,2012-06-26,2012-07-04,False
2019-12-31,471,2012-06-27,2012-07-05,False
2019-12-31,472,2012-06-28,2012-07-06,False
2019-12-31,473,2012-06-29,2012-07-09,False
2019-12-31,474,2012-07-02,2012-07-10,False
2019-12-31,475,2012-07-03,2012-07-11,False
2019-12-31,476,2012-07-04,2012-07-12,False
2019-12-31,477,2012-07-05,2012-07-13,False
2019-12-31,478,2012-07-06,2012-07-16,False
2019-12-31,479,2012-07-09,2012-07-17,False
2019-12-31,480,2012-07-10,2012-07-18,False
2019-12-31,481,2012-07-11,2012-07-19,False
2019-12-31,482,2012-07-12,2012-07-20,False
2019-12-31,483,2012-07-13,2012-07-23,False
2019-12-31,484,2012-07-16,2012-07-24,False
2019-12-31,485,2012-07-17,2012-07-25,False
2019-12-31,486,2012-07-18,2012-07-26,False
2019-12-31,487,2012-07-19,2012-07-27,False
2019-12-31,488,2012-07-20,2012-07-30,False
2019-12-31,489,2012-07-23,2012-07-31,False
2019-12-31,490,2012-07-24,2012-08-01,False
2019-12-31,491,2012-07-25,2012-08-02,False
2019-12-31,492,2012-07-26,2012-08-03,False
2019-12-31,493,2012-07-27,2012-08-06,False
2019-12-31,494,2012-07-30,2012-08-07,False
2019-12-31,495,2012-07-31,2012-08-08,False
2019-12-31,496,2012-08-01,2012-08-09,False
2019-12-31,497,2012-08-02,2012-08-10,False
2019-12-31,498,2012-08-03,2012-08-13,False
2019-12-31,499,2012-08-06,2012-08-14,False
2019-12-31,500,2012-08-07,2012-08-15,False
2019-12-31,501,2012-08-08,2012-08-16,False
2019-12-31,502,2012-08-09,2012-08-17,False
2019-12-31,503,2012-08-10,2012-08-20,False
2019-12-31,504,2012-08-13,2012-08-21,False
2019-12-31,505,2012-08-14,2012-08-22,False
2019-12-31,506,2012-08-15,2012-08-23,False
2019-12-31,507,2012-08-16,2012-08-24,False
2019-12-31,508,2012-08-17,2012-08-27,False
2019-12-31,509,2012-08-20,2012-08-28,False
2019-12-31,510,2012-08-21,2012-08-29,False
2019-12-31,511,2012-08-22,2012-08-30,False
2019-12-31,512,2012-08-23,2012-08-31,False
2019-12-31,513,2012-08-24,2012-09-03,False
2019-12-31,514,2012-08-27,2012-09-04,False
2019-12-31,515,2012-08-28,2012-09-05,False
2019-12-31,516,2012-08-29,2012-09-06,False
2019-12-31,517,2012-08-30,2012-09-07,False
2019-12-31,518,2012-08-31,2012-09-10,False
2019-12-31,519,2012-09-03,2012-09-11,False
2019-12-31,520,2012-09-04,2012-09-12,False
2019-12-31,521,2012-09-05,2012-09-13,False
2019-12-31,522,2012-09-06,2012-09-14,False
2019-12-31,523,2012-09-07,2012-09-17,False
2019-12-31,524,2012-09-10,2012-09-18,False
2019-12-31,525,2012-09-11,2012-09-19,False
2019-12-31,526,2012-09-12,2012-09-20,False
2019-12-31,527,2012-09-13,2012-09-21,False
2019-12-31,528,2012-09-14,2012-09-24,False
2019-12-31,529,2012-09-17,2012-09-25,False
2019-12-31,530,2012-09-18,2012-09-26,False
2019-12-31,531,2012-09-19,2012-09-27,False
2019-12-31,532,2012-09-20,2012-09-28,False
2019-12-31,533,2012-09-21,2012-10-08,False
2019-12-31,534,2012-09-24,2012-10-09,False
2019-12-31,535,2012-09-25,2012-10-10,False
2019-12-31,536,2012-09-26,2012-10-11,False
2019-12-31,537,2012-09-27,2012-10-12,False
2019-12-31,538,2012-09-28,2012-10-15,False
2019-12-31,539,2012-10-08,2012-10-16,False
2019-12-31,540,2012-10-09,2012-10-17,False
2019-12-31,541,2012-10-10,2012-10-18,False
2019-12-31,542,2012-10-11,2012-10-19,False
2019-12-31,543,2012-10-12,2012-10-22,False
2019-12-31,544,2012-10-15,2012-10-23,False
2019-12-31,545,2012-10-16,2012-10-24,False
2019-12-31,546,2012-10-17,2012-10-25,False
2019-12-31,547,2012-10-18,2012-10-26,False
2019-12-31,548,2012-10-19,2012-10-29,False
2019-12-31,549,2012-10-22,2012-10-30,False
2019-12-31,550,2012-10-23,2012-10-31,False
2019-12-31,551,2012-10-24,2012-11-01,False
2019-12-31,552,2012-10-25,2012-11-02,False
2019-12-31,553,2012-10-26,2012-11-05,False
2019-12-31,554,2012-10-29,2012-11-06,False
2019-12-31,555,2012-10-30,2012-11-07,False
2019-12-31,556,2012-10-31,2012-11-08,False
2019-12-31,557,2012-11-01,2012-11-09,False
2019-12-31,558,2012-11-02,2012-11-12,False
2019-12-31,559,2012-11-05,2012-11-13,False
2019-12-31,560,2012-11-06,2012-11-14,False
2019-12-31,561,2012-11-07,2012-11-15,False
2019-12-31,562,2012-11-08,2012-11-16,False
2019-12-31,563,2012-11-09,2012-11-19,False
2019-12-31,564,2012-11-12,2012-11-20,False
2019-12-31,565,2012-11-13,2012-11-21,False
2019-12-31,566,2012-11-14,2012-11-22,False
2019-12-31,567,2012-11-15,2012-11-23,False
2019-12-31,568,2012-11-16,2012-11-26,False
2019-12-31,569,2012-11-19,2012-11-27,False
2019-12-31,570,2012-11-20,2012-11-28,False
2019-12-31,571,2012-11-21,2012-11-29,False
2019-12-31,572,2012-11-22,2012-11-30,False
2019-12-31,573,2012-11-23,2012-12-03,False
2019-12-31,574,2012-11-26,2012-12-04,False
2019-12-31,575,2012-11-27,2012-12-05,False
2019-12-31,576,2012-11-28,2012-12-06,False
2019-12-31,577,2012-11-29,2012-12-07,False
2019-12-31,578,2012-11-30,2012-12-10,False
2019-12-31,579,2012-12-03,2012-12-11,False
2019-12-31,580,2012-12-04,2012-12-12,False
2019-12-31,581,2012-12-05,2012-12-13,False
2019-12-31,582,2012-12-06,2012-12-14,False
2019-12-31,583,2012-12-07,2012-12-17,False
2019-12-31,584,2012-12-10,2012-12-18,False
2019-12-31,585,2012-12-11,2012-12-19,False
2019-12-31,586,2012-12-12,2012-12-20,False
2019-12-31,587,2012-12-13,2012-12-21,False
2019-12-31,588,2012-12-14,2012-12-24,False
2019-12-31,589,2012-12-17,2012-12-25,False
2019-12-31,590,2012-12-18,2012-12-26,False
2019-12-31,591,2012-12-19,2012-12-27,False
2019-12-31,592,2012-12-20,2012-12-28,False
2019-12-31,593,2012-12-21,2012-12-31,False
2019-12-31,594,2012-12-24,2013-01-04,False
2019-12-31,595,2012-12-25,2013-01-09,False
2019-12-31,596,2012-12-26,2013-01-10,False
2019-12-31,597,2012-12-27,2013-01-11,False
2019-12-31,598,2012-12-28,2013-01-09,False
2019-12-31,599,2012-12-31,2013-01-10,False
2019-12-31,600,2013-01-04,2013-01-14,False
2019-12-31,601,2013-01-07,2013-01-15,False
2019-12-31,602,2013-01-08,2013-01-16,False
2019-12-31,603,2013-01-09,2013-01-17,False
2019-12-31,604,2013-01-10,2013-01-18,False
2019-12-31,605,2013-01-11,2013-01-21,False
2019-12-31,606,2013-01-14,2013-01-22,False
2019-12-31,607,2013-01-15,2013-01-23,False
2019-12-31,608,2013-01-16,2013-01-24,False
2019-12-31,609,2013-01-17,2013-01-25,False
2019-12-31,610,2013-01-18,2013-01-28,False
2019-12-31,611,2013-01-21,2013-01-29,False
2019-12-31,612,2013-01-22,2013-01-30,False
2019-12-31,613,2013-01-23,2013-01-31,False
2019-12-31,614,2013-01-24,2013-02-01,False
2019-12-31,615,2013-01-25,2013-02-04,False
2019-12-31,616,2013-01-28,2013-02-05,False
2019-12-31,617,2013-01-29,2013-02-06,False
2019-12-31,618,2013-01-30,2013-02-07,False
2019-12-31,619,2013-01-31,2013-02-08,False
2019-12-31,620,2013-02-01,2013-02-18,False
2019-12-31,621,2013-02-04,2013-02-19,False
2019-12-31,622,2013-02-05,2013-02-20,False
2019-12-31,623,2013-02-06,2013-02-21,False
2019-12-31,624,2013-02-07,2013-02-22,False
2019-12-31,625,2013-02-08,2013-02-25,False
2019-12-31,626,2013-02-18,2013-02-26,False
2019-12-31,627,2013-02-19,2013-02-27,False
2019-12-31,628,2013-02-20,2013-02-28,False
2019-12-31,629,2013-02-21,2013-03-01,False
2019-12-31,630,2013-02-22,2013-03-04,False
2019-12-31,631,2013-02-25,2013-03-05,False
2019-12-31,632,2013-02-26,2013-03-06,False
2019-12-31,633,2013-02-27,2013-03-07,False
2019-12-31,634,2013-02-28,2013-03-08,False
2019-12-31,635,2013-03-01,2013-03-11,False
2019-12-31,636,2013-03-04,2013-03-12,False
2019-12-31,637,2013-03-05,2013-03-13,False
2019-12-31,638,2013-03-06,2013-03-14,False
2019-12-31,639,2013-03-07,2013-03-15,False
2019-12-31,640,2013-03-08,2013-03-18,False
2019-12-31,641,2013-03-11,2013-03-19,False
2019-12-31,642,2013-03-12,2013-03-20,False
2019-12-31,643,2013-03-13,2013-03-21,False
2019-12-31,644,2013-03-14,2013-03-22,False
2019-12-31,645,2013-03-15,2013-03-25,False
2019-12-31,646,2013-03-18,2013-03-26,False
2019-12-31,647,2013-03-19,2013-03-27,False
2019-12-31,648,2013-03-20,2013-03-28,False
2019-12-31,649,2013-03-21,2013-03-29,False
2019-12-31,650,2013-03-22,2013-04-01,False
2019-12-31,651,2013-03-25,2013-04-02,False
2019-12-31,652,2013-03-26,2013-04-03,False
2019-12-31,653,2013-03-27,2013-04-08,False
2019-12-31,654,2013-03-28,2013-04-12,False
2019-12-31,655,2013-03-29,2013-04-15,False
2019-12-31,656,2013-04-01,2013-04-10,False
2019-12-31,657,2013-04-02,2013-04-11,False
2019-12-31,658,2013-04-03,2013-04-12,False
2019-12-31,659,2013-04-08,2013-04-16,False
2019-12-31,660,2013-04-09,2013-04-17,False
2019-12-31,661,2013-04-10,2013-04-18,False
2019-12-31,662,2013-04-11,2013-04-19,False
2019-12-31,663,2013-04-12,2013-04-22,False
2019-12-31,664,2013-04-15,2013-04-23,False
2019-12-31,665,2013-04-16,2013-04-24,False
2019-12-31,666,2013-04-17,2013-04-25,False
2019-12-31,667,2013-04-18,2013-04-26,False
2019-12-31,668,2013-04-19,2013-05-02,False
2019-12-31,669,2013-04-22,2013-05-07,False
2019-12-31,670,2013-04-23,2013-05-08,False
2019-12-31,671,2013-04-24,2013-05-09,False
2019-12-31,672,2013-04-25,2013-05-07,False
2019-12-31,673,2013-04-26,2013-05-08,False
2019-12-31,674,2013-05-02,2013-05-10,False
2019-12-31,675,2013-05-03,2013-05-13,False
2019-12-31,676,2013-05-06,2013-05-14,False
2019-12-31,677,2013-05-07,2013-05-15,False
2019-12-31,678,2013-05-08,2013-05-16,False
2019-12-31,679,2013-05-09,2013-05-17,False
2019-12-31,680,2013-05-10,2013-05-20,False
2019-12-31,681,2013-05-13,2013-05-21,False
2019-12-31,682,2013-05-14,2013-05-22,False
2019-12-31,683,2013-05-15,2013-05-23,False
2019-12-31,684,2013-05-16,2013-05-24,False
2019-12-31,685,2013-05-17,2013-05-27,False
2019-12-31,686,2013-05-20,2013-05-28,False
2019-12-31,687,2013-05-21,2013-05-29,False
2019-12-31,688,2013-05-22,2013-05-30,False
2019-12-31,689,2013-05-23,2013-05-31,False
2019-12-31,690,2013-05-24,2013-06-03,False
2019-12-31,691,2013-05-27,2013-06-04,False
2019-12-31,692,2013-05-28,2013-06-05,False
2019-12-31,693,2013-05-29,2013-06-06,False
2019-12-31,694,2013-05-30,2013-06-07,False
2019-12-31,695,2013-05-31,2013-06-13,False
2019-12-31,696,2013-06-03,2013-06-18,False
2019-12-31,697,2013-06-04,2013-06-19,False
2019-12-31,698,2013-06-05,2013-06-20,False
2019-12-31,699,2013-06-06,2013-06-18,False
2019-12-31,700,2013-06-07,2013-06-19,False
2019-12-31,701,2013-06-13,2013-06-21,False
2019-12-31,702,2013-06-14,2013-06-24,False
2019-12-31,703,2013-06-17,2013-06-25,False
2019-12-31,704,2013-06-18,2013-06-26,False
2019-12-31,705,2013-06-19,2013-06-27,False
2019-12-31,706,2013-06-20,2013-06-28,False
2019-12-31,707,2013-06-21,2013-07-01,False
2019-12-31,708,2013-06-24,2013-07-02,False
2019-12-31,709,2013-06-25,2013-07-03,False
2019-12-31,710,2013-06-26,2013-07-04,False
2019-12-31,711,2013-06-27,2013-07-05,False
2019-12-31,712,2013-06-28,2013-07-08,False
2019-12-31,713,2013-07-01,2013-07-09,False
2019-12-31,714,2013-07-02,2013-07-10,False
2019-12-31,715,2013-07-03,2013-07-11,False
2019-12-31,716,2013-07-04,2013-07-12,False
2019-12-31,717,2013-07-05,2013-07-15,False
2019-12-31,718,2013-07-08,2013-07-16,False
2019-12-31,719,2013-07-09,2013-07-17,False
2019-12-31,720,2013-07-10,2013-07-18,False
2019-12-31,721,2013-07-11,2013-07-19,False
2019-12-31,722,2013-07-12,2013-07-22,False
2019-12-31,723,2013-07-15,2013-07-23,False
2019-12-31,724,2013-07-16,2013-07-24,False
2019-12-31,725,2013-07-17,2013-07-25,False
2019-12-31,726,2013-07-18,2013-07-26,False
2019-12-31,727,2013-07-19,2013-07-29,False
2019-12-31,728,2013-07-22,2013-07-30,False
2019-12-31,729,2013-07-23,2013-07-31,False
2019-12-31,730,2013-07-24,2013-08-01,False
2019-12-31,731,2013-07-25,2013-08-02,False
2019-12-31,732,2013-07-26,2013-08-05,False
2019-12-31,733,2013-07-29,2013-08-06,False
2019-12-31,734,2013-07-30,2013-08-07,False
2019-12-31,735,2013-07-31,2013-08-08,False
2019-12-31,736,2013-08-01,2013-08-09,False
2019-12-31,737,2013-08-02,2013-08-12,False
2019-12-31,738,2013-08-05,2013-08-13,False
2019-12-31,739,2013-08-06,2013-08-14,False
2019-12-31,740,2013-08-07,2013-08-15,False
2019-12-31,741,2013-08-08,2013-08-16,False
2019-12-31,742,2013-08-09,2013-08-19,False
2019-12-31,743,2013-08-12,2013-08-20,False
2019-12-31,744,2013-08-13,2013-08-21,False
2019-12-31,745,2013-08-14,2013-08-22,False
2019-12-31,746,2013-08-15,2013-08-23,False
2019-12-31,747,2013-08-16,2013-08-26,False
2019-12-31,748,2013-08-19,2013-08-27,False
2019-12-31,749,2013-08-20,2013-08-28,False
2019-12-31,750,2013-08-21,2013-08-29,False
2019-12-31,751,2013-08-22,2013-08-30,False
2019-12-31,752,2013-08-23,2013-09-02,False
2019-12-31,753,2013-08-26,2013-09-03,False
2019-12-31,754,2013-08-27,2013-09-04,False
2019-12-31,755,2013-08-28,2013-09-05,False
2019-12-31,756,2013-08-29,2013-09-06,False
2019-12-31,757,2013-08-30,2013-09-09,False
2019-12-31,758,2013-09-02,2013-09-10,False
2019-12-31,759,2013-09-03,2013-09-11,False
2019-12-31,760,2013-09-04,2013-09-12,False
2019-12-31,761,2013-09-05,2013-09-13,False
2019-12-31,762,2013-09-06,2013-09-16,False
2019-12-31,763,2013-09-09,2013-09-17,False
2019-12-31,764,2013-09-10,2013-09-18,False
2019-12-31,765,2013-09-11,2013-09-23,False
2019-12-31,766,2013-09-12,2013-09-27,False
2019-12-31,767,2013-09-13,2013-09-30,False
2019-12-31,768,2013-09-16,2013-09-25,False
2019-12-31,769,2013-09-17,2013-09-26,False
2019-12-31,770,2013-09-18,2013-09-27,False
2019-12-31,771,2013-09-23,2013-10-08,False
2019-12-31,772,2013-09-24,2013-10-09,False
2019-12-31,773,2013-09-25,2013-10-10,False
2019-12-31,774,2013-09-26,2013-10-11,False
2019-12-31,775,2013-09-27,2013-10-14,False
2019-12-31,776,2013-09-30,2013-10-15,False
2019-12-31,777,2013-10-08,2013-10-16,False
2019-12-31,778,2013-10-09,2013-10-17,False
2019-12-31,779,2013-10-10,2013-10-18,False
2019-12-31,780,2013-10-11,2013-10-21,False
2019-12-31,781,2013-10-14,2013-10-22,False
2019-12-31,782,2013-10-15,2013-10-23,False
2019-12-31,783,2013-10-16,2013-10-24,False
2019-12-31,784,2013-10-17,2013-10-25,False
2019-12-31,785,2013-10-18,2013-10-28,False
2019-12-31,786,2013-10-21,2013-10-29,False
2019-12-31,787,2013-10-22,2013-10-30,False
2019-12-31,788,2013-10-23,2013-10-31,False
2019-12-31,789,2013-10-24,2013-11-01,False
2019-12-31,790,2013-10-25,2013-11-04,False
2019-12-31,791,2013-10-28,2013-11-05,False
2019-12-31,792,2013-10-29,2013-11-06,False
2019-12-31,793,2013-10-30,2013-11-07,False
2019-12-31,794,2013-10-31,2013-11-08,False
2019-12-31,795,2013-11-01,2013-11-11,False
2019-12-31,796,2013-11-04,2013-11-12,False
2019-12-31,797,2013-11-05,2013-11-13,False
2019-12-31,798,2013-11-06,2013-11-14,False
2019-12-31,799,2013-11-07,2013-11-15,False
2019-12-31,800,2013-11-08,2013-11-18,False
2019-12-31,801,2013-11-11,2013-11-19,False
2019-12-31,802,2013-11-12,2013-11-20,False
2019-12-31,803,2013-11-13,2013-11-21,False
2019-12-31,804,2013-11-14,2013-11-22,False
2019-12-31,805,2013-11-15,2013-11-25,False
2019-12-31,806,2013-11-18,2013-11-26,False
2019-12-31,807,2013-11-19,2013-11-27,False
2019-12-31,808,2013-11-20,2013-11-28,False
2019-12-31,809,2013-11-21,2013-11-29,False
2019-12-31,810,2013-11-22,2013-12-02,False
2019-12-31,811,2013-11-25,2013-12-03,False
2019-12-31,812,2013-11-26,2013-12-04,False
2019-12-31,813,2013-11-27,2013-12-05,False
2019-12-31,814,2013-11-28,2013-12-06,False
2019-12-31,815,2013-11-29,2013-12-09,False
2019-12-31,816,2013-12-02,2013-12-10,False
2019-12-31,817,2013-12-03,2013-12-11,False
2019-12-31,818,2013-12-04,2013-12-12,False
2019-12-31,819,2013-12-05,2013-12-13,False
2019-12-31,820,2013-12-06,2013-12-16,False
2019-12-31,821,2013-12-09,2013-12-17,False
2019-12-31,822,2013-12-10,2013-12-18,False
2019-12-31,823,2013-12-11,2013-12-19,False
2019-12-31,824,2013-12-12,2013-12-20,False
2019-12-31,825,2013-12-13,2013-12-23,False
2019-12-31,826,2013-12-16,2013-12-24,False
2019-12-31,827,2013-12-17,2013-12-25,False
2019-12-31,828,2013-12-18,2013-12-26,False
2019-12-31,829,2013-12-19,2013-12-27,False
2019-12-31,830,2013-12-20,2013-12-30,False
2019-12-31,831,2013-12-23,2013-12-31,False
2019-12-31,832,2013-12-24,2014-01-02,False
2019-12-31,833,2013-12-25,2014-01-09,False
2019-12-31,834,2013-12-26,2014-01-03,False
2019-12-31,835,2013-12-27,2014-01-06,False
2019-12-31,836,2013-12-30,2014-01-07,False
2019-12-31,837,2013-12-31,2014-01-08,False
2019-12-31,838,2014-01-02,2014-01-10,False
2019-12-31,839,2014-01-03,2014-01-13,False
2019-12-31,840,2014-01-06,2014-01-14,False
2019-12-31,841,2014-01-07,2014-01-15,False
2019-12-31,842,2014-01-08,2014-01-16,False
2019-12-31,843,2014-01-09,2014-01-17,False
2019-12-31,844,2014-01-10,2014-01-20,False
2019-12-31,845,2014-01-13,2014-01-21,False
2019-12-31,846,2014-01-14,2014-01-22,False
2019-12-31,847,2014-01-15,2014-01-23,False
2019-12-31,848,2014-01-16,2014-01-24,False
2019-12-31,849,2014-01-17,2014-01-27,False
2019-12-31,850,2014-01-20,2014-01-28,False
2019-12-31,851,2014-01-21,2014-01-29,False
2019-12-31,852,2014-01-22,2014-01-30,False
2019-12-31,853,2014-01-23,2014-02-07,False
2019-12-31,854,2014-01-24,2014-02-10,False
2019-12-31,855,2014-01-27,2014-02-11,False
2019-12-31,856,2014-01-28,2014-02-12,False
2019-12-31,857,2014-01-29,2014-02-13,False
2019-12-31,858,2014-01-30,2014-02-14,False
2019-12-31,859,2014-02-07,2014-02-17,False
2019-12-31,860,2014-02-10,2014-02-18,False
2019-12-31,861,2014-02-11,2014-02-19,False
2019-12-31,862,2014-02-12,2014-02-20,False
2019-12-31,863,2014-02-13,2014-02-21,False
2019-12-31,864,2014-02-14,2014-02-24,False
2019-12-31,865,2014-02-17,2014-02-25,False
2019-12-31,866,2014-02-18,2014-02-26,False
2019-12-31,867,2014-02-19,2014-02-27,False
2019-12-31,868,2014-02-20,2014-02-28,False
2019-12-31,869,2014-02-21,2014-03-03,False
2019-12-31,870,2014-02-24,2014-03-04,False
2019-12-31,871,2014-02-25,2014-03-05,False
2019-12-31,872,2014-02-26,2014-03-06,False
2019-12-31,873,2014-02-27,2014-03-07,False
2019-12-31,874,2014-02-28,2014-03-10,False
2019-12-31,875,2014-03-03,2014-03-11,False
2019-12-31,876,2014-03-04,2014-03-12,False
2019-12-31,877,2014-03-05,2014-03-13,False
2019-12-31,878,2014-03-06,2014-03-14,False
2019-12-31,879,2014-03-07,2014-03-17,False
2019-12-31,880,2014-03-10,2014-03-18,False
2019-12-31,881,2014-03-11,2014-03-19,False
2019-12-31,882,2014-03-12,2014-03-20,False
2019-12-31,883,2014-03-13,2014-03-21,False
2019-12-31,884,2014-03-14,2014-03-24,False
2019-12-31,885,2014-03-17,2014-03-25,False
2019-12-31,886,2014-03-18,2014-03-26,False
2019-12-31,887,2014-03-19,2014-03-27,False
2019-12-31,888,2014-03-20,2014-03-28,False
2019-12-31,889,2014-03-21,2014-03-31,False
2019-12-31,890,2014-03-24,2014-04-01,False
2019-12-31,891,2014-03-25,2014-04-02,False
2019-12-31,892,2014-03-26,2014-04-03,False
2019-12-31,893,2014-03-27,2014-04-04,False
2019-12-31,894,2014-03-28,2014-04-08,False
2019-12-31,895,2014-03-31,2014-04-15,False
2019-12-31,896,2014-04-01,2014-04-09,False
2019-12-31,897,2014-04-02,2014-04-10,False
2019-12-31,898,2014-04-03,2014-04-11,False
2019-12-31,899,2014-04-04,2014-04-14,False
2019-12-31,900,2014-04-08,2014-04-16,False
2019-12-31,901,2014-04-09,2014-04-17,False
2019-12-31,902,2014-04-10,2014-04-18,False
2019-12-31,903,2014-04-11,2014-04-21,False
2019-12-31,904,2014-04-14,2014-04-22,False
2019-12-31,905,2014-04-15,2014-04-23,False
2019-12-31,906,2014-04-16,2014-04-24,False
2019-12-31,907,2014-04-17,2014-04-25,False
2019-12-31,908,2014-04-18,2014-04-28,False
2019-12-31,909,2014-04-21,2014-04-29,False
2019-12-31,910,2014-04-22,2014-04-30,False
2019-12-31,911,2014-04-23,2014-05-05,False
2019-12-31,912,2014-04-24,2014-05-09,False
2019-12-31,913,2014-04-25,2014-05-12,False
2019-12-31,914,2014-04-28,2014-05-07,False
2019-12-31,915,2014-04-29,2014-05-08,False
2019-12-31,916,2014-04-30,2014-05-09,False
2019-12-31,917,2014-05-05,2014-05-13,False
2019-12-31,918,2014-05-06,2014-05-14,False
2019-12-31,919,2014-05-07,2014-05-15,False
2019-12-31,920,2014-05-08,2014-05-16,False
2019-12-31,921,2014-05-09,2014-05-19,False
2019-12-31,922,2014-05-12,2014-05-20,False
2019-12-31,923,2014-05-13,2014-05-21,False
2019-12-31,924,2014-05-14,2014-05-22,False
2019-12-31,925,2014-05-15,2014-05-23,False
2019-12-31,926,2014-05-16,2014-05-26,False
2019-12-31,927,2014-05-19,2014-05-27,False
2019-12-31,928,2014-05-20,2014-05-28,False
2019-12-31,929,2014-05-21,2014-05-29,False
2019-12-31,930,2014-05-22,2014-05-30,False
2019-12-31,931,2014-05-23,2014-06-03,False
2019-12-31,932,2014-05-26,2014-06-10,False
2019-12-31,933,2014-05-27,2014-06-04,False
2019-12-31,934,2014-05-28,2014-06-05,False
2019-12-31,935,2014-05-29,2014-06-06,False
2019-12-31,936,2014-05-30,2014-06-09,False
2019-12-31,937,2014-06-03,2014-06-11,False
2019-12-31,938,2014-06-04,2014-06-12,False
2019-12-31,939,2014-06-05,2014-06-13,False
2019-12-31,940,2014-06-06,2014-06-16,False
2019-12-31,941,2014-06-09,2014-06-17,False
2019-12-31,942,2014-06-10,2014-06-18,False
2019-12-31,943,2014-06-11,2014-06-19,False
2019-12-31,944,2014-06-12,2014-06-20,False
2019-12-31,945,2014-06-13,2014-06-23,False
2019-12-31,946,2014-06-16,2014-06-24,False
2019-12-31,947,2014-06-17,2014-06-25,False
2019-12-31,948,2014-06-18,2014-06-26,False
2019-12-31,949,2014-06-19,2014-06-27,False
2019-12-31,950,2014-06-20,2014-06-30,False
2019-12-31,951,2014-06-23,2014-07-01,False
2019-12-31,952,2014-06-24,2014-07-02,False
2019-12-31,953,2014-06-25,2014-07-03,False
2019-12-31,954,2014-06-26,2014-07-04,False
2019-12-31,955,2014-06-27,2014-07-07,False
2019-12-31,956,2014-06-30,2014-07-08,False
2019-12-31,957,2014-07-01,2014-07-09,False
2019-12-31,958,2014-07-02,2014-07-10,False
2019-12-31,959,2014-07-03,2014-07-11,False
2019-12-31,960,2014-07-04,2014-07-14,False
2019-12-31,961,2014-07-07,2014-07-15,False
2019-12-31,962,2014-07-08,2014-07-16,False
2019-12-31,963,2014-07-09,2014-07-17,False
2019-12-31,964,2014-07-10,2014-07-18,False
2019-12-31,965,2014-07-11,2014-07-21,False
2019-12-31,966,2014-07-14,2014-07-22,False
2019-12-31,967,2014-07-15,2014-07-23,False
2019-12-31,968,2014-07-16,2014-07-24,False
2019-12-31,969,2014-07-17,2014-07-25,False
2019-12-31,970,2014-07-18,2014-07-28,False
2019-12-31,971,2014-07-21,2014-07-29,False
2019-12-31,972,2014-07-22,2014-07-30,False
2019-12-31,973,2014-07-23,2014-07-31,False
2019-12-31,974,2014-07-24,2014-08-01,False
2019-12-31,975,2014-07-25,2014-08-04,False
2019-12-31,976,2014-07-28,2014-08-05,False
2019-12-31,977,2014-07-29,2014-08-06,False
2019-12-31,978,2014-07-30,2014-08-07,False
2019-12-31,979,2014-07-31,2014-08-08,False
2019-12-31,980,2014-08-01,2014-08-11,False
2019-12-31,981,2014-08-04,2014-08-12,False
2019-12-31,982,2014-08-05,2014-08-13,False
2019-12-31,983,2014-08-06,2014-08-14,False
2019-12-31,984,2014-08-07,2014-08-15,False
2019-12-31,985,2014-08-08,2014-08-18,False
2019-12-31,986,2014-08-11,2014-08-19,False
2019-12-31,987,2014-08-12,2014-08-20,False
2019-12-31,988,2014-08-13,2014-08-21,False
2019-12-31,989,2014-08-14,2014-08-22,False
2019-12-31,990,2014-08-15,2014-08-25,False
2019-12-31,991,2014-08-18,2014-08-26,False
2019-12-31,992,2014-08-19,2014-08-27,False
2019-12-31,993,2014-08-20,2014-08-28,False
2019-12-31,994,2014-08-21,2014-08-29,False
2019-12-31,995,2014-08-22,2014-09-01,False
2019-12-31,996,2014-08-25,2014-09-02,False
2019-12-31,997,2014-08-26,2014-09-03,False
2019-12-31,998,2014-08-27,2014-09-04,False
2019-12-31,999,2014-08-28,2014-09-05,False
2019-12-31,1000,2014-08-29,2014-09-09,False
2019-12-31,1001,2014-09-01,2014-09-16,False
2019-12-31,1002,2014-09-02,2014-09-10,False
2019-12-31,1003,2014-09-03,2014-09-11,False
2019-12-31,1004,2014-09-04,2014-09-12,False
2019-12-31,1005,2014-09-05,2014-09-15,False
2019-12-31,1006,2014-09-09,2014-09-17,False
2019-12-31,1007,2014-09-10,2014-09-18,False
2019-12-31,1008,2014-09-11,2014-09-19,False
2019-12-31,1009,2014-09-12,2014-09-22,False
2019-12-31,1010,2014-09-15,2014-09-23,False
2019-12-31,1011,2014-09-16,2014-09-24,False
2019-12-31,1012,2014-09-17,2014-09-25,False
2019-12-31,1013,2014-09-18,2014-09-26,False
2019-12-31,1014,2014-09-19,2014-09-29,False
2019-12-31,1015,2014-09-22,2014-09-30,False
2019-12-31,1016,2014-09-23,2014-10-08,False
2019-12-31,1017,2014-09-24,2014-10-09,False
2019-12-31,1018,2014-09-25,2014-10-10,False
2019-12-31,1019,2014-09-26,2014-10-13,False
2019-12-31,1020,2014-09-29,2014-10-14,False
2019-12-31,1021,2014-09-30,2014-10-15,False
2019-12-31,1022,2014-10-08,2014-10-16,False
2019-12-31,1023,2014-10-09,2014-10-17,False
2019-12-31,1024,2014-10-10,2014-10-20,False
2019-12-31,1025,2014-10-13,2014-10-21,False
2019-12-31,1026,2014-10-14,2014-10-22,False
2019-12-31,1027,2014-10-15,2014-10-23,False
2019-12-31,1028,2014-10-16,2014-10-24,False
2019-12-31,1029,2014-10-17,2014-10-27,False
2019-12-31,1030,2014-10-20,2014-10-28,False
2019-12-31,1031,2014-10-21,2014-10-29,False
2019-12-31,1032,2014-10-22,2014-10-30,False
2019-12-31,1033,2014-10-23,2014-10-31,False
2019-12-31,1034,2014-10-24,2014-11-03,False
2019-12-31,1035,2014-10-27,2014-11-04,False
2019-12-31,1036,2014-10-28,2014-11-05,False
2019-12-31,1037,2014-10-29,2014-11-06,False
2019-12-31,1038,2014-10-30,2014-11-07,False
2019-12-31,1039,2014-10-31,2014-11-10,False
2019-12-31,1040,2014-11-03,2014-11-11,False
2019-12-31,1041,2014-11-04,2014-11-12,False
2019-12-31,1042,2014-11-05,2014-11-13,False
2019-12-31,1043,2014-11-06,2014-11-14,False
2019-12-31,1044,2014-11-07,2014-11-17,False
2019-12-31,1045,2014-11-10,2014-11-18,False
2019-12-31,1046,2014-11-11,2014-11-19,False
2019-12-31,1047,2014-11-12,2014-11-20,False
2019-12-31,1048,2014-11-13,2014-11-21,False
2019-12-31,1049,2014-11-14,2014-11-24,False
2019-12-31,1050,2014-11-17,2014-11-25,False
2019-12-31,1051,2014-11-18,2014-11-26,False
2019-12-31,1052,2014-11-19,2014-11-27,False
2019-12-31,1053,2014-11-20,2014-11-28,False
2019-12-31,1054,2014-11-21,2014-12-01,False
2019-12-31,1055,2014-11-24,2014-12-02,False
2019-12-31,1056,2014-11-25,2014-12-03,False
2019-12-31,1057,2014-11-26,2014-12-04,False
2019-12-31,1058,2014-11-27,2014-12-05,False
2019-12-31,1059,2014-11-28,2014-12-08,False
2019-12-31,1060,2014-12-01,2014-12-09,False
2019-12-31,1061,2014-12-02,2014-12-10,False
2019-12-31,1062,2014-12-03,2014-12-11,False
2019-12-31,1063,2014-12-04,2014-12-12,False
2019-12-31,1064,2014-12-05,2014-12-15,False
2019-12-31,1065,2014-12-08,2014-12-16,False
2019-12-31,1066,2014-12-09,2014-12-17,False
2019-12-31,1067,2014-12-10,2014-12-18,False
2019-12-31,1068,2014-12-11,2014-12-19,False
2019-12-31,1069,2014-12-12,2014-12-22,False
2019-12-31,1070,2014-12-15,2014-12-23,False
2019-12-31,1071,2014-12-16,2014-12-24,False
2019-12-31,1072,2014-12-17,2014-12-25,False
2019-12-31,1073,2014-12-18,2014-12-26,False
2019-12-31,1074,2014-12-19,2014-12-29,False
2019-12-31,1075,2014-12-22,2014-12-30,False
2019-12-31,1076,2014-12-23,2014-12-31,False
2019-12-31,1077,2014-12-24,2015-01-05,False
2019-12-31,1078,2014-12-25,2015-01-09,False
2019-12-31,1079,2014-12-26,2015-01-12,False
2019-12-31,1080,2014-12-29,2015-01-07,False
2019-12-31,1081,2014-12-30,2015-01-08,False
2019-12-31,1082,2014-12-31,2015-01-09,False
2019-12-31,1083,2015-01-05,2015-01-13,False
2019-12-31,1084,2015-01-06,2015-01-14,False
2019-12-31,1085,2015-01-07,2015-01-15,False
2019-12-31,1086,2015-01-08,2015-01-16,False
2019-12-31,1087,2015-01-09,2015-01-19,False
2019-12-31,1088,2015-01-12,2015-01-20,False
2019-12-31,1089,2015-01-13,2015-01-21,False
2019-12-31,1090,2015-01-14,2015-01-22,False
2019-12-31,1091,2015-01-15,2015-01-23,False
2019-12-31,1092,2015-01-16,2015-01-26,False
2019-12-31,1093,2015-01-19,2015-01-27,False
2019-12-31,1094,2015-01-20,2015-01-28,False
2019-12-31,1095,2015-01-21,2015-01-29,False
2019-12-31,1096,2015-01-22,2015-01-30,False
2019-12-31,1097,2015-01-23,2015-02-02,False
2019-12-31,1098,2015-01-26,2015-02-03,False
2019-12-31,1099,2015-01-27,2015-02-04,False
2019-12-31,1100,2015-01-28,2015-02-05,False
2019-12-31,1101,2015-01-29,2015-02-06,False
2019-12-31,1102,2015-01-30,2015-02-09,False
2019-12-31,1103,2015-02-02,2015-02-10,False
2019-12-31,1104,2015-02-03,2015-02-11,False
2019-12-31,1105,2015-02-04,2015-02-12,False
2019-12-31,1106,2015-02-05,2015-02-13,False
2019-12-31,1107,2015-02-06,2015-02-16,False
2019-12-31,1108,2015-02-09,2015-02-17,False
2019-12-31,1109,2015-02-10,2015-02-25,False
2019-12-31,1110,2015-02-11,2015-02-26,False
2019-12-31,1111,2015-02-12,2015-02-27,False
2019-12-31,1112,2015-02-13,2015-03-02,False
2019-12-31,1113,2015-02-16,2015-03-03,False
2019-12-31,1114,2015-02-17,2015-03-04,False
2019-12-31,1115,2015-02-25,2015-03-05,False
2019-12-31,1116,2015-02-26,2015-03-06,False
2019-12-31,1117,2015-02-27,2015-03-09,False
2019-12-31,1118,2015-03-02,2015-03-10,False
2019-12-31,1119,2015-03-03,2015-03-11,False
2019-12-31,1120,2015-03-04,2015-03-12,False
2019-12-31,1121,2015-03-05,2015-03-13,False
2019-12-31,1122,2015-03-06,2015-03-16,False
2019-12-31,1123,2015-03-09,2015-03-17,False
2019-12-31,1124,2015-03-10,2015-03-18,False
2019-12-31,1125,2015-03-11,2015-03-19,False
2019-12-31,1126,2015-03-12,2015-03-20,False
2019-12-31,1127,2015-03-13,2015-03-23,False
2019-12-31,1128,2015-03-16,2015-03-24,False
2019-12-31,1129,2015-03-17,2015-03-25,False
2019-12-31,1130,2015-03-18,2015-03-26,False
2019-12-31,1131,2015-09-25,2015-10-12,False
2019-12-31,1132,2015-09-28,2015-10-13,False
2019-12-31,1133,2015-09-29,2015-10-14,False
2019-12-31,1134,2015-09-30,2015-10-15,False
2019-12-31,1135,2015-10-08,2015-10-16,False
2019-12-31,1136,2015-10-09,2015-10-19,False
2019-12-31,1137,2015-10-12,2015-10-20,False
2019-12-31,1138,2015-10-13,2015-10-21,False
2019-12-31,1139,2015-10-14,2015-10-22,False
2019-12-31,1140,2015-10-15,2015-10-23,False
2019-12-31,1141,2015-10-16,2015-10-26,False
2019-12-31,1142,2015-10-19,2015-10-27,False
2019-12-31,1143,2015-10-20,2015-10-28,False
2019-12-31,1144,2015-10-21,2015-10-29,False
2019-12-31,1145,2015-10-22,2015-10-30,False
2019-12-31,1146,2015-10-23,2015-11-02,False
2019-12-31,1147,2015-10-26,2015-11-03,False
2019-12-31,1148,2015-10-27,2015-11-04,False
2019-12-31,1149,2015-10-28,2015-11-05,False
2019-12-31,1150,2015-10-29,2015-11-06,False
2019-12-31,1151,2015-10-30,2015-11-09,False
2019-12-31,1152,2015-11-02,2015-11-10,False
2019-12-31,1153,2015-11-03,2015-11-11,False
2019-12-31,1154,2015-11-04,2015-11-12,False
2019-12-31,1155,2015-11-05,2015-11-13,False
2019-12-31,1156,2015-11-06,2015-11-16,False
2019-12-31,1157,2015-11-09,2015-11-17,False
2019-12-31,1158,2015-11-10,2015-11-18,False
2019-12-31,1159,2015-11-11,2015-11-19,False
2019-12-31,1160,2015-11-12,2015-11-20,False
2019-12-31,1161,2015-11-13,2015-11-23,False
2019-12-31,1162,2015-11-16,2015-11-24,False
2019-12-31,1163,2015-11-17,2015-11-25,False
2019-12-31,1164,2015-11-18,2015-11-26,False
2019-12-31,1165,2015-11-19,2015-11-27,False
2019-12-31,1166,2015-11-20,2015-11-30,False
2019-12-31,1167,2015-11-23,2015-12-01,False
2019-12-31,1168,2015-11-24,2015-12-02,False
2019-12-31,1169,2015-11-25,2015-12-03,False
2019-12-31,1170,2015-11-26,2015-12-04,False
2019-12-31,1171,2015-11-27,2015-12-07,False
2019-12-31,1172,2015-11-30,2015-12-08,False
2019-12-31,1173,2015-12-01,2015-12-09,False
2019-12-31,1174,2015-12-02,2015-12-10,False
2019-12-31,1175,2015-12-03,2015-12-11,False
2019-12-31,1176,2015-12-04,2015-12-14,False
2019-12-31,1177,2015-12-07,2015-12-15,False
2019-12-31,1178,2015-12-08,2015-12-16,False
2019-12-31,1179,2015-12-09,2015-12-17,False
2019-12-31,1180,2015-12-10,2015-12-18,False
2019-12-31,1181,2015-12-11,2015-12-21,False
2019-12-31,1182,2015-12-14,2015-12-22,False
2019-12-31,1183,2015-12-15,2015-12-23,False
2019-12-31,1184,2015-12-16,2015-12-24,False
2019-12-31,1185,2015-12-17,2015-12-25,False
2019-12-31,1186,2015-12-18,2015-12-28,False
2019-12-31,1187,2015-12-21,2015-12-29,False
2019-12-31,1188,2015-12-22,2015-12-30,False
2019-12-31,1189,2015-12-23,2015-12-31,False
2019-12-31,1190,2015-12-24,2016-01-04,False
2019-12-31,1191,2015-12-25,2016-01-11,False
2019-12-31,1192,2015-12-28,2016-01-05,False
2019-12-31,1193,2015-12-29,2016-01-06,False
2019-12-31,1194,2015-12-30,2016-01-07,False
2019-12-31,1195,2015-12-31,2016-01-08,False
2019-12-31,1196,2016-01-04,2016-01-12,False
2019-12-31,1197,2016-01-05,2016-01-13,False
2019-12-31,1198,2016-01-06,2016-01-14,False
2019-12-31,1199,2016-01-07,2016-01-15,False
2019-12-31,1200,2016-01-08,2016-01-18,False
2019-12-31,1201,2016-01-11,2016-01-19,False
2019-12-31,1202,2016-01-12,2016-01-20,False
2019-12-31,1203,2016-01-13,2016-01-21,False
2019-12-31,1204,2016-01-14,2016-01-22,False
2019-12-31,1205,2016-01-15,2016-01-25,False
2019-12-31,1206,2016-01-18,2016-01-26,False
2019-12-31,1207,2016-01-19,2016-01-27,False
2019-12-31,1208,2016-01-20,2016-01-28,False
2019-12-31,1209,2016-01-21,2016-01-29,False
2019-12-31,1210,2016-01-22,2016-02-01,False
2019-12-31,1211,2016-01-25,2016-02-02,False
2019-12-31,1212,2016-01-26,2016-02-03,False
2019-12-31,1213,2016-01-27,2016-02-04,False
2019-12-31,1214,2016-01-28,2016-02-05,False
2019-12-31,1215,2016-01-29,2016-02-15,False
2019-12-31,1216,2016-02-01,2016-02-16,False
2019-12-31,1217,2016-02-02,2016-02-17,False
2019-12-31,1218,2016-02-03,2016-02-18,False
2019-12-31,1219,2016-02-04,2016-02-19,False
2019-12-31,1220,2016-02-05,2016-02-22,False
2019-12-31,1221,2016-02-15,2016-02-23,False
2019-12-31,1222,2016-02-16,2016-02-24,False
2019-12-31,1223,2016-02-17,2016-02-25,False
2019-12-31,1224,2016-02-18,2016-02-26,False
2019-12-31,1225,2016-02-19,2016-02-29,False
2019-12-31,1226,2016-02-22,2016-03-01,False
2019-12-31,1227,2016-02-23,2016-03-02,False
2019-12-31,1228,2016-02-24,2016-03-03,False
2019-12-31,1229,2016-02-25,2016-03-04,False
2019-12-31,1230,2016-02-26,2016-03-07,False
2019-12-31,1231,2016-02-29,2016-03-08,False
2019-12-31,1232,2016-03-01,2016-03-09,False
2019-12-31,1233,2016-03-02,2016-03-10,False
2019-12-31,1234,2016-03-03,2016-03-11,False
2019-12-31,1235,2016-03-04,2016-03-14,False
2019-12-31,1236,2016-03-07,2016-03-15,False
2019-12-31,1237,2016-03-08,2016-03-16,False
2019-12-31,1238,2016-03-09,2016-03-17,False
2019-12-31,1239,2016-03-10,2016-03-18,False
2019-12-31,1240,2016-03-11,2016-03-21,False
2019-12-31,1241,2016-03-14,2016-03-22,False
2019-12-31,1242,2016-03-15,2016-03-23,False
2019-12-31,1243,2016-03-16,2016-03-24,False
2019-12-31,1244,2016-03-17,2016-03-25,False
2019-12-31,1245,2016-03-18,2016-03-28,False
2019-12-31,1246,2016-03-21,2016-03-29,False
2019-12-31,1247,2016-03-22,2016-03-30,False
2019-12-31,1248,2016-03-23,2016-03-31,False
2019-12-31,1249,2016-03-24,2016-04-01,False
2019-12-31,1250,2016-03-25,2016-04-05,False
2019-12-31,1251,2016-03-28,2016-04-12,False
2019-12-31,1252,2016-03-29,2016-04-06,False
2019-12-31,1253,2016-03-30,2016-04-07,False
2019-12-31,1254,2016-03-31,2016-04-08,False
2019-12-31,1255,2016-04-01,2016-04-11,False
2019-12-31,1256,2016-04-05,2016-04-13,False
2019-12-31,1257,2016-04-06,2016-04-14,False
2019-12-31,1258,2016-04-07,2016-04-15,False
2019-12-31,1259,2016-04-08,2016-04-18,False
2019-12-31,1260,2016-04-11,2016-04-19,False
2019-12-31,1261,2016-04-12,2016-04-20,False
2019-12-31,1262,2016-04-13,2016-04-21,False
2019-12-31,1263,2016-04-14,2016-04-22,False
2019-12-31,1264,2016-04-15,2016-04-25,False
2019-12-31,1265,2016-04-18,2016-04-26,False
2019-12-31,1266,2016-04-19,2016-04-27,False
2019-12-31,1267,2016-04-20,2016-04-28,False
2019-12-31,1268,2016-04-21,2016-04-29,False
2019-12-31,1269,2016-04-22,2016-05-03,False
2019-12-31,1270,2016-04-25,2016-05-10,False
2019-12-31,1271,2016-04-26,2016-05-04,False
2019-12-31,1272,2016-04-27,2016-05-05,False
2019-12-31,1273,2016-04-28,2016-05-06,False
2019-12-31,1274,2016-04-29,2016-05-09,False
2019-12-31,1275,2016-05-03,2016-05-11,False
2019-12-31,1276,2016-05-04,2016-05-12,False
2019-12-31,1277,2016-05-05,2016-05-13,False
2019-12-31,1278,2016-05-06,2016-05-16,False
2019-12-31,1279,2016-05-09,2016-05-17,False
2019-12-31,1280,2016-05-10,2016-05-18,False
2019-12-31,1281,2016-05-11,2016-05-19,False
2019-12-31,1282,2016-05-12,2016-05-20,False
2019-12-31,1283,2016-05-13,2016-05-23,False
2019-12-31,1284,2016-05-16,2016-05-24,False
2019-12-31,1285,2016-05-17,2016-05-25,False
2019-12-31,1286,2016-05-18,2016-05-26,False
2019-12-31,1287,2016-05-19,2016-05-27,False
2019-12-31,1288,2016-05-20,2016-05-30,False
2019-12-31,1289,2016-05-23,2016-05-31,False
2019-12-31,1290,2016-05-24,2016-06-01,False
2019-12-31,1291,2016-05-25,2016-06-02,False
2019-12-31,1292,2016-05-26,2016-06-03,False
2019-12-31,1293,2016-05-27,2016-06-06,False
2019-12-31,1294,2016-05-30,2016-06-07,False
2019-12-31,1295,2016-05-31,2016-06-08,False
2019-12-31,1296,2016-06-01,2016-06-13,False
2019-12-31,1297,2016-06-02,2016-06-17,False
2019-12-31,1298,2016-06-03,2016-06-20,False
2019-12-31,1299,2016-06-06,2016-06-15,False
2019-12-31,1300,2016-06-07,2016-06-16,False
2019-12-31,1301,2016-06-08,2016-06-17,False
2019-12-31,1302,2016-06-13,2016-06-21,False
2019-12-31,1303,2016-06-14,2016-06-22,False
2019-12-31,1304,2016-06-15,2016-06-23,False
2019-12-31,1305,2016-06-16,2016-06-24,False
2019-12-31,1306,2016-06-17,2016-06-27,False
2019-12-31,1307,2016-06-20,2016-06-28,False
2019-12-31,1308,2016-06-21,2016-06-29,False
2019-12-31,1309,2016-06-22,2016-06-30,False
2019-12-31,1310,2016-06-23,2016-07-01,False
2019-12-31,1311,2016-06-24,2016-07-04,False
2019-12-31,1312,2016-06-27,2016-07-05,False
2019-12-31,1313,2016-06-28,2016-07-06,False
2019-12-31,1314,2016-06-29,2016-07-07,False
2019-12-31,1315,2016-06-30,2016-07-08,False
2019-12-31,1316,2016-07-01,2016-07-11,False
2019-12-31,1317,2016-07-04,2016-07-12,False
2019-12-31,1318,2016-07-05,2016-07-13,False
2019-12-31,1319,2016-07-06,2016-07-14,False
2019-12-31,1320,2016-07-07,2016-07-15,False
2019-12-31,1321,2016-07-08,2016-07-18,False
2019-12-31,1322,2016-07-11,2016-07-19,False
2019-12-31,1323,2016-07-12,2016-07-20,False
2019-12-31,1324,2016-07-13,2016-07-21,False
2019-12-31,1325,2016-07-14,2016-07-22,False
2019-12-31,1326,2016-07-15,2016-07-25,False
2019-12-31,1327,2016-07-18,2016-07-26,False
2019-12-31,1328,2016-07-19,2016-07-27,False
2019-12-31,1329,2016-07-20,2016-07-28,False
2019-12-31,1330,2016-07-21,2016-07-29,False
2019-12-31,1331,2016-07-22,2016-08-01,False
2019-12-31,1332,2016-07-25,2016-08-02,False
2019-12-31,1333,2016-07-26,2016-08-03,False
2019-12-31,1334,2016-07-27,2016-08-04,False
2019-12-31,1335,2016-07-28,2016-08-05,False
2019-12-31,1336,2016-07-29,2016-08-08,False
2019-12-31,1337,2016-08-01,2016-08-09,False
2019-12-31,1338,2016-08-02,2016-08-10,False
2019-12-31,1339,2016-08-03,2016-08-11,False
2019-12-31,1340,2016-08-04,2016-08-12,False
2019-12-31,1341,2016-08-05,2016-08-15,False
2019-12-31,1342,2016-08-08,2016-08-16,False
2019-12-31,1343,2016-08-09,2016-08-17,False
2019-12-31,1344,2016-08-10,2016-08-18,False
2019-12-31,1345,2016-08-11,2016-08-19,False
2019-12-31,1346,2016-08-12,2016-08-22,False
2019-12-31,1347,2016-08-15,2016-08-23,False
2019-12-31,1348,2016-08-16,2016-08-24,False
2019-12-31,1349,2016-08-17,2016-08-25,False
2019-12-31,1350,2016-08-18,2016-08-26,False
2019-12-31,1351,2016-08-19,2016-08-29,False
2019-12-31,1352,2016-08-22,2016-08-30,False
2019-12-31,1353,2016-08-23,2016-08-31,False
2019-12-31,1354,2016-08-24,2016-09-01,False
2019-12-31,1355,2016-08-25,2016-09-02,False
2019-12-31,1356,2016-08-26,2016-09-05,False
2019-12-31,1357,2016-08-29,2016-09-06,False
2019-12-31,1358,2016-08-30,2016-09-07,False
2019-12-31,1359,2016-08-31,2016-09-08,False
2019-12-31,1360,2016-09-01,2016-09-09,False
2019-12-31,1361,2016-09-02,2016-09-12,False
2019-12-31,1362,2016-09-05,2016-09-13,False
2019-12-31,1363,2016-09-06,2016-09-14,False
2019-12-31,1364,2016-09-07,2016-09-19,False
2019-12-31,1365,2016-09-08,2016-09-23,False
2019-12-31,1366,2016-09-09,2016-09-26,False
2019-12-31,1367,2016-09-12,2016-09-21,False
2019-12-31,1368,2016-09-13,2016-09-22,False
2019-12-31,1369,2016-09-14,2016-09-23,False
2019-12-31,1370,2016-09-19,2016-09-27,False
2019-12-31,1371,2016-09-20,2016-09-28,False
2019-12-31,1372,2016-09-21,2016-09-29,False
2019-12-31,1373,2016-09-22,2016-09-30,False
2019-12-31,1374,2016-09-23,2016-10-10,False
2019-12-31,1375,2016-09-26,2016-10-11,False
2019-12-31,1376,2016-09-27,2016-10-12,False
2019-12-31,1377,2016-09-28,2016-10-13,False
2019-12-31,1378,2016-09-29,2016-10-14,False
2019-12-31,1379,2016-09-30,2016-10-17,False
2019-12-31,1380,2016-10-10,2016-10-18,False
2019-12-31,1381,2016-10-11,2016-10-19,False
2019-12-31,1382,2016-10-12,2016-10-20,False
2019-12-31,1383,2016-10-13,2016-10-21,False
2019-12-31,1384,2016-10-14,2016-10-24,False
2019-12-31,1385,2016-10-17,2016-10-25,False
2019-12-31,1386,2016-10-18,2016-10-26,False
2019-12-31,1387,2016-10-19,2016-10-27,False
2019-12-31,1388,2016-10-20,2016-10-28,False
2019-12-31,1389,2016-10-21,2016-10-31,False
2019-12-31,1390,2016-10-24,2016-11-01,False
2019-12-31,1391,2016-10-25,2016-11-02,False
2019-12-31,1392,2016-10-26,2016-11-03,False
2019-12-31,1393,2016-10-27,2016-11-04,False
2019-12-31,1394,2016-10-28,2016-11-07,False
2019-12-31,1395,2016-10-31,2016-11-08,False
2019-12-31,1396,2016-11-01,2016-11-09,False
2019-12-31,1397,2016-11-02,2016-11-10,False
2019-12-31,1398,2016-11-03,2016-11-11,False
2019-12-31,1399,2016-11-04,2016-11-14,False
2019-12-31,1400,2016-11-07,2016-11-15,False
2019-12-31,1401,2016-11-08,2016-11-16,False
2019-12-31,1402,2016-11-09,2016-11-17,False
2019-12-31,1403,2016-11-10,2016-11-18,False
2019-12-31,1404,2016-11-11,2016-11-21,False
2019-12-31,1405,2016-11-14,2016-11-22,False
2019-12-31,1406,2016-11-15,2016-11-23,False
2019-12-31,1407,2016-11-16,2016-11-24,False
2019-12-31,1408,2016-11-17,2016-11-25,False
2019-12-31,1409,2016-11-18,2016-11-28,False
2019-12-31,1410,2016-11-21,2016-11-29,False
2019-12-31,1411,2016-11-22,2016-11-30,False
2019-12-31,1412,2016-11-23,2016-12-01,False
2019-12-31,1413,2016-11-24,2016-12-02,False
2019-12-31,1414,2016-11-25,2016-12-05,False
2019-12-31,1415,2016-11-28,2016-12-06,False
2019-12-31,1416,2016-11-29,2016-12-07,False
2019-12-31,1417,2016-11-30,2016-12-08,False
2019-12-31,1418,2016-12-01,2016-12-09,False
2019-12-31,1419,2016-12-02,2016-12-12,False
2019-12-31,1420,2016-12-05,2016-12-13,False
2019-12-31,1421,2016-12-06,2016-12-14,False
2019-12-31,1422,2016-12-07,2016-12-15,False
2019-12-31,1423,2016-12-08,2016-12-16,False
2019-12-31,1424,2016-12-09,2016-12-19,False
2019-12-31,1425,2016-12-12,2016-12-20,False
2019-12-31,1426,2016-12-13,2016-12-21,False
2019-12-31,1427,2016-12-14,2016-12-22,False
2019-12-31,1428,2016-12-15,2016-12-23,False
2019-12-31,1429,2016-12-16,2016-12-26,False
2019-12-31,1430,2016-12-19,2016-12-27,False
2019-12-31,1431,2016-12-20,2016-12-28,False
2019-12-31,1432,2016-12-21,2016-12-29,False
2019-12-31,1433,2016-12-22,2016-12-30,False
2019-12-31,1434,2016-12-23,2017-01-03,False
2019-12-31,1435,2016-12-26,2017-01-10,False
2019-12-31,1436,2016-12-27,2017-01-04,False
2019-12-31,1437,2016-12-28,2017-01-05,False
2019-12-31,1438,2016-12-29,2017-01-06,False
2019-12-31,1439,2016-12-30,2017-01-09,False
2019-12-31,1440,2017-01-03,2017-01-11,True
2019-12-31,1441,2017-01-04,2017-01-12,True
2019-12-31,1442,2017-01-05,2017-01-13,True
2019-12-31,1443,2017-01-06,2017-01-16,True
2019-12-31,1444,2017-01-09,2017-01-17,True
2019-12-31,1445,2017-01-10,2017-01-18,True
2019-12-31,1446,2017-01-11,2017-01-19,True
2019-12-31,1447,2017-01-12,2017-01-20,True
2019-12-31,1448,2017-01-13,2017-01-23,True
2019-12-31,1449,2017-01-16,2017-01-24,True
2019-12-31,1450,2017-01-17,2017-01-25,True
2019-12-31,1451,2017-01-18,2017-01-26,True
2019-12-31,1452,2017-01-19,2017-02-03,True
2019-12-31,1453,2017-01-20,2017-02-06,True
2019-12-31,1454,2017-01-23,2017-02-07,True
2019-12-31,1455,2017-01-24,2017-02-08,True
2019-12-31,1456,2017-01-25,2017-02-09,True
2019-12-31,1457,2017-01-26,2017-02-10,True
2019-12-31,1458,2017-02-03,2017-02-13,True
2019-12-31,1459,2017-02-06,2017-02-14,True
2019-12-31,1460,2017-02-07,2017-02-15,True
2019-12-31,1461,2017-02-08,2017-02-16,True
2019-12-31,1462,2017-02-09,2017-02-17,True
2019-12-31,1463,2017-02-10,2017-02-20,True
2019-12-31,1464,2017-02-13,2017-02-21,True
2019-12-31,1465,2017-02-14,2017-02-22,True
2019-12-31,1466,2017-02-15,2017-02-23,True
2019-12-31,1467,2017-02-16,2017-02-24,True
2019-12-31,1468,2017-02-17,2017-02-27,True
2019-12-31,1469,2017-02-20,2017-02-28,True
2019-12-31,1470,2017-02-21,2017-03-01,True
2019-12-31,1471,2017-02-22,2017-03-02,True
2019-12-31,1472,2017-02-23,2017-03-03,True
2019-12-31,1473,2017-02-24,2017-03-06,True
2019-12-31,1474,2017-02-27,2017-03-07,True
2019-12-31,1475,2017-02-28,2017-03-08,True
2019-12-31,1476,2017-03-01,2017-03-09,True
2019-12-31,1477,2017-03-02,2017-03-10,True
2019-12-31,1478,2017-03-03,2017-03-13,True
2019-12-31,1479,2017-03-06,2017-03-14,True
2019-12-31,1480,2017-03-07,2017-03-15,True
2019-12-31,1481,2017-03-08,2017-03-16,True
2019-12-31,1482,2017-03-09,2017-03-17,True
2019-12-31,1483,2017-03-10,2017-03-20,True
2019-12-31,1484,2017-03-13,2017-03-21,True
2019-12-31,1485,2017-03-14,2017-03-22,True
2019-12-31,1486,2017-03-15,2017-03-23,True
2019-12-31,1487,2017-03-16,2017-03-24,True
2019-12-31,1488,2017-03-17,2017-03-27,True
2019-12-31,1489,2017-03-20,2017-03-28,True
2019-12-31,1490,2017-03-21,2017-03-29,True
2019-12-31,1491,2017-03-22,2017-03-30,True
2019-12-31,1492,2017-03-23,2017-03-31,True
2019-12-31,1493,2017-03-24,2017-04-05,True
2019-12-31,1494,2017-03-27,2017-04-11,True
2019-12-31,1495,2017-03-28,2017-04-12,True
2019-12-31,1496,2017-03-29,2017-04-07,True
2019-12-31,1497,2017-03-30,2017-04-10,True
2019-12-31,1498,2017-03-31,2017-04-11,True
2019-12-31,1499,2017-04-05,2017-04-13,True
2019-12-31,1500,2017-04-06,2017-04-14,True
2019-12-31,1501,2017-04-07,2017-04-17,True
2019-12-31,1502,2017-04-10,2017-04-18,True
2019-12-31,1503,2017-04-11,2017-04-19,True
2019-12-31,1504,2017-04-12,2017-04-20,True
2019-12-31,1505,2017-04-13,2017-04-21,True
2019-12-31,1506,2017-04-14,2017-04-24,True
2019-12-31,1507,2017-04-17,2017-04-25,True
2019-12-31,1508,2017-04-18,2017-04-26,True
2019-12-31,1509,2017-04-19,2017-04-27,True
2019-12-31,1510,2017-04-20,2017-04-28,True
2019-12-31,1511,2017-04-21,2017-05-02,True
2019-12-31,1512,2017-04-24,2017-05-09,True
2019-12-31,1513,2017-04-25,2017-05-03,True
2019-12-31,1514,2017-04-26,2017-05-04,True
2019-12-31,1515,2017-04-27,2017-05-05,True
2019-12-31,1516,2017-04-28,2017-05-08,True
2019-12-31,1517,2017-05-02,2017-05-10,True
2019-12-31,1518,2017-05-03,2017-05-11,True
2019-12-31,1519,2017-05-04,2017-05-12,True
2019-12-31,1520,2017-05-05,2017-05-15,True
2019-12-31,1521,2017-05-08,2017-05-16,True
2019-12-31,1522,2017-05-09,2017-05-17,True
2019-12-31,1523,2017-05-10,2017-05-18,True
2019-12-31,1524,2017-05-11,2017-05-19,True
2019-12-31,1525,2017-05-12,2017-05-22,True
2019-12-31,1526,2017-05-15,2017-05-23,True
2019-12-31,1527,2017-05-16,2017-05-24,True
2019-12-31,1528,2017-05-17,2017-05-25,True
2019-12-31,1529,2017-05-18,2017-05-26,True
2019-12-31,1530,2017-05-19,2017-05-31,True
2019-12-31,1531,2017-05-22,2017-06-06,True
2019-12-31,1532,2017-05-23,2017-06-07,True
2019-12-31,1533,2017-05-24,2017-06-02,True
2019-12-31,1534,2017-05-25,2017-06-05,True
2019-12-31,1535,2017-05-26,2017-06-06,True
2019-12-31,1536,2017-05-31,2017-06-08,True
2019-12-31,1537,2017-06-01,2017-06-09,True
2019-12-31,1538,2017-06-02,2017-06-12,True
2019-12-31,1539,2017-06-05,2017-06-13,True
2019-12-31,1540,2017-06-06,2017-06-14,True
2019-12-31,1541,2017-06-07,2017-06-15,True
2019-12-31,1542,2017-06-08,2017-06-16,True
2019-12-31,1543,2017-06-09,2017-06-19,True
2019-12-31,1544,2017-06-12,2017-06-20,True
2019-12-31,1545,2017-06-13,2017-06-21,True
2019-12-31,1546,2017-06-14,2017-06-22,True
2019-12-31,1547,2017-06-15,2017-06-23,True
2019-12-31,1548,2017-06-16,2017-06-26,True
2019-12-31,1549,2017-06-19,2017-06-27,True
2019-12-31,1550,2017-06-20,2017-06-28,True
2019-12-31,1551,2017-06-21,2017-06-29,True
2019-12-31,1552,2017-06-22,2017-06-30,True
2019-12-31,1553,2017-06-23,2017-07-03,True
2019-12-31,1554,2017-06-26,2017-07-04,True
2019-12-31,1555,2017-06-27,2017-07-05,True
2019-12-31,1556,2017-06-28,2017-07-06,True
2019-12-31,1557,2017-06-29,2017-07-07,True
2019-12-31,1558,2017-06-30,2017-07-10,True
2019-12-31,1559,2017-07-03,2017-07-11,True
2019-12-31,1560,2017-07-04,2017-07-12,True
2019-12-31,1561,2017-07-05,2017-07-13,True
2019-12-31,1562,2017-07-06,2017-07-14,True
2019-12-31,1563,2017-07-07,2017-07-17,True
2019-12-31,1564,2017-07-10,2017-07-18,True
2019-12-31,1565,2017-07-11,2017-07-19,True
2019-12-31,1566,2017-07-12,2017-07-20,True
2019-12-31,1567,2017-07-13,2017-07-21,True
2019-12-31,1568,2017-07-14,2017-07-24,True
2019-12-31,1569,2017-07-17,2017-07-25,True
2019-12-31,1570,2017-07-18,2017-07-26,True
2019-12-31,1571,2017-07-19,2017-07-27,True
2019-12-31,1572,2017-07-20,2017-07-28,True
2019-12-31,1573,2017-07-21,2017-07-31,True
2019-12-31,1574,2017-07-24,2017-08-01,True
2019-12-31,1575,2017-07-25,2017-08-02,True
2019-12-31,1576,2017-07-26,2017-08-03,True
2019-12-31,1577,2017-07-27,2017-08-04,True
2019-12-31,1578,2017-07-28,2017-08-07,True
2019-12-31,1579,2017-07-31,2017-08-08,True
2019-12-31,1580,2017-08-01,2017-08-09,True
2019-12-31,1581,2017-08-02,2017-08-10,True
2019-12-31,1582,2017-08-03,2017-08-11,True
2019-12-31,1583,2017-08-04,2017-08-14,True
2019-12-31,1584,2017-08-07,2017-08-15,True
2019-12-31,1585,2017-08-08,2017-08-16,True
2019-12-31,1586,2017-08-09,2017-08-17,True
2019-12-31,1587,2017-08-10,2017-08-18,True
2019-12-31,1588,2017-08-11,2017-08-21,True
2019-12-31,1589,2017-08-14,2017-08-22,True
2019-12-31,1590,2017-08-15,2017-08-23,True
2019-12-31,1591,2017-08-16,2017-08-24,True
2019-12-31,1592,2017-08-17,2017-08-25,True
2019-12-31,1593,2017-08-18,2017-08-28,True
2019-12-31,1594,2017-08-21,2017-08-29,True
2019-12-31,1595,2017-08-22,2017-08-30,True
2019-12-31,1596,2017-08-23,2017-08-31,True
2019-12-31,1597,2017-08-24,2017-09-01,True
2019-12-31,1598,2017-08-25,2017-09-04,True
2019-12-31,1599,2017-08-28,2017-09-05,True
2019-12-31,1600,2017-08-29,2017-09-06,True
2019-12-31,1601,2017-08-30,2017-09-07,True
2019-12-31,1602,2017-08-31,2017-09-08,True
2019-12-31,1603,2017-09-01,2017-09-11,True
2019-12-31,1604,2017-09-04,2017-09-12,True
2019-12-31,1605,2017-09-05,2017-09-13,True
2019-12-31,1606,2017-09-06,2017-09-14,True
2019-12-31,1607,2017-09-07,2017-09-15,True
2019-12-31,1608,2017-09-08,2017-09-18,True
2019-12-31,1609,2017-09-11,2017-09-19,True
2019-12-31,1610,2017-09-12,2017-09-20,True
2019-12-31,1611,2017-09-13,2017-09-21,True
2019-12-31,1612,2017-09-14,2017-09-22,True
2019-12-31,1613,2017-09-15,2017-09-25,True
2019-12-31,1614,2017-09-18,2017-09-26,True
2019-12-31,1615,2017-09-19,2017-09-27,True
2019-12-31,1616,2017-09-20,2017-09-28,True
2019-12-31,1617,2017-09-21,2017-09-29,True
2019-12-31,1618,2017-09-22,2017-10-09,True
2019-12-31,1619,2017-09-25,2017-10-10,True
2019-12-31,1620,2017-09-26,2017-10-11,True
2019-12-31,1621,2017-09-27,2017-10-12,True
2019-12-31,1622,2017-09-28,2017-10-13,True
2019-12-31,1623,2017-09-29,2017-10-16,True
2019-12-31,1624,2017-10-09,2017-10-17,True
2019-12-31,1625,2017-10-10,2017-10-18,True
2019-12-31,1626,2017-10-11,2017-10-19,True
2019-12-31,1627,2017-10-12,2017-10-20,True
2019-12-31,1628,2017-10-13,2017-10-23,True
2019-12-31,1629,2017-10-16,2017-10-24,True
2019-12-31,1630,2017-10-17,2017-10-25,True
2019-12-31,1631,2017-10-18,2017-10-26,True
2019-12-31,1632,2017-10-19,2017-10-27,True
2019-12-31,1633,2017-10-20,2017-10-30,True
2019-12-31,1634,2017-10-23,2017-10-31,True
2019-12-31,1635,2017-10-24,2017-11-01,True
2019-12-31,1636,2017-10-25,2017-11-02,True
2019-12-31,1637,2017-10-26,2017-11-03,True
2019-12-31,1638,2017-10-27,2017-11-06,True
2019-12-31,1639,2017-10-30,2017-11-07,True
2019-12-31,1640,2017-10-31,2017-11-08,True
2019-12-31,1641,2017-11-01,2017-11-09,True
2019-12-31,1642,2017-11-02,2017-11-10,True
2019-12-31,1643,2017-11-03,2017-11-13,True
2019-12-31,1644,2017-11-06,2017-11-14,True
2019-12-31,1645,2017-11-07,2017-11-15,True
2019-12-31,1646,2017-11-08,2017-11-16,True
2019-12-31,1647,2017-11-09,2017-11-17,True
2019-12-31,1648,2017-11-10,2017-11-20,True
2019-12-31,1649,2017-11-13,2017-11-21,True
2019-12-31,1650,2017-11-14,2017-11-22,True
2019-12-31,1651,2017-11-15,2017-11-23,True
2019-12-31,1652,2017-11-16,2017-11-24,True
2019-12-31,1653,2017-11-17,2017-11-27,True
2019-12-31,1654,2017-11-20,2017-11-28,True
2019-12-31,1655,2017-11-21,2017-11-29,True
2019-12-31,1656,2017-11-22,2017-11-30,True
2019-12-31,1657,2017-11-23,2017-12-01,True
2019-12-31,1658,2017-11-24,2017-12-04,True
2019-12-31,1659,2017-11-27,2017-12-05,True
2019-12-31,1660,2017-11-28,2017-12-06,True
2019-12-31,1661,2017-11-29,2017-12-07,True
2019-12-31,1662,2017-11-30,2017-12-08,True
2019-12-31,1663,2017-12-01,2017-12-11,True
2019-12-31,1664,2017-12-04,2017-12-12,True
2019-12-31,1665,2017-12-05,2017-12-13,True
2019-12-31,1666,2017-12-06,2017-12-14,True
2019-12-31,1667,2017-12-07,2017-12-15,True
2019-12-31,1668,2017-12-08,2017-12-18,True
2019-12-31,1669,2017-12-11,2017-12-19,True
2019-12-31,1670,2017-12-12,2017-12-20,True
2019-12-31,1671,2017-12-13,2017-12-21,True
2019-12-31,1672,2017-12-14,2017-12-22,True
2019-12-31,1673,2017-12-15,2017-12-25,True
2019-12-31,1674,2017-12-18,2017-12-26,True
2019-12-31,1675,2017-12-19,2017-12-27,True
2019-12-31,1676,2017-12-20,2017-12-28,True
2019-12-31,1677,2017-12-21,2017-12-29,True
2019-12-31,1678,2017-12-22,2018-01-02,True
2019-12-31,1679,2017-12-25,2018-01-09,True
2019-12-31,1680,2017-12-26,2018-01-03,True
2019-12-31,1681,2017-12-27,2018-01-04,True
2019-12-31,1682,2017-12-28,2018-01-05,True
2019-12-31,1683,2017-12-29,2018-01-08,True
2019-12-31,1684,2018-01-02,2018-01-10,True
2019-12-31,1685,2018-01-03,2018-01-11,True
2019-12-31,1686,2018-01-04,2018-01-12,True
2019-12-31,1687,2018-01-05,2018-01-15,True
2019-12-31,1688,2018-01-08,2018-01-16,True
2019-12-31,1689,2018-01-09,2018-01-17,True
2019-12-31,1690,2018-01-10,2018-01-18,True
2019-12-31,1691,2018-01-11,2018-01-19,True
2019-12-31,1692,2018-01-12,2018-01-22,True
2019-12-31,1693,2018-01-15,2018-01-23,True
2019-12-31,1694,2018-01-16,2018-01-24,True
2019-12-31,1695,2018-01-17,2018-01-25,True
2019-12-31,1696,2018-01-18,2018-01-26,True
2019-12-31,1697,2018-01-19,2018-01-29,True
2019-12-31,1698,2018-01-22,2018-01-30,True
2019-12-31,1699,2018-01-23,2018-01-31,True
2019-12-31,1700,2018-01-24,2018-02-01,True
2019-12-31,1701,2018-01-25,2018-02-02,True
2019-12-31,1702,2018-01-26,2018-02-05,True
2019-12-31,1703,2018-01-29,2018-02-06,True
2019-12-31,1704,2018-01-30,2018-02-07,True
2019-12-31,1705,2018-01-31,2018-02-08,True
2019-12-31,1706,2018-02-01,2018-02-09,True
2019-12-31,1707,2018-02-02,2018-02-12,True
2019-12-31,1708,2018-02-05,2018-02-13,True
2019-12-31,1709,2018-02-06,2018-02-14,True
2019-12-31,1710,2018-02-07,2018-02-22,True
2019-12-31,1711,2018-02-08,2018-02-23,True
2019-12-31,1712,2018-02-09,2018-02-26,True
2019-12-31,1713,2018-02-12,2018-02-27,True
2019-12-31,1714,2018-02-13,2018-02-28,True
2019-12-31,1715,2018-02-14,2018-03-01,True
2019-12-31,1716,2018-02-22,2018-03-02,True
2019-12-31,1717,2018-02-23,2018-03-05,True
2019-12-31,1718,2018-02-26,2018-03-06,True
2019-12-31,1719,2018-02-27,2018-03-07,True
2019-12-31,1720,2018-02-28,2018-03-08,True
2019-12-31,1721,2018-03-01,2018-03-09,True
2019-12-31,1722,2018-03-02,2018-03-12,True
2019-12-31,1723,2018-03-05,2018-03-13,True
2019-12-31,1724,2018-03-06,2018-03-14,True
2019-12-31,1725,2018-03-07,2018-03-15,True
2019-12-31,1726,2018-03-08,2018-03-16,True
2019-12-31,1727,2018-03-09,2018-03-19,True
2019-12-31,1728,2018-03-12,2018-03-20,True
2019-12-31,1729,2018-03-13,2018-03-21,True
2019-12-31,1730,2018-03-14,2018-03-22,True
2019-12-31,1731,2018-03-15,2018-03-23,True
2019-12-31,1732,2018-03-16,2018-03-26,True
2019-12-31,1733,2018-03-19,2018-03-27,True
2019-12-31,1734,2018-03-20,2018-03-28,True
2019-12-31,1735,2018-03-21,2018-03-29,True
2019-12-31,1736,2018-03-22,2018-03-30,True
2019-12-31,1737,2018-03-23,2018-04-02,True
2019-12-31,1738,2018-03-26,2018-04-03,True
2019-12-31,1739,2018-03-27,2018-04-04,True
2019-12-31,1740,2018-03-28,2018-04-09,True
2019-12-31,1741,2018-03-29,2018-04-13,True
2019-12-31,1742,2018-03-30,2018-04-16,True
2019-12-31,1743,2018-04-02,2018-04-11,True
2019-12-31,1744,2018-04-03,2018-04-12,True
2019-12-31,1745,2018-04-04,2018-04-13,True
2019-12-31,1746,2018-04-09,2018-04-17,True
2019-12-31,1747,2018-04-10,2018-04-18,True
2019-12-31,1748,2018-04-11,2018-04-19,True
2019-12-31,1749,2018-04-12,2018-04-20,True
2019-12-31,1750,2018-04-13,2018-04-23,True
2019-12-31,1751,2018-04-16,2018-04-24,True
2019-12-31,1752,2018-04-17,2018-04-25,True
2019-12-31,1753,2018-04-18,2018-04-26,True
2019-12-31,1754,2018-04-19,2018-04-27,True
2019-12-31,1755,2018-04-20,2018-05-02,True
2019-12-31,1756,2018-04-23,2018-05-08,True
2019-12-31,1757,2018-04-24,2018-05-09,True
2019-12-31,1758,2018-04-25,2018-05-04,True
2019-12-31,1759,2018-04-26,2018-05-07,True
2019-12-31,1760,2018-04-27,2018-05-08,True
2019-12-31,1761,2018-05-02,2018-05-10,True
2019-12-31,1762,2018-05-03,2018-05-11,True
2019-12-31,1763,2018-05-04,2018-05-14,True
2019-12-31,1764,2018-05-07,2018-05-15,True
2019-12-31,1765,2018-05-08,2018-05-16,True
2019-12-31,1766,2018-05-09,2018-05-17,True
2019-12-31,1767,2018-05-10,2018-05-18,True
2019-12-31,1768,2018-05-11,2018-05-21,True
2019-12-31,1769,2018-05-14,2018-05-22,True
2019-12-31,1770,2018-05-15,2018-05-23,True
2019-12-31,1771,2018-05-16,2018-05-24,True
2019-12-31,1772,2018-05-17,2018-05-25,True
2019-12-31,1773,2018-05-18,2018-05-28,True
2019-12-31,1774,2018-05-21,2018-05-29,True
2019-12-31,1775,2018-05-22,2018-05-30,True
2019-12-31,1776,2018-05-23,2018-05-31,True
2019-12-31,1777,2018-05-24,2018-06-01,True
2019-12-31,1778,2018-05-25,2018-06-04,True
2019-12-31,1779,2018-05-28,2018-06-05,True
2019-12-31,1780,2018-05-29,2018-06-06,True
2019-12-31,1781,2018-05-30,2018-06-07,True
2019-12-31,1782,2018-05-31,2018-06-08,True
2019-12-31,1783,2018-06-01,2018-06-11,True
2019-12-31,1784,2018-06-04,2018-06-12,True
2019-12-31,1785,2018-06-05,2018-06-13,True
2019-12-31,1786,2018-06-06,2018-06-14,True
2019-12-31,1787,2018-06-07,2018-06-15,True
2019-12-31,1788,2018-06-08,2018-06-19,True
2019-12-31,1789,2018-06-11,2018-06-26,True
2019-12-31,1790,2018-06-12,2018-06-20,True
2019-12-31,1791,2018-06-13,2018-06-21,True
2019-12-31,1792,2018-06-14,2018-06-22,True
2019-12-31,1793,2018-06-15,2018-06-25,True
2019-12-31,1794,2018-06-19,2018-06-27,True
2019-12-31,1795,2018-06-20,2018-06-28,True
2019-12-31,1796,2018-06-21,2018-06-29,True
2019-12-31,1797,2018-06-22,2018-07-02,True
2019-12-31,1798,2018-06-25,2018-07-03,True
2019-12-31,1799,2018-06-26,2018-07-04,True
2019-12-31,1800,2018-06-27,2018-07-05,True
2019-12-31,1801,2018-06-28,2018-07-06,True
2019-12-31,1802,2018-06-29,2018-07-09,True
2019-12-31,1803,2018-07-02,2018-07-10,True
2019-12-31,1804,2018-07-03,2018-07-11,True
2019-12-31,1805,2018-07-04,2018-07-12,True
2019-12-31,1806,2018-07-05,2018-07-13,True
2019-12-31,1807,2018-07-06,2018-07-16,True
2019-12-31,1808,2018-07-09,2018-07-17,True
2019-12-31,1809,2018-07-10,2018-07-18,True
2019-12-31,1810,2018-07-11,2018-07-19,True
2019-12-31,1811,2018-07-12,2018-07-20,True
2019-12-31,1812,2018-07-13,2018-07-23,True
2019-12-31,1813,2018-07-16,2018-07-24,True
2019-12-31,1814,2018-07-17,2018-07-25,True
2019-12-31,1815,2018-07-18,2018-07-26,True
2019-12-31,1816,2018-07-19,2018-07-27,True
2019-12-31,1817,2018-07-20,2018-07-30,True
2019-12-31,1818,2018-07-23,2018-07-31,True
2019-12-31,1819,2018-07-24,2018-08-01,True
2019-12-31,1820,2018-07-25,2018-08-02,True
2019-12-31,1821,2018-07-26,2018-08-03,True
2019-12-31,1822,2018-07-27,2018-08-06,True
2019-12-31,1823,2018-07-30,2018-08-07,True
2019-12-31,1824,2018-07-31,2018-08-08,True
2019-12-31,1825,2018-08-01,2018-08-09,True
2019-12-31,1826,2018-08-02,2018-08-10,True
2019-12-31,1827,2018-08-03,2018-08-13,True
2019-12-31,1828,2018-08-06,2018-08-14,True
2019-12-31,1829,2018-08-07,2018-08-15,True
2019-12-31,1830,2018-08-08,2018-08-16,True
2019-12-31,1831,2018-08-09,2018-08-17,True
2019-12-31,1832,2018-08-10,2018-08-20,True
2019-12-31,1833,2018-08-13,2018-08-21,True
2019-12-31,1834,2018-08-14,2018-08-22,True
2019-12-31,1835,2018-08-15,2018-08-23,True
2019-12-31,1836,2018-08-16,2018-08-24,True
2019-12-31,1837,2018-08-17,2018-08-27,True
2019-12-31,1838,2018-08-20,2018-08-28,True
2019-12-31,1839,2018-08-21,2018-08-29,True
2019-12-31,1840,2018-08-22,2018-08-30,True
2019-12-31,1841,2018-08-23,2018-08-31,True
2019-12-31,1842,2018-08-24,2018-09-03,True
2019-12-31,1843,2018-08-27,2018-09-04,True
2019-12-31,1844,2018-08-28,2018-09-05,True
2019-12-31,1845,2018-08-29,2018-09-06,True
2019-12-31,1846,2018-08-30,2018-09-07,True
2019-12-31,1847,2018-08-31,2018-09-10,True
2019-12-31,1848,2018-09-03,2018-09-11,True
2019-12-31,1849,2018-09-04,2018-09-12,True
2019-12-31,1850,2018-09-05,2018-09-13,True
2019-12-31,1851,2018-09-06,2018-09-14,True
2019-12-31,1852,2018-09-07,2018-09-17,True
2019-12-31,1853,2018-09-10,2018-09-18,True
2019-12-31,1854,2018-09-11,2018-09-19,True
2019-12-31,1855,2018-09-12,2018-09-20,True
2019-12-31,1856,2018-09-13,2018-09-21,True
2019-12-31,1857,2018-09-14,2018-09-25,True
2019-12-31,1858,2018-09-17,2018-10-09,True
2019-12-31,1859,2018-09-18,2018-09-26,True
2019-12-31,1860,2018-09-19,2018-09-27,True
2019-12-31,1861,2018-09-20,2018-09-28,True
2019-12-31,1862,2018-09-21,2018-10-08,True
2019-12-31,1863,2018-09-25,2018-10-10,True
2019-12-31,1864,2018-09-26,2018-10-11,True
2019-12-31,1865,2018-09-27,2018-10-12,True
2019-12-31,1866,2018-09-28,2018-10-15,True
2019-12-31,1867,2018-10-08,2018-10-16,True
2019-12-31,1868,2018-10-09,2018-10-17,True
2019-12-31,1869,2018-10-10,2018-10-18,True
2019-12-31,1870,2018-10-11,2018-10-19,True
2019-12-31,1871,2018-10-12,2018-10-22,True
2019-12-31,1872,2018-10-15,2018-10-23,True
2019-12-31,1873,2018-10-16,2018-10-24,True
2019-12-31,1874,2018-10-17,2018-10-25,True
2019-12-31,1875,2018-10-18,2018-10-26,True
2019-12-31,1876,2018-10-19,2018-10-29,True
2019-12-31,1877,2018-10-22,2018-10-30,True
2019-12-31,1878,2018-10-23,2018-10-31,True
2019-12-31,1879,2018-10-24,2018-11-01,True
2019-12-31,1880,2018-10-25,2018-11-02,True
2019-12-31,1881,2018-10-26,2018-11-05,True
2019-12-31,1882,2018-10-29,2018-11-06,True
2019-12-31,1883,2018-10-30,2018-11-07,True
2019-12-31,1884,2018-10-31,2018-11-08,True
2019-12-31,1885,2018-11-01,2018-11-09,True
2019-12-31,1886,2018-11-02,2018-11-12,True
2019-12-31,1887,2018-11-05,2018-11-13,True
2019-12-31,1888,2018-11-06,2018-11-14,True
2019-12-31,1889,2018-11-07,2018-11-15,True
2019-12-31,1890,2018-11-08,2018-11-16,True
2019-12-31,1891,2018-11-09,2018-11-19,True
2019-12-31,1892,2018-11-12,2018-11-20,True
2019-12-31,1893,2018-11-13,2018-11-21,True
2019-12-31,1894,2018-11-14,2018-11-22,True
2019-12-31,1895,2018-11-15,2018-11-23,True
2019-12-31,1896,2018-11-16,2018-11-26,True
2019-12-31,1897,2018-11-19,2018-11-27,True
2019-12-31,1898,2018-11-20,2018-11-28,True
2019-12-31,1899,2018-11-21,2018-11-29,True
2019-12-31,1900,2018-11-22,2018-11-30,True
2019-12-31,1901,2018-11-23,2018-12-03,True
2019-12-31,1902,2018-11-26,2018-12-04,True
2019-12-31,1903,2018-11-27,2018-12-05,True
2019-12-31,1904,2018-11-28,2018-12-06,True
2019-12-31,1905,2018-11-29,2018-12-07,True
2019-12-31,1906,2018-11-30,2018-12-10,True
2019-12-31,1907,2018-12-03,2018-12-11,True
2019-12-31,1908,2018-12-04,2018-12-12,True
2019-12-31,1909,2018-12-05,2018-12-13,True
2019-12-31,1910,2018-12-06,2018-12-14,True
2019-12-31,1911,2018-12-07,2018-12-17,True
2019-12-31,1912,2018-12-10,2018-12-18,True
2019-12-31,1913,2018-12-11,2018-12-19,True
2019-12-31,1914,2018-12-12,2018-12-20,True
2019-12-31,1915,2018-12-13,2018-12-21,True
2019-12-31,1916,2018-12-14,2018-12-24,True
2019-12-31,1917,2018-12-17,2018-12-25,True
2019-12-31,1918,2018-12-18,2018-12-26,True
2019-12-31,1919,2018-12-19,2018-12-27,True
2019-12-31,1920,2018-12-20,2018-12-28,True
2019-12-31,1921,2018-12-21,2019-01-02,True
2019-12-31,1922,2018-12-24,2019-01-08,True
2019-12-31,1923,2018-12-25,2019-01-09,True
2019-12-31,1924,2018-12-26,2019-01-04,True
2019-12-31,1925,2018-12-27,2019-01-07,True
2019-12-31,1926,2018-12-28,2019-01-08,True
2019-12-31,1927,2019-01-02,2019-01-10,True
2019-12-31,1928,2019-01-03,2019-01-11,True
2019-12-31,1929,2019-01-04,2019-01-14,True
2019-12-31,1930,2019-01-07,2019-01-15,True
2019-12-31,1931,2019-01-08,2019-01-16,True
2019-12-31,1932,2019-01-09,2019-01-17,True
2019-12-31,1933,2019-01-10,2019-01-18,True
2019-12-31,1934,2019-01-11,2019-01-21,True
2019-12-31,1935,2019-01-14,2019-01-22,True
2019-12-31,1936,2019-01-15,2019-01-23,True
2019-12-31,1937,2019-01-16,2019-01-24,True
2019-12-31,1938,2019-01-17,2019-01-25,True
2019-12-31,1939,2019-01-18,2019-01-28,True
2019-12-31,1940,2019-01-21,2019-01-29,True
2019-12-31,1941,2019-01-22,2019-01-30,True
2019-12-31,1942,2019-01-23,2019-01-31,True
2019-12-31,1943,2019-01-24,2019-02-01,True
2019-12-31,1944,2019-01-25,2019-02-11,True
2019-12-31,1945,2019-01-28,2019-02-12,True
2019-12-31,1946,2019-01-29,2019-02-13,True
2019-12-31,1947,2019-01-30,2019-02-14,True
2019-12-31,1948,2019-01-31,2019-02-15,True
2019-12-31,1949,2019-02-01,2019-02-18,True
2019-12-31,1950,2019-02-11,2019-02-19,True
2019-12-31,1951,2019-02-12,2019-02-20,True
2019-12-31,1952,2019-02-13,2019-02-21,True
2019-12-31,1953,2019-02-14,2019-02-22,True
2019-12-31,1954,2019-02-15,2019-02-25,True
2019-12-31,1955,2019-02-18,2019-02-26,True
2019-12-31,1956,2019-02-19,2019-02-27,True
2019-12-31,1957,2019-02-20,2019-02-28,True
2019-12-31,1958,2019-02-21,2019-03-01,True
2019-12-31,1959,2019-02-22,2019-03-04,True
2019-12-31,1960,2019-02-25,2019-03-05,True
2019-12-31,1961,2019-02-26,2019-03-06,True
2019-12-31,1962,2019-02-27,2019-03-07,True
2019-12-31,1963,2019-02-28,2019-03-08,True
2019-12-31,1964,2019-03-01,2019-03-11,True
2019-12-31,1965,2019-03-04,2019-03-12,True
2019-12-31,1966,2019-03-05,2019-03-13,True
2019-12-31,1967,2019-03-06,2019-03-14,True
2019-12-31,1968,2019-03-07,2019-03-15,True
2019-12-31,1969,2019-03-08,2019-03-18,True
2019-12-31,1970,2019-03-11,2019-03-19,True
2019-12-31,1971,2019-03-12,2019-03-20,True
2019-12-31,1972,2019-03-13,2019-03-21,True
2019-12-31,1973,2019-03-14,2019-03-22,True
2019-12-31,1974,2019-03-15,2019-03-25,True
2019-12-31,1975,2019-03-18,2019-03-26,True
2019-12-31,1976,2019-03-19,2019-03-27,True
2019-12-31,1977,2019-03-20,2019-03-28,True
2019-12-31,1978,2019-03-21,2019-03-29,True
2019-12-31,1979,2019-03-22,2019-04-01,True
2019-12-31,1980,2019-03-25,2019-04-02,True
2019-12-31,1981,2019-03-26,2019-04-03,True
2019-12-31,1982,2019-03-27,2019-04-04,True
2019-12-31,1983,2019-03-28,2019-04-08,True
2019-12-31,1984,2019-03-29,2019-04-15,True
2019-12-31,1985,2019-04-01,2019-04-09,True
2019-12-31,1986,2019-04-02,2019-04-10,True
2019-12-31,1987,2019-04-03,2019-04-11,True
2019-12-31,1988,2019-04-04,2019-04-12,True
2019-12-31,1989,2019-04-08,2019-04-16,True
2019-12-31,1990,2019-04-09,2019-04-17,True
2019-12-31,1991,2019-04-10,2019-04-18,True
2019-12-31,1992,2019-04-11,2019-04-19,True
2019-12-31,1993,2019-04-12,2019-04-22,True
2019-12-31,1994,2019-04-15,2019-04-23,True
2019-12-31,1995,2019-04-16,2019-04-24,True
2019-12-31,1996,2019-04-17,2019-04-25,True
2019-12-31,1997,2019-04-18,2019-04-26,True
2019-12-31,1998,2019-04-19,2019-04-29,True
2019-12-31,1999,2019-04-22,2019-04-30,True
2019-12-31,2000,2019-04-23,2019-05-06,True
2019-12-31,2001,2019-04-24,2019-05-09,True
2019-12-31,2002,2019-04-25,2019-05-10,True
2019-12-31,2003,2019-04-26,2019-05-13,True
2019-12-31,2004,2019-04-29,2019-05-09,True
2019-12-31,2005,2019-04-30,2019-05-10,True
2019-12-31,2006,2019-05-06,2019-05-14,True
2019-12-31,2007,2019-05-07,2019-05-15,True
2019-12-31,2008,2019-05-08,2019-05-16,True
2019-12-31,2009,2019-05-09,2019-05-17,True
2019-12-31,2010,2019-05-10,2019-05-20,True
2019-12-31,2011,2019-05-13,2019-05-21,True
2019-12-31,2012,2019-05-14,2019-05-22,True
2019-12-31,2013,2019-05-15,2019-05-23,True
2019-12-31,2014,2019-05-16,2019-05-24,True
2019-12-31,2015,2019-05-17,2019-05-27,True
2019-12-31,2016,2019-05-20,2019-05-28,True
2019-12-31,2017,2019-05-21,2019-05-29,True
2019-12-31,2018,2019-05-22,2019-05-30,True
2019-12-31,2019,2019-05-23,2019-05-31,True
2019-12-31,2020,2019-05-24,2019-06-03,True
2019-12-31,2021,2019-05-27,2019-06-04,True
2019-12-31,2022,2019-05-28,2019-06-05,True
2019-12-31,2023,2019-05-29,2019-06-06,True
2019-12-31,2024,2019-05-30,2019-06-10,True
2019-12-31,2025,2019-05-31,2019-06-17,True
2019-12-31,2026,2019-06-03,2019-06-11,True
2019-12-31,2027,2019-06-04,2019-06-12,True
2019-12-31,2028,2019-06-05,2019-06-13,True
2019-12-31,2029,2019-06-06,2019-06-14,True
2019-12-31,2030,2019-06-10,2019-06-18,True
2019-12-31,2031,2019-06-11,2019-06-19,True
2019-12-31,2032,2019-06-12,2019-06-20,True
2019-12-31,2033,2019-06-13,2019-06-21,True
2019-12-31,2034,2019-06-14,2019-06-24,True
2019-12-31,2035,2019-06-17,2019-06-25,True
2019-12-31,2036,2019-06-18,2019-06-26,True
2019-12-31,2037,2019-06-19,2019-06-27,True
2019-12-31,2038,2019-06-20,2019-06-28,True
2019-12-31,2039,2019-06-21,2019-07-01,True
2019-12-31,2040,2019-06-24,2019-07-02,True
2019-12-31,2041,2019-06-25,2019-07-03,True
2019-12-31,2042,2019-06-26,2019-07-04,True
2019-12-31,2043,2019-06-27,2019-07-05,True
2019-12-31,2044,2019-06-28,2019-07-08,True
2019-12-31,2045,2019-07-01,2019-07-09,True
2019-12-31,2046,2019-07-02,2019-07-10,True
2019-12-31,2047,2019-07-03,2019-07-11,True
2019-12-31,2048,2019-07-04,2019-07-12,True
2019-12-31,2049,2019-07-05,2019-07-15,True
2019-12-31,2050,2019-07-08,2019-07-16,True
2019-12-31,2051,2019-07-09,2019-07-17,True
2019-12-31,2052,2019-07-10,2019-07-18,True
2019-12-31,2053,2019-07-11,2019-07-19,True
2019-12-31,2054,2019-07-12,2019-07-22,True
2019-12-31,2055,2019-07-15,2019-07-23,True
2019-12-31,2056,2019-07-16,2019-07-24,True
2019-12-31,2057,2019-07-17,2019-07-25,True
2019-12-31,2058,2019-07-18,2019-07-26,True
2019-12-31,2059,2019-07-19,2019-07-29,True
2019-12-31,2060,2019-07-22,2019-07-30,True
2019-12-31,2061,2019-07-23,2019-07-31,True
2019-12-31,2062,2019-07-24,2019-08-01,True
2019-12-31,2063,2019-07-25,2019-08-02,True
2019-12-31,2064,2019-07-26,2019-08-05,True
2019-12-31,2065,2019-07-29,2019-08-06,True
2019-12-31,2066,2019-07-30,2019-08-07,True
2019-12-31,2067,2019-07-31,2019-08-08,True
2019-12-31,2068,2019-08-01,2019-08-09,True
2019-12-31,2069,2019-08-02,2019-08-12,True
2019-12-31,2070,2019-08-05,2019-08-13,True
2019-12-31,2071,2019-08-06,2019-08-14,True
2019-12-31,2072,2019-08-07,2019-08-15,True
2019-12-31,2073,2019-08-08,2019-08-16,True
2019-12-31,2074,2019-08-09,2019-08-19,True
2019-12-31,2075,2019-08-12,2019-08-20,True
2019-12-31,2076,2019-08-13,2019-08-21,True
2019-12-31,2077,2019-08-14,2019-08-22,True
2019-12-31,2078,2019-08-15,2019-08-23,True
2019-12-31,2079,2019-08-16,2019-08-26,True
2019-12-31,2080,2019-08-19,2019-08-27,True
2019-12-31,2081,2019-08-20,2019-08-28,True
2019-12-31,2082,2019-08-21,2019-08-29,True
2019-12-31,2083,2019-08-22,2019-08-30,True
2019-12-31,2084,2019-08-23,2019-09-02,True
2019-12-31,2085,2019-08-26,2019-09-03,True
2019-12-31,2086,2019-08-27,2019-09-04,True
2019-12-31,2087,2019-08-28,2019-09-05,True
2019-12-31,2088,2019-08-29,2019-09-06,True
2019-12-31,2089,2019-08-30,2019-09-09,True
2019-12-31,2090,2019-09-02,2019-09-10,True
2019-12-31,2091,2019-09-03,2019-09-11,True
2019-12-31,2092,2019-09-04,2019-09-12,True
2019-12-31,2093,2019-09-05,2019-09-16,True
2019-12-31,2094,2019-09-06,2019-09-23,True
2019-12-31,2095,2019-09-09,2019-09-17,True
2019-12-31,2096,2019-09-10,2019-09-18,True
2019-12-31,2097,2019-09-11,2019-09-19,True
2019-12-31,2098,2019-09-12,2019-09-20,True
2019-12-31,2099,2019-09-16,2019-09-24,True
2019-12-31,2100,2019-09-17,2019-09-25,True
2019-12-31,2101,2019-09-18,2019-09-26,True
2019-12-31,2102,2019-09-19,2019-09-27,True
2019-12-31,2103,2019-09-20,2019-09-30,True
2019-12-31,2104,2019-09-23,2019-10-08,True
2019-12-31,2105,2019-09-24,2019-10-09,True
2019-12-31,2106,2019-09-25,2019-10-10,True
2019-12-31,2107,2019-09-26,2019-10-11,True
2019-12-31,2108,2019-09-27,2019-10-14,True
2019-12-31,2109,2019-09-30,2019-10-15,True
2019-12-31,2110,2019-10-08,2019-10-16,True
2019-12-31,2111,2019-10-09,2019-10-17,True
2019-12-31,2112,2019-10-10,2019-10-18,True
2019-12-31,2113,2019-10-11,2019-10-21,True
2019-12-31,2114,2019-10-14,2019-10-22,True
2019-12-31,2115,2019-10-15,2019-10-23,True
2019-12-31,2116,2019-10-16,2019-10-24,True
2019-12-31,2117,2019-10-17,2019-10-25,True
2019-12-31,2118,2019-10-18,2019-10-28,True
2019-12-31,2119,2019-10-21,2019-10-29,True
2019-12-31,2120,2019-10-22,2019-10-30,True
2019-12-31,2121,2019-10-23,2019-10-31,True
2019-12-31,2122,2019-10-24,2019-11-01,True
2019-12-31,2123,2019-10-25,2019-11-04,True
2019-12-31,2124,2019-10-28,2019-11-05,True
2019-12-31,2125,2019-10-29,2019-11-06,True
2019-12-31,2126,2019-10-30,2019-11-07,True
2019-12-31,2127,2019-10-31,2019-11-08,True
2019-12-31,2128,2019-11-01,2019-11-11,True
2019-12-31,2129,2019-11-04,2019-11-12,True
2019-12-31,2130,2019-11-05,2019-11-13,True
2019-12-31,2131,2019-11-06,2019-11-14,True
2019-12-31,2132,2019-11-07,2019-11-15,True
2019-12-31,2133,2019-11-08,2019-11-18,True
2019-12-31,2134,2019-11-11,2019-11-19,True
2019-12-31,2135,2019-11-12,2019-11-20,True
2019-12-31,2136,2019-11-13,2019-11-21,True
2019-12-31,2137,2019-11-14,2019-11-22,True
2019-12-31,2138,2019-11-15,2019-11-25,True
2019-12-31,2139,2019-11-18,2019-11-26,True
2019-12-31,2140,2019-11-19,2019-11-27,True
2019-12-31,2141,2019-11-20,2019-11-28,True
2019-12-31,2142,2019-11-21,2019-11-29,True
2019-12-31,2143,2019-11-22,2019-12-02,True
2019-12-31,2144,2019-11-25,2019-12-03,True
2019-12-31,2145,2019-11-26,2019-12-04,True
2019-12-31,2146,2019-11-27,2019-12-05,True
2019-12-31,2147,2019-11-28,2019-12-06,True
2019-12-31,2148,2019-11-29,2019-12-09,True
2019-12-31,2149,2019-12-02,2019-12-10,True
2019-12-31,2150,2019-12-03,2019-12-11,True
2019-12-31,2151,2019-12-04,2019-12-12,True
2019-12-31,2152,2019-12-05,2019-12-13,True
2019-12-31,2153,2019-12-06,2019-12-16,True
2019-12-31,2154,2019-12-09,2019-12-17,True
2019-12-31,2155,2019-12-10,2019-12-18,True
2019-12-31,2156,2019-12-11,2019-12-19,True
2019-12-31,2157,2019-12-12,2019-12-20,True
2019-12-31,2158,2019-12-13,2019-12-23,True
2019-12-31,2159,2019-12-16,2019-12-24,True
2019-12-31,2160,2019-12-17,2019-12-25,True
2019-12-31,2161,2019-12-18,2019-12-26,True
2019-12-31,2162,2019-12-19,2019-12-27,True
2019-12-31,2163,2019-12-20,2019-12-30,True
2019-12-31,2164,2019-12-23,2019-12-31,True
