history,method,cutoff,date,row_index,state,year,probability,actual_up,annual_probability,changed_vs_annual,case_vs_annual,brier_vs_annual,weighted_probability,changed_vs_weighted,case_vs_weighted,brier_vs_weighted,quarter4_probability,changed_vs_quarter4,case_vs_quarter4,brier_vs_quarter4
annual_head_weighted_intercept,learned_market,2020-12-31,2021-01-08,2418,nonnegative_low,2021,0.510748822797547,0,0.5075530912524239,True,stable_wrong,0.003254219549188697,0.5271959325499261,True,stable_wrong,-0.01707119130810625,0.5075530912524239,True,stable_wrong,0.003254219549188697
annual_head_weighted_intercept,learned_market,2020-12-31,2021-01-15,2423,nonnegative_high,2021,0.3676916916497605,1,0.3650104266377245,True,stable_wrong,-0.00339796147006316,0.4010635091225479,True,stable_wrong,0.04108887670414513,0.3650104266377245,True,stable_wrong,-0.00339796147006316
annual_head_weighted_intercept,learned_market,2020-12-31,2021-01-22,2428,nonnegative_high,2021,0.38949539555843904,0,0.3866446547735138,True,stable_correct,0.0022125740962952167,0.41875926948851255,True,stable_correct,-0.023652662621327786,0.3866446547735138,True,stable_correct,0.0022125740962952167
annual_head_weighted_intercept,learned_market,2020-12-31,2021-01-29,2433,nonnegative_high,2021,0.42423542012818527,1,0.42114716721388007,True,stable_wrong,-0.0035657505895484443,0.4368766312408677,True,stable_wrong,0.014396922992333527,0.42114716721388007,True,stable_wrong,-0.0035657505895484443
annual_head_weighted_intercept,learned_market,2020-12-31,2021-02-05,2438,nonnegative_high,2021,0.5017518889607264,1,0.4985813898598063,True,recovery,-0.003169442440719178,0.5395175189427427,True,stable_correct,0.03620706479355698,0.4985813898598063,True,recovery,-0.003169442440719178
annual_head_weighted_intercept,learned_market,2020-12-31,2021-02-19,2443,nonnegative_high,2021,0.4383018498193431,0,0.4352524461345955,True,stable_correct,0.002663819688909025,0.46855542171906084,True,stable_correct,-0.02743567166726893,0.4352524461345955,True,stable_correct,0.002663819688909025
annual_head_weighted_intercept,learned_market,2020-12-31,2021-02-26,2448,nonnegative_high,2021,0.5002556656847444,0,0.49709849837034153,True,regression,0.0031488139676383586,0.5217362357079077,True,stable_wrong,-0.02195296860097068,0.49709849837034153,True,regression,0.0031488139676383586
annual_head_weighted_intercept,learned_market,2020-12-31,2021-03-05,2453,nonnegative_high,2021,0.4219884890060706,0,0.41887534844548496,True,stable_correct,0.0026177273183001504,0.43118346859353873,True,stable_correct,-0.007844898734728628,0.41887534844548496,True,stable_correct,0.0026177273183001504
annual_head_weighted_intercept,learned_market,2020-12-31,2021-03-12,2458,nonnegative_high,2021,0.4179957440586162,0,0.415043511213008,True,stable_correct,0.0024593258510939298,0.3970774754238591,True,stable_correct,0.017049920562130755,0.415043511213008,True,stable_correct,0.0024593258510939298
annual_head_weighted_intercept,learned_market,2020-12-31,2021-03-19,2463,negative_high,2021,0.5686279568118778,1,0.5654234834962107,True,stable_correct,-0.002774909052273067,0.5494844489435231,True,stable_correct,-0.016882422099425892,0.5654234834962107,True,stable_correct,-0.002774909052273067
annual_head_weighted_intercept,learned_market,2020-12-31,2021-03-26,2468,nonnegative_high,2021,0.5589150469015927,1,0.5557651813900334,True,stable_correct,-0.0027886382156057377,0.5241097048107372,True,stable_correct,-0.03191563720549953,0.5557651813900334,True,stable_correct,-0.0027886382156057377
annual_head_weighted_intercept,learned_market,2020-12-31,2021-04-02,2473,negative_high,2021,0.5729957857222987,0,0.5699172983026043,True,stable_wrong,0.0035184435509748035,0.5389074647731772,True,stable_wrong,0.03790291486726122,0.5699172983026043,True,stable_wrong,0.0035184435509748035
annual_head_weighted_intercept,learned_market,2020-12-31,2021-04-09,2477,negative_high,2021,0.63502526731103,0,0.6321055329611007,True,stable_wrong,0.003699685323407975,0.5865008012630802,True,stable_wrong,0.05927390024121004,0.6321055329611007,True,stable_wrong,0.003699685323407975
annual_head_weighted_intercept,learned_market,2020-12-31,2021-04-16,2482,negative_high,2021,0.570906847145233,1,0.567805440823208,True,stable_correct,-0.0026712031551770765,0.5299750714829865,True,stable_correct,-0.036802499600579214,0.567805440823208,True,stable_correct,-0.0026712031551770765
annual_head_weighted_intercept,learned_market,2020-12-31,2021-04-23,2487,negative_high,2021,0.6377661423811535,0,0.6348872722727549,True,stable_wrong,0.0036638038737985545,0.6283248069404049,True,stable_wrong,0.011953589351040628,0.6348872722727549,True,stable_wrong,0.0036638038737985545
annual_head_weighted_intercept,learned_market,2020-12-31,2021-04-30,2492,negative_low,2021,0.6289601585467177,0,0.6259373673250876,True,stable_wrong,0.0037932932252505713,0.6266705544795592,True,stable_wrong,0.0028748971873940876,0.6259373673250876,True,stable_wrong,0.0037932932252505713
annual_head_weighted_intercept,learned_market,2020-12-31,2021-05-07,2494,negative_high,2021,0.6895070052373399,1,0.6867029795215412,True,stable_correct,-0.0017491232439945104,0.6958841612232817,True,stable_correct,0.003919456401818358,0.6867029795215412,True,stable_correct,-0.0017491232439945104
annual_head_weighted_intercept,learned_market,2020-12-31,2021-05-14,2499,negative_high,2021,0.5331888375758839,1,0.5300139783759729,True,stable_correct,-0.002974199158225971,0.5193066092950459,True,stable_correct,-0.013153474503671103,0.5300139783759729,True,stable_correct,-0.002974199158225971
annual_head_weighted_intercept,learned_market,2020-12-31,2021-05-21,2504,negative_low,2021,0.6201587394697201,1,0.6171517717115208,True,stable_correct,-0.0022933827023955133,0.6438410596996645,True,stable_correct,0.017430192445374054,0.6171517717115208,True,stable_correct,-0.0022933827023955133
annual_head_weighted_intercept,learned_market,2020-12-31,2021-05-28,2509,negative_high,2021,0.5531304536932228,0,0.5499439655342768,True,stable_wrong,0.003514933575304635,0.5491843931624759,True,stable_wrong,0.0043498011096335665,0.5499439655342768,True,stable_wrong,0.003514933575304635
annual_head_weighted_intercept,learned_market,2020-12-31,2021-06-04,2514,nonnegative_high,2021,0.4236495031294775,0,0.420707971879259,True,stable_correct,0.002483703899093803,0.41711972793391916,True,stable_correct,0.005490034070186445,0.420707971879259,True,stable_correct,0.002483703899093803
annual_head_weighted_intercept,learned_market,2020-12-31,2021-06-11,2519,nonnegative_low,2021,0.34455823732084173,0,0.3417208038382485,True,stable_correct,0.0019472711297867928,0.34368562047959744,True,stable_correct,0.000600573181199604,0.3417208038382485,True,stable_correct,0.0019472711297867928
annual_head_weighted_intercept,learned_market,2020-12-31,2021-06-18,2523,nonnegative_low,2021,0.3893842414543854,1,0.38627372137468335,True,stable_wrong,-0.0038083404910433383,0.40418075902248596,True,stable_wrong,0.017851036665215425,0.38627372137468335,True,stable_wrong,-0.0038083404910433383
annual_head_weighted_intercept,learned_market,2020-12-31,2021-06-25,2528,nonnegative_low,2021,0.3800234865830892,0,0.3771981442930659,True,stable_correct,0.0021394102966348083,0.356375121666107,True,stable_correct,0.017414623012234814,0.3771981442930659,True,stable_correct,0.0021394102966348083
annual_head_weighted_intercept,learned_market,2020-12-31,2021-07-02,2533,negative_high,2021,0.460688980365874,1,0.45748776938154395,True,stable_wrong,-0.003463144471812174,0.47779988371605503,True,stable_wrong,0.018163414451835003,0.45748776938154395,True,stable_wrong,-0.003463144471812174
annual_head_weighted_intercept,learned_market,2020-12-31,2021-07-09,2538,nonnegative_high,2021,0.41991423041015236,0,0.41715766584427105,True,stable_correct,0.0023074427283100163,0.43250533040124256,True,stable_correct,-0.010732899924537465,0.41715766584427105,True,stable_correct,0.0023074427283100163
annual_head_weighted_intercept,learned_market,2020-12-31,2021-07-16,2543,nonnegative_high,2021,0.39930029407430623,0,0.3961869094917308,True,stable_correct,0.0024766575952185343,0.41296438042192857,True,stable_correct,-0.01109885464943991,0.3961869094917308,True,stable_correct,0.0024766575952185343
annual_head_weighted_intercept,learned_market,2020-12-31,2021-07-23,2548,nonnegative_high,2021,0.4822059714912867,0,0.47917206557692377,True,stable_correct,0.0029167305125998577,0.5020837178218721,True,recovery,-0.0195654607599777,0.47917206557692377,True,stable_correct,0.0029167305125998577
annual_head_weighted_intercept,learned_market,2020-12-31,2021-07-30,2553,negative_high,2021,0.5104722541673254,1,0.5072936624303037,True,stable_correct,-0.0031221211413239025,0.5299040114968016,True,stable_correct,0.018647175533220317,0.5072936624303037,True,stable_correct,-0.0031221211413239025
annual_head_weighted_intercept,learned_market,2020-12-31,2021-08-06,2558,negative_high,2021,0.5127132856646011,1,0.5095724467322627,True,stable_correct,-0.003070843036390658,0.5322762537533745,True,stable_correct,0.018682839164810977,0.5095724467322627,True,stable_correct,-0.003070843036390658
annual_head_weighted_intercept,learned_market,2020-12-31,2021-08-13,2563,negative_high,2021,0.6162926937338401,0,0.6139457232358976,True,stable_wrong,0.0028873332700634635,0.6217721349934499,True,stable_wrong,-0.0067839035046000085,0.6139457232358976,True,stable_wrong,0.0028873332700634635
annual_head_weighted_intercept,learned_market,2020-12-31,2021-08-20,2568,negative_high,2021,0.5863856887760768,1,0.5835100895664648,True,stable_correct,-0.002387047043693774,0.5926607074549947,True,stable_correct,0.00515149919817498,0.5835100895664648,True,stable_correct,-0.002387047043693774
annual_head_weighted_intercept,learned_market,2020-12-31,2021-08-27,2573,negative_high,2021,0.6741549942173947,0,0.6715925244985614,True,stable_wrong,0.003448437265904547,0.6581925711097164,True,stable_wrong,0.021267495564236294,0.6715925244985614,True,stable_wrong,0.003448437265904547
annual_head_weighted_intercept,learned_market,2020-12-31,2021-09-03,2578,negative_high,2021,0.6995121114643202,1,0.6966987792511191,True,stable_correct,-0.0016986593511302689,0.6973681492721312,True,stable_correct,-0.0012930659183439663,0.6966987792511191,True,stable_correct,-0.0016986593511302689
annual_head_weighted_intercept,learned_market,2020-12-31,2021-09-10,2583,negative_high,2021,0.6872978548113909,0,0.6843989292101661,True,stable_wrong,0.003976446924317867,0.6841953934104813,True,stable_wrong,0.004255004864216538,0.6843989292101661,True,stable_wrong,0.003976446924317867
annual_head_weighted_intercept,learned_market,2020-12-31,2021-09-17,2588,negative_high,2021,0.6722219104802232,1,0.6693378717763291,True,stable_correct,-0.0018989670721725471,0.6398661713824739,True,stable_correct,-0.022257898545482796,0.6693378717763291,True,stable_correct,-0.0018989670721725471
annual_head_weighted_intercept,learned_market,2020-12-31,2021-09-24,2591,negative_low,2021,0.6131659311820914,1,0.6100899207166376,True,stable_correct,-0.0023892731285395097,0.5947527650026999,True,stable_correct,-0.014584724674738508,0.6100899207166376,True,stable_correct,-0.0023892731285395097
annual_head_weighted_intercept,learned_market,2020-12-31,2021-10-08,2596,negative_low,2021,0.7650567482581717,0,0.762888147896703,True,stable_wrong,0.003313501854105727,0.744417551140304,True,stable_wrong,0.03115433760964048,0.762888147896703,True,stable_wrong,0.003313501854105727
annual_head_weighted_intercept,learned_market,2020-12-31,2021-10-15,2601,negative_low,2021,0.6929414669430386,1,0.6902243307492358,True,stable_correct,-0.0016760225366657805,0.643336488725966,True,stable_correct,-0.03292391755122988,0.6902243307492358,True,stable_correct,-0.0016760225366657805
annual_head_weighted_intercept,learned_market,2020-12-31,2021-10-22,2606,negative_low,2021,0.6006164629309906,0,0.5976160580683919,True,stable_wrong,0.0035951826825303956,0.6150125239069105,True,stable_wrong,-0.017500269018614234,0.5976160580683919,True,stable_wrong,0.0035951826825303956
annual_head_weighted_intercept,learned_market,2020-12-31,2021-10-29,2611,nonnegative_low,2021,0.6320402208406787,0,0.6294381294706985,True,stable_wrong,0.00328248192876196,0.6228531432302421,True,stable_wrong,0.011528802728541343,0.6294381294706985,True,stable_wrong,0.00328248192876196
annual_head_weighted_intercept,learned_market,2020-12-31,2021-11-05,2616,negative_low,2021,0.6449522445108077,1,0.6420837315685839,True,stable_correct,-0.0020451465299562155,0.6407596673873215,True,stable_correct,-0.0029947078977545782,0.6420837315685839,True,stable_correct,-0.0020451465299562155
annual_head_weighted_intercept,learned_market,2020-12-31,2021-11-12,2621,negative_low,2021,0.74452985853957,1,0.7420425930318122,True,stable_correct,-0.0012770306319391522,0.7299919557729978,True,stable_correct,-0.0076393507694786505,0.7420425930318122,True,stable_correct,-0.0012770306319391522
annual_head_weighted_intercept,learned_market,2020-12-31,2021-11-19,2626,negative_low,2021,0.7336326583129887,0,0.7309265276963925,True,stable_wrong,0.003963288453077252,0.7239431962926437,True,stable_wrong,0.014123125884973331,0.7309265276963925,True,stable_wrong,0.003963288453077252
annual_head_weighted_intercept,learned_market,2020-12-31,2021-11-26,2631,negative_low,2021,0.6621741080114795,1,0.6595534416987826,True,stable_correct,-0.001777525761304674,0.6585443599254431,True,stable_correct,-0.0024656208408857794,0.6595534416987826,True,stable_correct,-0.001777525761304674
annual_head_weighted_intercept,learned_market,2020-12-31,2021-12-03,2636,nonnegative_low,2021,0.5874851610845775,1,0.5844375472219051,True,stable_correct,-0.002523659833529368,0.5816165801248004,True,stable_correct,-0.004876193701050552,0.5844375472219051,True,stable_correct,-0.002523659833529368
annual_head_weighted_intercept,learned_market,2020-12-31,2021-12-10,2641,nonnegative_low,2021,0.6342390730726888,0,0.6313052673177206,True,stable_wrong,0.003712861269004719,0.658850937982694,True,stable_wrong,-0.03182535666857228,0.6313052673177206,True,stable_wrong,0.003712861269004719
annual_head_weighted_intercept,learned_market,2020-12-31,2021-12-17,2646,nonnegative_low,2021,0.7129207029689387,0,0.7102698066895492,True,stable_wrong,0.003772730426916171,0.7141926006880258,True,stable_wrong,-0.0018151421558001424,0.7102698066895492,True,stable_wrong,0.003772730426916171
annual_head_weighted_intercept,learned_market,2020-12-31,2021-12-24,2651,nonnegative_low,2021,0.6284449377237314,1,0.6253546455071003,True,stable_correct,-0.002305977339988663,0.6471947114105557,True,stable_correct,0.013581592646440765,0.6253546455071003,True,stable_correct,-0.002305977339988663
annual_head_weighted_intercept,learned_market,2020-12-31,2021-12-31,2656,nonnegative_low,2021,0.737146841588983,0,0.7346042709837306,True,stable_wrong,0.00374203111707494,0.7369646731621499,True,stable_wrong,0.0002685365756188718,0.7346042709837306,True,stable_wrong,0.00374203111707494
annual_head_weighted_slopes,learned_market,2020-12-31,2021-01-08,2418,nonnegative_low,2021,0.5240026740819601,0,0.5075530912524239,True,stable_wrong,0.016968662005153567,0.5271959325499261,True,stable_wrong,-0.003356748852141378,0.5075530912524239,True,stable_wrong,0.016968662005153567
annual_head_weighted_slopes,learned_market,2020-12-31,2021-01-15,2423,nonnegative_high,2021,0.39820798244102446,1,0.3650104266377245,True,stable_wrong,-0.04105812588110236,0.4010635091225479,True,stable_wrong,0.003428712293105929,0.3650104266377245,True,stable_wrong,-0.04105812588110236
annual_head_weighted_slopes,learned_market,2020-12-31,2021-01-22,2428,nonnegative_high,2021,0.4158253803095011,0,0.3866446547735138,True,stable_correct,0.023416657844611555,0.41875926948851255,True,stable_correct,-0.0024485788730114477,0.3866446547735138,True,stable_correct,0.023416657844611555
annual_head_weighted_slopes,learned_market,2020-12-31,2021-01-29,2433,nonnegative_high,2021,0.43375108745915897,1,0.42114716721388007,True,stable_wrong,-0.014432771070830797,0.4368766312408677,True,stable_wrong,0.003529902511051175,0.42114716721388007,True,stable_wrong,-0.014432771070830797
annual_head_weighted_slopes,learned_market,2020-12-31,2021-02-05,2438,nonnegative_high,2021,0.5363960306719987,1,0.4985813898598063,True,recovery,-0.03649198221824512,0.5395175189427427,True,stable_correct,0.0028845250160310365,0.4985813898598063,True,recovery,-0.03649198221824512
annual_head_weighted_slopes,learned_market,2020-12-31,2021-02-19,2443,nonnegative_high,2021,0.4655339147087388,0,0.4352524461345955,True,stable_correct,0.027277133877894294,0.46855542171906084,True,stable_correct,-0.0028223574782836602,0.4352524461345955,True,stable_correct,0.027277133877894294
annual_head_weighted_slopes,learned_market,2020-12-31,2021-02-26,2448,nonnegative_high,2021,0.5185682544671378,0,0.49709849837034153,True,regression,0.021806117459045787,0.5217362357079077,True,stable_wrong,-0.0032956651095632505,0.49709849837034153,True,regression,0.021806117459045787
annual_head_weighted_slopes,learned_market,2020-12-31,2021-03-05,2453,nonnegative_high,2021,0.4280755640211826,0,0.41887534844548496,True,stable_correct,0.007792130976727152,0.43118346859353873,True,stable_correct,-0.0026704950763016266,0.41887534844548496,True,stable_correct,0.007792130976727152
annual_head_weighted_slopes,learned_market,2020-12-31,2021-03-12,2458,nonnegative_high,2021,0.3942025171685008,0,0.415043511213008,True,stable_correct,-0.016865491658040105,0.3970774754238591,True,stable_correct,-0.00227489694700328,0.415043511213008,True,stable_correct,-0.016865491658040105
annual_head_weighted_slopes,learned_market,2020-12-31,2021-03-19,2463,negative_high,2021,0.5462824001454466,1,0.5654234834962107,True,stable_correct,0.017002911721208436,0.5494844489435231,True,stable_correct,0.0028953986740556104,0.5654234834962107,True,stable_correct,0.017002911721208436
annual_head_weighted_slopes,learned_market,2020-12-31,2021-03-26,2468,nonnegative_high,2021,0.5209484777205989,1,0.5557651813900334,True,stable_correct,0.032145786932781556,0.5241097048107372,True,stable_correct,0.003018787942887763,0.5557651813900334,True,stable_correct,0.032145786932781556
annual_head_weighted_slopes,learned_market,2020-12-31,2021-04-02,2473,negative_high,2021,0.5357408002833444,0,0.5699172983026043,True,stable_wrong,-0.03778752181630135,0.5389074647731772,True,stable_wrong,-0.003403050500014937,0.5699172983026043,True,stable_wrong,-0.03778752181630135
annual_head_weighted_slopes,learned_market,2020-12-31,2021-04-09,2477,negative_high,2021,0.5837030915172902,0,0.6321055329611007,True,stable_wrong,-0.05884810575319521,0.5865008012630802,True,stable_wrong,-0.003273890835393145,0.6321055329611007,True,stable_wrong,-0.05884810575319521
annual_head_weighted_slopes,learned_market,2020-12-31,2021-04-16,2482,negative_high,2021,0.526873534869983,1,0.567805440823208,True,stable_correct,0.03705651502440366,0.5299750714829865,True,stable_correct,0.0029252185790015206,0.567805440823208,True,stable_correct,0.03705651502440366
annual_head_weighted_slopes,learned_market,2020-12-31,2021-04-23,2487,negative_high,2021,0.6255617184391986,0,0.6348872722727549,True,stable_wrong,-0.011754384917335992,0.6283248069404049,True,stable_wrong,-0.0034645994400939184,0.6348872722727549,True,stable_wrong,-0.011754384917335992
annual_head_weighted_slopes,learned_market,2020-12-31,2021-04-30,2492,negative_low,2021,0.6236399766683898,0,0.6259373673250876,True,stable_wrong,-0.0028707673149119817,0.6266705544795592,True,stable_wrong,-0.0037891633527684654,0.6259373673250876,True,stable_wrong,-0.0028707673149119817
annual_head_weighted_slopes,learned_market,2020-12-31,2021-05-07,2494,negative_high,2021,0.6931812639460699,1,0.6867029795215412,True,stable_correct,-0.004017286246948595,0.6958841612232817,True,stable_correct,0.001651293398864273,0.6867029795215412,True,stable_correct,-0.004017286246948595
annual_head_weighted_slopes,learned_market,2020-12-31,2021-05-14,2499,negative_high,2021,0.5161345753256564,1,0.5300139783759729,True,stable_correct,0.013238888673302335,0.5193066092950459,True,stable_correct,0.0030596133278572024,0.5300139783759729,True,stable_correct,0.013238888673302335
annual_head_weighted_slopes,learned_market,2020-12-31,2021-05-21,2504,negative_low,2021,0.6409261339936755,1,0.6171517717115208,True,stable_correct,-0.017638724654899574,0.6438410596996645,True,stable_correct,0.002084850492869994,0.6171517717115208,True,stable_correct,-0.017638724654899574
annual_head_weighted_slopes,learned_market,2020-12-31,2021-05-28,2509,negative_high,2021,0.5459827486560105,0,0.5499439655342768,True,stable_wrong,-0.004341203397593529,0.5491843931624759,True,stable_wrong,-0.003506335863264598,0.5499439655342768,True,stable_wrong,-0.004341203397593529
annual_head_weighted_slopes,learned_market,2020-12-31,2021-06-04,2514,nonnegative_high,2021,0.4143762719093191,0,0.420707971879259,True,stable_correct,-0.005287502881293454,0.41711972793391916,True,stable_correct,-0.002281172710200813,0.420707971879259,True,stable_correct,-0.005287502881293454
annual_head_weighted_slopes,learned_market,2020-12-31,2021-06-11,2519,nonnegative_low,2021,0.3409622015287777,0,0.3417208038382485,True,stable_correct,-0.0005178849045078676,0.34368562047959744,True,stable_correct,-0.0018645828530950564,0.3417208038382485,True,stable_correct,-0.0005178849045078676
annual_head_weighted_slopes,learned_market,2020-12-31,2021-06-18,2523,nonnegative_low,2021,0.4011308399834754,1,0.38627372137468335,True,stable_wrong,-0.018015674256382008,0.40418075902248596,True,stable_wrong,0.003643702899876755,0.38627372137468335,True,stable_wrong,-0.018015674256382008
annual_head_weighted_slopes,learned_market,2020-12-31,2021-06-25,2528,nonnegative_low,2021,0.35374173786386964,0,0.3771981442930659,True,stable_correct,-0.017145222951181927,0.356375121666107,True,stable_correct,-0.0018700102355819204,0.3771981442930659,True,stable_correct,-0.017145222951181927
annual_head_weighted_slopes,learned_market,2020-12-31,2021-07-02,2533,negative_high,2021,0.4746699835593664,1,0.45748776938154395,True,stable_wrong,-0.018347894197096426,0.47779988371605503,True,stable_wrong,0.0032786647265507507,0.45748776938154395,True,stable_wrong,-0.018347894197096426
annual_head_weighted_slopes,learned_market,2020-12-31,2021-07-09,2538,nonnegative_high,2021,0.42987664486273885,0,0.41715766584427105,True,stable_correct,0.010773411625804807,0.43250533040124256,True,stable_correct,-0.0022669310270426735,0.41715766584427105,True,stable_correct,0.010773411625804807
annual_head_weighted_slopes,learned_market,2020-12-31,2021-07-16,2543,nonnegative_high,2021,0.4098086967913517,0,0.3961869094917308,True,stable_correct,0.010979100713217116,0.41296438042192857,True,stable_correct,-0.0025964115314413283,0.3961869094917308,True,stable_correct,0.010979100713217116
annual_head_weighted_slopes,learned_market,2020-12-31,2021-07-23,2548,nonnegative_high,2021,0.49914658485835234,0,0.47917206557692377,True,stable_correct,0.019541444746500602,0.5020837178218721,True,recovery,-0.002940746526076954,0.47917206557692377,True,stable_correct,0.019541444746500602
annual_head_weighted_slopes,learned_market,2020-12-31,2021-07-30,2553,negative_high,2021,0.5267774886522061,1,0.5072936624303037,True,stable_correct,-0.01881998983503058,0.5299040114968016,True,stable_correct,0.002949306839513638,0.5072936624303037,True,stable_correct,-0.01881998983503058
annual_head_weighted_slopes,learned_market,2020-12-31,2021-08-06,2558,negative_high,2021,0.5291739985614474,1,0.5095724467322627,True,stable_correct,-0.018842061373563423,0.5322762537533745,True,stable_correct,0.0029116208276382116,0.5095724467322627,True,stable_correct,-0.018842061373563423
annual_head_weighted_slopes,learned_market,2020-12-31,2021-08-13,2563,negative_high,2021,0.619385571633333,0,0.6139457232358976,True,stable_wrong,0.0067091352679012894,0.6217721349934499,True,stable_wrong,-0.0029621015067621825,0.6139457232358976,True,stable_wrong,0.0067091352679012894
annual_head_weighted_slopes,learned_market,2020-12-31,2021-08-20,2568,negative_high,2021,0.5899410743664322,1,0.5835100895664648,True,stable_correct,-0.005315523001178296,0.5926607074549947,True,stable_correct,0.002223023240690458,0.5835100895664648,True,stable_correct,-0.005315523001178296
annual_head_weighted_slopes,learned_market,2020-12-31,2021-08-27,2573,negative_high,2021,0.6555088966399955,0,0.6715925244985614,True,stable_wrong,-0.021344605388166626,0.6581925711097164,True,stable_wrong,-0.0035255470898348795,0.6715925244985614,True,stable_wrong,-0.021344605388166626
annual_head_weighted_slopes,learned_market,2020-12-31,2021-09-03,2578,negative_high,2021,0.6945164828446891,1,0.6966987792511191,True,stable_correct,0.0013285487458177397,0.6973681492721312,True,stable_correct,0.0017341421786040423,0.6966987792511191,True,stable_correct,0.0013285487458177397
annual_head_weighted_slopes,learned_market,2020-12-31,2021-09-10,2583,negative_high,2021,0.6813033560013096,0,0.6843989292101661,True,stable_wrong,-0.004227631405374688,0.6841953934104813,True,stable_wrong,-0.003949073465476016,0.6843989292101661,True,stable_wrong,-0.004227631405374688
annual_head_weighted_slopes,learned_market,2020-12-31,2021-09-17,2588,negative_high,2021,0.6369278789304484,1,0.6693378717763291,True,stable_correct,0.02248392205653571,0.6398661713824739,True,stable_correct,0.002124990583225461,0.6693378717763291,True,stable_correct,0.02248392205653571
annual_head_weighted_slopes,learned_market,2020-12-31,2021-09-24,2591,negative_low,2021,0.591736470412625,1,0.6100899207166376,True,stable_correct,0.014649239664383445,0.5947527650026999,True,stable_correct,0.0024537881181844468,0.6100899207166376,True,stable_correct,0.014649239664383445
annual_head_weighted_slopes,learned_market,2020-12-31,2021-10-08,2596,negative_low,2021,0.7421375725615796,0,0.762888147896703,True,stable_wrong,-0.031230149593667877,0.744417551140304,True,stable_wrong,-0.0033893138381331234,0.762888147896703,True,stable_wrong,-0.031230149593667877
annual_head_weighted_slopes,learned_market,2020-12-31,2021-10-15,2601,negative_low,2021,0.6404378781737199,1,0.6902243307492358,True,stable_correct,0.03332395419245787,0.643336488725966,True,stable_correct,0.0020760591778937743,0.6902243307492358,True,stable_correct,0.03332395419245787
annual_head_weighted_slopes,learned_market,2020-12-31,2021-10-22,2606,negative_low,2021,0.61202639521573,0,0.5976160580683919,True,stable_wrong,0.01743135557955733,0.6150125239069105,True,stable_wrong,-0.0036640961215873014,0.5976160580683919,True,stable_wrong,0.01743135557955733
annual_head_weighted_slopes,learned_market,2020-12-31,2021-10-29,2611,nonnegative_low,2021,0.6201112119321622,0,0.6294381294706985,True,stable_wrong,-0.011654443667596881,0.6228531432302421,True,stable_wrong,-0.003408122867817498,0.6294381294706985,True,stable_wrong,-0.011654443667596881
annual_head_weighted_slopes,learned_market,2020-12-31,2021-11-05,2616,negative_low,2021,0.6378876263166895,1,0.6420837315685839,True,stable_correct,0.003021315966691973,0.6407596673873215,True,stable_correct,0.0020717545988936104,0.6420837315685839,True,stable_correct,0.003021315966691973
annual_head_weighted_slopes,learned_market,2020-12-31,2021-11-12,2621,negative_low,2021,0.7274731794678612,1,0.7420425930318122,True,stable_correct,0.0077288440996053365,0.7299919557729978,True,stable_correct,0.0013665239620658381,0.7420425930318122,True,stable_correct,0.0077288440996053365
annual_head_weighted_slopes,learned_market,2020-12-31,2021-11-19,2626,negative_low,2021,0.7212352635057373,0,0.7309265276963925,True,stable_wrong,-0.014073283566114925,0.7239431962926437,True,stable_wrong,-0.003913446134218845,0.7309265276963925,True,stable_wrong,-0.014073283566114925
annual_head_weighted_slopes,learned_market,2020-12-31,2021-11-26,2631,negative_low,2021,0.6558997703917859,1,0.6595534416987826,True,stable_correct,0.0025011089572814227,0.6585443599254431,True,stable_correct,0.0018130138777003174,0.6595534416987826,True,stable_correct,0.0025011089572814227
annual_head_weighted_slopes,learned_market,2020-12-31,2021-12-03,2636,nonnegative_low,2021,0.5785815413843105,1,0.5844375472219051,True,stable_correct,0.00490136510307726,0.5816165801248004,True,stable_correct,0.002548831235556076,0.5844375472219051,True,stable_correct,0.00490136510307726
annual_head_weighted_slopes,learned_market,2020-12-31,2021-12-10,2641,nonnegative_low,2021,0.6560426279213109,0,0.6313052673177206,True,stable_wrong,0.0318455891068008,0.658850937982694,True,stable_wrong,-0.003692628830776201,0.6313052673177206,True,stable_wrong,0.0318455891068008
annual_head_weighted_slopes,learned_market,2020-12-31,2021-12-17,2646,nonnegative_low,2021,0.7115379518948631,0,0.7102698066895492,True,stable_wrong,0.0018030586919269842,0.7141926006880258,True,stable_wrong,-0.003784813890789329,0.7102698066895492,True,stable_wrong,0.0018030586919269842
annual_head_weighted_slopes,learned_market,2020-12-31,2021-12-24,2651,nonnegative_low,2021,0.6441388994822138,1,0.6253546455071003,True,stable_correct,-0.013722018781380546,0.6471947114105557,True,stable_correct,0.0021655512050488823,0.6253546455071003,True,stable_correct,-0.013722018781380546
annual_head_weighted_slopes,learned_market,2020-12-31,2021-12-31,2656,nonnegative_low,2021,0.7344669159893757,0,0.7346042709837306,True,stable_wrong,-0.00020178426459360743,0.7369646731621499,True,stable_wrong,-0.0036752788060496755,0.7346042709837306,True,stable_wrong,-0.00020178426459360743
annual_head_weighted_intercept,learned_vol_interaction,2020-12-31,2021-01-08,2418,nonnegative_low,2021,0.5027551385168461,0,0.5001109789678101,True,stable_wrong,0.0026517380209516994,0.5186063486018145,True,stable_wrong,-0.016189815505013694,0.5001109789678101,True,stable_wrong,0.0026517380209516994
annual_head_weighted_intercept,learned_vol_interaction,2020-12-31,2021-01-15,2423,nonnegative_high,2021,0.3576230057714221,1,0.35551204281105386,True,stable_wrong,-0.002716524247438401,0.3896637542484327,True,stable_wrong,0.04013786983602491,0.35551204281105386,True,stable_wrong,-0.002716524247438401
annual_head_weighted_intercept,learned_vol_interaction,2020-12-31,2021-01-22,2428,nonnegative_high,2021,0.3822193844023376,0,0.3798623603077121,True,stable_correct,0.0017962450343558534,0.40616891635600155,True,stable_correct,-0.018881530800906654,0.3798623603077121,True,stable_correct,0.0017962450343558534
annual_head_weighted_intercept,learned_vol_interaction,2020-12-31,2021-01-29,2433,nonnegative_high,2021,0.4226330442103518,1,0.4201105418958859,True,stable_wrong,-0.002919181982477592,0.4340352863085557,True,stable_wrong,0.013036544493966962,0.4201105418958859,True,stable_wrong,-0.002919181982477592
annual_head_weighted_intercept,learned_vol_interaction,2020-12-31,2021-02-05,2438,nonnegative_high,2021,0.5070357605185469,1,0.504404005233663,True,stable_correct,-0.0026016486209076983,0.5426883383000201,True,stable_correct,0.03387978548073051,0.504404005233663,True,stable_correct,-0.0026016486209076983
annual_head_weighted_intercept,learned_vol_interaction,2020-12-31,2021-02-19,2443,nonnegative_high,2021,0.42849050548117473,0,0.42599869993369827,True,stable_correct,0.0021292209423115493,0.4599513911529289,True,stable_correct,-0.02795116893600194,0.42599869993369827,True,stable_correct,0.0021292209423115493
annual_head_weighted_intercept,learned_vol_interaction,2020-12-31,2021-02-26,2448,nonnegative_high,2021,0.5108670521922809,0,0.5082594510159223,True,stable_wrong,0.0026574754686239377,0.5331148578706756,True,stable_wrong,-0.023226306666840002,0.5082594510159223,True,stable_wrong,0.0026574754686239377
annual_head_weighted_intercept,learned_vol_interaction,2020-12-31,2021-03-05,2453,nonnegative_high,2021,0.43728205670919684,0,0.4347503669388922,True,stable_correct,0.002207715566323848,0.4464783243547745,True,stable_correct,-0.008127296998822003,0.4347503669388922,True,stable_correct,0.002207715566323848
annual_head_weighted_intercept,learned_vol_interaction,2020-12-31,2021-03-12,2458,nonnegative_high,2021,0.40757206682559,0,0.405302595319405,True,stable_correct,0.0018447958838378187,0.39421177655028644,True,stable_correct,0.010712064885550238,0.405302595319405,True,stable_correct,0.0018447958838378187
annual_head_weighted_intercept,learned_vol_interaction,2020-12-31,2021-03-19,2463,negative_high,2021,0.5428998134236368,1,0.5402439465622171,True,stable_correct,-0.0024350481045394556,0.5209562544749634,True,stable_correct,-0.02054232955850996,0.5402439465622171,True,stable_correct,-0.0024350481045394556
annual_head_weighted_intercept,learned_vol_interaction,2020-12-31,2021-03-26,2468,nonnegative_high,2021,0.5476794728101791,1,0.5450683950610348,True,stable_correct,-0.002368905855065273,0.5173136807749489,True,stable_correct,-0.02839222344975048,0.5450683950610348,True,stable_correct,-0.002368905855065273
annual_head_weighted_intercept,learned_vol_interaction,2020-12-31,2021-04-02,2473,negative_high,2021,0.5964512079914273,0,0.5939565973257132,True,stable_wrong,0.002969604007693416,0.5558376130135603,True,stable_wrong,0.04679859147382043,0.5939565973257132,True,stable_wrong,0.002969604007693416
annual_head_weighted_intercept,learned_vol_interaction,2020-12-31,2021-04-09,2477,negative_high,2021,0.642424750228037,0,0.6399401089653199,True,stable_wrong,0.0031862166430101646,0.5929925991036855,True,stable_wrong,0.06106933711381146,0.6399401089653199,True,stable_wrong,0.0031862166430101646
annual_head_weighted_intercept,learned_vol_interaction,2020-12-31,2021-04-16,2482,negative_high,2021,0.5693655570438279,1,0.5667835261923418,True,stable_correct,-0.0022304897181686656,0.5286410202570454,True,stable_correct,-0.03673326432414639,0.5667835261923418,True,stable_correct,-0.0022304897181686656
annual_head_weighted_intercept,learned_vol_interaction,2020-12-31,2021-04-23,2487,negative_high,2021,0.6485404264391917,0,0.6460898518291928,True,stable_wrong,0.0031725880892604086,0.6357213259697686,True,stable_wrong,0.016463080433167854,0.6460898518291928,True,stable_wrong,0.0031725880892604086
annual_head_weighted_intercept,learned_vol_interaction,2020-12-31,2021-04-30,2492,negative_low,2021,0.6290110897595346,0,0.6264560679312087,True,stable_wrong,0.003207745992646116,0.6237058751132974,True,stable_wrong,0.006645932389633069,0.6264560679312087,True,stable_wrong,0.003207745992646116
annual_head_weighted_intercept,learned_vol_interaction,2020-12-31,2021-05-07,2494,negative_high,2021,0.6904321744613183,1,0.6880829136272375,True,stable_correct,-0.00146003016252573,0.6923313140277307,True,stable_correct,0.0011722182808448084,0.6880829136272375,True,stable_correct,-0.00146003016252573
annual_head_weighted_intercept,learned_vol_interaction,2020-12-31,2021-05-14,2499,negative_high,2021,0.5458511520601239,1,0.5431524131139366,True,stable_correct,-0.0024585415585025583,0.528174889243873,True,stable_correct,-0.016367759054914804,0.5431524131139366,True,stable_correct,-0.0024585415585025583
annual_head_weighted_intercept,learned_vol_interaction,2020-12-31,2021-05-21,2504,negative_low,2021,0.6221011985112642,1,0.6195824746570046,True,stable_correct,-0.001909989421465641,0.6460894629552624,True,stable_correct,0.017554835935328333,0.6195824746570046,True,stable_correct,-0.001909989421465641
annual_head_weighted_intercept,learned_vol_interaction,2020-12-31,2021-05-28,2509,negative_high,2021,0.5522736501807285,0,0.5496184120327744,True,stable_wrong,0.002925785838517103,0.5465098765096119,True,stable_wrong,0.006333139561394419,0.5496184120327744,True,stable_wrong,0.002925785838517103
annual_head_weighted_intercept,learned_vol_interaction,2020-12-31,2021-06-04,2514,nonnegative_high,2021,0.41405182092507414,0,0.41165456928956967,True,stable_correct,0.0019794259943885506,0.4072457163327745,True,stable_correct,0.005589836939975029,0.41165456928956967,True,stable_correct,0.0019794259943885506
annual_head_weighted_intercept,learned_vol_interaction,2020-12-31,2021-06-11,2519,nonnegative_low,2021,0.3277460634203011,0,0.3253630552252414,True,stable_correct,0.0015563643820005468,0.32239129169747355,True,stable_correct,0.0034813371251385533,0.3253630552252414,True,stable_correct,0.0015563643820005468
annual_head_weighted_intercept,learned_vol_interaction,2020-12-31,2021-06-18,2523,nonnegative_low,2021,0.3777728350156096,1,0.375090920981986,True,stable_wrong,-0.0033447121946306724,0.38865774078161924,True,stable_wrong,0.013427286938277938,0.375090920981986,True,stable_wrong,-0.0033447121946306724
annual_head_weighted_intercept,learned_vol_interaction,2020-12-31,2021-06-25,2528,nonnegative_low,2021,0.36255614794542296,0,0.36023257126899333,True,stable_correct,0.0016794550099530625,0.33833437900059365,True,stable_correct,0.01697680839930607,0.36023257126899333,True,stable_correct,0.0016794550099530625
annual_head_weighted_intercept,learned_vol_interaction,2020-12-31,2021-07-02,2533,negative_high,2021,0.4504960251975227,1,0.4477770399740965,True,stable_wrong,-0.002995579256048986,0.46667975068101536,True,stable_wrong,0.017524129990057702,0.4477770399740965,True,stable_wrong,-0.002995579256048986
annual_head_weighted_intercept,learned_vol_interaction,2020-12-31,2021-07-09,2538,nonnegative_high,2021,0.40664999915308275,0,0.4043511725914635,True,stable_correct,0.0018643510351106785,0.41442870563490414,True,stable_correct,-0.006386930243019839,0.4043511725914635,True,stable_correct,0.0018643510351106785
annual_head_weighted_intercept,learned_vol_interaction,2020-12-31,2021-07-16,2543,nonnegative_high,2021,0.3858018920323345,0,0.3831343843139412,True,stable_correct,0.0020511434521062744,0.39933152588360415,True,stable_correct,-0.010622567668798544,0.3831343843139412,True,stable_correct,0.0020511434521062744
annual_head_weighted_intercept,learned_vol_interaction,2020-12-31,2021-07-23,2548,nonnegative_high,2021,0.47655968524072456,0,0.47403532351160904,True,stable_correct,0.002399645659982602,0.49377902064273077,True,stable_correct,-0.016708587630155897,0.47403532351160904,True,stable_correct,0.002399645659982602
annual_head_weighted_intercept,learned_vol_interaction,2020-12-31,2021-07-30,2553,negative_high,2021,0.5184585351808314,1,0.5158397070401711,True,stable_correct,-0.0025290069387567393,0.5328899970157903,True,stable_correct,0.013690427452282217,0.5158397070401711,True,stable_correct,-0.0025290069387567393
annual_head_weighted_intercept,learned_vol_interaction,2020-12-31,2021-08-06,2558,negative_high,2021,0.5247476491298912,1,0.5221641914912024,True,stable_correct,-0.0024622628856913187,0.5426295915030167,True,stable_correct,0.016677106438867578,0.5221641914912024,True,stable_correct,-0.0024622628856913187
annual_head_weighted_intercept,learned_vol_interaction,2020-12-31,2021-08-13,2563,negative_high,2021,0.6348734377400677,0,0.6330592332697833,True,stable_wrong,0.0023002891197656528,0.6395093915175165,True,stable_wrong,-0.005907979891212667,0.6330592332697833,True,stable_wrong,0.0023002891197656528
annual_head_weighted_intercept,learned_vol_interaction,2020-12-31,2021-08-20,2568,negative_high,2021,0.5831085206111215,1,0.5807600815768835,True,stable_correct,-0.00196360361237366,0.5948549757184005,True,stable_correct,0.00965601488690987,0.5807600815768835,True,stable_correct,-0.00196360361237366
annual_head_weighted_intercept,learned_vol_interaction,2020-12-31,2021-08-27,2573,negative_high,2021,0.6867475790436304,0,0.684781630278194,True,stable_wrong,0.002696356155826085,0.6665418999976859,True,stable_wrong,0.027344132869762283,0.684781630278194,True,stable_wrong,0.002696356155826085
annual_head_weighted_intercept,learned_vol_interaction,2020-12-31,2021-09-03,2578,negative_high,2021,0.6995898520138056,1,0.6971831922611704,True,stable_correct,-0.0014517620360480765,0.6944008613476207,True,stable_correct,-0.003144576531988963,0.6971831922611704,True,stable_correct,-0.0014517620360480765
annual_head_weighted_intercept,learned_vol_interaction,2020-12-31,2021-09-10,2583,negative_high,2021,0.6882170651345302,0,0.6857683222036356,True,stable_wrong,0.003364537004396817,0.6802024888865249,True,stable_wrong,0.010967302854963112,0.6857683222036356,True,stable_wrong,0.003364537004396817
annual_head_weighted_intercept,learned_vol_interaction,2020-12-31,2021-09-17,2588,negative_high,2021,0.6797082671348272,1,0.6772407316852846,True,stable_correct,-0.0015867511412752389,0.6469208312945579,True,stable_correct,-0.022078105231950848,0.6772407316852846,True,stable_correct,-0.0015867511412752389
annual_head_weighted_intercept,learned_vol_interaction,2020-12-31,2021-09-24,2591,negative_low,2021,0.6219252457717372,1,0.6192024476302324,True,stable_correct,-0.002066256106044634,0.6051647575642604,True,stable_correct,-0.01295434888452801,0.6192024476302324,True,stable_correct,-0.002066256106044634
annual_head_weighted_intercept,learned_vol_interaction,2020-12-31,2021-10-08,2596,negative_low,2021,0.7715193873421095,0,0.7697902922974685,True,stable_wrong,0.002665070929321889,0.7532533373673092,True,stable_wrong,0.02785157478975464,0.7697902922974685,True,stable_wrong,0.002665070929321889
annual_head_weighted_intercept,learned_vol_interaction,2020-12-31,2021-10-15,2601,negative_low,2021,0.7049120346599427,1,0.7026027173450938,True,stable_correct,-0.0013682364419872889,0.6584091753511762,True,stable_correct,-0.029607384195728642,0.7026027173450938,True,stable_correct,-0.0013682364419872889
annual_head_weighted_intercept,learned_vol_interaction,2020-12-31,2021-10-22,2606,negative_low,2021,0.6017318770315444,0,0.5992765447887267,True,stable_wrong,0.0029488747019909,0.6173711856467943,True,stable_wrong,-0.019065929031022832,0.5992765447887267,True,stable_wrong,0.0029488747019909
annual_head_weighted_intercept,learned_vol_interaction,2020-12-31,2021-10-29,2611,nonnegative_low,2021,0.631566373865417,0,0.6294976157556421,True,stable_wrong,0.0026088363554737093,0.6286516778910193,True,stable_wrong,0.003673152482317865,0.6294976157556421,True,stable_wrong,0.0026088363554737093
annual_head_weighted_intercept,learned_vol_interaction,2020-12-31,2021-11-05,2616,negative_low,2021,0.6535140381198766,1,0.6510774730141534,True,stable_correct,-0.0016944080581945409,0.6582491167635866,True,stable_correct,0.003258855587125603,0.6510774730141534,True,stable_correct,-0.0016944080581945409
annual_head_weighted_intercept,learned_vol_interaction,2020-12-31,2021-11-12,2621,negative_low,2021,0.754884478247317,1,0.7527293392289612,True,stable_correct,-0.001061160674056101,0.744040284776319,True,stable_correct,-0.005433756813297837,0.7527293392289612,True,stable_correct,-0.001061160674056101
annual_head_weighted_intercept,learned_vol_interaction,2020-12-31,2021-11-19,2626,negative_low,2021,0.7532730434193003,0,0.7508342641035025,True,stable_wrong,0.0036681857903270165,0.7432237496020325,True,stable_wrong,0.015038735969670425,0.7508342641035025,True,stable_wrong,0.0036681857903270165
annual_head_weighted_intercept,learned_vol_interaction,2020-12-31,2021-11-26,2631,negative_low,2021,0.6738680791653056,1,0.6716157087116513,True,stable_correct,-0.0014742129776236235,0.6800312979404161,True,stable_correct,0.003982059489632608,0.6716157087116513,True,stable_correct,-0.0014742129776236235
annual_head_weighted_intercept,learned_vol_interaction,2020-12-31,2021-12-03,2636,nonnegative_low,2021,0.5950770284684245,1,0.5924329023825453,True,stable_correct,-0.0021483261863547154,0.5995893610318153,True,stable_correct,0.003633933075051138,0.5924329023825453,True,stable_correct,-0.0021483261863547154
annual_head_weighted_intercept,learned_vol_interaction,2020-12-31,2021-12-10,2641,nonnegative_low,2021,0.6381257532258261,0,0.635674033315865,True,stable_wrong,0.00312300029796847,0.6668260618968898,True,stable_wrong,-0.03745251989488674,0.635674033315865,True,stable_wrong,0.00312300029796847
annual_head_weighted_intercept,learned_vol_interaction,2020-12-31,2021-12-17,2646,nonnegative_low,2021,0.721881324033112,0,0.719597170505809,True,stable_wrong,0.003292558187832584,0.724674509569189,True,stable_wrong,-0.00404049883154578,0.719597170505809,True,stable_wrong,0.003292558187832584
annual_head_weighted_intercept,learned_vol_interaction,2020-12-31,2021-12-24,2651,nonnegative_low,2021,0.6408146703208818,1,0.6380429383106351,True,stable_correct,-0.0019988134501018884,0.6638500627576095,True,stable_correct,0.016017320748633754,0.6380429383106351,True,stable_correct,-0.0019988134501018884
annual_head_weighted_intercept,learned_vol_interaction,2020-12-31,2021-12-31,2656,nonnegative_low,2021,0.744704436940527,0,0.7425169613653999,True,stable_wrong,0.0032532604836005286,0.7482718964202846,True,stable_wrong,-0.005326132573501785,0.7425169613653999,True,stable_wrong,0.0032532604836005286
annual_head_weighted_slopes,learned_vol_interaction,2020-12-31,2021-01-08,2418,nonnegative_low,2021,0.5159666300436853,0,0.5001109789678101,True,stable_wrong,0.016110572034495785,0.5186063486018145,True,stable_wrong,-0.0027309814914696084,0.5001109789678101,True,stable_wrong,0.016110572034495785
annual_head_weighted_slopes,learned_vol_interaction,2020-12-31,2021-01-15,2423,nonnegative_high,2021,0.38735727479688126,1,0.35551204281105386,True,stable_wrong,-0.040033618217276745,0.3896637542484327,True,stable_wrong,0.0028207758661865645,0.35551204281105386,True,stable_wrong,-0.040033618217276745
annual_head_weighted_slopes,learned_vol_interaction,2020-12-31,2021-01-22,2428,nonnegative_high,2021,0.40373918263365827,0,0.3798623603077121,True,stable_correct,0.018709914815148387,0.40616891635600155,True,stable_correct,-0.00196786102011412,0.3798623603077121,True,stable_correct,0.018709914815148387
annual_head_weighted_slopes,learned_vol_interaction,2020-12-31,2021-01-29,2433,nonnegative_high,2021,0.4314617826707579,1,0.4201105418958859,True,stable_wrong,-0.013036079056370498,0.4340352863085557,True,stable_wrong,0.0029196474200740563,0.4201105418958859,True,stable_wrong,-0.013036079056370498
annual_head_weighted_slopes,learned_vol_interaction,2020-12-31,2021-02-05,2438,nonnegative_high,2021,0.5401213953829022,1,0.504404005233663,True,stable_correct,-0.03412705904386609,0.5426883383000201,True,stable_correct,0.0023543750577721123,0.504404005233663,True,stable_correct,-0.03412705904386609
annual_head_weighted_slopes,learned_vol_interaction,2020-12-31,2021-02-19,2443,nonnegative_high,2021,0.4574776521566779,0,0.42599869993369827,True,stable_correct,0.027810909877585305,0.4599513911529289,True,stable_correct,-0.0022694800007281857,0.42599869993369827,True,stable_correct,0.027810909877585305
annual_head_weighted_slopes,learned_vol_interaction,2020-12-31,2021-02-26,2448,nonnegative_high,2021,0.5305000799438777,0,0.5082594510159223,True,stable_wrong,0.02310266527345395,0.5331148578706756,True,stable_wrong,-0.0027811168620099913,0.5082594510159223,True,stable_wrong,0.02310266527345395
annual_head_weighted_slopes,learned_vol_interaction,2020-12-31,2021-03-05,2453,nonnegative_high,2021,0.44394030495203146,0,0.4347503669388922,True,stable_correct,0.00807511280740128,0.4464783243547745,True,stable_correct,-0.002259899757744571,0.4347503669388922,True,stable_correct,0.00807511280740128
annual_head_weighted_slopes,learned_vol_interaction,2020-12-31,2021-03-12,2458,nonnegative_high,2021,0.3919414391657183,0,0.405302595319405,True,stable_correct,-0.010652102037350925,0.39421177655028644,True,stable_correct,-0.0017848330356385056,0.405302595319405,True,stable_correct,-0.010652102037350925
annual_head_weighted_slopes,learned_vol_interaction,2020-12-31,2021-03-19,2463,negative_high,2021,0.5183082031682326,1,0.5402439465622171,True,stable_correct,0.02065135846233121,0.5209562544749634,True,stable_correct,0.0025440770083607067,0.5402439465622171,True,stable_correct,0.02065135846233121
annual_head_weighted_slopes,learned_vol_interaction,2020-12-31,2021-03-26,2468,nonnegative_high,2021,0.5147037496876287,1,0.5450683950610348,True,stable_correct,0.028549685394905044,0.5173136807749489,True,stable_correct,0.0025263678002198364,0.5450683950610348,True,stable_correct,0.028549685394905044
annual_head_weighted_slopes,learned_vol_interaction,2020-12-31,2021-04-02,2473,negative_high,2021,0.553223290017112,0,0.5939565973257132,True,stable_wrong,-0.04672843088938178,0.5558376130135603,True,stable_wrong,-0.002899443423254766,0.5939565973257132,True,stable_wrong,-0.04672843088938178
annual_head_weighted_slopes,learned_vol_interaction,2020-12-31,2021-04-09,2477,negative_high,2021,0.5907115421286787,0,0.6399401089653199,True,stable_wrong,-0.06058321705850378,0.5929925991036855,True,stable_wrong,-0.002700096587702483,0.6399401089653199,True,stable_wrong,-0.06058321705850378
annual_head_weighted_slopes,learned_vol_interaction,2020-12-31,2021-04-16,2482,negative_high,2021,0.5260907485790477,1,0.5667835261923418,True,stable_correct,0.036913465404026014,0.5286410202570454,True,stable_correct,0.0024106907980482872,0.5667835261923418,True,stable_correct,0.036913465404026014
annual_head_weighted_slopes,learned_vol_interaction,2020-12-31,2021-04-23,2487,negative_high,2021,0.6334135829317283,0,0.6460898518291928,True,stable_wrong,-0.016219329594258758,0.6357213259697686,True,stable_wrong,-0.0029288372503513127,0.6460898518291928,True,stable_wrong,-0.016219329594258758
annual_head_weighted_slopes,learned_vol_interaction,2020-12-31,2021-04-30,2492,negative_low,2021,0.6211816910440149,0,0.6264560679312087,True,stable_wrong,-0.006580511759529173,0.6237058751132974,True,stable_wrong,-0.00314232536254222,0.6264560679312087,True,stable_wrong,-0.006580511759529173
annual_head_weighted_slopes,learned_vol_interaction,2020-12-31,2021-05-07,2494,negative_high,2021,0.6901322557235509,1,0.6880829136272375,True,stable_correct,-0.0012742498282985043,0.6923313140277307,True,stable_correct,0.0013579986150720341,0.6880829136272375,True,stable_correct,-0.0012742498282985043
annual_head_weighted_slopes,learned_vol_interaction,2020-12-31,2021-05-14,2499,negative_high,2021,0.5254915550374909,1,0.5431524131139366,True,stable_correct,0.01644854669711926,0.528174889243873,True,stable_correct,0.0025393292007070134,0.5431524131139366,True,stable_correct,0.01644854669711926
annual_head_weighted_slopes,learned_vol_interaction,2020-12-31,2021-05-21,2504,negative_low,2021,0.6436764678456312,1,0.6195824746570046,True,stable_correct,-0.017751034021123047,0.6460894629552624,True,stable_correct,0.0017137913356709278,0.6195824746570046,True,stable_correct,-0.017751034021123047
annual_head_weighted_slopes,learned_vol_interaction,2020-12-31,2021-05-28,2509,negative_high,2021,0.543827544946852,0,0.5496184120327744,True,stable_wrong,-0.006332000202508237,0.5465098765096119,True,stable_wrong,-0.0029246464796309213,0.5496184120327744,True,stable_wrong,-0.006332000202508237
annual_head_weighted_slopes,learned_vol_interaction,2020-12-31,2021-06-04,2514,nonnegative_high,2021,0.40504562885851275,0,0.41165456928956967,True,stable_correct,-0.00539752295959306,0.4072457163327745,True,stable_correct,-0.001787112014006581,0.41165456928956967,True,stable_correct,-0.00539752295959306
annual_head_weighted_slopes,learned_vol_interaction,2020-12-31,2021-06-11,2519,nonnegative_low,2021,0.3201833587736849,0,0.3253630552252414,True,stable_correct,-0.0033437344699052407,0.32239129169747355,True,stable_correct,-0.0014187617267672342,0.3253630552252414,True,stable_correct,-0.0033437344699052407
annual_head_weighted_slopes,learned_vol_interaction,2020-12-31,2021-06-18,2523,nonnegative_low,2021,0.38609409687220625,1,0.375090920981986,True,stable_wrong,-0.01363089914399035,0.38865774078161924,True,stable_wrong,0.003141099988918261,0.375090920981986,True,stable_wrong,-0.01363089914399035
annual_head_weighted_slopes,learned_vol_interaction,2020-12-31,2021-06-25,2528,nonnegative_low,2021,0.3362002137900715,0,0.36023257126899333,True,stable_correct,-0.01673692165058059,0.33833437900059365,True,stable_correct,-0.0014395682612275834,0.36023257126899333,True,stable_correct,-0.01673692165058059
annual_head_weighted_slopes,learned_vol_interaction,2020-12-31,2021-07-02,2533,negative_high,2021,0.4640345700951303,1,0.4477770399740965,True,stable_wrong,-0.017691255526658733,0.46667975068101536,True,stable_wrong,0.002828453719447954,0.4477770399740965,True,stable_wrong,-0.017691255526658733
annual_head_weighted_slopes,learned_vol_interaction,2020-12-31,2021-07-09,2538,nonnegative_high,2021,0.4123104084733471,0,0.4043511725914635,True,stable_correct,0.00650000215936683,0.41442870563490414,True,stable_correct,-0.0017512791187636878,0.4043511725914635,True,stable_correct,0.00650000215936683
annual_head_weighted_slopes,learned_vol_interaction,2020-12-31,2021-07-16,2543,nonnegative_high,2021,0.3965880118954936,0,0.3831343843139412,True,stable_correct,0.010490094735597366,0.39933152588360415,True,stable_correct,-0.002183616385307452,0.3831343843139412,True,stable_correct,0.010490094735597366
annual_head_weighted_slopes,learned_vol_interaction,2020-12-31,2021-07-23,2548,nonnegative_high,2021,0.49132784617983044,0,0.47403532351160904,True,stable_correct,0.016693564494955265,0.49377902064273077,True,stable_correct,-0.0024146687951832335,0.47403532351160904,True,stable_correct,0.016693564494955265
annual_head_weighted_slopes,learned_vol_interaction,2020-12-31,2021-07-30,2553,negative_high,2021,0.5303186016025861,1,0.5158397070401711,True,stable_correct,-0.013810573278397131,0.5328899970157903,True,stable_correct,0.0024088611126418247,0.5158397070401711,True,stable_correct,-0.013810573278397131
annual_head_weighted_slopes,learned_vol_interaction,2020-12-31,2021-08-06,2558,negative_high,2021,0.5400813064668787,1,0.5221641914912024,True,stable_correct,-0.01680185523204311,0.5426295915030167,True,stable_correct,0.0023375140925157856,0.5221641914912024,True,stable_correct,-0.01680185523204311
annual_head_weighted_slopes,learned_vol_interaction,2020-12-31,2021-08-13,2563,negative_high,2021,0.6376880852655026,0,0.6330592332697833,True,stable_wrong,0.005882101261456996,0.6395093915175165,True,stable_wrong,-0.002326167749521324,0.6330592332697833,True,stable_wrong,0.005882101261456996
annual_head_weighted_slopes,learned_vol_interaction,2020-12-31,2021-08-20,2568,negative_high,2021,0.5926742001034087,1,0.5807600815768835,True,stable_correct,-0.009847801938023398,0.5948549757184005,True,stable_correct,0.001771816561260131,0.5807600815768835,True,stable_correct,-0.009847801938023398
annual_head_weighted_slopes,learned_vol_interaction,2020-12-31,2021-08-27,2573,negative_high,2021,0.664437385594676,0,0.684781630278194,True,stable_wrong,-0.02744884179057311,0.6665418999976859,True,stable_wrong,-0.0028010650766369105,0.684781630278194,True,stable_wrong,-0.02744884179057311
annual_head_weighted_slopes,learned_vol_interaction,2020-12-31,2021-09-03,2578,negative_high,2021,0.6919820801308211,1,0.6971831922611704,True,stable_correct,0.0031770199114006525,0.6944008613476207,True,stable_correct,0.0014842054154597661,0.6971831922611704,True,stable_correct,0.0031770199114006525
annual_head_weighted_slopes,learned_vol_interaction,2020-12-31,2021-09-10,2583,negative_high,2021,0.6777631245322008,0,0.6857683222036356,True,stable_wrong,-0.010915338762337856,0.6802024888865249,True,stable_wrong,-0.0033125729117715608,0.6857683222036356,True,stable_wrong,-0.010915338762337856
annual_head_weighted_slopes,learned_vol_interaction,2020-12-31,2021-09-17,2588,negative_high,2021,0.6444192075283404,1,0.6772407316852846,True,stable_correct,0.022264154691723048,0.6469208312945579,True,stable_correct,0.001772800601047439,0.6772407316852846,True,stable_correct,0.022264154691723048
annual_head_weighted_slopes,learned_vol_interaction,2020-12-31,2021-09-24,2591,negative_low,2021,0.6025430736325699,1,0.6192024476302324,True,stable_correct,0.012965232426638856,0.6051647575642604,True,stable_correct,0.0020771396481554794,0.6192024476302324,True,stable_correct,0.012965232426638856
annual_head_weighted_slopes,learned_vol_interaction,2020-12-31,2021-10-08,2596,negative_low,2021,0.7514375552655918,0,0.7697902922974685,True,stable_wrong,-0.027918694651892784,0.7532533373673092,True,stable_wrong,-0.002732190791460032,0.7697902922974685,True,stable_wrong,-0.027918694651892784
annual_head_weighted_slopes,learned_vol_interaction,2020-12-31,2021-10-15,2601,negative_low,2021,0.6559389355304323,1,0.7026027173450938,True,stable_correct,0.029932872353409898,0.6584091753511762,True,stable_correct,0.0016937245996685446,0.7026027173450938,True,stable_correct,0.029932872353409898
annual_head_weighted_slopes,learned_vol_interaction,2020-12-31,2021-10-22,2606,negative_low,2021,0.6148930577520407,0,0.5992765447887267,True,stable_wrong,0.01896109533773971,0.6173711856467943,True,stable_wrong,-0.003053708395274024,0.5992765447887267,True,stable_wrong,0.01896109533773971
annual_head_weighted_slopes,learned_vol_interaction,2020-12-31,2021-10-29,2611,nonnegative_low,2021,0.6264168741258197,0,0.6294976157556421,True,stable_wrong,-0.0038691480524749577,0.6286516778910193,True,stable_wrong,-0.002804831925630802,0.6294976157556421,True,stable_wrong,-0.0038691480524749577
annual_head_weighted_slopes,learned_vol_interaction,2020-12-31,2021-11-05,2616,negative_low,2021,0.655837633083617,1,0.6510774730141534,True,stable_correct,-0.0032991950367017853,0.6582491167635866,True,stable_correct,0.0016540686086183587,0.6510774730141534,True,stable_correct,-0.0032991950367017853
annual_head_weighted_slopes,learned_vol_interaction,2020-12-31,2021-11-12,2621,negative_low,2021,0.7419149584312233,1,0.7527293392289612,True,stable_correct,0.005465109003411045,0.744040284776319,True,stable_correct,0.0010925128641693094,0.7527293392289612,True,stable_correct,0.005465109003411045
annual_head_weighted_slopes,learned_vol_interaction,2020-12-31,2021-11-19,2626,negative_low,2021,0.7407830010385626,0,0.7508342641035025,True,stable_wrong,-0.014992637524149033,0.7432237496020325,True,stable_wrong,-0.0036220873448056246,0.7508342641035025,True,stable_wrong,-0.014992637524149033
annual_head_weighted_slopes,learned_vol_interaction,2020-12-31,2021-11-26,2631,negative_low,2021,0.6777988225338508,1,0.6716157087116513,True,stable_correct,-0.004022644004378073,0.6800312979404161,True,stable_correct,0.0014336284628781587,0.6716157087116513,True,stable_correct,-0.004022644004378073
annual_head_weighted_slopes,learned_vol_interaction,2020-12-31,2021-12-03,2636,nonnegative_low,2021,0.5969746714746818,1,0.5924329023825453,True,stable_correct,-0.003681523627375144,0.5995893610318153,True,stable_correct,0.0021007356340307093,0.5924329023825453,True,stable_correct,-0.003681523627375144
annual_head_weighted_slopes,learned_vol_interaction,2020-12-31,2021-12-10,2641,nonnegative_low,2021,0.6645012037847507,0,0.635674033315865,True,stable_wrong,0.0374803731993234,0.6668260618968898,True,stable_wrong,-0.0030951469935318054,0.635674033315865,True,stable_wrong,0.0374803731993234
annual_head_weighted_slopes,learned_vol_interaction,2020-12-31,2021-12-17,2646,nonnegative_low,2021,0.7224213180176903,0,0.719597170505809,True,stable_wrong,0.004072472926450521,0.724674509569189,True,stable_wrong,-0.003260584092927843,0.719597170505809,True,stable_wrong,0.004072472926450521
annual_head_weighted_slopes,learned_vol_interaction,2020-12-31,2021-12-24,2651,nonnegative_low,2021,0.6611584904654645,1,0.6380429383106351,True,stable_correct,-0.016199345923156,0.6638500627576095,True,stable_correct,0.0018167882755796422,0.6380429383106351,True,stable_correct,-0.016199345923156
annual_head_weighted_slopes,learned_vol_interaction,2020-12-31,2021-12-31,2656,nonnegative_low,2021,0.7461734124427658,0,0.7425169613653999,True,stable_wrong,0.0054433235211750475,0.7482718964202846,True,stable_wrong,-0.003136069535927266,0.7425169613653999,True,stable_wrong,0.0054433235211750475
annual_head_weighted_intercept,learned_order_extension,2020-12-31,2021-01-08,2418,nonnegative_low,2021,0.5026595315273515,0,0.5006390642110335,True,stable_wrong,0.002027132021197142,0.5198873868699972,True,stable_wrong,-0.017616290391217704,0.5006390642110335,True,stable_wrong,0.002027132021197142
annual_head_weighted_intercept,learned_order_extension,2020-12-31,2021-01-15,2423,nonnegative_high,2021,0.36470340234595106,1,0.36312116261704536,True,stable_wrong,-0.0020128865154532827,0.396717509637615,True,stable_wrong,0.03965200381296946,0.36312116261704536,True,stable_wrong,-0.0020128865154532827
annual_head_weighted_intercept,learned_order_extension,2020-12-31,2021-01-22,2428,nonnegative_high,2021,0.38112665412225494,0,0.37937301567380316,True,stable_correct,0.001333641460989271,0.40508478074373516,True,stable_correct,-0.018836153107775033,0.37937301567380316,True,stable_correct,0.001333641460989271
annual_head_weighted_intercept,learned_order_extension,2020-12-31,2021-01-29,2433,nonnegative_high,2021,0.4184145565479489,1,0.4164878744676635,True,stable_wrong,-0.002244772607946366,0.42798454287900767,True,stable_wrong,0.01103994484998111,0.4164878744676635,True,stable_wrong,-0.002244772607946366
annual_head_weighted_intercept,learned_order_extension,2020-12-31,2021-02-05,2438,nonnegative_high,2021,0.5062545451791229,1,0.5042380009343977,True,stable_correct,-0.0019953855612474536,0.5402813684207484,True,stable_correct,0.03244335393517506,0.5042380009343977,True,stable_correct,-0.0019953855612474536
annual_head_weighted_intercept,learned_order_extension,2020-12-31,2021-02-19,2443,nonnegative_high,2021,0.4270322383572997,0,0.42515675648123086,True,stable_correct,0.001598265014805006,0.4573875239596254,True,stable_correct,-0.026846814477471254,0.42515675648123086,True,stable_correct,0.001598265014805006
annual_head_weighted_intercept,learned_order_extension,2020-12-31,2021-02-26,2448,nonnegative_high,2021,0.5084898735238709,0,0.5065047107806523,True,stable_wrong,0.0020149294333299816,0.5288900261901262,True,stable_wrong,-0.021162708327070123,0.5065047107806523,True,stable_wrong,0.0020149294333299816
annual_head_weighted_intercept,learned_order_extension,2020-12-31,2021-03-05,2453,nonnegative_high,2021,0.43422804267262144,0,0.4322911173519873,True,stable_correct,0.00167838290186631,0.44016828091920107,True,stable_correct,-0.005194122484068753,0.4322911173519873,True,stable_correct,0.00167838290186631
annual_head_weighted_intercept,learned_order_extension,2020-12-31,2021-03-12,2458,nonnegative_high,2021,0.4083273887885039,0,0.406572306570359,True,stable_correct,0.0014302159648960644,0.3914752932267091,True,stable_correct,0.013478351227900143,0.406572306570359,True,stable_correct,0.0014302159648960644
annual_head_weighted_intercept,learned_order_extension,2020-12-31,2021-03-19,2463,negative_high,2021,0.5407297834993018,1,0.5386848938940715,True,stable_correct,-0.0018824953569258895,0.5203040312523762,True,stable_correct,-0.01917909066812304,0.5386848938940715,True,stable_correct,-0.0018824953569258895
annual_head_weighted_intercept,learned_order_extension,2020-12-31,2021-03-26,2468,nonnegative_high,2021,0.5462831078483671,1,0.5442947824313656,True,stable_correct,-0.001808227095539905,0.5140308242900267,True,stable_correct,-0.030307021516494448,0.5442947824313656,True,stable_correct,-0.001808227095539905
annual_head_weighted_intercept,learned_order_extension,2020-12-31,2021-04-02,2473,negative_high,2021,0.5920589415881976,0,0.5901464235834604,True,stable_wrong,0.002260989046187767,0.5497209475837131,True,stable_wrong,0.04834067010220128,0.5901464235834604,True,stable_wrong,0.002260989046187767
annual_head_weighted_intercept,learned_order_extension,2020-12-31,2021-04-09,2477,negative_high,2021,0.6427559628208686,0,0.6408441297615027,True,stable_wrong,0.0024540290920039842,0.5927026135954104,True,stable_wrong,0.06183883957895131,0.6408441297615027,True,stable_wrong,0.0024540290920039842
annual_head_weighted_intercept,learned_order_extension,2020-12-31,2021-04-16,2482,negative_high,2021,0.5649632474764735,1,0.5629867708995021,True,stable_correct,-0.0017235863626282322,0.5246349606515261,True,stable_correct,-0.03671494458856006,0.5629867708995021,True,stable_correct,-0.0017235863626282322
annual_head_weighted_intercept,learned_order_extension,2020-12-31,2021-04-23,2487,negative_high,2021,0.6444615955544147,0,0.642585029256948,True,stable_wrong,0.0024152283193892288,0.631056552716594,True,stable_wrong,0.01709837541799064,0.642585029256948,True,stable_wrong,0.0024152283193892288
annual_head_weighted_intercept,learned_order_extension,2020-12-31,2021-04-30,2492,negative_low,2021,0.6385429743906591,0,0.6365345424008614,True,stable_wrong,0.002560906474195934,0.6348944167251672,True,stable_wrong,0.0046462097548796155,0.6365345424008614,True,stable_wrong,0.002560906474195934
annual_head_weighted_intercept,learned_order_extension,2020-12-31,2021-05-07,2494,negative_high,2021,0.7012615135175322,1,0.6994346823446485,True,stable_correct,-0.001094826871426785,0.7038289885306427,True,stable_correct,0.00152741527105342,0.6994346823446485,True,stable_correct,-0.001094826871426785
annual_head_weighted_intercept,learned_order_extension,2020-12-31,2021-05-14,2499,negative_high,2021,0.5304649237315584,1,0.5283838628629494,True,stable_correct,-0.0019585929616620645,0.5143540409572623,True,stable_correct,-0.01538880968812914,0.5283838628629494,True,stable_correct,-0.0019585929616620645
annual_head_weighted_intercept,learned_order_extension,2020-12-31,2021-05-21,2504,negative_low,2021,0.6221926027253715,1,0.6202659935193298,True,stable_correct,-0.0014594862424326949,0.645888159653225,True,stable_correct,0.017343233961649135,0.6202659935193298,True,stable_correct,-0.0014594862424326949
annual_head_weighted_intercept,learned_order_extension,2020-12-31,2021-05-28,2509,negative_high,2021,0.5515726995666582,0,0.5495391527897491,True,stable_wrong,0.0022391624583757985,0.5450602058366223,True,stable_wrong,0.007141814920589906,0.5495391527897491,True,stable_wrong,0.0022391624583757985
annual_head_weighted_intercept,learned_order_extension,2020-12-31,2021-06-04,2514,nonnegative_high,2021,0.40026907334687684,0,0.39851382905877525,True,stable_correct,0.0014020591268807114,0.39434770825152277,True,stable_correct,0.004705216074739338,0.39851382905877525,True,stable_correct,0.0014020591268807114
annual_head_weighted_intercept,learned_order_extension,2020-12-31,2021-06-11,2519,nonnegative_low,2021,0.29986385292824447,0,0.29803921217003776,True,stable_correct,0.0010909583020350527,0.2954750091260416,True,stable_correct,0.002612849274937476,0.29803921217003776,True,stable_correct,0.0010909583020350527
annual_head_weighted_intercept,learned_order_extension,2020-12-31,2021-06-18,2523,nonnegative_low,2021,0.3616444270338229,1,0.35952116838209697,True,stable_wrong,-0.0027152962136579584,0.37160771179054347,True,stable_wrong,0.01262096965585957,0.35952116838209697,True,stable_wrong,-0.0027152962136579584
annual_head_weighted_intercept,learned_order_extension,2020-12-31,2021-06-25,2528,nonnegative_low,2021,0.34998714193961944,0,0.348279001546368,True,stable_correct,0.0011927366049283294,0.32735634360545646,True,stable_correct,0.015328823824329652,0.348279001546368,True,stable_correct,0.0011927366049283294
annual_head_weighted_intercept,learned_order_extension,2020-12-31,2021-07-02,2533,negative_high,2021,0.44232631152963764,1,0.4401851587644354,True,stable_wrong,-0.00239271365546162,0.457212285646804,True,stable_wrong,0.016381439959372024,0.4401851587644354,True,stable_wrong,-0.00239271365546162
annual_head_weighted_intercept,learned_order_extension,2020-12-31,2021-07-09,2538,nonnegative_high,2021,0.3749340917332786,0,0.3732748188697102,True,stable_correct,0.0012414827416435958,0.3849822662764007,True,stable_correct,-0.0076357722034549325,0.3732748188697102,True,stable_correct,0.0012414827416435958
annual_head_weighted_intercept,learned_order_extension,2020-12-31,2021-07-16,2543,nonnegative_high,2021,0.34991526424214997,0,0.34783438394527116,True,stable_correct,0.001451933495067323,0.36678681124842133,True,stable_correct,-0.012091872756131411,0.34783438394527116,True,stable_correct,0.001451933495067323
annual_head_weighted_intercept,learned_order_extension,2020-12-31,2021-07-23,2548,nonnegative_high,2021,0.4546450388527114,0,0.45273974162825154,True,stable_correct,0.0017288377037674996,0.47351344723254957,True,stable_correct,-0.01751287335666904,0.45273974162825154,True,stable_correct,0.0017288377037674996
annual_head_weighted_intercept,learned_order_extension,2020-12-31,2021-07-30,2553,negative_high,2021,0.5061034215489528,1,0.5040850770672393,True,stable_correct,-0.0019977805817546213,0.5229440147970715,True,stable_correct,0.016351417187714712,0.5040850770672393,True,stable_correct,-0.0019977805817546213
annual_head_weighted_intercept,learned_order_extension,2020-12-31,2021-08-06,2558,negative_high,2021,0.5120355997000924,1,0.5100321261152053,True,stable_correct,-0.0019592614791375806,0.5300350960843111,True,stable_correct,0.017242245047565774,0.5100321261152053,True,stable_correct,-0.0019592614791375806
annual_head_weighted_intercept,learned_order_extension,2020-12-31,2021-08-13,2563,negative_high,2021,0.629994597491525,0,0.6287502754000712,True,stable_wrong,0.0015662840528431476,0.634275175986612,True,stable_wrong,-0.005411806004339048,0.6287502754000712,True,stable_wrong,0.0015662840528431476
annual_head_weighted_intercept,learned_order_extension,2020-12-31,2021-08-20,2568,negative_high,2021,0.5768518999873673,1,0.5751219959196094,True,stable_correct,-0.0014670038070353497,0.5885368765962833,True,stable_correct,0.009752412623158818,0.5751219959196094,True,stable_correct,-0.0014670038070353497
annual_head_weighted_intercept,learned_order_extension,2020-12-31,2021-08-27,2573,negative_high,2021,0.6896203238209901,0,0.6881622276551521,True,stable_wrong,0.0020089394556658813,0.6701437870095793,True,stable_wrong,0.02648349575942688,0.6881622276551521,True,stable_wrong,0.0020089394556658813
annual_head_weighted_intercept,learned_order_extension,2020-12-31,2021-09-03,2578,negative_high,2021,0.705247121371381,1,0.7033421202066962,True,stable_correct,-0.0011266381836009115,0.7016993706301619,True,stable_correct,-0.0021040060225841484,0.7033421202066962,True,stable_correct,-0.0011266381836009115
annual_head_weighted_intercept,learned_order_extension,2020-12-31,2021-09-10,2583,negative_high,2021,0.7011954508569994,0,0.6992720324115972,True,stable_wrong,0.0026936849895048964,0.6940380624745298,True,stable_wrong,0.009986228139151343,0.6992720324115972,True,stable_wrong,0.0026936849895048964
annual_head_weighted_intercept,learned_order_extension,2020-12-31,2021-09-17,2588,negative_high,2021,0.6951357875290552,1,0.6931938643725827,True,stable_correct,-0.0011878168130998457,0.6636512555965902,True,stable_correct,-0.02018828981622095,0.6931938643725827,True,stable_correct,-0.0011878168130998457
annual_head_weighted_intercept,learned_order_extension,2020-12-31,2021-09-24,2591,negative_low,2021,0.6340901330938261,1,0.6318702565312175,True,stable_correct,-0.0016294773270977003,0.6210243831199417,True,stable_correct,-0.009732487490326847,0.6318702565312175,True,stable_correct,-0.0016294773270977003
annual_head_weighted_intercept,learned_order_extension,2020-12-31,2021-10-08,2596,negative_low,2021,0.7908585879086169,0,0.7895870347169484,True,stable_wrong,0.0020096206757080903,0.7736393916768692,True,stable_wrong,0.026939397714655144,0.7895870347169484,True,stable_wrong,0.0020096206757080903
annual_head_weighted_intercept,learned_order_extension,2020-12-31,2021-10-15,2601,negative_low,2021,0.7259146635930445,1,0.7241302365044667,True,stable_correct,-0.0009813547777674653,0.6810664921479993,True,stable_correct,-0.0265958107974682,0.7241302365044667,True,stable_correct,-0.0009813547777674653
annual_head_weighted_intercept,learned_order_extension,2020-12-31,2021-10-22,2606,negative_low,2021,0.6046401192242032,0,0.602804055879815,True,stable_wrong,0.002216943990303588,0.6191995232067323,True,stable_wrong,-0.017818375763985927,0.602804055879815,True,stable_wrong,0.002216943990303588
annual_head_weighted_intercept,learned_order_extension,2020-12-31,2021-10-29,2611,nonnegative_low,2021,0.6514442599456962,0,0.6499997581410019,True,stable_wrong,0.001879938232834888,0.6495928075893813,True,stable_wrong,0.002408808144340857,0.6499997581410019,True,stable_wrong,0.001879938232834888
annual_head_weighted_intercept,learned_order_extension,2020-12-31,2021-11-05,2616,negative_low,2021,0.674356742894092,1,0.6725003061662672,True,stable_correct,-0.0012125185626442048,0.677646972225491,True,stable_correct,0.002132056383151129,0.6725003061662672,True,stable_correct,-0.0012125185626442048
annual_head_weighted_intercept,learned_order_extension,2020-12-31,2021-11-12,2621,negative_low,2021,0.7930492306621262,1,0.7914022685780658,True,stable_correct,-0.0006843926248395263,0.7824163348750771,True,stable_correct,-0.004514030399656727,0.7914022685780658,True,stable_correct,-0.0006843926248395263
annual_head_weighted_intercept,learned_order_extension,2020-12-31,2021-11-19,2626,negative_low,2021,0.7899234280478701,0,0.7879417755569235,True,stable_wrong,0.003126780511101379,0.7797564541489015,True,stable_wrong,0.015958894392030687,0.7879417755569235,True,stable_wrong,0.003126780511101379
annual_head_weighted_intercept,learned_order_extension,2020-12-31,2021-11-26,2631,negative_low,2021,0.7025070904324838,1,0.7008415401752934,True,stable_correct,-0.0009937528417442165,0.7085802296944004,True,stable_correct,0.003576548717977912,0.7008415401752934,True,stable_correct,-0.0009937528417442165
annual_head_weighted_intercept,learned_order_extension,2020-12-31,2021-12-03,2636,nonnegative_low,2021,0.607253130343158,1,0.605166828755996,True,stable_correct,-0.0016431294893484993,0.6124650680026108,True,stable_correct,0.004066780107027407,0.605166828755996,True,stable_correct,-0.0016431294893484993
annual_head_weighted_intercept,learned_order_extension,2020-12-31,2021-12-10,2641,nonnegative_low,2021,0.6549258432673079,0,0.6530811174906481,True,stable_wrong,0.0024129141565605305,0.6811740789385724,True,stable_wrong,-0.0350702656384182,0.6530811174906481,True,stable_wrong,0.0024129141565605305
annual_head_weighted_intercept,learned_order_extension,2020-12-31,2021-12-17,2646,nonnegative_low,2021,0.7574936126375649,0,0.7557500229636641,True,stable_wrong,0.0026384759771302946,0.7604244940825682,True,stable_wrong,-0.0044488380140206285,0.7557500229636641,True,stable_wrong,0.0026384759771302946
annual_head_weighted_intercept,learned_order_extension,2020-12-31,2021-12-24,2651,nonnegative_low,2021,0.649318739839387,1,0.6470152796423178,True,stable_correct,-0.0016208665781556192,0.6759495887893575,True,stable_correct,0.01796867722204902,0.6470152796423178,True,stable_correct,-0.0016208665781556192
annual_head_weighted_intercept,learned_order_extension,2020-12-31,2021-12-31,2656,nonnegative_low,2021,0.7700047614485267,0,0.7682908469452139,True,stable_wrong,0.002636507153608414,0.7725716741194262,True,stable_wrong,-0.003959658998290427,0.7682908469452139,True,stable_wrong,0.002636507153608414
annual_head_weighted_slopes,learned_order_extension,2020-12-31,2021-01-08,2418,nonnegative_low,2021,0.5178676772313606,0,0.5006390642110335,True,stable_wrong,0.017547458506905367,0.5198873868699972,True,stable_wrong,-0.002095963905509479,0.5006390642110335,True,stable_wrong,0.017547458506905367
annual_head_weighted_slopes,learned_order_extension,2020-12-31,2021-01-15,2423,nonnegative_high,2021,0.3949985507893949,1,0.36312116261704536,True,stable_wrong,-0.039587899959331596,0.396717509637615,True,stable_wrong,0.0020769903690911473,0.36312116261704536,True,stable_wrong,-0.039587899959331596
annual_head_weighted_slopes,learned_order_extension,2020-12-31,2021-01-22,2428,nonnegative_high,2021,0.40326496086504343,0,0.37937301567380316,True,stable_correct,0.01869874364004931,0.40508478074373516,True,stable_correct,-0.0014710509287149953,0.37937301567380316,True,stable_correct,0.01869874364004931
annual_head_weighted_slopes,learned_order_extension,2020-12-31,2021-01-29,2433,nonnegative_high,2021,0.42603071141506804,1,0.4164878744676635,True,stable_wrong,-0.011045656404572446,0.42798454287900767,True,stable_wrong,0.0022390610533550293,0.4164878744676635,True,stable_wrong,-0.011045656404572446
annual_head_weighted_slopes,learned_order_extension,2020-12-31,2021-02-05,2438,nonnegative_high,2021,0.5383210208383574,1,0.5042380009343977,True,stable_correct,-0.03263247991778581,0.5402813684207484,True,stable_correct,0.0018062595786366986,0.5042380009343977,True,stable_correct,-0.03263247991778581
annual_head_weighted_slopes,learned_order_extension,2020-12-31,2021-02-19,2443,nonnegative_high,2021,0.45553487132084686,0,0.42515675648123086,True,stable_correct,0.02675375140765987,0.4573875239596254,True,stable_correct,-0.0016913280846163892,0.42515675648123086,True,stable_correct,0.02675375140765987
annual_head_weighted_slopes,learned_order_extension,2020-12-31,2021-02-26,2448,nonnegative_high,2021,0.5268987511865145,0,0.5065047107806523,True,stable_wrong,0.021075271958916286,0.5288900261901262,True,stable_wrong,-0.0021023658014838187,0.5065047107806523,True,stable_wrong,0.021075271958916286
annual_head_weighted_slopes,learned_order_extension,2020-12-31,2021-03-05,2453,nonnegative_high,2021,0.4382365360183326,0,0.4322911173519873,True,stable_correct,0.00517565135991771,0.44016828091920107,True,stable_correct,-0.0016968540260173526,0.4322911173519873,True,stable_correct,0.00517565135991771
annual_head_weighted_slopes,learned_order_extension,2020-12-31,2021-03-12,2458,nonnegative_high,2021,0.38973056341182327,0,0.406572306570359,True,stable_correct,-0.013411128412644746,0.3914752932267091,True,stable_correct,-0.0013629931496406678,0.406572306570359,True,stable_correct,-0.013411128412644746
annual_head_weighted_slopes,learned_order_extension,2020-12-31,2021-03-19,2463,negative_high,2021,0.5182727484299111,1,0.5386848938940715,True,stable_correct,0.019249517783747616,0.5203040312523762,True,stable_correct,0.0019529224725504668,0.5386848938940715,True,stable_correct,0.019249517783747616
annual_head_weighted_slopes,learned_order_extension,2020-12-31,2021-03-26,2468,nonnegative_high,2021,0.5120435172448662,1,0.5442947824313656,True,stable_correct,0.030434283743484808,0.5140308242900267,True,stable_correct,0.001935489322530265,0.5442947824313656,True,stable_correct,0.030434283743484808
annual_head_weighted_slopes,learned_order_extension,2020-12-31,2021-04-02,2473,negative_high,2021,0.5477189343339094,0,0.5901464235834604,True,stable_wrong,-0.048276770240475664,0.5497209475837131,True,stable_wrong,-0.002197089184462153,0.5901464235834604,True,stable_wrong,-0.048276770240475664
annual_head_weighted_slopes,learned_order_extension,2020-12-31,2021-04-09,2477,negative_high,2021,0.591027691015127,0,0.6408441297615027,True,stable_wrong,-0.061367467103105366,0.5927026135954104,True,stable_wrong,-0.0019826566161580406,0.6408441297615027,True,stable_wrong,-0.061367467103105366
annual_head_weighted_slopes,learned_order_extension,2020-12-31,2021-04-16,2482,negative_high,2021,0.5227130117812281,1,0.5629867708995021,True,stable_correct,0.03682230671410186,0.5246349606515261,True,stable_correct,0.001830948488170031,0.5629867708995021,True,stable_correct,0.03682230671410186
annual_head_weighted_slopes,learned_order_extension,2020-12-31,2021-04-23,2487,negative_high,2021,0.6293344623269114,0,0.642585029256948,True,stable_wrong,-0.01685365435285019,0.631056552716594,True,stable_wrong,-0.002170507254248777,0.642585029256948,True,stable_wrong,-0.01685365435285019
annual_head_weighted_slopes,learned_order_extension,2020-12-31,2021-04-30,2492,negative_low,2021,0.6329286808969238,0,0.6365345424008614,True,stable_wrong,-0.004577508567554012,0.6348944167251672,True,stable_wrong,-0.0024922052868703304,0.6365345424008614,True,stable_wrong,-0.004577508567554012
annual_head_weighted_slopes,learned_order_extension,2020-12-31,2021-05-07,2494,negative_high,2021,0.702155522399489,1,0.6994346823446485,True,stable_correct,-0.0016281773401410626,0.7038289885306427,True,stable_correct,0.0009940648023391424,0.6994346823446485,True,stable_correct,-0.0016281773401410626
annual_head_weighted_slopes,learned_order_extension,2020-12-31,2021-05-14,2499,negative_high,2021,0.5122943428093157,1,0.5283838628629494,True,stable_correct,0.015435027247723887,0.5143540409572623,True,stable_correct,0.0020048105212568113,0.5283838628629494,True,stable_correct,0.015435027247723887
annual_head_weighted_slopes,learned_order_extension,2020-12-31,2021-05-21,2504,negative_low,2021,0.6440487390737101,1,0.6202659935193298,True,stable_correct,-0.017496615522845954,0.645888159653225,True,stable_correct,0.0013061046812358756,0.6202659935193298,True,stable_correct,-0.017496615522845954
annual_head_weighted_slopes,learned_order_extension,2020-12-31,2021-05-28,2509,negative_high,2021,0.5429951976357269,0,0.5495391527897491,True,stable_wrong,-0.007149495793413063,0.5450602058366223,True,stable_wrong,-0.0022468433311989555,0.5495391527897491,True,stable_wrong,-0.007149495793413063
annual_head_weighted_slopes,learned_order_extension,2020-12-31,2021-06-04,2514,nonnegative_high,2021,0.39278074857011624,0,0.39851382905877525,True,stable_correct,-0.004536555503785872,0.39434770825152277,True,stable_correct,-0.0012333985559272453,0.39851382905877525,True,stable_correct,-0.004536555503785872
annual_head_weighted_slopes,learned_order_extension,2020-12-31,2021-06-11,2519,nonnegative_low,2021,0.2938276204774179,0,0.29803921217003776,True,stable_correct,-0.002492701435515249,0.2954750091260416,True,stable_correct,-0.0009708104626128256,0.29803921217003776,True,stable_correct,-0.002492701435515249
annual_head_weighted_slopes,learned_order_extension,2020-12-31,2021-06-18,2523,nonnegative_low,2021,0.3696200628115091,1,0.35952116838209697,True,stable_wrong,-0.01283426854086861,0.37160771179054347,True,stable_wrong,0.0025019973286489194,0.35952116838209697,True,stable_wrong,-0.01283426854086861
annual_head_weighted_slopes,learned_order_extension,2020-12-31,2021-06-25,2528,nonnegative_low,2021,0.32581141044385453,0,0.348279001546368,True,stable_correct,-0.015145187742721153,0.32735634360545646,True,stable_correct,-0.0010091005233198308,0.348279001546368,True,stable_correct,-0.015145187742721153
annual_head_weighted_slopes,learned_order_extension,2020-12-31,2021-07-02,2533,negative_high,2021,0.45514261136562206,1,0.4401851587644354,True,stable_wrong,-0.01652308251812684,0.457212285646804,True,stable_wrong,0.0022510710967068026,0.4401851587644354,True,stable_wrong,-0.01652308251812684
annual_head_weighted_slopes,learned_order_extension,2020-12-31,2021-07-09,2538,nonnegative_high,2021,0.3834712233616792,0,0.3732748188697102,True,stable_correct,0.007716088744287919,0.3849822662764007,True,stable_correct,-0.0011611662008106094,0.3732748188697102,True,stable_correct,0.007716088744287919
annual_head_weighted_slopes,learned_order_extension,2020-12-31,2021-07-16,2543,nonnegative_high,2021,0.36459985192674393,0,0.34783438394527116,True,stable_correct,0.011944293370417289,0.36678681124842133,True,stable_correct,-0.0015995128807814452,0.34783438394527116,True,stable_correct,0.011944293370417289
annual_head_weighted_slopes,learned_order_extension,2020-12-31,2021-07-23,2548,nonnegative_high,2021,0.4716550964196948,0,0.45273974162825154,True,stable_correct,0.01748525632905562,0.47351344723254957,True,stable_correct,-0.0017564547313809187,0.45273974162825154,True,stable_correct,0.01748525632905562
annual_head_weighted_slopes,learned_order_extension,2020-12-31,2021-07-30,2553,negative_high,2021,0.5209558693743568,1,0.5040850770672393,True,stable_correct,-0.016448331700527702,0.5229440147970715,True,stable_correct,0.0019008660689416312,0.5040850770672393,True,stable_correct,-0.016448331700527702
annual_head_weighted_slopes,learned_order_extension,2020-12-31,2021-08-06,2558,negative_high,2021,0.528069079071282,1,0.5100321261152053,True,stable_correct,-0.017349723310558146,0.5300350960843111,True,stable_correct,0.0018517832161452086,0.5100321261152053,True,stable_correct,-0.017349723310558146
annual_head_weighted_slopes,learned_order_extension,2020-12-31,2021-08-13,2563,negative_high,2021,0.6330306862932763,0,0.6287502754000712,True,stable_wrong,0.0054009409732709845,0.634275175986612,True,stable_wrong,-0.0015771490839112112,0.6287502754000712,True,stable_wrong,0.0054009409732709845
annual_head_weighted_slopes,learned_order_extension,2020-12-31,2021-08-20,2568,negative_high,2021,0.5869734909941239,1,0.5751219959196094,True,stable_correct,-0.009930421209755291,0.5885368765962833,True,stable_correct,0.0012889952204388766,0.5751219959196094,True,stable_correct,-0.009930421209755291
annual_head_weighted_slopes,learned_order_extension,2020-12-31,2021-08-27,2573,negative_high,2021,0.668579217109686,0,0.6881622276551521,True,stable_wrong,-0.026569082020300727,0.6701437870095793,True,stable_wrong,-0.00209452571653973,0.6881622276551521,True,stable_wrong,-0.026569082020300727
annual_head_weighted_slopes,learned_order_extension,2020-12-31,2021-09-03,2578,negative_high,2021,0.6997951875883707,1,0.7033421202066962,True,stable_correct,0.002117031751643253,0.7016993706301619,True,stable_correct,0.001139663912660016,0.7033421202066962,True,stable_correct,0.002117031751643253
annual_head_weighted_slopes,learned_order_extension,2020-12-31,2021-09-10,2583,negative_high,2021,0.6920961970318693,0,0.6992720324115972,True,stable_wrong,-0.009984229367069719,0.6940380624745298,True,stable_wrong,-0.0026916862174232725,0.6992720324115972,True,stable_wrong,-0.009984229367069719
annual_head_weighted_slopes,learned_order_extension,2020-12-31,2021-09-17,2588,negative_high,2021,0.6616897954946128,1,0.6931938643725827,True,stable_correct,0.020323789613847718,0.6636512555965902,True,stable_correct,0.001323316610726613,0.6931938643725827,True,stable_correct,0.020323789613847718
annual_head_weighted_slopes,learned_order_extension,2020-12-31,2021-09-24,2591,negative_low,2021,0.6189050730994299,1,0.6318702565312175,True,stable_correct,0.009713835282959299,0.6210243831199417,True,stable_correct,0.0016108251197301526,0.6318702565312175,True,stable_correct,0.009713835282959299
annual_head_weighted_slopes,learned_order_extension,2020-12-31,2021-10-08,2596,negative_low,2021,0.7723245076659282,0,0.7895870347169484,True,stable_wrong,-0.026962540251684985,0.7736393916768692,True,stable_wrong,-0.0020327632127379314,0.7895870347169484,True,stable_wrong,-0.026962540251684985
annual_head_weighted_slopes,learned_order_extension,2020-12-31,2021-10-15,2601,negative_low,2021,0.6791671950431176,1,0.7241302365044667,True,stable_correct,0.02682956232541947,0.6810664921479993,True,stable_correct,0.0012151063057187356,0.7241302365044667,True,stable_correct,0.02682956232541947
annual_head_weighted_slopes,learned_order_extension,2020-12-31,2021-10-22,2606,negative_low,2021,0.6173369049078515,0,0.602804055879815,True,stable_wrong,0.017732124376050595,0.6191995232067323,True,stable_wrong,-0.0023031953782389203,0.602804055879815,True,stable_wrong,0.017732124376050595
annual_head_weighted_slopes,learned_order_extension,2020-12-31,2021-10-29,2611,nonnegative_low,2021,0.6479963638291205,0,0.6499997581410019,True,stable_wrong,-0.002600398047598984,0.6495928075893813,True,stable_wrong,-0.002071528136093015,0.6499997581410019,True,stable_wrong,-0.002600398047598984
annual_head_weighted_slopes,learned_order_extension,2020-12-31,2021-11-05,2616,negative_low,2021,0.6758007207745639,1,0.6725003061662672,True,stable_correct,-0.0021508768108964155,0.677646972225491,True,stable_correct,0.0011936981348989184,0.6725003061662672,True,stable_correct,-0.0021508768108964155
annual_head_weighted_slopes,learned_order_extension,2020-12-31,2021-11-12,2621,negative_low,2021,0.7808077370732646,1,0.7914022685780658,True,stable_correct,0.004532234572565741,0.7824163348750771,True,stable_correct,0.0007025967977485406,0.7914022685780658,True,stable_correct,0.004532234572565741
annual_head_weighted_slopes,learned_order_extension,2020-12-31,2021-11-19,2626,negative_low,2021,0.7777728664231298,0,0.7879417755569235,True,stable_wrong,-0.015921609923745472,0.7797564541489015,True,stable_wrong,-0.0030894960428161644,0.7879417755569235,True,stable_wrong,-0.015921609923745472
annual_head_weighted_slopes,learned_order_extension,2020-12-31,2021-11-26,2631,negative_low,2021,0.706892588179081,1,0.7008415401752934,True,stable_correct,-0.003583829220332735,0.7085802296944004,True,stable_correct,0.0009864723393893937,0.7008415401752934,True,stable_correct,-0.003583829220332735
annual_head_weighted_slopes,learned_order_extension,2020-12-31,2021-12-03,2636,nonnegative_low,2021,0.6103933052594565,1,0.605166828755996,True,stable_correct,-0.004099856527945894,0.6124650680026108,True,stable_correct,0.0016100530684300118,0.605166828755996,True,stable_correct,-0.004099856527945894
annual_head_weighted_slopes,learned_order_extension,2020-12-31,2021-12-10,2641,nonnegative_low,2021,0.6794309809508968,0,0.6530811174906481,True,stable_wrong,0.03511151185306416,0.6811740789385724,True,stable_wrong,-0.002371667941914568,0.6530811174906481,True,stable_wrong,0.03511151185306416
annual_head_weighted_slopes,learned_order_extension,2020-12-31,2021-12-17,2646,nonnegative_low,2021,0.7587075376120384,0,0.7557500229636641,True,stable_wrong,0.004479030419743735,0.7604244940825682,True,stable_wrong,-0.0026082835714071884,0.7557500229636641,True,stable_wrong,0.004479030419743735
annual_head_weighted_slopes,learned_order_extension,2020-12-31,2021-12-24,2651,nonnegative_low,2021,0.6737200739066317,1,0.6470152796423178,True,stable_correct,-0.018139622634497254,0.6759495887893575,True,stable_correct,0.0014499211657073852,0.6470152796423178,True,stable_correct,-0.018139622634497254
annual_head_weighted_slopes,learned_order_extension,2020-12-31,2021-12-31,2656,nonnegative_low,2021,0.77093807019784,0,0.7682908469452139,True,stable_wrong,0.004074682580575639,0.7725716741194262,True,stable_wrong,-0.002521483571323202,0.7682908469452139,True,stable_wrong,0.004074682580575639
annual_head_weighted_intercept,learned_order_offset,2020-12-31,2021-01-08,2418,nonnegative_low,2021,0.5030241273843021,0,0.5003806912174752,True,stable_wrong,0.0026524365874603384,0.51868276848346,True,stable_wrong,-0.015998541590927895,0.5003806912174752,True,stable_wrong,0.0026524365874603384
annual_head_weighted_intercept,learned_order_offset,2020-12-31,2021-01-15,2423,nonnegative_high,2021,0.36474977717461776,1,0.36260783043901706,True,stable_wrong,-0.002725932217959137,0.3956589234173908,True,stable_wrong,0.03831470875467069,0.36260783043901706,True,stable_wrong,-0.002725932217959137
annual_head_weighted_intercept,learned_order_offset,2020-12-31,2021-01-22,2428,nonnegative_high,2021,0.38106832777150546,0,0.3787130541287635,True,stable_correct,0.0017894930630357742,0.4051230739278302,True,stable_correct,-0.01891163459816264,0.3787130541287635,True,stable_correct,0.0017894930630357742
annual_head_weighted_intercept,learned_order_offset,2020-12-31,2021-01-29,2433,nonnegative_high,2021,0.4189618493857716,1,0.4164554105897655,True,stable_wrong,-0.0029189553607564256,0.430251588007212,True,stable_wrong,0.012992079500898979,0.4164554105897655,True,stable_wrong,-0.0029189553607564256
annual_head_weighted_intercept,learned_order_offset,2020-12-31,2021-02-05,2438,nonnegative_high,2021,0.5065988463587942,1,0.5039670690165114,True,stable_correct,-0.0026039702055975222,0.5417529000337699,True,stable_correct,0.03345429378701267,0.5039670690165114,True,stable_correct,-0.0026039702055975222
annual_head_weighted_intercept,learned_order_offset,2020-12-31,2021-02-19,2443,nonnegative_high,2021,0.42782771209874526,0,0.42533721989492773,True,stable_correct,0.0021248006117007556,0.45927667771423025,True,stable_correct,-0.027898515452574074,0.42533721989492773,True,stable_correct,0.0021248006117007556
annual_head_weighted_intercept,learned_order_offset,2020-12-31,2021-02-26,2448,nonnegative_high,2021,0.5092083762935875,0,0.5065994627417703,True,stable_wrong,0.0026501548373015216,0.5313811424490368,True,stable_wrong,-0.023072748062891724,0.5065994627417703,True,stable_wrong,0.0026501548373015216
annual_head_weighted_intercept,learned_order_offset,2020-12-31,2021-03-05,2453,nonnegative_high,2021,0.43455692600104984,0,0.4320308882235697,True,stable_correct,0.0021890335562353147,0.443770207964081,True,stable_correct,-0.008092275541001809,0.4320308882235697,True,stable_correct,0.0021890335562353147
annual_head_weighted_intercept,learned_order_offset,2020-12-31,2021-03-12,2458,nonnegative_high,2021,0.40835801458917337,0,0.4060817600083184,True,stable_correct,0.0018538722677580166,0.39471852392756523,True,stable_correct,0.010953554947655653,0.4060817600083184,True,stable_correct,0.0018538722677580166
annual_head_weighted_intercept,learned_order_offset,2020-12-31,2021-03-19,2463,negative_high,2021,0.5409830964859623,1,0.5383210910763112,True,stable_correct,-0.002450897233352345,0.5191346238987615,True,stable_correct,-0.020534992221370146,0.5383210910763112,True,stable_correct,-0.002450897233352345
annual_head_weighted_intercept,learned_order_offset,2020-12-31,2021-03-26,2468,nonnegative_high,2021,0.5464319803058166,1,0.5438246835940965,True,stable_correct,-0.002371970808723034,0.5158121688742688,True,stable_correct,-0.028713907320936455,0.5438246835940965,True,stable_correct,-0.002371970808723034
annual_head_weighted_intercept,learned_order_offset,2020-12-31,2021-04-02,2473,negative_high,2021,0.5921467448169109,0,0.5896433894721984,True,stable_wrong,0.0029584406490010817,0.551508729553637,True,stable_wrong,0.04647588862339713,0.5896433894721984,True,stable_wrong,0.0029584406490010817
annual_head_weighted_intercept,learned_order_offset,2020-12-31,2021-04-09,2477,negative_high,2021,0.6431355361370509,0,0.6406458102282867,True,stable_wrong,0.003196263679233924,0.5938787330559426,True,stable_wrong,0.0609313682661603,0.6406458102282867,True,stable_wrong,0.003196263679233924
annual_head_weighted_intercept,learned_order_offset,2020-12-31,2021-04-16,2482,negative_high,2021,0.5655341803233663,1,0.5629518022540277,True,stable_correct,-0.0022505786857133225,0.5260738663625991,True,stable_correct,-0.03584543167720641,0.5629518022540277,True,stable_correct,-0.0022505786857133225
annual_head_weighted_intercept,learned_order_offset,2020-12-31,2021-04-23,2487,negative_high,2021,0.6442261420584207,0,0.6417724828380976,True,stable_wrong,0.0031554023833000877,0.631780719000104,True,stable_wrong,0.015880445211188032,0.6417724828380976,True,stable_wrong,0.0031554023833000877
annual_head_weighted_intercept,learned_order_offset,2020-12-31,2021-04-30,2492,negative_low,2021,0.6386502834308305,0,0.6361187378686651,True,stable_wrong,0.003227135858656638,0.6334654007752288,True,stable_wrong,0.006595770546958868,0.6361187378686651,True,stable_wrong,0.003227135858656638
annual_head_weighted_intercept,learned_order_offset,2020-12-31,2021-05-07,2494,negative_high,2021,0.7012503577615751,1,0.698958669967258,True,stable_correct,-0.001374533650295412,0.7023687786320054,True,stable_correct,0.000667004804582691,0.698958669967258,True,stable_correct,-0.001374533650295412
annual_head_weighted_intercept,learned_order_offset,2020-12-31,2021-05-14,2499,negative_high,2021,0.5305257246485348,1,0.527861151299173,True,stable_correct,-0.002508997235759036,0.5162190208454575,True,stable_correct,-0.013637940574944524,0.527861151299173,True,stable_correct,-0.002508997235759036
annual_head_weighted_intercept,learned_order_offset,2020-12-31,2021-05-21,2504,negative_low,2021,0.6223689558297575,1,0.6198507894572789,True,stable_correct,-0.0019082167551464635,0.6462903320947159,True,stable_correct,0.017494676351441252,0.6198507894572789,True,stable_correct,-0.0019082167551464635
annual_head_weighted_intercept,learned_order_offset,2020-12-31,2021-05-28,2509,negative_high,2021,0.55167387437904,0,0.5490272722755067,True,stable_wrong,0.002913117970097412,0.5460953292664804,True,stable_wrong,0.0061239550257151665,0.5490272722755067,True,stable_wrong,0.002913117970097412
annual_head_weighted_intercept,learned_order_offset,2020-12-31,2021-06-04,2514,nonnegative_high,2021,0.4013427225472385,0,0.3989763480559578,True,stable_correct,0.0018938546335608986,0.3973840780198245,True,stable_correct,0.003161875477963705,0.3989763480559578,True,stable_correct,0.0018938546335608986
annual_head_weighted_intercept,learned_order_offset,2020-12-31,2021-06-11,2519,nonnegative_low,2021,0.30073951123522247,0,0.29847154631998074,True,stable_correct,0.0013589896553600905,0.2989743887803354,True,stable_correct,0.0010585684714253668,0.29847154631998074,True,stable_correct,0.0013589896553600905
annual_head_weighted_intercept,learned_order_offset,2020-12-31,2021-06-18,2523,nonnegative_low,2021,0.36228586879636576,1,0.35959854836621985,True,stable_wrong,-0.003434706117846742,0.37495456485134065,True,stable_wrong,0.015997517136629114,0.35959854836621985,True,stable_wrong,-0.003434706117846742
annual_head_weighted_intercept,learned_order_offset,2020-12-31,2021-06-25,2528,nonnegative_low,2021,0.3512185294529739,0,0.3489222314127858,True,stable_correct,0.0016077318570318494,0.3298654789871449,True,stable_correct,0.014543221203690948,0.3489222314127858,True,stable_correct,0.0016077318570318494
annual_head_weighted_intercept,learned_order_offset,2020-12-31,2021-07-02,2533,negative_high,2021,0.44342280040727955,1,0.4406863707503081,True,stable_wrong,-0.0030535567579867973,0.4605797432254019,True,stable_wrong,0.018803965687701707,0.4406863707503081,True,stable_wrong,-0.0030535567579867973
annual_head_weighted_intercept,learned_order_offset,2020-12-31,2021-07-09,2538,nonnegative_high,2021,0.37580022220700693,0,0.3736887510758036,True,stable_correct,0.0015825243302418635,0.3879505681624685,True,stable_correct,-0.00927983632674631,0.3736887510758036,True,stable_correct,0.0015825243302418635
annual_head_weighted_intercept,learned_order_offset,2020-12-31,2021-07-16,2543,nonnegative_high,2021,0.35059920924855853,0,0.34800081275372113,True,stable_correct,0.0018152398484640592,0.3694942395531882,True,stable_correct,-0.013606187537274314,0.34800081275372113,True,stable_correct,0.0018152398484640592
annual_head_weighted_intercept,learned_order_offset,2020-12-31,2021-07-23,2548,nonnegative_high,2021,0.45531859062013497,0,0.4528278558035155,True,stable_correct,0.0022619519726966575,0.47521878368299514,True,stable_correct,-0.01851787340083927,0.4528278558035155,True,stable_correct,0.0022619519726966575
annual_head_weighted_intercept,learned_order_offset,2020-12-31,2021-07-30,2553,negative_high,2021,0.5061052581205312,1,0.503468551293156,True,stable_correct,-0.0026114634987300933,0.5231927312539778,True,stable_correct,0.016586844527145678,0.503468551293156,True,stable_correct,-0.0026114634987300933
annual_head_weighted_intercept,learned_order_offset,2020-12-31,2021-08-06,2558,negative_high,2021,0.5117649843491273,1,0.5091547448290248,True,stable_correct,-0.002555634016251862,0.5316853265738904,True,stable_correct,0.019054797161404263,0.5091547448290248,True,stable_correct,-0.002555634016251862
annual_head_weighted_intercept,learned_order_offset,2020-12-31,2021-08-13,2563,negative_high,2021,0.6295225726091457,0,0.6276930336608378,True,stable_wrong,0.002300124918091395,0.6346785974354516,True,stable_wrong,-0.006518252618194997,0.6276930336608378,True,stable_wrong,0.002300124918091395
annual_head_weighted_intercept,learned_order_offset,2020-12-31,2021-08-20,2568,negative_high,2021,0.577186737226871,1,0.574841874369866,True,stable_correct,-0.0019883766124697277,0.5898136536464089,True,stable_correct,0.01051821644195089,0.574841874369866,True,stable_correct,-0.0019883766124697277
annual_head_weighted_intercept,learned_order_offset,2020-12-31,2021-08-27,2573,negative_high,2021,0.688822935271272,0,0.6868961838544981,True,stable_wrong,0.002650668761858488,0.6689054892204346,True,stable_wrong,0.02704248264650211,0.6868961838544981,True,stable_wrong,0.002650668761858488
annual_head_weighted_intercept,learned_order_offset,2020-12-31,2021-09-03,2578,negative_high,2021,0.7048618185461165,1,0.702495785905963,True,stable_correct,-0.0014022112518051744,0.6999500272885033,True,stable_correct,-0.0029234399722644633,0.702495785905963,True,stable_correct,-0.0014022112518051744
annual_head_weighted_intercept,learned_order_offset,2020-12-31,2021-09-10,2583,negative_high,2021,0.7007823084461925,0,0.6983771798491428,True,stable_wrong,0.0033651584971325366,0.6910037991869645,True,stable_wrong,0.013609593340355719,0.6983771798491428,True,stable_wrong,0.0033651584971325366
annual_head_weighted_intercept,learned_order_offset,2020-12-31,2021-09-17,2588,negative_high,2021,0.6945023608230397,1,0.6921090954574328,True,stable_correct,-0.0014680015573440008,0.6617820190138644,True,stable_correct,-0.0210625951196418,0.6921090954574328,True,stable_correct,-0.0014680015573440008
annual_head_weighted_intercept,learned_order_offset,2020-12-31,2021-09-24,2591,negative_low,2021,0.6337416139197605,1,0.6310239629544926,True,stable_correct,-0.0019981105397058607,0.6195064374085926,True,stable_correct,-0.010630145799399499,0.6310239629544926,True,stable_correct,-0.0019981105397058607
annual_head_weighted_intercept,learned_order_offset,2020-12-31,2021-10-08,2596,negative_low,2021,0.790931089748744,0,0.7893522603202324,True,stable_wrong,0.0024949978584758448,0.7731858862937404,True,stable_wrong,0.027755573967298997,0.7893522603202324,True,stable_wrong,0.0024949978584758448
annual_head_weighted_intercept,learned_order_offset,2020-12-31,2021-10-15,2601,negative_low,2021,0.7259536493755111,1,0.7237935737376192,True,stable_correct,-0.001188587618035697,0.6814962420010061,True,stable_correct,-0.026343241568881362,0.7237935737376192,True,stable_correct,-0.001188587618035697
annual_head_weighted_intercept,learned_order_offset,2020-12-31,2021-10-22,2606,negative_low,2021,0.6052550247230237,0,0.6028201192913586,True,stable_wrong,0.0029415487300202825,0.6204167266243177,True,stable_wrong,-0.018583269722765305,0.6028201192913586,True,stable_wrong,0.0029415487300202825
annual_head_weighted_intercept,learned_order_offset,2020-12-31,2021-10-29,2611,nonnegative_low,2021,0.6517179888474393,0,0.6498843821965372,True,stable_wrong,0.0023866267643761208,0.651117933064259,True,stable_wrong,0.0007817742294780605,0.6498843821965372,True,stable_wrong,0.0023866267643761208
annual_head_weighted_intercept,learned_order_offset,2020-12-31,2021-11-05,2616,negative_low,2021,0.6741796323569611,1,0.6718735674289841,True,stable_correct,-0.0015080437807364344,0.6781585621947235,True,stable_correct,0.002577000882477351,0.6718735674289841,True,stable_correct,-0.0015080437807364344
annual_head_weighted_intercept,learned_order_offset,2020-12-31,2021-11-12,2621,negative_low,2021,0.7928275717343829,1,0.7908869558771502,True,stable_correct,-0.0008078501888526685,0.7813096989409726,True,stable_correct,-0.00490503274381579,0.7908869558771502,True,stable_correct,-0.0008078501888526685
annual_head_weighted_intercept,learned_order_offset,2020-12-31,2021-11-19,2626,negative_low,2021,0.7899488823228341,0,0.7876138661551195,True,stable_wrong,0.0036836345232802437,0.7784593263622427,True,stable_wrong,0.01802031388273806,0.7876138661551195,True,stable_wrong,0.0036836345232802437
annual_head_weighted_intercept,learned_order_offset,2020-12-31,2021-11-26,2631,negative_low,2021,0.702466597797161,1,0.7004727071430407,True,stable_correct,-0.0011904737398223397,0.7087362915024283,True,stable_correct,0.0036915775386379412,0.7004727071430407,True,stable_correct,-0.0011904737398223397
annual_head_weighted_intercept,learned_order_offset,2020-12-31,2021-12-03,2636,nonnegative_low,2021,0.6079086962095742,1,0.6052970657535602,True,stable_correct,-0.002054815794673398,0.6132829770677706,True,stable_correct,0.004185534682509484,0.6052970657535602,True,stable_correct,-0.002054815794673398
annual_head_weighted_intercept,learned_order_offset,2020-12-31,2021-12-10,2641,nonnegative_low,2021,0.6554328395573658,0,0.6530345508446315,True,stable_wrong,0.003138082573381995,0.6816253717909238,True,stable_wrong,-0.035020940298883474,0.6530345508446315,True,stable_wrong,0.003138082573381995
annual_head_weighted_intercept,learned_order_offset,2020-12-31,2021-12-17,2646,nonnegative_low,2021,0.7573530652270866,0,0.755264502799359,True,stable_wrong,0.003159196220100746,0.7591386238263444,True,stable_wrong,-0.002707784776092459,0.755264502799359,True,stable_wrong,0.003159196220100746
annual_head_weighted_intercept,learned_order_offset,2020-12-31,2021-12-24,2651,nonnegative_low,2021,0.6489352900824477,1,0.6461415186680164,True,stable_correct,-0.001969394261082627,0.6745148947537091,True,stable_correct,0.017305876812306095,0.6461415186680164,True,stable_correct,-0.001969394261082627
annual_head_weighted_intercept,learned_order_offset,2020-12-31,2021-12-31,2656,nonnegative_low,2021,0.7699575630278762,0,0.7678865986832607,True,stable_wrong,0.0031848204264789404,0.7713438744784188,True,stable_wrong,-0.0021367238315527226,0.7678865986832607,True,stable_wrong,0.0031848204264789404
annual_head_weighted_slopes,learned_order_offset,2020-12-31,2021-01-08,2418,nonnegative_low,2021,0.5160405553676101,0,0.5003806912174752,True,stable_wrong,0.01591701864083317,0.51868276848346,True,stable_wrong,-0.002733959537555064,0.5003806912174752,True,stable_wrong,0.01591701864083317
annual_head_weighted_slopes,learned_order_offset,2020-12-31,2021-01-15,2423,nonnegative_high,2021,0.393339264195558,1,0.36260783043901706,True,stable_wrong,-0.03823152945086994,0.3956589234173908,True,stable_wrong,0.0028091115217598883,0.36260783043901706,True,stable_wrong,-0.03823152945086994
annual_head_weighted_slopes,learned_order_offset,2020-12-31,2021-01-22,2428,nonnegative_high,2021,0.40269419594629596,0,0.3787130541287635,True,stable_correct,0.018739038081298065,0.4051230739278302,True,stable_correct,-0.00196208957990035,0.3787130541287635,True,stable_correct,0.018739038081298065
annual_head_weighted_slopes,learned_order_offset,2020-12-31,2021-01-29,2433,nonnegative_high,2021,0.42768609948210073,1,0.4164554105897655,True,stable_wrong,-0.012981087103947297,0.430251588007212,True,stable_wrong,0.0029299477577081068,0.4164554105897655,True,stable_wrong,-0.012981087103947297
annual_head_weighted_slopes,learned_order_offset,2020-12-31,2021-02-05,2438,nonnegative_high,2021,0.5391889430018354,1,0.5039670690165114,True,stable_correct,-0.03370183836830462,0.5417529000337699,True,stable_correct,0.002356425624305575,0.5039670690165114,True,stable_correct,-0.03370183836830462
annual_head_weighted_slopes,learned_order_offset,2020-12-31,2021-02-19,2443,nonnegative_high,2021,0.4568021678429111,0,0.42533721989492773,True,stable_correct,0.02775646991803704,0.45927667771423025,True,stable_correct,-0.0022668461462377887,0.42533721989492773,True,stable_correct,0.02775646991803704
annual_head_weighted_slopes,learned_order_offset,2020-12-31,2021-02-26,2448,nonnegative_high,2021,0.5287673728102198,0,0.5065994627417703,True,stable_wrong,0.02295191889837167,0.5313811424490368,True,stable_wrong,-0.0027709840018215748,0.5065994627417703,True,stable_wrong,0.02295191889837167
annual_head_weighted_slopes,learned_order_offset,2020-12-31,2021-03-05,2453,nonnegative_high,2021,0.4412374767343738,0,0.4320308882235697,True,stable_correct,0.008039822495670479,0.443770207964081,True,stable_correct,-0.0022414866015666446,0.4320308882235697,True,stable_correct,0.008039822495670479
annual_head_weighted_slopes,learned_order_offset,2020-12-31,2021-03-12,2458,nonnegative_high,2021,0.3924421299199908,0,0.4060817600083184,True,stable_correct,-0.01089157047531461,0.39471852392756523,True,stable_correct,-0.0017918877954169743,0.4060817600083184,True,stable_correct,-0.01089157047531461
annual_head_weighted_slopes,learned_order_offset,2020-12-31,2021-03-19,2463,negative_high,2021,0.5164836157197117,1,0.5383210910763112,True,stable_correct,0.020640678922515726,0.5191346238987615,True,stable_correct,0.0025565839344979246,0.5383210910763112,True,stable_correct,0.020640678922515726
annual_head_weighted_slopes,learned_order_offset,2020-12-31,2021-03-26,2468,nonnegative_high,2021,0.5132035587857446,1,0.5438246835940965,True,stable_correct,0.028874855880837824,0.5158121688742688,True,stable_correct,0.0025329193686244034,0.5438246835940965,True,stable_correct,0.028874855880837824
annual_head_weighted_slopes,learned_order_offset,2020-12-31,2021-04-02,2473,negative_high,2021,0.5488904509549716,0,0.5896433894721984,True,stable_wrong,-0.04639859959871062,0.551508729553637,True,stable_wrong,-0.0028811516243145707,0.5896433894721984,True,stable_wrong,-0.04639859959871062
annual_head_weighted_slopes,learned_order_offset,2020-12-31,2021-04-09,2477,negative_high,2021,0.5915972400065784,0,0.6406458102282867,True,stable_wrong,-0.06043975977965682,0.5938787330559426,True,stable_wrong,-0.002704655192730443,0.6406458102282867,True,stable_wrong,-0.06043975977965682
annual_head_weighted_slopes,learned_order_offset,2020-12-31,2021-04-16,2482,negative_high,2021,0.5235316323885647,1,0.5629518022540277,True,stable_correct,0.03601097818130336,0.5260738663625991,True,stable_correct,0.00241612518981027,0.5629518022540277,True,stable_correct,0.03601097818130336
annual_head_weighted_slopes,learned_order_offset,2020-12-31,2021-04-23,2487,negative_high,2021,0.6294721034139008,0,0.6417724828380976,True,stable_wrong,-0.0156367907518557,0.631780719000104,True,stable_wrong,-0.0029117479239677557,0.6417724828380976,True,stable_wrong,-0.0156367907518557
annual_head_weighted_slopes,learned_order_offset,2020-12-31,2021-04-30,2492,negative_low,2021,0.6309605688502492,0,0.6361187378686651,True,stable_wrong,-0.006535809223793432,0.6334654007752288,True,stable_wrong,-0.0031671745354912018,0.6361187378686651,True,stable_wrong,-0.006535809223793432
annual_head_weighted_slopes,learned_order_offset,2020-12-31,2021-05-07,2494,negative_high,2021,0.7002210398168277,1,0.698958669967258,True,stable_correct,-0.0007584574193783,0.7023687786320054,True,stable_correct,0.001283081035499803,0.698958669967258,True,stable_correct,-0.0007584574193783
annual_head_weighted_slopes,learned_order_offset,2020-12-31,2021-05-14,2499,negative_high,2021,0.5135719020629158,1,0.527861151299173,True,stable_correct,0.013697202010147153,0.5162190208454575,True,stable_correct,0.002568258670961665,0.527861151299173,True,stable_correct,0.013697202010147153
annual_head_weighted_slopes,learned_order_offset,2020-12-31,2021-05-21,2504,negative_low,2021,0.6438777680127367,1,0.6198507894572789,True,stable_correct,-0.017690378160663905,0.6462903320947159,True,stable_correct,0.0017125149459238098,0.6198507894572789,True,stable_correct,-0.017690378160663905
annual_head_weighted_slopes,learned_order_offset,2020-12-31,2021-05-28,2509,negative_high,2021,0.543417925630388,0,0.5490272722755067,True,stable_wrong,-0.006127903805849433,0.5460953292664804,True,stable_wrong,-0.0029170667502316783,0.5490272722755067,True,stable_wrong,-0.006127903805849433
annual_head_weighted_slopes,learned_order_offset,2020-12-31,2021-06-04,2514,nonnegative_high,2021,0.395202657068029,0,0.3989763480559578,True,stable_correct,-0.0029969861544386633,0.3973840780198245,True,stable_correct,-0.001728965310035857,0.3989763480559578,True,stable_correct,-0.0029969861544386633
annual_head_weighted_slopes,learned_order_offset,2020-12-31,2021-06-11,2519,nonnegative_low,2021,0.29686561221310886,0,0.29847154631998074,True,stable_correct,-0.0009560722479764749,0.2989743887803354,True,stable_correct,-0.0012564934319111987,0.29847154631998074,True,stable_correct,-0.0009560722479764749
annual_head_weighted_slopes,learned_order_offset,2020-12-31,2021-06-18,2523,nonnegative_low,2021,0.3723843036314354,1,0.35959854836621985,True,stable_wrong,-0.01621255692645457,0.37495456485134065,True,stable_wrong,0.0032196663280212867,0.35959854836621985,True,stable_wrong,-0.01621255692645457
annual_head_weighted_slopes,learned_order_offset,2020-12-31,2021-06-25,2528,nonnegative_low,2021,0.3277466140247495,0,0.3489222314127858,True,stable_correct,-0.014328880569389496,0.3298654789871449,True,stable_correct,-0.0013933912227303974,0.3489222314127858,True,stable_correct,-0.014328880569389496
annual_head_weighted_slopes,learned_order_offset,2020-12-31,2021-07-02,2533,negative_high,2021,0.4579181411439039,1,0.4406863707503081,True,stable_wrong,-0.018978994163581342,0.4605797432254019,True,stable_wrong,0.0028785282821071623,0.4406863707503081,True,stable_wrong,-0.018978994163581342
annual_head_weighted_slopes,learned_order_offset,2020-12-31,2021-07-09,2538,nonnegative_high,2021,0.38599126652517096,0,0.3736887510758036,True,stable_correct,0.00934597515311164,0.3879505681624685,True,stable_correct,-0.0015163855038765328,0.3736887510758036,True,stable_correct,0.00934597515311164
annual_head_weighted_slopes,learned_order_offset,2020-12-31,2021-07-16,2543,nonnegative_high,2021,0.36678295447412124,0,0.34800081275372113,True,stable_correct,0.013425170015514826,0.3694942395531882,True,stable_correct,-0.0019962573702235475,0.34800081275372113,True,stable_correct,0.013425170015514826
annual_head_weighted_slopes,learned_order_offset,2020-12-31,2021-07-23,2548,nonnegative_high,2021,0.47277662797762626,0,0.4528278558035155,True,stable_correct,0.018464672970285423,0.47521878368299514,True,stable_correct,-0.0023151524032505033,0.4528278558035155,True,stable_correct,0.018464672970285423
annual_head_weighted_slopes,learned_order_offset,2020-12-31,2021-07-30,2553,negative_high,2021,0.5205982492573904,1,0.503468551293156,True,stable_correct,-0.016717440939838013,0.5231927312539778,True,stable_correct,0.002480867086037758,0.503468551293156,True,stable_correct,-0.016717440939838013
annual_head_weighted_slopes,learned_order_offset,2020-12-31,2021-08-06,2558,negative_high,2021,0.5291141987165632,1,0.5091547448290248,True,stable_correct,-0.019195626673515404,0.5316853265738904,True,stable_correct,0.002414804504140722,0.5091547448290248,True,stable_correct,-0.019195626673515404
annual_head_weighted_slopes,learned_order_offset,2020-12-31,2021-08-13,2563,negative_high,2021,0.6328462008708019,0,0.6276930336608378,True,stable_wrong,0.006495769450261646,0.6346785974354516,True,stable_wrong,-0.0023226080860247467,0.6276930336608378,True,stable_wrong,0.006495769450261646
annual_head_weighted_slopes,learned_order_offset,2020-12-31,2021-08-20,2568,negative_high,2021,0.5876328576100155,1,0.574841874369866,True,stable_correct,-0.010712771666447046,0.5898136536464089,True,stable_correct,0.001793821387973571,0.574841874369866,True,stable_correct,-0.010712771666447046
annual_head_weighted_slopes,learned_order_offset,2020-12-31,2021-08-27,2573,negative_high,2021,0.6668378730515134,0,0.6868961838544981,True,stable_wrong,-0.02715361845800618,0.6689054892204346,True,stable_wrong,-0.0027618045733625585,0.6868961838544981,True,stable_wrong,-0.02715361845800618
annual_head_weighted_slopes,learned_order_offset,2020-12-31,2021-09-03,2578,negative_high,2021,0.6975668329922028,1,0.702495785905963,True,stable_correct,0.0029570631026555327,0.6999500272885033,True,stable_correct,0.0014358343821962438,0.702495785905963,True,stable_correct,0.0029570631026555327
annual_head_weighted_slopes,learned_order_offset,2020-12-31,2021-09-10,2583,negative_high,2021,0.6886027712679598,0,0.6983771798491428,True,stable_wrong,-0.01355690873612786,0.6910037991869645,True,stable_wrong,-0.003312473892904677,0.6983771798491428,True,stable_wrong,-0.01355690873612786
annual_head_weighted_slopes,learned_order_offset,2020-12-31,2021-09-17,2588,negative_high,2021,0.6593448666069476,1,0.6921090954574328,True,stable_correct,0.021249110806998137,0.6617820190138644,True,stable_correct,0.0016545172447003376,0.6921090954574328,True,stable_correct,0.021249110806998137
annual_head_weighted_slopes,learned_order_offset,2020-12-31,2021-09-24,2591,negative_low,2021,0.6168784150859944,1,0.6310239629544926,True,stable_correct,0.010638832913211965,0.6195064374085926,True,stable_correct,0.0020067976535183274,0.6310239629544926,True,stable_correct,0.010638832913211965
annual_head_weighted_slopes,learned_order_offset,2020-12-31,2021-10-08,2596,negative_low,2021,0.771515639437777,0,0.7893522603202324,True,stable_wrong,-0.02784060897557805,0.7731858862937404,True,stable_wrong,-0.0025800328667549,0.7893522603202324,True,stable_wrong,-0.02784060897557805
annual_head_weighted_slopes,learned_order_offset,2020-12-31,2021-10-15,2601,negative_low,2021,0.6791603877178841,1,0.7237935737376192,True,stable_correct,0.02664806690070244,0.6814962420010061,True,stable_correct,0.001493412949856776,0.7237935737376192,True,stable_correct,0.02664806690070244
annual_head_weighted_slopes,learned_order_offset,2020-12-31,2021-10-22,2606,negative_low,2021,0.6179541127525731,0,0.6028201192913586,True,stable_wrong,0.018475189245372003,0.6204167266243177,True,stable_wrong,-0.0030496292074135845,0.6028201192913586,True,stable_wrong,0.018475189245372003
annual_head_weighted_slopes,learned_order_offset,2020-12-31,2021-10-29,2611,nonnegative_low,2021,0.649102096447337,0,0.6498843821965372,True,stable_wrong,-0.0010161786106469006,0.651117933064259,True,stable_wrong,-0.002621031145544961,0.6498843821965372,True,stable_wrong,-0.0010161786106469006
annual_head_weighted_slopes,learned_order_offset,2020-12-31,2021-11-05,2616,negative_low,2021,0.6758571706049379,1,0.6718735674289841,True,stable_correct,-0.0025983819035451244,0.6781585621947235,True,stable_correct,0.001486662759668661,0.6718735674289841,True,stable_correct,-0.0025983819035451244
annual_head_weighted_slopes,learned_order_offset,2020-12-31,2021-11-12,2621,negative_low,2021,0.7793724015421629,1,0.7908869558771502,True,stable_correct,0.004948271978947663,0.7813096989409726,True,stable_correct,0.0008510894239845412,0.7908869558771502,True,stable_correct,0.004948271978947663
annual_head_weighted_slopes,learned_order_offset,2020-12-31,2021-11-19,2626,negative_low,2021,0.7760767917805834,0,0.7876138661551195,True,stable_wrong,-0.018040415419371514,0.7784593263622427,True,stable_wrong,-0.003703736059913698,0.7876138661551195,True,stable_wrong,-0.018040415419371514
annual_head_weighted_slopes,learned_order_offset,2020-12-31,2021-11-26,2631,negative_low,2021,0.7067116707811042,1,0.7004727071430407,True,stable_correct,-0.00369855511020728,0.7087362915024283,True,stable_correct,0.001183496168253001,0.7004727071430407,True,stable_correct,-0.00369855511020728
annual_head_weighted_slopes,learned_order_offset,2020-12-31,2021-12-03,2636,nonnegative_low,2021,0.6106879380656406,1,0.6052970657535602,True,stable_correct,-0.004226524735166853,0.6132829770677706,True,stable_correct,0.002013825742016029,0.6052970657535602,True,stable_correct,-0.004226524735166853
annual_head_weighted_slopes,learned_order_offset,2020-12-31,2021-12-10,2641,nonnegative_low,2021,0.6793492215398373,0,0.6530345508446315,True,stable_wrong,0.03506124020993345,0.6816253717909238,True,stable_wrong,-0.003097782662332016,0.6530345508446315,True,stable_wrong,0.03506124020993345
annual_head_weighted_slopes,learned_order_offset,2020-12-31,2021-12-17,2646,nonnegative_low,2021,0.7570572303248776,0,0.755264502799359,True,stable_wrong,0.0027111807984119274,0.7591386238263444,True,stable_wrong,-0.0031558001977812777,0.755264502799359,True,stable_wrong,0.0027111807984119274
annual_head_weighted_slopes,learned_order_offset,2020-12-31,2021-12-24,2651,nonnegative_low,2021,0.6717923747410709,1,0.6461415186680164,True,stable_correct,-0.01749557953247216,0.6745148947537091,True,stable_correct,0.0017796915409165615,0.6461415186680164,True,stable_correct,-0.01749557953247216
annual_head_weighted_slopes,learned_order_offset,2020-12-31,2021-12-31,2656,nonnegative_low,2021,0.7693396567882105,0,0.7678865986832607,True,stable_wrong,0.0022336790696544373,0.7713438744784188,True,stable_wrong,-0.0030878651883772257,0.7678865986832607,True,stable_wrong,0.0022336790696544373
annual_head_weighted_intercept,learned_market,2021-12-31,2022-01-07,2660,negative_low,2022,0.660245586348485,0,0.6663869364932665,True,stable_wrong,-0.008147314836226105,0.6463630743161278,True,stable_wrong,0.018139010453258497,0.6663869364932665,True,stable_wrong,-0.008147314836226105
annual_head_weighted_intercept,learned_market,2021-12-31,2022-01-14,2665,negative_low,2022,0.6656468019648903,1,0.6716077136929987,True,stable_correct,0.003950567330365709,0.6890403440091339,True,stable_correct,0.015096153382347488,0.6716077136929987,True,stable_correct,0.003950567330365709
annual_head_weighted_intercept,learned_market,2021-12-31,2022-01-21,2670,negative_low,2022,0.6790708786965101,0,0.6851607427539174,True,stable_wrong,-0.008307985117449457,0.6808616109761788,True,stable_wrong,-0.0024352750074271845,0.6851607427539174,True,stable_wrong,-0.008307985117449457
annual_head_weighted_intercept,learned_market,2021-12-31,2022-01-28,2675,negative_high,2022,0.567486123378426,0,0.5743401216254888,True,stable_wrong,-0.007826075081707129,0.6033623885855155,True,stable_wrong,-0.04200567173254449,0.5743401216254888,True,stable_wrong,-0.007826075081707129
annual_head_weighted_intercept,learned_market,2021-12-31,2022-02-11,2680,negative_high,2022,0.6504078892548391,1,0.656873123752357,True,stable_correct,0.004478590691791531,0.67206727426598,True,stable_correct,0.014674771287912905,0.656873123752357,True,stable_correct,0.004478590691791531
annual_head_weighted_intercept,learned_market,2021-12-31,2022-02-18,2685,negative_high,2022,0.6666349904427058,0,0.6727853540672722,True,stable_wrong,-0.008237922164878397,0.6664242703263423,True,stable_wrong,0.00028090240254868837,0.6727853540672722,True,stable_wrong,-0.008237922164878397
annual_head_weighted_intercept,learned_market,2021-12-31,2022-02-25,2690,negative_high,2022,0.6514445080933522,0,0.6577667042529095,True,stable_wrong,-0.008277090098744888,0.6454256611440918,True,stable_wrong,0.007805663061701551,0.6577667042529095,True,stable_wrong,-0.008277090098744888
annual_head_weighted_intercept,learned_market,2021-12-31,2022-03-04,2695,negative_low,2022,0.6660428645193145,0,0.6722216585374395,True,stable_wrong,-0.00826886082973205,0.6795698377971632,True,stable_wrong,-0.01820206706656874,0.6722216585374395,True,stable_wrong,-0.00826886082973205
annual_head_weighted_intercept,learned_market,2021-12-31,2022-03-11,2700,negative_high,2022,0.6650489085545513,1,0.6713872792375223,True,stable_correct,0.004205913413579163,0.679433058101635,True,stable_correct,0.009429069422427605,0.6713872792375223,True,stable_correct,0.004205913413579163
annual_head_weighted_intercept,learned_market,2021-12-31,2022-03-18,2705,negative_high,2022,0.6196563383144199,0,0.6262986646825299,True,stable_wrong,-0.008276039769885224,0.6459796098913229,True,stable_wrong,-0.033315678782110836,0.6262986646825299,True,stable_wrong,-0.008276039769885224
annual_head_weighted_intercept,learned_market,2021-12-31,2022-03-25,2710,negative_high,2022,0.6624528960127529,1,0.6687482634704501,True,stable_correct,0.004210334456335077,0.657058324628025,True,stable_correct,-0.0036709452967596534,0.6687482634704501,True,stable_correct,0.004210334456335077
annual_head_weighted_intercept,learned_market,2021-12-31,2022-04-01,2715,negative_high,2022,0.6677559209669025,0,0.6740430153193561,True,stable_wrong,-0.008436016514453526,0.6826061600445085,True,stable_wrong,-0.020053199744352934,0.6740430153193561,True,stable_wrong,-0.008436016514453526
annual_head_weighted_intercept,learned_market,2021-12-31,2022-04-08,2718,negative_high,2022,0.619581540379209,0,0.6262513273752952,True,stable_wrong,-0.008309439860645806,0.6229791479658228,True,stable_wrong,-0.004221733621549151,0.6262513273752952,True,stable_wrong,-0.008309439860645806
annual_head_weighted_intercept,learned_market,2021-12-31,2022-04-15,2723,negative_high,2022,0.6767408439211176,0,0.6828691346407849,True,stable_wrong,-0.008332085213988039,0.6607150031100031,True,stable_wrong,0.021433854496414995,0.6828691346407849,True,stable_wrong,-0.008332085213988039
annual_head_weighted_intercept,learned_market,2021-12-31,2022-04-22,2728,negative_high,2022,0.6253337647209511,1,0.6318222291752661,True,stable_correct,0.0048199169287053145,0.6384018726446388,True,stable_correct,0.00962158215127154,0.6318222291752661,True,stable_correct,0.0048199169287053145
annual_head_weighted_intercept,learned_market,2021-12-31,2022-04-29,2733,negative_high,2022,0.4956395809646097,0,0.5023319608025917,True,recovery,-0.006678804625002588,0.5258731150022325,True,recovery,-0.030883938863377425,0.5023319608025917,True,recovery,-0.006678804625002588
annual_head_weighted_intercept,learned_market,2021-12-31,2022-05-06,2735,negative_high,2022,0.48957429132141184,1,0.49636072316623614,True,stable_wrong,0.006881882910402315,0.5151456326348948,True,regression,0.025450646527022558,0.49636072316623614,True,stable_wrong,0.006881882910402315
annual_head_weighted_intercept,learned_market,2021-12-31,2022-05-13,2740,negative_high,2022,0.525557264707028,1,0.5324555868232576,True,stable_correct,0.006498130779492628,0.5460852775620142,True,stable_correct,0.01905733382632338,0.5324555868232576,True,stable_correct,0.006498130779492628
annual_head_weighted_intercept,learned_market,2021-12-31,2022-05-20,2745,negative_high,2022,0.5314853458827283,0,0.5385009600874255,True,stable_wrong,-0.007506611126995688,0.5467328648858651,True,stable_wrong,-0.016440152658222296,0.5385009600874255,True,stable_wrong,-0.007506611126995688
annual_head_weighted_intercept,learned_market,2021-12-31,2022-05-27,2750,negative_high,2022,0.518163370252465,1,0.5251564092145075,True,stable_correct,0.006690102056402886,0.5196644238501892,True,stable_correct,0.0014442720512924667,0.5251564092145075,True,stable_correct,0.006690102056402886
annual_head_weighted_intercept,learned_market,2021-12-31,2022-06-10,2759,negative_high,2022,0.39801774189001277,1,0.40454362785537,True,stable_wrong,0.007814347951555112,0.41060833247740197,True,stable_wrong,0.015000101334130433,0.40454362785537,True,stable_wrong,0.007814347951555112
annual_head_weighted_intercept,learned_market,2021-12-31,2022-06-17,2764,nonnegative_high,2022,0.38075378545325794,1,0.38725479149277536,True,stable_wrong,0.00800918368190745,0.3976785949110834,True,stable_wrong,0.02067479920218307,0.38725479149277536,True,stable_wrong,0.00800918368190745
annual_head_weighted_intercept,learned_market,2021-12-31,2022-06-24,2769,nonnegative_low,2022,0.4447983089161828,1,0.4517597811838739,True,stable_wrong,0.007681580254776388,0.44670349773686885,True,stable_wrong,0.002111898365715237,0.4517597811838739,True,stable_wrong,0.007681580254776388
annual_head_weighted_intercept,learned_market,2021-12-31,2022-07-01,2774,nonnegative_high,2022,0.489429002305404,0,0.49633439488206865,True,stable_correct,-0.006807083245286116,0.47069353211587717,True,stable_correct,0.01798834712194286,0.49633439488206865,True,stable_correct,-0.006807083245286116
annual_head_weighted_intercept,learned_market,2021-12-31,2022-07-08,2779,nonnegative_high,2022,0.4995088861604459,0,0.5065795909479666,True,recovery,-0.007113754611759837,0.4725119128875901,True,stable_correct,0.026241619532559796,0.5065795909479666,True,recovery,-0.007113754611759837
annual_head_weighted_intercept,learned_market,2021-12-31,2022-07-15,2784,nonnegative_high,2022,0.41492238708799606,0,0.42158792492613745,True,stable_correct,-0.005575791136725655,0.38732749816642237,True,stable_correct,0.02213799647094092,0.42158792492613745,True,stable_correct,-0.005575791136725655
annual_head_weighted_intercept,learned_market,2021-12-31,2022-07-22,2789,nonnegative_low,2022,0.4722429941944222,0,0.47899863601678566,True,stable_correct,-0.006426247740228014,0.42342266570817855,True,stable_correct,0.04372669173029317,0.47899863601678566,True,stable_correct,-0.006426247740228014
annual_head_weighted_intercept,learned_market,2021-12-31,2022-07-29,2794,nonnegative_low,2022,0.6690414943961357,0,0.6750890119175624,True,stable_wrong,-0.008128652788016277,0.6232481690397312,True,stable_wrong,0.05917824101243707,0.6750890119175624,True,stable_wrong,-0.008128652788016277
annual_head_weighted_intercept,learned_market,2021-12-31,2022-08-05,2799,nonnegative_low,2022,0.6679579585150369,1,0.6742386779651492,True,stable_correct,0.0041314783796082,0.6294321148241983,True,stable_correct,-0.027068640210164238,0.6742386779651492,True,stable_correct,0.0041314783796082
annual_head_weighted_intercept,learned_market,2021-12-31,2022-08-12,2804,nonnegative_low,2022,0.6414208068373569,0,0.647895700333314,True,stable_wrong,-0.008348187066509472,0.579908736412602,True,stable_wrong,0.07512650887622524,0.647895700333314,True,stable_wrong,-0.008348187066509472
annual_head_weighted_intercept,learned_market,2021-12-31,2022-08-19,2809,nonnegative_low,2022,0.6377958963104988,0,0.6443434395239299,True,stable_wrong,-0.008394862707015782,0.6187688157504906,True,stable_wrong,0.023908758005248,0.6443434395239299,True,stable_wrong,-0.008394862707015782
annual_head_weighted_intercept,learned_market,2021-12-31,2022-08-26,2814,nonnegative_high,2022,0.6519819838350177,0,0.6583774002419714,True,stable_wrong,-0.008380293903931801,0.6426111191749156,True,stable_wrong,0.012131456758207648,0.6583774002419714,True,stable_wrong,-0.008380293903931801
annual_head_weighted_intercept,learned_market,2021-12-31,2022-09-02,2819,negative_low,2022,0.6460793559523347,1,0.6524804808467984,True,stable_correct,0.0044900060906417905,0.6295182831955181,True,stable_correct,-0.011996880203282129,0.6524804808467984,True,stable_correct,0.0044900060906417905
annual_head_weighted_intercept,learned_market,2021-12-31,2022-09-09,2824,negative_low,2022,0.7106054030100273,0,0.7161804044687363,True,stable_wrong,-0.007954332957959442,0.6926516961721022,True,stable_wrong,0.025193666576953155,0.7161804044687363,True,stable_wrong,-0.007954332957959442
annual_head_weighted_intercept,learned_market,2021-12-31,2022-09-16,2828,negative_low,2022,0.6420652048247967,0,0.6482137827322693,True,stable_wrong,-0.0079333808773695,0.6599463506060244,True,stable_wrong,-0.023281458431501534,0.6482137827322693,True,stable_wrong,-0.0079333808773695
annual_head_weighted_intercept,learned_market,2021-12-31,2022-09-23,2833,negative_low,2022,0.7347800795833664,0,0.7402999961701221,True,stable_wrong,-0.008142318976944507,0.7580283165643902,True,stable_wrong,-0.03470516336090501,0.7402999961701221,True,stable_wrong,-0.008142318976944507
annual_head_weighted_intercept,learned_market,2021-12-31,2022-09-30,2838,negative_low,2022,0.620656171135432,1,0.6271150872230199,True,stable_correct,0.004858582320934585,0.6259133472670735,True,stable_correct,0.003960916744705473,0.6271150872230199,True,stable_correct,0.004858582320934585
annual_head_weighted_intercept,learned_market,2021-12-31,2022-10-14,2843,negative_high,2022,0.6065054769164364,0,0.6132842314883366,True,stable_wrong,-0.008268655062605601,0.6278635219868313,True,stable_wrong,-0.026363708712074163,0.6132842314883366,True,stable_wrong,-0.008268655062605601
annual_head_weighted_intercept,learned_market,2021-12-31,2022-10-21,2848,negative_high,2022,0.6749469940204631,0,0.6811531518262143,True,stable_wrong,-0.008416171505526648,0.691786785467967,True,stable_wrong,-0.023015511810843936,0.6811531518262143,True,stable_wrong,-0.008416171505526648
annual_head_weighted_intercept,learned_market,2021-12-31,2022-10-28,2853,negative_high,2022,0.5400600558597385,1,0.5470441647035905,True,stable_correct,0.00637576348667887,0.5813926009663529,True,stable_correct,0.03631259769003187,0.5470441647035905,True,stable_correct,0.00637576348667887
annual_head_weighted_intercept,learned_market,2021-12-31,2022-11-04,2858,negative_high,2022,0.46453213016555156,1,0.47105278554158936,True,stable_wrong,0.006940683941729919,0.49535154033466,True,stable_wrong,0.03205577178244151,0.47105278554158936,True,stable_wrong,0.006940683941729919
annual_head_weighted_intercept,learned_market,2021-12-31,2022-11-11,2863,negative_high,2022,0.495386087503167,0,0.5023315636872951,True,recovery,-0.006929624184827676,0.5446742943676715,True,recovery,-0.0512627112532254,0.5023315636872951,True,recovery,-0.006929624184827676
annual_head_weighted_intercept,learned_market,2021-12-31,2022-11-18,2868,negative_high,2022,0.432968661081471,0,0.43940202845720905,True,stable_correct,-0.005612281133628272,0.46377370456037353,True,stable_correct,-0.027624187562970942,0.43940202845720905,True,stable_correct,-0.005612281133628272
annual_head_weighted_intercept,learned_market,2021-12-31,2022-11-25,2873,negative_high,2022,0.483256739692258,1,0.49033530956466315,True,stable_wrong,0.007265500396927083,0.5305985657598121,True,regression,0.04668589060672937,0.49033530956466315,True,stable_wrong,0.007265500396927083
annual_head_weighted_intercept,learned_market,2021-12-31,2022-12-02,2878,negative_high,2022,0.5141876021792876,1,0.5211543827116397,True,stable_correct,0.006720560680039317,0.5332315137089414,True,stable_correct,0.018140866081863938,0.5211543827116397,True,stable_correct,0.006720560680039317
annual_head_weighted_intercept,learned_market,2021-12-31,2022-12-09,2883,negative_high,2022,0.4831741669393786,0,0.4902361178011138,True,stable_correct,-0.006874175599145049,0.48359051423360927,True,stable_correct,-0.00040250985916415183,0.4902361178011138,True,stable_correct,-0.006874175599145049
annual_head_weighted_intercept,learned_market,2021-12-31,2022-12-16,2888,nonnegative_low,2022,0.5554555093249435,0,0.5623433034730375,True,stable_wrong,-0.0076991681215363705,0.5144709049748263,True,stable_wrong,0.04385051077381569,0.5623433034730375,True,stable_wrong,-0.0076991681215363705
annual_head_weighted_intercept,learned_market,2021-12-31,2022-12-23,2893,negative_high,2022,0.5168671727230191,1,0.5238621504900975,True,stable_correct,0.00671007705673457,0.48051742344801535,True,recovery,-0.03644481854843945,0.5238621504900975,True,stable_correct,0.00671007705673457
annual_head_weighted_intercept,learned_market,2021-12-31,2022-12-30,2898,nonnegative_low,2022,0.42655076230806005,1,0.43327256737858,True,stable_wrong,0.007664045323800994,0.40434924616812645,True,stable_wrong,-0.02595579233101214,0.43327256737858,True,stable_wrong,0.007664045323800994
annual_head_weighted_slopes,learned_market,2021-12-31,2022-01-07,2660,negative_low,2022,0.6525861932520414,0,0.6663869364932665,True,stable_wrong,-0.018202809505690143,0.6463630743161278,True,stable_wrong,0.00808351578379446,0.6663869364932665,True,stable_wrong,-0.018202809505690143
annual_head_weighted_slopes,learned_market,2021-12-31,2022-01-14,2665,negative_low,2022,0.6949367740146276,1,0.6716077136929987,True,stable_correct,-0.014777921857337159,0.6890403440091339,True,stable_correct,-0.00363233580535538,0.6716077136929987,True,stable_correct,-0.014777921857337159
annual_head_weighted_slopes,learned_market,2021-12-31,2022-01-21,2670,negative_low,2022,0.6869364371913494,0,0.6851607427539174,True,stable_wrong,0.0024364253300450667,0.6808616109761788,True,stable_wrong,0.008309135440067339,0.6851607427539174,True,stable_wrong,0.0024364253300450667
annual_head_weighted_slopes,learned_market,2021-12-31,2022-01-28,2675,negative_high,2022,0.6099953897331972,0,0.5743401216254888,True,stable_wrong,0.042227800186973974,0.6033623885855155,True,stable_wrong,0.008048203536136611,0.5743401216254888,True,stable_wrong,0.042227800186973974
annual_head_weighted_slopes,learned_market,2021-12-31,2022-02-11,2680,negative_high,2022,0.6783390051409478,1,0.656873123752357,True,stable_correct,-0.014270257589750146,0.67206727426598,True,stable_correct,-0.004074076993628772,0.656873123752357,True,stable_correct,-0.014270257589750146
annual_head_weighted_slopes,learned_market,2021-12-31,2022-02-18,2685,negative_high,2022,0.6726273213505335,0,0.6727853540672722,True,stable_wrong,-0.00021261922023102509,0.6664242703263423,True,stable_wrong,0.00830620534719606,0.6727853540672722,True,stable_wrong,-0.00021261922023102509
annual_head_weighted_slopes,learned_market,2021-12-31,2022-02-25,2690,negative_high,2022,0.6518247938149047,0,0.6577667042529095,True,stable_wrong,-0.007781475391891501,0.6454256611440918,True,stable_wrong,0.008301277768554938,0.6577667042529095,True,stable_wrong,-0.007781475391891501
annual_head_weighted_slopes,learned_market,2021-12-31,2022-03-04,2695,negative_low,2022,0.6856309766784504,0,0.6722216585374395,True,stable_wrong,0.018207877974219855,0.6795698377971632,True,stable_wrong,0.008274671737383166,0.6722216585374395,True,stable_wrong,0.018207877974219855
annual_head_weighted_slopes,learned_market,2021-12-31,2022-03-11,2700,negative_high,2022,0.685639997063964,1,0.6713872792375223,True,stable_correct,-0.009164108800973556,0.679433058101635,True,stable_correct,-0.003940952792125113,0.6713872792375223,True,stable_correct,-0.009164108800973556
annual_head_weighted_slopes,learned_market,2021-12-31,2022-03-18,2705,negative_high,2022,0.6524805086028128,0,0.6262986646825299,True,stable_wrong,0.03348079672346527,0.6459796098913229,True,stable_wrong,0.008441157711239655,0.6262986646825299,True,stable_wrong,0.03348079672346527
annual_head_weighted_slopes,learned_market,2021-12-31,2022-03-25,2710,negative_high,2022,0.663331226471436,1,0.6687482634704501,True,stable_correct,0.0036181501153851603,0.657058324628025,True,stable_correct,-0.00426312963770957,0.6687482634704501,True,stable_correct,0.0036181501153851603
annual_head_weighted_slopes,learned_market,2021-12-31,2022-04-01,2715,negative_high,2022,0.6887329160505095,0,0.6740430153193561,True,stable_wrong,0.020019043150628413,0.6826061600445085,True,stable_wrong,0.008401859920729005,0.6740430153193561,True,stable_wrong,0.020019043150628413
annual_head_weighted_slopes,learned_market,2021-12-31,2022-04-08,2718,negative_high,2022,0.6296180802484055,0,0.6262513273752952,True,stable_wrong,0.004228201936368414,0.6229791479658228,True,stable_wrong,0.00831590817546507,0.6262513273752952,True,stable_wrong,0.004228201936368414
annual_head_weighted_slopes,learned_market,2021-12-31,2022-04-15,2723,negative_high,2022,0.6669186657148711,0,0.6828691346407849,True,stable_wrong,-0.021529748366150403,0.6607150031100031,True,stable_wrong,0.00823619134425263,0.6828691346407849,True,stable_wrong,-0.021529748366150403
annual_head_weighted_slopes,learned_market,2021-12-31,2022-04-22,2728,negative_high,2022,0.6448514572543937,1,0.6318222291752661,True,stable_correct,-0.009424383515142548,0.6384018726446388,True,stable_correct,-0.004622718292576322,0.6318222291752661,True,stable_correct,-0.009424383515142548
annual_head_weighted_slopes,learned_market,2021-12-31,2022-04-29,2733,negative_high,2022,0.5326639610026104,0,0.5023319608025917,True,stable_wrong,0.03139349650721396,0.5258731150022325,True,stable_wrong,0.007188362268839121,0.5023319608025917,True,stable_wrong,0.03139349650721396
annual_head_weighted_slopes,learned_market,2021-12-31,2022-05-06,2735,negative_high,2022,0.522056725823011,1,0.49636072316623614,True,recovery,-0.025222747838616166,0.5151456326348948,True,stable_correct,-0.006653984221995923,0.49636072316623614,True,recovery,-0.025222747838616166
annual_head_weighted_slopes,learned_market,2021-12-31,2022-05-13,2740,negative_high,2022,0.5529629883063033,1,0.5324555868232576,True,stable_correct,-0.01875568846875414,0.5460852775620142,True,stable_correct,-0.006196485421923387,0.5324555868232576,True,stable_correct,-0.01875568846875414
annual_head_weighted_slopes,learned_market,2021-12-31,2022-05-20,2745,negative_high,2022,0.5537255728349143,0,0.5385009600874255,True,stable_wrong,0.016628725996274907,0.5467328648858651,True,stable_wrong,0.007695184465048299,0.5385009600874255,True,stable_wrong,0.016628725996274907
annual_head_weighted_slopes,learned_market,2021-12-31,2022-05-27,2750,negative_high,2022,0.5266967102656123,1,0.5251564092145075,True,stable_correct,-0.0014604316366665093,0.5196644238501892,True,stable_correct,-0.006706261641776928,0.5251564092145075,True,stable_correct,-0.0014604316366665093
annual_head_weighted_slopes,learned_market,2021-12-31,2022-06-10,2759,negative_high,2022,0.4173249060406418,1,0.40454362785537,True,stable_wrong,-0.01505802600709727,0.41060833247740197,True,stable_wrong,-0.007872272624521948,0.40454362785537,True,stable_wrong,-0.01505802600709727
annual_head_weighted_slopes,learned_market,2021-12-31,2022-06-17,2764,nonnegative_high,2022,0.4042745179784559,1,0.38725479149277536,True,stable_wrong,-0.02056784061876127,0.3976785949110834,True,stable_wrong,-0.007902225098485649,0.38725479149277536,True,stable_wrong,-0.02056784061876127
annual_head_weighted_slopes,learned_market,2021-12-31,2022-06-24,2769,nonnegative_low,2022,0.4536622968063033,1,0.4517597811838739,True,stable_wrong,-0.002082451596590096,0.44670349773686885,True,stable_wrong,-0.007652133485651247,0.4517597811838739,True,stable_wrong,-0.002082451596590096
annual_head_weighted_slopes,learned_market,2021-12-31,2022-07-01,2774,nonnegative_high,2022,0.4775692166408965,0,0.49633439488206865,True,stable_correct,-0.01827547485994971,0.47069353211587717,True,stable_correct,0.006519955507279268,0.49633439488206865,True,stable_correct,-0.01827547485994971
annual_head_weighted_slopes,learned_market,2021-12-31,2022-07-08,2779,nonnegative_high,2022,0.4794921882124008,0,0.5065795909479666,True,recovery,-0.026710123408292763,0.4725119128875901,True,stable_correct,0.00664525073602687,0.5065795909479666,True,recovery,-0.026710123408292763
annual_head_weighted_slopes,learned_market,2021-12-31,2022-07-15,2784,nonnegative_high,2022,0.3939305281315298,0,0.42158792492613745,True,stable_correct,-0.0225551174495405,0.38732749816642237,True,stable_correct,0.005158670158126072,0.42158792492613745,True,stable_correct,-0.0225551174495405
annual_head_weighted_slopes,learned_market,2021-12-31,2022-07-22,2789,nonnegative_low,2022,0.4301018560375584,0,0.47899863601678566,True,stable_correct,-0.04445208673898848,0.42342266570817855,True,stable_correct,0.005700852731532702,0.47899863601678566,True,stable_correct,-0.04445208673898848
annual_head_weighted_slopes,learned_market,2021-12-31,2022-07-29,2794,nonnegative_low,2022,0.6297357035140179,0,0.6750890119175624,True,stable_wrong,-0.059178117731535695,0.6232481690397312,True,stable_wrong,0.008128776068917654,0.6750890119175624,True,stable_wrong,-0.059178117731535695
annual_head_weighted_slopes,learned_market,2021-12-31,2022-08-05,2799,nonnegative_low,2022,0.6360505021330174,1,0.6742386779651492,True,stable_correct,0.026338798063735028,0.6294321148241983,True,stable_correct,-0.00486132052603741,0.6742386779651492,True,stable_correct,0.026338798063735028
annual_head_weighted_slopes,learned_market,2021-12-31,2022-08-12,2804,nonnegative_low,2022,0.5867615050420539,0,0.647895700333314,True,stable_wrong,-0.07547977471117917,0.579908736412602,True,stable_wrong,0.00799492123155554,0.647895700333314,True,stable_wrong,-0.07547977471117917
annual_head_weighted_slopes,learned_market,2021-12-31,2022-08-19,2809,nonnegative_low,2022,0.6254754017999975,0,0.6443434395239299,True,stable_wrong,-0.023958989800660024,0.6187688157504906,True,stable_wrong,0.008344630911603756,0.6443434395239299,True,stable_wrong,-0.023958989800660024
annual_head_weighted_slopes,learned_market,2021-12-31,2022-08-26,2814,nonnegative_high,2022,0.6490851914114121,0,0.6583774002419714,True,stable_wrong,-0.012149215439787642,0.6426111191749156,True,stable_wrong,0.008362535222351808,0.6583774002419714,True,stable_wrong,-0.012149215439787642
annual_head_weighted_slopes,learned_market,2021-12-31,2022-09-02,2819,negative_low,2022,0.6361165156726254,1,0.6524804808467984,True,stable_correct,0.011641373973758251,0.6295182831955181,True,stable_correct,-0.004845512320165668,0.6524804808467984,True,stable_correct,0.011641373973758251
annual_head_weighted_slopes,learned_market,2021-12-31,2022-09-09,2824,negative_low,2022,0.6985688160912221,0,0.7161804044687363,True,stable_wrong,-0.02491598092991104,0.6926516961721022,True,stable_wrong,0.008232018605001556,0.7161804044687363,True,stable_wrong,-0.02491598092991104
annual_head_weighted_slopes,learned_market,2021-12-31,2022-09-16,2828,negative_low,2022,0.6661414528716877,0,0.6482137827322693,True,stable_wrong,0.023563327109925314,0.6599463506060244,True,stable_wrong,0.00821524955579328,0.6482137827322693,True,stable_wrong,0.023563327109925314
annual_head_weighted_slopes,learned_market,2021-12-31,2022-09-23,2833,negative_low,2022,0.7632218519483979,0,0.7402999961701221,True,stable_wrong,0.03446351096205935,0.7580283165643902,True,stable_wrong,0.007900666578098847,0.7402999961701221,True,stable_wrong,0.03446351096205935
annual_head_weighted_slopes,learned_market,2021-12-31,2022-09-30,2838,negative_low,2022,0.6324045227213481,1,0.6271150872230199,True,stable_correct,-0.00391672326097614,0.6259133472670735,True,stable_correct,-0.004814388837205252,0.6271150872230199,True,stable_correct,-0.00391672326097614
annual_head_weighted_slopes,learned_market,2021-12-31,2022-10-14,2843,negative_high,2022,0.6344698692101687,0,0.6132842314883366,True,stable_wrong,0.026434466343328966,0.6278635219868313,True,stable_wrong,0.008339412693860404,0.6132842314883366,True,stable_wrong,0.026434466343328966
annual_head_weighted_slopes,learned_market,2021-12-31,2022-10-21,2848,negative_high,2022,0.6978021932540505,0,0.6811531518262143,True,stable_wrong,0.022958284667377482,0.691786785467967,True,stable_wrong,0.008358944362060194,0.6811531518262143,True,stable_wrong,0.022958284667377482
annual_head_weighted_slopes,learned_market,2021-12-31,2022-10-28,2853,negative_high,2022,0.5882184785069127,1,0.5470441647035905,True,stable_correct,-0.03560496728590609,0.5813926009663529,True,stable_correct,-0.005668133082553095,0.5470441647035905,True,stable_correct,-0.03560496728590609
annual_head_weighted_slopes,learned_market,2021-12-31,2022-11-04,2858,negative_high,2022,0.5021650586260549,1,0.47105278554158936,True,recovery,-0.031945526830512466,0.49535154033466,True,recovery,-0.006830438989800874,0.47105278554158936,True,recovery,-0.031945526830512466
annual_head_weighted_slopes,learned_market,2021-12-31,2022-11-11,2863,negative_high,2022,0.5516393803630771,0,0.5023315636872951,True,stable_wrong,0.0519690060908366,0.5446742943676715,True,stable_wrong,0.007635919022438875,0.5023315636872951,True,stable_wrong,0.0519690060908366
annual_head_weighted_slopes,learned_market,2021-12-31,2022-11-18,2868,negative_high,2022,0.47046293904592656,0,0.43940202845720905,True,stable_correct,0.028261234403421265,0.46377370456037353,True,stable_correct,0.0062493279740785945,0.43940202845720905,True,stable_correct,0.028261234403421265
annual_head_weighted_slopes,learned_market,2021-12-31,2022-11-25,2873,negative_high,2022,0.537670886641529,1,0.49033530956466315,True,recovery,-0.04600988761771774,0.5305985657598121,True,stable_correct,-0.006589497407915451,0.49033530956466315,True,recovery,-0.04600988761771774
annual_head_weighted_slopes,learned_market,2021-12-31,2022-12-02,2878,negative_high,2022,0.5401414891681946,1,0.5211543827116397,True,stable_correct,-0.017823275211825113,0.5332315137089414,True,stable_correct,-0.006402969810000492,0.5211543827116397,True,stable_correct,-0.017823275211825113
annual_head_weighted_slopes,learned_market,2021-12-31,2022-12-09,2883,negative_high,2022,0.4906577562375518,0,0.4902361178011138,True,stable_correct,0.0004135825593612752,0.48359051423360927,True,stable_correct,0.006885248299342173,0.4902361178011138,True,stable_correct,0.0004135825593612752
annual_head_weighted_slopes,learned_market,2021-12-31,2022-12-16,2888,nonnegative_low,2022,0.5215085337247035,0,0.5623433034730375,True,stable_wrong,-0.04425884021327853,0.5144709049748263,True,stable_wrong,0.0072908386820735305,0.5623433034730375,True,stable_wrong,-0.04425884021327853
annual_head_weighted_slopes,learned_market,2021-12-31,2022-12-23,2893,negative_high,2022,0.48748762725006634,1,0.5238621504900975,True,regression,0.03596168048585244,0.48051742344801535,True,stable_wrong,-0.007193215119321583,0.5238621504900975,True,regression,0.03596168048585244
annual_head_weighted_slopes,learned_market,2021-12-31,2022-12-30,2898,nonnegative_low,2022,0.4109415103981428,1,0.43327256737858,True,stable_wrong,0.02580992128635512,0.40434924616812645,True,stable_wrong,-0.007809916368458014,0.43327256737858,True,stable_wrong,0.02580992128635512
annual_head_weighted_intercept,learned_vol_interaction,2021-12-31,2022-01-07,2660,negative_low,2022,0.6666776838270755,0,0.6728733320806309,True,stable_wrong,-0.008299386912257012,0.6466740862694796,True,stable_wrong,0.0262717602605676,0.6728733320806309,True,stable_wrong,-0.008299386912257012
annual_head_weighted_intercept,learned_vol_interaction,2021-12-31,2022-01-14,2665,negative_low,2022,0.6721687066806098,1,0.6781941195014632,True,stable_correct,0.003914332156025546,0.6882216590104709,True,stable_correct,0.010267622969281007,0.6781941195014632,True,stable_correct,0.003914332156025546
annual_head_weighted_intercept,learned_vol_interaction,2021-12-31,2022-01-21,2670,negative_low,2022,0.6799646019643527,0,0.6861351648378701,True,stable_wrong,-0.008429604502550536,0.6809305526414559,True,stable_wrong,-0.0013145575960579192,0.6861351648378701,True,stable_wrong,-0.008429604502550536
annual_head_weighted_intercept,learned_vol_interaction,2021-12-31,2022-01-28,2675,negative_high,2022,0.5753023861288526,0,0.5822491246602034,True,stable_wrong,-0.0080412076820216,0.6054751797343845,True,stable_wrong,-0.03562735778883375,0.5822491246602034,True,stable_wrong,-0.0080412076820216
annual_head_weighted_intercept,learned_vol_interaction,2021-12-31,2022-02-11,2680,negative_high,2022,0.6453077175467673,1,0.6519325613953844,True,stable_correct,0.004655673415105921,0.6708388087054914,True,stable_correct,0.017459525377463717,0.6519325613953844,True,stable_correct,0.004655673415105921
annual_head_weighted_intercept,learned_vol_interaction,2021-12-31,2022-02-18,2685,negative_high,2022,0.6670082439380666,0,0.673275170529933,True,stable_wrong,-0.00839945777076706,0.6674115854263958,True,stable_wrong,-0.0005382268800318557,0.673275170529933,True,stable_wrong,-0.00839945777076706
annual_head_weighted_intercept,learned_vol_interaction,2021-12-31,2022-02-25,2690,negative_high,2022,0.6457250250839545,0,0.6522358213996781,True,stable_wrong,-0.008450758697239102,0.6455987058279727,True,stable_wrong,0.00016311905292032414,0.6522358213996781,True,stable_wrong,-0.008450758697239102
annual_head_weighted_intercept,learned_vol_interaction,2021-12-31,2022-03-04,2695,negative_low,2022,0.6717095555372565,0,0.6779393346784746,True,stable_wrong,-0.008408014504234007,0.6814235507133731,True,stable_wrong,-0.013144328466762278,0.6779393346784746,True,stable_wrong,-0.008408014504234007
annual_head_weighted_intercept,learned_vol_interaction,2021-12-31,2022-03-11,2700,negative_high,2022,0.6604714800471604,1,0.6669752844056696,True,stable_correct,0.004374154664681135,0.6802421394218499,True,stable_correct,0.013034526459850107,0.6669752844056696,True,stable_correct,0.004374154664681135
annual_head_weighted_intercept,learned_vol_interaction,2021-12-31,2022-03-18,2705,negative_high,2022,0.5973941117474465,0,0.6043313348469551,True,stable_wrong,-0.008336637527382007,0.6436725431833029,True,stable_wrong,-0.05743461809754036,0.6043313348469551,True,stable_wrong,-0.008336637527382007
annual_head_weighted_intercept,learned_vol_interaction,2021-12-31,2022-03-25,2710,negative_high,2022,0.6569969908449572,1,0.6634389290620103,True,stable_correct,0.004377709818487827,0.6588660072552329,True,stable_correct,0.0012786632834275724,0.6634389290620103,True,stable_correct,0.004377709818487827
annual_head_weighted_intercept,learned_vol_interaction,2021-12-31,2022-04-01,2715,negative_high,2022,0.6522500459493924,0,0.6587294181439721,True,stable_wrong,-0.008494323887311583,0.6844462537881896,True,stable_wrong,-0.04303655188370231,0.6587294181439721,True,stable_wrong,-0.008494323887311583
annual_head_weighted_intercept,learned_vol_interaction,2021-12-31,2022-04-08,2718,negative_high,2022,0.6101314062411419,0,0.616997497306182,True,stable_wrong,-0.008425578800298705,0.6215994359241087,True,stable_wrong,-0.014125525859376764,0.616997497306182,True,stable_wrong,-0.008425578800298705
annual_head_weighted_intercept,learned_vol_interaction,2021-12-31,2022-04-15,2723,negative_high,2022,0.6756050602844378,0,0.6818312948333229,True,stable_wrong,-0.00845171713214693,0.6621532790133912,True,stable_wrong,0.01799523257375296,0.6818312948333229,True,stable_wrong,-0.00845171713214693
annual_head_weighted_intercept,learned_vol_interaction,2021-12-31,2022-04-22,2728,negative_high,2022,0.6296483881538997,1,0.6362220936613167,True,stable_correct,0.004825951256848704,0.6408065987356812,True,stable_correct,0.008140416885174667,0.6362220936613167,True,stable_correct,0.004825951256848704
annual_head_weighted_intercept,learned_vol_interaction,2021-12-31,2022-04-29,2733,negative_high,2022,0.5051793698489242,0,0.5121820307195798,True,stable_wrong,-0.007124236871076439,0.5266316740579314,True,stable_wrong,-0.022134724400103167,0.5121820307195798,True,stable_wrong,-0.007124236871076439
annual_head_weighted_intercept,learned_vol_interaction,2021-12-31,2022-05-06,2735,negative_high,2022,0.4933373802689798,1,0.50030474991922,True,regression,0.007011667279407191,0.5115070798086231,True,regression,0.018081677155601494,0.50030474991922,True,regression,0.007011667279407191
annual_head_weighted_intercept,learned_vol_interaction,2021-12-31,2022-05-13,2740,negative_high,2022,0.5287232078831837,1,0.535805382880595,True,stable_correct,0.006625172225285858,0.5439440761355537,True,stable_correct,0.014114809096063274,0.535805382880595,True,stable_correct,0.006625172225285858
annual_head_weighted_intercept,learned_vol_interaction,2021-12-31,2022-05-20,2745,negative_high,2022,0.5312927349615468,0,0.5384519529464837,True,stable_wrong,-0.007658535408961886,0.5470386837399273,True,stable_wrong,-0.01697935128499173,0.5384519529464837,True,stable_wrong,-0.007658535408961886
annual_head_weighted_intercept,learned_vol_interaction,2021-12-31,2022-05-27,2750,negative_high,2022,0.521353604323628,1,0.5284656164969511,True,stable_correct,0.006757697268381685,0.5209950926977542,True,stable_correct,-0.00034332912565099294,0.5284656164969511,True,stable_correct,0.006757697268381685
annual_head_weighted_intercept,learned_vol_interaction,2021-12-31,2022-06-10,2759,negative_high,2022,0.3909929122689854,1,0.39752583505672323,True,stable_wrong,0.007914513482512986,0.40971969908566397,True,stable_wrong,0.022458799259092554,0.39752583505672323,True,stable_wrong,0.007914513482512986
annual_head_weighted_intercept,learned_vol_interaction,2021-12-31,2022-06-17,2764,nonnegative_high,2022,0.3738710426001212,1,0.3803556389167814,True,stable_wrong,0.008078337072429054,0.3977362680977738,True,stable_wrong,0.02931586852986262,0.3803556389167814,True,stable_wrong,0.008078337072429054
annual_head_weighted_intercept,learned_vol_interaction,2021-12-31,2022-06-24,2769,nonnegative_low,2022,0.4359206294000577,1,0.4429226549304241,True,stable_wrong,0.007850367946659775,0.44717936954040427,True,stable_wrong,0.012574886874682167,0.4429226549304241,True,stable_wrong,0.007850367946659775
annual_head_weighted_intercept,learned_vol_interaction,2021-12-31,2022-07-01,2774,nonnegative_high,2022,0.47974723014102955,0,0.4866788057856351,True,stable_correct,-0.00669885517294197,0.47089615364674886,True,stable_correct,0.008414217308687466,0.4866788057856351,True,stable_correct,-0.00669885517294197
annual_head_weighted_intercept,learned_vol_interaction,2021-12-31,2022-07-08,2779,nonnegative_high,2022,0.4920402909168942,0,0.49920494025306567,True,stable_correct,-0.0071019244874849785,0.4738268675880269,True,stable_correct,0.017591747437300326,0.49920494025306567,True,stable_correct,-0.0071019244874849785
annual_head_weighted_intercept,learned_vol_interaction,2021-12-31,2022-07-15,2784,nonnegative_high,2022,0.4088498917237062,0,0.4156452738218049,True,stable_correct,-0.005602759687916847,0.3887111800397313,True,stable_correct,0.016061852474605898,0.4156452738218049,True,stable_correct,-0.005602759687916847
annual_head_weighted_intercept,learned_vol_interaction,2021-12-31,2022-07-22,2789,nonnegative_low,2022,0.47366344789222276,0,0.4805619191563751,True,stable_correct,-0.006582696274109956,0.42565149171409705,True,stable_correct,0.04317786947071239,0.4805619191563751,True,stable_correct,-0.006582696274109956
annual_head_weighted_intercept,learned_vol_interaction,2021-12-31,2022-07-29,2794,nonnegative_low,2022,0.6720926285718992,0,0.6782030936215642,True,stable_wrong,-0.00825093481717526,0.6245552841029246,True,stable_wrong,0.061639198479799984,0.6782030936215642,True,stable_wrong,-0.00825093481717526
annual_head_weighted_intercept,learned_vol_interaction,2021-12-31,2022-08-05,2799,nonnegative_low,2022,0.672633059183597,1,0.6789834508306326,True,stable_correct,0.004117489098881474,0.6300044571113848,True,stable_correct,-0.029727587817950776,0.6789834508306326,True,stable_correct,0.004117489098881474
annual_head_weighted_intercept,learned_vol_interaction,2021-12-31,2022-08-12,2804,nonnegative_low,2022,0.6441033110484319,0,0.6506679645066167,True,stable_wrong,-0.008499724731630798,0.5803670179335121,True,stable_wrong,0.07804319979851543,0.6506679645066167,True,stable_wrong,-0.008499724731630798
annual_head_weighted_intercept,learned_vol_interaction,2021-12-31,2022-08-19,2809,nonnegative_low,2022,0.637764009734969,0,0.644429329770854,True,stable_wrong,-0.008546228955686352,0.619572450071845,True,stable_wrong,0.0228729112251968,0.644429329770854,True,stable_wrong,-0.008546228955686352
annual_head_weighted_intercept,learned_vol_interaction,2021-12-31,2022-08-26,2814,nonnegative_high,2022,0.653089787166258,0,0.6595802291375747,True,stable_wrong,-0.008519808568307474,0.6431997007795648,True,stable_wrong,0.012820415017946452,0.6595802291375747,True,stable_wrong,-0.008519808568307474
annual_head_weighted_intercept,learned_vol_interaction,2021-12-31,2022-09-02,2819,negative_low,2022,0.6452062064726239,1,0.6517518855293494,True,stable_correct,0.004601886693182969,0.6305329630893858,True,stable_correct,-0.010627255437962835,0.6517518855293494,True,stable_correct,0.004601886693182969
annual_head_weighted_intercept,learned_vol_interaction,2021-12-31,2022-09-09,2824,negative_low,2022,0.7183354461940193,0,0.7239131595970701,True,stable_wrong,-0.008044449379052354,0.6945192081196273,True,stable_wrong,0.03364888281164663,0.7239131595970701,True,stable_wrong,-0.008044449379052354
annual_head_weighted_intercept,learned_vol_interaction,2021-12-31,2022-09-16,2828,negative_low,2022,0.6472985135273431,0,0.6535202109321739,True,stable_wrong,-0.008093300482125088,0.661172176443009,True,stable_wrong,-0.018153281287677347,0.6535202109321739,True,stable_wrong,-0.008093300482125088
annual_head_weighted_intercept,learned_vol_interaction,2021-12-31,2022-09-23,2833,negative_low,2022,0.7421444493468204,0,0.7476514405857634,True,stable_wrong,-0.008204292913671862,0.7580051578965555,True,stable_wrong,-0.02379343570148673,0.7476514405857634,True,stable_wrong,-0.008204292913671862
annual_head_weighted_intercept,learned_vol_interaction,2021-12-31,2022-09-30,2838,negative_low,2022,0.6252472521600686,1,0.6317852127678193,True,stable_correct,0.004857492477139097,0.6267673976631315,True,stable_correct,0.0011370465664281848,0.6317852127678193,True,stable_correct,0.004857492477139097
annual_head_weighted_intercept,learned_vol_interaction,2021-12-31,2022-10-14,2843,negative_high,2022,0.6019040869709599,0,0.6088349734451922,True,stable_wrong,-0.008391494977663061,0.6276395148740362,True,stable_wrong,-0.03164283071897073,0.6088349734451922,True,stable_wrong,-0.008391494977663061
annual_head_weighted_intercept,learned_vol_interaction,2021-12-31,2022-10-21,2848,negative_high,2022,0.6794511398889872,0,0.6857204639482419,True,stable_wrong,-0.00855870318094809,0.6921257223658914,True,stable_wrong,-0.017384164064062957,0.6857204639482419,True,stable_wrong,-0.00855870318094809
annual_head_weighted_intercept,learned_vol_interaction,2021-12-31,2022-10-28,2853,negative_high,2022,0.5417645787240201,1,0.5488656116790782,True,stable_correct,0.006457464986282552,0.5825957469430659,True,stable_correct,0.03575339084195775,0.5488656116790782,True,stable_correct,0.006457464986282552
annual_head_weighted_intercept,learned_vol_interaction,2021-12-31,2022-11-04,2858,negative_high,2022,0.45074699573145266,1,0.45737864151269214,True,stable_wrong,0.007240924011413352,0.4908212939582995,True,stable_wrong,0.04241590801172429,0.45737864151269214,True,stable_wrong,0.007240924011413352
annual_head_weighted_intercept,learned_vol_interaction,2021-12-31,2022-11-11,2863,negative_high,2022,0.49096737344877983,0,0.49804434583176854,True,stable_correct,-0.006999208623800629,0.5426506141055811,True,recovery,-0.05342072719797067,0.49804434583176854,True,stable_correct,-0.006999208623800629
annual_head_weighted_intercept,learned_vol_interaction,2021-12-31,2022-11-18,2868,negative_high,2022,0.43296813743168344,0,0.43953868368195087,True,stable_correct,-0.005732846421800941,0.45961608351614675,True,stable_correct,-0.023785536195660456,0.43953868368195087,True,stable_correct,-0.005732846421800941
annual_head_weighted_intercept,learned_vol_interaction,2021-12-31,2022-11-25,2873,negative_high,2022,0.4865540737524106,1,0.4937578650923094,True,stable_wrong,0.007345620024348576,0.530079033997623,True,regression,0.042801004891637906,0.4937578650923094,True,stable_wrong,0.007345620024348576
annual_head_weighted_intercept,learned_vol_interaction,2021-12-31,2022-12-02,2878,negative_high,2022,0.5121245549732205,1,0.5192089197639946,True,stable_correct,0.006862387025573208,0.5328387672239068,True,stable_correct,0.019782832451198995,0.5192089197639946,True,stable_correct,0.006862387025573208
annual_head_weighted_intercept,learned_vol_interaction,2021-12-31,2022-12-09,2883,negative_high,2022,0.47862620798920136,0,0.4857999012603165,True,stable_correct,-0.0069184970904110354,0.48378856862523767,True,stable_correct,-0.00496833215833406,0.4857999012603165,True,stable_correct,-0.0069184970904110354
annual_head_weighted_intercept,learned_vol_interaction,2021-12-31,2022-12-16,2888,nonnegative_low,2022,0.5572655043332061,0,0.5642656801045604,True,stable_wrong,-0.007850915424119476,0.515387377111866,True,stable_wrong,0.044920693833493786,0.5642656801045604,True,stable_wrong,-0.007850915424119476
annual_head_weighted_intercept,learned_vol_interaction,2021-12-31,2022-12-23,2893,negative_high,2022,0.5108975237773486,1,0.5180072104704162,True,stable_correct,0.006904183088619564,0.47966786770137987,True,recovery,-0.031524295655299434,0.5180072104704162,True,stable_correct,0.006904183088619564
annual_head_weighted_intercept,learned_vol_interaction,2021-12-31,2022-12-30,2898,nonnegative_low,2022,0.42185134945080544,1,0.42866695025133605,True,stable_wrong,0.00783440839674543,0.40585419701955483,True,stable_wrong,-0.018753373067423196,0.42866695025133605,True,stable_wrong,0.00783440839674543
annual_head_weighted_slopes,learned_vol_interaction,2021-12-31,2022-01-07,2660,negative_low,2022,0.6529922240077538,0,0.6728733320806309,True,stable_wrong,-0.026359676410698474,0.6466740862694796,True,stable_wrong,0.008211470762126138,0.6728733320806309,True,stable_wrong,-0.026359676410698474
annual_head_weighted_slopes,learned_vol_interaction,2021-12-31,2022-01-14,2665,negative_low,2022,0.6942283109751181,1,0.6781941195014632,True,stable_correct,-0.010062698914309415,0.6882216590104709,True,stable_correct,-0.0037094081010539542,0.6781941195014632,True,stable_correct,-0.010062698914309415
annual_head_weighted_slopes,learned_vol_interaction,2021-12-31,2022-01-21,2670,negative_low,2022,0.6871071918406421,0,0.6861351648378701,True,stable_wrong,0.001334828652041764,0.6809305526414559,True,stable_wrong,0.008449875558534381,0.6861351648378701,True,stable_wrong,0.001334828652041764
annual_head_weighted_slopes,learned_vol_interaction,2021-12-31,2022-01-28,2675,negative_high,2022,0.6122338095630653,0,0.5822491246602034,True,stable_wrong,0.035816194404530655,0.6054751797343845,True,stable_wrong,0.008230044297718508,0.5822491246602034,True,stable_wrong,0.035816194404530655
annual_head_weighted_slopes,learned_vol_interaction,2021-12-31,2022-02-11,2680,negative_high,2022,0.6772343231074595,1,0.6519325613953844,True,stable_correct,-0.016973259636878,0.6708388087054914,True,stable_correct,-0.0041694076745202036,0.6519325613953844,True,stable_correct,-0.016973259636878
annual_head_weighted_slopes,learned_vol_interaction,2021-12-31,2022-02-18,2685,negative_high,2022,0.6737240666365789,0,0.673275170529933,True,stable_wrong,0.0006046627132190174,0.6674115854263958,True,stable_wrong,0.008465893603954222,0.673275170529933,True,stable_wrong,0.0006046627132190174
annual_head_weighted_slopes,learned_vol_interaction,2021-12-31,2022-02-25,2690,negative_high,2022,0.6521165220610903,0,0.6522358213996781,True,stable_wrong,-0.00015560837186029408,0.6455987058279727,True,stable_wrong,0.008458269378299133,0.6522358213996781,True,stable_wrong,-0.00015560837186029408
annual_head_weighted_slopes,learned_vol_interaction,2021-12-31,2022-03-04,2695,negative_low,2022,0.6875688270087609,0,0.6779393346784746,True,stable_wrong,0.0131491503699106,0.6814235507133731,True,stable_wrong,0.00841283640738233,0.6779393346784746,True,stable_wrong,0.0131491503699106
annual_head_weighted_slopes,learned_vol_interaction,2021-12-31,2022-03-11,2700,negative_high,2022,0.6865491460002794,1,0.6669752844056696,True,stable_correct,-0.012654023323530508,0.6802421394218499,True,stable_correct,-0.003993651528361536,0.6669752844056696,True,stable_correct,-0.012654023323530508
annual_head_weighted_slopes,learned_vol_interaction,2021-12-31,2022-03-18,2705,negative_high,2022,0.6503139633436459,0,0.6043313348469551,True,stable_wrong,0.05769188864181818,0.6436725431833029,True,stable_wrong,0.008593908071659828,0.6043313348469551,True,stable_wrong,0.05769188864181818
annual_head_weighted_slopes,learned_vol_interaction,2021-12-31,2022-03-25,2710,negative_high,2022,0.6652206000804162,1,0.6634389290620103,True,stable_correct,-0.001196107860409898,0.6588660072552329,True,stable_correct,-0.004295154395470152,0.6634389290620103,True,stable_correct,-0.001196107860409898
annual_head_weighted_slopes,learned_vol_interaction,2021-12-31,2022-04-01,2715,negative_high,2022,0.6906410848421233,0,0.6587294181439721,True,stable_wrong,0.04306066174360884,0.6844462537881896,True,stable_wrong,0.008518433747218113,0.6587294181439721,True,stable_wrong,0.04306066174360884
annual_head_weighted_slopes,learned_vol_interaction,2021-12-31,2022-04-08,2718,negative_high,2022,0.6283732033973438,0,0.616997497306182,True,stable_wrong,0.014166971065747547,0.6215994359241087,True,stable_wrong,0.008467024006669488,0.616997497306182,True,stable_wrong,0.014166971065747547
annual_head_weighted_slopes,learned_vol_interaction,2021-12-31,2022-04-15,2723,negative_high,2022,0.6684356865972251,0,0.6818312948333229,True,stable_wrong,-0.018087647497382064,0.6621532790133912,True,stable_wrong,0.008359302208517827,0.6818312948333229,True,stable_wrong,-0.018087647497382064
annual_head_weighted_slopes,learned_vol_interaction,2021-12-31,2022-04-22,2728,negative_high,2022,0.6473353722972631,1,0.6362220936613167,True,stable_correct,-0.00796202550744586,0.6408065987356812,True,stable_correct,-0.004647559879119897,0.6362220936613167,True,stable_correct,-0.00796202550744586
annual_head_weighted_slopes,learned_vol_interaction,2021-12-31,2022-04-29,2733,negative_high,2022,0.5335717581154147,0,0.5121820307195798,True,stable_wrong,0.022368388466341982,0.5266316740579314,True,stable_wrong,0.007357900937315254,0.5121820307195798,True,stable_wrong,0.022368388466341982
annual_head_weighted_slopes,learned_vol_interaction,2021-12-31,2022-05-06,2735,negative_high,2022,0.5185354408873842,1,0.50030474991922,True,stable_correct,-0.017887221271787768,0.5115070798086231,True,stable_correct,-0.006817211395593464,0.50030474991922,True,stable_correct,-0.017887221271787768
annual_head_weighted_slopes,learned_vol_interaction,2021-12-31,2022-05-13,2740,negative_high,2022,0.5509649608768953,1,0.535805382880595,True,stable_correct,-0.013844176202342823,0.5439440761355537,True,stable_correct,-0.006354539331565406,0.535805382880595,True,stable_correct,-0.013844176202342823
annual_head_weighted_slopes,learned_vol_interaction,2021-12-31,2022-05-20,2745,negative_high,2022,0.5541576173401209,0,0.5384519529464837,True,stable_wrong,0.017160159224197558,0.5470386837399273,True,stable_wrong,0.007839343348167715,0.5384519529464837,True,stable_wrong,0.017160159224197558
annual_head_weighted_slopes,learned_vol_interaction,2021-12-31,2022-05-27,2750,negative_high,2022,0.5281457724092717,1,0.5284656164969511,True,stable_correct,0.0003017372696423881,0.5209950926977542,True,stable_correct,-0.00679928912439029,0.5284656164969511,True,stable_correct,0.0003017372696423881
annual_head_weighted_slopes,learned_vol_interaction,2021-12-31,2022-06-10,2759,negative_high,2022,0.4165397545260166,1,0.39752583505672323,True,stable_wrong,-0.022549261375537644,0.40971969908566397,True,stable_wrong,-0.008004975598958075,0.39752583505672323,True,stable_wrong,-0.022549261375537644
annual_head_weighted_slopes,learned_vol_interaction,2021-12-31,2022-06-17,2764,nonnegative_high,2022,0.4044343664676828,1,0.3803556389167814,True,stable_wrong,-0.029260710377479793,0.3977362680977738,True,stable_wrong,-0.008023178920046226,0.3803556389167814,True,stable_wrong,-0.029260710377479793
annual_head_weighted_slopes,learned_vol_interaction,2021-12-31,2022-06-24,2769,nonnegative_low,2022,0.4542534696383571,1,0.4429226549304241,True,stable_wrong,-0.012495892987995638,0.44717936954040427,True,stable_wrong,-0.007771374059973246,0.4429226549304241,True,stable_wrong,-0.012495892987995638
annual_head_weighted_slopes,learned_vol_interaction,2021-12-31,2022-07-01,2774,nonnegative_high,2022,0.47787694118572066,0,0.4866788057856351,True,stable_correct,-0.008489889083911212,0.47089615364674886,True,stable_correct,0.006623183397718224,0.4866788057856351,True,stable_correct,-0.008489889083911212
annual_head_weighted_slopes,learned_vol_interaction,2021-12-31,2022-07-08,2779,nonnegative_high,2022,0.48092038478696825,0,0.49920494025306567,True,stable_correct,-0.01792115586942128,0.4738268675880269,True,stable_correct,0.006772516055364025,0.49920494025306567,True,stable_correct,-0.01792115586942128
annual_head_weighted_slopes,learned_vol_interaction,2021-12-31,2022-07-15,2784,nonnegative_high,2022,0.39544276585975463,0,0.4156452738218049,True,stable_correct,-0.016386012579590437,0.3887111800397313,True,stable_correct,0.0052785995829323085,0.4156452738218049,True,stable_correct,-0.016386012579590437
annual_head_weighted_slopes,learned_vol_interaction,2021-12-31,2022-07-22,2789,nonnegative_low,2022,0.4324671280951824,0,0.4805619191563751,True,stable_correct,-0.04391194126036346,0.42565149171409705,True,stable_correct,0.005848624484458886,0.4805619191563751,True,stable_correct,-0.04391194126036346
annual_head_weighted_slopes,learned_vol_interaction,2021-12-31,2022-07-29,2794,nonnegative_low,2022,0.6311577382436787,0,0.6782030936215642,True,stable_wrong,-0.06159934565298408,0.6245552841029246,True,stable_wrong,0.00829078764399116,0.6782030936215642,True,stable_wrong,-0.06159934565298408
annual_head_weighted_slopes,learned_vol_interaction,2021-12-31,2022-08-05,2799,nonnegative_low,2022,0.6367363002106902,1,0.6789834508306326,True,stable_correct,0.028908890744008958,0.6300044571113848,True,stable_correct,-0.0049361861728232925,0.6789834508306326,True,stable_correct,0.028908890744008958
annual_head_weighted_slopes,learned_vol_interaction,2021-12-31,2022-08-12,2804,nonnegative_low,2022,0.5873355222425826,0,0.6506679645066167,True,stable_wrong,-0.07840578434721657,0.5803670179335121,True,stable_wrong,0.008137140182929659,0.6506679645066167,True,stable_wrong,-0.07840578434721657
annual_head_weighted_slopes,learned_vol_interaction,2021-12-31,2022-08-19,2809,nonnegative_low,2022,0.6263945615350247,0,0.644429329770854,True,stable_wrong,-0.022919014348256217,0.619572450071845,True,stable_wrong,0.008500125832626937,0.644429329770854,True,stable_wrong,-0.022919014348256217
annual_head_weighted_slopes,learned_vol_interaction,2021-12-31,2022-08-26,2814,nonnegative_high,2022,0.6497746400368972,0,0.6595802291375747,True,stable_wrong,-0.012838995834096256,0.6431997007795648,True,stable_wrong,0.00850122775215767,0.6595802291375747,True,stable_wrong,-0.012838995834096256
annual_head_weighted_slopes,learned_vol_interaction,2021-12-31,2022-09-02,2819,negative_low,2022,0.6372359963642608,1,0.6517518855293494,True,stable_correct,0.010320973101467248,0.6305329630893858,True,stable_correct,-0.004908169029678555,0.6517518855293494,True,stable_correct,0.010320973101467248
annual_head_weighted_slopes,learned_vol_interaction,2021-12-31,2022-09-09,2824,negative_low,2022,0.7005265336179374,0,0.7239131595970701,True,stable_wrong,-0.033312838335050055,0.6945192081196273,True,stable_wrong,0.00838049385564893,0.7239131595970701,True,stable_wrong,-0.033312838335050055
annual_head_weighted_slopes,learned_vol_interaction,2021-12-31,2022-09-16,2828,negative_low,2022,0.6674582291110117,0,0.6535202109321739,True,stable_wrong,0.01841182151117471,0.661172176443009,True,stable_wrong,0.008351840705622449,0.6535202109321739,True,stable_wrong,0.01841182151117471
annual_head_weighted_slopes,learned_vol_interaction,2021-12-31,2022-09-23,2833,negative_low,2022,0.763283482775757,0,0.7476514405857634,True,stable_wrong,0.02361899846832205,0.7580051578965555,True,stable_wrong,0.00802985568050718,0.7476514405857634,True,stable_wrong,0.02361899846832205
annual_head_weighted_slopes,learned_vol_interaction,2021-12-31,2022-09-30,2838,negative_low,2022,0.633361935217882,1,0.6317852127678193,True,stable_correct,-0.001158658989263539,0.6267673976631315,True,stable_correct,-0.004879104899974451,0.6317852127678193,True,stable_correct,-0.001158658989263539
annual_head_weighted_slopes,learned_vol_interaction,2021-12-31,2022-10-14,2843,negative_high,2022,0.6343687971090773,0,0.6088349734451922,True,stable_wrong,0.03174374585560985,0.6276395148740362,True,stable_wrong,0.008492410114302185,0.6088349734451922,True,stable_wrong,0.03174374585560985
annual_head_weighted_slopes,learned_vol_interaction,2021-12-31,2022-10-21,2848,negative_high,2022,0.6982381461124038,0,0.6857204639482419,True,stable_wrong,0.017323954009094367,0.6921257223658914,True,stable_wrong,0.0084984931259795,0.6857204639482419,True,stable_wrong,0.017323954009094367
annual_head_weighted_slopes,learned_vol_interaction,2021-12-31,2022-10-28,2853,negative_high,2022,0.589527272991267,1,0.5488656116790782,True,stable_correct,-0.03503437670770637,0.5825957469430659,True,stable_correct,-0.005738450852031174,0.5488656116790782,True,stable_correct,-0.03503437670770637
annual_head_weighted_slopes,learned_vol_interaction,2021-12-31,2022-11-04,2858,negative_high,2022,0.4977266670575366,1,0.45737864151269214,True,stable_wrong,-0.042159437701480784,0.4908212939582995,True,stable_wrong,-0.006984453701169846,0.45737864151269214,True,stable_wrong,-0.042159437701480784
annual_head_weighted_slopes,learned_vol_interaction,2021-12-31,2022-11-11,2863,negative_high,2022,0.5497391292650744,0,0.49804434583176854,True,regression,0.054164939830127934,0.5426506141055811,True,stable_wrong,0.007743421255957894,0.49804434583176854,True,regression,0.054164939830127934
annual_head_weighted_slopes,learned_vol_interaction,2021-12-31,2022-11-18,2868,negative_high,2022,0.46638658335835076,0,0.43953868368195087,True,stable_correct,0.024322190683813805,0.45961608351614675,True,stable_correct,0.00626950090995429,0.43953868368195087,True,stable_correct,0.024322190683813805
annual_head_weighted_slopes,learned_vol_interaction,2021-12-31,2022-11-25,2873,negative_high,2022,0.537277989672858,1,0.4937578650923094,True,recovery,-0.042169440314704765,0.530079033997623,True,stable_correct,-0.006714055447415435,0.4937578650923094,True,recovery,-0.042169440314704765
annual_head_weighted_slopes,learned_vol_interaction,2021-12-31,2022-12-02,2878,negative_high,2022,0.5398670787230415,1,0.5192089197639946,True,stable_correct,-0.019437757591637267,0.5328387672239068,True,stable_correct,-0.00651731216601148,0.5192089197639946,True,stable_correct,-0.019437757591637267
annual_head_weighted_slopes,learned_vol_interaction,2021-12-31,2022-12-09,2883,negative_high,2022,0.4909806524307763,0,0.4857999012603165,True,stable_correct,0.005060456996817508,0.48378856862523767,True,stable_correct,0.007010621928894484,0.4857999012603165,True,stable_correct,0.005060456996817508
annual_head_weighted_slopes,learned_vol_interaction,2021-12-31,2022-12-16,2888,nonnegative_low,2022,0.5225476416526732,0,0.5642656801045604,True,stable_wrong,-0.04533971994709146,0.515387377111866,True,stable_wrong,0.0074318893105218,0.5642656801045604,True,stable_wrong,-0.04533971994709146
annual_head_weighted_slopes,learned_vol_interaction,2021-12-31,2022-12-23,2893,negative_high,2022,0.4867597463860914,1,0.5180072104704162,True,regression,0.031098508771159633,0.47966786770137987,True,stable_wrong,-0.007329969972759365,0.5180072104704162,True,regression,0.031098508771159633
annual_head_weighted_slopes,learned_vol_interaction,2021-12-31,2022-12-30,2898,nonnegative_low,2022,0.41257648276678055,1,0.42866695025133605,True,stable_wrong,0.018644934863537077,0.40585419701955483,True,stable_wrong,-0.007942846600631548,0.42866695025133605,True,stable_wrong,0.018644934863537077
annual_head_weighted_intercept,learned_order_extension,2021-12-31,2022-01-07,2660,negative_low,2022,0.6606671420772391,0,0.666848638018025,True,stable_wrong,-0.008206033405988078,0.6354530133326858,True,stable_wrong,0.03268054046691632,0.666848638018025,True,stable_wrong,-0.008206033405988078
annual_head_weighted_intercept,learned_order_extension,2021-12-31,2022-01-14,2665,negative_low,2022,0.6670237064724688,1,0.6731233598127372,True,stable_correct,0.004024874151219354,0.6765964092649006,True,stable_correct,0.006283329550976963,0.6731233598127372,True,stable_correct,0.004024874151219354
annual_head_weighted_intercept,learned_order_extension,2021-12-31,2022-01-21,2670,negative_low,2022,0.6828879396343909,0,0.6890003462785592,True,stable_wrong,-0.008385539073871018,0.6841862047952448,True,stable_wrong,-0.001774824734017244,0.6890003462785592,True,stable_wrong,-0.008385539073871018
annual_head_weighted_intercept,learned_order_extension,2021-12-31,2022-01-28,2675,negative_high,2022,0.5581006042558706,0,0.5650762971911802,True,stable_wrong,-0.007834937176527168,0.5839955188039173,True,stable_wrong,-0.029574481512288642,0.5650762971911802,True,stable_wrong,-0.007834937176527168
annual_head_weighted_intercept,learned_order_extension,2021-12-31,2022-02-11,2680,negative_high,2022,0.6428727343451336,1,0.6494921120928261,True,stable_correct,0.004684104388973528,0.6679293993936731,True,stable_correct,0.017269000087074868,0.6494921120928261,True,stable_correct,0.004684104388973528
annual_head_weighted_intercept,learned_order_extension,2021-12-31,2022-02-18,2685,negative_high,2022,0.6662045513255369,0,0.6724651944231906,True,stable_wrong,-0.00838093350375968,0.6685402418609065,True,stable_wrong,-0.0031175507805795144,0.6724651944231906,True,stable_wrong,-0.00838093350375968
annual_head_weighted_intercept,learned_order_extension,2021-12-31,2022-02-25,2690,negative_high,2022,0.6371792684539884,0,0.6437502486809024,True,stable_wrong,-0.008416962529163796,0.6293072543145733,True,stable_wrong,0.009969799814612768,0.6437502486809024,True,stable_wrong,-0.008416962529163796
annual_head_weighted_intercept,learned_order_extension,2021-12-31,2022-03-04,2695,negative_low,2022,0.6600752381580975,0,0.6663854090620657,True,stable_wrong,-0.008370193381347368,0.661002263458238,True,stable_wrong,-0.0012246722674446597,0.6663854090620657,True,stable_wrong,-0.008370193381347368
annual_head_weighted_intercept,learned_order_extension,2021-12-31,2022-03-11,2700,negative_high,2022,0.6558369017387826,1,0.6623648619693736,True,stable_correct,0.004450751771800238,0.6734008389816301,True,stable_correct,0.011781226226857233,0.6623648619693736,True,stable_correct,0.004450751771800238
annual_head_weighted_intercept,learned_order_extension,2021-12-31,2022-03-18,2705,negative_high,2022,0.5991713208553223,0,0.6060717034066199,True,stable_wrong,-0.00831663793469023,0.644641786394238,True,stable_wrong,-0.05655676103004276,0.6060717034066199,True,stable_wrong,-0.00831663793469023
annual_head_weighted_intercept,learned_order_extension,2021-12-31,2022-03-25,2710,negative_high,2022,0.6567458278001203,1,0.6632134456408768,True,stable_correct,0.004398243535534058,0.658392594139862,True,stable_correct,0.0011278069941316193,0.6632134456408768,True,stable_correct,0.004398243535534058
annual_head_weighted_intercept,learned_order_extension,2021-12-31,2022-04-01,2715,negative_high,2022,0.6497180110548278,0,0.6562364019879152,True,stable_wrong,-0.008512721405003254,0.6796260076517563,True,stable_wrong,-0.03975801638762366,0.6562364019879152,True,stable_wrong,-0.008512721405003254
annual_head_weighted_intercept,learned_order_extension,2021-12-31,2022-04-08,2718,negative_high,2022,0.6005050861357454,0,0.6074043250049674,True,stable_wrong,-0.008333655559841169,0.6068189905953946,True,stable_wrong,-0.007622928872314583,0.6074043250049674,True,stable_wrong,-0.008333655559841169
annual_head_weighted_intercept,learned_order_extension,2021-12-31,2022-04-15,2723,negative_high,2022,0.6741412433663326,0,0.680372047662618,True,stable_wrong,-0.008439707233118876,0.6602268983171773,True,stable_wrong,0.01856685874598457,0.680372047662618,True,stable_wrong,-0.008439707233118876
annual_head_weighted_intercept,learned_order_extension,2021-12-31,2022-04-22,2728,negative_high,2022,0.6294101145893305,1,0.6359842576347555,True,stable_correct,0.004829402478973094,0.6431911023863145,True,stable_correct,0.010024273752399643,0.6359842576347555,True,stable_correct,0.004829402478973094
annual_head_weighted_intercept,learned_order_extension,2021-12-31,2022-04-29,2733,negative_high,2022,0.5073690092994746,0,0.5143149313950873,True,stable_wrong,-0.0070965370584030185,0.5289511189384359,True,stable_wrong,-0.022365974628693053,0.5143149313950873,True,stable_wrong,-0.0070965370584030185
annual_head_weighted_intercept,learned_order_extension,2021-12-31,2022-05-06,2735,negative_high,2022,0.5003960467554568,1,0.5073309173023632,True,stable_correct,0.006881285051444863,0.5195042488669828,True,stable_correct,0.018727943240693296,0.5073309173023632,True,stable_correct,0.006881285051444863
annual_head_weighted_intercept,learned_order_extension,2021-12-31,2022-05-13,2740,negative_high,2022,0.5311477918948121,1,0.538176899818403,True,stable_correct,0.006541817183769033,0.5448550535727646,True,stable_correct,0.012665470786859478,0.538176899818403,True,stable_correct,0.006541817183769033
annual_head_weighted_intercept,learned_order_extension,2021-12-31,2022-05-20,2745,negative_high,2022,0.5316942203016202,0,0.5388233720775547,True,stable_wrong,-0.007631882394879164,0.5472779777892495,True,stable_wrong,-0.016814441070942487,0.5388233720775547,True,stable_wrong,-0.007631882394879164
annual_head_weighted_intercept,learned_order_extension,2021-12-31,2022-05-27,2750,negative_high,2022,0.5180152891179055,1,0.5250947021938372,True,stable_correct,0.006774219639736095,0.515127917433078,True,stable_correct,-0.002791674928687843,0.5250947021938372,True,stable_correct,0.006774219639736095
annual_head_weighted_intercept,learned_order_extension,2021-12-31,2022-06-10,2759,negative_high,2022,0.3876586138659817,1,0.3941444820074915,True,stable_wrong,0.007901064490560161,0.4076002535287184,True,stable_wrong,0.02402451355329227,0.3941444820074915,True,stable_wrong,0.007901064490560161
annual_head_weighted_intercept,learned_order_extension,2021-12-31,2022-06-17,2764,nonnegative_high,2022,0.37248991767770523,1,0.3789438752826431,True,stable_wrong,0.00805819336719199,0.399140609428789,True,stable_wrong,0.032736896178526154,0.3789438752826431,True,stable_wrong,0.00805819336719199
annual_head_weighted_intercept,learned_order_extension,2021-12-31,2022-06-24,2769,nonnegative_low,2022,0.4388557381883593,1,0.4458389764398714,True,stable_wrong,0.007788442530921702,0.4503224298207307,True,stable_wrong,0.012737451405945621,0.4458389764398714,True,stable_wrong,0.007788442530921702
annual_head_weighted_intercept,learned_order_extension,2021-12-31,2022-07-01,2774,nonnegative_high,2022,0.47609748014040837,0,0.4830304702855306,True,stable_correct,-0.006649624628214307,0.4664544282667224,True,stable_correct,0.009089076946411673,0.4830304702855306,True,stable_correct,-0.006649624628214307
annual_head_weighted_intercept,learned_order_extension,2021-12-31,2022-07-08,2779,nonnegative_high,2022,0.4945805485214613,0,0.501729116447343,True,recovery,-0.0071221873152418624,0.479424485905069,True,stable_correct,0.014762081290449897,0.501729116447343,True,recovery,-0.0071221873152418624
annual_head_weighted_intercept,learned_order_extension,2021-12-31,2022-07-15,2784,nonnegative_high,2022,0.40735298944363635,0,0.41408181072232414,True,stable_correct,-0.005527287962411365,0.388603291530561,True,stable_correct,0.014923939820281118,0.41408181072232414,True,stable_correct,-0.005527287962411365
annual_head_weighted_intercept,learned_order_extension,2021-12-31,2022-07-22,2789,nonnegative_low,2022,0.45577389364964027,0,0.46244663589238755,True,stable_correct,-0.006127048915632871,0.40502718333385584,True,stable_correct,0.04368282289319672,0.46244663589238755,True,stable_correct,-0.006127048915632871
annual_head_weighted_intercept,learned_order_extension,2021-12-31,2022-07-29,2794,nonnegative_low,2022,0.6376160738912205,0,0.6440533630056325,True,stable_wrong,-0.008250476714410648,0.5662931164985835,True,stable_wrong,0.08586636389077618,0.6440533630056325,True,stable_wrong,-0.008250476714410648
annual_head_weighted_intercept,learned_order_extension,2021-12-31,2022-08-05,2799,nonnegative_low,2022,0.6730097538073633,1,0.6792357931425697,True,stable_correct,0.004032944704244812,0.6295545203192284,True,stable_correct,-0.03030723231079578,0.6792357931425697,True,stable_correct,0.004032944704244812
annual_head_weighted_intercept,learned_order_extension,2021-12-31,2022-08-12,2804,nonnegative_low,2022,0.6570650814202357,0,0.6633724337779735,True,stable_wrong,-0.008328464674730918,0.6064461731674299,True,stable_wrong,0.06395756027236055,0.6633724337779735,True,stable_wrong,-0.008328464674730918
annual_head_weighted_intercept,learned_order_extension,2021-12-31,2022-08-19,2809,nonnegative_low,2022,0.6427765488462223,0,0.6492569819999664,True,stable_wrong,-0.008372936929044728,0.6327566287131323,True,stable_wrong,0.01278074056625117,0.6492569819999664,True,stable_wrong,-0.008372936929044728
annual_head_weighted_intercept,learned_order_extension,2021-12-31,2022-08-26,2814,nonnegative_high,2022,0.669590357560052,0,0.6757369835338797,True,stable_wrong,-0.008269223978068452,0.6662440789553737,True,stable_wrong,0.004470074194304008,0.6757369835338797,True,stable_wrong,-0.008269223978068452
annual_head_weighted_intercept,learned_order_extension,2021-12-31,2022-09-02,2819,negative_low,2022,0.6473447234191804,1,0.6538102090735817,True,stable_correct,0.004518372758617162,0.6269450866324475,True,stable_correct,-0.014804224287377696,0.6538102090735817,True,stable_correct,0.004518372758617162
annual_head_weighted_intercept,learned_order_extension,2021-12-31,2022-09-09,2824,negative_low,2022,0.6796435166297591,0,0.6857558850479704,True,stable_wrong,-0.008345824181059502,0.6217862926002767,True,stable_wrong,0.07529711603126865,0.6857558850479704,True,stable_wrong,-0.008345824181059502
annual_head_weighted_intercept,learned_order_extension,2021-12-31,2022-09-16,2828,negative_low,2022,0.6444362221006845,0,0.6507649511038515,True,stable_wrong,-0.008196977229795399,0.6394166701244012,True,stable_wrong,0.00644436632242551,0.6507649511038515,True,stable_wrong,-0.008196977229795399
annual_head_weighted_intercept,learned_order_extension,2021-12-31,2022-09-23,2833,negative_low,2022,0.7264549740183351,0,0.732072618405245,True,stable_wrong,-0.008193489342731453,0.72668765006306,True,stable_wrong,-0.0003381114781924044,0.732072618405245,True,stable_wrong,-0.008193489342731453
annual_head_weighted_intercept,learned_order_extension,2021-12-31,2022-09-30,2838,negative_low,2022,0.6214704442540534,1,0.6280536891336991,True,stable_correct,0.004940566406172714,0.6126284944065582,True,stable_correct,-0.006772058772506223,0.6280536891336991,True,stable_correct,0.004940566406172714
annual_head_weighted_intercept,learned_order_extension,2021-12-31,2022-10-14,2843,negative_high,2022,0.5896222966568537,0,0.596589111771986,True,stable_wrong,-0.008264115569984465,0.6101698834262775,True,stable_wrong,-0.0246528339255343,0.596589111771986,True,stable_wrong,-0.008264115569984465
annual_head_weighted_intercept,learned_order_extension,2021-12-31,2022-10-21,2848,negative_high,2022,0.6784454870534725,0,0.6846868100884324,True,stable_wrong,-0.008507749005849496,0.6890879712948285,True,stable_wrong,-0.01455395327999881,0.6846868100884324,True,stable_wrong,-0.008507749005849496
annual_head_weighted_intercept,learned_order_extension,2021-12-31,2022-10-28,2853,negative_high,2022,0.5424760811766609,1,0.5495518810829347,True,stable_correct,0.006424628459542808,0.5820281816560747,True,stable_correct,0.03462769536573809,0.5495518810829347,True,stable_correct,0.006424628459542808
annual_head_weighted_intercept,learned_order_extension,2021-12-31,2022-11-04,2858,negative_high,2022,0.4408426624519428,1,0.4473337045458345,True,stable_wrong,0.007216894002801066,0.47432428418500155,True,stable_wrong,0.03632196993622089,0.4473337045458345,True,stable_wrong,0.007216894002801066
annual_head_weighted_intercept,learned_order_extension,2021-12-31,2022-11-11,2863,negative_high,2022,0.49474967528528047,0,0.5018015705050025,True,recovery,-0.007027574966396555,0.5488228794987065,True,recovery,-0.05642931186636119,0.5018015705050025,True,recovery,-0.007027574966396555
annual_head_weighted_intercept,learned_order_extension,2021-12-31,2022-11-18,2868,negative_high,2022,0.4453746763888818,0,0.45202937366099083,True,stable_correct,-0.0059719522838465045,0.47715678450447835,True,stable_correct,-0.02931999463015203,0.45202937366099083,True,stable_correct,-0.0059719522838465045
annual_head_weighted_intercept,learned_order_extension,2021-12-31,2022-11-25,2873,negative_high,2022,0.4864837049731774,1,0.49365516247254293,True,stable_wrong,0.0073138907673678255,0.5267563206984381,True,regression,0.0397394052591952,0.49365516247254293,True,stable_wrong,0.0073138907673678255
annual_head_weighted_intercept,learned_order_extension,2021-12-31,2022-12-02,2878,negative_high,2022,0.4948727577524892,1,0.5019286374845816,True,regression,0.007078448702610124,0.5026594535041009,True,regression,0.007805911671735888,0.5019286374845816,True,regression,0.007078448702610124
annual_head_weighted_intercept,learned_order_extension,2021-12-31,2022-12-09,2883,negative_high,2022,0.47241567327236594,0,0.4795126121809436,True,stable_correct,-0.006755776887209214,0.4749022043620239,True,stable_correct,-0.0023555353545267055,0.4795126121809436,True,stable_correct,-0.006755776887209214
annual_head_weighted_intercept,learned_order_extension,2021-12-31,2022-12-16,2888,nonnegative_low,2022,0.56122776358659,0,0.5681721064422135,True,stable_wrong,-0.007842939918576652,0.524010033064556,True,stable_wrong,0.04039008786808829,0.5681721064422135,True,stable_wrong,-0.007842939918576652
annual_head_weighted_intercept,learned_order_extension,2021-12-31,2022-12-23,2893,negative_high,2022,0.5073740469302255,1,0.5144819130605144,True,stable_correct,0.006952516892525795,0.4695504608371744,True,recovery,-0.038696383960150404,0.5144819130605144,True,stable_correct,0.006952516892525795
annual_head_weighted_intercept,learned_order_extension,2021-12-31,2022-12-30,2898,nonnegative_low,2022,0.42232740814530606,1,0.42909875908094985,True,stable_wrong,0.0077773964972083776,0.40777528695118465,True,stable_wrong,-0.017024487365632057,0.42909875908094985,True,stable_wrong,0.0077773964972083776
annual_head_weighted_slopes,learned_order_extension,2021-12-31,2022-01-07,2660,negative_low,2022,0.641791195965416,0,0.666848638018025,True,stable_wrong,-0.032791166807775884,0.6354530133326858,True,stable_wrong,0.008095407065128513,0.666848638018025,True,stable_wrong,-0.032791166807775884
annual_head_weighted_slopes,learned_order_extension,2021-12-31,2022-01-14,2665,negative_low,2022,0.6827484143045184,1,0.6731233598127372,True,stable_correct,-0.006199769273815756,0.6765964092649006,True,stable_correct,-0.003941313874058147,0.6731233598127372,True,stable_correct,-0.006199769273815756
annual_head_weighted_slopes,learned_order_extension,2021-12-31,2022-01-21,2670,negative_low,2022,0.6903274399971613,0,0.6890003462785592,True,stable_wrong,0.0018304972410598253,0.6841862047952448,True,stable_wrong,0.008441211580913599,0.6890003462785592,True,stable_wrong,0.0018304972410598253
annual_head_weighted_slopes,learned_order_extension,2021-12-31,2022-01-28,2675,negative_high,2022,0.5908167486254224,0,0.5650762971911802,True,stable_wrong,0.029753208809020548,0.5839955188039173,True,stable_wrong,0.008013664473259074,0.5650762971911802,True,stable_wrong,0.029753208809020548
annual_head_weighted_slopes,learned_order_extension,2021-12-31,2022-02-11,2680,negative_high,2022,0.674330029074906,1,0.6494921120928261,True,stable_correct,-0.01679484952279643,0.6679293993936731,True,stable_correct,-0.004209953824695092,0.6494921120928261,True,stable_correct,-0.01679484952279643
annual_head_weighted_slopes,learned_order_extension,2021-12-31,2022-02-18,2685,negative_high,2022,0.6748533488684401,0,0.6724651944231906,True,stable_wrong,0.0032176047683288855,0.6685402418609065,True,stable_wrong,0.008480987491509051,0.6724651944231906,True,stable_wrong,0.0032176047683288855
annual_head_weighted_slopes,learned_order_extension,2021-12-31,2022-02-25,2690,negative_high,2022,0.6359856079965888,0,0.6437502486809024,True,stable_wrong,-0.009936689097932994,0.6293072543145733,True,stable_wrong,0.00845007324584357,0.6437502486809024,True,stable_wrong,-0.009936689097932994
annual_head_weighted_slopes,learned_order_extension,2021-12-31,2022-03-04,2695,negative_low,2022,0.6673542758534831,0,0.6663854090620657,True,stable_wrong,0.0012922160891101764,0.661002263458238,True,stable_wrong,0.008437737203012885,0.6663854090620657,True,stable_wrong,0.0012922160891101764
annual_head_weighted_slopes,learned_order_extension,2021-12-31,2022-03-11,2700,negative_high,2022,0.6797584287457528,1,0.6623648619693736,True,stable_correct,-0.011442822473571021,0.6734008389816301,True,stable_correct,-0.004112348018514025,0.6623648619693736,True,stable_correct,-0.011442822473571021
annual_head_weighted_slopes,learned_order_extension,2021-12-31,2022-03-18,2705,negative_high,2022,0.6512613709112829,0,0.6060717034066199,True,stable_wrong,0.056818463571041755,0.644641786394238,True,stable_wrong,0.008578340475689228,0.6060717034066199,True,stable_wrong,0.056818463571041755
annual_head_weighted_slopes,learned_order_extension,2021-12-31,2022-03-25,2710,negative_high,2022,0.6647999894998817,1,0.6632134456408768,True,stable_correct,-0.0010661361578112316,0.658392594139862,True,stable_correct,-0.00433657269921367,0.6632134456408768,True,stable_correct,-0.0010661361578112316
annual_head_weighted_slopes,learned_order_extension,2021-12-31,2022-04-01,2715,negative_high,2022,0.6858953781527383,0,0.6562364019879152,True,stable_wrong,0.039806254477243175,0.6796260076517563,True,stable_wrong,0.008560959494622766,0.6562364019879152,True,stable_wrong,0.039806254477243175
annual_head_weighted_slopes,learned_order_extension,2021-12-31,2022-04-08,2718,negative_high,2022,0.6136799690719267,0,0.6074043250049674,True,stable_wrong,0.007663090405380768,0.6068189905953946,True,stable_wrong,0.008373817092907354,0.6074043250049674,True,stable_wrong,0.007663090405380768
annual_head_weighted_slopes,learned_order_extension,2021-12-31,2022-04-15,2723,negative_high,2022,0.6665099540998232,0,0.680372047662618,True,stable_wrong,-0.018670604326475437,0.6602268983171773,True,stable_wrong,0.00833596165262801,0.680372047662618,True,stable_wrong,-0.018670604326475437
annual_head_weighted_slopes,learned_order_extension,2021-12-31,2022-04-22,2728,negative_high,2022,0.6496856406671977,1,0.6359842576347555,True,stable_correct,-0.009787310334968324,0.6431911023863145,True,stable_correct,-0.004592439061541775,0.6359842576347555,True,stable_correct,-0.009787310334968324
annual_head_weighted_slopes,learned_order_extension,2021-12-31,2022-04-29,2733,negative_high,2022,0.535822611589256,0,0.5143149313950873,True,stable_wrong,0.02258602243439739,0.5289511189384359,True,stable_wrong,0.007316584864107356,0.5143149313950873,True,stable_wrong,0.02258602243439739
annual_head_weighted_slopes,learned_order_extension,2021-12-31,2022-05-06,2735,negative_high,2022,0.5264838921932907,1,0.5073309173023632,True,stable_correct,-0.018505320693715743,0.5195042488669828,True,stable_correct,-0.006658662504467311,0.5073309173023632,True,stable_correct,-0.018505320693715743
annual_head_weighted_slopes,learned_order_extension,2021-12-31,2022-05-13,2740,negative_high,2022,0.5518125105816052,1,0.538176899818403,True,stable_correct,-0.012408550190177614,0.5448550535727646,True,stable_correct,-0.006284896587087169,0.538176899818403,True,stable_correct,-0.012408550190177614
annual_head_weighted_slopes,learned_order_extension,2021-12-31,2022-05-20,2745,negative_high,2022,0.5543755366981133,0,0.5388233720775547,True,stable_wrong,0.01700160939229428,0.5472779777892495,True,stable_wrong,0.007819050716230957,0.5388233720775547,True,stable_wrong,0.01700160939229428
annual_head_weighted_slopes,learned_order_extension,2021-12-31,2022-05-27,2750,negative_high,2022,0.5222412332137906,1,0.5250947021938372,True,stable_correct,0.0027183973567195263,0.515127917433078,True,stable_correct,-0.006847497211704412,0.5250947021938372,True,stable_correct,0.0027183973567195263
annual_head_weighted_slopes,learned_order_extension,2021-12-31,2022-06-10,2759,negative_high,2022,0.4143939154862153,1,0.3941444820074915,True,stable_wrong,-0.024126422462404817,0.4076002535287184,True,stable_wrong,-0.008002973399672708,0.3941444820074915,True,stable_wrong,-0.024126422462404817
annual_head_weighted_slopes,learned_order_extension,2021-12-31,2022-06-17,2764,nonnegative_high,2022,0.4058804465317541,1,0.3789438752826431,True,stable_wrong,-0.0327326662356332,0.399140609428789,True,stable_wrong,-0.008053963424299038,0.3789438752826431,True,stable_wrong,-0.0327326662356332
annual_head_weighted_slopes,learned_order_extension,2021-12-31,2022-06-24,2769,nonnegative_low,2022,0.45738670906682843,1,0.4458389764398714,True,stable_wrong,-0.012665256535882796,0.4503224298207307,True,stable_wrong,-0.007716247660858877,0.4458389764398714,True,stable_wrong,-0.012665256535882796
annual_head_weighted_slopes,learned_order_extension,2021-12-31,2022-07-01,2774,nonnegative_high,2022,0.47345551936566466,0,0.4830304702855306,True,stable_correct,-0.009158306406449601,0.4664544282667224,True,stable_correct,0.006580395168176378,0.4830304702855306,True,stable_correct,-0.009158306406449601
annual_head_weighted_slopes,learned_order_extension,2021-12-31,2022-07-08,2779,nonnegative_high,2022,0.4865325542590851,0,0.501729116447343,True,recovery,-0.01501817993716184,0.479424485905069,True,stable_correct,0.006866088668529918,0.501729116447343,True,recovery,-0.01501817993716184
annual_head_weighted_slopes,learned_order_extension,2021-12-31,2022-07-15,2784,nonnegative_high,2022,0.3952915678952292,0,0.41408181072232414,True,stable_correct,-0.015208322322010082,0.388603291530561,True,stable_correct,0.005242905460682401,0.41408181072232414,True,stable_correct,-0.015208322322010082
annual_head_weighted_slopes,learned_order_extension,2021-12-31,2022-07-22,2789,nonnegative_low,2022,0.4115388370402328,0,0.46244663589238755,True,stable_correct,-0.04449267665575918,0.40502718333385584,True,stable_correct,0.005317195153070414,0.46244663589238755,True,stable_correct,-0.04449267665575918
annual_head_weighted_slopes,learned_order_extension,2021-12-31,2022-07-29,2794,nonnegative_low,2022,0.5732958412218425,0,0.6440533630056325,True,stable_wrong,-0.08613661283660501,0.5662931164985835,True,stable_wrong,0.007980227768581816,0.6440533630056325,True,stable_wrong,-0.08613661283660501
annual_head_weighted_slopes,learned_order_extension,2021-12-31,2022-08-05,2799,nonnegative_low,2022,0.6360447941887447,1,0.6792357931425697,True,stable_correct,0.02957371543623684,0.6295545203192284,True,stable_correct,-0.0047664615788037545,0.6792357931425697,True,stable_correct,0.02957371543623684
annual_head_weighted_slopes,learned_order_extension,2021-12-31,2022-08-12,2804,nonnegative_low,2022,0.6130483404712254,0,0.6633724337779735,True,stable_wrong,-0.06423471814198839,0.6064461731674299,True,stable_wrong,0.008051306805103076,0.6633724337779735,True,stable_wrong,-0.06423471814198839
annual_head_weighted_slopes,learned_order_extension,2021-12-31,2022-08-19,2809,nonnegative_low,2022,0.6393214187302046,0,0.6492569819999664,True,stable_wrong,-0.012802752228503023,0.6327566287131323,True,stable_wrong,0.008350925266792875,0.6492569819999664,True,stable_wrong,-0.012802752228503023
annual_head_weighted_slopes,learned_order_extension,2021-12-31,2022-08-26,2814,nonnegative_high,2022,0.6723066849803049,0,0.6757369835338797,True,stable_wrong,-0.004624192246259873,0.6662440789553737,True,stable_wrong,0.008115105926112587,0.6757369835338797,True,stable_wrong,-0.004624192246259873
annual_head_weighted_slopes,learned_order_extension,2021-12-31,2022-09-02,2819,negative_low,2022,0.6335269862678965,1,0.6538102090735817,True,stable_correct,0.01445509845221328,0.6269450866324475,True,stable_correct,-0.004867498593781577,0.6538102090735817,True,stable_correct,0.01445509845221328
annual_head_weighted_slopes,learned_order_extension,2021-12-31,2022-09-09,2824,negative_low,2022,0.6285287714963365,0,0.6857558850479704,True,stable_wrong,-0.07521271727923118,0.6217862926002767,True,stable_wrong,0.008430222933096976,0.6857558850479704,True,stable_wrong,-0.07521271727923118
annual_head_weighted_slopes,learned_order_extension,2021-12-31,2022-09-16,2828,negative_low,2022,0.6459847732527226,0,0.6507649511038515,True,stable_wrong,-0.006198694310826702,0.6394166701244012,True,stable_wrong,0.008442649241394207,0.6507649511038515,True,stable_wrong,-0.006198694310826702
annual_head_weighted_slopes,learned_order_extension,2021-12-31,2022-09-23,2833,negative_low,2022,0.7322773408457691,0,0.732072618405245,True,stable_wrong,0.00029978529743923676,0.72668765006306,True,stable_wrong,0.008155163161978285,0.732072618405245,True,stable_wrong,0.00029978529743923676
annual_head_weighted_slopes,learned_order_extension,2021-12-31,2022-09-30,2838,negative_low,2022,0.6193986231650216,1,0.6280536891336991,True,stable_correct,0.00651334988163027,0.6126284944065582,True,stable_correct,-0.005199275297048667,0.6280536891336991,True,stable_correct,0.00651334988163027
annual_head_weighted_slopes,learned_order_extension,2021-12-31,2022-10-14,2843,negative_high,2022,0.6169966344680057,0,0.596589111771986,True,stable_wrong,0.024766278659958563,0.6101698834262775,True,stable_wrong,0.008377560304408727,0.596589111771986,True,stable_wrong,0.024766278659958563
annual_head_weighted_slopes,learned_order_extension,2021-12-31,2022-10-21,2848,negative_high,2022,0.6952085613049123,0,0.6846868100884324,True,stable_wrong,0.014518915802572918,0.6890879712948285,True,stable_wrong,0.008472711528423604,0.6846868100884324,True,stable_wrong,0.014518915802572918
annual_head_weighted_slopes,learned_order_extension,2021-12-31,2022-10-28,2853,negative_high,2022,0.5889367541843048,1,0.5495518810829347,True,stable_correct,-0.033930515775387915,0.5820281816560747,True,stable_correct,-0.005727448869192631,0.5495518810829347,True,stable_correct,-0.033930515775387915
annual_head_weighted_slopes,learned_order_extension,2021-12-31,2022-11-04,2858,negative_high,2022,0.4810443196113237,1,0.4473337045458345,True,stable_wrong,-0.03612503592335686,0.47432428418500155,True,stable_wrong,-0.007019959989937041,0.4473337045458345,True,stable_wrong,-0.03612503592335686
annual_head_weighted_slopes,learned_order_extension,2021-12-31,2022-11-11,2863,negative_high,2022,0.5558840488140991,0,0.5018015705050025,True,stable_wrong,0.057202259564668734,0.5488228794987065,True,stable_wrong,0.0078005226647041015,0.5018015705050025,True,stable_wrong,0.057202259564668734
annual_head_weighted_slopes,learned_order_extension,2021-12-31,2022-11-18,2868,negative_high,2022,0.483995898092712,0,0.45202937366099083,True,stable_correct,0.02992147471822318,0.47715678450447835,True,stable_correct,0.0065734323719176535,0.45202937366099083,True,stable_correct,0.02992147471822318
annual_head_weighted_slopes,learned_order_extension,2021-12-31,2022-11-25,2873,negative_high,2022,0.5339048992201106,1,0.49365516247254293,True,recovery,-0.03914045151969167,0.5267563206984381,True,stable_correct,-0.006714937027864298,0.49365516247254293,True,recovery,-0.03914045151969167
annual_head_weighted_slopes,learned_order_extension,2021-12-31,2022-12-02,2878,negative_high,2022,0.509680305796603,1,0.5019286374845816,True,stable_correct,-0.007661679634252544,0.5026594535041009,True,stable_correct,-0.00693421666512678,0.5019286374845816,True,stable_correct,-0.007661679634252544
annual_head_weighted_slopes,learned_order_extension,2021-12-31,2022-12-09,2883,negative_high,2022,0.48199903577150865,0,0.4795126121809436,True,stable_correct,0.0023907252440720506,0.4749022043620239,True,stable_correct,0.006790966776754559,0.4795126121809436,True,stable_correct,0.0023907252440720506
annual_head_weighted_slopes,learned_order_extension,2021-12-31,2022-12-16,2888,nonnegative_low,2022,0.5311163508609253,0,0.5681721064422135,True,stable_wrong,-0.0407349643871564,0.524010033064556,True,stable_wrong,0.007498063399508537,0.5681721064422135,True,stable_wrong,-0.0407349643871564
annual_head_weighted_slopes,learned_order_extension,2021-12-31,2022-12-23,2893,negative_high,2022,0.4766392376529487,1,0.5144819130605144,True,regression,0.038178674819108804,0.4695504608371744,True,stable_wrong,-0.007470226033567395,0.5144819130605144,True,regression,0.038178674819108804
annual_head_weighted_slopes,learned_order_extension,2021-12-31,2022-12-30,2898,nonnegative_low,2022,0.41447048972871264,1,0.42909875908094985,True,stable_wrong,0.016916580515622337,0.40777528695118465,True,stable_wrong,-0.007885303347218098,0.42909875908094985,True,stable_wrong,0.016916580515622337
annual_head_weighted_intercept,learned_order_offset,2021-12-31,2022-01-07,2660,negative_low,2022,0.6601546443411763,0,0.6663855257372054,True,stable_wrong,-0.008265514466826662,0.6373835454278197,True,stable_wrong,0.0295463704630875,0.6663855257372054,True,stable_wrong,-0.008265514466826662
annual_head_weighted_intercept,learned_order_offset,2021-12-31,2022-01-14,2665,negative_low,2022,0.6661540846209935,1,0.6722433752525397,True,stable_correct,0.004028690149399314,0.6788988031871576,True,stable_correct,0.008347116620607026,0.6722433752525397,True,stable_correct,0.004028690149399314
annual_head_weighted_intercept,learned_order_offset,2021-12-31,2022-01-21,2670,negative_low,2022,0.6826422682380175,0,0.6887998977304833,True,stable_wrong,-0.008444832728378815,0.6834394464368154,True,stable_wrong,-0.0010890105607151979,0.6887998977304833,True,stable_wrong,-0.008444832728378815
annual_head_weighted_intercept,learned_order_offset,2021-12-31,2022-01-28,2675,negative_high,2022,0.5580198632273562,0,0.5650166099330862,True,stable_wrong,-0.00785760174400002,0.5830485956955039,True,stable_wrong,-0.028559497186221916,0.5650166099330862,True,stable_wrong,-0.00785760174400002
annual_head_weighted_intercept,learned_order_offset,2021-12-31,2022-02-11,2680,negative_high,2022,0.6421721773235735,1,0.6488153221098242,True,stable_correct,0.004710072696525597,0.6648581348744239,True,stable_correct,0.01572068092150232,0.6488153221098242,True,stable_correct,0.004710072696525597
annual_head_weighted_intercept,learned_order_offset,2021-12-31,2022-02-18,2685,negative_high,2022,0.6664696955323071,0,0.6727689535803764,True,stable_wrong,-0.00843620983870852,0.6655568407479064,True,stable_wrong,0.0012159467965919823,0.6727689535803764,True,stable_wrong,-0.00843620983870852
annual_head_weighted_intercept,learned_order_offset,2021-12-31,2022-02-25,2690,negative_high,2022,0.6371903781989797,0,0.6438022021854359,True,stable_wrong,-0.008469697469458082,0.6299384028617587,True,stable_wrong,0.00918918666933538,0.6438022021854359,True,stable_wrong,-0.008469697469458082
annual_head_weighted_intercept,learned_order_offset,2021-12-31,2022-03-04,2695,negative_low,2022,0.6596711567385959,0,0.6660331779412845,True,stable_wrong,-0.008434159085729587,0.6610223968683292,True,stable_wrong,-0.0017845741287138006,0.6660331779412845,True,stable_wrong,-0.008434159085729587
annual_head_weighted_intercept,learned_order_offset,2021-12-31,2022-03-11,2700,negative_high,2022,0.655475738812841,1,0.6620221380388758,True,stable_correct,0.004467931370744971,0.6731445587100368,True,stable_correct,0.0118624870457011,0.6620221380388758,True,stable_correct,0.004467931370744971
annual_head_weighted_intercept,learned_order_offset,2021-12-31,2022-03-18,2705,negative_high,2022,0.5990790027759194,0,0.606004881946137,True,stable_wrong,-0.00834626537556138,0.645318248151277,True,stable_wrong,-0.0575399898300431,0.606004881946137,True,stable_wrong,-0.00834626537556138
annual_head_weighted_intercept,learned_order_offset,2021-12-31,2022-03-25,2710,negative_high,2022,0.6565725558323336,1,0.6630362959233221,True,stable_correct,0.004397871542460657,0.6594498895684225,True,stable_correct,0.0019680316925759916,0.6630362959233221,True,stable_correct,0.004397871542460657
annual_head_weighted_intercept,learned_order_offset,2021-12-31,2022-04-01,2715,negative_high,2022,0.6496203303528477,0,0.6561399225181126,True,stable_wrong,-0.008513024314331763,0.6816187511589314,True,stable_wrong,-0.042597548323718315,0.6561399225181126,True,stable_wrong,-0.008513024314331763
annual_head_weighted_intercept,learned_order_offset,2021-12-31,2022-04-08,2718,negative_high,2022,0.5999075794360786,0,0.6068262841310204,True,stable_wrong,-0.008349035247406822,0.6085082768138218,True,stable_wrong,-0.01039321908607177,0.6068262841310204,True,stable_wrong,-0.008349035247406822
annual_head_weighted_intercept,learned_order_offset,2021-12-31,2022-04-15,2723,negative_high,2022,0.6735221315509596,0,0.6797502600500259,True,stable_wrong,-0.008428354349129696,0.6606977449326057,True,stable_wrong,0.01711055152991764,0.6797502600500259,True,stable_wrong,-0.008428354349129696
annual_head_weighted_intercept,learned_order_offset,2021-12-31,2022-04-22,2728,negative_high,2022,0.6291323000873165,1,0.6357105812704705,True,stable_correct,0.004836070240225837,0.64227320696437,True,stable_correct,0.009574392382967811,0.6357105812704705,True,stable_correct,0.004836070240225837
annual_head_weighted_intercept,learned_order_offset,2021-12-31,2022-04-29,2733,negative_high,2022,0.5068538624974918,0,0.5138361896453993,True,stable_wrong,-0.007126791860676496,0.5275301790610663,True,stable_wrong,-0.021387251891574366,0.5138361896453993,True,stable_wrong,-0.007126791860676496
annual_head_weighted_intercept,learned_order_offset,2021-12-31,2022-05-06,2735,negative_high,2022,0.4993964999310447,1,0.5063431632155339,True,regression,0.0069067917772434595,0.5185118420593603,True,regression,0.018773018044218104,0.5063431632155339,True,regression,0.0069067917772434595
annual_head_weighted_intercept,learned_order_offset,2021-12-31,2022-05-13,2740,negative_high,2022,0.5299710671952099,1,0.5370224393485452,True,stable_correct,0.00657897600683835,0.5436375373541583,True,stable_correct,0.012660500361432597,0.5370224393485452,True,stable_correct,0.00657897600683835
annual_head_weighted_intercept,learned_order_offset,2021-12-31,2022-05-20,2745,negative_high,2022,0.5313015262762658,0,0.5384623563178023,True,stable_wrong,-0.00766039734783025,0.5471035323422249,True,stable_wrong,-0.01704096327785032,0.5384623563178023,True,stable_wrong,-0.00766039734783025
annual_head_weighted_intercept,learned_order_offset,2021-12-31,2022-05-27,2750,negative_high,2022,0.5177508793100071,1,0.5248644479428664,True,stable_correct,0.006810421577634201,0.5170659107539156,True,stable_correct,-0.0006611201496736219,0.5248644479428664,True,stable_correct,0.006810421577634201
annual_head_weighted_intercept,learned_order_offset,2021-12-31,2022-06-10,2759,negative_high,2022,0.38795479772956926,1,0.3944924844244406,True,stable_wrong,0.00795997820376626,0.407976045116169,True,stable_wrong,0.02410696646596011,0.3944924844244406,True,stable_wrong,0.00795997820376626
annual_head_weighted_intercept,learned_order_offset,2021-12-31,2022-06-17,2764,nonnegative_high,2022,0.3728684205186858,1,0.3793835589979282,True,stable_wrong,0.008129251140649774,0.4011654308042978,True,stable_wrong,0.034691176718925576,0.3793835589979282,True,stable_wrong,0.008129251140649774
annual_head_weighted_intercept,learned_order_offset,2021-12-31,2022-06-24,2769,nonnegative_low,2022,0.4389772884044774,1,0.44600853064656026,True,stable_wrong,0.007839934809609761,0.4536528453506987,True,stable_wrong,0.016251269532605472,0.44600853064656026,True,stable_wrong,0.007839934809609761
annual_head_weighted_intercept,learned_order_offset,2021-12-31,2022-07-01,2774,nonnegative_high,2022,0.475875915703935,0,0.4828574086822266,True,stable_correct,-0.006693389972256131,0.4689539313253704,True,stable_correct,0.006540097441538467,0.4828574086822266,True,stable_correct,-0.006693389972256131
annual_head_weighted_intercept,learned_order_offset,2021-12-31,2022-07-08,2779,nonnegative_high,2022,0.4944825153915508,0,0.5016680296212271,True,recovery,-0.0071578539160891685,0.4796109646864799,True,stable_correct,0.01448628058045942,0.5016680296212271,True,recovery,-0.0071578539160891685
annual_head_weighted_intercept,learned_order_offset,2021-12-31,2022-07-15,2784,nonnegative_high,2022,0.4077851762617013,0,0.4145325959204446,True,stable_correct,-0.005548523101755826,0.3876427109641147,True,stable_correct,0.01602187861517862,0.4145325959204446,True,stable_correct,-0.005548523101755826
annual_head_weighted_intercept,learned_order_offset,2021-12-31,2022-07-22,2789,nonnegative_low,2022,0.4561472160980468,0,0.462838839890275,True,stable_correct,-0.006149508956977412,0.404524489007916,True,stable_correct,0.04443022054688267,0.462838839890275,True,stable_correct,-0.006149508956977412
annual_head_weighted_intercept,learned_order_offset,2021-12-31,2022-07-29,2794,nonnegative_low,2022,0.6376291211604158,0,0.6441127498609464,True,stable_wrong,-0.008310338381625815,0.5668093867430375,True,stable_wrong,0.08529801525178599,0.6441127498609464,True,stable_wrong,-0.008310338381625815
annual_head_weighted_intercept,learned_order_offset,2021-12-31,2022-08-05,2799,nonnegative_low,2022,0.6726764524796097,1,0.6789162102167333,True,stable_correct,0.004045904699748207,0.6285779813111766,True,stable_correct,-0.030813611205547486,0.6789162102167333,True,stable_correct,0.004045904699748207
annual_head_weighted_intercept,learned_order_offset,2021-12-31,2022-08-12,2804,nonnegative_low,2022,0.6566520583994371,0,0.6629604280493825,True,stable_wrong,-0.008324603359202765,0.6066486589633434,True,stable_wrong,0.06316933037819478,0.6629604280493825,True,stable_wrong,-0.008324603359202765
annual_head_weighted_intercept,learned_order_offset,2021-12-31,2022-08-19,2809,nonnegative_low,2022,0.642636184769919,0,0.6491235952903128,True,stable_wrong,-0.008380175986984317,0.6326938785957,True,stable_wrong,0.012679721963167079,0.6491235952903128,True,stable_wrong,-0.008380175986984317
annual_head_weighted_intercept,learned_order_offset,2021-12-31,2022-08-26,2814,nonnegative_high,2022,0.6693733922477968,0,0.675515170967274,True,stable_wrong,-0.008260007957622606,0.6655013778900025,True,stable_wrong,0.005168654275830853,0.675515170967274,True,stable_wrong,-0.008260007957622606
annual_head_weighted_intercept,learned_order_offset,2021-12-31,2022-09-02,2819,negative_low,2022,0.6474475899746218,1,0.6539353900208041,True,stable_correct,0.0045324875346494375,0.627557109910653,True,stable_correct,-0.014420504563402992,0.6539353900208041,True,stable_correct,0.0045324875346494375
annual_head_weighted_intercept,learned_order_offset,2021-12-31,2022-09-09,2824,negative_low,2022,0.6795125278983191,0,0.6856748981683136,True,stable_wrong,-0.008412790407363424,0.6216461037543635,True,stable_wrong,0.075293397257783,0.6856748981683136,True,stable_wrong,-0.008412790407363424
annual_head_weighted_intercept,learned_order_offset,2021-12-31,2022-09-16,2828,negative_low,2022,0.6444109389483832,0,0.6507958216231865,True,stable_wrong,-0.00826974320586149,0.640230835517034,True,stable_wrong,0.0053699354894974904,0.6507958216231865,True,stable_wrong,-0.00826974320586149
annual_head_weighted_intercept,learned_order_offset,2021-12-31,2022-09-23,2833,negative_low,2022,0.7256499619423865,0,0.7312932913819162,True,stable_wrong,-0.008222010753209275,0.7278980517826096,True,stable_wrong,-0.003267706521931535,0.7312932913819162,True,stable_wrong,-0.008222010753209275
annual_head_weighted_intercept,learned_order_offset,2021-12-31,2022-09-30,2838,negative_low,2022,0.6215099091792998,1,0.6281435219083155,True,stable_correct,0.004977508550710413,0.6137249541379215,True,stable_correct,-0.005953662206288984,0.6281435219083155,True,stable_correct,0.004977508550710413
annual_head_weighted_intercept,learned_order_offset,2021-12-31,2022-10-14,2843,negative_high,2022,0.5895357400807013,0,0.596531465490996,True,stable_wrong,-0.008297400488335105,0.6106257809137432,True,stable_wrong,-0.025311455484018475,0.596531465490996,True,stable_wrong,-0.008297400488335105
annual_head_weighted_intercept,learned_order_offset,2021-12-31,2022-10-21,2848,negative_high,2022,0.6780504335938767,0,0.6843119575714217,True,stable_wrong,-0.008530464778387037,0.6890737569619775,True,stable_wrong,-0.01507025203685014,0.6843119575714217,True,stable_wrong,-0.008530464778387037
annual_head_weighted_intercept,learned_order_offset,2021-12-31,2022-10-28,2853,negative_high,2022,0.5423581746423256,1,0.5494645882263599,True,stable_correct,0.006453883054660714,0.5828526074663839,True,stable_correct,0.03542409321910936,0.5494645882263599,True,stable_correct,0.006453883054660714
annual_head_weighted_intercept,learned_order_offset,2021-12-31,2022-11-04,2858,negative_high,2022,0.44047898971313176,1,0.44696260317172176,True,stable_wrong,0.0072133986618391766,0.47415087583152377,True,stable_wrong,0.036546459563684186,0.44696260317172176,True,stable_wrong,0.0072133986618391766
annual_head_weighted_intercept,learned_order_offset,2021-12-31,2022-11-11,2863,negative_high,2022,0.49414291540493643,0,0.5012177727529333,True,recovery,-0.007042034878520981,0.5468085216251328,True,recovery,-0.05482233847697318,0.5012177727529333,True,recovery,-0.007042034878520981
annual_head_weighted_intercept,learned_order_offset,2021-12-31,2022-11-18,2868,negative_high,2022,0.4447316328336887,0,0.45139620627360433,True,stable_correct,-0.005972309795283431,0.47619517916067977,True,stable_correct,-0.028975623412952983,0.45139620627360433,True,stable_correct,-0.005972309795283431
annual_head_weighted_intercept,learned_order_offset,2021-12-31,2022-11-25,2873,negative_high,2022,0.4856982697279908,1,0.4929048021832516,True,stable_wrong,0.007360730111975355,0.5271174178857477,True,regression,0.040888333293739976,0.4929048021832516,True,stable_wrong,0.007360730111975355
annual_head_weighted_intercept,learned_order_offset,2021-12-31,2022-12-02,2878,negative_high,2022,0.49430663965418953,1,0.5013991701283729,True,regression,0.00712298714916243,0.5075517891166547,True,regression,0.013220534295629943,0.5013991701283729,True,regression,0.00712298714916243
annual_head_weighted_intercept,learned_order_offset,2021-12-31,2022-12-09,2883,negative_high,2022,0.4725308091528337,0,0.4796537940770249,True,stable_correct,-0.0067823965738532666,0.4771526721545308,True,stable_correct,-0.004389306945577376,0.4796537940770249,True,stable_correct,-0.0067823965738532666
annual_head_weighted_intercept,learned_order_offset,2021-12-31,2022-12-16,2888,nonnegative_low,2022,0.561371037130493,0,0.5683535220867252,True,stable_wrong,-0.00788828473942027,0.5224909414858886,True,stable_wrong,0.04214065739415507,0.5683535220867252,True,stable_wrong,-0.00788828473942027
annual_head_weighted_intercept,learned_order_offset,2021-12-31,2022-12-23,2893,negative_high,2022,0.507162569121354,1,0.5143062955847914,True,stable_correct,0.006990358766496063,0.4755556585908857,True,recovery,-0.03215313396097544,0.5143062955847914,True,stable_correct,0.006990358766496063
annual_head_weighted_intercept,learned_order_offset,2021-12-31,2022-12-30,2898,nonnegative_low,2022,0.4228830844496329,1,0.4296833249423491,True,stable_wrong,0.007802824365555294,0.4084546095729434,True,stable_wrong,-0.016862014721129415,0.4296833249423491,True,stable_wrong,0.007802824365555294
annual_head_weighted_slopes,learned_order_offset,2021-12-31,2022-01-07,2660,negative_low,2022,0.6437592513507354,0,0.6663855257372054,True,stable_wrong,-0.02964369521239235,0.6373835454278197,True,stable_wrong,0.008168189717521812,0.6663855257372054,True,stable_wrong,-0.02964369521239235
annual_head_weighted_slopes,learned_order_offset,2021-12-31,2022-01-14,2665,negative_low,2022,0.6850081671316834,1,0.6722433752525397,True,stable_correct,-0.008204550292106011,0.6788988031871576,True,stable_correct,-0.003886123820898299,0.6722433752525397,True,stable_correct,-0.008204550292106011
annual_head_weighted_slopes,learned_order_offset,2021-12-31,2022-01-21,2670,negative_low,2022,0.6896286822518692,0,0.6887998977304833,True,stable_wrong,0.001142420270925315,0.6834394464368154,True,stable_wrong,0.008498242438588932,0.6887998977304833,True,stable_wrong,0.001142420270925315
annual_head_weighted_slopes,learned_order_offset,2021-12-31,2022-01-28,2675,negative_high,2022,0.5898785329225668,0,0.5650166099330862,True,stable_wrong,0.02871291410260235,0.5830485956955039,True,stable_wrong,0.008011018660380453,0.5650166099330862,True,stable_wrong,0.02871291410260235
annual_head_weighted_slopes,learned_order_offset,2021-12-31,2022-02-11,2680,negative_high,2022,0.6713037833875742,1,0.6488153221098242,True,stable_correct,-0.015289475169503838,0.6648581348744239,True,stable_correct,-0.0042788669445271155,0.6488153221098242,True,stable_correct,-0.015289475169503838
annual_head_weighted_slopes,learned_order_offset,2021-12-31,2022-02-18,2685,negative_high,2022,0.6719265976078042,0,0.6727689535803764,True,stable_wrong,-0.0011327123288346064,0.6655568407479064,True,stable_wrong,0.008519444306465895,0.6727689535803764,True,stable_wrong,-0.0011327123288346064
annual_head_weighted_slopes,learned_order_offset,2021-12-31,2022-02-25,2690,negative_high,2022,0.6366452980138888,0,0.6438022021854359,True,stable_wrong,-0.009164040055623601,0.6299384028617587,True,stable_wrong,0.008494844083169861,0.6438022021854359,True,stable_wrong,-0.009164040055623601
annual_head_weighted_slopes,learned_order_offset,2021-12-31,2022-03-04,2695,negative_low,2022,0.6674171303905662,0,0.6660331779412845,True,stable_wrong,0.0018454318202112963,0.6610223968683292,True,stable_wrong,0.008495016777227082,0.6660331779412845,True,stable_wrong,0.0018454318202112963
annual_head_weighted_slopes,learned_order_offset,2021-12-31,2022-03-11,2700,negative_high,2022,0.6795123942412357,1,0.6620221380388758,True,stable_correct,-0.011516729730827596,0.6731445587100368,True,stable_correct,-0.0041221740558714665,0.6620221380388758,True,stable_correct,-0.011516729730827596
annual_head_weighted_slopes,learned_order_offset,2021-12-31,2022-03-18,2705,negative_high,2022,0.6519465163960373,0,0.606004881946137,True,stable_wrong,0.05779234329837707,0.645318248151277,True,stable_wrong,0.008598618843895345,0.606004881946137,True,stable_wrong,0.05779234329837707
annual_head_weighted_slopes,learned_order_offset,2021-12-31,2022-03-25,2710,negative_high,2022,0.6658398196242449,1,0.6630362959233221,True,stable_correct,-0.0018815117163177297,0.6594498895684225,True,stable_correct,-0.0043113515662023955,0.6630362959233221,True,stable_correct,-0.0018815117163177297
annual_head_weighted_slopes,learned_order_offset,2021-12-31,2022-04-01,2715,negative_high,2022,0.6878665026474984,0,0.6561399225181126,True,stable_wrong,0.04264072754242609,0.6816187511589314,True,stable_wrong,0.008556203533039541,0.6561399225181126,True,stable_wrong,0.04264072754242609
annual_head_weighted_slopes,learned_order_offset,2021-12-31,2022-04-08,2718,negative_high,2022,0.6153704022872288,0,0.6068262841310204,True,stable_wrong,0.010442592898883996,0.6085082768138218,True,stable_wrong,0.008398409060219048,0.6068262841310204,True,stable_wrong,0.010442592898883996
annual_head_weighted_slopes,learned_order_offset,2021-12-31,2022-04-15,2723,negative_high,2022,0.6669703065522454,0,0.6797502600500259,True,stable_wrong,-0.017211026215681602,0.6606977449326057,True,stable_wrong,0.008327879663365734,0.6797502600500259,True,stable_wrong,-0.017211026215681602
annual_head_weighted_slopes,learned_order_offset,2021-12-31,2022-04-22,2728,negative_high,2022,0.6487862743920746,1,0.6357105812704705,True,stable_correct,-0.009355699542899346,0.64227320696437,True,stable_correct,-0.004617377400157371,0.6357105812704705,True,stable_correct,-0.009355699542899346
annual_head_weighted_slopes,learned_order_offset,2021-12-31,2022-04-29,2733,negative_high,2022,0.534439017192984,0,0.5138361896453993,True,stable_wrong,0.021597433308899905,0.5275301790610663,True,stable_wrong,0.007336973278002035,0.5138361896453993,True,stable_wrong,0.021597433308899905
annual_head_weighted_slopes,learned_order_offset,2021-12-31,2022-05-06,2735,negative_high,2022,0.5255103175228515,1,0.5063431632155339,True,stable_correct,-0.01855661372677983,0.5185118420593603,True,stable_correct,-0.006690387459805186,0.5063431632155339,True,stable_correct,-0.01855661372677983
annual_head_weighted_slopes,learned_order_offset,2021-12-31,2022-05-13,2740,negative_high,2022,0.5506233884268025,1,0.5370224393485452,True,stable_correct,-0.012408882637763047,0.5436375373541583,True,stable_correct,-0.006327358283168799,0.5370224393485452,True,stable_correct,-0.012408882637763047
annual_head_weighted_slopes,learned_order_offset,2021-12-31,2022-05-20,2745,negative_high,2022,0.554231607960209,0,0.5384623563178023,True,stable_wrong,0.01723096609083896,0.5471035323422249,True,stable_wrong,0.007850400160818893,0.5384623563178023,True,stable_wrong,0.01723096609083896
annual_head_weighted_slopes,learned_order_offset,2021-12-31,2022-05-27,2750,negative_high,2022,0.5242170324472654,1,0.5248644479428664,True,stable_correct,0.0006156393846493691,0.5170659107539156,True,stable_correct,-0.006855902342658454,0.5248644479428664,True,stable_correct,0.0006156393846493691
annual_head_weighted_slopes,learned_order_offset,2021-12-31,2022-06-10,2759,negative_high,2022,0.4148126779922226,1,0.3944924844244406,True,stable_wrong,-0.024195149579852082,0.407976045116169,True,stable_wrong,-0.008048161317658231,0.3944924844244406,True,stable_wrong,-0.024195149579852082
annual_head_weighted_slopes,learned_order_offset,2021-12-31,2022-06-17,2764,nonnegative_high,2022,0.40796889772147843,1,0.3793835589979282,True,stable_wrong,-0.034663940776956725,0.4011654308042978,True,stable_wrong,-0.008102015198680923,0.3793835589979282,True,stable_wrong,-0.034663940776956725
annual_head_weighted_slopes,learned_order_offset,2021-12-31,2022-06-24,2769,nonnegative_low,2022,0.4607740095897626,1,0.44600853064656026,True,stable_wrong,-0.01614187938248174,0.4536528453506987,True,stable_wrong,-0.007730544659486027,0.44600853064656026,True,stable_wrong,-0.01614187938248174
annual_head_weighted_slopes,learned_order_offset,2021-12-31,2022-07-01,2774,nonnegative_high,2022,0.47602164093249283,0,0.4828574086822266,True,stable_correct,-0.006554674483251671,0.4689539313253704,True,stable_correct,0.006678812930542927,0.4828574086822266,True,stable_correct,-0.006554674483251671
annual_head_weighted_slopes,learned_order_offset,2021-12-31,2022-07-08,2779,nonnegative_high,2022,0.4867667190062266,0,0.5016680296212271,True,recovery,-0.014728973211957708,0.4796109646864799,True,stable_correct,0.006915161284590882,0.5016680296212271,True,recovery,-0.014728973211957708
annual_head_weighted_slopes,learned_order_offset,2021-12-31,2022-07-15,2784,nonnegative_high,2022,0.3943210869740652,0,0.4145325959204446,True,stable_correct,-0.01634815344813431,0.3876427109641147,True,stable_correct,0.005222248268800134,0.4145325959204446,True,stable_correct,-0.01634815344813431
annual_head_weighted_slopes,learned_order_offset,2021-12-31,2022-07-22,2789,nonnegative_low,2022,0.41102213501698664,0,0.462838839890275,True,stable_correct,-0.04528059623705363,0.404524489007916,True,stable_correct,0.0052991332668064495,0.462838839890275,True,stable_correct,-0.04528059623705363
annual_head_weighted_slopes,learned_order_offset,2021-12-31,2022-07-29,2794,nonnegative_low,2022,0.5738434383124371,0,0.6441127498609464,True,stable_wrong,-0.08558494283919027,0.5668093867430375,True,stable_wrong,0.00802341079422153,0.6441127498609464,True,stable_wrong,-0.08558494283919027
annual_head_weighted_slopes,learned_order_offset,2021-12-31,2022-08-05,2799,nonnegative_low,2022,0.6350724334816372,1,0.6789162102167333,True,stable_correct,0.030077328743429096,0.6285779813111766,True,stable_correct,-0.004782187161866597,0.6789162102167333,True,stable_correct,0.030077328743429096
annual_head_weighted_slopes,learned_order_offset,2021-12-31,2022-08-12,2804,nonnegative_low,2022,0.6132431691904939,0,0.6629604280493825,True,stable_wrong,-0.06344934460061968,0.6066486589633434,True,stable_wrong,0.008044589136777858,0.6629604280493825,True,stable_wrong,-0.06344934460061968
annual_head_weighted_slopes,learned_order_offset,2021-12-31,2022-08-19,2809,nonnegative_low,2022,0.6392640984984489,0,0.6491235952903128,True,stable_wrong,-0.012702854333587255,0.6326938785957,True,stable_wrong,0.008357043616564142,0.6491235952903128,True,stable_wrong,-0.012702854333587255
annual_head_weighted_slopes,learned_order_offset,2021-12-31,2022-08-26,2814,nonnegative_high,2022,0.6715699617104184,0,0.675515170967274,True,stable_wrong,-0.005314532735212596,0.6655013778900025,True,stable_wrong,0.008114129498240863,0.675515170967274,True,stable_wrong,-0.005314532735212596
annual_head_weighted_slopes,learned_order_offset,2021-12-31,2022-09-02,2819,negative_low,2022,0.6341590162145807,1,0.6539353900208041,True,stable_correct,0.01407891113703047,0.627557109910653,True,stable_correct,-0.004874080961021959,0.6539353900208041,True,stable_correct,0.01407891113703047
annual_head_weighted_slopes,learned_order_offset,2021-12-31,2022-09-09,2824,negative_low,2022,0.6284151629602518,0,0.6856748981683136,True,stable_wrong,-0.07524444893976745,0.6216461037543635,True,stable_wrong,0.008461738725378976,0.6856748981683136,True,stable_wrong,-0.07524444893976745
annual_head_weighted_slopes,learned_order_offset,2021-12-31,2022-09-16,2828,negative_low,2022,0.6468172780031392,0,0.6507958216231865,True,stable_wrong,-0.0051626103188081585,0.640230835517034,True,stable_wrong,0.008477068376550823,0.6507958216231865,True,stable_wrong,-0.0051626103188081585
annual_head_weighted_slopes,learned_order_offset,2021-12-31,2022-09-23,2833,negative_low,2022,0.7334660052401071,0,0.7312932913819162,True,stable_wrong,0.0031825028226845076,0.7278980517826096,True,stable_wrong,0.008136807053962247,0.7312932913819162,True,stable_wrong,0.0031825028226845076
annual_head_weighted_slopes,learned_order_offset,2021-12-31,2022-09-30,2838,negative_low,2022,0.6205295647802728,1,0.6281435219083155,True,stable_correct,0.005720570907097738,0.6137249541379215,True,stable_correct,-0.005210599849901659,0.6281435219083155,True,stable_correct,0.005720570907097738
annual_head_weighted_slopes,learned_order_offset,2021-12-31,2022-10-14,2843,negative_high,2022,0.6174818943986389,0,0.596531465490996,True,stable_wrong,0.02543410058929646,0.6106257809137432,True,stable_wrong,0.00842004559361309,0.596531465490996,True,stable_wrong,0.02543410058929646
annual_head_weighted_slopes,learned_order_offset,2021-12-31,2022-10-21,2848,negative_high,2022,0.6952162816127906,0,0.6843119575714217,True,stable_wrong,0.015042822944283663,0.6890737569619775,True,stable_wrong,0.008503035685820559,0.6843119575714217,True,stable_wrong,0.015042822944283663
annual_head_weighted_slopes,learned_order_offset,2021-12-31,2022-10-28,2853,negative_high,2022,0.5897934540288082,1,0.5494645882263599,True,stable_correct,-0.034712746904427966,0.5828526074663839,True,stable_correct,-0.00574253673997932,0.5494645882263599,True,stable_correct,-0.034712746904427966
annual_head_weighted_slopes,learned_order_offset,2021-12-31,2022-11-04,2858,negative_high,2022,0.4808707897120111,1,0.44696260317172176,True,stable_wrong,-0.03635522531636742,0.47415087583152377,True,stable_wrong,-0.007022164414522414,0.44696260317172176,True,stable_wrong,-0.03635522531636742
annual_head_weighted_slopes,learned_order_offset,2021-12-31,2022-11-11,2863,negative_high,2022,0.5538858154820637,0,0.5012177727529333,True,stable_wrong,0.05557024086881962,0.5468085216251328,True,stable_wrong,0.00778993727036742,0.5012177727529333,True,stable_wrong,0.05557024086881962
annual_head_weighted_slopes,learned_order_offset,2021-12-31,2022-11-18,2868,negative_high,2022,0.4830530638298261,0,0.45139620627360433,True,stable_correct,0.02958172743717971,0.47619517916067977,True,stable_correct,0.006578413819510159,0.45139620627360433,True,stable_correct,0.02958172743717971
annual_head_weighted_slopes,learned_order_offset,2021-12-31,2022-11-25,2873,negative_high,2022,0.5343020998878529,1,0.4929048021832516,True,recovery,-0.04027100547994383,0.5271174178857477,True,stable_correct,-0.006743402298179213,0.4929048021832516,True,recovery,-0.04027100547994383
annual_head_weighted_slopes,learned_order_offset,2021-12-31,2022-12-02,2878,negative_high,2022,0.5146083494459629,1,0.5013991701283729,True,stable_correct,-0.012997733121102806,0.5075517891166547,True,stable_correct,-0.006900185974635292,0.5013991701283729,True,stable_correct,-0.012997733121102806
annual_head_weighted_slopes,learned_order_offset,2021-12-31,2022-12-09,2883,negative_high,2022,0.4842912551861449,0,0.4796537940770249,True,stable_correct,0.004470257677286732,0.4771526721545308,True,stable_correct,0.006863347305562623,0.4796537940770249,True,stable_correct,0.004470257677286732
annual_head_weighted_slopes,learned_order_offset,2021-12-31,2022-12-16,2888,nonnegative_low,2022,0.5296325275980074,0,0.5683535220867252,True,stable_wrong,-0.04251511177853151,0.5224909414858886,True,stable_wrong,0.007513830355043827,0.5683535220867252,True,stable_wrong,-0.04251511177853151
annual_head_weighted_slopes,learned_order_offset,2021-12-31,2022-12-23,2893,negative_high,2022,0.48269734882624404,1,0.5143062955847914,True,regression,0.031703658402828544,0.4755556585908857,True,stable_wrong,-0.007439834324642958,0.5143062955847914,True,regression,0.031703658402828544
annual_head_weighted_slopes,learned_order_offset,2021-12-31,2022-12-30,2898,nonnegative_low,2022,0.4151614510949652,1,0.4296833249423491,True,stable_wrong,0.016775018436532507,0.4084546095729434,True,stable_wrong,-0.007889820650152202,0.4296833249423491,True,stable_wrong,0.016775018436532507
annual_head_weighted_intercept,learned_market,2022-12-31,2023-01-06,2902,nonnegative_low,2023,0.31081785300014064,1,0.3278678018261283,True,stable_wrong,0.02321033992129501,0.3157675755479204,True,stable_wrong,0.006798021071764859,0.3278678018261283,True,stable_wrong,0.02321033992129501
annual_head_weighted_intercept,learned_market,2022-12-31,2023-01-13,2907,nonnegative_low,2023,0.34023587929810045,1,0.35770266801824085,True,stable_wrong,0.022742832294664672,0.32990333921871506,True,stable_wrong,-0.01374083982467772,0.35770266801824085,True,stable_wrong,0.022742832294664672
annual_head_weighted_intercept,learned_market,2022-12-31,2023-01-20,2912,nonnegative_low,2023,0.5665343464484409,0,0.5846423297219553,True,stable_wrong,-0.02084548799695346,0.5761490547552114,True,stable_wrong,-0.010986567589561513,0.5846423297219553,True,stable_wrong,-0.02084548799695346
annual_head_weighted_intercept,learned_market,2022-12-31,2023-02-03,2917,nonnegative_low,2023,0.5745893218310768,0,0.593199254369266,True,stable_wrong,-0.02173246662195638,0.5542212983161309,True,stable_wrong,0.02299164125507902,0.593199254369266,True,stable_wrong,-0.02173246662195638
annual_head_weighted_intercept,learned_market,2022-12-31,2023-02-10,2922,nonnegative_low,2023,0.3052670945338359,0,0.3222523830487656,True,stable_correct,-0.010658599375478445,0.25460570791070414,True,stable_correct,0.028363932504419098,0.3222523830487656,True,stable_correct,-0.010658599375478445
annual_head_weighted_intercept,learned_market,2022-12-31,2023-02-17,2927,nonnegative_low,2023,0.39094431232216825,1,0.409970681225926,True,stable_wrong,0.022814233679718687,0.3937087547240288,True,stable_wrong,0.0033597565944285535,0.409970681225926,True,stable_wrong,0.022814233679718687
annual_head_weighted_intercept,learned_market,2022-12-31,2023-02-24,2932,nonnegative_low,2023,0.6498977365543626,1,0.6676704688644599,True,stable_correct,0.012128677604990618,0.6026938970166416,True,stable_correct,-0.03528054459806451,0.6676704688644599,True,stable_correct,0.012128677604990618
annual_head_weighted_intercept,learned_market,2022-12-31,2023-03-03,2937,nonnegative_low,2023,0.6786078701294828,0,0.6949755243151983,True,stable_wrong,-0.022482337995511803,0.6547063578221203,True,stable_wrong,0.031868226428966695,0.6949755243151983,True,stable_wrong,-0.022482337995511803
annual_head_weighted_intercept,learned_market,2022-12-31,2023-03-10,2942,nonnegative_low,2023,0.5154014442559225,1,0.534593085255891,True,stable_correct,0.018232163937615453,0.47543866683438435,True,recovery,-0.04032883202324217,0.534593085255891,True,stable_correct,0.018232163937615453
annual_head_weighted_intercept,learned_market,2022-12-31,2023-03-17,2947,nonnegative_low,2023,0.3645347540694181,1,0.3829268937106453,True,stable_wrong,0.02303686028002172,0.37184453013137503,True,stable_wrong,0.009236784459741909,0.3829268937106453,True,stable_wrong,0.02303686028002172
annual_head_weighted_intercept,learned_market,2022-12-31,2023-03-24,2952,nonnegative_low,2023,0.44302447792599225,1,0.4622535624773934,True,stable_wrong,0.021050501121358867,0.4636435690213176,True,stable_wrong,0.022543511137423533,0.4622535624773934,True,stable_wrong,0.021050501121358867
annual_head_weighted_intercept,learned_market,2022-12-31,2023-03-31,2957,nonnegative_low,2023,0.5037575159702649,1,0.5228778647056432,True,stable_correct,0.018611070968155452,0.5167981621381906,True,stable_correct,0.012772586842971612,0.5228778647056432,True,stable_correct,0.018611070968155452
annual_head_weighted_intercept,learned_market,2022-12-31,2023-04-07,2961,nonnegative_low,2023,0.5625487029313797,0,0.5817699066933342,True,stable_wrong,-0.02199518116419308,0.5261146219588863,True,stable_wrong,0.03966444773083588,0.5817699066933342,True,stable_wrong,-0.02199518116419308
annual_head_weighted_intercept,learned_market,2022-12-31,2023-04-14,2966,nonnegative_low,2023,0.3917223648099777,0,0.4103824088423364,True,stable_correct,-0.014967310394917305,0.3239538144405434,True,stable_correct,0.048500337201743224,0.4103824088423364,True,stable_correct,-0.014967310394917305
annual_head_weighted_intercept,learned_market,2022-12-31,2023-04-21,2971,negative_low,2023,0.382995629701616,0,0.401552945815844,True,stable_correct,-0.014559115922844784,0.3358277516317512,True,stable_correct,0.033905373604500175,0.401552945815844,True,stable_correct,-0.014559115922844784
annual_head_weighted_intercept,learned_market,2022-12-31,2023-04-28,2976,negative_low,2023,0.3823544746953113,1,0.40092383113439173,True,stable_wrong,0.022593738826209908,0.3831155099389269,True,stable_wrong,0.0009395208509946351,0.40092383113439173,True,stable_wrong,0.022593738826209908
annual_head_weighted_intercept,learned_market,2022-12-31,2023-05-05,2978,negative_low,2023,0.35243482536391785,0,0.3704818435494299,True,stable_correct,-0.013046490270489,0.3502976931300994,True,stable_correct,0.0015018323170259834,0.3704818435494299,True,stable_correct,-0.013046490270489
annual_head_weighted_intercept,learned_market,2022-12-31,2023-05-12,2983,negative_low,2023,0.3980937818081987,1,0.4169164849870346,True,stable_wrong,0.02230471001808132,0.3575923123890963,True,stable_wrong,-0.050396541603632106,0.4169164849870346,True,stable_wrong,0.02230471001808132
annual_head_weighted_intercept,learned_market,2022-12-31,2023-05-19,2988,negative_low,2023,0.6429275878891386,0,0.6603160955468503,True,stable_wrong,-0.022661462769291096,0.5784079292651308,True,stable_wrong,0.07880015063216944,0.6603160955468503,True,stable_wrong,-0.022661462769291096
annual_head_weighted_intercept,learned_market,2022-12-31,2023-05-26,2993,negative_low,2023,0.47810025403240236,0,0.49788297412809596,True,stable_correct,-0.019307603020790598,0.44243505115376475,True,stable_correct,0.03283107841641325,0.49788297412809596,True,stable_correct,-0.019307603020790598
annual_head_weighted_intercept,learned_market,2022-12-31,2023-06-02,2998,negative_low,2023,0.4024304900077397,0,0.42156175299309256,True,stable_correct,-0.015764012298739694,0.3515608409757045,True,stable_correct,0.038355274380324905,0.42156175299309256,True,stable_correct,-0.015764012298739694
annual_head_weighted_intercept,learned_market,2022-12-31,2023-06-09,3003,negative_low,2023,0.37075382273281243,1,0.38916966676877784,True,stable_wrong,0.022837055610002932,0.32342911393688495,True,stable_wrong,-0.061797412262859674,0.38916966676877784,True,stable_wrong,0.022837055610002932
annual_head_weighted_intercept,learned_market,2022-12-31,2023-06-16,3008,nonnegative_low,2023,0.36909951233578914,0,0.38762409626666955,True,stable_correct,-0.014017990000034952,0.3778435061115532,True,stable_correct,-0.006531265104153999,0.38762409626666955,True,stable_correct,-0.014017990000034952
annual_head_weighted_intercept,learned_market,2022-12-31,2023-06-30,3016,negative_low,2023,0.4860993905889548,0,0.5055022237015249,True,recovery,-0.019239880636233248,0.4454667083587784,True,stable_correct,0.03785202927494832,0.5055022237015249,True,recovery,-0.019239880636233248
annual_head_weighted_intercept,learned_market,2022-12-31,2023-07-07,3021,negative_low,2023,0.44549372631674267,1,0.46486168201210815,True,stable_wrong,0.021104188175181338,0.44684461641847256,True,stable_wrong,0.001496329168864663,0.46486168201210815,True,stable_wrong,0.021104188175181338
annual_head_weighted_intercept,learned_market,2022-12-31,2023-07-14,3026,negative_low,2023,0.5620650269402119,0,0.5803149793062076,True,stable_wrong,-0.02084838069786299,0.5647004414541672,True,stable_wrong,-0.002969494069230194,0.5803149793062076,True,stable_wrong,-0.02084838069786299
annual_head_weighted_intercept,learned_market,2022-12-31,2023-07-21,3031,negative_low,2023,0.39005923441176477,1,0.4070201418720574,True,stable_wrong,0.02040262538092752,0.38289584904839596,True,stable_wrong,-0.008789795595337546,0.4070201418720574,True,stable_wrong,0.02040262538092752
annual_head_weighted_intercept,learned_market,2022-12-31,2023-07-28,3036,negative_low,2023,0.4466645482790206,0,0.46601968623152207,True,stable_correct,-0.017665129266024787,0.5211704327280383,True,recovery,-0.0721094012606292,0.46601968623152207,True,stable_correct,-0.017665129266024787
annual_head_weighted_intercept,learned_market,2022-12-31,2023-08-04,3041,nonnegative_low,2023,0.46523749498675215,0,0.48315939615600567,True,stable_correct,-0.01699707535228781,0.5079587346893545,True,recovery,-0.04157614940566179,0.48315939615600567,True,stable_correct,-0.01699707535228781
annual_head_weighted_intercept,learned_market,2022-12-31,2023-08-11,3046,negative_low,2023,0.5759005806817655,0,0.5909091747519496,True,stable_wrong,-0.017512173976435397,0.5848576756157274,True,stable_wrong,-0.010397021897036729,0.5909091747519496,True,stable_wrong,-0.017512173976435397
annual_head_weighted_intercept,learned_market,2022-12-31,2023-08-18,3051,negative_high,2023,0.47976689109685394,1,0.4990632713040057,True,stable_wrong,0.01970488144238841,0.47334776915008897,True,stable_wrong,-0.006720084660155445,0.4990632713040057,True,stable_wrong,0.01970488144238841
annual_head_weighted_intercept,learned_market,2022-12-31,2023-08-25,3056,negative_low,2023,0.3746645810329278,0,0.39273398421255495,True,stable_correct,-0.013866434074888023,0.3182757141384971,True,stable_correct,0.03907411807020904,0.39273398421255495,True,stable_correct,-0.013866434074888023
annual_head_weighted_intercept,learned_market,2022-12-31,2023-09-01,3061,nonnegative_low,2023,0.37434045615245876,0,0.3914974514172296,True,stable_correct,-0.013139477353755119,0.37304791125669406,True,stable_correct,0.0009660330194486144,0.3914974514172296,True,stable_correct,-0.013139477353755119
annual_head_weighted_intercept,learned_market,2022-12-31,2023-09-08,3066,negative_low,2023,0.550227795937281,0,0.5696628191181877,True,stable_wrong,-0.02176510006368293,0.4955597565623013,True,regression,0.05717115509791085,0.5696628191181877,True,stable_wrong,-0.02176510006368293
annual_head_weighted_intercept,learned_market,2022-12-31,2023-09-15,3071,negative_low,2023,0.6020146797775952,1,0.6192177662171039,True,stable_correct,0.013397205547837993,0.5994271677504067,True,stable_correct,-0.0020662788239306784,0.6192177662171039,True,stable_correct,0.013397205547837993
annual_head_weighted_intercept,learned_market,2022-12-31,2023-09-22,3076,negative_low,2023,0.41530978142291014,0,0.4337692785704885,True,stable_correct,-0.015673572486016668,0.38040132242279184,True,stable_correct,0.027777048444536573,0.4337692785704885,True,stable_correct,-0.015673572486016668
annual_head_weighted_intercept,learned_market,2022-12-31,2023-10-13,3085,negative_low,2023,0.34847480988441687,0,0.3665911272722627,True,stable_correct,-0.012954361470767811,0.35527118418124687,True,stable_correct,-0.004782921185564948,0.34094438066982047,True,stable_correct,0.0051916224136530215
annual_head_weighted_intercept,learned_market,2022-12-31,2023-10-20,3090,negative_low,2023,0.40302090374635496,1,0.4219897384366216,True,stable_wrong,0.02228817889125362,0.40541154092872095,True,stable_wrong,0.0028486057030606138,0.3951139995540462,True,stable_wrong,-0.009503032171683634
annual_head_weighted_intercept,learned_market,2022-12-31,2023-10-27,3095,negative_low,2023,0.6220657531296033,1,0.6388952002017473,True,stable_correct,0.012437618520157762,0.6425841589230163,True,stable_correct,0.015088211504726307,0.6154893900208703,True,stable_correct,-0.005014114229028421
annual_head_weighted_intercept,learned_market,2022-12-31,2023-11-03,3100,negative_low,2023,0.5148923577644564,0,0.5331744374780486,True,stable_wrong,-0.019160840695792547,0.5031188044558108,True,stable_wrong,0.011985608687196614,0.5073545670287182,True,stable_wrong,0.007705483399342905
annual_head_weighted_intercept,learned_market,2022-12-31,2023-11-10,3105,negative_low,2023,0.36457851995809304,0,0.38284989306121714,True,stable_correct,-0.01365654340215175,0.37058659441361747,True,stable_correct,-0.004416926744249372,0.35726609624219385,True,stable_correct,0.005278433690697137
annual_head_weighted_intercept,learned_market,2022-12-31,2023-11-17,3110,negative_low,2023,0.3742966258144058,0,0.3921054178986212,True,stable_correct,-0.013648694649403048,0.3451661170483025,True,stable_correct,0.020958315737846844,0.36739143320001094,True,stable_correct,0.0051214989072912165
annual_head_weighted_intercept,learned_market,2022-12-31,2023-11-24,3115,negative_low,2023,0.5274267804187451,0,0.5469824560682008,True,stable_wrong,-0.02101079854351806,0.49631224391271367,True,regression,0.0318531652452102,0.5192253027330844,True,stable_wrong,0.008584093704620044
annual_head_weighted_intercept,learned_market,2022-12-31,2023-12-01,3120,negative_low,2023,0.48800322695404524,0,0.5065511293019209,True,recovery,-0.018446897079490043,0.47661547566227624,True,stable_correct,0.01098483787678356,0.48045984735364083,True,stable_correct,0.007305484598477546
annual_head_weighted_intercept,learned_market,2022-12-31,2023-12-08,3125,negative_low,2023,0.497542878148516,0,0.5160333668098337,True,recovery,-0.018741520064783357,0.49092727284914606,True,stable_correct,0.006539328369209146,0.48984599996345707,True,stable_correct,0.0075998119161098665
annual_head_weighted_intercept,learned_market,2022-12-31,2023-12-15,3130,negative_low,2023,0.4510146576537146,1,0.47065036969970947,True,stable_wrong,0.021173875012013954,0.4447498010069362,True,stable_wrong,-0.006917877370768821,0.4428654993595273,True,stable_wrong,-0.009013945692840641
annual_head_weighted_intercept,learned_market,2022-12-31,2023-12-22,3135,negative_low,2023,0.36276196023590784,1,0.38102130520604577,True,stable_wrong,0.022937694713555667,0.3775464069989365,True,stable_wrong,0.018623843882449143,0.3553771894841578,True,stable_wrong,-0.009466248514960696
annual_head_weighted_intercept,learned_market,2022-12-31,2023-12-29,3140,negative_low,2023,0.45059586859512635,0,0.46897386198873664,True,stable_correct,-0.016899846433634236,0.4450864021965464,True,stable_correct,0.004934731374730522,0.4432793017145431,True,stable_correct,0.006540097466463418
annual_head_weighted_slopes,learned_market,2022-12-31,2023-01-06,2902,nonnegative_low,2023,0.33296996189245304,1,0.3278678018261283,True,stable_wrong,-0.006832620084285257,0.3157675755479204,True,stable_wrong,-0.023244938933815407,0.3278678018261283,True,stable_wrong,-0.006832620084285257
annual_head_weighted_slopes,learned_market,2022-12-31,2023-01-13,2907,nonnegative_low,2023,0.3472158608939428,1,0.35770266801824085,True,stable_wrong,0.013581269597550127,0.32990333921871506,True,stable_wrong,-0.022902402521792264,0.35770266801824085,True,stable_wrong,0.013581269597550127
annual_head_weighted_slopes,learned_market,2022-12-31,2023-01-20,2912,nonnegative_low,2023,0.5939954302455297,0,0.5846423297219553,True,stable_wrong,0.011023917449856424,0.5761490547552114,True,stable_wrong,0.02088283785724837,0.5846423297219553,True,stable_wrong,0.011023917449856424
annual_head_weighted_slopes,learned_market,2022-12-31,2023-02-03,2917,nonnegative_low,2023,0.572815760443678,0,0.593199254369266,True,stable_wrong,-0.023767459971584026,0.5542212983161309,True,stable_wrong,0.020956647905451375,0.593199254369266,True,stable_wrong,-0.023767459971584026
annual_head_weighted_slopes,learned_market,2022-12-31,2023-02-10,2922,nonnegative_low,2023,0.26976980775137754,0,0.3222523830487656,True,stable_correct,-0.031070849206393136,0.25460570791070414,True,stable_correct,0.007951682673504407,0.3222523830487656,True,stable_correct,-0.031070849206393136
annual_head_weighted_slopes,learned_market,2022-12-31,2023-02-17,2927,nonnegative_low,2023,0.41275189727823464,1,0.409970681225926,True,stable_wrong,-0.003274262862684729,0.3937087547240288,True,stable_wrong,-0.022728739947974863,0.409970681225926,True,stable_wrong,-0.003274262862684729
annual_head_weighted_slopes,learned_market,2022-12-31,2023-02-24,2932,nonnegative_low,2023,0.6213260720414907,1,0.6676704688644599,True,stable_correct,0.03295102645075837,0.6026938970166416,True,stable_correct,-0.01445819575229676,0.6676704688644599,True,stable_correct,0.03295102645075837
annual_head_weighted_slopes,learned_market,2022-12-31,2023-03-03,2937,nonnegative_low,2023,0.6718266255287234,0,0.6949755243151983,True,stable_wrong,-0.03163996462787316,0.6547063578221203,True,stable_wrong,0.022710599796605335,0.6949755243151983,True,stable_wrong,-0.03163996462787316
annual_head_weighted_slopes,learned_market,2022-12-31,2023-03-10,2942,nonnegative_low,2023,0.4940825306689732,1,0.534593085255891,True,regression,0.03934888948268017,0.47543866683438435,True,stable_wrong,-0.01921210647817745,0.534593085255891,True,regression,0.03934888948268017
annual_head_weighted_slopes,learned_market,2022-12-31,2023-03-17,2947,nonnegative_low,2023,0.3902602836709094,1,0.3829268937106453,True,stable_wrong,-0.008996696836513385,0.37184453013137503,True,stable_wrong,-0.022796772656793196,0.3829268937106453,True,stable_wrong,-0.008996696836513385
annual_head_weighted_slopes,learned_market,2022-12-31,2023-03-24,2952,nonnegative_low,2023,0.4831305093512712,1,0.4622535624773934,True,stable_wrong,-0.022017160704778382,0.4636435690213176,True,stable_wrong,-0.020524150688713716,0.4622535624773934,True,stable_wrong,-0.022017160704778382
annual_head_weighted_slopes,learned_market,2022-12-31,2023-03-31,2957,nonnegative_low,2023,0.535770496312683,1,0.5228778647056432,True,stable_correct,-0.012136499894073838,0.5167981621381906,True,stable_correct,-0.017974984019257678,0.5228778647056432,True,stable_correct,-0.012136499894073838
annual_head_weighted_slopes,learned_market,2022-12-31,2023-04-07,2961,nonnegative_low,2023,0.5457716997474837,0,0.5817699066933342,True,stable_wrong,-0.04058947608871322,0.5261146219588863,True,stable_wrong,0.021070152806315745,0.5817699066933342,True,stable_wrong,-0.04058947608871322
annual_head_weighted_slopes,learned_market,2022-12-31,2023-04-14,2966,nonnegative_low,2023,0.3412887829801418,0,0.4103824088423364,True,stable_correct,-0.051935688099172206,0.3239538144405434,True,stable_correct,0.011531959497488323,0.4103824088423364,True,stable_correct,-0.051935688099172206
annual_head_weighted_slopes,learned_market,2022-12-31,2023-04-21,2971,negative_low,2023,0.35344247642883747,0,0.401552945815844,True,stable_correct,-0.0363231841492328,0.3358277516317512,True,stable_correct,0.012141305378112158,0.401552945815844,True,stable_correct,-0.0363231841492328
annual_head_weighted_slopes,learned_market,2022-12-31,2023-04-28,2976,negative_low,2023,0.40172615154578617,1,0.40092383113439173,True,stable_wrong,-0.0009606583584792494,0.3831155099389269,True,stable_wrong,-0.022614876333694522,0.40092383113439173,True,stable_wrong,-0.0009606583584792494
annual_head_weighted_slopes,learned_market,2022-12-31,2023-05-05,2978,negative_low,2023,0.36835810293720384,0,0.3704818435494299,True,stable_correct,-0.0015691044002886234,0.3502976931300994,True,stable_correct,0.01297921818722636,0.3704818435494299,True,stable_correct,-0.0015691044002886234
annual_head_weighted_slopes,learned_market,2022-12-31,2023-05-12,2983,negative_low,2023,0.3756709957926343,1,0.4169164849870346,True,stable_wrong,0.04980032001468582,0.3575923123890963,True,stable_wrong,-0.022900931607027608,0.4169164849870346,True,stable_wrong,0.04980032001468582
annual_head_weighted_slopes,learned_market,2022-12-31,2023-05-19,2988,negative_low,2023,0.5967894025796424,0,0.6603160955468503,True,stable_wrong,-0.07985975500687065,0.5784079292651308,True,stable_wrong,0.02160185839458989,0.6603160955468503,True,stable_wrong,-0.07985975500687065
annual_head_weighted_slopes,learned_market,2022-12-31,2023-05-26,2993,negative_low,2023,0.46202953923927786,0,0.49788297412809596,True,stable_correct,-0.03441616079697887,0.44243505115376475,True,stable_correct,0.017722520640224976,0.49788297412809596,True,stable_correct,-0.03441616079697887
annual_head_weighted_slopes,learned_market,2022-12-31,2023-06-02,2998,negative_low,2023,0.369830038710393,0,0.42156175299309256,True,stable_correct,-0.04094005405407841,0.3515608409757045,True,stable_correct,0.013179232624986187,0.42156175299309256,True,stable_correct,-0.04094005405407841
annual_head_weighted_slopes,learned_market,2022-12-31,2023-06-09,3003,negative_low,2023,0.3407559665307234,1,0.38916966676877784,True,stable_wrong,0.0614889996694748,0.32342911393688495,True,stable_wrong,-0.02314546820338781,0.38916966676877784,True,stable_wrong,0.0614889996694748
annual_head_weighted_slopes,learned_market,2022-12-31,2023-06-16,3008,nonnegative_low,2023,0.3965860217338129,0,0.38762409626666955,True,stable_correct,0.007028032628100034,0.3778435061115532,True,stable_correct,0.014514757523980987,0.38762409626666955,True,stable_correct,0.007028032628100034
annual_head_weighted_slopes,learned_market,2022-12-31,2023-06-30,3016,negative_low,2023,0.4635827438728118,0,0.5055022237015249,True,recovery,-0.04062353775054148,0.4454667083587784,True,stable_correct,0.016468372160640093,0.5055022237015249,True,recovery,-0.04062353775054148
annual_head_weighted_slopes,learned_market,2022-12-31,2023-07-07,3021,negative_low,2023,0.4662307920606709,1,0.46486168201210815,True,stable_wrong,-0.0014634520347314717,0.44684461641847256,True,stable_wrong,-0.021071311041048146,0.46486168201210815,True,stable_wrong,-0.0014634520347314717
annual_head_weighted_slopes,learned_market,2022-12-31,2023-07-14,3026,negative_low,2023,0.5827284058210477,0,0.5803149793062076,True,stable_wrong,0.0028069197435755533,0.5647004414541672,True,stable_wrong,0.02068580637220835,0.5803149793062076,True,stable_wrong,0.0028069197435755533
annual_head_weighted_slopes,learned_market,2022-12-31,2023-07-21,3031,negative_low,2023,0.39991448403708124,1,0.4070201418720574,True,stable_wrong,0.008477514323047552,0.38289584904839596,True,stable_wrong,-0.020714906653217513,0.4070201418720574,True,stable_wrong,0.008477514323047552
annual_head_weighted_slopes,learned_market,2022-12-31,2023-07-28,3036,negative_low,2023,0.5401480323569533,0,0.46601968623152207,True,regression,0.07458554890376198,0.5211704327280383,True,stable_wrong,0.02014127690915757,0.46601968623152207,True,regression,0.07458554890376198
annual_head_weighted_slopes,learned_market,2022-12-31,2023-08-04,3041,nonnegative_low,2023,0.5267236367982006,0,0.48315939615600567,True,regression,0.04399478746808669,0.5079587346893545,True,stable_wrong,0.01941571341471271,0.48315939615600567,True,regression,0.04399478746808669
annual_head_weighted_slopes,learned_market,2022-12-31,2023-08-11,3046,negative_low,2023,0.5997492545809714,0,0.5909091747519496,True,stable_wrong,0.010525515564400678,0.5848576756157274,True,stable_wrong,0.017640667643799346,0.5909091747519496,True,stable_wrong,0.010525515564400678
annual_head_weighted_slopes,learned_market,2022-12-31,2023-08-18,3051,negative_high,2023,0.49236260299266443,1,0.4990632713040057,True,stable_wrong,0.006758120683739044,0.47334776915008897,True,stable_wrong,-0.019666845418804813,0.4990632713040057,True,stable_wrong,0.006758120683739044
annual_head_weighted_slopes,learned_market,2022-12-31,2023-08-25,3056,negative_low,2023,0.3356903059864875,0,0.39273398421255495,True,stable_correct,-0.04155200082216576,0.3182757141384971,True,stable_correct,0.011388551322931303,0.39273398421255495,True,stable_correct,-0.04155200082216576
annual_head_weighted_slopes,learned_market,2022-12-31,2023-09-01,3061,nonnegative_low,2023,0.3897407256990701,0,0.3914974514172296,True,stable_correct,-0.001372421197748247,0.37304791125669406,True,stable_correct,0.012733089175455486,0.3914974514172296,True,stable_correct,-0.001372421197748247
annual_head_weighted_slopes,learned_market,2022-12-31,2023-09-08,3066,negative_low,2023,0.5153150419821376,0,0.5696628191181877,True,stable_wrong,-0.058966134992628816,0.4955597565623013,True,regression,0.01997012016896496,0.5696628191181877,True,stable_wrong,-0.058966134992628816
annual_head_weighted_slopes,learned_market,2022-12-31,2023-09-15,3071,negative_low,2023,0.6167890916765904,1,0.6192177662171039,True,stable_correct,0.0018554906933605508,0.5994271677504067,True,stable_correct,-0.01360799367840812,0.6192177662171039,True,stable_correct,0.0018554906933605508
annual_head_weighted_slopes,learned_market,2022-12-31,2023-09-22,3076,negative_low,2023,0.39833605089251867,0,0.4337692785704885,True,stable_correct,-0.029484177590914845,0.38040132242279184,True,stable_correct,0.013966443339638396,0.4337692785704885,True,stable_correct,-0.029484177590914845
annual_head_weighted_slopes,learned_market,2022-12-31,2023-10-13,3085,negative_low,2023,0.3736211977242836,0,0.3665911272722627,True,stable_correct,0.005203744794179926,0.35527118418124687,True,stable_correct,0.01337518507938279,0.34094438066982047,True,stable_correct,0.02334972867860076
annual_head_weighted_slopes,learned_market,2022-12-31,2023-10-20,3090,negative_low,2023,0.42453649661737164,1,0.4219897384366216,True,stable_wrong,-0.002937618747156867,0.40541154092872095,True,stable_wrong,-0.02237719193534987,0.3951139995540462,True,stable_wrong,-0.03472882981009412
annual_head_weighted_slopes,learned_market,2022-12-31,2023-10-27,3095,negative_low,2023,0.6588319903090843,1,0.6388952002017473,True,stable_correct,-0.014001065600875467,0.6425841589230163,True,stable_correct,-0.011350472616306923,0.6154893900208703,True,stable_correct,-0.03145279835006165
annual_head_weighted_slopes,learned_market,2022-12-31,2023-11-03,3100,negative_low,2023,0.5215749966164923,0,0.5331744374780486,True,stable_wrong,-0.0122345036845396,0.5031188044558108,True,stable_wrong,0.01891194569844956,0.5073545670287182,True,stable_wrong,0.014631820410595853
annual_head_weighted_slopes,learned_market,2022-12-31,2023-11-10,3105,negative_low,2023,0.38905627177675833,0,0.38284989306121714,True,stable_correct,0.004790741991845454,0.37058659441361747,True,stable_correct,0.014030358649747832,0.35726609624219385,True,stable_correct,0.02372571908469434
annual_head_weighted_slopes,learned_market,2022-12-31,2023-11-17,3110,negative_low,2023,0.3627956657050802,0,0.3921054178986212,True,stable_correct,-0.02212596369106007,0.3451661170483025,True,stable_correct,0.012481046696189824,0.36739143320001094,True,stable_correct,-0.003355770134365804
annual_head_weighted_slopes,learned_market,2022-12-31,2023-11-24,3115,negative_low,2023,0.5159774218465771,0,0.5469824560682008,True,stable_wrong,-0.03295710739096064,0.49631224391271367,True,regression,0.019906856397767625,0.5192253027330844,True,stable_wrong,-0.0033622151428225333
annual_head_weighted_slopes,learned_market,2022-12-31,2023-12-01,3120,negative_low,2023,0.495336640054016,0,0.5065511293019209,True,recovery,-0.011235659617049615,0.47661547566227624,True,stable_correct,0.018196075339223988,0.48045984735364083,True,stable_correct,0.014516722060917975
annual_head_weighted_slopes,learned_market,2022-12-31,2023-12-08,3125,negative_low,2023,0.5095863233177889,0,0.5160333668098337,True,stable_wrong,-0.006612214748550338,0.49092727284914606,True,regression,0.018668633685442165,0.48984599996345707,True,regression,0.019729117232342885
annual_head_weighted_slopes,learned_market,2022-12-31,2023-12-15,3130,negative_low,2023,0.4642074898991014,1,0.47065036969970947,True,stable_wrong,0.0068625827811674145,0.4447498010069362,True,stable_wrong,-0.02122916960161536,0.4428654993595273,True,stable_wrong,-0.02332523792368718
annual_head_weighted_slopes,learned_market,2022-12-31,2023-12-22,3135,negative_low,2023,0.3960219026352281,1,0.38102130520604577,True,stable_wrong,-0.018345082512457145,0.3775464069989365,True,stable_wrong,-0.02265893334356367,0.3553771894841578,True,stable_wrong,-0.05074902574097351
annual_head_weighted_slopes,learned_market,2022-12-31,2023-12-29,3140,negative_low,2023,0.462973013884216,0,0.46897386198873664,True,stable_correct,-0.005592471643596109,0.4450864021965464,True,stable_correct,0.01624210616476865,0.4432793017145431,True,stable_correct,0.017847472256501545
annual_head_weighted_intercept,learned_vol_interaction,2022-12-31,2023-01-06,2902,nonnegative_low,2023,0.30187166483290956,1,0.31909131868273805,True,stable_wrong,0.02374654006996063,0.3041788652622261,True,stable_wrong,0.003216120815410062,0.31909131868273805,True,stable_wrong,0.02374654006996063
annual_head_weighted_intercept,learned_vol_interaction,2022-12-31,2023-01-13,2907,nonnegative_low,2023,0.34097126313057213,1,0.3588939660119362,True,stable_wrong,0.02330192920380908,0.32721636642533797,True,stable_wrong,-0.018318941586211446,0.3588939660119362,True,stable_wrong,0.02330192920380908
annual_head_weighted_intercept,learned_vol_interaction,2022-12-31,2023-01-20,2912,nonnegative_low,2023,0.5447732216298969,0,0.5635762667927361,True,stable_wrong,-0.020840345487020462,0.5638396811542995,True,stable_wrong,-0.021137323039165323,0.5635762667927361,True,stable_wrong,-0.020840345487020462
annual_head_weighted_intercept,learned_vol_interaction,2022-12-31,2023-02-03,2917,nonnegative_low,2023,0.572662238192828,0,0.5915505782316033,True,stable_wrong,-0.021990047554124925,0.560575227859425,True,stable_wrong,0.013697452962373013,0.5915505782316033,True,stable_wrong,-0.021990047554124925
annual_head_weighted_intercept,learned_vol_interaction,2022-12-31,2023-02-10,2922,nonnegative_low,2023,0.30553754765746716,0,0.32292214880259335,True,stable_correct,-0.010925521158745219,0.25204787947525004,True,stable_correct,0.02982505948056885,0.32292214880259335,True,stable_correct,-0.010925521158745219
annual_head_weighted_intercept,learned_vol_interaction,2022-12-31,2023-02-17,2927,nonnegative_low,2023,0.39083887980643506,1,0.4103459167795615,True,stable_wrong,0.023385332496943134,0.3893615270049233,True,stable_wrong,-0.0018020743462801025,0.4103459167795615,True,stable_wrong,0.023385332496943134
annual_head_weighted_intercept,learned_vol_interaction,2022-12-31,2023-02-24,2932,nonnegative_low,2023,0.6451059913435802,1,0.6634252350206751,True,stable_correct,0.012667184959335206,0.6044504795729848,True,stable_correct,-0.030509665729818697,0.6634252350206751,True,stable_correct,0.012667184959335206
annual_head_weighted_intercept,learned_vol_interaction,2022-12-31,2023-03-03,2937,nonnegative_low,2023,0.6763522085895673,0,0.6933961398078564,True,stable_wrong,-0.023345896636450758,0.6597477586551707,True,stable_wrong,0.022185205013464326,0.6933961398078564,True,stable_wrong,-0.023345896636450758
annual_head_weighted_intercept,learned_vol_interaction,2022-12-31,2023-03-10,2942,nonnegative_low,2023,0.5137074863021126,1,0.5334992083770789,True,stable_correct,0.018857420293797916,0.4767266971960731,True,recovery,-0.03733454054872021,0.5334992083770789,True,stable_correct,0.018857420293797916
annual_head_weighted_intercept,learned_vol_interaction,2022-12-31,2023-03-17,2947,nonnegative_low,2023,0.36355717978731944,1,0.3823445370878824,True,stable_wrong,0.023561192535088205,0.36589322301839106,True,stable_wrong,0.002968058786266603,0.3823445370878824,True,stable_wrong,0.023561192535088205
annual_head_weighted_intercept,learned_vol_interaction,2022-12-31,2023-03-24,2952,nonnegative_low,2023,0.44390670533830184,1,0.4635711751847505,True,stable_wrong,0.02148386827503246,0.4608416192534761,True,stable_wrong,0.01854799283848857,0.4635711751847505,True,stable_wrong,0.02148386827503246
annual_head_weighted_intercept,learned_vol_interaction,2022-12-31,2023-03-31,2957,nonnegative_low,2023,0.506050394358661,1,0.5255541720047177,True,stable_correct,0.018887369211105315,0.5199461359809568,True,stable_correct,0.013534500553620377,0.5255541720047177,True,stable_correct,0.018887369211105315
annual_head_weighted_intercept,learned_vol_interaction,2022-12-31,2023-04-07,2961,nonnegative_low,2023,0.5693939249446913,0,0.5889469621804367,True,stable_wrong,-0.022649082497644024,0.5375256771419096,True,stable_wrong,0.03527558817705234,0.5889469621804367,True,stable_wrong,-0.022649082497644024
annual_head_weighted_intercept,learned_vol_interaction,2022-12-31,2023-04-14,2966,nonnegative_low,2023,0.37585121887371864,0,0.3947661281586383,True,stable_correct,-0.014576157212502494,0.3080996693318251,True,stable_correct,0.04633873248647999,0.3947661281586383,True,stable_correct,-0.014576157212502494
annual_head_weighted_intercept,learned_vol_interaction,2022-12-31,2023-04-21,2971,negative_low,2023,0.38548582972150314,0,0.4046231162378143,True,stable_correct,-0.015120541277924032,0.3358135580372636,True,stable_correct,0.03582857915442912,0.4046231162378143,True,stable_correct,-0.015120541277924032
annual_head_weighted_intercept,learned_vol_interaction,2022-12-31,2023-04-28,2976,negative_low,2023,0.3843963987962744,1,0.40357588633175406,True,stable_wrong,0.02324607045004279,0.3809481918428113,True,stable_wrong,-0.004257347367689179,0.40357588633175406,True,stable_wrong,0.02324607045004279
annual_head_weighted_intercept,learned_vol_interaction,2022-12-31,2023-05-05,2978,negative_low,2023,0.35753694322880386,0,0.3762379461016056,True,stable_correct,-0.013722326313357763,0.34920314037293965,True,stable_correct,0.005889832527073924,0.3762379461016056,True,stable_correct,-0.013722326313357763
annual_head_weighted_intercept,learned_vol_interaction,2022-12-31,2023-05-12,2983,negative_low,2023,0.4043429824028844,1,0.42362561899667894,True,stable_wrong,0.02259985553572902,0.3616783241557286,True,stable_wrong,-0.0526472792399485,0.42362561899667894,True,stable_wrong,0.02259985553572902
annual_head_weighted_intercept,learned_vol_interaction,2022-12-31,2023-05-19,2988,negative_low,2023,0.638347603434208,0,0.6565750929453238,True,stable_wrong,-0.02360318986596366,0.5802232392918854,True,stable_wrong,0.0708286553958285,0.6565750929453238,True,stable_wrong,-0.02360318986596366
annual_head_weighted_intercept,learned_vol_interaction,2022-12-31,2023-05-26,2993,negative_low,2023,0.4850157458746352,0,0.5053490521109308,True,recovery,-0.020137390723087567,0.45050958810620284,True,stable_correct,0.03228138477070819,0.5053490521109308,True,recovery,-0.020137390723087567
annual_head_weighted_intercept,learned_vol_interaction,2022-12-31,2023-06-02,2998,negative_low,2023,0.40264301640979916,0,0.4223074804155141,True,stable_correct,-0.016222209351318018,0.34951462604749284,True,stable_correct,0.03996092484246304,0.4223074804155141,True,stable_correct,-0.016222209351318018
annual_head_weighted_intercept,learned_vol_interaction,2022-12-31,2023-06-09,3003,negative_low,2023,0.36714617282515954,1,0.38580683589935666,True,stable_wrong,0.02327072374188316,0.3165177213716498,True,stable_wrong,-0.06664405862915884,0.38580683589935666,True,stable_wrong,0.02327072374188316
annual_head_weighted_intercept,learned_vol_interaction,2022-12-31,2023-06-16,3008,nonnegative_low,2023,0.3649771725591234,0,0.38374941720215167,True,stable_correct,-0.014055278713738933,0.36860745439204123,True,stable_correct,-0.0026631189441286285,0.38374941720215167,True,stable_correct,-0.014055278713738933
annual_head_weighted_intercept,learned_vol_interaction,2022-12-31,2023-06-30,3016,negative_low,2023,0.4935270118434219,0,0.5133699031440043,True,recovery,-0.019979746034987284,0.45540380037960465,True,stable_correct,0.03617629001891032,0.5133699031440043,True,recovery,-0.019979746034987284
annual_head_weighted_intercept,learned_vol_interaction,2022-12-31,2023-07-07,3021,negative_low,2023,0.452822376513625,1,0.4727214101000084,True,stable_wrong,0.0213806402772736,0.4524946666994564,True,stable_wrong,-0.000358738348342047,0.4727214101000084,True,stable_wrong,0.0213806402772736
annual_head_weighted_intercept,learned_vol_interaction,2022-12-31,2023-07-14,3026,negative_low,2023,0.5769339268836431,0,0.595450849916099,True,stable_wrong,-0.02170895867642375,0.5831566019966083,True,stable_wrong,-0.0072188664628498045,0.595450849916099,True,stable_wrong,-0.02170895867642375
annual_head_weighted_intercept,learned_vol_interaction,2022-12-31,2023-07-21,3031,negative_low,2023,0.39839631039162215,1,0.4154835826520084,True,stable_wrong,0.02026755720108203,0.39150945129273684,True,stable_wrong,-0.008333748515652772,0.4154835826520084,True,stable_wrong,0.02026755720108203
annual_head_weighted_intercept,learned_vol_interaction,2022-12-31,2023-07-28,3036,negative_low,2023,0.44607931210843416,0,0.4659806736970172,True,stable_correct,-0.018151235567992197,0.5187073065124433,True,recovery,-0.07007051713826007,0.4659806736970172,True,stable_correct,-0.018151235567992197
annual_head_weighted_intercept,learned_vol_interaction,2022-12-31,2023-08-04,3041,nonnegative_low,2023,0.46797530645527335,0,0.4862940553693331,True,stable_correct,-0.01748102083564501,0.5060958630180784,True,recovery,-0.037132135112106585,0.4862940553693331,True,stable_correct,-0.01748102083564501
annual_head_weighted_intercept,learned_vol_interaction,2022-12-31,2023-08-11,3046,negative_low,2023,0.5630690155673003,0,0.5785115102775871,True,stable_wrong,-0.017628851231726084,0.5753654688810605,True,stable_wrong,-0.013998706488793977,0.5785115102775871,True,stable_wrong,-0.017628851231726084
annual_head_weighted_intercept,learned_vol_interaction,2022-12-31,2023-08-18,3051,negative_high,2023,0.4829539033731911,1,0.5027752210494784,True,regression,0.02010418523462429,0.4786629100426492,True,stable_wrong,-0.004455695328179521,0.5027752210494784,True,regression,0.02010418523462429
annual_head_weighted_intercept,learned_vol_interaction,2022-12-31,2023-08-25,3056,negative_low,2023,0.36759846550005565,0,0.3859766144768532,True,stable_correct,-0.013849315085017772,0.3108184023294556,True,stable_correct,0.03852055261136027,0.3859766144768532,True,stable_correct,-0.013849315085017772
annual_head_weighted_intercept,learned_vol_interaction,2022-12-31,2023-09-01,3061,nonnegative_low,2023,0.38097466868087676,0,0.39839543354767315,True,stable_correct,-0.013577223295134638,0.37819620060707454,True,stable_correct,0.002109332022877247,0.39839543354767315,True,stable_correct,-0.013577223295134638
annual_head_weighted_intercept,learned_vol_interaction,2022-12-31,2023-09-08,3066,negative_low,2023,0.5493060827846156,0,0.5692443914759401,True,stable_wrong,-0.022302004642634377,0.4981122858824509,True,regression,0.053621323237138446,0.5692443914759401,True,stable_wrong,-0.022302004642634377
annual_head_weighted_intercept,learned_vol_interaction,2022-12-31,2023-09-15,3071,negative_low,2023,0.5934395963135825,1,0.6112064611357836,True,stable_correct,0.014130945983101828,0.5938417178342308,True,stable_correct,0.0003268116738141813,0.6112064611357836,True,stable_correct,0.014130945983101828
annual_head_weighted_intercept,learned_vol_interaction,2022-12-31,2023-09-22,3076,negative_low,2023,0.40488948214988035,0,0.423708555100824,True,stable_correct,-0.015593446910029729,0.36946899209390444,True,stable_correct,0.027428156636712664,0.423708555100824,True,stable_correct,-0.015593446910029729
annual_head_weighted_intercept,learned_vol_interaction,2022-12-31,2023-10-13,3085,negative_low,2023,0.35824722909971435,0,0.3770637255167195,True,stable_correct,-0.013835975942924766,0.35584288181410123,True,stable_correct,0.0017169206198588138,0.35071373249571963,True,stable_correct,0.005340954996544023
annual_head_weighted_intercept,learned_vol_interaction,2022-12-31,2023-10-20,3090,negative_low,2023,0.4141988939827139,1,0.43396193370793035,True,stable_wrong,0.022763843319410226,0.41323463901203467,True,stable_wrong,-0.0011306530442615759,0.4062218834863162,True,stable_wrong,-0.00940951583946209
annual_head_weighted_intercept,learned_vol_interaction,2022-12-31,2023-10-27,3095,negative_low,2023,0.6296456984366458,1,0.6465654085863025,True,stable_correct,0.012246298278712653,0.6531678954008623,True,stable_correct,0.016869799905812735,0.623205534037317,True,stable_correct,-0.004811760893623507
annual_head_weighted_intercept,learned_vol_interaction,2022-12-31,2023-11-03,3100,negative_low,2023,0.5127807899066498,0,0.5315584625413569,True,stable_wrong,-0.01961026060204335,0.5062741577770077,True,stable_wrong,0.006630615664469264,0.5052577592193656,True,stable_wrong,0.007658735245913317
annual_head_weighted_intercept,learned_vol_interaction,2022-12-31,2023-11-10,3105,negative_low,2023,0.3639700530637407,0,0.3826388105382379,True,stable_correct,-0.013938259802895286,0.3683024976682722,True,stable_correct,-0.0031725302614654394,0.35670203529829997,True,stable_correct,0.005237857541272595
annual_head_weighted_intercept,learned_vol_interaction,2022-12-31,2023-11-17,3110,negative_low,2023,0.3808189667272073,0,0.3987881336286834,True,stable_correct,-0.01400889010387088,0.3489180682555833,True,stable_correct,0.023279267063969905,0.3740862221357546,True,stable_correct,0.005082583827376669
annual_head_weighted_intercept,learned_vol_interaction,2022-12-31,2023-11-24,3115,negative_low,2023,0.5428818698843706,0,0.562778735200895,True,stable_wrong,-0.021999180145168495,0.5182737912662642,True,stable_wrong,0.02611300193564353,0.5347616936779956,True,stable_wrong,0.008750655623792236
annual_head_weighted_intercept,learned_vol_interaction,2022-12-31,2023-12-01,3120,negative_low,2023,0.48584573340046694,0,0.5045700191263504,True,recovery,-0.018544827537727987,0.4800524838884355,True,stable_correct,0.005595689375980956,0.47845958038105474,True,stable_correct,0.007122506605022616
annual_head_weighted_intercept,learned_vol_interaction,2022-12-31,2023-12-08,3125,negative_low,2023,0.5199441105727391,0,0.5387147930173727,True,stable_wrong,-0.019871750096473906,0.5129575622178676,True,stable_wrong,0.0072164174827792915,0.5123613208798113,True,stable_wrong,0.007827754985571811
annual_head_weighted_intercept,learned_vol_interaction,2022-12-31,2023-12-15,3130,negative_low,2023,0.4657464795199347,1,0.4859739920213066,True,stable_wrong,0.021204087266831873,0.4540626754755667,True,stable_wrong,-0.012620738163552747,0.45759276099399865,True,stable_wrong,-0.00877878878076982
annual_head_weighted_intercept,learned_vol_interaction,2022-12-31,2023-12-22,3135,negative_low,2023,0.3599481780330451,1,0.3783184069501837,True,stable_wrong,0.0231783316662611,0.36622940513115765,True,stable_wrong,0.008001167882812188,0.3527705700358576,True,stable_wrong,-0.009239600208490129
annual_head_weighted_intercept,learned_vol_interaction,2022-12-31,2023-12-29,3140,negative_low,2023,0.45288342878833904,0,0.4715354195364259,True,stable_correct,-0.017242251806310643,0.44890629889768946,True,stable_correct,0.0035865348810608377,0.44564809214762796,True,stable_correct,0.006501178036261851
annual_head_weighted_slopes,learned_vol_interaction,2022-12-31,2023-01-06,2902,nonnegative_low,2023,0.32146759329420854,1,0.31909131868273805,True,stable_wrong,-0.003230405343259135,0.3041788652622261,True,stable_wrong,-0.023760824597809704,0.31909131868273805,True,stable_wrong,-0.003230405343259135
annual_head_weighted_slopes,learned_vol_interaction,2022-12-31,2023-01-13,2907,nonnegative_low,2023,0.3448753365686503,1,0.3588939660119362,True,stable_wrong,0.01817137782013467,0.32721636642533797,True,stable_wrong,-0.023449492969885855,0.3588939660119362,True,stable_wrong,0.01817137782013467
annual_head_weighted_slopes,learned_vol_interaction,2022-12-31,2023-01-20,2912,nonnegative_low,2023,0.5822600838265279,0,0.5635762667927361,True,stable_wrong,0.021408596725638107,0.5638396811542995,True,stable_wrong,0.021111619173493246,0.5635762667927361,True,stable_wrong,0.021408596725638107
annual_head_weighted_slopes,learned_vol_interaction,2022-12-31,2023-02-03,2917,nonnegative_low,2023,0.5792004868815958,0,0.5915505782316033,True,stable_wrong,-0.014458882602266632,0.560575227859425,True,stable_wrong,0.021228617914231307,0.5915505782316033,True,stable_wrong,-0.014458882602266632
annual_head_weighted_slopes,learned_vol_interaction,2022-12-31,2023-02-10,2922,nonnegative_low,2023,0.2675130933290109,0,0.32292214880259335,True,stable_correct,-0.03271545908482813,0.25204787947525004,True,stable_correct,0.008035121554485936,0.32292214880259335,True,stable_correct,-0.03271545908482813
annual_head_weighted_slopes,learned_vol_interaction,2022-12-31,2023-02-17,2927,nonnegative_low,2023,0.4087945807228082,1,0.4103459167795615,True,stable_wrong,0.0018319099241844161,0.3893615270049233,True,stable_wrong,-0.02335549691903882,0.4103459167795615,True,stable_wrong,0.0018319099241844161
annual_head_weighted_slopes,learned_vol_interaction,2022-12-31,2023-02-24,2932,nonnegative_low,2023,0.6234967349164161,1,0.6634252350206751,True,stable_correct,0.02847213619771162,0.6044504795729848,True,stable_correct,-0.014704714491442283,0.6634252350206751,True,stable_correct,0.02847213619771162
annual_head_weighted_slopes,learned_vol_interaction,2022-12-31,2023-03-03,2937,nonnegative_low,2023,0.6773199252185033,0,0.6933961398078564,True,stable_wrong,-0.022035925602437556,0.6597477586551707,True,stable_wrong,0.02349517604747753,0.6933961398078564,True,stable_wrong,-0.022035925602437556
annual_head_weighted_slopes,learned_vol_interaction,2022-12-31,2023-03-10,2942,nonnegative_low,2023,0.4959683910394322,1,0.5334992083770789,True,regression,0.036424874246566735,0.4767266971960731,True,stable_wrong,-0.01976708659595139,0.5334992083770789,True,regression,0.036424874246566735
annual_head_weighted_slopes,learned_vol_interaction,2022-12-31,2023-03-17,2947,nonnegative_low,2023,0.38460575195462937,1,0.3823445370878824,True,stable_wrong,-0.0027881903378550454,0.36589322301839106,True,stable_wrong,-0.023381324086676647,0.3823445370878824,True,stable_wrong,-0.0027881903378550454
annual_head_weighted_slopes,learned_vol_interaction,2022-12-31,2023-03-24,2952,nonnegative_low,2023,0.4807322723231053,1,0.4635711751847505,True,stable_wrong,-0.0181169110859441,0.4608416192534761,True,stable_wrong,-0.021052786522487987,0.4635711751847505,True,stable_wrong,-0.0181169110859441
annual_head_weighted_slopes,learned_vol_interaction,2022-12-31,2023-03-31,2957,nonnegative_low,2023,0.5392522998182281,1,0.5255541720047177,True,stable_correct,-0.01281040047933707,0.5199461359809568,True,stable_correct,-0.018163269136822008,0.5255541720047177,True,stable_correct,-0.01281040047933707
annual_head_weighted_slopes,learned_vol_interaction,2022-12-31,2023-04-07,2961,nonnegative_low,2023,0.557568458882141,0,0.5889469621804367,True,stable_wrong,-0.035975937921359,0.5375256771419096,True,stable_wrong,0.021948732753337363,0.5889469621804367,True,stable_wrong,-0.035975937921359
annual_head_weighted_slopes,learned_vol_interaction,2022-12-31,2023-04-14,2966,nonnegative_low,2023,0.3254269996636061,0,0.3947661281586383,True,stable_correct,-0.049937563831305765,0.3080996693318251,True,stable_correct,0.010977325867676718,0.3947661281586383,True,stable_correct,-0.049937563831305765
annual_head_weighted_slopes,learned_vol_interaction,2022-12-31,2023-04-21,2971,negative_low,2023,0.35390199342052037,0,0.4046231162378143,True,stable_correct,-0.0384732452469817,0.3358135580372636,True,stable_correct,0.012475875185371452,0.4046231162378143,True,stable_correct,-0.0384732452469817
annual_head_weighted_slopes,learned_vol_interaction,2022-12-31,2023-04-28,2976,negative_low,2023,0.40005950209520075,1,0.40357588633175406,True,stable_wrong,0.004206877661305675,0.3809481918428113,True,stable_wrong,-0.023296540156426293,0.40357588633175406,True,stable_wrong,0.004206877661305675
annual_head_weighted_slopes,learned_vol_interaction,2022-12-31,2023-05-05,2978,negative_low,2023,0.36777177884484313,0,0.3762379461016056,True,stable_correct,-0.006298910772054467,0.34920314037293965,True,stable_correct,0.01331324806837722,0.3762379461016056,True,stable_correct,-0.006298910772054467
annual_head_weighted_slopes,learned_vol_interaction,2022-12-31,2023-05-12,2983,negative_low,2023,0.3802325316367674,1,0.42362561899667894,True,stable_wrong,0.05190428776440903,0.3616783241557286,True,stable_wrong,-0.023342847011268486,0.42362561899667894,True,stable_wrong,0.05190428776440903
annual_head_weighted_slopes,learned_vol_interaction,2022-12-31,2023-05-19,2988,negative_low,2023,0.5992928067532977,0,0.6565750929453238,True,stable_wrong,-0.0719389844499152,0.5802232392918854,True,stable_wrong,0.022492860811876958,0.6565750929453238,True,stable_wrong,-0.0719389844499152
annual_head_weighted_slopes,learned_vol_interaction,2022-12-31,2023-05-26,2993,negative_low,2023,0.4706822483502691,0,0.5053490521109308,True,recovery,-0.03383588555735187,0.45050958810620284,True,stable_correct,0.018582889936443886,0.5053490521109308,True,recovery,-0.03383588555735187
annual_head_weighted_slopes,learned_vol_interaction,2022-12-31,2023-06-02,2998,negative_low,2023,0.36824606796163756,0,0.4223074804155141,True,stable_correct,-0.04273844144569283,0.34951462604749284,True,stable_correct,0.013444692748088224,0.4223074804155141,True,stable_correct,-0.04273844144569283
annual_head_weighted_slopes,learned_vol_interaction,2022-12-31,2023-06-09,3003,negative_low,2023,0.3339810365621159,1,0.38580683589935666,True,stable_wrong,0.0663480168309139,0.3165177213716498,True,stable_wrong,-0.0235667655401281,0.38580683589935666,True,stable_wrong,0.0663480168309139
annual_head_weighted_slopes,learned_vol_interaction,2022-12-31,2023-06-16,3008,nonnegative_low,2023,0.38756832354506804,0,0.38374941720215167,True,stable_correct,0.0029455902125434807,0.36860745439204123,True,stable_correct,0.014337749982153786,0.38374941720215167,True,stable_correct,0.0029455902125434807
annual_head_weighted_slopes,learned_vol_interaction,2022-12-31,2023-06-30,3016,negative_low,2023,0.47389422852024055,0,0.5133699031440043,True,recovery,-0.03897291762929042,0.45540380037960465,True,stable_correct,0.01718311842460718,0.5133699031440043,True,recovery,-0.03897291762929042
annual_head_weighted_slopes,learned_vol_interaction,2022-12-31,2023-07-07,3021,negative_low,2023,0.47233016837963904,1,0.4727214101000084,True,stable_wrong,0.0004127398353365175,0.4524946666994564,True,stable_wrong,-0.02132663879027913,0.4727214101000084,True,stable_wrong,0.0004127398353365175
annual_head_weighted_slopes,learned_vol_interaction,2022-12-31,2023-07-14,3026,negative_low,2023,0.6013000353830836,0,0.595450849916099,True,stable_wrong,0.007000017885892995,0.5831566019966083,True,stable_wrong,0.02149011009946694,0.595450849916099,True,stable_wrong,0.007000017885892995
annual_head_weighted_slopes,learned_vol_interaction,2022-12-31,2023-07-21,3031,negative_low,2023,0.40850768434177104,1,0.4154835826520084,True,stable_wrong,0.008203717333402638,0.39150945129273684,True,stable_wrong,-0.020397588383332166,0.4154835826520084,True,stable_wrong,0.008203717333402638
annual_head_weighted_slopes,learned_vol_interaction,2022-12-31,2023-07-28,3036,negative_low,2023,0.5382063706429351,0,0.4659806736970172,True,regression,0.07252810914151442,0.5187073065124433,True,stable_wrong,0.020608827571246546,0.4659806736970172,True,regression,0.07252810914151442
annual_head_weighted_slopes,learned_vol_interaction,2022-12-31,2023-08-04,3041,nonnegative_low,2023,0.5252290768976929,0,0.4862940553693331,True,regression,0.03938367493125064,0.5060958630180784,True,stable_wrong,0.019732560654789066,0.4862940553693331,True,regression,0.03938367493125064
annual_head_weighted_slopes,learned_vol_interaction,2022-12-31,2023-08-11,3046,negative_low,2023,0.5905370433485845,0,0.5785115102775871,True,stable_wrong,0.014058432043233204,0.5753654688810605,True,stable_wrong,0.01768857678616531,0.5785115102775871,True,stable_wrong,0.014058432043233204
annual_head_weighted_slopes,learned_vol_interaction,2022-12-31,2023-08-18,3051,negative_high,2023,0.49823221617258656,1,0.5027752210494784,True,regression,0.004538428084678886,0.4786629100426492,True,stable_wrong,-0.020021452478124924,0.5027752210494784,True,regression,0.004538428084678886
annual_head_weighted_slopes,learned_vol_interaction,2022-12-31,2023-08-25,3056,negative_low,2023,0.32847211042007124,0,0.3859766144768532,True,stable_correct,-0.04108401959919791,0.3108184023294556,True,stable_correct,0.011285848097180126,0.3859766144768532,True,stable_correct,-0.04108401959919791
annual_head_weighted_slopes,learned_vol_interaction,2022-12-31,2023-09-01,3061,nonnegative_low,2023,0.39501452172241996,0,0.39839543354767315,True,stable_correct,-0.0026824491000462802,0.37819620060707454,True,stable_correct,0.013004106217965605,0.39839543354767315,True,stable_correct,-0.0026824491000462802
annual_head_weighted_slopes,learned_vol_interaction,2022-12-31,2023-09-08,3066,negative_low,2023,0.5183643676074924,0,0.5692443914759401,True,stable_wrong,-0.055337559621697785,0.4981122858824509,True,regression,0.020585768258075038,0.5692443914759401,True,stable_wrong,-0.055337559621697785
annual_head_weighted_slopes,learned_vol_interaction,2022-12-31,2023-09-15,3071,negative_low,2023,0.6115678382216533,1,0.6112064611357836,True,stable_correct,-0.0002808715587612476,0.5938417178342308,True,stable_correct,-0.014085005868048894,0.6112064611357836,True,stable_correct,-0.0002808715587612476
annual_head_weighted_slopes,learned_vol_interaction,2022-12-31,2023-09-22,3076,negative_low,2023,0.387621910135872,0,0.423708555100824,True,stable_correct,-0.029278194448246003,0.36946899209390444,True,stable_correct,0.01374340909849639,0.423708555100824,True,stable_correct,-0.029278194448246003
annual_head_weighted_slopes,learned_vol_interaction,2022-12-31,2023-10-13,3085,negative_low,2023,0.37465379470602894,0,0.3770637255167195,True,stable_correct,-0.0018115872129207122,0.35584288181410123,True,stable_correct,0.013741309349862868,0.35071373249571963,True,stable_correct,0.017365343726548077
annual_head_weighted_slopes,learned_vol_interaction,2022-12-31,2023-10-20,3090,negative_low,2023,0.4330434212379671,1,0.43396193370793035,True,stable_wrong,0.001040669709883868,0.41323463901203467,True,stable_wrong,-0.022853826653787934,0.4062218834863162,True,stable_wrong,-0.03113268944898845
annual_head_weighted_slopes,learned_vol_interaction,2022-12-31,2023-10-27,3095,negative_low,2023,0.6693880047576162,1,0.6465654085863025,True,stable_correct,-0.015611719009617261,0.6531678954008623,True,stable_correct,-0.01098821738251718,0.623205534037317,True,stable_correct,-0.03266977818195342
annual_head_weighted_slopes,learned_vol_interaction,2022-12-31,2023-11-03,3100,negative_low,2023,0.5251091383232823,0,0.5315584625413569,True,stable_wrong,-0.006814791948710985,0.5062741577770077,True,stable_wrong,0.01942608431780163,0.5052577592193656,True,stable_wrong,0.020454203899245682
annual_head_weighted_slopes,learned_vol_interaction,2022-12-31,2023-11-10,3105,negative_low,2023,0.3871704707075647,0,0.3826388105382379,True,stable_correct,0.0034885140577997076,0.3683024976682722,True,stable_correct,0.014254243599229555,0.35670203529829997,True,stable_correct,0.02266463140196759
annual_head_weighted_slopes,learned_vol_interaction,2022-12-31,2023-11-17,3110,negative_low,2023,0.36668994512100256,0,0.3987881336286834,True,stable_correct,-0.024570459670204825,0.3489180682555833,True,stable_correct,0.01271769749763596,0.3740862221357546,True,stable_correct,-0.005478985738957276
annual_head_weighted_slopes,learned_vol_interaction,2022-12-31,2023-11-24,3115,negative_low,2023,0.5382894420553356,0,0.562778735200895,True,stable_wrong,-0.026964381366074708,0.5182737912662642,True,stable_wrong,0.02114780071473732,0.5347616936779956,True,stable_wrong,0.0037854544028860238
annual_head_weighted_slopes,learned_vol_interaction,2022-12-31,2023-12-01,3120,negative_low,2023,0.49882387832385655,0,0.5045700191263504,True,recovery,-0.005765642615111949,0.4800524838884355,True,stable_correct,0.018374874298596994,0.47845958038105474,True,stable_correct,0.019901691527638654
annual_head_weighted_slopes,learned_vol_interaction,2022-12-31,2023-12-08,3125,negative_low,2023,0.531695476409609,0,0.5387147930173727,True,stable_wrong,-0.007513548581309593,0.5129575622178676,True,stable_wrong,0.019574618997943605,0.5123613208798113,True,stable_wrong,0.020185956500736124
annual_head_weighted_slopes,learned_vol_interaction,2022-12-31,2023-12-15,3130,negative_low,2023,0.4740182251599057,1,0.4859739920213066,True,stable_wrong,0.012434090585423996,0.4540626754755667,True,stable_wrong,-0.021390734844960624,0.45759276099399865,True,stable_wrong,-0.017548785462177696
annual_head_weighted_slopes,learned_vol_interaction,2022-12-31,2023-12-22,3135,negative_low,2023,0.3846677912387195,1,0.3783184069501837,True,stable_wrong,-0.007854275997921378,0.36622940513115765,True,stable_wrong,-0.02303143978137029,0.3527705700358576,True,stable_wrong,-0.040272207872672605
annual_head_weighted_slopes,learned_vol_interaction,2022-12-31,2023-12-29,3140,negative_low,2023,0.46695203340184666,0,0.4715354195364259,True,stable_correct,-0.0043014503792738745,0.44890629889768946,True,stable_correct,0.016527336308097607,0.44564809214762796,True,stable_correct,0.01944197946329862
annual_head_weighted_intercept,learned_order_extension,2022-12-31,2023-01-06,2902,nonnegative_low,2023,0.32833056519038745,1,0.3458496818537293,True,stable_wrong,0.023227190926597308,0.33606857328681033,True,stable_wrong,0.010334890280052855,0.3458496818537293,True,stable_wrong,0.023227190926597308
annual_head_weighted_intercept,learned_order_extension,2022-12-31,2023-01-13,2907,nonnegative_low,2023,0.35047281173965356,1,0.3682964160005353,True,stable_wrong,0.022836150251622722,0.3460798259946843,True,stable_wrong,-0.0057260256817510125,0.3682964160005353,True,stable_wrong,0.022836150251622722
annual_head_weighted_intercept,learned_order_extension,2022-12-31,2023-01-20,2912,nonnegative_low,2023,0.5237839496364346,0,0.5424229883827388,True,stable_wrong,-0.019873072429317795,0.5309735353898336,True,stable_wrong,-0.007583269387635816,0.5424229883827388,True,stable_wrong,-0.019873072429317795
annual_head_weighted_intercept,learned_order_extension,2022-12-31,2023-02-03,2917,nonnegative_low,2023,0.5594696826083663,0,0.5780558286943386,True,stable_wrong,-0.02114221532959243,0.5469838457918398,True,stable_wrong,0.013814998200674944,0.5780558286943386,True,stable_wrong,-0.02114221532959243
annual_head_weighted_intercept,learned_order_extension,2022-12-31,2023-02-10,2922,nonnegative_low,2023,0.3071862901392681,0,0.32413105500490813,True,stable_correct,-0.01069752396906816,0.2573846329203174,True,stable_correct,0.02811656758600009,0.32413105500490813,True,stable_correct,-0.01069752396906816
annual_head_weighted_intercept,learned_order_extension,2022-12-31,2023-02-17,2927,nonnegative_low,2023,0.387967711735651,1,0.4068101741818125,True,stable_wrong,0.02270935242388339,0.3884553324208612,True,stable_wrong,0.0005966414336158188,0.4068101741818125,True,stable_wrong,0.02270935242388339
annual_head_weighted_intercept,learned_order_extension,2022-12-31,2023-02-24,2932,nonnegative_low,2023,0.6430973604794391,1,0.660956743155119,True,stable_correct,0.01242916408475947,0.5925169030062865,True,stable_correct,-0.038662980238844735,0.660956743155119,True,stable_correct,0.01242916408475947
annual_head_weighted_intercept,learned_order_extension,2022-12-31,2023-03-03,2937,nonnegative_low,2023,0.6731607517642808,0,0.6897004133406911,True,stable_wrong,-0.02254126244646848,0.6528036775109433,True,stable_wrong,0.02699275634404008,0.6897004133406911,True,stable_wrong,-0.02254126244646848
annual_head_weighted_intercept,learned_order_extension,2022-12-31,2023-03-10,2942,nonnegative_low,2023,0.5248856196959165,1,0.5442011327950121,True,stable_correct,0.017981067026383135,0.49113155183091545,True,recovery,-0.03321342317027906,0.5442011327950121,True,stable_correct,0.017981067026383135
annual_head_weighted_intercept,learned_order_extension,2022-12-31,2023-03-17,2947,nonnegative_low,2023,0.38126667662318897,1,0.39994078311563624,True,stable_wrong,0.022759861689037653,0.39317204651600984,True,stable_wrong,0.014590760327345687,0.39994078311563624,True,stable_wrong,0.022759861689037653
annual_head_weighted_intercept,learned_order_extension,2022-12-31,2023-03-24,2952,nonnegative_low,2023,0.4406145463163241,1,0.4596548596580485,True,stable_wrong,0.020939215101728748,0.4574719590020759,True,stable_wrong,0.018575410523846814,0.4596548596580485,True,stable_wrong,0.020939215101728748
annual_head_weighted_intercept,learned_order_extension,2022-12-31,2023-03-31,2957,nonnegative_low,2023,0.48655266656756607,1,0.5056981834208608,True,regression,0.019293878335439968,0.49194023058210035,True,stable_wrong,0.005503434907907556,0.5056981834208608,True,regression,0.019293878335439968
annual_head_weighted_intercept,learned_order_extension,2022-12-31,2023-04-07,2961,nonnegative_low,2023,0.5550354786199213,0,0.5742237028415141,True,stable_wrong,-0.02166847837817437,0.5198247968754219,True,stable_wrong,0.037846563080271456,0.5742237028415141,True,stable_wrong,-0.02166847837817437
annual_head_weighted_intercept,learned_order_extension,2022-12-31,2023-04-14,2966,nonnegative_low,2023,0.3840524302997094,0,0.402494994833803,True,stable_correct,-0.014505951647149962,0.32309728861628934,True,stable_correct,0.04310441130791538,0.402494994833803,True,stable_correct,-0.014505951647149962
annual_head_weighted_intercept,learned_order_extension,2022-12-31,2023-04-21,2971,negative_low,2023,0.4084215005084106,0,0.4273134740314348,True,stable_correct,-0.01578868301127212,0.3630622075549111,True,stable_correct,0.034993955522896275,0.4273134740314348,True,stable_correct,-0.01578868301127212
annual_head_weighted_intercept,learned_order_extension,2022-12-31,2023-04-28,2976,negative_low,2023,0.39597746541442663,1,0.4147946172348995,True,stable_wrong,0.02237788226993248,0.3929485210341445,True,stable_wrong,-0.003668275827452161,0.4147946172348995,True,stable_wrong,0.02237788226993248
annual_head_weighted_intercept,learned_order_extension,2022-12-31,2023-05-05,2978,negative_low,2023,0.3784297992005536,0,0.39701756688936746,True,stable_correct,-0.01441383549578204,0.3816658801677398,True,stable_correct,-0.0024597311612441775,0.39701756688936746,True,stable_correct,-0.01441383549578204
annual_head_weighted_intercept,learned_order_extension,2022-12-31,2023-05-12,2983,negative_low,2023,0.43625598179279296,1,0.4555111758442167,True,stable_wrong,0.02133923843386043,0.38773735502032447,True,stable_wrong,-0.05705822837310032,0.4555111758442167,True,stable_wrong,0.02133923843386043
annual_head_weighted_intercept,learned_order_extension,2022-12-31,2023-05-19,2988,negative_low,2023,0.5919110595575335,0,0.6102655725308835,True,stable_wrong,-0.022065366589925084,0.5151083123140292,True,stable_wrong,0.08502212901151457,0.6102655725308835,True,stable_wrong,-0.022065366589925084
annual_head_weighted_intercept,learned_order_extension,2022-12-31,2023-05-26,2993,negative_low,2023,0.48480380410569796,0,0.5044890411259292,True,recovery,-0.019474464140803505,0.4495469379894817,True,stable_correct,0.03294227901963703,0.5044890411259292,True,recovery,-0.019474464140803505
annual_head_weighted_intercept,learned_order_extension,2022-12-31,2023-06-02,2998,negative_low,2023,0.4253853803740044,0,0.44469150203545516,True,stable_correct,-0.0167978101466128,0.3747277209816451,True,stable_correct,0.040531856963838764,0.44469150203545516,True,stable_correct,-0.0167978101466128
annual_head_weighted_intercept,learned_order_extension,2022-12-31,2023-06-09,3003,negative_low,2023,0.40867141049755334,1,0.4277025873699476,True,stable_wrong,0.022145172259900647,0.3627262953723998,True,stable_wrong,-0.056448273846832764,0.4277025873699476,True,stable_wrong,0.022145172259900647
annual_head_weighted_intercept,learned_order_extension,2022-12-31,2023-06-16,3008,nonnegative_low,2023,0.4123207971928162,0,0.4315162363504854,True,stable_correct,-0.016197822436368498,0.429908999895801,True,stable_correct,-0.01481330839368833,0.4315162363504854,True,stable_correct,-0.016197822436368498
annual_head_weighted_intercept,learned_order_extension,2022-12-31,2023-06-30,3016,negative_low,2023,0.48413074432542585,0,0.5036366491083575,True,recovery,-0.01926729672400393,0.43627452607371064,True,stable_correct,0.044047115500250034,0.5036366491083575,True,recovery,-0.01926729672400393
annual_head_weighted_intercept,learned_order_extension,2022-12-31,2023-07-07,3021,negative_low,2023,0.4559752058393502,1,0.47537052027496984,True,stable_wrong,0.020726885664981487,0.4559512152363448,True,stable_wrong,-2.6103541272748387e-05,0.47537052027496984,True,stable_wrong,0.020726885664981487
annual_head_weighted_intercept,learned_order_extension,2022-12-31,2023-07-14,3026,negative_low,2023,0.5236603765652154,0,0.5426466127405566,True,stable_wrong,-0.020245156334376457,0.5336806193997232,True,stable_wrong,-0.0105948135384491,0.5426466127405566,True,stable_wrong,-0.020245156334376457
annual_head_weighted_intercept,learned_order_extension,2022-12-31,2023-07-21,3031,negative_low,2023,0.41069843620047664,1,0.4287429476237537,True,stable_wrong,0.02094171320696625,0.4271989410258223,True,stable_wrong,0.019175279934624367,0.4287429476237537,True,stable_wrong,0.02094171320696625
annual_head_weighted_intercept,learned_order_extension,2022-12-31,2023-07-28,3036,negative_low,2023,0.43985549876771163,0,0.45914274944616124,True,stable_correct,-0.017339204572788036,0.514577166246087,True,recovery,-0.07131680022566064,0.45914274944616124,True,stable_correct,-0.017339204572788036
annual_head_weighted_intercept,learned_order_extension,2022-12-31,2023-08-04,3041,nonnegative_low,2023,0.4572898028792289,0,0.47569641344031427,True,stable_correct,-0.017173113942654417,0.487572121286417,True,stable_correct,-0.028612609638412556,0.47569641344031427,True,stable_correct,-0.017173113942654417
annual_head_weighted_intercept,learned_order_extension,2022-12-31,2023-08-11,3046,negative_low,2023,0.5445939849190599,0,0.5609858570802022,True,stable_wrong,-0.018122523433987847,0.5422257006988257,True,stable_wrong,0.002573897911688716,0.5609858570802022,True,stable_wrong,-0.018122523433987847
annual_head_weighted_intercept,learned_order_extension,2022-12-31,2023-08-18,3051,negative_high,2023,0.47289878718493084,1,0.49226363678885127,True,stable_wrong,0.02003947402423334,0.47609938277614056,True,stable_wrong,0.0033638318235760245,0.49226363678885127,True,stable_wrong,0.02003947402423334
annual_head_weighted_intercept,learned_order_extension,2022-12-31,2023-08-25,3056,negative_low,2023,0.38481872493760055,0,0.4031010842075402,True,stable_correct,-0.014405033026693742,0.3264891831842041,True,stable_correct,0.04149026432631189,0.4031010842075402,True,stable_correct,-0.014405033026693742
annual_head_weighted_intercept,learned_order_extension,2022-12-31,2023-09-01,3061,nonnegative_low,2023,0.389713466631814,0,0.40738866786287903,True,stable_correct,-0.014088940628905172,0.3973624663173731,True,stable_correct,-0.00602034356363948,0.40738866786287903,True,stable_correct,-0.014088940628905172
annual_head_weighted_intercept,learned_order_extension,2022-12-31,2023-09-08,3066,negative_low,2023,0.5319753624997536,0,0.551353742117854,True,stable_wrong,-0.020993162640616847,0.47606910403779384,True,regression,0.056355994487396505,0.551353742117854,True,stable_wrong,-0.020993162640616847
annual_head_weighted_intercept,learned_order_extension,2022-12-31,2023-09-15,3071,negative_low,2023,0.591837389907062,1,0.6090903750713977,True,stable_correct,0.013786381416059201,0.592299679238737,True,stable_correct,0.0003771647290430058,0.6090903750713977,True,stable_correct,0.013786381416059201
annual_head_weighted_intercept,learned_order_extension,2022-12-31,2023-09-22,3076,negative_low,2023,0.42138299851278943,0,0.4399719673326727,True,stable_correct,-0.0160117006029529,0.3832175678784897,True,stable_correct,0.03070792710492465,0.4399719673326727,True,stable_correct,-0.0160117006029529
annual_head_weighted_intercept,learned_order_extension,2022-12-31,2023-10-13,3085,negative_low,2023,0.3555314926468671,0,0.3736233822756898,True,stable_correct,-0.013191789519416908,0.3582870083552346,True,stable_correct,-0.001966938092434589,0.34743475905129023,True,stable_correct,0.005691730466681241
annual_head_weighted_intercept,learned_order_extension,2022-12-31,2023-10-20,3090,negative_low,2023,0.4197255809714267,1,0.4389040019696182,True,stable_wrong,0.02188968237323813,0.42168752629938006,True,stable_wrong,0.002273084141218018,0.4111549790195001,True,stable_wrong,-0.010020057354577006
annual_head_weighted_intercept,learned_order_extension,2022-12-31,2023-10-27,3095,negative_low,2023,0.6089199842485294,1,0.6261504556006702,True,stable_correct,0.013180096872583952,0.6284398831013998,True,stable_correct,0.014886658250468976,0.6014597001563936,True,stable_correct,-0.0058907918792612535
annual_head_weighted_intercept,learned_order_extension,2022-12-31,2023-11-03,3100,negative_low,2023,0.5225569796531504,0,0.541141751727605,True,stable_wrong,-0.019768598478597854,0.5246492666056249,True,stable_wrong,-0.002191055965597044,0.514206543892172,True,stable_wrong,0.00865742720269086
annual_head_weighted_intercept,learned_order_extension,2022-12-31,2023-11-10,3105,negative_low,2023,0.37688884758443414,0,0.39532227945753456,True,stable_correct,-0.014234501201978222,0.3892041020883406,True,stable_correct,-0.009434629648868625,0.3688206855819666,True,stable_correct,0.006016505320370957
annual_head_weighted_intercept,learned_order_extension,2022-12-31,2023-11-17,3110,negative_low,2023,0.40088971218144936,0,0.4190423782812694,True,stable_correct,-0.014883953462697164,0.38047693001500055,True,stable_correct,0.015949867059285666,0.3931225524923621,True,stable_correct,0.006167220054815292
annual_head_weighted_intercept,learned_order_extension,2022-12-31,2023-11-24,3115,negative_low,2023,0.5276719562920554,0,0.5471176499125617,True,stable_wrong,-0.020900029388759622,0.4982613897355989,True,regression,0.030173280955834464,0.5188788209400479,True,stable_wrong,0.00920246263695057
annual_head_weighted_intercept,learned_order_extension,2022-12-31,2023-12-01,3120,negative_low,2023,0.4927110582136515,0,0.5113262892621084,True,recovery,-0.01869038720454108,0.4978465192968206,True,stable_correct,-0.005086969889943255,0.484440540200388,True,stable_correct,0.008081549896372553
annual_head_weighted_intercept,learned_order_extension,2022-12-31,2023-12-08,3125,negative_low,2023,0.524142544993866,0,0.5423391146464229,True,stable_wrong,-0.01940630780281899,0.5209822551023834,True,stable_wrong,0.003302897341082023,0.5158977125046685,True,stable_wrong,0.008574957705097253
annual_head_weighted_intercept,learned_order_extension,2022-12-31,2023-12-15,3130,negative_low,2023,0.4733184996182474,1,0.49297399221381855,True,stable_wrong,0.020318030272781173,0.46770471115638346,True,stable_wrong,-0.005944871680735042,0.46450712034076824,True,stable_wrong,-0.009359221321362354
annual_head_weighted_intercept,learned_order_extension,2022-12-31,2023-12-22,3135,negative_low,2023,0.37357802379902205,1,0.39175018262873756,True,stable_wrong,0.022436651935364427,0.389155883308084,True,stable_wrong,0.019273957370411432,0.3655653913175944,True,stable_wrong,-0.010102780426458458
annual_head_weighted_intercept,learned_order_extension,2022-12-31,2023-12-29,3140,negative_low,2023,0.47091250280747143,0,0.4895851897009074,True,stable_correct,-0.017935072674076707,0.4742218936974838,True,stable_correct,-0.0031278191616308237,0.46269044502409823,True,stable_correct,0.007676137383798742
annual_head_weighted_slopes,learned_order_extension,2022-12-31,2023-01-06,2902,nonnegative_low,2023,0.35375278136229144,1,0.3458496818537293,True,stable_wrong,-0.010277171133892815,0.33606857328681033,True,stable_wrong,-0.023169471780437267,0.3458496818537293,True,stable_wrong,-0.010277171133892815
annual_head_weighted_slopes,learned_order_extension,2022-12-31,2023-01-13,2907,nonnegative_low,2023,0.36392699764781605,1,0.3682964160005353,True,stable_wrong,0.005539446283552629,0.3460798259946843,True,stable_wrong,-0.023022729649821105,0.3682964160005353,True,stable_wrong,0.005539446283552629
annual_head_weighted_slopes,learned_order_extension,2022-12-31,2023-01-20,2912,nonnegative_low,2023,0.5495569256144273,0,0.5424229883827388,True,stable_wrong,0.0077901161647203065,0.5309735353898336,True,stable_wrong,0.020079919206402286,0.5424229883827388,True,stable_wrong,0.0077901161647203065
annual_head_weighted_slopes,learned_order_extension,2022-12-31,2023-02-03,2917,nonnegative_low,2023,0.5652109219638689,0,0.5780558286943386,True,stable_wrong,-0.014685154780251841,0.5469838457918398,True,stable_wrong,0.02027205875001553,0.5780558286943386,True,stable_wrong,-0.014685154780251841
annual_head_weighted_slopes,learned_order_extension,2022-12-31,2023-02-10,2922,nonnegative_low,2023,0.2726587857778325,0,0.32413105500490813,True,stable_correct,-0.030718127356752833,0.2573846329203174,True,stable_correct,0.008095964198315417,0.32413105500490813,True,stable_correct,-0.030718127356752833
annual_head_weighted_slopes,learned_order_extension,2022-12-31,2023-02-17,2927,nonnegative_low,2023,0.40726697830610387,1,0.4068101741818125,True,stable_wrong,-0.0005417344478349517,0.3884553324208612,True,stable_wrong,-0.022654445438102522,0.4068101741818125,True,stable_wrong,-0.0005417344478349517
annual_head_weighted_slopes,learned_order_extension,2022-12-31,2023-02-24,2932,nonnegative_low,2023,0.611304702763657,1,0.660956743155119,True,stable_correct,0.03613370408166508,0.5925169030062865,True,stable_correct,-0.014958440241939125,0.660956743155119,True,stable_correct,0.03613370408166508
annual_head_weighted_slopes,learned_order_extension,2022-12-31,2023-03-03,2937,nonnegative_low,2023,0.6699203089709317,0,0.6897004133406911,True,stable_wrong,-0.02689343979061154,0.6528036775109433,True,stable_wrong,0.02264057899989702,0.6897004133406911,True,stable_wrong,-0.02689343979061154
annual_head_weighted_slopes,learned_order_extension,2022-12-31,2023-03-10,2942,nonnegative_low,2023,0.5101613327413781,1,0.5442011327950121,True,stable_correct,0.03218931259635277,0.49113155183091545,True,recovery,-0.019005177600309425,0.5442011327950121,True,stable_correct,0.03218931259635277
annual_head_weighted_slopes,learned_order_extension,2022-12-31,2023-03-17,2947,nonnegative_low,2023,0.4120382635921049,1,0.39994078311563624,True,stable_wrong,-0.014372060288088795,0.39317204651600984,True,stable_wrong,-0.02254116164978076,0.39994078311563624,True,stable_wrong,-0.014372060288088795
annual_head_weighted_slopes,learned_order_extension,2022-12-31,2023-03-24,2952,nonnegative_low,2023,0.476781344167404,1,0.4596548596580485,True,stable_wrong,-0.018215108879894748,0.4574719590020759,True,stable_wrong,-0.020578913457776682,0.4596548596580485,True,stable_wrong,-0.018215108879894748
annual_head_weighted_slopes,learned_order_extension,2022-12-31,2023-03-31,2957,nonnegative_low,2023,0.511002522356588,1,0.5056981834208608,True,stable_correct,-0.005215752731817791,0.49194023058210035,True,recovery,-0.019006196159350203,0.5056981834208608,True,stable_correct,-0.005215752731817791
annual_head_weighted_slopes,learned_order_extension,2022-12-31,2023-04-07,2961,nonnegative_low,2023,0.5394125119420359,0,0.5742237028415141,True,stable_wrong,-0.03876700286540252,0.5198247968754219,True,stable_wrong,0.020748038593043305,0.5742237028415141,True,stable_wrong,-0.03876700286540252
annual_head_weighted_slopes,learned_order_extension,2022-12-31,2023-04-14,2966,nonnegative_low,2023,0.34030689908478234,0,0.402494994833803,True,stable_correct,-0.04619343530156289,0.32309728861628934,True,stable_correct,0.011416927653502454,0.402494994833803,True,stable_correct,-0.04619343530156289
annual_head_weighted_slopes,learned_order_extension,2022-12-31,2023-04-21,2971,negative_low,2023,0.3813390861785499,0,0.4273134740314348,True,stable_correct,-0.03717730644132222,0.3630622075549111,True,stable_correct,0.013605332092846173,0.4273134740314348,True,stable_correct,-0.03717730644132222
annual_head_weighted_slopes,learned_order_extension,2022-12-31,2023-04-28,2976,negative_low,2023,0.41172048456557303,1,0.4147946172348995,True,stable_wrong,0.003607448262516355,0.3929485210341445,True,stable_wrong,-0.022438709834868287,0.4147946172348995,True,stable_wrong,0.003607448262516355
annual_head_weighted_slopes,learned_order_extension,2022-12-31,2023-05-05,2978,negative_low,2023,0.40036872201965895,0,0.39701756688936746,True,stable_correct,0.0026721651529015844,0.3816658801677398,True,stable_correct,0.014626269487439447,0.39701756688936746,True,stable_correct,0.0026721651529015844
annual_head_weighted_slopes,learned_order_extension,2022-12-31,2023-05-12,2983,negative_low,2023,0.40623272859764903,1,0.4555111758442167,True,stable_wrong,0.05609149295804566,0.38773735502032447,True,stable_wrong,-0.022305973848915084,0.4555111758442167,True,stable_wrong,0.05609149295804566
annual_head_weighted_slopes,learned_order_extension,2022-12-31,2023-05-19,2988,negative_low,2023,0.534362106273535,0,0.6102655725308835,True,stable_wrong,-0.0868812083953584,0.5151083123140292,True,stable_wrong,0.020206287206081253,0.6102655725308835,True,stable_wrong,-0.0868812083953584
annual_head_weighted_slopes,learned_order_extension,2022-12-31,2023-05-26,2993,negative_low,2023,0.46908342044670975,0,0.5044890411259292,True,recovery,-0.03446993727817477,0.4495469379894817,True,stable_correct,0.01794680588226577,0.5044890411259292,True,recovery,-0.03446993727817477
annual_head_weighted_slopes,learned_order_extension,2022-12-31,2023-06-02,2998,negative_low,2023,0.39331624516398733,0,0.44469150203545516,True,stable_correct,-0.043052863272651426,0.3747277209816451,True,stable_correct,0.01427680383780014,0.44469150203545516,True,stable_correct,-0.043052863272651426
annual_head_weighted_slopes,learned_order_extension,2022-12-31,2023-06-09,3003,negative_low,2023,0.38101863283916604,1,0.4277025873699476,True,stable_wrong,0.05561360438924268,0.3627262953723998,True,stable_wrong,-0.022979841717490734,0.4277025873699476,True,stable_wrong,0.05561360438924268
annual_head_weighted_slopes,learned_order_extension,2022-12-31,2023-06-16,3008,nonnegative_low,2023,0.44921803411600053,0,0.4315162363504854,True,stable_correct,0.015590579940956223,0.429908999895801,True,stable_correct,0.01697509398363639,0.4315162363504854,True,stable_correct,0.015590579940956223
annual_head_weighted_slopes,learned_order_extension,2022-12-31,2023-06-30,3016,negative_low,2023,0.4546913025146669,0,0.5036366491083575,True,recovery,-0.04690569374261047,0.43627452607371064,True,stable_correct,0.01640871848164349,0.5036366491083575,True,recovery,-0.04690569374261047
annual_head_weighted_slopes,learned_order_extension,2022-12-31,2023-07-07,3021,negative_low,2023,0.47528769879543126,1,0.47537052027496984,True,stable_wrong,8.690803883820708e-05,0.4559512152363448,True,stable_wrong,-0.02066608116741603,0.47537052027496984,True,stable_wrong,8.690803883820708e-05
annual_head_weighted_slopes,learned_order_extension,2022-12-31,2023-07-14,3026,negative_low,2023,0.5524374606984591,0,0.5426466127405566,True,stable_wrong,0.010721801664161923,0.5336806193997232,True,stable_wrong,0.02037214446008928,0.5426466127405566,True,stable_wrong,0.010721801664161923
annual_head_weighted_slopes,learned_order_extension,2022-12-31,2023-07-21,3031,negative_low,2023,0.4455961159129649,1,0.4287429476237537,True,stable_wrong,-0.01897095319880676,0.4271989410258223,True,stable_wrong,-0.020737386471148644,0.4287429476237537,True,stable_wrong,-0.01897095319880676
annual_head_weighted_slopes,learned_order_extension,2022-12-31,2023-07-28,3036,negative_low,2023,0.5336378821520499,0,0.45914274944616124,True,regression,0.07395732489874471,0.514577166246087,True,stable_wrong,0.019979729245872102,0.45914274944616124,True,regression,0.07395732489874471
annual_head_weighted_slopes,learned_order_extension,2022-12-31,2023-08-04,3041,nonnegative_low,2023,0.5068045081928662,0,0.47569641344031427,True,regression,0.030563731764634505,0.487572121286417,True,regression,0.019124236068876366,0.47569641344031427,True,regression,0.030563731764634505
annual_head_weighted_slopes,learned_order_extension,2022-12-31,2023-08-11,3046,negative_low,2023,0.5587838866759582,0,0.5609858570802022,True,stable_wrong,-0.002465699835318913,0.5422257006988257,True,stable_wrong,0.01823072151035765,0.5609858570802022,True,stable_wrong,-0.002465699835318913
annual_head_weighted_slopes,learned_order_extension,2022-12-31,2023-08-18,3051,negative_high,2023,0.49523559723226906,1,0.49226363678885127,True,stable_wrong,-0.003009112225419386,0.47609938277614056,True,stable_wrong,-0.0196847544260767,0.49226363678885127,True,stable_wrong,-0.003009112225419386
annual_head_weighted_slopes,learned_order_extension,2022-12-31,2023-08-25,3056,negative_low,2023,0.34405828677678674,0,0.4031010842075402,True,stable_correct,-0.0441143793895168,0.3264891831842041,True,stable_correct,0.011780917963488832,0.4031010842075402,True,stable_correct,-0.0441143793895168
annual_head_weighted_slopes,learned_order_extension,2022-12-31,2023-09-01,3061,nonnegative_low,2023,0.4148477904012337,0,0.40738866786287903,True,stable_correct,0.006133162497694772,0.3973624663173731,True,stable_correct,0.014201759562960464,0.40738866786287903,True,stable_correct,0.006133162497694772
annual_head_weighted_slopes,learned_order_extension,2022-12-31,2023-09-08,3066,negative_low,2023,0.4955720311922487,0,0.551353742117854,True,recovery,-0.058399310847350006,0.47606910403779384,True,stable_correct,0.018949846280663346,0.551353742117854,True,recovery,-0.058399310847350006
annual_head_weighted_slopes,learned_order_extension,2022-12-31,2023-09-15,3071,negative_low,2023,0.6095622745559325,1,0.6090903750713977,True,stable_correct,-0.00036871741188343465,0.592299679238737,True,stable_correct,-0.01377793409889963,0.6090903750713977,True,stable_correct,-0.00036871741188343465
annual_head_weighted_slopes,learned_order_extension,2022-12-31,2023-09-22,3076,negative_low,2023,0.40119606078189723,0,0.4399719673326727,True,stable_correct,-0.03261705285167063,0.3832175678784897,True,stable_correct,0.014102574856206918,0.4399719673326727,True,stable_correct,-0.03261705285167063
annual_head_weighted_slopes,learned_order_extension,2022-12-31,2023-10-13,3085,negative_low,2023,0.37653037630434777,0,0.3736233822756898,True,stable_correct,0.0021806924967675,0.3582870083552346,True,stable_correct,0.013405543923749819,0.34743475905129023,True,stable_correct,0.02106421248286565
annual_head_weighted_slopes,learned_order_extension,2022-12-31,2023-10-20,3090,negative_low,2023,0.4409494149824531,1,0.4389040019696182,True,stable_wrong,-0.002291162397248747,0.42168752629938006,True,stable_wrong,-0.021907760629268858,0.4111549790195001,True,stable_wrong,-0.03420090212506388
annual_head_weighted_slopes,learned_order_extension,2022-12-31,2023-10-27,3095,negative_low,2023,0.64531715675306,1,0.6261504556006702,True,stable_correct,-0.013963562553853087,0.6284398831013998,True,stable_correct,-0.012257001175968063,0.6014597001563936,True,stable_correct,-0.03303445130569829
annual_head_weighted_slopes,learned_order_extension,2022-12-31,2023-11-03,3100,negative_low,2023,0.5434285169363303,0,0.541141751727605,True,stable_wrong,0.0024801575567985346,0.5246492666056249,True,stable_wrong,0.020057700069799345,0.514206543892172,True,stable_wrong,0.030906183238087248
annual_head_weighted_slopes,learned_order_extension,2022-12-31,2023-11-10,3105,negative_low,2023,0.40793747259258345,0,0.39532227945753456,True,stable_correct,0.01013327690972371,0.3892041020883406,True,stable_correct,0.014933148462833307,0.3688206855819666,True,stable_correct,0.03038428343207289
annual_head_weighted_slopes,learned_order_extension,2022-12-31,2023-11-17,3110,negative_low,2023,0.3988871314575236,0,0.4190423782812694,True,stable_correct,-0.016485571153210782,0.38047693001500055,True,stable_correct,0.014348249368772048,0.3931225524923621,True,stable_correct,0.004565602364301674
annual_head_weighted_slopes,learned_order_extension,2022-12-31,2023-11-24,3115,negative_low,2023,0.5177915225874378,0,0.5471176499125617,True,stable_wrong,-0.03122966198242738,0.4982613897355989,True,regression,0.019843648362166705,0.5188788209400479,True,stable_wrong,-0.001127169956717189
annual_head_weighted_slopes,learned_order_extension,2022-12-31,2023-12-01,3120,negative_low,2023,0.5166888875375605,0,0.5113262892621084,True,stable_wrong,0.00551283241424444,0.4978465192968206,True,regression,0.019116249728842266,0.484440540200388,True,regression,0.032284769515158074
annual_head_weighted_slopes,learned_order_extension,2022-12-31,2023-12-08,3125,negative_low,2023,0.5393187103672147,0,0.5423391146464229,True,stable_wrong,-0.0032670439233102866,0.5209822551023834,True,stable_wrong,0.019442161220590726,0.5158977125046685,True,stable_wrong,0.024714221584605955
annual_head_weighted_slopes,learned_order_extension,2022-12-31,2023-12-15,3130,negative_low,2023,0.4872231406297447,1,0.49297399221381855,True,stable_wrong,0.005864734934029614,0.46770471115638346,True,stable_wrong,-0.0203981670194866,0.46450712034076824,True,stable_wrong,-0.023812516660113914
annual_head_weighted_slopes,learned_order_extension,2022-12-31,2023-12-22,3135,negative_low,2023,0.4075861292177238,1,0.39175018262873756,True,stable_wrong,-0.019013646036934784,0.389155883308084,True,stable_wrong,-0.02217634060188778,0.3655653913175944,True,stable_wrong,-0.05155307839875767
annual_head_weighted_slopes,learned_order_extension,2022-12-31,2023-12-29,3140,negative_low,2023,0.4926506843288119,0,0.4895851897009074,True,stable_correct,0.0030110387951731987,0.4742218936974838,True,stable_correct,0.017818292307619082,0.46269044502409823,True,stable_correct,0.02862224885304865
annual_head_weighted_intercept,learned_order_offset,2022-12-31,2023-01-06,2902,nonnegative_low,2023,0.3288060368374472,1,0.3469077753738878,True,stable_wrong,0.023971882318770066,0.3296442552763941,True,stable_wrong,0.001124511701913855,0.3469077753738878,True,stable_wrong,0.023971882318770066
annual_head_weighted_intercept,learned_order_offset,2022-12-31,2023-01-13,2907,nonnegative_low,2023,0.35089497998370395,1,0.3692785318493212,True,stable_wrong,0.023527756624208362,0.34084076756168785,True,stable_wrong,-0.01315356669830886,0.3692785318493212,True,stable_wrong,0.023527756624208362
annual_head_weighted_intercept,learned_order_offset,2022-12-31,2023-01-20,2912,nonnegative_low,2023,0.5209803932554611,0,0.5402485689755402,True,stable_wrong,-0.020447946123504146,0.5365171425762202,True,stable_wrong,-0.016430074121537297,0.5402485689755402,True,stable_wrong,-0.020447946123504146
annual_head_weighted_intercept,learned_order_offset,2022-12-31,2023-02-03,2917,nonnegative_low,2023,0.5582071097657312,0,0.5774268071384834,True,stable_wrong,-0.021826540209132217,0.550633268139736,True,stable_wrong,0.008398181410764649,0.5774268071384834,True,stable_wrong,-0.021826540209132217
annual_head_weighted_intercept,learned_order_offset,2022-12-31,2023-02-10,2922,nonnegative_low,2023,0.30799879084488063,0,0.3254711816329836,True,stable_correct,-0.01106823491166209,0.25331190211682525,True,stable_correct,0.03069633540786447,0.3254711816329836,True,stable_correct,-0.01106823491166209
annual_head_weighted_intercept,learned_order_offset,2022-12-31,2023-02-17,2927,nonnegative_low,2023,0.3880151895435919,1,0.40747368289070823,True,stable_wrong,0.023437971762264642,0.3861668125299192,True,stable_wrong,-0.0022657738103137315,0.40747368289070823,True,stable_wrong,0.023437971762264642
annual_head_weighted_intercept,learned_order_offset,2022-12-31,2023-02-24,2932,nonnegative_low,2023,0.6407136734451387,1,0.6591805526778828,True,stable_correct,0.012928768776332963,0.5985228907040551,True,stable_correct,-0.0320972048393417,0.6591805526778828,True,stable_correct,0.012928768776332963
annual_head_weighted_intercept,learned_order_offset,2022-12-31,2023-03-03,2937,nonnegative_low,2023,0.6716483450683848,0,0.6888189116853366,True,stable_wrong,-0.023359993662271483,0.6565168768528497,True,stable_wrong,0.02009708984048031,0.6888189116853366,True,stable_wrong,-0.023359993662271483
annual_head_weighted_intercept,learned_order_offset,2022-12-31,2023-03-10,2942,nonnegative_low,2023,0.5255249412486819,1,0.5454790906307813,True,stable_correct,0.01853732432324523,0.49105617472361524,True,recovery,-0.03389723590989244,0.5454790906307813,True,stable_correct,0.01853732432324523
annual_head_weighted_intercept,learned_order_offset,2022-12-31,2023-03-17,2947,nonnegative_low,2023,0.38315817478155717,1,0.40246057207355695,True,stable_wrong,0.02344046941215927,0.3864538202234032,True,stable_wrong,0.004054922620363888,0.40246057207355695,True,stable_wrong,0.02344046941215927
annual_head_weighted_intercept,learned_order_offset,2022-12-31,2023-03-24,2952,nonnegative_low,2023,0.439940698813658,1,0.4596122144152048,True,stable_wrong,0.021647462036095133,0.4559979250235336,True,stable_wrong,0.017728163266632624,0.4596122144152048,True,stable_wrong,0.021647462036095133
annual_head_weighted_intercept,learned_order_offset,2022-12-31,2023-03-31,2957,nonnegative_low,2023,0.48480860867676895,1,0.5045879253268407,True,regression,0.01998904596160267,0.493548296053846,True,stable_wrong,0.00892884126360377,0.5045879253268407,True,regression,0.01998904596160267
annual_head_weighted_intercept,learned_order_offset,2022-12-31,2023-04-07,2961,nonnegative_low,2023,0.553578838916045,0,0.5733901757096056,True,stable_wrong,-0.02232676270465589,0.523504397079007,True,stable_wrong,0.03239267713458188,0.5733901757096056,True,stable_wrong,-0.02232676270465589
annual_head_weighted_intercept,learned_order_offset,2022-12-31,2023-04-14,2966,nonnegative_low,2023,0.38437738193100096,0,0.4034316960976336,True,stable_correct,-0.015011161676082796,0.31815629975541176,True,stable_correct,0.046522540666075154,0.4034316960976336,True,stable_correct,-0.015011161676082796
annual_head_weighted_intercept,learned_order_offset,2022-12-31,2023-04-21,2971,negative_low,2023,0.4098162395477532,0,0.4293289166316662,True,stable_correct,-0.016373968459058752,0.3578500233455619,True,stable_correct,0.03989271098864228,0.4293289166316662,True,stable_correct,-0.016373968459058752
annual_head_weighted_intercept,learned_order_offset,2022-12-31,2023-04-28,2976,negative_low,2023,0.3954271326603816,1,0.4148790108996523,True,stable_wrong,0.023141780037478632,0.3881883713699739,True,stable_wrong,-0.008805117003677143,0.4148790108996523,True,stable_wrong,0.023141780037478632
annual_head_weighted_intercept,learned_order_offset,2022-12-31,2023-05-05,2978,negative_low,2023,0.37856171205860933,0,0.39774352647933675,True,stable_correct,-0.014890943019473413,0.37374298325930005,True,stable_correct,0.003625152301183987,0.39774352647933675,True,stable_correct,-0.014890943019473413
annual_head_weighted_intercept,learned_order_offset,2022-12-31,2023-05-12,2983,negative_low,2023,0.43592395602570594,1,0.45581696743000627,True,stable_wrong,0.022046610448614834,0.3844153738679464,True,stable_wrong,-0.060762648544450626,0.45581696743000627,True,stable_wrong,0.022046610448614834
annual_head_weighted_intercept,learned_order_offset,2022-12-31,2023-05-19,2988,negative_low,2023,0.5884430153419209,0,0.6074511833122611,True,stable_wrong,-0.02273175780277409,0.5198127952906456,True,stable_wrong,0.07605984015681755,0.6074511833122611,True,stable_wrong,-0.02273175780277409
annual_head_weighted_intercept,learned_order_offset,2022-12-31,2023-05-26,2993,negative_low,2023,0.48361811065473703,0,0.5039409434369796,True,recovery,-0.0200699975188956,0.4487277228127817,True,stable_correct,0.032529907732512825,0.5039409434369796,True,recovery,-0.0200699975188956
annual_head_weighted_intercept,learned_order_offset,2022-12-31,2023-06-02,2998,negative_low,2023,0.42714919364176857,0,0.44710534330239243,True,stable_correct,-0.017446754380737117,0.37605011722295284,True,stable_correct,0.04104274296541652,0.44710534330239243,True,stable_correct,-0.017446754380737117
annual_head_weighted_intercept,learned_order_offset,2022-12-31,2023-06-09,3003,negative_low,2023,0.41205475751419635,1,0.43175194207404144,True,stable_wrong,0.02277375282506683,0.3572136191142456,True,stable_wrong,-0.06749472329051565,0.43175194207404144,True,stable_wrong,0.02277375282506683
annual_head_weighted_intercept,learned_order_offset,2022-12-31,2023-06-16,3008,nonnegative_low,2023,0.41407427221603826,0,0.4339149787480813,True,stable_correct,-0.016824705870706114,0.4220598785060831,True,stable_correct,-0.006677038133327873,0.4339149787480813,True,stable_correct,-0.016824705870706114
annual_head_weighted_intercept,learned_order_offset,2022-12-31,2023-06-30,3016,negative_low,2023,0.4845222730366025,0,0.5046596570618728,True,recovery,-0.019919536397251053,0.4394489149457365,True,stable_correct,0.04164648422157083,0.5046596570618728,True,recovery,-0.019919536397251053
annual_head_weighted_intercept,learned_order_offset,2022-12-31,2023-07-07,3021,negative_low,2023,0.4565888095489566,1,0.4766170918708079,True,stable_wrong,0.021366053385649952,0.4537336019063456,True,stable_wrong,-0.003111255778794675,0.4766170918708079,True,stable_wrong,0.021366053385649952
annual_head_weighted_intercept,learned_order_offset,2022-12-31,2023-07-14,3026,negative_low,2023,0.5226320635523685,0,0.5422524542872419,True,stable_wrong,-0.020893450327530427,0.5371500774921935,True,stable_wrong,-0.015385931896862493,0.5422524542872419,True,stable_wrong,-0.020893450327530427
annual_head_weighted_intercept,learned_order_offset,2022-12-31,2023-07-21,3031,negative_low,2023,0.41211822760407196,1,0.43074922436263674,True,stable_wrong,0.021558532751637993,0.42051091058319834,True,stable_wrong,0.009797373562263734,0.43074922436263674,True,stable_wrong,0.021558532751637993
annual_head_weighted_intercept,learned_order_offset,2022-12-31,2023-07-28,3036,negative_low,2023,0.43933965283811954,0,0.45926559969722386,True,stable_correct,-0.01790556050933126,0.5115004944860156,True,recovery,-0.0686134253035191,0.45926559969722386,True,stable_correct,-0.01790556050933126
annual_head_weighted_intercept,learned_order_offset,2022-12-31,2023-08-04,3041,nonnegative_low,2023,0.4564441484702521,0,0.4754561206221502,True,stable_correct,-0.01771726196433107,0.4878562544263095,True,stable_correct,-0.029662464310134445,0.4754561206221502,True,stable_correct,-0.01771726196433107
annual_head_weighted_intercept,learned_order_offset,2022-12-31,2023-08-11,3046,negative_low,2023,0.5422281922281081,0,0.5592161563031938,True,stable_wrong,-0.01871129702355584,0.5446605835944507,True,stable_wrong,-0.0026437388744853796,0.5592161563031938,True,stable_wrong,-0.01871129702355584
annual_head_weighted_intercept,learned_order_offset,2022-12-31,2023-08-18,3051,negative_high,2023,0.4714921872198916,1,0.4914783275432652,True,stable_wrong,0.020726216811419507,0.4733171808184809,True,stable_wrong,0.0019257161486213037,0.4914783275432652,True,stable_wrong,0.020726216811419507
annual_head_weighted_intercept,learned_order_offset,2022-12-31,2023-08-25,3056,negative_low,2023,0.3846162067713404,0,0.4034958189851272,True,stable_correct,-0.014879249427304064,0.3231966667783018,True,stable_correct,0.04347354109456984,0.4034958189851272,True,stable_correct,-0.014879249427304064
annual_head_weighted_intercept,learned_order_offset,2022-12-31,2023-09-01,3061,nonnegative_low,2023,0.39014634882471083,0,0.40834264309640705,True,stable_correct,-0.014529540669706742,0.39322544154471345,True,stable_correct,-0.0024120743767819253,0.40834264309640705,True,stable_correct,-0.014529540669706742
annual_head_weighted_intercept,learned_order_offset,2022-12-31,2023-09-08,3066,negative_low,2023,0.5308166013123939,0,0.5508285496505954,True,stable_wrong,-0.021645826881337427,0.47895792041421564,True,regression,0.05236557470133085,0.5508285496505954,True,stable_wrong,-0.021645826881337427
annual_head_weighted_intercept,learned_order_offset,2022-12-31,2023-09-15,3071,negative_low,2023,0.5919027108986098,1,0.609778621440407,True,stable_correct,0.014270673086954427,0.593923843995808,True,stable_correct,0.0016455528967627697,0.609778621440407,True,stable_correct,0.014270673086954427
annual_head_weighted_intercept,learned_order_offset,2022-12-31,2023-09-22,3076,negative_low,2023,0.4216178726309181,0,0.4408345486757846,True,stable_correct,-0.01657346878436161,0.382403160284047,True,stable_correct,0.03152945352659456,0.4408345486757846,True,stable_correct,-0.01657346878436161
annual_head_weighted_intercept,learned_order_offset,2022-12-31,2023-10-13,3085,negative_low,2023,0.35602260026159716,0,0.37473288846533626,True,stable_correct,-0.013672645800545141,0.3550166741481024,True,stable_correct,0.0007152529738490843,0.34850546994315357,True,stable_correct,0.005296029316730677
annual_head_weighted_intercept,learned_order_offset,2022-12-31,2023-10-20,3090,negative_low,2023,0.4205322501675491,1,0.440352501032015,True,stable_wrong,0.022577549994763302,0.4191463494678234,True,stable_wrong,-0.0016080902406719888,0.41256683705816943,True,stable_wrong,-0.009294847827959252
annual_head_weighted_intercept,learned_order_offset,2022-12-31,2023-10-27,3095,negative_low,2023,0.606889577161975,1,0.6246371822607694,True,stable_correct,0.013638559602755923,0.6329171587461555,True,stable_correct,0.019785992200895608,0.5998395401084656,True,stable_correct,-0.005592589116713509
annual_head_weighted_intercept,learned_order_offset,2022-12-31,2023-11-03,3100,negative_low,2023,0.5235307802018246,0,0.542743137883981,True,stable_wrong,-0.020485635901418775,0.5224286643624741,True,stable_wrong,0.0011527684711725716,0.5157438837166425,True,stable_wrong,0.008092724227605597
annual_head_weighted_intercept,learned_order_offset,2022-12-31,2023-11-10,3105,negative_low,2023,0.3776047506281463,0,0.39662786634066033,True,stable_correct,-0.014728316661000163,0.38140590900722593,True,stable_correct,-0.0028851197286837438,0.37006240048936606,True,stable_correct,0.005639167440992604
annual_head_weighted_intercept,learned_order_offset,2022-12-31,2023-11-17,3110,negative_low,2023,0.4032355094333692,0,0.4219777807396774,True,stable_correct,-0.015466371369994458,0.37367443318263316,True,stable_correct,0.0229662940536266,0.3958947111686369,True,stable_correct,0.005866253736690363
annual_head_weighted_intercept,learned_order_offset,2022-12-31,2023-11-24,3115,negative_low,2023,0.5262622224303256,0,0.5463513766977416,True,stable_wrong,-0.021547900062212022,0.503797952402736,True,stable_wrong,0.023139549912116142,0.5180917228029746,True,stable_wrong,0.008532893520351303
annual_head_weighted_intercept,learned_order_offset,2022-12-31,2023-12-01,3120,negative_low,2023,0.4942827344420075,0,0.5135227645512304,True,recovery,-0.019390208144870247,0.4944767587023064,True,stable_correct,-0.00019184332927082992,0.4865450026327555,True,stable_correct,0.007589381980560028
annual_head_weighted_intercept,learned_order_offset,2022-12-31,2023-12-08,3125,negative_low,2023,0.5253564085407286,0,0.5441809115480299,True,stable_wrong,-0.020133508498431818,0.5184040470651325,True,stable_wrong,0.00725659998130479,0.5176854195976702,True,stable_wrong,0.008001162330797063
annual_head_weighted_intercept,learned_order_offset,2022-12-31,2023-12-15,3130,negative_low,2023,0.47388517461030855,1,0.4941851974930236,True,stable_wrong,0.020948195059654007,0.4645345374290766,True,stable_wrong,-0.009926452111467421,0.46568927605251703,True,stable_wrong,-0.00869114023045775
annual_head_weighted_intercept,learned_order_offset,2022-12-31,2023-12-22,3135,negative_low,2023,0.37503199222833433,1,0.3938197258813348,True,stable_wrong,0.02313048600750467,0.38156912684077726,True,stable_wrong,0.008128265861606199,0.36754169666967523,True,stable_wrong,-0.009418494713388348
annual_head_weighted_intercept,learned_order_offset,2022-12-31,2023-12-29,3140,negative_low,2023,0.47190604879221937,0,0.49118300041686286,True,stable_correct,-0.01856542101182737,0.47030121211464565,True,stable_correct,0.0015120887701796093,0.46420503234093585,True,stable_correct,0.007209006836035231
annual_head_weighted_slopes,learned_order_offset,2022-12-31,2023-01-06,2902,nonnegative_low,2023,0.3477274648168487,1,0.3469077753738878,True,stable_wrong,-0.0010699937128287873,0.3296442552763941,True,stable_wrong,-0.023917364329684998,0.3469077753738878,True,stable_wrong,-0.0010699937128287873
annual_head_weighted_slopes,learned_order_offset,2022-12-31,2023-01-13,2907,nonnegative_low,2023,0.3590690545754635,1,0.3692785318493212,True,stable_wrong,0.012982906416642459,0.34084076756168785,True,stable_wrong,-0.023698416905874764,0.3692785318493212,True,stable_wrong,0.012982906416642459
annual_head_weighted_slopes,learned_order_offset,2022-12-31,2023-01-20,2912,nonnegative_low,2023,0.5555448930369878,0,0.5402485689755402,True,stable_wrong,0.016761611899359263,0.5365171425762202,True,stable_wrong,0.020779483901326112,0.5402485689755402,True,stable_wrong,0.016761611899359263
annual_head_weighted_slopes,learned_order_offset,2022-12-31,2023-02-03,2917,nonnegative_low,2023,0.5694065198849007,0,0.5774268071384834,True,stable_wrong,-0.009197932714709534,0.550633268139736,True,stable_wrong,0.021026788905187332,0.5774268071384834,True,stable_wrong,-0.009197932714709534
annual_head_weighted_slopes,learned_order_offset,2022-12-31,2023-02-10,2922,nonnegative_low,2023,0.2688369004145041,0,0.3254711816329836,True,stable_correct,-0.033658211049092626,0.25331190211682525,True,stable_correct,0.008106359270433933,0.3254711816329836,True,stable_correct,-0.033658211049092626
annual_head_weighted_slopes,learned_order_offset,2022-12-31,2023-02-17,2927,nonnegative_low,2023,0.40554463383231437,1,0.40747368289070823,True,stable_wrong,0.002289745898456208,0.3861668125299192,True,stable_wrong,-0.023413999674122166,0.40747368289070823,True,stable_wrong,0.002289745898456208
annual_head_weighted_slopes,learned_order_offset,2022-12-31,2023-02-24,2932,nonnegative_low,2023,0.6177567985252209,1,0.6591805526778828,True,stable_correct,0.02995196940073512,0.5985228907040551,True,stable_correct,-0.01507400421493954,0.6591805526778828,True,stable_correct,0.02995196940073512
annual_head_weighted_slopes,learned_order_offset,2022-12-31,2023-03-03,2937,nonnegative_low,2023,0.6741401437516874,0,0.6888189116853366,True,stable_wrong,-0.02000655967782583,0.6565168768528497,True,stable_wrong,0.023450523824925962,0.6888189116853366,True,stable_wrong,-0.02000655967782583
annual_head_weighted_slopes,learned_order_offset,2022-12-31,2023-03-10,2942,nonnegative_low,2023,0.5106532127770783,1,0.5454790906307813,True,stable_correct,0.032871021111573834,0.49105617472361524,True,recovery,-0.019563539121563833,0.5454790906307813,True,stable_correct,0.032871021111573834
annual_head_weighted_slopes,learned_order_offset,2022-12-31,2023-03-17,2947,nonnegative_low,2023,0.4057635434508257,1,0.40246057207355695,True,stable_wrong,-0.003936401634542119,0.3864538202234032,True,stable_wrong,-0.023321948426337502,0.40246057207355695,True,stable_wrong,-0.003936401634542119
annual_head_weighted_slopes,learned_order_offset,2022-12-31,2023-03-24,2952,nonnegative_low,2023,0.4759102655958342,1,0.4596122144152048,True,stable_wrong,-0.01734890910140957,0.4559979250235336,True,stable_wrong,-0.02126820787087208,0.4596122144152048,True,stable_wrong,-0.01734890910140957
annual_head_weighted_slopes,learned_order_offset,2022-12-31,2023-03-31,2957,nonnegative_low,2023,0.513206563046204,1,0.5045879253268407,True,stable_correct,-0.008465273470674661,0.493548296053846,True,recovery,-0.01952547816867356,0.5045879253268407,True,stable_correct,-0.008465273470674661
annual_head_weighted_slopes,learned_order_offset,2022-12-31,2023-04-07,2961,nonnegative_low,2023,0.5436914814056633,0,0.5733901757096056,True,stable_wrong,-0.033175866647207675,0.523504397079007,True,stable_wrong,0.021543573192030097,0.5733901757096056,True,stable_wrong,-0.033175866647207675
annual_head_weighted_slopes,learned_order_offset,2022-12-31,2023-04-14,2966,nonnegative_low,2023,0.33577729341445334,0,0.4034316960976336,True,stable_correct,-0.05001074264347748,0.31815629975541176,True,stable_correct,0.011522959698680474,0.4034316960976336,True,stable_correct,-0.05001074264347748
annual_head_weighted_slopes,learned_order_offset,2022-12-31,2023-04-21,2971,negative_low,2023,0.3765612607555387,0,0.4293289166316662,True,stable_correct,-0.04252493555431938,0.3578500233455619,True,stable_correct,0.013741743893381647,0.4293289166316662,True,stable_correct,-0.04252493555431938
annual_head_weighted_slopes,learned_order_offset,2022-12-31,2023-04-28,2976,negative_low,2023,0.4075270363615369,1,0.4148790108996523,True,stable_wrong,0.008657640756774443,0.3881883713699739,True,stable_wrong,-0.023289256284381332,0.4148790108996523,True,stable_wrong,0.008657640756774443
annual_head_weighted_slopes,learned_order_offset,2022-12-31,2023-05-05,2978,negative_low,2023,0.39290313559914763,0,0.39774352647933675,True,stable_correct,-0.0038270388925766563,0.37374298325930005,True,stable_correct,0.014689056428080743,0.39774352647933675,True,stable_correct,-0.0038270388925766563
annual_head_weighted_slopes,learned_order_offset,2022-12-31,2023-05-12,2983,negative_low,2023,0.4034717408651409,1,0.45581696743000627,True,stable_wrong,0.05971079100939075,0.3844153738679464,True,stable_wrong,-0.02309846798367471,0.45581696743000627,True,stable_wrong,0.05971079100939075
annual_head_weighted_slopes,learned_order_offset,2022-12-31,2023-05-19,2988,negative_low,2023,0.5396770913207964,0,0.6074511833122611,True,stable_wrong,-0.07774557721099101,0.5198127952906456,True,stable_wrong,0.021046020748600625,0.6074511833122611,True,stable_wrong,-0.07774557721099101
annual_head_weighted_slopes,learned_order_offset,2022-12-31,2023-05-26,2993,negative_low,2023,0.4689002541247345,0,0.5039409434369796,True,recovery,-0.03408902615391246,0.4487277228127817,True,stable_correct,0.018510879097495964,0.5039409434369796,True,recovery,-0.03408902615391246
annual_head_weighted_slopes,learned_order_offset,2022-12-31,2023-06-02,2998,negative_low,2023,0.3952701323235946,0,0.44710534330239243,True,stable_correct,-0.043664710502438225,0.37605011722295284,True,stable_correct,0.01482478684371541,0.44710534330239243,True,stable_correct,-0.043664710502438225
annual_head_weighted_slopes,learned_order_offset,2022-12-31,2023-06-09,3003,negative_low,2023,0.37596244843823623,1,0.43175194207404144,True,stable_wrong,0.0665170104225774,0.3572136191142456,True,stable_wrong,-0.02375146569300507,0.43175194207404144,True,stable_wrong,0.0665170104225774
annual_head_weighted_slopes,learned_order_offset,2022-12-31,2023-06-16,3008,nonnegative_low,2023,0.44194506805918143,0,0.4339149787480813,True,stable_correct,0.007033234399886623,0.4220598785060831,True,stable_correct,0.017180902137264864,0.4339149787480813,True,stable_correct,0.007033234399886623
annual_head_weighted_slopes,learned_order_offset,2022-12-31,2023-06-30,3016,negative_low,2023,0.4583844072811982,0,0.5046596570618728,True,recovery,-0.044565104627271646,0.4394489149457365,True,stable_correct,0.017000915991550236,0.5046596570618728,True,recovery,-0.044565104627271646
annual_head_weighted_slopes,learned_order_offset,2022-12-31,2023-07-07,3021,negative_low,2023,0.4736765792568174,1,0.4766170918708079,True,stable_wrong,0.0030866747010349083,0.4537336019063456,True,stable_wrong,-0.02139063446340972,0.4766170918708079,True,stable_wrong,0.0030866747010349083
annual_head_weighted_slopes,learned_order_offset,2022-12-31,2023-07-14,3026,negative_low,2023,0.5564271413534473,0,0.5422524542872419,True,stable_wrong,0.015573439454231841,0.5371500774921935,True,stable_wrong,0.021080957884899776,0.5422524542872419,True,stable_wrong,0.015573439454231841
annual_head_weighted_slopes,learned_order_offset,2022-12-31,2023-07-21,3031,negative_low,2023,0.43919262042206664,1,0.43074922436263674,True,stable_wrong,-0.009541528574671443,0.42051091058319834,True,stable_wrong,-0.021302687764045702,0.43074922436263674,True,stable_wrong,-0.009541528574671443
annual_head_weighted_slopes,learned_order_offset,2022-12-31,2023-07-28,3036,negative_low,2023,0.5311669348935711,0,0.45926559969722386,True,regression,0.07121342165898056,0.5115004944860156,True,stable_wrong,0.020505556864792718,0.45926559969722386,True,regression,0.07121342165898056
annual_head_weighted_slopes,learned_order_offset,2022-12-31,2023-08-04,3041,nonnegative_low,2023,0.5076053045292334,0,0.4754561206221502,True,regression,0.03160462254915111,0.4878562544263095,True,regression,0.01965942020334774,0.4754561206221502,True,regression,0.03160462254915111
annual_head_weighted_slopes,learned_order_offset,2022-12-31,2023-08-11,3046,negative_low,2023,0.5615065167920409,0,0.5592161563031938,True,stable_wrong,0.002566858929412441,0.5446605835944507,True,stable_wrong,0.0186344170784829,0.5592161563031938,True,stable_wrong,0.002566858929412441
annual_head_weighted_slopes,learned_order_offset,2022-12-31,2023-08-18,3051,negative_high,2023,0.4930006770483594,1,0.4914783275432652,True,stable_wrong,-0.0015459778847727312,0.4733171808184809,True,stable_wrong,-0.020346478547570934,0.4914783275432652,True,stable_wrong,-0.0015459778847727312
annual_head_weighted_slopes,learned_order_offset,2022-12-31,2023-08-25,3056,negative_low,2023,0.3412415964912808,0,0.4034958189851272,True,stable_correct,-0.04636304876256045,0.3231966667783018,True,stable_correct,0.011989741759313458,0.4034958189851272,True,stable_correct,-0.04636304876256045
annual_head_weighted_slopes,learned_order_offset,2022-12-31,2023-09-01,3061,nonnegative_low,2023,0.41094984553071834,0,0.40834264309640705,True,stable_correct,0.0021360613707615828,0.39322544154471345,True,stable_correct,0.0142535276636864,0.40834264309640705,True,stable_correct,0.0021360613707615828
annual_head_weighted_slopes,learned_order_offset,2022-12-31,2023-09-08,3066,negative_low,2023,0.49909812948148574,0,0.5508285496505954,True,recovery,-0.0543131482582605,0.47895792041421564,True,stable_correct,0.019698253324407777,0.5508285496505954,True,recovery,-0.0543131482582605
annual_head_weighted_slopes,learned_order_offset,2022-12-31,2023-09-15,3071,negative_low,2023,0.6117335414371571,1,0.609778621440407,True,stable_correct,-0.001521881440017414,0.593923843995808,True,stable_correct,-0.014147001630209072,0.609778621440407,True,stable_correct,-0.001521881440017414
annual_head_weighted_slopes,learned_order_offset,2022-12-31,2023-09-22,3076,negative_low,2023,0.40092321790660823,0,0.4408345486757846,True,stable_correct,-0.03359567264959304,0.382403160284047,True,stable_correct,0.01450724966136313,0.4408345486757846,True,stable_correct,-0.03359567264959304
annual_head_weighted_slopes,learned_order_offset,2022-12-31,2023-10-13,3085,negative_low,2023,0.3737926074819951,0,0.37473288846533626,True,stable_correct,-0.0007038242893852575,0.3550166741481024,True,stable_correct,0.013684074485008968,0.34850546994315357,True,stable_correct,0.01826485082789056
annual_head_weighted_slopes,learned_order_offset,2022-12-31,2023-10-20,3090,negative_low,2023,0.4390096783548903,1,0.440352501032015,True,stable_wrong,0.001504817878362985,0.4191463494678234,True,stable_wrong,-0.022680822357072306,0.41256683705816943,True,stable_wrong,-0.03036757994435957
annual_head_weighted_slopes,learned_order_offset,2022-12-31,2023-10-27,3095,negative_low,2023,0.6500270625655985,1,0.6246371822607694,True,stable_correct,-0.01841618800467136,0.6329171587461555,True,stable_correct,-0.012268755406531676,0.5998395401084656,True,stable_correct,-0.03764733672414079
annual_head_weighted_slopes,learned_order_offset,2022-12-31,2023-11-03,3100,negative_low,2023,0.5417275953641518,0,0.542743137883981,True,stable_wrong,-0.001101326141123793,0.5224286643624741,True,stable_wrong,0.020537078231467554,0.5157438837166425,True,stable_wrong,0.02747703398790058
annual_head_weighted_slopes,learned_order_offset,2022-12-31,2023-11-10,3105,negative_low,2023,0.4005833268137617,0,0.39662786634066033,True,stable_correct,0.0031533373632362804,0.38140590900722593,True,stable_correct,0.0149965342955527,0.37006240048936606,True,stable_correct,0.023520821465229047
annual_head_weighted_slopes,learned_order_offset,2022-12-31,2023-11-17,3110,negative_low,2023,0.3924012149300773,0,0.4219777807396774,True,stable_correct,-0.02408653395938254,0.37367443318263316,True,stable_correct,0.01434613146423852,0.3958947111686369,True,stable_correct,-0.0027539088526977173
annual_head_weighted_slopes,learned_order_offset,2022-12-31,2023-11-24,3115,negative_low,2023,0.5239379765589806,0,0.5463513766977416,True,stable_wrong,-0.023988823538798665,0.503797952402736,True,stable_wrong,0.0206986264355295,0.5180917228029746,True,stable_wrong,0.006091970043764661
annual_head_weighted_slopes,learned_order_offset,2022-12-31,2023-12-01,3120,negative_low,2023,0.513775237519911,0,0.5135227645512304,True,stable_wrong,0.0002593649763026895,0.4944767587023064,True,regression,0.019457729791902106,0.4865450026327555,True,regression,0.027238955101732965
annual_head_weighted_slopes,learned_order_offset,2022-12-31,2023-12-08,3125,negative_low,2023,0.5372365175794854,0,0.5441809115480299,True,stable_wrong,-0.007509788672312001,0.5184040470651325,True,stable_wrong,0.019880319807424607,0.5176854195976702,True,stable_wrong,0.02062488215691688
annual_head_weighted_slopes,learned_order_offset,2022-12-31,2023-12-15,3130,negative_low,2023,0.48465477102998716,1,0.4941851974930236,True,stable_wrong,0.009732090586983488,0.4645345374290766,True,stable_wrong,-0.02114255658413794,0.46568927605251703,True,stable_wrong,-0.01990724470312827
annual_head_weighted_slopes,learned_order_offset,2022-12-31,2023-12-22,3135,negative_low,2023,0.40040971636985717,1,0.3938197258813348,True,stable_wrong,-0.007946016506905074,0.38156912684077726,True,stable_wrong,-0.022948236652803544,0.36754169666967523,True,stable_wrong,-0.04049499722779809
annual_head_weighted_slopes,learned_order_offset,2022-12-31,2023-12-29,3140,negative_low,2023,0.48913992444394544,0,0.49118300041686286,True,stable_correct,-0.0020028742134832467,0.47030121211464565,True,stable_correct,0.018074635568523734,0.46420503234093585,True,stable_correct,0.023771553634379355
annual_head_weighted_intercept,learned_market,2023-12-31,2024-01-05,3144,negative_low,2024,0.4359036029815733,0,0.46191780560807416,True,stable_correct,-0.023356108045461482,0.43411230919085336,True,stable_correct,0.001558454101302037,0.46191780560807416,True,stable_correct,-0.023356108045461482
annual_head_weighted_intercept,learned_market,2023-12-31,2024-01-12,3149,negative_low,2024,0.46230990148854617,0,0.4887095588414701,True,stable_correct,-0.025106587888675064,0.4601803644288158,True,stable_correct,0.0019644772085115336,0.4887095588414701,True,stable_correct,-0.025106587888675064
annual_head_weighted_intercept,learned_market,2023-12-31,2024-01-19,3154,negative_low,2024,0.46653984698520296,1,0.49236931982472293,True,stable_wrong,0.026890827399356332,0.4814894162582964,True,stable_wrong,0.01572650940240844,0.49236931982472293,True,stable_wrong,0.026890827399356332
annual_head_weighted_intercept,learned_market,2023-12-31,2024-01-26,3159,negative_high,2024,0.47247509878520183,0,0.49888231236492137,True,stable_correct,-0.025650842618484743,0.4683669635592915,True,stable_correct,0.003865106418335512,0.49888231236492137,True,stable_correct,-0.025650842618484743
annual_head_weighted_intercept,learned_market,2023-12-31,2024-02-02,3164,negative_high,2024,0.5554464566424051,1,0.581329664959371,True,stable_correct,0.022343003468760447,0.578277756464027,True,stable_correct,0.01977820221877849,0.581329664959371,True,stable_correct,0.022343003468760447
annual_head_weighted_intercept,learned_market,2023-12-31,2024-02-23,3173,negative_high,2024,0.5863030954724865,1,0.6111574556708238,True,stable_correct,0.019946604535259288,0.573955222671016,True,stable_correct,-0.010369023473656952,0.6111574556708238,True,stable_correct,0.019946604535259288
annual_head_weighted_intercept,learned_market,2023-12-31,2024-03-01,3178,nonnegative_high,2024,0.575473972814983,1,0.6011194185387394,True,stable_correct,0.021116629490620403,0.5555286894587462,True,stable_correct,-0.017332398136765875,0.6011194185387394,True,stable_correct,0.021116629490620403
annual_head_weighted_intercept,learned_market,2023-12-31,2024-03-08,3183,nonnegative_high,2024,0.5957872886716272,1,0.6210437287242058,True,stable_correct,0.019780060460181076,0.5893406642550757,True,stable_correct,-0.005253174035028035,0.6210437287242058,True,stable_correct,0.019780060460181076
annual_head_weighted_intercept,learned_market,2023-12-31,2024-03-15,3188,nonnegative_low,2024,0.5156474239431947,0,0.5418100948539802,True,stable_wrong,-0.027665913066426295,0.5110574880928035,True,stable_wrong,0.004712509683526822,0.5418100948539802,True,stable_wrong,-0.027665913066426295
annual_head_weighted_intercept,learned_market,2023-12-31,2024-03-22,3193,nonnegative_low,2024,0.5232137321033914,1,0.5494650537375642,True,stable_correct,0.024343407451080684,0.5044416990235271,True,stable_correct,-0.01825288441191189,0.5494650537375642,True,stable_correct,0.024343407451080684
annual_head_weighted_intercept,learned_market,2023-12-31,2024-03-29,3198,nonnegative_low,2024,0.4349159869388252,0,0.4605699430282013,True,stable_correct,-0.02297275672602822,0.4193059966913109,True,stable_correct,0.013334396833678763,0.4605699430282013,True,stable_correct,-0.02297275672602822
annual_head_weighted_intercept,learned_market,2023-12-31,2024-04-12,3206,nonnegative_low,2024,0.43970442400773146,1,0.4651813635313284,True,stable_wrong,0.027900158562298882,0.40562724410089707,True,stable_wrong,-0.03934784047858675,0.4651813635313284,True,stable_wrong,0.027900158562298882
annual_head_weighted_intercept,learned_market,2023-12-31,2024-04-19,3211,nonnegative_low,2024,0.5349372383448352,1,0.5594980386657807,True,stable_correct,0.022241394339034604,0.5091528856171401,True,stable_correct,-0.02464751741965171,0.5594980386657807,True,stable_correct,0.022241394339034604
annual_head_weighted_intercept,learned_market,2023-12-31,2024-04-26,3216,nonnegative_low,2024,0.46628476519275747,1,0.490167753362591,True,stable_wrong,0.0249230321540021,0.44220025347723807,True,stable_wrong,-0.026288605355507588,0.490167753362591,True,stable_wrong,0.0249230321540021
annual_head_weighted_intercept,learned_market,2023-12-31,2024-05-10,3223,nonnegative_low,2024,0.313101932032355,1,0.33603358509416914,True,stable_wrong,0.030977555654781663,0.31234525520933487,True,stable_wrong,-0.0010400922554312242,0.33603358509416914,True,stable_wrong,0.030977555654781663
annual_head_weighted_intercept,learned_market,2023-12-31,2024-05-17,3228,nonnegative_low,2024,0.33911070499847806,0,0.3628177698714699,True,stable_correct,-0.016640663889942092,0.3243132642586,True,stable_correct,0.009816976870496291,0.3628177698714699,True,stable_correct,-0.016640663889942092
annual_head_weighted_intercept,learned_market,2023-12-31,2024-05-24,3233,nonnegative_low,2024,0.3436166222035523,0,0.36760405063152857,True,stable_correct,-0.01706035498612861,0.31936657773147825,True,stable_correct,0.016077372082662467,0.36760405063152857,True,stable_correct,-0.01706035498612861
annual_head_weighted_intercept,learned_market,2023-12-31,2024-05-31,3238,nonnegative_low,2024,0.3849906291118397,0,0.4099851068577671,True,stable_correct,-0.01987000334124464,0.3722008274588686,True,stable_correct,0.00968432854286358,0.4099851068577671,True,stable_correct,-0.01987000334124464
annual_head_weighted_intercept,learned_market,2023-12-31,2024-06-07,3243,nonnegative_low,2024,0.45881354160651067,0,0.4843749724811502,True,stable_correct,-0.024109248004605704,0.4519812362452616,True,stable_correct,0.0062228280437143235,0.4843749724811502,True,stable_correct,-0.024109248004605704
annual_head_weighted_intercept,learned_market,2023-12-31,2024-06-14,3247,negative_low,2024,0.5163521750275045,0,0.5416875752489646,True,stable_wrong,-0.026805860523468006,0.5134636564901448,True,stable_wrong,0.0029746421194052908,0.5059337652389141,True,stable_wrong,0.010650593846810053
annual_head_weighted_intercept,learned_market,2023-12-31,2024-06-21,3252,negative_low,2024,0.4281008204665364,0,0.4542900377046634,True,stable_correct,-0.023109125873582853,0.42910591258745295,True,stable_correct,-0.0008615717333891604,0.41736667065654703,True,stable_correct,0.009075374709191064
annual_head_weighted_intercept,learned_market,2023-12-31,2024-06-28,3257,negative_low,2024,0.46684489217565334,0,0.4931675128202729,True,stable_correct,-0.02527004235083663,0.519074455551775,True,recovery,-0.051494137055874245,0.45595750040282024,True,stable_correct,0.010046911176909562
annual_head_weighted_intercept,learned_market,2023-12-31,2024-07-05,3262,negative_low,2024,0.5025646221266893,1,0.528650719554156,True,stable_correct,0.025271810983148513,0.5213197881122652,True,stable_correct,0.018307209907076738,0.528650719554156,True,stable_correct,0.025271810983148513
annual_head_weighted_intercept,learned_market,2023-12-31,2024-07-12,3267,negative_low,2024,0.4952500352321782,1,0.5216586711971275,True,regression,0.025962100092219526,0.4787314400471618,True,stable_wrong,-0.016948384662188343,0.5216586711971275,True,regression,0.025962100092219526
annual_head_weighted_intercept,learned_market,2023-12-31,2024-07-19,3272,nonnegative_low,2024,0.43836656184401246,0,0.4643870481871219,True,stable_correct,-0.02349008798100788,0.39391069949966456,True,stable_correct,0.036999603362625366,0.44943642731432726,True,stable_correct,-0.009827859654126164
annual_head_weighted_intercept,learned_market,2023-12-31,2024-07-26,3277,negative_low,2024,0.5077930780506871,0,0.5339836500163383,True,stable_wrong,-0.02728472836858009,0.5068002673047575,True,stable_wrong,0.001007299176017551,0.5339836500163383,True,stable_wrong,-0.02728472836858009
annual_head_weighted_intercept,learned_market,2023-12-31,2024-08-02,3282,negative_low,2024,0.47198920237886677,0,0.49756662144327546,True,stable_correct,-0.024798735612236944,0.4755449005040391,True,stable_correct,-0.0033691452331575666,0.49756662144327546,True,stable_correct,-0.024798735612236944
annual_head_weighted_intercept,learned_market,2023-12-31,2024-08-09,3287,negative_low,2024,0.47340737045425224,1,0.4994912221415513,True,stable_wrong,0.02679076077854714,0.4891856853735492,True,stable_wrong,0.01636853346461442,0.4994912221415513,True,stable_wrong,0.02679076077854714
annual_head_weighted_intercept,learned_market,2023-12-31,2024-08-16,3292,negative_low,2024,0.3356467189206788,0,0.35930075124462824,True,stable_correct,-0.01643830992273705,0.329143443193851,True,stable_correct,0.004323313724713326,0.35930075124462824,True,stable_correct,-0.01643830992273705
annual_head_weighted_intercept,learned_market,2023-12-31,2024-08-23,3297,negative_low,2024,0.28956209219424506,0,0.3119634485120617,True,stable_correct,-0.013474987971629299,0.27959019392054835,True,stable_correct,0.005675528699378651,0.3119634485120617,True,stable_correct,-0.013474987971629299
annual_head_weighted_intercept,learned_market,2023-12-31,2024-08-30,3302,negative_low,2024,0.2913469917047046,0,0.3137935357032761,True,stable_correct,-0.013583313473782,0.2558914735204449,True,stable_correct,0.019402623354916673,0.3137935357032761,True,stable_correct,-0.013583313473782
annual_head_weighted_intercept,learned_market,2023-12-31,2024-09-06,3307,negative_low,2024,0.3392463928274047,0,0.3633251544679766,True,stable_correct,-0.016917052822773254,0.32575818743729296,True,stable_correct,0.008969718363975296,0.3633251544679766,True,stable_correct,-0.016917052822773254
annual_head_weighted_intercept,learned_market,2023-12-31,2024-09-13,3312,negative_low,2024,0.36602774385282383,1,0.3908847677951666,True,stable_wrong,0.030899455460392522,0.34973230638541336,True,stable_wrong,-0.020927251794493174,0.3908847677951666,True,stable_wrong,0.030899455460392522
annual_head_weighted_intercept,learned_market,2023-12-31,2024-09-20,3315,negative_low,2024,0.3762729213889464,1,0.40115285396897127,True,stable_wrong,0.03041756428317116,0.3724830254739449,True,stable_wrong,-0.00474208472565435,0.40115285396897127,True,stable_wrong,0.03041756428317116
annual_head_weighted_intercept,learned_market,2023-12-31,2024-09-27,3320,nonnegative_high,2024,0.5317988784243927,1,0.5566664195390214,True,stable_correct,0.02266762668030564,0.5006706349586935,True,stable_correct,-0.030117524547897734,0.5566664195390214,True,stable_correct,0.02266762668030564
annual_head_weighted_intercept,learned_market,2023-12-31,2024-10-11,3325,nonnegative_high,2024,0.6189623484267087,1,0.6432742637190703,True,stable_correct,0.017936440991317498,0.6364841440650953,True,stable_correct,0.013045914400402564,0.6432742637190703,True,stable_correct,0.017936440991317498
annual_head_weighted_intercept,learned_market,2023-12-31,2024-10-18,3330,nonnegative_high,2024,0.5883800931568467,1,0.6124059677892056,True,stable_correct,0.01920181390414391,0.5981296449485322,True,stable_correct,0.007931165440373394,0.6124059677892056,True,stable_correct,0.01920181390414391
annual_head_weighted_intercept,learned_market,2023-12-31,2024-10-25,3335,nonnegative_high,2024,0.5104856604668138,0,0.5354877227986288,True,stable_wrong,-0.02615149172582204,0.5008489183990822,True,stable_wrong,0.009745970480708577,0.5354877227986288,True,stable_wrong,-0.02615149172582204
annual_head_weighted_intercept,learned_market,2023-12-31,2024-11-01,3340,nonnegative_high,2024,0.5039769013218535,1,0.5276976810539465,True,stable_correct,0.0229694339404507,0.48777612917537416,True,recovery,-0.016334379420292672,0.5276976810539465,True,stable_correct,0.0229694339404507
annual_head_weighted_intercept,learned_market,2023-12-31,2024-11-08,3345,nonnegative_high,2024,0.4610859668589697,0,0.48607613010448364,True,stable_correct,-0.023669735423080013,0.4452626552650607,True,stable_correct,0.014341436660578605,0.48607613010448364,True,stable_correct,-0.023669735423080013
annual_head_weighted_intercept,learned_market,2023-12-31,2024-11-15,3350,nonnegative_high,2024,0.46550445811683305,0,0.4913187263432179,True,stable_correct,-0.02469969032887545,0.4450542723031254,True,stable_correct,0.01862109523138189,0.4913187263432179,True,stable_correct,-0.02469969032887545
annual_head_weighted_intercept,learned_market,2023-12-31,2024-11-22,3355,nonnegative_high,2024,0.5000349034640442,1,0.5253604442548735,True,stable_correct,0.024682389876276523,0.5107208020227308,True,stable_correct,0.010570964180927844,0.5253604442548735,True,stable_correct,0.024682389876276523
annual_head_weighted_intercept,learned_market,2023-12-31,2024-11-29,3360,nonnegative_high,2024,0.5409363403050086,1,0.5671777130007932,True,stable_correct,0.02340431152933517,0.5740764404076151,True,stable_correct,0.029328565036711024,0.5671777130007932,True,stable_correct,0.02340431152933517
annual_head_weighted_intercept,learned_market,2023-12-31,2024-12-06,3365,nonnegative_high,2024,0.4746965224802544,0,0.5009359584071632,True,recovery,-0.025600045970456453,0.49313565969860207,True,stable_correct,-0.01784599041152879,0.5009359584071632,True,recovery,-0.025600045970456453
annual_head_weighted_intercept,learned_market,2023-12-31,2024-12-13,3370,nonnegative_high,2024,0.36069763245463027,0,0.3850188350637022,True,stable_correct,-0.018136721295434782,0.38468646653743016,True,stable_correct,-0.017880895478677827,0.3850188350637022,True,stable_correct,-0.018136721295434782
annual_head_weighted_intercept,learned_market,2023-12-31,2024-12-20,3375,nonnegative_low,2024,0.3192036181454894,1,0.3423627130118021,True,stable_wrong,0.030996912308995317,0.3477884163417942,True,stable_wrong,0.038103763688247805,0.3423627130118021,True,stable_wrong,0.030996912308995317
annual_head_weighted_intercept,learned_market,2023-12-31,2024-12-27,3380,nonnegative_low,2024,0.38986848259496765,0,0.4140622268887575,True,stable_correct,-0.01945009401517428,0.4118318815502227,True,stable_correct,-0.01760806494029407,0.4140622268887575,True,stable_correct,-0.01945009401517428
annual_head_weighted_slopes,learned_market,2023-12-31,2024-01-05,3144,negative_low,2024,0.45998806216975324,0,0.46191780560807416,True,stable_correct,-0.0017790417990938279,0.43411230919085336,True,stable_correct,0.02313552034766969,0.46191780560807416,True,stable_correct,-0.0017790417990938279
annual_head_weighted_slopes,learned_market,2023-12-31,2024-01-12,3149,negative_low,2024,0.48661270228263986,0,0.4887095588414701,True,stable_correct,-0.002045110880211226,0.4601803644288158,True,stable_correct,0.02502595421697537,0.4887095588414701,True,stable_correct,-0.002045110880211226
annual_head_weighted_slopes,learned_market,2023-12-31,2024-01-19,3154,negative_low,2024,0.5075458535237669,1,0.49236931982472293,True,recovery,-0.01517782107357915,0.4814894162582964,True,recovery,-0.026342139070527043,0.49236931982472293,True,recovery,-0.01517782107357915
annual_head_weighted_slopes,learned_market,2023-12-31,2024-01-26,3159,negative_high,2024,0.4948136798464489,0,0.49888231236492137,True,stable_correct,-0.004042983827386937,0.4683669635592915,True,stable_correct,0.025472965209433318,0.49888231236492137,True,stable_correct,-0.004042983827386937
annual_head_weighted_slopes,learned_market,2023-12-31,2024-02-02,3164,negative_high,2024,0.6036253913495585,1,0.581329664959371,True,stable_correct,-0.018172019060241906,0.578277756464027,True,stable_correct,-0.020736820310223864,0.581329664959371,True,stable_correct,-0.018172019060241906
annual_head_weighted_slopes,learned_market,2023-12-31,2024-02-23,3173,negative_high,2024,0.5986479544178859,1,0.6111574556708238,True,stable_correct,0.009884940212560062,0.573955222671016,True,stable_correct,-0.02043068779635618,0.6111574556708238,True,stable_correct,0.009884940212560062
annual_head_weighted_slopes,learned_market,2023-12-31,2024-03-01,3178,nonnegative_high,2024,0.5813855137637826,1,0.6011194185387394,True,stable_correct,0.01613236981993893,0.5555286894587462,True,stable_correct,-0.02231665780744735,0.6011194185387394,True,stable_correct,0.01613236981993893
annual_head_weighted_slopes,learned_market,2023-12-31,2024-03-08,3183,nonnegative_high,2024,0.6147482449416942,1,0.6210437287242058,True,stable_correct,0.004811059236251497,0.5893406642550757,True,stable_correct,-0.020222175258957614,0.6210437287242058,True,stable_correct,0.004811059236251497
annual_head_weighted_slopes,learned_market,2023-12-31,2024-03-15,3188,nonnegative_low,2024,0.536931982815918,0,0.5418100948539802,True,stable_wrong,-0.005262224715045782,0.5110574880928035,True,stable_wrong,0.027116198034907335,0.5418100948539802,True,stable_wrong,-0.005262224715045782
annual_head_weighted_slopes,learned_market,2023-12-31,2024-03-22,3193,nonnegative_low,2024,0.5307634868678549,1,0.5494650537375642,True,stable_correct,0.017201167452717825,0.5044416990235271,True,stable_correct,-0.02539512441027475,0.5494650537375642,True,stable_correct,0.017201167452717825
annual_head_weighted_slopes,learned_market,2023-12-31,2024-03-29,3198,nonnegative_low,2024,0.44459506292781265,0,0.4605699430282013,True,stable_correct,-0.014459902441214922,0.4193059966913109,True,stable_correct,0.02184725111849206,0.4605699430282013,True,stable_correct,-0.014459902441214922
annual_head_weighted_slopes,learned_market,2023-12-31,2024-04-12,3206,nonnegative_low,2024,0.43036123267033516,1,0.4651813635313284,True,stable_wrong,0.038457351330650924,0.40562724410089707,True,stable_wrong,-0.028790647710234707,0.4651813635313284,True,stable_wrong,0.038457351330650924
annual_head_weighted_slopes,learned_market,2023-12-31,2024-04-19,3211,nonnegative_low,2024,0.5340089554105436,1,0.5594980386657807,True,stable_correct,0.023105675698278733,0.5091528856171401,True,stable_correct,-0.02378323606040758,0.5594980386657807,True,stable_correct,0.023105675698278733
annual_head_weighted_slopes,learned_market,2023-12-31,2024-04-26,3216,nonnegative_low,2024,0.46538678381973403,1,0.490167753362591,True,stable_wrong,0.02588237120325987,0.44220025347723807,True,stable_wrong,-0.02532926630624982,0.490167753362591,True,stable_wrong,0.02588237120325987
annual_head_weighted_slopes,learned_market,2023-12-31,2024-05-10,3223,nonnegative_low,2024,0.335334766851946,1,0.33603358509416914,True,stable_wrong,0.000928472032855121,0.31234525520933487,True,stable_wrong,-0.031089175877357766,0.33603358509416914,True,stable_wrong,0.000928472032855121
annual_head_weighted_slopes,learned_market,2023-12-31,2024-05-17,3228,nonnegative_low,2024,0.3470913291311666,0,0.3628177698714699,True,stable_correct,-0.0111643433764671,0.3243132642586,True,stable_correct,0.015293297383971283,0.3628177698714699,True,stable_correct,-0.0111643433764671
annual_head_weighted_slopes,learned_market,2023-12-31,2024-05-24,3233,nonnegative_low,2024,0.3424730973422239,0,0.36760405063152857,True,stable_correct,-0.01784491563753103,0.31936657773147825,True,stable_correct,0.015292811431260045,0.36760405063152857,True,stable_correct,-0.01784491563753103
annual_head_weighted_slopes,learned_market,2023-12-31,2024-05-31,3238,nonnegative_low,2024,0.39651278354168656,0,0.4099851068577671,True,stable_correct,-0.010865400333198327,0.3722008274588686,True,stable_correct,0.018688931550909893,0.4099851068577671,True,stable_correct,-0.010865400333198327
annual_head_weighted_slopes,learned_market,2023-12-31,2024-06-07,3243,nonnegative_low,2024,0.4772968091266514,0,0.4843749724811502,True,stable_correct,-0.006806869963631917,0.4519812362452616,True,stable_correct,0.02352520608468811,0.4843749724811502,True,stable_correct,-0.006806869963631917
annual_head_weighted_slopes,learned_market,2023-12-31,2024-06-14,3247,negative_low,2024,0.5384167464183387,0,0.5416875752489646,True,stable_wrong,-0.003532836355393032,0.5134636564901448,True,stable_wrong,0.026247666287480265,0.5059337652389141,True,stable_wrong,0.033923618014885026
annual_head_weighted_slopes,learned_market,2023-12-31,2024-06-21,3252,negative_low,2024,0.4552779003392346,0,0.4542900377046634,True,stable_correct,0.0008985281795975408,0.42910591258745295,True,stable_correct,0.023146082319791234,0.41736667065654703,True,stable_correct,0.03308302876237146
annual_head_weighted_slopes,learned_market,2023-12-31,2024-06-28,3257,negative_low,2024,0.5454949151753954,0,0.4931675128202729,True,regression,0.05435050678087777,0.519074455551775,True,stable_wrong,0.028126412075840157,0.45595750040282024,True,regression,0.08966746030862396
annual_head_weighted_slopes,learned_market,2023-12-31,2024-07-05,3262,negative_low,2024,0.5470078059094529,1,0.528650719554156,True,stable_correct,-0.016968216269846986,0.5213197881122652,True,stable_correct,-0.02393281734591876,0.528650719554156,True,stable_correct,-0.016968216269846986
annual_head_weighted_slopes,learned_market,2023-12-31,2024-07-12,3267,negative_low,2024,0.5052575754083138,1,0.5216586711971275,True,stable_correct,0.015959639849962487,0.4787314400471618,True,recovery,-0.02695084490444538,0.5216586711971275,True,stable_correct,0.015959639849962487
annual_head_weighted_slopes,learned_market,2023-12-31,2024-07-19,3272,nonnegative_low,2024,0.41896445523988657,0,0.4643870481871219,True,stable_correct,-0.040124115769493374,0.39391069949966456,True,stable_correct,0.02036557557413987,0.44943642731432726,True,stable_correct,-0.02646188744261166
annual_head_weighted_slopes,learned_market,2023-12-31,2024-07-26,3277,negative_low,2024,0.533180796662539,0,0.5339836500163383,True,stable_wrong,-0.0008567765550714923,0.5068002673047575,True,stable_wrong,0.02743525098952615,0.5339836500163383,True,stable_wrong,-0.0008567765550714923
annual_head_weighted_slopes,learned_market,2023-12-31,2024-08-02,3282,negative_low,2024,0.5012619785962361,0,0.49756662144327546,True,regression,0.003691028411737657,0.4755449005040391,True,regression,0.025120618790817034,0.49756662144327546,True,regression,0.003691028411737657
annual_head_weighted_slopes,learned_market,2023-12-31,2024-08-09,3287,negative_low,2024,0.515157070296779,1,0.4994912221415513,True,recovery,-0.015436370230155483,0.4891856853735492,True,recovery,-0.025858597544088202,0.4994912221415513,True,recovery,-0.015436370230155483
annual_head_weighted_slopes,learned_market,2023-12-31,2024-08-16,3292,negative_low,2024,0.352478645742149,0,0.35930075124462824,True,stable_correct,-0.004855834140734858,0.329143443193851,True,stable_correct,0.01590578950671552,0.35930075124462824,True,stable_correct,-0.004855834140734858
annual_head_weighted_slopes,learned_market,2023-12-31,2024-08-23,3297,negative_low,2024,0.30153636173374015,0,0.3119634485120617,True,stable_correct,-0.006397015759916788,0.27959019392054835,True,stable_correct,0.012753500911091162,0.3119634485120617,True,stable_correct,-0.006397015759916788
annual_head_weighted_slopes,learned_market,2023-12-31,2024-08-30,3302,negative_low,2024,0.27673028338224426,0,0.3137935357032761,True,stable_correct,-0.021886733308346007,0.2558914735204449,True,stable_correct,0.011099203520352666,0.3137935357032761,True,stable_correct,-0.021886733308346007
annual_head_weighted_slopes,learned_market,2023-12-31,2024-09-06,3307,negative_low,2024,0.3492747954352351,0,0.3633251544679766,True,stable_correct,-0.01001228514285371,0.32575818743729296,True,stable_correct,0.01587448604389484,0.3633251544679766,True,stable_correct,-0.01001228514285371
annual_head_weighted_slopes,learned_market,2023-12-31,2024-09-13,3312,negative_low,2024,0.3741169532716644,1,0.3908847677951666,True,stable_wrong,0.020708222077995775,0.34973230638541336,True,stable_wrong,-0.03111848517688992,0.3908847677951666,True,stable_wrong,0.020708222077995775
annual_head_weighted_slopes,learned_market,2023-12-31,2024-09-20,3315,negative_low,2024,0.39702967274543216,1,0.40115285396897127,True,stable_wrong,0.004955311239972449,0.3724830254739449,True,stable_wrong,-0.030204337768853062,0.40115285396897127,True,stable_wrong,0.004955311239972449
annual_head_weighted_slopes,learned_market,2023-12-31,2024-09-27,3320,nonnegative_high,2024,0.5252220959835185,1,0.5566664195390214,True,stable_correct,0.028869394577932278,0.5006706349586935,True,stable_correct,-0.023915756650271097,0.5566664195390214,True,stable_correct,0.028869394577932278
annual_head_weighted_slopes,learned_market,2023-12-31,2024-10-11,3325,nonnegative_high,2024,0.6602783550988126,1,0.6432742637190703,True,stable_correct,-0.011842454910802963,0.6364841440650953,True,stable_correct,-0.016732981501717897,0.6432742637190703,True,stable_correct,-0.011842454910802963
annual_head_weighted_slopes,learned_market,2023-12-31,2024-10-18,3330,nonnegative_high,2024,0.6219867804997667,1,0.6124059677892056,True,stable_correct,-0.007335139688490783,0.5981296449485322,True,stable_correct,-0.0186057881522613,0.6124059677892056,True,stable_correct,-0.007335139688490783
annual_head_weighted_slopes,learned_market,2023-12-31,2024-10-25,3335,nonnegative_high,2024,0.5259512344498477,0,0.5354877227986288,True,stable_wrong,-0.010122400248742391,0.5008489183990822,True,stable_wrong,0.025775061957788226,0.5354877227986288,True,stable_wrong,-0.010122400248742391
annual_head_weighted_slopes,learned_market,2023-12-31,2024-11-01,3340,nonnegative_high,2024,0.5120674657127702,1,0.5276976810539465,True,stable_correct,0.01500867753413912,0.48777612917537416,True,recovery,-0.024295135826604253,0.5276976810539465,True,stable_correct,0.01500867753413912
annual_head_weighted_slopes,learned_market,2023-12-31,2024-11-08,3345,nonnegative_high,2024,0.469903934391646,0,0.48607613010448364,True,stable_correct,-0.015460296700602533,0.4452626552650607,True,stable_correct,0.022550875383056085,0.48607613010448364,True,stable_correct,-0.015460296700602533
annual_head_weighted_slopes,learned_market,2023-12-31,2024-11-15,3350,nonnegative_high,2024,0.47101199321183623,0,0.4913187263432179,True,stable_correct,-0.019541793106134964,0.4450542723031254,True,stable_correct,0.023778992454122377,0.4913187263432179,True,stable_correct,-0.019541793106134964
annual_head_weighted_slopes,learned_market,2023-12-31,2024-11-22,3355,nonnegative_high,2024,0.5358895925965254,1,0.5253604442548735,True,stable_correct,-0.009884237617711844,0.5107208020227308,True,stable_correct,-0.023995663313060522,0.5253604442548735,True,stable_correct,-0.009884237617711844
annual_head_weighted_slopes,learned_market,2023-12-31,2024-11-29,3360,nonnegative_high,2024,0.599791895765415,1,0.5671777130007932,True,stable_correct,-0.027168605428183307,0.5740764404076151,True,stable_correct,-0.021244351920807453,0.5671777130007932,True,stable_correct,-0.027168605428183307
annual_head_weighted_slopes,learned_market,2023-12-31,2024-12-06,3365,nonnegative_high,2024,0.5194141762601494,0,0.5009359584071632,True,stable_wrong,0.018854252074706424,0.49313565969860207,True,regression,0.026608307633634087,0.5009359584071632,True,stable_wrong,0.018854252074706424
annual_head_weighted_slopes,learned_market,2023-12-31,2024-12-13,3370,nonnegative_high,2024,0.4097873531920644,0,0.3850188350637022,True,stable_correct,0.019686171482347387,0.38468646653743016,True,stable_correct,0.01994199729910434,0.3850188350637022,True,stable_correct,0.019686171482347387
annual_head_weighted_slopes,learned_market,2023-12-31,2024-12-20,3375,nonnegative_low,2024,0.37197758104539086,1,0.3423627130118021,True,stable_wrong,-0.03807464252759879,0.3477884163417942,True,stable_wrong,-0.030967791148346302,0.3423627130118021,True,stable_wrong,-0.03807464252759879
annual_head_weighted_slopes,learned_market,2023-12-31,2024-12-27,3380,nonnegative_low,2024,0.4359532035543284,0,0.4140622268887575,True,stable_correct,0.018607667953204787,0.4118318815502227,True,stable_correct,0.020449697028084995,0.4140622268887575,True,stable_correct,0.018607667953204787
annual_head_weighted_intercept,learned_vol_interaction,2023-12-31,2024-01-05,3144,negative_low,2024,0.4322708226343081,0,0.45892791400556826,True,stable_correct,-0.023756766152560782,0.4315312688676352,True,stable_correct,0.0006388280904301991,0.45892791400556826,True,stable_correct,-0.023756766152560782
annual_head_weighted_intercept,learned_vol_interaction,2023-12-31,2024-01-12,3149,negative_low,2024,0.46196987411182494,0,0.48908415750549655,True,stable_correct,-0.025787148535965976,0.46132092848569023,True,stable_correct,0.0005991655279960761,0.48908415750549655,True,stable_correct,-0.025787148535965976
annual_head_weighted_intercept,learned_vol_interaction,2023-12-31,2024-01-19,3154,negative_low,2024,0.46060395219855405,1,0.4870366933288524,True,stable_wrong,0.027816742392821836,0.4741793651597201,True,stable_wrong,0.014460756359984783,0.4870366933288524,True,stable_wrong,0.027816742392821836
annual_head_weighted_intercept,learned_vol_interaction,2023-12-31,2024-01-26,3159,negative_high,2024,0.4675286041002546,0,0.49462429630069193,True,stable_correct,-0.02607019883902209,0.4598311366020196,True,stable_correct,0.007138321463227404,0.49462429630069193,True,stable_correct,-0.02607019883902209
annual_head_weighted_intercept,learned_vol_interaction,2023-12-31,2024-02-02,3164,negative_high,2024,0.5542037107248617,1,0.5807381824561678,True,stable_correct,0.022953859881325145,0.5717973088755387,True,stable_correct,0.015376786845251955,0.5807381824561678,True,stable_correct,0.022953859881325145
annual_head_weighted_intercept,learned_vol_interaction,2023-12-31,2024-02-23,3173,negative_high,2024,0.577071502997489,1,0.6026576841735688,True,stable_correct,0.020987597630491572,0.5522815159009277,True,stable_correct,-0.021583327427168314,0.6026576841735688,True,stable_correct,0.020987597630491572
annual_head_weighted_intercept,learned_vol_interaction,2023-12-31,2024-03-01,3178,nonnegative_high,2024,0.5673245806139988,1,0.5937677353357599,True,stable_correct,0.022183365686614775,0.5345428688018811,True,stable_correct,-0.029442322442330887,0.5937677353357599,True,stable_correct,0.022183365686614775
annual_head_weighted_intercept,learned_vol_interaction,2023-12-31,2024-03-08,3183,nonnegative_high,2024,0.589304458001705,1,0.6153382843432099,True,stable_correct,0.020706192725248096,0.5711807331796727,True,stable_correct,-0.015215135379049755,0.6153382843432099,True,stable_correct,0.020706192725248096
annual_head_weighted_intercept,learned_vol_interaction,2023-12-31,2024-03-15,3188,nonnegative_low,2024,0.5214438356356904,0,0.5481449095752232,True,stable_wrong,-0.0285591681707687,0.5202781043678625,True,stable_wrong,0.00121436783784451,0.5481449095752232,True,stable_wrong,-0.0285591681707687
annual_head_weighted_intercept,learned_vol_interaction,2023-12-31,2024-03-22,3193,nonnegative_low,2024,0.5285541392682186,1,0.555471810064104,True,stable_correct,0.024655887953446143,0.5150348972592584,True,stable_correct,-0.012929951275207796,0.555471810064104,True,stable_correct,0.024655887953446143
annual_head_weighted_intercept,learned_vol_interaction,2023-12-31,2024-03-29,3198,nonnegative_low,2024,0.44367874632519505,0,0.4700460745802091,True,stable_correct,-0.02409248228756669,0.4380186275448716,True,stable_correct,0.004990511864403829,0.4700460745802091,True,stable_correct,-0.02409248228756669
annual_head_weighted_intercept,learned_vol_interaction,2023-12-31,2024-04-12,3206,nonnegative_low,2024,0.44182523110053723,1,0.46785555511004606,True,stable_wrong,0.028381362408731403,0.41394124824181006,True,stable_wrong,-0.03190578787639903,0.46785555511004606,True,stable_wrong,0.028381362408731403
annual_head_weighted_intercept,learned_vol_interaction,2023-12-31,2024-04-19,3211,nonnegative_low,2024,0.5293243608727826,1,0.5544183165434382,True,stable_correct,0.022992520635830987,0.5014844725954932,True,stable_correct,-0.026982173795578906,0.5544183165434382,True,stable_correct,0.022992520635830987
annual_head_weighted_intercept,learned_vol_interaction,2023-12-31,2024-04-26,3216,nonnegative_low,2024,0.46013754802883294,1,0.48446217273685227,True,stable_wrong,0.02567221570911349,0.4338564515852388,True,stable_wrong,-0.02906705036333651,0.48446217273685227,True,stable_wrong,0.02567221570911349
annual_head_weighted_intercept,learned_vol_interaction,2023-12-31,2024-05-10,3223,nonnegative_low,2024,0.3055417681413582,1,0.32896812243119694,True,stable_wrong,0.031988455082718026,0.30534865302999137,True,stable_wrong,-0.00026825805101615696,0.32896812243119694,True,stable_wrong,0.031988455082718026
annual_head_weighted_intercept,learned_vol_interaction,2023-12-31,2024-05-17,3228,nonnegative_low,2024,0.33149443746969115,0,0.3555904869550079,True,stable_correct,-0.016556032339552648,0.31470219513114955,True,stable_correct,0.010851090452982853,0.3555904869550079,True,stable_correct,-0.016556032339552648
annual_head_weighted_intercept,learned_vol_interaction,2023-12-31,2024-05-24,3233,nonnegative_low,2024,0.3355830302983678,0,0.36003787011221217,True,stable_correct,-0.017011297690702948,0.3082949971631202,True,stable_correct,0.017570164948426933,0.36003787011221217,True,stable_correct,-0.017011297690702948
annual_head_weighted_intercept,learned_vol_interaction,2023-12-31,2024-05-31,3238,nonnegative_low,2024,0.3794557430818879,0,0.40499185016814376,True,stable_correct,-0.020031737744788475,0.365456283994797,True,stable_correct,0.010428365446541993,0.40499185016814376,True,stable_correct,-0.020031737744788475
annual_head_weighted_intercept,learned_vol_interaction,2023-12-31,2024-06-07,3243,nonnegative_low,2024,0.46751616298071874,0,0.49340303753683035,True,stable_correct,-0.024875194802356837,0.46539756500527535,True,stable_correct,0.00197646913537447,0.49340303753683035,True,stable_correct,-0.024875194802356837
annual_head_weighted_intercept,learned_vol_interaction,2023-12-31,2024-06-14,3247,negative_low,2024,0.53327317665503,0,0.5584791526608086,True,stable_wrong,-0.0275186830169879,0.5394546724249499,True,stable_wrong,-0.006631062661363152,0.5232038708072477,True,stable_wrong,0.010637990512059714
annual_head_weighted_intercept,learned_vol_interaction,2023-12-31,2024-06-21,3252,negative_low,2024,0.4334538495391614,0,0.4604199303772714,True,stable_correct,-0.02410427260829351,0.4420582753663152,True,stable_correct,-0.007533279139523008,0.42268552581263297,True,stable_correct,0.009219185948815933
annual_head_weighted_intercept,learned_vol_interaction,2023-12-31,2024-06-28,3257,negative_low,2024,0.4787611562001755,0,0.5056290351926859,True,recovery,-0.02644847654375751,0.5387302300409477,True,recovery,-0.06101801607384352,0.46794120971168657,True,stable_correct,0.01024326893969224
annual_head_weighted_intercept,learned_vol_interaction,2023-12-31,2024-07-05,3262,negative_low,2024,0.5225954904088185,1,0.5491712407381594,True,stable_correct,0.024668495600425888,0.5585151478122029,True,stable_correct,0.033006191066715485,0.5491712407381594,True,stable_correct,0.024668495600425888
annual_head_weighted_intercept,learned_vol_interaction,2023-12-31,2024-07-12,3267,negative_low,2024,0.501631878942176,1,0.5287742828671521,True,stable_correct,0.026317107599339168,0.4942900695498647,True,recovery,-0.00737174966917481,0.5287742828671521,True,stable_correct,0.026317107599339168
annual_head_weighted_intercept,learned_vol_interaction,2023-12-31,2024-07-19,3272,nonnegative_low,2024,0.44481662977113506,0,0.4715163390726651,True,stable_correct,-0.024465823891537453,0.4065547737288333,True,stable_correct,0.032575050079248186,0.4568623928744864,True,stable_correct,-0.010861411902050505
annual_head_weighted_intercept,learned_vol_interaction,2023-12-31,2024-07-26,3277,negative_low,2024,0.5136705249219183,0,0.5405317975384868,True,stable_wrong,-0.028317215976628562,0.521224007151933,True,stable_wrong,-0.007817057457959131,0.5405317975384868,True,stable_wrong,-0.028317215976628562
annual_head_weighted_intercept,learned_vol_interaction,2023-12-31,2024-08-02,3282,negative_low,2024,0.4751727723152898,0,0.5014632579052075,True,recovery,-0.02567623547910644,0.48284745850412714,True,stable_correct,-0.007352504634096535,0.5014632579052075,True,recovery,-0.02567623547910644
annual_head_weighted_intercept,learned_vol_interaction,2023-12-31,2024-08-09,3287,negative_low,2024,0.4741368162523652,1,0.5008717807058894,True,regression,0.027403108725489067,0.4931317566897,True,stable_wrong,0.01961667194472927,0.5008717807058894,True,regression,0.027403108725489067
annual_head_weighted_intercept,learned_vol_interaction,2023-12-31,2024-08-16,3292,negative_low,2024,0.32516712354104566,0,0.3492271450672321,True,stable_correct,-0.016225940619851956,0.3155327698254005,True,stable_correct,0.006172729398268462,0.3492271450672321,True,stable_correct,-0.016225940619851956
annual_head_weighted_intercept,learned_vol_interaction,2023-12-31,2024-08-23,3297,negative_low,2024,0.2707024025102731,0,0.29280911378303637,True,stable_correct,-0.012457386389573222,0.2527693928971624,True,stable_correct,0.009387424739233874,0.29280911378303637,True,stable_correct,-0.012457386389573222
annual_head_weighted_intercept,learned_vol_interaction,2023-12-31,2024-08-30,3302,negative_low,2024,0.26993247649191005,0,0.2919653543532904,True,stable_correct,-0.012380226277586864,0.22547232534601602,True,stable_correct,0.02202577236811587,0.2919653543532904,True,stable_correct,-0.012380226277586864
annual_head_weighted_intercept,learned_vol_interaction,2023-12-31,2024-09-06,3307,negative_low,2024,0.32460642011693547,0,0.3487204557256131,True,stable_correct,-0.016236628260346886,0.3067432799213654,True,stable_correct,0.01127788820421527,0.3487204557256131,True,stable_correct,-0.016236628260346886
annual_head_weighted_intercept,learned_vol_interaction,2023-12-31,2024-09-13,3312,negative_low,2024,0.3538119307208451,1,0.3789020869896959,True,stable_wrong,0.03179640333296663,0.330627830242931,True,stable_wrong,-0.030500080766564464,0.3789020869896959,True,stable_wrong,0.03179640333296663
annual_head_weighted_intercept,learned_vol_interaction,2023-12-31,2024-09-20,3315,negative_low,2024,0.36104692638354235,1,0.38601986876850763,True,stable_wrong,0.0312894287368779,0.3488766259434648,True,stable_wrong,-0.01570061795884825,0.38601986876850763,True,stable_wrong,0.0312894287368779
annual_head_weighted_intercept,learned_vol_interaction,2023-12-31,2024-09-27,3320,nonnegative_high,2024,0.532808303157618,1,0.5585661089257702,True,stable_correct,0.0234042014095292,0.5057411138909238,True,stable_correct,-0.026023764899320567,0.5585661089257702,True,stable_correct,0.0234042014095292
annual_head_weighted_intercept,learned_vol_interaction,2023-12-31,2024-10-11,3325,nonnegative_high,2024,0.6040377036898446,1,0.6293447187976183,True,stable_correct,0.019400802615994722,0.5991696602376252,True,stable_correct,-0.003878821174809477,0.6293447187976183,True,stable_correct,0.019400802615994722
annual_head_weighted_intercept,learned_vol_interaction,2023-12-31,2024-10-18,3330,nonnegative_high,2024,0.5983901049634146,1,0.6238832687479033,True,stable_correct,0.019826712263535246,0.5943081280184841,True,stable_correct,-0.003295387200569544,0.6238832687479033,True,stable_correct,0.019826712263535246
annual_head_weighted_intercept,learned_vol_interaction,2023-12-31,2024-10-25,3335,nonnegative_high,2024,0.5305641527510342,0,0.5568978495088398,True,stable_wrong,-0.028636894603147667,0.5166948207941847,True,stable_wrong,0.014524782348888043,0.5568978495088398,True,stable_wrong,-0.028636894603147667
annual_head_weighted_intercept,learned_vol_interaction,2023-12-31,2024-11-01,3340,nonnegative_high,2024,0.5219369683580966,1,0.5474833274580004,True,stable_correct,0.023772923294164305,0.4924152723913647,True,recovery,-0.02909799347888503,0.5474833274580004,True,stable_correct,0.023772923294164305
annual_head_weighted_intercept,learned_vol_interaction,2023-12-31,2024-11-08,3345,nonnegative_high,2024,0.4565782815107293,0,0.4825759272030668,True,stable_correct,-0.024415798368608826,0.4288291680677056,True,stable_correct,0.024569271761650302,0.4825759272030668,True,stable_correct,-0.024415798368608826
annual_head_weighted_intercept,learned_vol_interaction,2023-12-31,2024-11-15,3350,nonnegative_high,2024,0.4620954427795971,0,0.4886110263241541,True,stable_correct,-0.02520853680787133,0.43736320592033934,True,stable_correct,0.022245624344754744,0.4886110263241541,True,stable_correct,-0.02520853680787133
annual_head_weighted_intercept,learned_vol_interaction,2023-12-31,2024-11-22,3355,nonnegative_high,2024,0.48944655346677807,1,0.5156089849745039,True,regression,0.02603016632952118,0.4844283944671403,True,stable_wrong,-0.005149258664779055,0.5156089849745039,True,regression,0.02603016632952118
annual_head_weighted_intercept,learned_vol_interaction,2023-12-31,2024-11-29,3360,nonnegative_high,2024,0.5260667354310034,1,0.5531546930691054,True,stable_correct,0.024942010938861114,0.5415145917602457,True,stable_correct,0.01440386969625243,0.5531546930691054,True,stable_correct,0.024942010938861114
annual_head_weighted_intercept,learned_vol_interaction,2023-12-31,2024-12-06,3365,nonnegative_high,2024,0.46822515802804404,0,0.49520297386965,True,stable_correct,-0.025991186718958476,0.47944916450618735,True,stable_correct,-0.010636702735294296,0.49520297386965,True,stable_correct,-0.025991186718958476
annual_head_weighted_intercept,learned_vol_interaction,2023-12-31,2024-12-13,3370,nonnegative_high,2024,0.3589738191500958,0,0.3839718389141411,True,stable_correct,-0.018572170243901426,0.38460920004830945,True,stable_correct,-0.019062033926594835,0.3839718389141411,True,stable_correct,-0.018572170243901426
annual_head_weighted_intercept,learned_vol_interaction,2023-12-31,2024-12-20,3375,nonnegative_low,2024,0.311709569539151,1,0.3353711161711734,True,stable_wrong,0.03201216344442903,0.3393471987144437,True,stable_wrong,0.03728159281752802,0.3353711161711734,True,stable_wrong,0.03201216344442903
annual_head_weighted_intercept,learned_vol_interaction,2023-12-31,2024-12-27,3380,nonnegative_low,2024,0.3770836825605716,0,0.40153678233092266,True,stable_correct,-0.019039683911228816,0.394023758128699,True,stable_correct,-0.013062618316421526,0.40153678233092266,True,stable_correct,-0.019039683911228816
annual_head_weighted_slopes,learned_vol_interaction,2023-12-31,2024-01-05,3144,negative_low,2024,0.4581071080353327,0,0.45892791400556826,True,stable_correct,-0.0007527078210062543,0.4315312688676352,True,stable_correct,0.023642886421984727,0.45892791400556826,True,stable_correct,-0.0007527078210062543
annual_head_weighted_slopes,learned_vol_interaction,2023-12-31,2024-01-12,3149,negative_low,2024,0.48849274475091625,0,0.48908415750549655,True,stable_correct,-0.0005781514485775352,0.46132092848569023,True,stable_correct,0.025808162615384517,0.48908415750549655,True,stable_correct,-0.0005781514485775352
annual_head_weighted_slopes,learned_vol_interaction,2023-12-31,2024-01-19,3154,negative_low,2024,0.5008593301217453,1,0.4870366933288524,True,recovery,-0.013989945664485054,0.4741793651597201,True,recovery,-0.027345931697322107,0.4870366933288524,True,recovery,-0.013989945664485054
annual_head_weighted_slopes,learned_vol_interaction,2023-12-31,2024-01-26,3159,negative_high,2024,0.486930152585574,0,0.49462429630069193,True,stable_correct,-0.007552220993944314,0.4598311366020196,True,stable_correct,0.02565629930830518,0.49462429630069193,True,stable_correct,-0.007552220993944314
annual_head_weighted_slopes,learned_vol_interaction,2023-12-31,2024-02-02,3164,negative_high,2024,0.5978730684027239,1,0.5807381824561678,True,stable_correct,-0.01407440253431727,0.5717973088755387,True,stable_correct,-0.02165147557039046,0.5807381824561678,True,stable_correct,-0.01407440253431727
annual_head_weighted_slopes,learned_vol_interaction,2023-12-31,2024-02-23,3173,negative_high,2024,0.5777154671549628,1,0.6026576841735688,True,stable_correct,0.020443310733839898,0.5522815159009277,True,stable_correct,-0.02212761432381999,0.6026576841735688,True,stable_correct,0.020443310733839898
annual_head_weighted_slopes,learned_vol_interaction,2023-12-31,2024-03-01,3178,nonnegative_high,2024,0.5612398045515534,1,0.5937677353357599,True,stable_correct,0.027485856255721808,0.5345428688018811,True,stable_correct,-0.024139831873223855,0.5937677353357599,True,stable_correct,0.027485856255721808
annual_head_weighted_slopes,learned_vol_interaction,2023-12-31,2024-03-08,3183,nonnegative_high,2024,0.5975382065383333,1,0.6153382843432099,True,stable_correct,0.014010859704356005,0.5711807331796727,True,stable_correct,-0.021910468399941846,0.6153382843432099,True,stable_correct,0.014010859704356005
annual_head_weighted_slopes,learned_vol_interaction,2023-12-31,2024-03-15,3188,nonnegative_low,2024,0.5465524618824832,0,0.5481449095752232,True,stable_wrong,-0.0017432483034264257,0.5202781043678625,True,stable_wrong,0.028030287705186785,0.5481449095752232,True,stable_wrong,-0.0017432483034264257
annual_head_weighted_slopes,learned_vol_interaction,2023-12-31,2024-03-22,3193,nonnegative_low,2024,0.5420174433034677,1,0.555471810064104,True,stable_correct,0.012142710590608369,0.5150348972592584,True,stable_correct,-0.02544312863804557,0.555471810064104,True,stable_correct,0.012142710590608369
annual_head_weighted_slopes,learned_vol_interaction,2023-12-31,2024-03-29,3198,nonnegative_low,2024,0.4640250421385222,0,0.4700460745802091,True,stable_correct,-0.005624072496606181,0.4380186275448716,True,stable_correct,0.02345892165536434,0.4700460745802091,True,stable_correct,-0.005624072496606181
annual_head_weighted_slopes,learned_vol_interaction,2023-12-31,2024-04-12,3206,nonnegative_low,2024,0.43908252516450325,1,0.46785555511004606,True,stable_wrong,0.03145070334859301,0.41394124824181006,True,stable_wrong,-0.02883644693653742,0.46785555511004606,True,stable_wrong,0.03145070334859301
annual_head_weighted_slopes,learned_vol_interaction,2023-12-31,2024-04-19,3211,nonnegative_low,2024,0.526812631277442,1,0.5544183165434382,True,stable_correct,0.02536324928659439,0.5014844725954932,True,stable_correct,-0.024611445144815502,0.5544183165434382,True,stable_correct,0.02536324928659439
annual_head_weighted_slopes,learned_vol_interaction,2023-12-31,2024-04-26,3216,nonnegative_low,2024,0.4573600512366596,1,0.48446217273685227,True,stable_wrong,0.02867886265467362,0.4338564515852388,True,stable_wrong,-0.02606040341777638,0.48446217273685227,True,stable_wrong,0.02867886265467362
annual_head_weighted_slopes,learned_vol_interaction,2023-12-31,2024-05-10,3223,nonnegative_low,2024,0.32890159955481746,1,0.32896812243119694,True,stable_wrong,8.92823665694098e-05,0.30534865302999137,True,stable_wrong,-0.03216743076716477,0.32896812243119694,True,stable_wrong,8.92823665694098e-05
annual_head_weighted_slopes,learned_vol_interaction,2023-12-31,2024-05-17,3228,nonnegative_low,2024,0.3377289835794956,0,0.3555904869550079,True,stable_correct,-0.012383728063260421,0.31470219513114955,True,stable_correct,0.01502339472927508,0.3555904869550079,True,stable_correct,-0.012383728063260421
annual_head_weighted_slopes,learned_vol_interaction,2023-12-31,2024-05-24,3233,nonnegative_low,2024,0.3316989589950586,0,0.36003787011221217,True,stable_correct,-0.019603068516532623,0.3082949971631202,True,stable_correct,0.014978394122597258,0.36003787011221217,True,stable_correct,-0.019603068516532623
annual_head_weighted_slopes,learned_vol_interaction,2023-12-31,2024-05-31,3238,nonnegative_low,2024,0.39021759993680344,0,0.40499185016814376,True,stable_correct,-0.011748623402177027,0.365456283994797,True,stable_correct,0.01871147978915344,0.40499185016814376,True,stable_correct,-0.011748623402177027
annual_head_weighted_slopes,learned_vol_interaction,2023-12-31,2024-06-07,3243,nonnegative_low,2024,0.4907878765568349,0,0.49340303753683035,True,stable_correct,-0.0025738176754037667,0.46539756500527535,True,stable_correct,0.02427784626232754,0.49340303753683035,True,stable_correct,-0.0025738176754037667
annual_head_weighted_slopes,learned_vol_interaction,2023-12-31,2024-06-14,3247,negative_low,2024,0.5637141932654115,0,0.5584791526608086,True,stable_wrong,0.005874727732138929,0.5394546724249499,True,stable_wrong,0.026762348087763677,0.5232038708072477,True,stable_wrong,0.04403140126118654
annual_head_weighted_slopes,learned_vol_interaction,2023-12-31,2024-06-21,3252,negative_low,2024,0.46908416776202255,0,0.4604199303772714,True,stable_correct,0.008053444156377876,0.4420582753663152,True,stable_correct,0.024624437625148377,0.42268552581263297,True,stable_correct,0.04137690271348732
annual_head_weighted_slopes,learned_vol_interaction,2023-12-31,2024-06-28,3257,negative_low,2024,0.5654193112830007,0,0.5056290351926859,True,stable_wrong,0.06403827634185649,0.5387302300409477,True,stable_wrong,0.02946873681177048,0.46794120971168657,True,regression,0.10073002182530624
annual_head_weighted_slopes,learned_vol_interaction,2023-12-31,2024-07-05,3262,negative_low,2024,0.5841466289704321,1,0.5491712407381594,True,stable_correct,-0.030312543980915208,0.5585151478122029,True,stable_correct,-0.02197484851462561,0.5491712407381594,True,stable_correct,-0.030312543980915208
annual_head_weighted_slopes,learned_vol_interaction,2023-12-31,2024-07-12,3267,negative_low,2024,0.5215369658825452,1,0.5287742828671521,True,stable_correct,0.006873198529513985,0.4942900695498647,True,recovery,-0.026815658738999992,0.5287742828671521,True,stable_correct,0.006873198529513985
annual_head_weighted_slopes,learned_vol_interaction,2023-12-31,2024-07-19,3272,nonnegative_low,2024,0.432088877315099,0,0.4715163390726651,True,stable_correct,-0.035626860113065845,0.4065547737288333,True,stable_correct,0.021414013857719794,0.4568623928744864,True,stable_correct,-0.022022448123578897
annual_head_weighted_slopes,learned_vol_interaction,2023-12-31,2024-07-26,3277,negative_low,2024,0.5481699611001819,0,0.5405317975384868,True,stable_wrong,0.008315682102387256,0.521224007151933,True,stable_wrong,0.028815840621056688,0.5405317975384868,True,stable_wrong,0.008315682102387256
annual_head_weighted_slopes,learned_vol_interaction,2023-12-31,2024-08-02,3282,negative_low,2024,0.509231607349587,0,0.5014632579052075,True,stable_wrong,0.007851430894939226,0.48284745850412714,True,regression,0.026175161739949132,0.5014632579052075,True,stable_wrong,0.007851430894939226
annual_head_weighted_slopes,learned_vol_interaction,2023-12-31,2024-08-09,3287,negative_low,2024,0.5196652154784295,1,0.5008717807058894,True,stable_correct,-0.018407474074326108,0.4931317566897,True,recovery,-0.026193910855085906,0.5008717807058894,True,stable_correct,-0.018407474074326108
annual_head_weighted_slopes,learned_vol_interaction,2023-12-31,2024-08-16,3292,negative_low,2024,0.33919113042237187,0,0.3492271450672321,True,stable_correct,-0.006908975894603112,0.3155327698254005,True,stable_correct,0.015489694123517306,0.3492271450672321,True,stable_correct,-0.006908975894603112
annual_head_weighted_slopes,learned_vol_interaction,2023-12-31,2024-08-23,3297,negative_low,2024,0.2739289547929237,0,0.29280911378303637,True,stable_correct,-0.010700104840463506,0.2527693928971624,True,stable_correct,0.01114470628834359,0.29280911378303637,True,stable_correct,-0.010700104840463506
annual_head_weighted_slopes,learned_vol_interaction,2023-12-31,2024-08-30,3302,negative_low,2024,0.2450789422380848,0,0.2919653543532904,True,stable_correct,-0.025180080214103936,0.22547232534601602,True,stable_correct,0.009225918431598798,0.2919653543532904,True,stable_correct,-0.025180080214103936
annual_head_weighted_slopes,learned_vol_interaction,2023-12-31,2024-09-06,3307,negative_low,2024,0.3300014237698226,0,0.3487204557256131,True,stable_correct,-0.012705016551369255,0.3067432799213654,True,stable_correct,0.0148094999131929,0.3487204557256131,True,stable_correct,-0.012705016551369255
annual_head_weighted_slopes,learned_vol_interaction,2023-12-31,2024-09-13,3312,negative_low,2024,0.35497342773186746,1,0.3789020869896959,True,stable_wrong,0.030296661386221224,0.330627830242931,True,stable_wrong,-0.03199982271330987,0.3789020869896959,True,stable_wrong,0.030296661386221224
annual_head_weighted_slopes,learned_vol_interaction,2023-12-31,2024-09-20,3315,negative_low,2024,0.373178411737439,1,0.38601986876850763,True,stable_wrong,0.01593370196495897,0.3488766259434648,True,stable_wrong,-0.031056344730767182,0.38601986876850763,True,stable_wrong,0.01593370196495897
annual_head_weighted_slopes,learned_vol_interaction,2023-12-31,2024-09-27,3320,nonnegative_high,2024,0.5313535541794218,1,0.5585661089257702,True,stable_correct,0.024765610991325182,0.5057411138909238,True,stable_correct,-0.024662355317524587,0.5585661089257702,True,stable_correct,0.024765610991325182
annual_head_weighted_slopes,learned_vol_interaction,2023-12-31,2024-10-11,3325,nonnegative_high,2024,0.624447094890986,1,0.6293447187976183,True,stable_correct,0.0036546470526034047,0.5991696602376252,True,stable_correct,-0.019624976738200794,0.6293447187976183,True,stable_correct,0.0036546470526034047
annual_head_weighted_slopes,learned_vol_interaction,2023-12-31,2024-10-18,3330,nonnegative_high,2024,0.6201916950410146,1,0.6238832687479033,True,stable_correct,0.002790552988055778,0.5943081280184841,True,stable_correct,-0.02033154647604901,0.6238832687479033,True,stable_correct,0.002790552988055778
annual_head_weighted_slopes,learned_vol_interaction,2023-12-31,2024-10-25,3335,nonnegative_high,2024,0.5432830256812142,0,0.5568978495088398,True,stable_wrong,-0.014978768794235486,0.5166948207941847,True,stable_wrong,0.028182908157800224,0.5568978495088398,True,stable_wrong,-0.014978768794235486
annual_head_weighted_slopes,learned_vol_interaction,2023-12-31,2024-11-01,3340,nonnegative_high,2024,0.5187651244322113,1,0.5474833274580004,True,stable_correct,0.02681566653426176,0.4924152723913647,True,recovery,-0.026055250238787575,0.5474833274580004,True,stable_correct,0.02681566653426176
annual_head_weighted_slopes,learned_vol_interaction,2023-12-31,2024-11-08,3345,nonnegative_high,2024,0.45485765409541284,0,0.4825759272030668,True,stable_correct,-0.025984040026717392,0.4288291680677056,True,stable_correct,0.023001030103541736,0.4825759272030668,True,stable_correct,-0.025984040026717392
annual_head_weighted_slopes,learned_vol_interaction,2023-12-31,2024-11-15,3350,nonnegative_high,2024,0.4640406562111341,0,0.4886110263241541,True,stable_correct,-0.023407004428683265,0.43736320592033934,True,stable_correct,0.02404715672394281,0.4886110263241541,True,stable_correct,-0.023407004428683265
annual_head_weighted_slopes,learned_vol_interaction,2023-12-31,2024-11-22,3355,nonnegative_high,2024,0.5107137009965758,1,0.5156089849745039,True,stable_correct,0.0047664269550379,0.4844283944671403,True,recovery,-0.026412998039262336,0.5156089849745039,True,stable_correct,0.0047664269550379
annual_head_weighted_slopes,learned_vol_interaction,2023-12-31,2024-11-29,3360,nonnegative_high,2024,0.5683118013619636,1,0.5531546930691054,True,stable_correct,-0.013316027482812659,0.5415145917602457,True,stable_correct,-0.023854168725421343,0.5531546930691054,True,stable_correct,-0.013316027482812659
annual_head_weighted_slopes,learned_vol_interaction,2023-12-31,2024-12-06,3365,nonnegative_high,2024,0.5065287096866702,0,0.49520297386965,True,regression,0.011345348407497707,0.47944916450618735,True,regression,0.026699832391161887,0.49520297386965,True,regression,0.011345348407497707
annual_head_weighted_slopes,learned_vol_interaction,2023-12-31,2024-12-13,3370,nonnegative_high,2024,0.41043933004184563,0,0.3839718389141411,True,stable_correct,0.02102607056609196,0.38460920004830945,True,stable_correct,0.02053620688339855,0.3839718389141411,True,stable_correct,0.02102607056609196
annual_head_weighted_slopes,learned_vol_interaction,2023-12-31,2024-12-20,3375,nonnegative_low,2024,0.36412976609269393,1,0.3353711161711734,True,stable_wrong,-0.037400598850219624,0.3393471987144437,True,stable_wrong,-0.032131169477120636,0.3353711161711734,True,stable_wrong,-0.037400598850219624
annual_head_weighted_slopes,learned_vol_interaction,2023-12-31,2024-12-27,3380,nonnegative_low,2024,0.4184170507983446,0,0.40153678233092266,True,stable_correct,0.01384104083411375,0.394023758128699,True,stable_correct,0.01981810642892104,0.40153678233092266,True,stable_correct,0.01384104083411375
annual_head_weighted_intercept,learned_order_extension,2023-12-31,2024-01-05,3144,negative_low,2024,0.4604422842172347,0,0.4866788920241623,True,stable_correct,-0.024849246846681494,0.4616625248062925,True,stable_correct,-0.0011251897153358725,0.4866788920241623,True,stable_correct,-0.024849246846681494
annual_head_weighted_intercept,learned_order_extension,2023-12-31,2024-01-12,3149,negative_low,2024,0.46293748309080485,0,0.48947708897483827,True,stable_correct,-0.025276707380832514,0.46366062065747077,True,stable_correct,-0.0006700578980217975,0.48947708897483827,True,stable_correct,-0.025276707380832514
annual_head_weighted_intercept,learned_order_extension,2023-12-31,2024-01-19,3154,negative_low,2024,0.46264815606603643,1,0.4880836382207932,True,stable_wrong,0.026688642721970857,0.4718732117088796,True,stable_wrong,0.009829099668536678,0.4880836382207932,True,stable_wrong,0.026688642721970857
annual_head_weighted_intercept,learned_order_extension,2023-12-31,2024-01-26,3159,negative_high,2024,0.45667941944755763,0,0.4830214553763377,True,stable_correct,-0.024753634206917147,0.4480785383089445,True,stable_correct,0.00778171565387803,0.4830214553763377,True,stable_correct,-0.024753634206917147
annual_head_weighted_intercept,learned_order_extension,2023-12-31,2024-02-02,3164,negative_high,2024,0.5603568639341723,1,0.5862102025124867,True,stable_correct,0.022064090585038637,0.5717388060698724,True,stable_correct,0.00987843686333753,0.5862102025124867,True,stable_correct,0.022064090585038637
annual_head_weighted_intercept,learned_order_extension,2023-12-31,2024-02-23,3173,negative_high,2024,0.5418906176556698,1,0.5673675019522689,True,stable_correct,0.022693327824883675,0.5151997012478006,True,stable_correct,-0.02516712347831812,0.5673675019522689,True,stable_correct,0.022693327824883675
annual_head_weighted_intercept,learned_order_extension,2023-12-31,2024-03-01,3178,nonnegative_high,2024,0.5121181217426821,1,0.5384515583221118,True,stable_correct,0.025001763116601378,0.47688600723324065,True,recovery,-0.03561952229649287,0.5384515583221118,True,stable_correct,0.025001763116601378
annual_head_weighted_intercept,learned_order_extension,2023-12-31,2024-03-08,3183,nonnegative_high,2024,0.5129491363750739,1,0.5392993269011331,True,stable_correct,0.02497343356403736,0.49238240177842685,True,recovery,-0.020457082266452126,0.5392993269011331,True,stable_correct,0.02497343356403736
annual_head_weighted_intercept,learned_order_extension,2023-12-31,2024-03-15,3188,nonnegative_low,2024,0.45807712097282965,0,0.4842607161499172,True,stable_correct,-0.0246737924472743,0.4604798942803307,True,stable_correct,-0.0022070842776681365,0.4842607161499172,True,stable_correct,-0.0246737924472743
annual_head_weighted_intercept,learned_order_extension,2023-12-31,2024-03-22,3193,nonnegative_low,2024,0.45909483627545544,1,0.48567927812333167,True,stable_wrong,0.028052591192139154,0.43450001536238886,True,stable_wrong,-0.02721183648126213,0.48567927812333167,True,stable_wrong,0.028052591192139154
annual_head_weighted_intercept,learned_order_extension,2023-12-31,2024-03-29,3198,nonnegative_low,2024,0.40375086709039926,0,0.4293195058974431,True,stable_correct,-0.021300475467775443,0.38939668620112083,True,stable_correct,0.011384983451835085,0.4293195058974431,True,stable_correct,-0.021300475467775443
annual_head_weighted_intercept,learned_order_extension,2023-12-31,2024-04-12,3206,nonnegative_low,2024,0.38376623370269547,1,0.40916533567359775,True,stable_wrong,0.030658454155268577,0.33558990230363867,True,stable_wrong,-0.06169672319592756,0.40916533567359775,True,stable_wrong,0.030658454155268577
annual_head_weighted_intercept,learned_order_extension,2023-12-31,2024-04-19,3211,nonnegative_low,2024,0.43600819754355263,1,0.46208922067318675,True,stable_wrong,0.028738746722092867,0.3909765210500278,True,stable_wrong,-0.052822844674254854,0.46208922067318675,True,stable_wrong,0.028738746722092867
annual_head_weighted_intercept,learned_order_extension,2023-12-31,2024-04-26,3216,nonnegative_low,2024,0.4147355276058709,1,0.4406173256237107,True,stable_wrong,0.029625526254408674,0.3832517377875671,True,stable_wrong,-0.03784391629527756,0.4406173256237107,True,stable_wrong,0.029625526254408674
annual_head_weighted_intercept,learned_order_extension,2023-12-31,2024-05-10,3223,nonnegative_low,2024,0.36446758091371034,1,0.38952916116694514,True,stable_wrong,0.031226810644137626,0.38031494512481395,True,stable_wrong,0.019891888474009023,0.38952916116694514,True,stable_wrong,0.031226810644137626
annual_head_weighted_intercept,learned_order_extension,2023-12-31,2024-05-17,3228,nonnegative_low,2024,0.38220518245696633,0,0.4075851968379441,True,stable_correct,-0.020044891184462704,0.36987857594223567,True,stable_correct,0.009270640555906734,0.4075851968379441,True,stable_correct,-0.020044891184462704
annual_head_weighted_intercept,learned_order_extension,2023-12-31,2024-05-24,3233,nonnegative_low,2024,0.3793933757962946,0,0.40474626649772616,True,stable_correct,-0.019880206645739945,0.3593241659500486,True,stable_correct,0.014825477362410355,0.40474626649772616,True,stable_correct,-0.019880206645739945
annual_head_weighted_intercept,learned_order_extension,2023-12-31,2024-05-31,3238,nonnegative_low,2024,0.4006674455607168,0,0.4262690243589786,True,stable_correct,-0.021170879195805542,0.39216138049794225,True,stable_correct,0.006743853578098119,0.4262690243589786,True,stable_correct,-0.021170879195805542
annual_head_weighted_intercept,learned_order_extension,2023-12-31,2024-06-07,3243,nonnegative_low,2024,0.4702696531744419,0,0.49598480551886315,True,stable_correct,-0.024847380608774616,0.4736733318430919,True,stable_correct,-0.003212878602525976,0.49598480551886315,True,stable_correct,-0.024847380608774616
annual_head_weighted_intercept,learned_order_extension,2023-12-31,2024-06-14,3247,negative_low,2024,0.535859382496162,0,0.5607880655537296,True,stable_wrong,-0.027337976658326046,0.5453628607325053,True,stable_wrong,-0.010275372057173882,0.5248624673858119,True,stable_wrong,0.011664668138845646
annual_head_weighted_intercept,learned_order_extension,2023-12-31,2024-06-21,3252,negative_low,2024,0.4408860339065237,0,0.4673270236910448,True,stable_correct,-0.024014052178105982,0.45031110020628695,True,stable_correct,-0.00839959207517224,0.4291914321261599,True,stable_correct,0.010175209483320236
annual_head_weighted_intercept,learned_order_extension,2023-12-31,2024-06-28,3257,negative_low,2024,0.4859097352252661,0,0.5123655404125426,True,recovery,-0.026410176215548614,0.5531208518159288,True,recovery,-0.06983440592689052,0.4741074325204293,True,stable_correct,0.011330413215574764
annual_head_weighted_intercept,learned_order_extension,2023-12-31,2024-07-05,3262,negative_low,2024,0.5356406859910599,1,0.5613429018342369,True,stable_correct,0.0232095227356455,0.5744961665827922,True,stable_correct,0.03457606025411458,0.5613429018342369,True,stable_correct,0.0232095227356455
annual_head_weighted_intercept,learned_order_extension,2023-12-31,2024-07-12,3267,negative_low,2024,0.5147493965070016,1,0.5412117229921707,True,stable_correct,0.024981465070506442,0.5123337937259517,True,stable_correct,-0.0023501805514034857,0.5412117229921707,True,stable_correct,0.024981465070506442
annual_head_weighted_intercept,learned_order_extension,2023-12-31,2024-07-19,3272,nonnegative_low,2024,0.4675145952683981,0,0.4939299052043739,True,stable_correct,-0.025396854466227692,0.43655117740037513,True,stable_correct,0.0279929662993203,0.4939299052043739,True,stable_correct,-0.025396854466227692
annual_head_weighted_intercept,learned_order_extension,2023-12-31,2024-07-26,3277,negative_low,2024,0.5316275696400475,0,0.5578500912341646,True,stable_wrong,-0.028568851488582236,0.5377095344890299,True,stable_wrong,-0.006503670679025686,0.5578500912341646,True,stable_wrong,-0.028568851488582236
annual_head_weighted_intercept,learned_order_extension,2023-12-31,2024-08-02,3282,negative_low,2024,0.4990652286076734,0,0.5248830506826679,True,recovery,-0.026436114488714857,0.5050022438559317,True,recovery,-0.005961163894296628,0.5248830506826679,True,recovery,-0.026436114488714857
annual_head_weighted_intercept,learned_order_extension,2023-12-31,2024-08-09,3287,negative_low,2024,0.49794077322932867,1,0.5243420762659885,True,regression,0.025813006774613734,0.5197358830235045,True,regression,0.021409845130351463,0.5243420762659885,True,regression,0.025813006774613734
annual_head_weighted_intercept,learned_order_extension,2023-12-31,2024-08-16,3292,negative_low,2024,0.3629535940447499,0,0.3877996718214775,True,stable_correct,-0.01865327403484454,0.3526394752123074,True,stable_correct,0.007380711951989569,0.3877996718214775,True,stable_correct,-0.01865327403484454
annual_head_weighted_intercept,learned_order_extension,2023-12-31,2024-08-23,3297,negative_low,2024,0.33006657175331405,0,0.3540373405890948,True,stable_correct,-0.016398496742413088,0.31348953370414767,True,stable_correct,0.010668254046941675,0.3540373405890948,True,stable_correct,-0.016398496742413088
annual_head_weighted_intercept,learned_order_extension,2023-12-31,2024-08-30,3302,negative_low,2024,0.3255703637415502,0,0.34923889453090035,True,stable_correct,-0.015971743706360036,0.27734822357684824,True,stable_correct,0.029074024625571904,0.34923889453090035,True,stable_correct,-0.015971743706360036
annual_head_weighted_intercept,learned_order_extension,2023-12-31,2024-09-06,3307,negative_low,2024,0.3678101743559896,0,0.3925785960122692,True,stable_correct,-0.01883362968718097,0.34890977770279585,True,stable_correct,0.013546291383169068,0.3925785960122692,True,stable_correct,-0.01883362968718097
annual_head_weighted_intercept,learned_order_extension,2023-12-31,2024-09-13,3312,negative_low,2024,0.38229735795498515,1,0.4075816678740411,True,stable_wrong,0.030597073750488923,0.3591134993645982,True,stable_wrong,-0.029178952707299144,0.4075816678740411,True,stable_wrong,0.030597073750488923
annual_head_weighted_intercept,learned_order_extension,2023-12-31,2024-09-20,3315,negative_low,2024,0.39554459937233855,1,0.420834532949901,True,stable_wrong,0.029933693124587435,0.38963236991982564,True,stable_wrong,-0.007182312501741839,0.420834532949901,True,stable_wrong,0.029933693124587435
annual_head_weighted_intercept,learned_order_extension,2023-12-31,2024-09-27,3320,nonnegative_high,2024,0.5483713008430015,1,0.5745419581332157,True,stable_correct,0.022953936513124357,0.5406876571785534,True,stable_correct,-0.0069993463658833965,0.5745419581332157,True,stable_correct,0.022953936513124357
annual_head_weighted_intercept,learned_order_extension,2023-12-31,2024-10-11,3325,nonnegative_high,2024,0.585551613000179,1,0.6109418882795669,True,stable_correct,0.02040125119128436,0.5754863951709375,True,stable_correct,-0.008444335198212055,0.6109418882795669,True,stable_correct,0.02040125119128436
annual_head_weighted_intercept,learned_order_extension,2023-12-31,2024-10-18,3330,nonnegative_high,2024,0.5761309781949538,1,0.6018748821701272,True,stable_correct,0.02116133819891658,0.5580359250596737,True,stable_correct,-0.01566729589189167,0.6018748821701272,True,stable_correct,0.02116133819891658
annual_head_weighted_intercept,learned_order_extension,2023-12-31,2024-10-25,3335,nonnegative_high,2024,0.529046907119065,0,0.5554558906193844,True,stable_wrong,-0.02864061649152494,0.5043420217866018,True,stable_wrong,0.025529754992451414,0.5554558906193844,True,stable_wrong,-0.02864061649152494
annual_head_weighted_intercept,learned_order_extension,2023-12-31,2024-11-01,3340,nonnegative_high,2024,0.5297194554004044,1,0.55604192151068,True,stable_correct,0.024065015172962972,0.48125369043895794,True,recovery,-0.047933943054308314,0.55604192151068,True,stable_correct,0.024065015172962972
annual_head_weighted_intercept,learned_order_extension,2023-12-31,2024-11-08,3345,nonnegative_high,2024,0.4341998797816495,0,0.4597101201750469,True,stable_correct,-0.022803858988957232,0.4015205346060678,True,stable_correct,0.027310795892056372,0.4597101201750469,True,stable_correct,-0.022803858988957232
annual_head_weighted_intercept,learned_order_extension,2023-12-31,2024-11-15,3350,nonnegative_high,2024,0.43577011753246914,0,0.461564107484753,True,stable_correct,-0.02314582998393469,0.40625405019206845,True,stable_correct,0.02485324203680228,0.461564107484753,True,stable_correct,-0.02314582998393469
annual_head_weighted_intercept,learned_order_extension,2023-12-31,2024-11-22,3355,nonnegative_high,2024,0.475194114267179,1,0.5003827563732178,True,regression,0.025803827570587412,0.47100145655916165,True,stable_wrong,-0.004418241262717781,0.5003827563732178,True,regression,0.025803827570587412
annual_head_weighted_intercept,learned_order_extension,2023-12-31,2024-11-29,3360,nonnegative_high,2024,0.5265159546849073,1,0.5530023017476665,True,stable_correct,0.024380198925060576,0.5396670977698385,True,stable_correct,0.012280760292301268,0.5530023017476665,True,stable_correct,0.024380198925060576
annual_head_weighted_intercept,learned_order_extension,2023-12-31,2024-12-06,3365,nonnegative_high,2024,0.4534684068106227,0,0.47981973199484634,True,stable_correct,-0.024593379236241747,0.4627993862897957,True,stable_correct,-0.008549675974847126,0.47981973199484634,True,stable_correct,-0.024593379236241747
annual_head_weighted_intercept,learned_order_extension,2023-12-31,2024-12-13,3370,nonnegative_high,2024,0.3396836446467473,0,0.3633116693830059,True,stable_correct,-0.01661039066936891,0.3637513329478816,True,stable_correct,-0.016930053780862916,0.3633116693830059,True,stable_correct,-0.01661039066936891
annual_head_weighted_intercept,learned_order_extension,2023-12-31,2024-12-20,3375,nonnegative_low,2024,0.2817381632162265,1,0.3035051891219396,True,stable_wrong,0.030795044599934818,0.3034875221870504,True,stable_wrong,0.030770434430865246,0.3035051891219396,True,stable_wrong,0.030795044599934818
annual_head_weighted_intercept,learned_order_extension,2023-12-31,2024-12-27,3380,nonnegative_low,2024,0.3635901494531309,0,0.3856658276439699,True,stable_correct,-0.01654033383295822,0.3787167951970309,True,stable_correct,-0.011228614184959768,0.3856658276439699,True,stable_correct,-0.01654033383295822
annual_head_weighted_slopes,learned_order_extension,2023-12-31,2024-01-05,3144,negative_low,2024,0.4875833369744694,0,0.4866788920241623,True,stable_correct,0.000881166553292706,0.4616625248062925,True,stable_correct,0.024605223684638328,0.4866788920241623,True,stable_correct,0.000881166553292706
annual_head_weighted_slopes,learned_order_extension,2023-12-31,2024-01-12,3149,negative_low,2024,0.49023687512555264,0,0.48947708897483827,True,stable_correct,0.0007443731015849553,0.46366062065747077,True,stable_correct,0.02535102258439567,0.48947708897483827,True,stable_correct,0.0007443731015849553
annual_head_weighted_slopes,learned_order_extension,2023-12-31,2024-01-19,3154,negative_low,2024,0.49750295515155046,1,0.4880836382207932,True,stable_wrong,-0.00955508137583505,0.4718732117088796,True,stable_wrong,-0.02641462442926923,0.4880836382207932,True,stable_wrong,-0.00955508137583505
annual_head_weighted_slopes,learned_order_extension,2023-12-31,2024-01-26,3159,negative_high,2024,0.47438656364580006,0,0.4830214553763377,True,stable_correct,-0.008267114586204716,0.4480785383089445,True,stable_correct,0.02426823527459046,0.4830214553763377,True,stable_correct,-0.008267114586204716
annual_head_weighted_slopes,learned_order_extension,2023-12-31,2024-02-02,3164,negative_high,2024,0.5972371674465821,1,0.5862102025124867,True,stable_correct,-0.009004097218304696,0.5717388060698724,True,stable_correct,-0.021189750940005803,0.5862102025124867,True,stable_correct,-0.009004097218304696
annual_head_weighted_slopes,learned_order_extension,2023-12-31,2024-02-23,3173,negative_high,2024,0.5400253384442815,1,0.5673675019522689,True,stable_correct,0.024405810906277775,0.5151997012478006,True,stable_correct,-0.02345464039692402,0.5673675019522689,True,stable_correct,0.024405810906277775
annual_head_weighted_slopes,learned_order_extension,2023-12-31,2024-03-01,3178,nonnegative_high,2024,0.5026415540014473,1,0.5384515583221118,True,stable_correct,0.034338459790808296,0.47688600723324065,True,recovery,-0.026282825622285955,0.5384515583221118,True,stable_correct,0.034338459790808296
annual_head_weighted_slopes,learned_order_extension,2023-12-31,2024-03-08,3183,nonnegative_high,2024,0.518422617860362,1,0.5392993269011331,True,stable_correct,0.01967166479471788,0.49238240177842685,True,recovery,-0.025758851035771607,0.5392993269011331,True,stable_correct,0.01967166479471788
annual_head_weighted_slopes,learned_order_extension,2023-12-31,2024-03-15,3188,nonnegative_low,2024,0.4858870509214002,0,0.4842607161499172,True,stable_correct,0.001577785047064656,0.4604798942803307,True,stable_correct,0.02404449321667082,0.4842607161499172,True,stable_correct,0.001577785047064656
annual_head_weighted_slopes,learned_order_extension,2023-12-31,2024-03-22,3193,nonnegative_low,2024,0.46074669198479595,1,0.48567927812333167,True,stable_wrong,0.02626832525360323,0.43450001536238886,True,stable_wrong,-0.028996102419798053,0.48567927812333167,True,stable_wrong,0.02626832525360323
annual_head_weighted_slopes,learned_order_extension,2023-12-31,2024-03-29,3198,nonnegative_low,2024,0.41466883826514467,0,0.4293195058974431,True,stable_correct,-0.012364992715860001,0.38939668620112083,True,stable_correct,0.020320466203750526,0.4293195058974431,True,stable_correct,-0.012364992715860001
annual_head_weighted_slopes,learned_order_extension,2023-12-31,2024-04-12,3206,nonnegative_low,2024,0.3597309960473996,1,0.40916533567359775,True,stable_wrong,0.06085879685276274,0.33558990230363867,True,stable_wrong,-0.031496380498433396,0.40916533567359775,True,stable_wrong,0.06085879685276274
annual_head_weighted_slopes,learned_order_extension,2023-12-31,2024-04-19,3211,nonnegative_low,2024,0.4163748844251871,1,0.46208922067318675,True,stable_wrong,0.05127026901373416,0.3909765210500278,True,stable_wrong,-0.03029132238261356,0.46208922067318675,True,stable_wrong,0.05127026901373416
annual_head_weighted_slopes,learned_order_extension,2023-12-31,2024-04-26,3216,nonnegative_low,2024,0.4083093286204777,1,0.4406173256237107,True,stable_wrong,0.03718887420518008,0.3832517377875671,True,stable_wrong,-0.030280568344506154,0.4406173256237107,True,stable_wrong,0.03718887420518008
annual_head_weighted_slopes,learned_order_extension,2023-12-31,2024-05-10,3223,nonnegative_low,2024,0.4056349877229537,1,0.38952916116694514,True,stable_wrong,-0.019404877246440244,0.38031494512481395,True,stable_wrong,-0.030739799416568847,0.38952916116694514,True,stable_wrong,-0.019404877246440244
annual_head_weighted_slopes,learned_order_extension,2023-12-31,2024-05-17,3228,nonnegative_low,2024,0.39484588104722423,0,0.4075851968379441,True,stable_correct,-0.010222422901466882,0.36987857594223567,True,stable_correct,0.019093108838902556,0.4075851968379441,True,stable_correct,-0.010222422901466882
annual_head_weighted_slopes,learned_order_extension,2023-12-31,2024-05-24,3233,nonnegative_low,2024,0.3842242416871293,0,0.40474626649772616,True,stable_correct,-0.0161912723437988,0.3593241659500486,True,stable_correct,0.0185144116643515,0.40474626649772616,True,stable_correct,-0.0161912723437988
annual_head_weighted_slopes,learned_order_extension,2023-12-31,2024-05-31,3238,nonnegative_low,2024,0.41729591132279054,0,0.4262690243589786,True,stable_correct,-0.00756940352123725,0.39216138049794225,True,stable_correct,0.02034532925266641,0.4262690243589786,True,stable_correct,-0.00756940352123725
annual_head_weighted_slopes,learned_order_extension,2023-12-31,2024-06-07,3243,nonnegative_low,2024,0.4990041857018377,0,0.49598480551886315,True,stable_correct,0.003004250042369594,0.4736733318430919,True,stable_correct,0.024638752048618234,0.49598480551886315,True,stable_correct,0.003004250042369594
annual_head_weighted_slopes,learned_order_extension,2023-12-31,2024-06-14,3247,negative_low,2024,0.5693682805104747,0,0.5607880655537296,True,stable_wrong,0.009696984383960494,0.5453628607325053,True,stable_wrong,0.02675958898511266,0.5248624673858119,True,stable_wrong,0.04869962918113219
annual_head_weighted_slopes,learned_order_extension,2023-12-31,2024-06-21,3252,negative_low,2024,0.47680427798497194,0,0.4673270236910448,True,stable_correct,0.008947772432840062,0.45031110020628695,True,stable_correct,0.024562232535773804,0.4291914321261599,True,stable_correct,0.04313703409426628
annual_head_weighted_slopes,learned_order_extension,2023-12-31,2024-06-28,3257,negative_low,2024,0.5791862470111218,0,0.5123655404125426,True,stable_wrong,0.07293826172459134,0.5531208518159288,True,stable_wrong,0.029514032013249425,0.4741074325204293,True,regression,0.11067885115571471
annual_head_weighted_slopes,learned_order_extension,2023-12-31,2024-07-05,3262,negative_low,2024,0.5990169924668466,1,0.5613429018342369,True,stable_correct,-0.031632677440875,0.5744961665827922,True,stable_correct,-0.020266139922405918,0.5613429018342369,True,stable_correct,-0.031632677440875
annual_head_weighted_slopes,learned_order_extension,2023-12-31,2024-07-12,3267,negative_low,2024,0.5389044467327592,1,0.5412117229921707,True,stable_correct,0.002122426123010196,0.5123337937259517,True,stable_correct,-0.025209219498899732,0.5412117229921707,True,stable_correct,0.002122426123010196
annual_head_weighted_slopes,learned_order_extension,2023-12-31,2024-07-19,3272,nonnegative_low,2024,0.46241794093378646,0,0.4939299052043739,True,stable_correct,-0.030136399157758953,0.43655117740037513,True,stable_correct,0.023253421607789038,0.4939299052043739,True,stable_correct,-0.030136399157758953
annual_head_weighted_slopes,learned_order_extension,2023-12-31,2024-07-26,3277,negative_low,2024,0.564014510533006,0,0.5578500912341646,True,stable_wrong,0.006915643801820526,0.5377095344890299,True,stable_wrong,0.028980824611377076,0.5578500912341646,True,stable_wrong,0.006915643801820526
annual_head_weighted_slopes,learned_order_extension,2023-12-31,2024-08-02,3282,negative_low,2024,0.5308480991251494,0,0.5248830506826679,True,stable_wrong,0.0062974874508403,0.5050022438559317,True,stable_wrong,0.02677243804525853,0.5248830506826679,True,stable_wrong,0.0062974874508403
annual_head_weighted_slopes,learned_order_extension,2023-12-31,2024-08-09,3287,negative_low,2024,0.5458769501224962,1,0.5243420762659885,True,stable_correct,-0.020022715980904854,0.5197358830235045,True,stable_correct,-0.024425877625167125,0.5243420762659885,True,stable_correct,-0.020022715980904854
annual_head_weighted_slopes,learned_order_extension,2023-12-31,2024-08-16,3292,negative_low,2024,0.3771505420875631,0,0.3877996718214775,True,stable_correct,-0.008146054067902947,0.3526394752123074,True,stable_correct,0.017887931918931163,0.3877996718214775,True,stable_correct,-0.008146054067902947
annual_head_weighted_slopes,learned_order_extension,2023-12-31,2024-08-23,3297,negative_low,2024,0.3368171925285106,0,0.3540373405890948,True,stable_correct,-0.011896617348610916,0.31348953370414767,True,stable_correct,0.015170133440743847,0.3540373405890948,True,stable_correct,-0.011896617348610916
annual_head_weighted_slopes,learned_order_extension,2023-12-31,2024-08-30,3302,negative_low,2024,0.29916599380766223,0,0.34923889453090035,True,stable_correct,-0.03246751360223914,0.27734822357684824,True,stable_correct,0.012578254729692803,0.34923889453090035,True,stable_correct,-0.03246751360223914
annual_head_weighted_slopes,learned_order_extension,2023-12-31,2024-09-06,3307,negative_low,2024,0.3728137599119033,0,0.3925785960122692,True,stable_correct,-0.015127854467314183,0.34890977770279585,True,stable_correct,0.017252066603035854,0.3925785960122692,True,stable_correct,-0.015127854467314183
annual_head_weighted_slopes,learned_order_extension,2023-12-31,2024-09-13,3312,negative_low,2024,0.3837152809971545,1,0.4075816678740411,True,stable_wrong,0.028847374637513412,0.3591134993645982,True,stable_wrong,-0.030928651820274655,0.4075816678740411,True,stable_wrong,0.028847374637513412
annual_head_weighted_slopes,learned_order_extension,2023-12-31,2024-09-20,3315,negative_low,2024,0.41420518229474695,1,0.420834532949901,True,stable_wrong,0.007722930226971292,0.38963236991982564,True,stable_wrong,-0.029393075399357982,0.420834532949901,True,stable_wrong,0.007722930226971292
annual_head_weighted_slopes,learned_order_extension,2023-12-31,2024-09-27,3320,nonnegative_high,2024,0.5667047645630402,1,0.5745419581332157,True,stable_correct,0.006730215663252076,0.5406876571785534,True,stable_correct,-0.023223067215755677,0.5745419581332157,True,stable_correct,0.006730215663252076
annual_head_weighted_slopes,learned_order_extension,2023-12-31,2024-10-11,3325,nonnegative_high,2024,0.600961563156695,1,0.6109418882795669,True,stable_correct,0.007865459782879253,0.5754863951709375,True,stable_correct,-0.02098012660661716,0.6109418882795669,True,stable_correct,0.007865459782879253
annual_head_weighted_slopes,learned_order_extension,2023-12-31,2024-10-18,3330,nonnegative_high,2024,0.5834584386642919,1,0.6018748821701272,True,stable_correct,0.015003262872939349,0.5580359250596737,True,stable_correct,-0.0218253712178689,0.6018748821701272,True,stable_correct,0.015003262872939349
annual_head_weighted_slopes,learned_order_extension,2023-12-31,2024-10-25,3335,nonnegative_high,2024,0.5304043134361147,0,0.5554558906193844,True,stable_wrong,-0.02720251071213725,0.5043420217866018,True,stable_wrong,0.026967860771839103,0.5554558906193844,True,stable_wrong,-0.02720251071213725
annual_head_weighted_slopes,learned_order_extension,2023-12-31,2024-11-01,3340,nonnegative_high,2024,0.5064839449256779,1,0.55604192151068,True,stable_correct,0.04645932116019208,0.48125369043895794,True,recovery,-0.025539637067079207,0.55604192151068,True,stable_correct,0.04645932116019208
annual_head_weighted_slopes,learned_order_extension,2023-12-31,2024-11-08,3345,nonnegative_high,2024,0.426901914684594,0,0.4597101201750469,True,stable_correct,-0.029088149829983728,0.4015205346060678,True,stable_correct,0.021026505051029876,0.4597101201750469,True,stable_correct,-0.029088149829983728
annual_head_weighted_slopes,learned_order_extension,2023-12-31,2024-11-15,3350,nonnegative_high,2024,0.4320485625774321,0,0.461564107484753,True,stable_correct,-0.02637546489297135,0.40625405019206845,True,stable_correct,0.02162360712776562,0.461564107484753,True,stable_correct,-0.02637546489297135
annual_head_weighted_slopes,learned_order_extension,2023-12-31,2024-11-22,3355,nonnegative_high,2024,0.4963434445180798,1,0.5003827563732178,True,regression,0.00405253575068909,0.47100145655916165,True,stable_wrong,-0.026169533082616103,0.5003827563732178,True,regression,0.00405253575068909
annual_head_weighted_slopes,learned_order_extension,2023-12-31,2024-11-29,3360,nonnegative_high,2024,0.5658961654665531,1,0.5530023017476665,True,stable_correct,-0.011360803086241905,0.5396670977698385,True,stable_correct,-0.023460241719001212,0.5530023017476665,True,stable_correct,-0.011360803086241905
annual_head_weighted_slopes,learned_order_extension,2023-12-31,2024-12-06,3365,nonnegative_high,2024,0.4892906870972924,0,0.47981973199484634,True,stable_correct,0.009178401268534309,0.4627993862897957,True,stable_correct,0.02522210452992893,0.47981973199484634,True,stable_correct,0.009178401268534309
annual_head_weighted_slopes,learned_order_extension,2023-12-31,2024-12-13,3370,nonnegative_high,2024,0.3882500698172933,0,0.3633116693830059,True,stable_correct,0.018742747603266552,0.3637513329478816,True,stable_correct,0.018423084491772546,0.3633116693830059,True,stable_correct,0.018742747603266552
annual_head_weighted_slopes,learned_order_extension,2023-12-31,2024-12-20,3375,nonnegative_low,2024,0.3262872494578115,1,0.3035051891219396,True,stable_wrong,-0.031216151336944054,0.3034875221870504,True,stable_wrong,-0.031240761506013626,0.3035051891219396,True,stable_wrong,-0.031216151336944054
annual_head_weighted_slopes,learned_order_extension,2023-12-31,2024-12-27,3380,nonnegative_low,2024,0.4001522761834677,0,0.3856658276439699,True,stable_correct,0.011383713522501948,0.3787167951970309,True,stable_correct,0.0166954331705004,0.3856658276439699,True,stable_correct,0.011383713522501948
annual_head_weighted_intercept,learned_order_offset,2023-12-31,2024-01-05,3144,negative_low,2024,0.4606409524959534,0,0.4874576607365766,True,stable_correct,-0.025424883894396233,0.464237973462074,True,stable_correct,-0.003326808887794158,0.4874576607365766,True,stable_correct,-0.025424883894396233
annual_head_weighted_intercept,learned_order_offset,2023-12-31,2024-01-12,3149,negative_low,2024,0.4623792040595447,0,0.4895127375204753,True,stable_correct,-0.025828191848051685,0.4657273939231586,True,stable_correct,-0.003107477103718864,0.4895127375204753,True,stable_correct,-0.025828191848051685
annual_head_weighted_intercept,learned_order_offset,2023-12-31,2024-01-19,3154,negative_low,2024,0.46226235312703157,1,0.4882937569828935,True,stable_wrong,0.027318497721795343,0.47327999228377604,True,stable_wrong,0.011727810335898259,0.4882937569828935,True,stable_wrong,0.027318497721795343
annual_head_weighted_intercept,learned_order_offset,2023-12-31,2024-01-26,3159,negative_high,2024,0.45619354648469757,0,0.48312041963117514,True,stable_correct,-0.025292788010316813,0.44901131892093665,True,stable_correct,0.006501387335166836,0.48312041963117514,True,stable_correct,-0.025292788010316813
annual_head_weighted_intercept,learned_order_offset,2023-12-31,2024-02-02,3164,negative_high,2024,0.5598554947754791,1,0.5862910169307108,True,stable_correct,0.022572062807112908,0.5759816210208094,True,stable_correct,0.013935599767197798,0.5862910169307108,True,stable_correct,0.022572062807112908
annual_head_weighted_intercept,learned_order_offset,2023-12-31,2024-02-23,3173,negative_high,2024,0.5401928260031827,1,0.5662643977456293,True,stable_correct,0.023296064595977717,0.5154997317528354,True,stable_correct,-0.02331787267263513,0.5662643977456293,True,stable_correct,0.023296064595977717
annual_head_weighted_intercept,learned_order_offset,2023-12-31,2024-03-01,3178,nonnegative_high,2024,0.5099580200122199,1,0.5368864838308471,True,stable_correct,0.025667013291787666,0.47321467779923676,True,recovery,-0.03736163353581806,0.5368864838308471,True,stable_correct,0.025667013291787666
annual_head_weighted_intercept,learned_order_offset,2023-12-31,2024-03-08,3183,nonnegative_high,2024,0.5107003651970448,1,0.5376513309074916,True,stable_correct,0.02564784080669158,0.4873800279979344,True,recovery,-0.02336510307709319,0.5376513309074916,True,stable_correct,0.02564784080669158
annual_head_weighted_intercept,learned_order_offset,2023-12-31,2024-03-15,3188,nonnegative_low,2024,0.4548365565206493,0,0.4815850329937738,True,stable_correct,-0.025047850856052406,0.4555568260345151,True,stable_correct,-0.0006557285990796136,0.4815850329937738,True,stable_correct,-0.025047850856052406
annual_head_weighted_intercept,learned_order_offset,2023-12-31,2024-03-22,3193,nonnegative_low,2024,0.4554736792274185,1,0.48263622791018507,True,stable_wrong,0.02884364134312223,0.43049231934371135,True,stable_wrong,-0.027830084312380987,0.48263622791018507,True,stable_wrong,0.02884364134312223
annual_head_weighted_intercept,learned_order_offset,2023-12-31,2024-03-29,3198,nonnegative_low,2024,0.4013087054030892,0,0.4274249749744228,True,stable_correct,-0.021643432199582507,0.3858640965631275,True,stable_correct,0.012157576015824872,0.4274249749744228,True,stable_correct,-0.021643432199582507
annual_head_weighted_intercept,learned_order_offset,2023-12-31,2024-04-12,3206,nonnegative_low,2024,0.38135366440553575,1,0.40728089519124744,True,stable_wrong,0.03140735133916944,0.33650266834467785,True,stable_wrong,-0.05750542056927399,0.40728089519124744,True,stable_wrong,0.03140735133916944
annual_head_weighted_intercept,learned_order_offset,2023-12-31,2024-04-19,3211,nonnegative_low,2024,0.4335998913765769,1,0.4602545332026354,True,stable_wrong,0.02948391412032042,0.38711249637773637,True,stable_wrong,-0.05482200904770468,0.4602545332026354,True,stable_wrong,0.02948391412032042
annual_head_weighted_intercept,learned_order_offset,2023-12-31,2024-04-26,3216,nonnegative_low,2024,0.41363878514744146,1,0.44009108231702837,True,stable_wrong,0.030321478182451567,0.3788403949577995,True,stable_wrong,-0.042019780652814254,0.44009108231702837,True,stable_wrong,0.030321478182451567
annual_head_weighted_intercept,learned_order_offset,2023-12-31,2024-05-10,3223,nonnegative_low,2024,0.3643673988852747,1,0.3899982860584846,True,stable_wrong,0.031926712588285,0.37982474606156685,True,stable_wrong,0.01941145800227151,0.3899982860584846,True,stable_wrong,0.031926712588285
annual_head_weighted_intercept,learned_order_offset,2023-12-31,2024-05-17,3228,nonnegative_low,2024,0.3823407256169631,0,0.40830659638206096,True,stable_correct,-0.020529846183797384,0.3702711298851587,True,stable_correct,0.009083720838873793,0.40830659638206096,True,stable_correct,-0.020529846183797384
annual_head_weighted_intercept,learned_order_offset,2023-12-31,2024-05-24,3233,nonnegative_low,2024,0.3795273511986996,0,0.40547070119110584,True,stable_correct,-0.020365479216505944,0.3583575639606269,True,stable_correct,0.015620866660106286,0.40547070119110584,True,stable_correct,-0.020365479216505944
annual_head_weighted_intercept,learned_order_offset,2023-12-31,2024-05-31,3238,nonnegative_low,2024,0.40029502881193474,0,0.4264876247761311,True,stable_correct,-0.021655583995638328,0.39080487849686957,True,stable_correct,0.007507657034594689,0.4264876247761311,True,stable_correct,-0.021655583995638328
annual_head_weighted_intercept,learned_order_offset,2023-12-31,2024-06-07,3243,nonnegative_low,2024,0.46934905110391073,0,0.49565433527733854,True,stable_correct,-0.025384688307078906,0.4728777085171844,True,stable_correct,-0.0033247954403217983,0.49565433527733854,True,stable_correct,-0.025384688307078906
annual_head_weighted_intercept,learned_order_offset,2023-12-31,2024-06-14,3247,negative_low,2024,0.5349686957427419,0,0.5604655861638478,True,stable_wrong,-0.027930167849295195,0.544609100411343,True,stable_wrong,-0.010407566826162007,0.5243598334991827,True,stable_wrong,0.011238270437399722
annual_head_weighted_intercept,learned_order_offset,2023-12-31,2024-06-21,3252,negative_low,2024,0.44031975225958897,0,0.46735148800315107,True,stable_correct,-0.024535929108813664,0.4507026828687645,True,stable_correct,-0.009251424115156337,0.4290757694679988,True,stable_correct,0.009775468285390554
annual_head_weighted_intercept,learned_order_offset,2023-12-31,2024-06-28,3257,negative_low,2024,0.48631533221150675,0,0.5133813368585365,True,recovery,-0.027057794690669934,0.5519064987608221,True,recovery,-0.06809818103044113,0.4749597738997617,True,stable_correct,0.010915815521075428
annual_head_weighted_intercept,learned_order_offset,2023-12-31,2024-07-05,3262,negative_low,2024,0.5350451048614758,1,0.5613245612961663,True,stable_correct,0.023746913991275015,0.5724947662786694,True,stable_correct,0.03342232965414649,0.5613245612961663,True,stable_correct,0.023746913991275015
annual_head_weighted_intercept,learned_order_offset,2023-12-31,2024-07-12,3267,negative_low,2024,0.513629965031198,1,0.5406939809009969,True,stable_correct,0.025593791734979887,0.5072137832164659,True,stable_correct,-0.006282444536274523,0.5406939809009969,True,stable_correct,0.025593791734979887
annual_head_weighted_intercept,learned_order_offset,2023-12-31,2024-07-19,3272,nonnegative_low,2024,0.46737020717586414,0,0.4943816517020679,True,stable_correct,-0.025978306984054567,0.4339624493958487,True,stable_correct,0.03011150306996563,0.4943816517020679,True,stable_correct,-0.025978306984054567
annual_head_weighted_intercept,learned_order_offset,2023-12-31,2024-07-26,3277,negative_low,2024,0.5310259991550074,0,0.5578469144462107,True,stable_wrong,-0.02920456817858408,0.5398370844511358,True,stable_wrong,-0.009435465970128787,0.5578469144462107,True,stable_wrong,-0.02920456817858408
annual_head_weighted_intercept,learned_order_offset,2023-12-31,2024-08-02,3282,negative_low,2024,0.4986201410167053,0,0.525039113551289,True,recovery,-0.02704402573120418,0.5091443129285347,True,recovery,-0.010605886359950523,0.525039113551289,True,recovery,-0.02704402573120418
annual_head_weighted_intercept,learned_order_offset,2023-12-31,2024-08-09,3287,negative_low,2024,0.49818789772641453,1,0.5251926957875112,True,regression,0.026373409854704516,0.524132863302563,True,regression,0.025365854199618287,0.5251926957875112,True,regression,0.026373409854704516
annual_head_weighted_intercept,learned_order_offset,2023-12-31,2024-08-16,3292,negative_low,2024,0.36480385353126943,0,0.3902849205016728,True,stable_correct,-0.019240467619733193,0.35911672467054884,True,stable_correct,0.0041170296131610995,0.3902849205016728,True,stable_correct,-0.019240467619733193
annual_head_weighted_intercept,learned_order_offset,2023-12-31,2024-08-23,3297,negative_low,2024,0.33219234630031674,0,0.3567590543429537,True,stable_correct,-0.016925267915169004,0.31979839742771204,True,stable_correct,0.008080739943176707,0.3567590543429537,True,stable_correct,-0.016925267915169004
annual_head_weighted_intercept,learned_order_offset,2023-12-31,2024-08-30,3302,negative_low,2024,0.327881951762581,0,0.35213420745689666,True,stable_correct,-0.016491925769657245,0.28325873399192053,True,stable_correct,0.0272710639089339,0.35213420745689666,True,stable_correct,-0.016491925769657245
annual_head_weighted_intercept,learned_order_offset,2023-12-31,2024-09-06,3307,negative_low,2024,0.3694341535555627,0,0.3947662490583865,True,stable_correct,-0.01935879758231296,0.3548920014349755,True,stable_correct,0.010533261130792393,0.3947662490583865,True,stable_correct,-0.01935879758231296
annual_head_weighted_intercept,learned_order_offset,2023-12-31,2024-09-13,3312,negative_low,2024,0.38322874471686824,1,0.40908578845482285,True,stable_wrong,0.031227175937471707,0.3636037598829776,True,stable_wrong,-0.024593393091552895,0.40908578845482285,True,stable_wrong,0.031227175937471707
annual_head_weighted_intercept,learned_order_offset,2023-12-31,2024-09-20,3315,negative_low,2024,0.3965555214649645,1,0.4223995229142314,True,stable_wrong,0.03052292754471342,0.39169767475648615,True,stable_wrong,-0.00588648022224475,0.4223995229142314,True,stable_wrong,0.03052292754471342
annual_head_weighted_intercept,learned_order_offset,2023-12-31,2024-09-27,3320,nonnegative_high,2024,0.5475019492908434,1,0.57427265789258,True,stable_correct,0.023510716077738192,0.535610547632016,True,stable_correct,-0.01090307757504963,0.57427265789258,True,stable_correct,0.023510716077738192
annual_head_weighted_intercept,learned_order_offset,2023-12-31,2024-10-11,3325,nonnegative_high,2024,0.5851058533509822,1,0.6110848773229788,True,stable_correct,0.020882180276734247,0.5751299557081899,True,stable_correct,-0.008377401612907953,0.6110848773229788,True,stable_correct,0.020882180276734247
annual_head_weighted_intercept,learned_order_offset,2023-12-31,2024-10-18,3330,nonnegative_high,2024,0.5760981268607039,1,0.6024203129711229,True,stable_correct,0.02162319051302397,0.5549779536629493,True,stable_correct,-0.01835182367501223,0.6024203129711229,True,stable_correct,0.02162319051302397
annual_head_weighted_intercept,learned_order_offset,2023-12-31,2024-10-25,3335,nonnegative_high,2024,0.5279104909703914,0,0.5549250169670187,True,stable_wrong,-0.029252287979246228,0.4995927447181052,True,regression,0.029096575901629895,0.5549250169670187,True,stable_wrong,-0.029252287979246228
annual_head_weighted_intercept,learned_order_offset,2023-12-31,2024-11-01,3340,nonnegative_high,2024,0.5285855463610876,1,0.5555047445955386,True,stable_correct,0.02465555502259692,0.4761214404608703,True,recovery,-0.05221715804511917,0.5555047445955386,True,stable_correct,0.02465555502259692
annual_head_weighted_intercept,learned_order_offset,2023-12-31,2024-11-08,3345,nonnegative_high,2024,0.43339481867502605,0,0.4595107745817703,True,stable_correct,-0.023319083102379817,0.3992712695907308,True,stable_correct,0.02841352213376469,0.4595107745817703,True,stable_correct,-0.023319083102379817
annual_head_weighted_intercept,learned_order_offset,2023-12-31,2024-11-15,3350,nonnegative_high,2024,0.4341257496304345,0,0.46050394982100623,True,stable_correct,-0.023598721308561138,0.40592770401313377,True,stable_correct,0.023687865606812353,0.46050394982100623,True,stable_correct,-0.023598721308561138
annual_head_weighted_intercept,learned_order_offset,2023-12-31,2024-11-22,3355,nonnegative_high,2024,0.4739743141779731,1,0.4997742215811063,True,stable_wrong,0.02647719274974558,0.47177689284395435,True,stable_wrong,-0.0023166287890535875,0.4997742215811063,True,stable_wrong,0.02647719274974558
annual_head_weighted_intercept,learned_order_offset,2023-12-31,2024-11-29,3360,nonnegative_high,2024,0.5252868777766854,1,0.5523772407870388,True,stable_correct,0.024986413845582978,0.5429146566887711,True,stable_correct,0.016425537341063723,0.5523772407870388,True,stable_correct,0.024986413845582978
annual_head_weighted_intercept,learned_order_offset,2023-12-31,2024-12-06,3365,nonnegative_high,2024,0.4519967072829359,0,0.47894298530664253,True,stable_correct,-0.025085359779822763,0.4630624169547619,True,stable_correct,-0.010125778601369734,0.47894298530664253,True,stable_correct,-0.025085359779822763
annual_head_weighted_intercept,learned_order_offset,2023-12-31,2024-12-13,3370,nonnegative_high,2024,0.33969072871898903,0,0.36390299198822834,True,stable_correct,-0.017035596400346784,0.3663061906548273,True,stable_correct,-0.01879043413441288,0.36390299198822834,True,stable_correct,-0.017035596400346784
annual_head_weighted_intercept,learned_order_offset,2023-12-31,2024-12-20,3375,nonnegative_low,2024,0.2821473387336238,1,0.3044725903480902,True,stable_wrong,0.03155406571012326,0.3075574558883718,True,stable_wrong,0.03583576639143454,0.3044725903480902,True,stable_wrong,0.03155406571012326
annual_head_weighted_intercept,learned_order_offset,2023-12-31,2024-12-27,3380,nonnegative_low,2024,0.36376388414742883,0,0.38638651496855797,True,stable_correct,-0.016970375539523658,0.3785652288193487,True,stable_correct,-0.010987469061021798,0.38638651496855797,True,stable_correct,-0.016970375539523658
annual_head_weighted_slopes,learned_order_offset,2023-12-31,2024-01-05,3144,negative_low,2024,0.49069399390967927,0,0.4874576607365766,True,stable_correct,0.003165624648256954,0.464237973462074,True,stable_correct,0.02526369965485903,0.4874576607365766,True,stable_correct,0.003165624648256954
annual_head_weighted_slopes,learned_order_offset,2023-12-31,2024-01-12,3149,negative_low,2024,0.49290080579753076,0,0.4895127375204753,True,stable_correct,0.003328484161065376,0.4657273939231586,True,stable_correct,0.026049198905398196,0.4895127375204753,True,stable_correct,0.003328484161065376
annual_head_weighted_slopes,learned_order_offset,2023-12-31,2024-01-19,3154,negative_low,2024,0.49957891953857797,1,0.4882937569828935,True,stable_wrong,-0.011422021372504976,0.47327999228377604,True,stable_wrong,-0.02701270875840206,0.4882937569828935,True,stable_wrong,-0.011422021372504976
annual_head_weighted_slopes,learned_order_offset,2023-12-31,2024-01-26,3159,negative_high,2024,0.475936549305118,0,0.48312041963117514,True,stable_correct,-0.006889740900139746,0.44901131892093665,True,stable_correct,0.024904434445343904,0.48312041963117514,True,stable_correct,-0.006889740900139746
annual_head_weighted_slopes,learned_order_offset,2023-12-31,2024-02-02,3164,negative_high,2024,0.6019831747399014,1,0.5862910169307108,True,stable_correct,-0.012737729482097504,0.5759816210208094,True,stable_correct,-0.021374192522012614,0.5862910169307108,True,stable_correct,-0.012737729482097504
annual_head_weighted_slopes,learned_order_offset,2023-12-31,2024-02-23,3173,negative_high,2024,0.5409443583036496,1,0.5662643977456293,True,stable_correct,0.022605509510286365,0.5154997317528354,True,stable_correct,-0.024008427758326484,0.5662643977456293,True,stable_correct,0.022605509510286365
annual_head_weighted_slopes,learned_order_offset,2023-12-31,2024-03-01,3178,nonnegative_high,2024,0.49950716483394214,1,0.5368864838308471,True,regression,0.0360189491940025,0.47321467779923676,True,stable_wrong,-0.027009697633603225,0.5368864838308471,True,regression,0.0360189491940025
annual_head_weighted_slopes,learned_order_offset,2023-12-31,2024-03-08,3183,nonnegative_high,2024,0.5139884934629992,1,0.5376513309074916,True,stable_correct,0.022440892674751328,0.4873800279979344,True,recovery,-0.026572051209033443,0.5376513309074916,True,stable_correct,0.022440892674751328
annual_head_weighted_slopes,learned_order_offset,2023-12-31,2024-03-15,3188,nonnegative_low,2024,0.48145808620927105,0,0.4815850329937738,True,stable_correct,-0.00012225522732034477,0.4555568260345151,True,stable_correct,0.024269867029652448,0.4815850329937738,True,stable_correct,-0.00012225522732034477
annual_head_weighted_slopes,learned_order_offset,2023-12-31,2024-03-22,3193,nonnegative_low,2024,0.45727443172344634,1,0.48263622791018507,True,stable_wrong,0.02688576979010615,0.43049231934371135,True,stable_wrong,-0.029787955865397064,0.48263622791018507,True,stable_wrong,0.02688576979010615
annual_head_weighted_slopes,learned_order_offset,2023-12-31,2024-03-29,3198,nonnegative_low,2024,0.4116794549309945,0,0.4274249749744228,True,stable_correct,-0.013212135619605214,0.3858640965631275,True,stable_correct,0.020588872595802166,0.4274249749744228,True,stable_correct,-0.013212135619605214
annual_head_weighted_slopes,learned_order_offset,2023-12-31,2024-04-12,3206,nonnegative_low,2024,0.3612068374657111,1,0.40728089519124744,True,stable_wrong,0.056740767295269334,0.33650266834467785,True,stable_wrong,-0.0321720046131741,0.40728089519124744,True,stable_wrong,0.056740767295269334
annual_head_weighted_slopes,learned_order_offset,2023-12-31,2024-04-19,3211,nonnegative_low,2024,0.41301419482477947,1,0.4602545332026354,True,stable_wrong,0.05322716654889692,0.38711249637773637,True,stable_wrong,-0.03107875661912818,0.4602545332026354,True,stable_wrong,0.05322716654889692
annual_head_weighted_slopes,learned_order_offset,2023-12-31,2024-04-26,3216,nonnegative_low,2024,0.4043294851047586,1,0.44009108231702837,True,stable_wrong,0.04132536621464533,0.3788403949577995,True,stable_wrong,-0.03101589262062049,0.44009108231702837,True,stable_wrong,0.04132536621464533
annual_head_weighted_slopes,learned_order_offset,2023-12-31,2024-05-10,3223,nonnegative_low,2024,0.4057234503659448,1,0.3899982860584846,True,stable_wrong,-0.018937473566628837,0.37982474606156685,True,stable_wrong,-0.03145272815264233,0.3899982860584846,True,stable_wrong,-0.018937473566628837
annual_head_weighted_slopes,learned_order_offset,2023-12-31,2024-05-17,3228,nonnegative_low,2024,0.39580436428805993,0,0.40830659638206096,True,stable_correct,-0.010053181859627974,0.3702711298851587,True,stable_correct,0.019560385163043204,0.40830659638206096,True,stable_correct,-0.010053181859627974
annual_head_weighted_slopes,learned_order_offset,2023-12-31,2024-05-24,3233,nonnegative_low,2024,0.38380053211263315,0,0.40547070119110584,True,stable_correct,-0.017103641074466686,0.3583575639606269,True,stable_correct,0.018882704802145545,0.40547070119110584,True,stable_correct,-0.017103641074466686
annual_head_weighted_slopes,learned_order_offset,2023-12-31,2024-05-31,3238,nonnegative_low,2024,0.41650056304937516,0,0.4264876247761311,True,stable_correct,-0.00841897506673947,0.39080487849686957,True,stable_correct,0.020744265963493547,0.4264876247761311,True,stable_correct,-0.00841897506673947
annual_head_weighted_slopes,learned_order_offset,2023-12-31,2024-06-07,3243,nonnegative_low,2024,0.4988090857721947,0,0.49565433527733854,True,stable_correct,0.003137283969672361,0.4728777085171844,True,stable_correct,0.02519717683642947,0.49565433527733854,True,stable_correct,0.003137283969672361
annual_head_weighted_slopes,learned_order_offset,2023-12-31,2024-06-14,3247,negative_low,2024,0.5691947056495364,0,0.5604655861638478,True,stable_wrong,0.009860939665476964,0.544609100411343,True,stable_wrong,0.027383540688610153,0.5243598334991827,True,stable_wrong,0.04902937795217188
annual_head_weighted_slopes,learned_order_offset,2023-12-31,2024-06-21,3252,negative_low,2024,0.47781154660136466,0,0.46735148800315107,True,stable_correct,0.009886460726828611,0.4507026828687645,True,stable_correct,0.02517096572048594,0.4290757694679988,True,stable_correct,0.04419785812103283
annual_head_weighted_slopes,learned_order_offset,2023-12-31,2024-06-28,3257,negative_low,2024,0.5785642473505769,0,0.5133813368585365,True,stable_wrong,0.07117619127768138,0.5519064987608221,True,stable_wrong,0.030135804937910182,0.4749597738997617,True,regression,0.10914980148942674
annual_head_weighted_slopes,learned_order_offset,2023-12-31,2024-07-05,3262,negative_low,2024,0.5975880272864096,1,0.5613245612961663,True,stable_correct,-0.03050074473875758,0.5724947662786694,True,stable_correct,-0.020825329075886106,0.5613245612961663,True,stable_correct,-0.03050074473875758
annual_head_weighted_slopes,learned_order_offset,2023-12-31,2024-07-12,3267,negative_low,2024,0.5344164541145892,1,0.5406939809009969,True,stable_correct,0.005806019018658626,0.5072137832164659,True,stable_correct,-0.026070217252595784,0.5406939809009969,True,stable_correct,0.005806019018658626
annual_head_weighted_slopes,learned_order_offset,2023-12-31,2024-07-19,3272,nonnegative_low,2024,0.4603821039200268,0,0.4943816517020679,True,stable_correct,-0.03246153592983436,0.4339624493958487,True,stable_correct,0.023628274124185833,0.4943816517020679,True,stable_correct,-0.03246153592983436
annual_head_weighted_slopes,learned_order_offset,2023-12-31,2024-07-26,3277,negative_low,2024,0.5666944517520798,0,0.5578469144462107,True,stable_wrong,0.009949421689432303,0.5398370844511358,True,stable_wrong,0.029718523897887594,0.5578469144462107,True,stable_wrong,0.009949421689432303
annual_head_weighted_slopes,learned_order_offset,2023-12-31,2024-08-02,3282,negative_low,2024,0.5355496076141365,0,0.525039113551289,True,stable_wrong,0.011147311456932263,0.5091443129285347,True,stable_wrong,0.02758545082818592,0.525039113551289,True,stable_wrong,0.011147311456932263
annual_head_weighted_slopes,learned_order_offset,2023-12-31,2024-08-09,3287,negative_low,2024,0.5508247493720891,1,0.5251926957875112,True,stable_correct,-0.023683570356884398,0.524132863302563,True,stable_correct,-0.024691126011970627,0.5251926957875112,True,stable_correct,-0.023683570356884398
annual_head_weighted_slopes,learned_order_offset,2023-12-31,2024-08-16,3292,negative_low,2024,0.38436695926369846,0,0.3902849205016728,True,stable_correct,-0.004584359797375426,0.35911672467054884,True,stable_correct,0.018773137435518866,0.3902849205016728,True,stable_correct,-0.004584359797375426
annual_head_weighted_slopes,learned_order_offset,2023-12-31,2024-08-23,3297,negative_low,2024,0.34383492649331443,0,0.3567590543429537,True,stable_correct,-0.009054566179015636,0.31979839742771204,True,stable_correct,0.015951441679330075,0.3567590543429537,True,stable_correct,-0.009054566179015636
annual_head_weighted_slopes,learned_order_offset,2023-12-31,2024-08-30,3302,negative_low,2024,0.3057809264268095,0,0.35213420745689666,True,stable_correct,-0.030496525094858867,0.28325873399192053,True,stable_correct,0.013266464583732276,0.35213420745689666,True,stable_correct,-0.030496525094858867
annual_head_weighted_slopes,learned_order_offset,2023-12-31,2024-09-06,3307,negative_low,2024,0.3793875976859087,0,0.3947662490583865,True,stable_correct,-0.011905442117743109,0.3548920014349755,True,stable_correct,0.017986616595362243,0.3947662490583865,True,stable_correct,-0.011905442117743109
annual_head_weighted_slopes,learned_order_offset,2023-12-31,2024-09-13,3312,negative_low,2024,0.3888167051170779,1,0.40908578845482285,True,stable_wrong,0.0243654145378866,0.3636037598829776,True,stable_wrong,-0.031455154491138004,0.40908578845482285,True,stable_wrong,0.0243654145378866
annual_head_weighted_slopes,learned_order_offset,2023-12-31,2024-09-20,3315,negative_low,2024,0.41676818329945114,1,0.4223995229142314,True,stable_wrong,0.006537040882115097,0.39169767475648615,True,stable_wrong,-0.02987236688484307,0.4223995229142314,True,stable_wrong,0.006537040882115097
annual_head_weighted_slopes,learned_order_offset,2023-12-31,2024-09-27,3320,nonnegative_high,2024,0.5622873390662261,1,0.57427265789258,True,stable_correct,0.010348603723876665,0.535610547632016,True,stable_correct,-0.024065189928911157,0.57427265789258,True,stable_correct,0.010348603723876665
annual_head_weighted_slopes,learned_order_offset,2023-12-31,2024-10-11,3325,nonnegative_high,2024,0.601149792503359,1,0.6110848773229788,True,stable_correct,0.007826515373231147,0.5751299557081899,True,stable_correct,-0.021433066516411053,0.6110848773229788,True,stable_correct,0.007826515373231147
annual_head_weighted_slopes,learned_order_offset,2023-12-31,2024-10-18,3330,nonnegative_high,2024,0.5809276535897215,1,0.6024203129711229,True,stable_correct,0.017552023987836535,0.5549779536629493,True,stable_correct,-0.022422990200199666,0.6024203129711229,True,stable_correct,0.017552023987836535
annual_head_weighted_slopes,learned_order_offset,2023-12-31,2024-10-25,3335,nonnegative_high,2024,0.5261834325796938,0,0.5549250169670187,True,stable_wrong,-0.031072769734496797,0.4995927447181052,True,regression,0.027276094146379326,0.5549250169670187,True,stable_wrong,-0.031072769734496797
annual_head_weighted_slopes,learned_order_offset,2023-12-31,2024-11-01,3340,nonnegative_high,2024,0.5018742430513343,1,0.5555047445955386,True,stable_correct,0.05055323765860373,0.4761214404608703,True,recovery,-0.026319475409112364,0.5555047445955386,True,stable_correct,0.05055323765860373
annual_head_weighted_slopes,learned_order_offset,2023-12-31,2024-11-08,3345,nonnegative_high,2024,0.4252225345312251,0,0.4595107745817703,True,stable_correct,-0.030335948083579617,0.3992712695907308,True,stable_correct,0.02139665715256489,0.4595107745817703,True,stable_correct,-0.030335948083579617
annual_head_weighted_slopes,learned_order_offset,2023-12-31,2024-11-15,3350,nonnegative_high,2024,0.43230873628433847,0,0.46050394982100623,True,stable_correct,-0.025173044332986144,0.40592770401313377,True,stable_correct,0.022113542582387347,0.46050394982100623,True,stable_correct,-0.025173044332986144
annual_head_weighted_slopes,learned_order_offset,2023-12-31,2024-11-22,3355,nonnegative_high,2024,0.4977157114183912,1,0.4997742215811063,True,stable_wrong,0.0020636771611446947,0.47177689284395435,True,stable_wrong,-0.026730144377654474,0.4997742215811063,True,stable_wrong,0.0020636771611446947
annual_head_weighted_slopes,learned_order_offset,2023-12-31,2024-11-29,3360,nonnegative_high,2024,0.5697062750729082,1,0.5523772407870388,True,stable_correct,-0.015213444853792918,0.5429146566887711,True,stable_correct,-0.023774321358312173,0.5523772407870388,True,stable_correct,-0.015213444853792918
annual_head_weighted_slopes,learned_order_offset,2023-12-31,2024-12-06,3365,nonnegative_high,2024,0.4901320381533929,0,0.47894298530664253,True,stable_correct,0.0108430316499602,0.4630624169547619,True,stable_correct,0.02580261282841323,0.47894298530664253,True,stable_correct,0.0108430316499602
annual_head_weighted_slopes,learned_order_offset,2023-12-31,2024-12-13,3370,nonnegative_high,2024,0.3914819236230576,0,0.36390299198822834,True,stable_correct,0.020832708945624945,0.3663061906548273,True,stable_correct,0.01907787121155885,0.36390299198822834,True,stable_correct,0.020832708945624945
annual_head_weighted_slopes,learned_order_offset,2023-12-31,2024-12-20,3375,nonnegative_low,2024,0.3310769250320223,1,0.3044725903480902,True,stable_wrong,-0.03630029735248064,0.3075574558883718,True,stable_wrong,-0.03201859667116935,0.3044725903480902,True,stable_wrong,-0.03630029735248064
annual_head_weighted_slopes,learned_order_offset,2023-12-31,2024-12-27,3380,nonnegative_low,2024,0.4007865502966539,0,0.38638651496855797,True,stable_correct,0.011335319949144607,0.3785652288193487,True,stable_correct,0.017318226427646466,0.38638651496855797,True,stable_correct,0.011335319949144607
annual_head_weighted_intercept,learned_market,2024-12-31,2025-01-03,3384,negative_high,2025,0.39173710055473904,0,0.4104793465678405,True,stable_correct,-0.015035338007727606,0.40455862033195594,True,stable_correct,-0.010209721333861943,0.4104793465678405,True,stable_correct,-0.015035338007727606
annual_head_weighted_intercept,learned_market,2024-12-31,2025-01-10,3389,negative_high,2025,0.4600971895515637,1,0.47833019953145156,True,stable_wrong,0.019355664009224838,0.4903431571546795,True,stable_wrong,0.03174494727106031,0.47833019953145156,True,stable_wrong,0.019355664009224838
annual_head_weighted_intercept,learned_market,2024-12-31,2025-01-17,3394,negative_high,2025,0.5095295098443571,1,0.5289516329718876,True,stable_correct,0.01867473763366534,0.5409952815544007,True,stable_correct,0.02987597015819271,0.5289516329718876,True,stable_correct,0.01867473763366534
annual_head_weighted_intercept,learned_market,2024-12-31,2025-01-24,3399,negative_high,2025,0.5590377163849204,1,0.5771835504923032,True,stable_correct,0.015673985596731166,0.5700632998970473,True,stable_correct,0.009602169475609601,0.5771835504923032,True,stable_correct,0.015673985596731166
annual_head_weighted_intercept,learned_market,2024-12-31,2025-02-07,3403,negative_low,2025,0.5772187242333451,1,0.5957864450848162,True,stable_correct,0.015355409161709965,0.596757741995286,True,stable_correct,0.01613968849813996,0.5957864450848162,True,stable_correct,0.015355409161709965
annual_head_weighted_intercept,learned_market,2024-12-31,2025-02-14,3408,negative_low,2025,0.5885308534949931,1,0.60722265600289,True,stable_correct,0.015032816568134766,0.5811206443938021,True,stable_correct,-0.006153056027504794,0.60722265600289,True,stable_correct,0.015032816568134766
annual_head_weighted_intercept,learned_market,2024-12-31,2025-02-21,3413,negative_low,2025,0.47490170215405153,0,0.49388829173731397,True,stable_correct,-0.01839401800638668,0.4722525176954102,True,stable_correct,0.002509186239161715,0.49388829173731397,True,stable_correct,-0.01839401800638668
annual_head_weighted_intercept,learned_market,2024-12-31,2025-02-28,3418,negative_low,2025,0.5076971751449952,1,0.5270855257163196,True,stable_correct,0.01871397137320771,0.5033231418867735,True,stable_correct,-0.004325830025008609,0.5270855257163196,True,stable_correct,0.01871397137320771
annual_head_weighted_intercept,learned_market,2024-12-31,2025-03-07,3423,nonnegative_low,2025,0.43263513317617774,1,0.45040220085097116,True,stable_wrong,0.019845151276557338,0.42726051934175,True,stable_wrong,-0.006127620598668337,0.45040220085097116,True,stable_wrong,0.019845151276557338
annual_head_weighted_intercept,learned_market,2024-12-31,2025-03-14,3428,nonnegative_low,2025,0.5528990271469832,0,0.5712949777919928,True,stable_wrong,-0.02068061743027305,0.5326196317021559,True,stable_wrong,0.022013662145540347,0.5712949777919928,True,stable_wrong,-0.02068061743027305
annual_head_weighted_intercept,learned_market,2024-12-31,2025-03-21,3433,negative_low,2025,0.48472064857109004,0,0.5038694686798905,True,recovery,-0.018930334316576952,0.48449708373058353,True,stable_correct,0.000216683007738111,0.5038694686798905,True,recovery,-0.018930334316576952
annual_head_weighted_intercept,learned_market,2024-12-31,2025-03-28,3438,negative_low,2025,0.5684020536044603,0,0.5867820660274202,True,stable_wrong,-0.021232298469639976,0.5814478422517441,True,stable_wrong,-0.015000698717441308,0.5867820660274202,True,stable_wrong,-0.021232298469639976
annual_head_weighted_intercept,learned_market,2024-12-31,2025-04-11,3447,negative_high,2025,0.5218047982509332,0,0.5411752851500489,True,stable_wrong,-0.020590441779539614,0.442626756955487,True,regression,0.07636180150476535,0.5411752851500489,True,stable_wrong,-0.020590441779539614
annual_head_weighted_intercept,learned_market,2024-12-31,2025-04-18,3452,negative_high,2025,0.6459344861955478,1,0.6631519112817813,True,stable_correct,0.011895753192493766,0.5934636522434001,True,stable_correct,-0.03990941398166439,0.6631519112817813,True,stable_correct,0.011895753192493766
annual_head_weighted_intercept,learned_market,2024-12-31,2025-04-25,3457,negative_high,2025,0.44287469489585773,1,0.4622134263278958,True,stable_wrong,0.02117420676540216,0.3739028901209965,True,stable_wrong,-0.08160898541145745,0.4622134263278958,True,stable_wrong,0.02117420676540216
annual_head_weighted_intercept,learned_market,2024-12-31,2025-05-09,3464,negative_low,2025,0.30417130698378964,1,0.3205740592656117,True,stable_wrong,0.022557961081838884,0.32688526481024766,True,stable_wrong,0.031094123295076936,0.3205740592656117,True,stable_wrong,0.022557961081838884
annual_head_weighted_intercept,learned_market,2024-12-31,2025-05-16,3469,negative_low,2025,0.2635405772697788,0,0.2785012072513082,True,stable_correct,-0.008109286572747884,0.253621451236204,True,stable_correct,0.005129795340530055,0.2785012072513082,True,stable_correct,-0.008109286572747884
annual_head_weighted_intercept,learned_market,2024-12-31,2025-05-23,3474,negative_low,2025,0.3066418174388121,0,0.322693746870892,True,stable_correct,-0.010102050067397547,0.3396873724045411,True,stable_correct,-0.02135830676892364,0.322693746870892,True,stable_correct,-0.010102050067397547
annual_head_weighted_intercept,learned_market,2024-12-31,2025-05-30,3479,negative_low,2025,0.24998007771393752,1,0.264237819362282,True,stable_wrong,0.021183897369221327,0.23410011221977345,True,stable_wrong,-0.02407275427577238,0.264237819362282,True,stable_wrong,0.021183897369221327
annual_head_weighted_intercept,learned_market,2024-12-31,2025-06-06,3483,negative_low,2025,0.41796794865248693,0,0.43671249147639707,True,stable_correct,-0.016020594110754238,0.4247601551680691,True,stable_correct,-0.005723983317634185,0.43671249147639707,True,stable_correct,-0.016020594110754238
annual_head_weighted_intercept,learned_market,2024-12-31,2025-06-13,3488,negative_low,2025,0.36410018012687667,0,0.3819694674588315,True,stable_correct,-0.013331732902359283,0.34249494438666456,True,stable_correct,0.015266154237999596,0.3819694674588315,True,stable_correct,-0.013331732902359283
annual_head_weighted_intercept,learned_market,2024-12-31,2025-06-20,3493,negative_low,2025,0.43083132908173627,1,0.4498819242396803,True,stable_wrong,0.021323078676625973,0.40950280530607036,True,stable_wrong,-0.02473396098653796,0.4498819242396803,True,stable_wrong,0.021323078676625973
annual_head_weighted_intercept,learned_market,2024-12-31,2025-06-27,3498,nonnegative_low,2025,0.4679651472573952,1,0.4869667023952329,True,stable_wrong,0.01985792008162368,0.43499289485810094,True,stable_wrong,-0.03617194432798371,0.4869667023952329,True,stable_wrong,0.01985792008162368
annual_head_weighted_intercept,learned_market,2024-12-31,2025-07-04,3503,nonnegative_low,2025,0.5838900582093269,1,0.6017973265370641,True,stable_correct,0.01458211450400776,0.5781752307229411,True,stable_correct,-0.004788652318606645,0.6017973265370641,True,stable_correct,0.01458211450400776
annual_head_weighted_intercept,learned_market,2024-12-31,2025-07-11,3508,nonnegative_low,2025,0.5413929905045919,1,0.5597360280869356,True,stable_correct,0.016488024193653777,0.529959865193219,True,stable_correct,-0.010617339170855472,0.5597360280869356,True,stable_correct,0.016488024193653777
annual_head_weighted_intercept,learned_market,2024-12-31,2025-07-18,3513,nonnegative_low,2025,0.5003953196911163,1,0.518575190291754,True,stable_correct,0.01783498918392104,0.4625198691798406,True,recovery,-0.0392800544399137,0.518575190291754,True,stable_correct,0.01783498918392104
annual_head_weighted_intercept,learned_market,2024-12-31,2025-07-25,3518,nonnegative_low,2025,0.4411710254255346,0,0.4601750943905958,True,stable_correct,-0.017129243822376045,0.4114738185373836,True,stable_correct,0.025321170333282017,0.4601750943905958,True,stable_correct,-0.017129243822376045
annual_head_weighted_intercept,learned_market,2024-12-31,2025-08-01,3523,nonnegative_low,2025,0.45751861485315093,1,0.47638655990061735,True,stable_wrong,0.020115018578134247,0.4510214408161685,True,stable_wrong,-0.00709140521271151,0.47638655990061735,True,stable_wrong,0.020115018578134247
annual_head_weighted_intercept,learned_market,2024-12-31,2025-08-08,3528,nonnegative_low,2025,0.27036441086714974,1,0.2858588983163635,True,stable_wrong,0.022370579815323532,0.2573060156496067,True,stable_wrong,-0.019226261461020577,0.2858588983163635,True,stable_wrong,0.022370579815323532
annual_head_weighted_intercept,learned_market,2024-12-31,2025-08-15,3533,nonnegative_low,2025,0.4159981929863447,1,0.4350770057660723,True,stable_wrong,0.02192012118098824,0.38061184831090217,True,stable_wrong,-0.04258357185762218,0.4350770057660723,True,stable_wrong,0.02192012118098824
annual_head_weighted_intercept,learned_market,2024-12-31,2025-08-22,3538,nonnegative_low,2025,0.3293926971618126,1,0.3465628920249844,True,stable_wrong,0.0227341005411561,0.29781183316179366,True,stable_wrong,-0.043354067027692456,0.3465628920249844,True,stable_wrong,0.0227341005411561
annual_head_weighted_intercept,learned_market,2024-12-31,2025-08-29,3543,nonnegative_low,2025,0.49040676850552095,0,0.5089157664667425,True,recovery,-0.01849645876240441,0.4479053937422857,True,stable_correct,0.039879556852595616,0.5089157664667425,True,recovery,-0.01849645876240441
annual_head_weighted_intercept,learned_market,2024-12-31,2025-09-05,3548,nonnegative_high,2025,0.39395589919036533,1,0.41267806816613667,True,stable_wrong,0.022342400513097327,0.3521422149730398,True,stable_wrong,-0.05243025749388042,0.41267806816613667,True,stable_wrong,0.022342400513097327
annual_head_weighted_intercept,learned_market,2024-12-31,2025-09-12,3553,nonnegative_high,2025,0.5151877707882911,0,0.5343727417191273,True,stable_wrong,-0.020135787922608284,0.4988898766899596,True,regression,0.016527330106085758,0.5343727417191273,True,stable_wrong,-0.020135787922608284
annual_head_weighted_intercept,learned_market,2024-12-31,2025-09-19,3558,nonnegative_high,2025,0.3824491886945181,1,0.4008381650070956,True,stable_wrong,0.022374100031994526,0.3684964652467168,True,stable_wrong,-0.01742770986183212,0.4008381650070956,True,stable_wrong,0.022374100031994526
annual_head_weighted_intercept,learned_market,2024-12-31,2025-09-26,3563,nonnegative_high,2025,0.4422530324120122,0,0.46147299767135874,True,stable_correct,-0.017369582902169584,0.4436623468663248,True,stable_correct,-0.0012485333493147677,0.46147299767135874,True,stable_correct,-0.017369582902169584
annual_head_weighted_intercept,learned_market,2024-12-31,2025-10-10,3567,nonnegative_high,2025,0.3936167285726862,1,0.4123164390357689,True,stable_wrong,0.022328704039292324,0.37178432171827985,True,stable_wrong,-0.026954266572070285,0.4123164390357689,True,stable_wrong,0.022328704039292324
annual_head_weighted_intercept,learned_market,2024-12-31,2025-10-17,3572,nonnegative_high,2025,0.37517259188664004,1,0.3934088129596329,True,stable_wrong,0.02245642173461776,0.367933895837613,True,stable_wrong,-0.009098270101358052,0.3934088129596329,True,stable_wrong,0.02245642173461776
annual_head_weighted_intercept,learned_market,2024-12-31,2025-10-24,3577,nonnegative_high,2025,0.4387246023465508,0,0.4579674025379907,True,stable_correct,-0.017254865083254856,0.44778577493982197,True,stable_correct,-0.008032823534317751,0.4579674025379907,True,stable_correct,-0.017254865083254856
annual_head_weighted_intercept,learned_market,2024-12-31,2025-10-31,3582,nonnegative_high,2025,0.4213930813645426,1,0.44044249471527075,True,stable_wrong,0.021681364572349093,0.39377441853225054,True,stable_wrong,-0.03272348933309216,0.44044249471527075,True,stable_wrong,0.021681364572349093
annual_head_weighted_intercept,learned_market,2024-12-31,2025-11-07,3587,nonnegative_high,2025,0.5026767377495239,0,0.5214036543684332,True,stable_wrong,-0.019177868114252872,0.5148544580205742,True,stable_wrong,-0.012391210269155517,0.5214036543684332,True,stable_wrong,-0.019177868114252872
annual_head_weighted_intercept,learned_market,2024-12-31,2025-11-14,3592,nonnegative_low,2025,0.3591481753263331,0,0.3771931977595479,True,stable_correct,-0.013287296595838938,0.3489269830948354,True,stable_correct,0.007237372308570952,0.3771931977595479,True,stable_correct,-0.013287296595838938
annual_head_weighted_intercept,learned_market,2024-12-31,2025-11-21,3597,nonnegative_high,2025,0.41702987669594394,1,0.436034036629449,True,stable_wrong,0.02179655682467274,0.40568148807530763,True,stable_wrong,-0.01336032895123429,0.436034036629449,True,stable_wrong,0.02179655682467274
annual_head_weighted_intercept,learned_market,2024-12-31,2025-11-28,3602,nonnegative_low,2025,0.3976553072478875,1,0.4164827197135788,True,stable_wrong,0.02232671249377499,0.42292461880539506,True,stable_wrong,0.029803133305738194,0.4164827197135788,True,stable_wrong,0.02232671249377499
annual_head_weighted_intercept,learned_market,2024-12-31,2025-12-05,3607,nonnegative_low,2025,0.40463630598751954,0,0.4235113554868773,True,stable_correct,-0.015631328103106606,0.40767804524260143,True,stable_correct,-0.002470848449603019,0.4235113554868773,True,stable_correct,-0.015631328103106606
annual_head_weighted_intercept,learned_market,2024-12-31,2025-12-12,3612,nonnegative_low,2025,0.4786138511813949,1,0.4975878609428095,True,stable_wrong,0.019425558707874935,0.4758830075626716,True,stable_wrong,-0.0028551055816538606,0.4975878609428095,True,stable_wrong,0.019425558707874935
annual_head_weighted_intercept,learned_market,2024-12-31,2025-12-19,3617,nonnegative_low,2025,0.565926861523002,1,0.5849460793119737,True,stable_correct,0.016149732468768718,0.593956370153366,True,stable_correct,0.023548060208240795,0.5849460793119737,True,stable_correct,0.016149732468768718
annual_head_weighted_intercept,learned_market,2024-12-31,2025-12-26,3622,nonnegative_low,2025,0.4421120182123131,1,0.4607514877205217,True,stable_wrong,0.020450042227507848,0.4161563881079873,True,stable_wrong,-0.029634362923972646,0.4607514877205217,True,stable_wrong,0.020450042227507848
annual_head_weighted_slopes,learned_market,2024-12-31,2025-01-03,3384,negative_high,2025,0.423466525060693,0,0.4104793465678405,True,stable_correct,0.010830603888217188,0.40455862033195594,True,stable_correct,0.01565622056208285,0.4104793465678405,True,stable_correct,0.010830603888217188
annual_head_weighted_slopes,learned_market,2024-12-31,2025-01-10,3389,negative_high,2025,0.5088303913836546,1,0.47833019953145156,True,recovery,-0.030891796292561308,0.4903431571546795,True,recovery,-0.018502513030725837,0.47833019953145156,True,recovery,-0.030891796292561308
annual_head_weighted_slopes,learned_market,2024-12-31,2025-01-17,3394,negative_high,2025,0.5602071946746491,1,0.5289516329718876,True,stable_correct,-0.02846885246390926,0.5409952815544007,True,stable_correct,-0.01726761993938189,0.5289516329718876,True,stable_correct,-0.02846885246390926
annual_head_weighted_slopes,learned_market,2024-12-31,2025-01-24,3399,negative_high,2025,0.5879957176769355,1,0.5771835504923032,True,stable_correct,-0.009026221321751293,0.5700632998970473,True,stable_correct,-0.015098037442872858,0.5771835504923032,True,stable_correct,-0.009026221321751293
annual_head_weighted_slopes,learned_market,2024-12-31,2025-02-07,3403,negative_low,2025,0.6149492005289753,1,0.5957864450848162,True,stable_correct,-0.015124479803895058,0.596757741995286,True,stable_correct,-0.014340200467465064,0.5957864450848162,True,stable_correct,-0.015124479803895058
annual_head_weighted_slopes,learned_market,2024-12-31,2025-02-14,3408,negative_low,2025,0.5999400282934509,1,0.60722265600289,True,stable_correct,0.005773939004420775,0.5811206443938021,True,stable_correct,-0.015411933591218785,0.60722265600289,True,stable_correct,0.005773939004420775
annual_head_weighted_slopes,learned_market,2024-12-31,2025-02-21,3413,negative_low,2025,0.4909517753098831,0,0.49388829173731397,True,stable_correct,-0.002891999035276205,0.4722525176954102,True,stable_correct,0.01801120521027219,0.49388829173731397,True,stable_correct,-0.002891999035276205
annual_head_weighted_slopes,learned_market,2024-12-31,2025-02-28,3418,negative_low,2025,0.5225189952045138,1,0.5270855257163196,True,stable_correct,0.004340009953497287,0.5033231418867735,True,stable_correct,-0.018699791444719033,0.5270855257163196,True,stable_correct,0.004340009953497287
annual_head_weighted_slopes,learned_market,2024-12-31,2025-03-07,3423,nonnegative_low,2025,0.444979213607217,1,0.45040220085097116,True,stable_wrong,0.005990332498606976,0.42726051934175,True,stable_wrong,-0.0199824393766187,0.45040220085097116,True,stable_wrong,0.005990332498606976
annual_head_weighted_slopes,learned_market,2024-12-31,2025-03-14,3428,nonnegative_low,2025,0.5505503436973308,0,0.5712949777919928,True,stable_wrong,-0.02327227070510446,0.5326196317021559,True,stable_wrong,0.01942200887070894,0.5712949777919928,True,stable_wrong,-0.02327227070510446
annual_head_weighted_slopes,learned_market,2024-12-31,2025-03-21,3433,negative_low,2025,0.5036665876962716,0,0.5038694686798905,True,stable_wrong,-0.00020440990614906118,0.48449708373058353,True,regression,0.018942607418166002,0.5038694686798905,True,stable_wrong,-0.00020440990614906118
annual_head_weighted_slopes,learned_market,2024-12-31,2025-03-28,3438,negative_low,2025,0.599564484771355,0,0.5867820660274202,True,stable_wrong,0.015164378387732713,0.5814478422517441,True,stable_wrong,0.021395978139931382,0.5867820660274202,True,stable_wrong,0.015164378387732713
annual_head_weighted_slopes,learned_market,2024-12-31,2025-04-11,3447,negative_high,2025,0.4619107173076551,0,0.5411752851500489,True,recovery,-0.07950917849356423,0.442626756955487,True,stable_correct,0.01744306479074073,0.5411752851500489,True,recovery,-0.07950917849356423
annual_head_weighted_slopes,learned_market,2024-12-31,2025-04-18,3452,negative_high,2025,0.6111962987807016,1,0.6631519112817813,True,stable_correct,0.03770168320870852,0.5934636522434001,True,stable_correct,-0.014103483965449637,0.6631519112817813,True,stable_correct,0.03770168320870852
annual_head_weighted_slopes,learned_market,2024-12-31,2025-04-25,3457,negative_high,2025,0.3921719692976106,1,0.4622134263278958,True,stable_wrong,0.08024051608556326,0.3739028901209965,True,stable_wrong,-0.022542676091296343,0.4622134263278958,True,stable_wrong,0.08024051608556326
annual_head_weighted_slopes,learned_market,2024-12-31,2025-05-09,3464,negative_low,2025,0.3437853369688093,1,0.3205740592656117,True,stable_wrong,-0.031001924965669392,0.32688526481024766,True,stable_wrong,-0.02246576275243134,0.3205740592656117,True,stable_wrong,-0.031001924965669392
annual_head_weighted_slopes,learned_market,2024-12-31,2025-05-16,3469,negative_low,2025,0.2680533923051227,0,0.2785012072513082,True,stable_correct,-0.005710301314152122,0.253621451236204,True,stable_correct,0.007528780599125817,0.2785012072513082,True,stable_correct,-0.005710301314152122
annual_head_weighted_slopes,learned_market,2024-12-31,2025-05-23,3474,negative_low,2025,0.3566500511528435,0,0.322693746870892,True,stable_correct,0.02306800471775057,0.3396873724045411,True,stable_correct,0.011811748016224477,0.322693746870892,True,stable_correct,0.02306800471775057
annual_head_weighted_slopes,learned_market,2024-12-31,2025-05-30,3479,negative_low,2025,0.24788181513830074,1,0.264237819362282,True,stable_wrong,0.024335777542887294,0.23410011221977345,True,stable_wrong,-0.020920874102106413,0.264237819362282,True,stable_wrong,0.024335777542887294
annual_head_weighted_slopes,learned_market,2024-12-31,2025-06-06,3483,negative_low,2025,0.4434329269092607,0,0.43671249147639707,True,stable_correct,0.005914960455791596,0.4247601551680691,True,stable_correct,0.01621157124891165,0.43671249147639707,True,stable_correct,0.005914960455791596
annual_head_weighted_slopes,learned_market,2024-12-31,2025-06-13,3488,negative_low,2025,0.3598624897632295,0,0.3819694674588315,True,stable_correct,-0.016399662532192882,0.34249494438666456,True,stable_correct,0.012198224608165997,0.3819694674588315,True,stable_correct,-0.016399662532192882
annual_head_weighted_slopes,learned_market,2024-12-31,2025-06-20,3493,negative_low,2025,0.4283441231622911,1,0.4498819242396803,True,stable_wrong,0.024160544244853033,0.40950280530607036,True,stable_wrong,-0.021896495418310902,0.4498819242396803,True,stable_wrong,0.024160544244853033
annual_head_weighted_slopes,learned_market,2024-12-31,2025-06-27,3498,nonnegative_low,2025,0.4538396689028015,1,0.4869667023952329,True,stable_wrong,0.035087942812979944,0.43499289485810094,True,stable_wrong,-0.020941921596627444,0.4869667023952329,True,stable_wrong,0.035087942812979944
annual_head_weighted_slopes,learned_market,2024-12-31,2025-07-04,3503,nonnegative_low,2025,0.5954532940961829,1,0.6017973265370641,True,stable_correct,0.0050926681045999345,0.5781752307229411,True,stable_correct,-0.01427809871801447,0.6017973265370641,True,stable_correct,0.0050926681045999345
annual_head_weighted_slopes,learned_market,2024-12-31,2025-07-11,3508,nonnegative_low,2025,0.5480647322743013,1,0.5597360280869356,True,stable_correct,0.010413121249631396,0.529959865193219,True,stable_correct,-0.016692242114877853,0.5597360280869356,True,stable_correct,0.010413121249631396
annual_head_weighted_slopes,learned_market,2024-12-31,2025-07-18,3513,nonnegative_low,2025,0.48068555339463553,1,0.518575190291754,True,regression,0.03791764705041517,0.4625198691798406,True,stable_wrong,-0.019197396573419567,0.518575190291754,True,regression,0.03791764705041517
annual_head_weighted_slopes,learned_market,2024-12-31,2025-07-25,3518,nonnegative_low,2025,0.43030424562835606,0,0.4601750943905958,True,stable_correct,-0.026599373691605144,0.4114738185373836,True,stable_correct,0.015851040464052918,0.4601750943905958,True,stable_correct,-0.026599373691605144
annual_head_weighted_slopes,learned_market,2024-12-31,2025-08-01,3523,nonnegative_low,2025,0.46964502390911145,1,0.47638655990061735,True,stable_wrong,0.007105366011657233,0.4510214408161685,True,stable_wrong,-0.020101057779188525,0.47638655990061735,True,stable_wrong,0.007105366011657233
annual_head_weighted_slopes,learned_market,2024-12-31,2025-08-08,3528,nonnegative_low,2025,0.2722402456955663,1,0.2858588983163635,True,stable_wrong,0.019636746871331545,0.2573060156496067,True,stable_wrong,-0.021960094405012565,0.2858588983163635,True,stable_wrong,0.019636746871331545
annual_head_weighted_slopes,learned_market,2024-12-31,2025-08-15,3533,nonnegative_low,2025,0.3991346426576055,1,0.4350770057660723,True,stable_wrong,0.04190118823997713,0.38061184831090217,True,stable_wrong,-0.022602504798633294,0.4350770057660723,True,stable_wrong,0.04190118823997713
annual_head_weighted_slopes,learned_market,2024-12-31,2025-08-22,3538,nonnegative_low,2025,0.3138409124721729,1,0.3465628920249844,True,stable_wrong,0.04383423931826819,0.29781183316179366,True,stable_wrong,-0.022253928250580368,0.3465628920249844,True,stable_wrong,0.04383423931826819
annual_head_weighted_slopes,learned_market,2024-12-31,2025-08-29,3543,nonnegative_low,2025,0.4662552486107385,0,0.5089157664667425,True,recovery,-0.04160130050137045,0.4479053937422857,True,stable_correct,0.016774715113629574,0.5089157664667425,True,recovery,-0.04160130050137045
annual_head_weighted_slopes,learned_market,2024-12-31,2025-09-05,3548,nonnegative_high,2025,0.3699370104202015,1,0.41267806816613667,True,stable_wrong,0.05203231922517193,0.3521422149730398,True,stable_wrong,-0.022740338781805813,0.41267806816613667,True,stable_wrong,0.05203231922517193
annual_head_weighted_slopes,learned_market,2024-12-31,2025-09-12,3553,nonnegative_high,2025,0.5182048251960963,0,0.5343727417191273,True,stable_wrong,-0.01701798623590034,0.4988898766899596,True,regression,0.019645131792793702,0.5343727417191273,True,stable_wrong,-0.01701798623590034
annual_head_weighted_slopes,learned_market,2024-12-31,2025-09-19,3558,nonnegative_high,2025,0.38633160061379296,1,0.4008381650070956,True,stable_wrong,0.017593999893164958,0.3684964652467168,True,stable_wrong,-0.022207810000661687,0.4008381650070956,True,stable_wrong,0.017593999893164958
annual_head_weighted_slopes,learned_market,2024-12-31,2025-09-26,3563,nonnegative_high,2025,0.4628730780414399,0,0.46147299767135874,True,stable_correct,0.0012941587957670253,0.4436623468663248,True,stable_correct,0.01741520834862184,0.46147299767135874,True,stable_correct,0.0012941587957670253
annual_head_weighted_slopes,learned_market,2024-12-31,2025-10-10,3567,nonnegative_high,2025,0.38998139379647484,1,0.4123164390357689,True,stable_wrong,0.02675073208689238,0.37178432171827985,True,stable_wrong,-0.022532238524470227,0.4123164390357689,True,stable_wrong,0.02675073208689238
annual_head_weighted_slopes,learned_market,2024-12-31,2025-10-17,3572,nonnegative_high,2025,0.38585424099692694,1,0.3934088129596329,True,stable_wrong,0.009222145106419055,0.367933895837613,True,stable_wrong,-0.022332546729556757,0.3934088129596329,True,stable_wrong,0.009222145106419055
annual_head_weighted_slopes,learned_market,2024-12-31,2025-10-24,3577,nonnegative_high,2025,0.4669929982349295,0,0.4579674025379907,True,stable_correct,0.008348318613054878,0.44778577493982197,True,stable_correct,0.017570360161991982,0.4579674025379907,True,stable_correct,0.008348318613054878
annual_head_weighted_slopes,learned_market,2024-12-31,2025-10-31,3582,nonnegative_high,2025,0.41234132428357856,1,0.44044249471527075,True,stable_wrong,0.03223811742430849,0.39377441853225054,True,stable_wrong,-0.022166736481132765,0.44044249471527075,True,stable_wrong,0.03223811742430849
annual_head_weighted_slopes,learned_market,2024-12-31,2025-11-07,3587,nonnegative_high,2025,0.5336529805367314,0,0.5214036543684332,True,stable_wrong,0.012923732846980507,0.5148544580205742,True,stable_wrong,0.01971039069207786,0.5214036543684332,True,stable_wrong,0.012923732846980507
annual_head_weighted_slopes,learned_market,2024-12-31,2025-11-14,3592,nonnegative_low,2025,0.36673679460327363,0,0.3771931977595479,True,stable_correct,-0.007778831920189716,0.3489269830948354,True,stable_correct,0.012745836984220174,0.3771931977595479,True,stable_correct,-0.007778831920189716
annual_head_weighted_slopes,learned_market,2024-12-31,2025-11-21,3597,nonnegative_high,2025,0.4245624518619662,1,0.436034036629449,True,stable_wrong,0.013070763966638421,0.40568148807530763,True,stable_wrong,-0.02208612180926861,0.436034036629449,True,stable_wrong,0.013070763966638421
annual_head_weighted_slopes,learned_market,2024-12-31,2025-11-28,3602,nonnegative_low,2025,0.4419876665525258,1,0.4164827197135788,True,stable_wrong,-0.029114652113366668,0.42292461880539506,True,stable_wrong,-0.021638231301403466,0.4164827197135788,True,stable_wrong,-0.029114652113366668
annual_head_weighted_slopes,learned_market,2024-12-31,2025-12-05,3607,nonnegative_low,2025,0.42638986494189585,0,0.4235113554868773,True,stable_correct,0.0024464486988360346,0.40767804524260143,True,stable_correct,0.015606928352339622,0.4235113554868773,True,stable_correct,0.0024464486988360346
annual_head_weighted_slopes,learned_market,2024-12-31,2025-12-12,3612,nonnegative_low,2025,0.4944923848523794,1,0.4975878609428095,True,stable_wrong,0.0031199915002131373,0.4758830075626716,True,stable_wrong,-0.019160672789315658,0.4975878609428095,True,stable_wrong,0.0031199915002131373
annual_head_weighted_slopes,learned_market,2024-12-31,2025-12-19,3617,nonnegative_low,2025,0.6126075873363158,1,0.5849460793119737,True,stable_correct,-0.022196875689112217,0.593956370153366,True,stable_correct,-0.01479854794964014,0.5849460793119737,True,stable_correct,-0.022196875689112217
annual_head_weighted_slopes,learned_market,2024-12-31,2025-12-26,3622,nonnegative_low,2025,0.43409296024993754,1,0.4607514877205217,True,stable_wrong,0.029461819643048115,0.4161563881079873,True,stable_wrong,-0.02062258550843238,0.4607514877205217,True,stable_wrong,0.029461819643048115
annual_head_weighted_intercept,learned_vol_interaction,2024-12-31,2025-01-03,3384,negative_high,2025,0.3943950360261402,0,0.4129614786410161,True,stable_correct,-0.014989738399314029,0.4086169509949413,True,stable_correct,-0.011420368198341857,0.4129614786410161,True,stable_correct,-0.014989738399314029
annual_head_weighted_intercept,learned_vol_interaction,2024-12-31,2025-01-10,3389,negative_high,2025,0.45718270670884226,1,0.4750804807945516,True,stable_wrong,0.019110112253059697,0.4849259042696219,True,stable_wrong,0.029349289803472012,0.4750804807945516,True,stable_wrong,0.019110112253059697
annual_head_weighted_intercept,learned_vol_interaction,2024-12-31,2025-01-17,3394,negative_high,2025,0.5053973923203389,1,0.5245505246332476,True,stable_correct,0.018579535897000676,0.5291809928303447,True,stable_correct,0.022961202011300863,0.5245505246332476,True,stable_correct,0.018579535897000676
annual_head_weighted_intercept,learned_vol_interaction,2024-12-31,2025-01-24,3399,negative_high,2025,0.5648529125242774,1,0.5828263213966681,True,stable_correct,0.01531910961916813,0.573741256975319,True,stable_correct,0.0076564717336231325,0.5828263213966681,True,stable_correct,0.01531910961916813
annual_head_weighted_intercept,learned_vol_interaction,2024-12-31,2025-02-07,3403,negative_low,2025,0.5786967040926558,1,0.5969244493100204,True,stable_correct,0.015026567578360905,0.5957402759685541,True,stable_correct,0.014070542668410374,0.5969244493100204,True,stable_correct,0.015026567578360905
annual_head_weighted_intercept,learned_vol_interaction,2024-12-31,2025-02-14,3408,negative_low,2025,0.595432407922445,1,0.6137627554743205,True,stable_correct,0.014495727500641375,0.5865960343787203,True,stable_correct,-0.007227902231969258,0.6137627554743205,True,stable_correct,0.014495727500641375
annual_head_weighted_intercept,learned_vol_interaction,2024-12-31,2025-02-21,3413,negative_low,2025,0.49561370210963945,0,0.5141352455406535,True,recovery,-0.018702108988325583,0.5001752040712009,True,recovery,-0.004542293048845014,0.5141352455406535,True,recovery,-0.018702108988325583
annual_head_weighted_intercept,learned_vol_interaction,2024-12-31,2025-02-28,3418,negative_low,2025,0.5164381974908855,1,0.5355875450887689,True,stable_correct,0.018153088569187625,0.5149912860538907,True,stable_correct,-0.0014014357577950554,0.5355875450887689,True,stable_correct,0.018153088569187625
annual_head_weighted_intercept,learned_vol_interaction,2024-12-31,2025-03-07,3423,nonnegative_low,2025,0.43807440004805187,1,0.4554998710255655,True,stable_wrong,0.0192799894281811,0.43096864863569606,True,stable_wrong,-0.00803629895412905,0.4554998710255655,True,stable_wrong,0.0192799894281811
annual_head_weighted_intercept,learned_vol_interaction,2024-12-31,2025-03-14,3428,nonnegative_low,2025,0.5509125693321733,0,0.5690399328132606,True,stable_wrong,-0.02030178608794353,0.5278578774052863,True,stable_wrong,0.02487072030936227,0.5690399328132606,True,stable_wrong,-0.02030178608794353
annual_head_weighted_intercept,learned_vol_interaction,2024-12-31,2025-03-21,3433,negative_low,2025,0.4774219299355293,0,0.49626421086372785,True,stable_correct,-0.0183464678008331,0.4720370271976222,True,stable_correct,0.005112744137796721,0.49626421086372785,True,stable_correct,-0.0183464678008331
annual_head_weighted_intercept,learned_vol_interaction,2024-12-31,2025-03-28,3438,negative_low,2025,0.5819271969631992,0,0.5998691633092735,True,stable_wrong,-0.02120375052392187,0.5962321509671732,True,stable_wrong,-0.01685351528149598,0.5998691633092735,True,stable_wrong,-0.02120375052392187
annual_head_weighted_intercept,learned_vol_interaction,2024-12-31,2025-04-11,3447,negative_high,2025,0.5253515687966556,0,0.5444967387470734,True,stable_wrong,-0.02048242766909153,0.44183925309256694,True,regression,0.08077234526370972,0.5444967387470734,True,stable_wrong,-0.02048242766909153
annual_head_weighted_intercept,learned_vol_interaction,2024-12-31,2025-04-18,3452,negative_high,2025,0.58305101533873,1,0.6015894220539026,True,stable_correct,0.0151154671907206,0.4971809368125984,True,recovery,-0.07898055449459229,0.6015894220539026,True,stable_correct,0.0151154671907206
annual_head_weighted_intercept,learned_vol_interaction,2024-12-31,2025-04-25,3457,negative_high,2025,0.4627920025931161,1,0.4819384365001487,True,stable_wrong,0.020204648902004185,0.4024527193934256,True,stable_wrong,-0.06847032008239756,0.4819384365001487,True,stable_wrong,0.020204648902004185
annual_head_weighted_intercept,learned_vol_interaction,2024-12-31,2025-05-09,3464,negative_low,2025,0.2924776833277394,1,0.30835364701526646,True,stable_wrong,0.022213150992200004,0.3091492071278406,True,stable_wrong,0.023313010577191262,0.30835364701526646,True,stable_wrong,0.022213150992200004
annual_head_weighted_intercept,learned_vol_interaction,2024-12-31,2025-05-16,3469,negative_low,2025,0.24789777145933525,0,0.2618726890331869,True,stable_correct,-0.007124000166967383,0.23136717337594884,True,stable_correct,0.007922536178528443,0.2618726890331869,True,stable_correct,-0.007124000166967383
annual_head_weighted_intercept,learned_vol_interaction,2024-12-31,2025-05-23,3474,negative_low,2025,0.3067915297702594,0,0.3224442809301658,True,stable_correct,-0.009849271565795709,0.3398209616142988,True,stable_correct,-0.02135724321369077,0.3224442809301658,True,stable_correct,-0.009849271565795709
annual_head_weighted_intercept,learned_vol_interaction,2024-12-31,2025-05-30,3479,negative_low,2025,0.24478895005735732,1,0.2584393658954471,True,stable_wrong,0.020431555901922138,0.2246983524101569,True,stable_wrong,-0.030748914800056593,0.2584393658954471,True,stable_wrong,0.020431555901922138
annual_head_weighted_intercept,learned_vol_interaction,2024-12-31,2025-06-06,3483,negative_low,2025,0.4218266969601791,0,0.4402941459460153,True,stable_correct,-0.015921172685996243,0.4299723184845128,True,stable_correct,-0.0069384323946125315,0.4402941459460153,True,stable_correct,-0.015921172685996243
annual_head_weighted_intercept,learned_vol_interaction,2024-12-31,2025-06-13,3488,negative_low,2025,0.3659643333278293,0,0.3835673237066905,True,stable_correct,-0.013193998547430558,0.34339525826387335,True,stable_correct,0.016009589869970267,0.3835673237066905,True,stable_correct,-0.013193998547430558
annual_head_weighted_intercept,learned_vol_interaction,2024-12-31,2025-06-20,3493,negative_low,2025,0.44219549264081887,1,0.4610340416766527,True,stable_wrong,0.020661564198814597,0.42939459479389114,True,stable_wrong,-0.014444660020209055,0.4610340416766527,True,stable_wrong,0.020661564198814597
annual_head_weighted_intercept,learned_vol_interaction,2024-12-31,2025-06-27,3498,nonnegative_low,2025,0.4794182606955599,1,0.49825277729091844,True,stable_wrong,0.01925507180095931,0.4551113190366481,True,stable_wrong,-0.025898327344745564,0.49825277729091844,True,stable_wrong,0.01925507180095931
annual_head_weighted_intercept,learned_vol_interaction,2024-12-31,2025-07-04,3503,nonnegative_low,2025,0.6168021248010321,1,0.633608241590845,True,stable_correct,0.012597690926851118,0.6240008632316222,True,stable_correct,0.005465260706438463,0.633608241590845,True,stable_correct,0.012597690926851118
annual_head_weighted_intercept,learned_vol_interaction,2024-12-31,2025-07-11,3508,nonnegative_low,2025,0.5757540848805714,1,0.5930268719545607,True,stable_correct,0.014357469544431845,0.572613209987927,True,stable_correct,-0.0026748717813024347,0.5930268719545607,True,stable_correct,0.014357469544431845
annual_head_weighted_intercept,learned_vol_interaction,2024-12-31,2025-07-18,3513,nonnegative_low,2025,0.5038026115482215,1,0.5216782004400581,True,stable_correct,0.01742010437210395,0.4709350840639848,True,recovery,-0.033697836968017675,0.5216782004400581,True,stable_correct,0.01742010437210395
annual_head_weighted_intercept,learned_vol_interaction,2024-12-31,2025-07-25,3518,nonnegative_low,2025,0.4346200851510331,0,0.45323961482518066,True,stable_correct,-0.016531530030186842,0.3986515444040906,True,stable_correct,0.029971564560924646,0.45323961482518066,True,stable_correct,-0.016531530030186842
annual_head_weighted_intercept,learned_vol_interaction,2024-12-31,2025-08-01,3523,nonnegative_low,2025,0.4575385291936234,1,0.47602394883743004,True,stable_wrong,0.01971354511749729,0.4493916553749999,True,stable_wrong,-0.008905101861265419,0.47602394883743004,True,stable_wrong,0.01971354511749729
annual_head_weighted_intercept,learned_vol_interaction,2024-12-31,2025-08-08,3528,nonnegative_low,2025,0.2431298622060725,1,0.2575137873871129,True,stable_wrong,0.021566629563969486,0.2208519261693822,True,stable_wrong,-0.03421931546976309,0.2575137873871129,True,stable_wrong,0.021566629563969486
annual_head_weighted_intercept,learned_vol_interaction,2024-12-31,2025-08-15,3533,nonnegative_low,2025,0.4007907628633076,1,0.4194456337339602,True,stable_wrong,0.022008337679373824,0.3609251285168651,True,stable_wrong,-0.04936498149124857,0.4194456337339602,True,stable_wrong,0.022008337679373824
annual_head_weighted_intercept,learned_vol_interaction,2024-12-31,2025-08-22,3538,nonnegative_low,2025,0.3134534691166473,1,0.32991402497022887,True,stable_wrong,0.022330925136367252,0.27833997043408226,True,stable_wrong,-0.04944705920511483,0.32991402497022887,True,stable_wrong,0.022330925136367252
annual_head_weighted_intercept,learned_vol_interaction,2024-12-31,2025-08-29,3543,nonnegative_low,2025,0.4802857595643582,0,0.49835820127212704,True,stable_correct,-0.017686485934877372,0.43523016809891685,True,stable_correct,0.04124911161690109,0.49835820127212704,True,stable_correct,-0.017686485934877372
annual_head_weighted_intercept,learned_vol_interaction,2024-12-31,2025-09-05,3548,nonnegative_high,2025,0.3907381535986678,1,0.4091034888467138,True,stable_wrong,0.02204131058723474,0.3520024218932474,True,stable_wrong,-0.048700863751856505,0.4091034888467138,True,stable_wrong,0.02204131058723474
annual_head_weighted_intercept,learned_vol_interaction,2024-12-31,2025-09-12,3553,nonnegative_high,2025,0.5106878870253885,0,0.5296384968969021,True,stable_wrong,-0.019714819440753817,0.49368388517234224,True,regression,0.01707833947559756,0.5296384968969021,True,stable_wrong,-0.019714819440753817
annual_head_weighted_intercept,learned_vol_interaction,2024-12-31,2025-09-19,3558,nonnegative_high,2025,0.37991494999068837,1,0.39797590103014585,True,stable_wrong,0.022072453504585643,0.36886391254385914,True,stable_wrong,-0.013827291644395112,0.39797590103014585,True,stable_wrong,0.022072453504585643
annual_head_weighted_intercept,learned_vol_interaction,2024-12-31,2025-09-26,3563,nonnegative_high,2025,0.43218582172609005,0,0.45104147746203355,True,stable_correct,-0.01665382989007841,0.4310298599015023,True,stable_correct,0.0009978443743470233,0.45104147746203355,True,stable_correct,-0.01665382989007841
annual_head_weighted_intercept,learned_vol_interaction,2024-12-31,2025-10-10,3567,nonnegative_high,2025,0.3906119579563854,1,0.4089805343178929,True,stable_wrong,0.02204977697058691,0.3710583137905503,True,stable_wrong,-0.024213858866235616,0.4089805343178929,True,stable_wrong,0.02204977697058691
annual_head_weighted_intercept,learned_vol_interaction,2024-12-31,2025-10-17,3572,nonnegative_high,2025,0.37093427661524075,1,0.38884333080871997,True,stable_wrong,0.022211210040610718,0.36487834844468336,True,stable_wrong,-0.007655827936762671,0.38884333080871997,True,stable_wrong,0.022211210040610718
annual_head_weighted_intercept,learned_vol_interaction,2024-12-31,2025-10-24,3577,nonnegative_high,2025,0.43496959693438403,0,0.4539427368871915,True,stable_correct,-0.01686545811537346,0.44338878461526354,True,stable_correct,-0.007395064065340046,0.4539427368871915,True,stable_correct,-0.01686545811537346
annual_head_weighted_intercept,learned_vol_interaction,2024-12-31,2025-10-31,3582,nonnegative_high,2025,0.42387436307009785,1,0.44267456040216396,True,stable_wrong,0.02130910390496432,0.3998575898945697,True,stable_wrong,-0.028250162879269014,0.44267456040216396,True,stable_wrong,0.02130910390496432
annual_head_weighted_intercept,learned_vol_interaction,2024-12-31,2025-11-07,3587,nonnegative_high,2025,0.49677474051554,0,0.5152011769079533,True,recovery,-0.01864710987305812,0.5072304547636772,True,recovery,-0.010497591425484731,0.5152011769079533,True,recovery,-0.01864710987305812
annual_head_weighted_intercept,learned_vol_interaction,2024-12-31,2025-11-14,3592,nonnegative_low,2025,0.3568640351617531,0,0.37456428166629935,True,stable_correct,-0.012946461508261897,0.3480934183161808,True,stable_correct,0.006182911716885314,0.37456428166629935,True,stable_correct,-0.012946461508261897
annual_head_weighted_intercept,learned_vol_interaction,2024-12-31,2025-11-21,3597,nonnegative_high,2025,0.41851885022343954,1,0.4373250690673907,True,stable_wrong,0.021517249645453984,0.4074509013388843,True,stable_wrong,-0.012994106778629999,0.4373250690673907,True,stable_wrong,0.021517249645453984
annual_head_weighted_intercept,learned_vol_interaction,2024-12-31,2025-11-28,3602,nonnegative_low,2025,0.39131925306702264,1,0.4098314622846428,True,stable_wrong,0.022193348777804267,0.4130278084277195,True,stable_wrong,0.02595589800772119,0.4098314622846428,True,stable_wrong,0.022193348777804267
annual_head_weighted_intercept,learned_vol_interaction,2024-12-31,2025-12-05,3607,nonnegative_low,2025,0.4055526444429208,0,0.42422893568969094,True,stable_correct,-0.015497242461761818,0.40926133967688,True,stable_correct,-0.003021896739468427,0.42422893568969094,True,stable_correct,-0.015497242461761818
annual_head_weighted_intercept,learned_vol_interaction,2024-12-31,2025-12-12,3612,nonnegative_low,2025,0.48123618334568813,1,0.49996829444800833,True,stable_wrong,0.019084190912514842,0.48103238044046304,True,stable_wrong,-0.0002114926815438567,0.49996829444800833,True,stable_wrong,0.019084190912514842
annual_head_weighted_intercept,learned_vol_interaction,2024-12-31,2025-12-19,3617,nonnegative_low,2025,0.5775021236218499,1,0.5961560978861615,True,stable_correct,0.015414558269515016,0.608647479284035,True,stable_correct,0.025347660073306716,0.5961560978861615,True,stable_correct,0.015414558269515016
annual_head_weighted_intercept,learned_vol_interaction,2024-12-31,2025-12-26,3622,nonnegative_low,2025,0.4400206757761482,1,0.45839794679202717,True,stable_wrong,0.020244059519109847,0.4167398539747787,True,stable_wrong,-0.026615554383160822,0.45839794679202717,True,stable_wrong,0.020244059519109847
annual_head_weighted_slopes,learned_vol_interaction,2024-12-31,2025-01-03,3384,negative_high,2025,0.42736992196237367,0,0.4129614786410161,True,stable_correct,0.012107867356750929,0.4086169509949413,True,stable_correct,0.0156772375577231,0.4129614786410161,True,stable_correct,0.012107867356750929
annual_head_weighted_slopes,learned_vol_interaction,2024-12-31,2025-01-10,3389,negative_high,2025,0.5030860974326411,1,0.4750804807945516,True,recovery,-0.028617075078156362,0.4849259042696219,True,recovery,-0.018377897527744047,0.4750804807945516,True,recovery,-0.028617075078156362
annual_head_weighted_slopes,learned_vol_interaction,2024-12-31,2025-01-17,3394,negative_high,2025,0.5481531341966485,1,0.5245505246332476,True,stable_correct,-0.02188661349020815,0.5291809928303447,True,stable_correct,-0.017504947375907964,0.5245505246332476,True,stable_correct,-0.02188661349020815
annual_head_weighted_slopes,learned_vol_interaction,2024-12-31,2025-01-24,3399,negative_high,2025,0.5916002774363357,1,0.5828263213966681,True,stable_correct,-0.007243544729358065,0.573741256975319,True,stable_correct,-0.014906182614903063,0.5828263213966681,True,stable_correct,-0.007243544729358065
annual_head_weighted_slopes,learned_vol_interaction,2024-12-31,2025-02-07,3403,negative_low,2025,0.6135282434508442,1,0.5969244493100204,True,stable_correct,-0.013109480953840374,0.5957402759685541,True,stable_correct,-0.014065505863790906,0.5969244493100204,True,stable_correct,-0.013109480953840374
annual_head_weighted_slopes,learned_vol_interaction,2024-12-31,2025-02-14,3408,negative_low,2025,0.6050244572057704,1,0.6137627554743205,True,stable_correct,0.006826470346806779,0.5865960343787203,True,stable_correct,-0.014897159385803854,0.6137627554743205,True,stable_correct,0.006826470346806779
annual_head_weighted_slopes,learned_vol_interaction,2024-12-31,2025-02-21,3413,negative_low,2025,0.5182688402345056,0,0.5141352455406535,True,stable_wrong,0.004267540050871432,0.5001752040712009,True,stable_wrong,0.018427355990352,0.5141352455406535,True,stable_wrong,0.004267540050871432
annual_head_weighted_slopes,learned_vol_interaction,2024-12-31,2025-02-28,3418,negative_low,2025,0.5340022944636007,1,0.5355875450887689,True,stable_correct,0.0014749332885124755,0.5149912860538907,True,stable_correct,-0.018079591038470205,0.5355875450887689,True,stable_correct,0.0014749332885124755
annual_head_weighted_slopes,learned_vol_interaction,2024-12-31,2025-03-07,3423,nonnegative_low,2025,0.4484021832184612,1,0.4554998710255655,True,stable_wrong,0.007779761024984233,0.43096864863569606,True,stable_wrong,-0.019536527357325917,0.4554998710255655,True,stable_wrong,0.007779761024984233
annual_head_weighted_slopes,learned_vol_interaction,2024-12-31,2025-03-14,3428,nonnegative_low,2025,0.5455785451719048,0,0.5690399328132606,True,stable_wrong,-0.026150496184227878,0.5278578774052863,True,stable_wrong,0.019022010213077922,0.5690399328132606,True,stable_wrong,-0.026150496184227878
annual_head_weighted_slopes,learned_vol_interaction,2024-12-31,2025-03-21,3433,negative_low,2025,0.49083914785430155,0,0.49626421086372785,True,stable_correct,-0.005355097917861651,0.4720370271976222,True,stable_correct,0.01810411402076817,0.49626421086372785,True,stable_correct,-0.005355097917861651
annual_head_weighted_slopes,learned_vol_interaction,2024-12-31,2025-03-28,3438,negative_low,2025,0.6138584578761908,0,0.5998691633092735,True,stable_wrong,0.016979193216767163,0.5962321509671732,True,stable_wrong,0.021329428459193056,0.5998691633092735,True,stable_wrong,0.016979193216767163
annual_head_weighted_slopes,learned_vol_interaction,2024-12-31,2025-04-11,3447,negative_high,2025,0.46079735044038644,0,0.5444967387470734,True,recovery,-0.08414250033331835,0.44183925309256694,True,stable_correct,0.01711227259948289,0.5444967387470734,True,recovery,-0.08414250033331835
annual_head_weighted_slopes,learned_vol_interaction,2024-12-31,2025-04-18,3452,negative_high,2025,0.5160682931043837,1,0.6015894220539026,True,stable_correct,0.07545890831956134,0.4971809368125984,True,recovery,-0.01863711336575155,0.6015894220539026,True,stable_correct,0.07545890831956134
annual_head_weighted_slopes,learned_vol_interaction,2024-12-31,2025-04-25,3457,negative_high,2025,0.42062780880175277,1,0.4819384365001487,True,stable_wrong,0.06728435235794789,0.4024527193934256,True,stable_wrong,-0.021390616626453862,0.4819384365001487,True,stable_wrong,0.06728435235794789
annual_head_weighted_slopes,learned_vol_interaction,2024-12-31,2025-05-09,3464,negative_low,2025,0.32545724236670476,1,0.30835364701526646,True,stable_wrong,-0.02336674572155223,0.3091492071278406,True,stable_wrong,-0.02226688613656097,0.30835364701526646,True,stable_wrong,-0.02336674572155223
annual_head_weighted_slopes,learned_vol_interaction,2024-12-31,2025-05-16,3469,negative_low,2025,0.2443863958816371,0,0.2618726890331869,True,stable_correct,-0.008852594769455942,0.23136717337594884,True,stable_correct,0.006193941576039884,0.2618726890331869,True,stable_correct,-0.008852594769455942
annual_head_weighted_slopes,learned_vol_interaction,2024-12-31,2025-05-23,3474,negative_low,2025,0.3564473176601519,0,0.3224442809301658,True,stable_correct,0.02308437596254556,0.3398209616142988,True,stable_correct,0.011576404314650499,0.3224442809301658,True,stable_correct,0.02308437596254556
annual_head_weighted_slopes,learned_vol_interaction,2024-12-31,2025-05-30,3479,negative_low,2025,0.23770760411454375,1,0.2584393658954471,True,stable_wrong,0.03117752277124264,0.2246983524101569,True,stable_wrong,-0.020002947930736092,0.2584393658954471,True,stable_wrong,0.03117752277124264
annual_head_weighted_slopes,learned_vol_interaction,2024-12-31,2025-06-06,3483,negative_low,2025,0.44821124687072217,0,0.4402941459460153,True,stable_correct,0.007034386867076442,0.4299723184845128,True,stable_correct,0.016017127158460154,0.4402941459460153,True,stable_correct,0.007034386867076442
annual_head_weighted_slopes,learned_vol_interaction,2024-12-31,2025-06-13,3488,negative_low,2025,0.36045388793787514,0,0.3835673237066905,True,stable_correct,-0.01719688648598286,0.34339525826387335,True,stable_correct,0.012006701931417965,0.3835673237066905,True,stable_correct,-0.01719688648598286
annual_head_weighted_slopes,learned_vol_interaction,2024-12-31,2025-06-20,3493,negative_low,2025,0.44803798111173077,1,0.4610340416766527,True,stable_wrong,0.014177766063809993,0.42939459479389114,True,stable_wrong,-0.02092845815521366,0.4610340416766527,True,stable_wrong,0.014177766063809993
annual_head_weighted_slopes,learned_vol_interaction,2024-12-31,2025-06-27,3498,nonnegative_low,2025,0.4738495644788588,1,0.49825277729091844,True,stable_wrong,0.02508400530280991,0.4551113190366481,True,stable_wrong,-0.020069393842894967,0.49825277729091844,True,stable_wrong,0.02508400530280991
annual_head_weighted_slopes,learned_vol_interaction,2024-12-31,2025-07-04,3503,nonnegative_low,2025,0.6396820930322301,1,0.633608241590845,True,stable_correct,-0.00441392654851816,0.6240008632316222,True,stable_correct,-0.011546356768930816,0.633608241590845,True,stable_correct,-0.00441392654851816
annual_head_weighted_slopes,learned_vol_interaction,2024-12-31,2025-07-11,3508,nonnegative_low,2025,0.5894490476150454,1,0.5930268719545607,True,stable_correct,0.002924957553103763,0.572613209987927,True,stable_correct,-0.014107383772630516,0.5930268719545607,True,stable_correct,0.002924957553103763
annual_head_weighted_slopes,learned_vol_interaction,2024-12-31,2025-07-18,3513,nonnegative_low,2025,0.4889420857947921,1,0.5216782004400581,True,regression,0.03238844773751634,0.4709350840639848,True,stable_wrong,-0.018729493602605285,0.5216782004400581,True,regression,0.03238844773751634
annual_head_weighted_slopes,learned_vol_interaction,2024-12-31,2025-07-25,3518,nonnegative_low,2025,0.4169703640977793,0,0.45323961482518066,True,stable_correct,-0.03156186391104346,0.3986515444040906,True,stable_correct,0.01494123068006803,0.45323961482518066,True,stable_correct,-0.03156186391104346
annual_head_weighted_slopes,learned_vol_interaction,2024-12-31,2025-08-01,3523,nonnegative_low,2025,0.46749337124173573,1,0.47602394883743004,True,stable_wrong,0.009012407479571771,0.4493916553749999,True,stable_wrong,-0.019606239499190936,0.47602394883743004,True,stable_wrong,0.009012407479571771
annual_head_weighted_slopes,learned_vol_interaction,2024-12-31,2025-08-08,3528,nonnegative_low,2025,0.23426393955736727,1,0.2575137873871129,True,stable_wrong,0.03506593834197402,0.2208519261693822,True,stable_wrong,-0.020720006691758552,0.2575137873871129,True,stable_wrong,0.03506593834197402
annual_head_weighted_slopes,learned_vol_interaction,2024-12-31,2025-08-15,3533,nonnegative_low,2025,0.3789030859986428,1,0.4194456337339602,True,stable_wrong,0.04871800439144619,0.3609251285168651,True,stable_wrong,-0.022655314779176206,0.4194456337339602,True,stable_wrong,0.04871800439144619
annual_head_weighted_slopes,learned_vol_interaction,2024-12-31,2025-08-22,3538,nonnegative_low,2025,0.2933913096019835,1,0.32991402497022887,True,stable_wrong,0.0502806274144007,0.27833997043408226,True,stable_wrong,-0.02149735692708138,0.32991402497022887,True,stable_wrong,0.0502806274144007
annual_head_weighted_slopes,learned_vol_interaction,2024-12-31,2025-08-29,3543,nonnegative_low,2025,0.45295490654525894,0,0.49835820127212704,True,stable_correct,-0.043192749411765624,0.43523016809891685,True,stable_correct,0.01574284814001284,0.49835820127212704,True,stable_correct,-0.043192749411765624
annual_head_weighted_slopes,learned_vol_interaction,2024-12-31,2025-09-05,3548,nonnegative_high,2025,0.3693553493645214,1,0.4091034888467138,True,stable_wrong,0.048553988482019084,0.3520024218932474,True,stable_wrong,-0.022188185857072162,0.4091034888467138,True,stable_wrong,0.048553988482019084
annual_head_weighted_slopes,learned_vol_interaction,2024-12-31,2025-09-12,3553,nonnegative_high,2025,0.51272661471632,0,0.5296384968969021,True,stable_wrong,-0.017628355956752162,0.49368388517234224,True,regression,0.019164802959599214,0.5296384968969021,True,stable_wrong,-0.017628355956752162
annual_head_weighted_slopes,learned_vol_interaction,2024-12-31,2025-09-19,3558,nonnegative_high,2025,0.38637266524770414,1,0.39797590103014585,True,stable_wrong,0.014105490214741279,0.36886391254385914,True,stable_wrong,-0.021794254934239476,0.39797590103014585,True,stable_wrong,0.014105490214741279
annual_head_weighted_slopes,learned_vol_interaction,2024-12-31,2025-09-26,3563,nonnegative_high,2025,0.44986328491061095,0,0.45104147746203355,True,stable_correct,-0.0010614392805685935,0.4310298599015023,True,stable_correct,0.01659023498385684,0.45104147746203355,True,stable_correct,-0.0010614392805685935
annual_head_weighted_slopes,learned_vol_interaction,2024-12-31,2025-10-10,3567,nonnegative_high,2025,0.3889040804314782,1,0.4089805343178929,True,stable_wrong,0.02413421409813382,0.3710583137905503,True,stable_wrong,-0.022129421738688704,0.4089805343178929,True,stable_wrong,0.02413421409813382
annual_head_weighted_slopes,learned_vol_interaction,2024-12-31,2025-10-17,3572,nonnegative_high,2025,0.38247740978402955,1,0.38884333080871997,True,stable_wrong,0.007821675130061712,0.36487834844468336,True,stable_wrong,-0.022045362847311678,0.38884333080871997,True,stable_wrong,0.007821675130061712
annual_head_weighted_slopes,learned_vol_interaction,2024-12-31,2025-10-24,3577,nonnegative_high,2025,0.4623417359703565,0,0.4539427368871915,True,stable_correct,0.007695872447448876,0.44338878461526354,True,stable_correct,0.01716626649748229,0.4539427368871915,True,stable_correct,0.007695872447448876
annual_head_weighted_slopes,learned_vol_interaction,2024-12-31,2025-10-31,3582,nonnegative_high,2025,0.41820175004777616,1,0.44267456040216396,True,stable_wrong,0.02787755802454922,0.3998575898945697,True,stable_wrong,-0.021681708759684115,0.44267456040216396,True,stable_wrong,0.02787755802454922
annual_head_weighted_slopes,learned_vol_interaction,2024-12-31,2025-11-07,3587,nonnegative_high,2025,0.5257426701624034,0,0.5152011769079533,True,stable_wrong,0.010973102542153446,0.5072304547636772,True,stable_wrong,0.019122620989726835,0.5152011769079533,True,stable_wrong,0.010973102542153446
annual_head_weighted_slopes,learned_vol_interaction,2024-12-31,2025-11-14,3592,nonnegative_low,2025,0.3655784593759313,0,0.37456428166629935,True,stable_correct,-0.006650791140511397,0.3480934183161808,True,stable_correct,0.012478582084635814,0.37456428166629935,True,stable_correct,-0.006650791140511397
annual_head_weighted_slopes,learned_vol_interaction,2024-12-31,2025-11-21,3597,nonnegative_high,2025,0.426178229886373,1,0.4373250690673907,True,stable_wrong,0.012668345956319493,0.4074509013388843,True,stable_wrong,-0.02184301046776449,0.4373250690673907,True,stable_wrong,0.012668345956319493
annual_head_weighted_slopes,learned_vol_interaction,2024-12-31,2025-11-28,3602,nonnegative_low,2025,0.43174890626491275,1,0.4098314622846428,True,stable_wrong,-0.025389597377959983,0.4130278084277195,True,stable_wrong,-0.02162704814804306,0.4098314622846428,True,stable_wrong,-0.025389597377959983
annual_head_weighted_slopes,learned_vol_interaction,2024-12-31,2025-12-05,3607,nonnegative_low,2025,0.42781590803861386,0,0.42422893568969094,True,stable_correct,0.0030562612944957657,0.40926133967688,True,stable_correct,0.015531607016789156,0.42422893568969094,True,stable_correct,0.0030562612944957657
annual_head_weighted_slopes,learned_vol_interaction,2024-12-31,2025-12-12,3612,nonnegative_low,2025,0.49950805220592964,1,0.49996829444800833,True,stable_wrong,0.000460483249468846,0.48103238044046304,True,stable_wrong,-0.018835200344589853,0.49996829444800833,True,stable_wrong,0.000460483249468846
annual_head_weighted_slopes,learned_vol_interaction,2024-12-31,2025-12-19,3617,nonnegative_low,2025,0.6267740412162642,1,0.5961560978861615,True,stable_correct,-0.023792280964492707,0.608647479284035,True,stable_correct,-0.013859179160701007,0.5961560978861615,True,stable_correct,-0.023792280964492707
annual_head_weighted_slopes,learned_vol_interaction,2024-12-31,2025-12-26,3622,nonnegative_low,2025,0.4344537027439303,1,0.45839794679202717,True,stable_wrong,0.026509830300958825,0.4167398539747787,True,stable_wrong,-0.020349783601311844,0.45839794679202717,True,stable_wrong,0.026509830300958825
annual_head_weighted_intercept,learned_order_extension,2024-12-31,2025-01-03,3384,negative_high,2025,0.39137110240629297,0,0.40951337344748207,True,stable_correct,-0.01452986323361985,0.40415471979706,True,stable_correct,-0.010169697735523037,0.40951337344748207,True,stable_correct,-0.01452986323361985
annual_head_weighted_intercept,learned_order_extension,2024-12-31,2025-01-10,3389,negative_high,2025,0.46978141295196024,1,0.4865968757251961,True,stable_wrong,0.017548982036090066,0.4953880812826454,True,stable_wrong,0.026498561539609722,0.4865968757251961,True,stable_wrong,0.017548982036090066
annual_head_weighted_intercept,learned_order_extension,2024-12-31,2025-01-17,3394,negative_high,2025,0.5266087518321209,1,0.5451424729318923,True,stable_correct,0.01720390391142823,0.5375249608286315,True,stable_correct,0.010216111985383747,0.5451424729318923,True,stable_correct,0.01720390391142823
annual_head_weighted_intercept,learned_order_extension,2024-12-31,2025-01-24,3399,negative_high,2025,0.5906801596315919,1,0.6074149701759488,True,stable_correct,0.013419726077267907,0.5865663160023302,True,stable_correct,-0.0033846793446659917,0.6074149701759488,True,stable_correct,0.013419726077267907
annual_head_weighted_intercept,learned_order_extension,2024-12-31,2025-02-07,3403,negative_low,2025,0.5995411309578292,1,0.6169792607140822,True,stable_correct,0.01366241907140342,0.6045450018678219,True,stable_correct,0.0039826502468134906,0.6169792607140822,True,stable_correct,0.01366241907140342
annual_head_weighted_intercept,learned_order_extension,2024-12-31,2025-02-14,3408,negative_low,2025,0.6113130408862127,1,0.6288738040885309,True,stable_correct,0.013342898893404759,0.5956274532231108,True,stable_correct,-0.012439604401704496,0.6288738040885309,True,stable_correct,0.013342898893404759
annual_head_weighted_intercept,learned_order_extension,2024-12-31,2025-02-21,3413,negative_low,2025,0.5215246829267253,0,0.5396921938989238,True,stable_wrong,-0.019279669253612186,0.506584032444775,True,stable_wrong,0.01536061297381247,0.5396921938989238,True,stable_wrong,-0.019279669253612186
annual_head_weighted_intercept,learned_order_extension,2024-12-31,2025-02-28,3418,negative_low,2025,0.5416881390233422,1,0.5600708144044556,True,stable_correct,0.01651207357312834,0.527578306445962,True,stable_correct,-0.013132494628578073,0.5600708144044556,True,stable_correct,0.01651207357312834
annual_head_weighted_intercept,learned_order_extension,2024-12-31,2025-03-07,3423,nonnegative_low,2025,0.44891496818712895,1,0.4654488474375695,True,stable_wrong,0.01794977758237032,0.4363167678722933,True,stable_wrong,-0.014044073893745013,0.4654488474375695,True,stable_wrong,0.01794977758237032
annual_head_weighted_intercept,learned_order_extension,2024-12-31,2025-03-14,3428,nonnegative_low,2025,0.5642839395524025,0,0.5817871806336103,True,stable_wrong,-0.02005995911282571,0.5328724336420577,True,stable_wrong,0.034463333901170234,0.5817871806336103,True,stable_wrong,-0.02005995911282571
annual_head_weighted_intercept,learned_order_extension,2024-12-31,2025-03-21,3433,negative_low,2025,0.49546805693473583,0,0.5137641271927346,True,recovery,-0.018464982947429737,0.48553337150793546,True,stable_correct,0.00974594059481973,0.5137641271927346,True,recovery,-0.018464982947429737
annual_head_weighted_intercept,learned_order_extension,2024-12-31,2025-03-28,3438,negative_low,2025,0.6286145123740888,0,0.6450749150689776,True,stable_wrong,-0.020965440883935205,0.6269535520913249,True,stable_wrong,0.002085448687383862,0.6450749150689776,True,stable_wrong,-0.020965440883935205
annual_head_weighted_intercept,learned_order_extension,2024-12-31,2025-04-11,3447,negative_high,2025,0.5265092773573397,0,0.5452504102332817,True,stable_wrong,-0.02008599071621392,0.43910216407732605,True,regression,0.08440130864595707,0.5452504102332817,True,stable_wrong,-0.02008599071621392
annual_head_weighted_intercept,learned_order_extension,2024-12-31,2025-04-18,3452,negative_high,2025,0.6158255454229685,1,0.633420590274347,True,stable_correct,0.013209547914751485,0.5260826792734434,True,stable_correct,-0.07700761533507827,0.633420590274347,True,stable_correct,0.013209547914751485
annual_head_weighted_intercept,learned_order_extension,2024-12-31,2025-04-25,3457,negative_high,2025,0.4577092012458975,1,0.4764390126963433,True,stable_wrong,0.019963202986982898,0.399769560660089,True,stable_wrong,-0.0661972698968199,0.4764390126963433,True,stable_wrong,0.019963202986982898
annual_head_weighted_intercept,learned_order_extension,2024-12-31,2025-05-09,3464,negative_low,2025,0.28730153675158476,1,0.30269868967734,True,stable_wrong,0.021709982138954198,0.30349478588801726,True,stable_wrong,0.022819586231473787,0.30269868967734,True,stable_wrong,0.021709982138954198
annual_head_weighted_intercept,learned_order_extension,2024-12-31,2025-05-16,3469,negative_low,2025,0.25409841881369616,0,0.26791212785926416,True,stable_correct,-0.007210901810458165,0.23802779621855016,True,stable_correct,0.007908774670960891,0.26791212785926416,True,stable_correct,-0.007210901810458165
annual_head_weighted_intercept,learned_order_extension,2024-12-31,2025-05-23,3474,negative_low,2025,0.3173699042063675,0,0.33308095351299777,True,stable_correct,-0.010219265497168895,0.3423293032360472,True,stable_correct,-0.01646569575811868,0.33308095351299777,True,stable_correct,-0.010219265497168895
annual_head_weighted_intercept,learned_order_extension,2024-12-31,2025-05-30,3479,negative_low,2025,0.2683736277016088,1,0.2825999969870068,True,stable_wrong,0.0206143843194615,0.23528785236028585,True,stable_wrong,-0.049507520105239844,0.2825999969870068,True,stable_wrong,0.0206143843194615
annual_head_weighted_intercept,learned_order_extension,2024-12-31,2025-06-06,3483,negative_low,2025,0.43800013147368877,0,0.45635858755402475,True,stable_correct,-0.016419045263335846,0.43981238532326133,True,stable_correct,-0.0015908191127682603,0.45635858755402475,True,stable_correct,-0.016419045263335846
annual_head_weighted_intercept,learned_order_extension,2024-12-31,2025-06-13,3488,negative_low,2025,0.37310078916675754,0,0.3905530413404539,True,stable_correct,-0.013327479223421007,0.34097081682563196,True,stable_correct,0.02294310095011859,0.3905530413404539,True,stable_correct,-0.013327479223421007
annual_head_weighted_intercept,learned_order_extension,2024-12-31,2025-06-20,3493,negative_low,2025,0.4537520342046742,1,0.4723527595106683,True,stable_wrong,0.019975229739524814,0.43322771466909327,True,stable_wrong,-0.022843983283687253,0.4723527595106683,True,stable_wrong,0.019975229739524814
annual_head_weighted_intercept,learned_order_extension,2024-12-31,2025-06-27,3498,nonnegative_low,2025,0.48375152873748134,1,0.5022999333189899,True,regression,0.018807127706605642,0.4559959306948649,True,stable_wrong,-0.029427943339658758,0.5022999333189899,True,regression,0.018807127706605642
annual_head_weighted_intercept,learned_order_extension,2024-12-31,2025-07-04,3503,nonnegative_low,2025,0.5981869273136312,1,0.6152580331073719,True,stable_correct,0.013427364293252947,0.6191143528730666,True,stable_correct,0.016379869194358243,0.6152580331073719,True,stable_correct,0.013427364293252947
annual_head_weighted_intercept,learned_order_extension,2024-12-31,2025-07-11,3508,nonnegative_low,2025,0.5880713935761549,1,0.6047707108307506,True,stable_correct,0.013478985773060947,0.5836522584227283,True,stable_correct,-0.0036602651262035713,0.6047707108307506,True,stable_correct,0.013478985773060947
annual_head_weighted_intercept,learned_order_extension,2024-12-31,2025-07-18,3513,nonnegative_low,2025,0.5039712103800907,1,0.5213316336407349,True,stable_correct,0.01692115517874454,0.47405292825910245,True,recovery,-0.030575762141032692,0.5213316336407349,True,stable_correct,0.01692115517874454
annual_head_weighted_intercept,learned_order_extension,2024-12-31,2025-07-25,3518,nonnegative_low,2025,0.4143324115364273,0,0.43250423970615826,True,stable_correct,-0.015388570114210659,0.3884774415856844,True,stable_correct,0.02075662462863251,0.43250423970615826,True,stable_correct,-0.015388570114210659
annual_head_weighted_intercept,learned_order_extension,2024-12-31,2025-08-01,3523,nonnegative_low,2025,0.4348004088561043,1,0.4529322661484752,True,stable_wrong,0.020167472407783937,0.4369973416634017,True,stable_wrong,0.0024785845351502633,0.4529322661484752,True,stable_wrong,0.020167472407783937
annual_head_weighted_intercept,learned_order_extension,2024-12-31,2025-08-08,3528,nonnegative_low,2025,0.25176141277940506,1,0.2660590035903515,True,stable_wrong,0.021191597195084344,0.22451193267132996,True,stable_wrong,-0.041520759163283905,0.2660590035903515,True,stable_wrong,0.021191597195084344
annual_head_weighted_intercept,learned_order_extension,2024-12-31,2025-08-15,3533,nonnegative_low,2025,0.3939812933492323,1,0.41216536307173124,True,stable_wrong,0.021709112438079603,0.3581343331893598,True,stable_wrong,-0.04473286141959859,0.41216536307173124,True,stable_wrong,0.021709112438079603
annual_head_weighted_intercept,learned_order_extension,2024-12-31,2025-08-22,3538,nonnegative_low,2025,0.2992609662276407,1,0.31505469743442394,True,stable_wrong,0.021885125945571238,0.2729763216404537,True,stable_wrong,-0.037528235443225255,0.31505469743442394,True,stable_wrong,0.021885125945571238
annual_head_weighted_intercept,learned_order_extension,2024-12-31,2025-08-29,3543,nonnegative_low,2025,0.48207383415937133,0,0.4996234058817137,True,stable_correct,-0.017228366123726607,0.44020258482834995,True,stable_correct,0.03861686589155641,0.4996234058817137,True,stable_correct,-0.017228366123726607
annual_head_weighted_intercept,learned_order_extension,2024-12-31,2025-09-05,3548,nonnegative_high,2025,0.39267313985742697,1,0.4106501716493339,True,stable_wrong,0.02151269487367674,0.3531810090560438,True,stable_wrong,-0.04952889199512117,0.4106501716493339,True,stable_wrong,0.02151269487367674
annual_head_weighted_intercept,learned_order_extension,2024-12-31,2025-09-12,3553,nonnegative_high,2025,0.5105966837913521,0,0.5292587508650948,True,stable_wrong,-0.01940585186855437,0.4978103667279628,True,regression,0.01289381227689726,0.5292587508650948,True,stable_wrong,-0.01940585186855437
annual_head_weighted_intercept,learned_order_extension,2024-12-31,2025-09-19,3558,nonnegative_high,2025,0.36993248556174363,1,0.387378947026162,True,stable_wrong,0.02168051820362832,0.36635801545812213,True,stable_wrong,-0.004517091823767083,0.387378947026162,True,stable_wrong,0.02168051820362832
annual_head_weighted_intercept,learned_order_extension,2024-12-31,2025-09-26,3563,nonnegative_high,2025,0.4265130708679165,0,0.44494414670909926,True,stable_correct,-0.016061894069508087,0.43198059077375867,True,stable_correct,-0.004693831184065189,0.44494414670909926,True,stable_correct,-0.016061894069508087
annual_head_weighted_intercept,learned_order_extension,2024-12-31,2025-10-10,3567,nonnegative_high,2025,0.3805046704869393,1,0.39830231502966845,True,stable_wrong,0.02173435918983946,0.36845042245116133,True,stable_wrong,-0.01508040561362084,0.39830231502966845,True,stable_wrong,0.02173435918983946
annual_head_weighted_intercept,learned_order_extension,2024-12-31,2025-10-17,3572,nonnegative_high,2025,0.3681584822503017,1,0.3856415552966978,True,stable_wrong,0.021787404973982016,0.36413266046515846,True,stable_wrong,-0.005103569934875096,0.3856415552966978,True,stable_wrong,0.021787404973982016
annual_head_weighted_intercept,learned_order_extension,2024-12-31,2025-10-24,3577,nonnegative_high,2025,0.42820472638090523,0,0.4467077056987967,True,stable_correct,-0.016188486635736854,0.4414193752832416,True,stable_correct,-0.011491777180501372,0.4467077056987967,True,stable_correct,-0.016188486635736854
annual_head_weighted_intercept,learned_order_extension,2024-12-31,2025-10-31,3582,nonnegative_high,2025,0.40834367917315256,1,0.4265271149761272,True,stable_wrong,0.021186052116757392,0.3913937264576608,True,stable_wrong,-0.020344394220731143,0.4265271149761272,True,stable_wrong,0.021186052116757392
annual_head_weighted_intercept,learned_order_extension,2024-12-31,2025-11-07,3587,nonnegative_high,2025,0.5068559217007417,0,0.524238891922363,True,stable_wrong,-0.017923490440878542,0.521634255415314,True,stable_wrong,-0.01519937105958069,0.524238891922363,True,stable_wrong,-0.017923490440878542
annual_head_weighted_intercept,learned_order_extension,2024-12-31,2025-11-14,3592,nonnegative_low,2025,0.33528037431541485,0,0.3521584524422983,True,stable_correct,-0.01160264622546979,0.3379254712771209,True,stable_correct,-0.0017806947367795672,0.3521584524422983,True,stable_correct,-0.01160264622546979
annual_head_weighted_intercept,learned_order_extension,2024-12-31,2025-11-21,3597,nonnegative_high,2025,0.4208036370771873,1,0.4391154261905637,True,stable_wrong,0.020876921685621552,0.40811127722278107,True,stable_wrong,-0.01486383332783292,0.4391154261905637,True,stable_wrong,0.020876921685621552
annual_head_weighted_intercept,learned_order_extension,2024-12-31,2025-11-28,3602,nonnegative_low,2025,0.379018431695136,1,0.3969313439154507,True,stable_wrong,0.021926304222744164,0.40006669922523797,True,stable_wrong,0.025698142795867462,0.3969313439154507,True,stable_wrong,0.021926304222744164
annual_head_weighted_intercept,learned_order_extension,2024-12-31,2025-12-05,3607,nonnegative_low,2025,0.3966037643259988,0,0.4147811192052045,True,stable_correct,-0.014748830971569649,0.3978454020655779,True,stable_correct,-0.000986418067168926,0.4147811192052045,True,stable_correct,-0.014748830971569649
annual_head_weighted_intercept,learned_order_extension,2024-12-31,2025-12-12,3612,nonnegative_low,2025,0.5020550407830092,1,0.5198366777060857,True,stable_correct,0.017392366333281145,0.48995421360718233,True,recovery,-0.012197521807457146,0.5198366777060857,True,stable_correct,0.017392366333281145
annual_head_weighted_intercept,learned_order_extension,2024-12-31,2025-12-19,3617,nonnegative_low,2025,0.6220732586841587,1,0.6394771046844115,True,stable_correct,0.012851863754876042,0.63524114589414,True,stable_correct,0.009779600152990758,0.6394771046844115,True,stable_correct,0.012851863754876042
annual_head_weighted_intercept,learned_order_extension,2024-12-31,2025-12-26,3622,nonnegative_low,2025,0.44714958268858784,1,0.46513485626413376,True,stable_wrong,0.019562861937813703,0.4152984007561864,True,stable_wrong,-0.036232376236870645,0.46513485626413376,True,stable_wrong,0.019562861937813703
annual_head_weighted_slopes,learned_order_extension,2024-12-31,2025-01-03,3384,negative_high,2025,0.4224658605550979,0,0.40951337344748207,True,stable_correct,0.01077620030222251,0.40415471979706,True,stable_correct,0.015136365800319324,0.40951337344748207,True,stable_correct,0.01077620030222251
annual_head_weighted_slopes,learned_order_extension,2024-12-31,2025-01-10,3389,negative_high,2025,0.5126229166978324,1,0.4865968757251961,True,recovery,-0.02604634668700173,0.4953880812826454,True,recovery,-0.017096767183482076,0.4865968757251961,True,recovery,-0.02604634668700173
annual_head_weighted_slopes,learned_order_extension,2024-12-31,2025-01-17,3394,negative_high,2025,0.5559901874751544,1,0.5451424729318923,True,stable_correct,-0.009750656312165762,0.5375249608286315,True,stable_correct,-0.016738448238210246,0.5451424729318923,True,stable_correct,-0.009750656312165762
annual_head_weighted_slopes,learned_order_extension,2024-12-31,2025-01-24,3399,negative_high,2025,0.6035001947107208,1,0.6074149701759488,True,stable_correct,0.0030890899524851356,0.5865663160023302,True,stable_correct,-0.013715315469448763,0.6074149701759488,True,stable_correct,0.0030890899524851356
annual_head_weighted_slopes,learned_order_extension,2024-12-31,2025-02-07,3403,negative_low,2025,0.6218223933601483,1,0.6169792607140822,True,stable_correct,-0.003686584559284667,0.6045450018678219,True,stable_correct,-0.013366353383874596,0.6169792607140822,True,stable_correct,-0.003686584559284667
annual_head_weighted_slopes,learned_order_extension,2024-12-31,2025-02-14,3408,negative_low,2025,0.6135268089988289,1,0.6288738040885309,True,stable_correct,0.011626874070909482,0.5956274532231108,True,stable_correct,-0.014155629224199773,0.6288738040885309,True,stable_correct,0.011626874070909482
annual_head_weighted_slopes,learned_order_extension,2024-12-31,2025-02-21,3413,negative_low,2025,0.5244291026332384,0,0.5396921938989238,True,stable_wrong,-0.01624178046672986,0.506584032444775,True,stable_wrong,0.018398501760694796,0.5396921938989238,True,stable_wrong,-0.01624178046672986
annual_head_weighted_slopes,learned_order_extension,2024-12-31,2025-02-28,3418,negative_low,2025,0.5459892240951382,1,0.5600708144044556,True,stable_correct,0.012588096298975726,0.527578306445962,True,stable_correct,-0.017056471902730685,0.5600708144044556,True,stable_correct,0.012588096298975726
annual_head_weighted_slopes,learned_order_extension,2024-12-31,2025-03-07,3423,nonnegative_low,2025,0.45291113734930905,1,0.4654488474375695,True,stable_wrong,0.01356128893060371,0.4363167678722933,True,stable_wrong,-0.01843256254551162,0.4654488474375695,True,stable_wrong,0.01356128893060371
annual_head_weighted_slopes,learned_order_extension,2024-12-31,2025-03-14,3428,nonnegative_low,2025,0.550098234333952,0,0.5817871806336103,True,stable_wrong,-0.035868256132273624,0.5328724336420577,True,stable_wrong,0.01865503688172232,0.5817871806336103,True,stable_wrong,-0.035868256132273624
annual_head_weighted_slopes,learned_order_extension,2024-12-31,2025-03-21,3433,negative_low,2025,0.5038228773155164,0,0.5137641271927346,True,stable_wrong,-0.010116086683626402,0.48553337150793546,True,regression,0.018094836858623065,0.5137641271927346,True,stable_wrong,-0.010116086683626402
annual_head_weighted_slopes,learned_order_extension,2024-12-31,2025-03-28,3438,negative_low,2025,0.6432389327594067,0,0.6450749150689776,True,stable_wrong,-0.002365321433788148,0.6269535520913249,True,stable_wrong,0.02068556813753092,0.6450749150689776,True,stable_wrong,-0.002365321433788148
annual_head_weighted_slopes,learned_order_extension,2024-12-31,2025-04-11,3447,negative_high,2025,0.4576064306368717,0,0.5452504102332817,True,recovery,-0.0878943644993439,0.43910216407732605,True,stable_correct,0.01659293486282709,0.5452504102332817,True,recovery,-0.0878943644993439
annual_head_weighted_slopes,learned_order_extension,2024-12-31,2025-04-18,3452,negative_high,2025,0.5443930170215171,1,0.633420590274347,True,stable_correct,0.07319725930394747,0.5260826792734434,True,stable_correct,-0.017019903945882292,0.633420590274347,True,stable_correct,0.07319725930394747
annual_head_weighted_slopes,learned_order_extension,2024-12-31,2025-04-25,3457,negative_high,2025,0.4175800593039923,1,0.4764390126963433,True,stable_wrong,0.06509687989396151,0.399769560660089,True,stable_wrong,-0.021063592989841284,0.4764390126963433,True,stable_wrong,0.06509687989396151
annual_head_weighted_slopes,learned_order_extension,2024-12-31,2025-05-09,3464,negative_low,2025,0.3193240797492098,1,0.30269868967734,True,stable_wrong,-0.02290940896843846,0.30349478588801726,True,stable_wrong,-0.02179980487591887,0.30269868967734,True,stable_wrong,-0.02290940896843846
annual_head_weighted_slopes,learned_order_extension,2024-12-31,2025-05-16,3469,negative_low,2025,0.25098503216786044,0,0.26791212785926416,True,stable_correct,-0.008783421881776762,0.23802779621855016,True,stable_correct,0.006336254599642294,0.26791212785926416,True,stable_correct,-0.008783421881776762
annual_head_weighted_slopes,learned_order_extension,2024-12-31,2025-05-23,3474,negative_low,2025,0.35877749477476745,0,0.33308095351299777,True,stable_correct,0.017778369163730504,0.3423293032360472,True,stable_correct,0.011531938902780717,0.33308095351299777,True,stable_correct,0.017778369163730504
annual_head_weighted_slopes,learned_order_extension,2024-12-31,2025-05-30,3479,negative_low,2025,0.24839147724282232,1,0.2825999969870068,True,stable_wrong,0.05025260715818425,0.23528785236028585,True,stable_wrong,-0.019869297266517094,0.2825999969870068,True,stable_wrong,0.05025260715818425
annual_head_weighted_slopes,learned_order_extension,2024-12-31,2025-06-06,3483,negative_low,2025,0.4578817517357303,0,0.45635858755402475,True,stable_correct,0.0013925381382764723,0.43981238532326133,True,stable_correct,0.01622076428884406,0.45635858755402475,True,stable_correct,0.0013925381382764723
annual_head_weighted_slopes,learned_order_extension,2024-12-31,2025-06-13,3488,negative_low,2025,0.3577390084991459,0,0.3905530413404539,True,stable_correct,-0.024554479898326265,0.34097081682563196,True,stable_correct,0.011716100275213331,0.3905530413404539,True,stable_correct,-0.024554479898326265
annual_head_weighted_slopes,learned_order_extension,2024-12-31,2025-06-20,3493,negative_low,2025,0.45162766699977835,1,0.4723527595106683,True,stable_wrong,0.022300605204099322,0.43322771466909327,True,stable_wrong,-0.020518607819112744,0.4723527595106683,True,stable_wrong,0.022300605204099322
annual_head_weighted_slopes,learned_order_extension,2024-12-31,2025-06-27,3498,nonnegative_low,2025,0.4744266199559255,1,0.5022999333189899,True,regression,0.02852202143667132,0.4559959306948649,True,stable_wrong,-0.01971304960959308,0.5022999333189899,True,regression,0.02852202143667132
annual_head_weighted_slopes,learned_order_extension,2024-12-31,2025-07-04,3503,nonnegative_low,2025,0.6347458306915373,1,0.6152580331073719,True,stable_correct,-0.014615772891193007,0.6191143528730666,True,stable_correct,-0.011663267990087711,0.6152580331073719,True,stable_correct,-0.014615772891193007
annual_head_weighted_slopes,learned_order_extension,2024-12-31,2025-07-11,3508,nonnegative_low,2025,0.5999630720829151,1,0.6047707108307506,True,stable_correct,0.00382335268010886,0.5836522584227283,True,stable_correct,-0.013315898219155659,0.6047707108307506,True,stable_correct,0.00382335268010886
annual_head_weighted_slopes,learned_order_extension,2024-12-31,2025-07-18,3513,nonnegative_low,2025,0.4915493342058522,1,0.5213316336407349,True,regression,0.02939867459346457,0.47405292825910245,True,stable_wrong,-0.018098242726312663,0.5213316336407349,True,regression,0.02939867459346457
annual_head_weighted_slopes,learned_order_extension,2024-12-31,2025-07-25,3518,nonnegative_low,2025,0.40633958829146016,0,0.43250423970615826,True,stable_correct,-0.02194805635092867,0.3884774415856844,True,stable_correct,0.014197138391914499,0.43250423970615826,True,stable_correct,-0.02194805635092867
annual_head_weighted_slopes,learned_order_extension,2024-12-31,2025-08-01,3523,nonnegative_low,2025,0.4547266834491824,1,0.4529322661484752,True,stable_wrong,-0.0019601156791145824,0.4369973416634017,True,stable_wrong,-0.019649003551748256,0.4529322661484752,True,stable_wrong,-0.0019601156791145824
annual_head_weighted_slopes,learned_order_extension,2024-12-31,2025-08-08,3528,nonnegative_low,2025,0.2376578799651289,1,0.2660590035903515,True,stable_wrong,0.04249612176847417,0.22451193267132996,True,stable_wrong,-0.020216234589894078,0.2660590035903515,True,stable_wrong,0.04249612176847417
annual_head_weighted_slopes,learned_order_extension,2024-12-31,2025-08-15,3533,nonnegative_low,2025,0.3757031506853932,1,0.41216536307173124,True,stable_wrong,0.04419699569155533,0.3581343331893598,True,stable_wrong,-0.022244978166122864,0.41216536307173124,True,stable_wrong,0.04419699569155533
annual_head_weighted_slopes,learned_order_extension,2024-12-31,2025-08-22,3538,nonnegative_low,2025,0.28761964677176594,1,0.31505469743442394,True,stable_wrong,0.03833570015893495,0.2729763216404537,True,stable_wrong,-0.021077661229861544,0.31505469743442394,True,stable_wrong,0.03833570015893495
annual_head_weighted_slopes,learned_order_extension,2024-12-31,2025-08-29,3543,nonnegative_low,2025,0.45741881386796684,0,0.4996234058817137,True,stable_correct,-0.04039157642446595,0.44020258482834995,True,stable_correct,0.015453655590817073,0.4996234058817137,True,stable_correct,-0.04039157642446595
annual_head_weighted_slopes,learned_order_extension,2024-12-31,2025-09-05,3548,nonnegative_high,2025,0.37008989246718715,1,0.4106501716493339,True,stable_wrong,0.049453523395040166,0.3531810090560438,True,stable_wrong,-0.021588063473757746,0.4106501716493339,True,stable_wrong,0.049453523395040166
annual_head_weighted_slopes,learned_order_extension,2024-12-31,2025-09-12,3553,nonnegative_high,2025,0.516504125327864,0,0.5292587508650948,True,stable_wrong,-0.013338313886578523,0.4978103667279628,True,regression,0.018961350258873105,0.5292587508650948,True,stable_wrong,-0.013338313886578523
annual_head_weighted_slopes,learned_order_extension,2024-12-31,2025-09-19,3558,nonnegative_high,2025,0.38336701770166653,1,0.387378947026162,True,stable_wrong,0.004931680311362707,0.36635801545812213,True,stable_wrong,-0.021265929716032694,0.387378947026162,True,stable_wrong,0.004931680311362707
annual_head_weighted_slopes,learned_order_extension,2024-12-31,2025-09-26,3563,nonnegative_high,2025,0.45045778552231047,0,0.44494414670909926,True,stable_correct,0.004936922846975417,0.43198059077375867,True,stable_correct,0.016304985732418315,0.44494414670909926,True,stable_correct,0.004936922846975417
annual_head_weighted_slopes,learned_order_extension,2024-12-31,2025-10-10,3567,nonnegative_high,2025,0.38582235069908993,1,0.39830231502966845,True,stable_wrong,0.015174080802135448,0.36845042245116133,True,stable_wrong,-0.02164068400132485,0.39830231502966845,True,stable_wrong,0.015174080802135448
annual_head_weighted_slopes,learned_order_extension,2024-12-31,2025-10-17,3572,nonnegative_high,2025,0.3813104448383296,1,0.3856415552966978,True,stable_wrong,0.0053404670878853255,0.36413266046515846,True,stable_wrong,-0.021550507820971787,0.3856415552966978,True,stable_wrong,0.0053404670878853255
annual_head_weighted_slopes,learned_order_extension,2024-12-31,2025-10-24,3577,nonnegative_high,2025,0.4599208153795475,0,0.4467077056987967,True,stable_correct,0.011979382088705026,0.4414193752832416,True,stable_correct,0.016676091543940508,0.4467077056987967,True,stable_correct,0.011979382088705026
annual_head_weighted_slopes,learned_order_extension,2024-12-31,2025-10-31,3582,nonnegative_high,2025,0.4091383941867366,1,0.4265271149761272,True,stable_wrong,0.020246287366624205,0.3913937264576608,True,stable_wrong,-0.02128415897086433,0.4265271149761272,True,stable_wrong,0.020246287366624205
annual_head_weighted_slopes,learned_order_extension,2024-12-31,2025-11-07,3587,nonnegative_high,2025,0.5392756029953308,0,0.524238891922363,True,stable_wrong,0.015991760181990777,0.521634255415314,True,stable_wrong,0.01871587956328863,0.524238891922363,True,stable_wrong,0.015991760181990777
annual_head_weighted_slopes,learned_order_extension,2024-12-31,2025-11-14,3592,nonnegative_low,2025,0.3548006462690452,0,0.3521584524422983,True,stable_correct,0.0018679229663776387,0.3379254712771209,True,stable_correct,0.011689874455067861,0.3521584524422983,True,stable_correct,0.0018679229663776387
annual_head_weighted_slopes,learned_order_extension,2024-12-31,2025-11-21,3597,nonnegative_high,2025,0.4264247580495206,1,0.4391154261905637,True,stable_wrong,0.014397053041157903,0.40811127722278107,True,stable_wrong,-0.02134370197229657,0.4391154261905637,True,stable_wrong,0.014397053041157903
annual_head_weighted_slopes,learned_order_extension,2024-12-31,2025-11-28,3602,nonnegative_low,2025,0.4182231357583077,1,0.3969313439154507,True,stable_wrong,-0.025227484184727922,0.40006669922523797,True,stable_wrong,-0.021455645611604623,0.3969313439154507,True,stable_wrong,-0.025227484184727922
annual_head_weighted_slopes,learned_order_extension,2024-12-31,2025-12-05,3607,nonnegative_low,2025,0.41592180605568035,0,0.4147811192052045,True,stable_correct,0.0009475719034969243,0.3978454020655779,True,stable_correct,0.014709984807897647,0.4147811192052045,True,stable_correct,0.0009475719034969243
annual_head_weighted_slopes,learned_order_extension,2024-12-31,2025-12-12,3612,nonnegative_low,2025,0.5076390416067377,1,0.5198366777060857,True,stable_correct,0.011862497273602335,0.48995421360718233,True,recovery,-0.017727390867135956,0.5198366777060857,True,stable_correct,0.011862497273602335
annual_head_weighted_slopes,learned_order_extension,2024-12-31,2025-12-19,3617,nonnegative_low,2025,0.6525391597921494,1,0.6394771046844115,True,stable_correct,-0.009247722568789252,0.63524114589414,True,stable_correct,-0.012319986170674535,0.6394771046844115,True,stable_correct,-0.009247722568789252
annual_head_weighted_slopes,learned_order_extension,2024-12-31,2025-12-26,3622,nonnegative_low,2025,0.43269544599740684,1,0.46513485626413376,True,stable_wrong,0.03575373500849227,0.4152984007561864,True,stable_wrong,-0.020041503166192076,0.46513485626413376,True,stable_wrong,0.03575373500849227
annual_head_weighted_intercept,learned_order_offset,2024-12-31,2025-01-03,3384,negative_high,2025,0.39151229705754514,0,0.41002300490008176,True,stable_correct,-0.014836985800016994,0.40694375387062004,True,stable_correct,-0.012321340067036307,0.41002300490008176,True,stable_correct,-0.014836985800016994
annual_head_weighted_intercept,learned_order_offset,2024-12-31,2025-01-10,3389,negative_high,2025,0.4686792629284007,1,0.48587444449136613,True,stable_wrong,0.017976638815246193,0.49364868897502073,True,stable_wrong,0.025910075465592264,0.48587444449136613,True,stable_wrong,0.017976638815246193
annual_head_weighted_intercept,learned_order_offset,2024-12-31,2025-01-17,3394,negative_high,2025,0.5259526155180659,1,0.5448886707130242,True,stable_correct,0.017594600688804446,0.5381488887203544,True,stable_correct,0.011414473743919018,0.5448886707130242,True,stable_correct,0.017594600688804446
annual_head_weighted_intercept,learned_order_offset,2024-12-31,2025-01-24,3399,negative_high,2025,0.5897098541408123,1,0.6068574159076716,True,stable_correct,0.013776912362359978,0.5859430812303309,True,stable_correct,-0.0031051281918788864,0.6068574159076716,True,stable_correct,0.013776912362359978
annual_head_weighted_intercept,learned_order_offset,2024-12-31,2025-02-07,3403,negative_low,2025,0.5989358973975953,1,0.616783326622962,True,stable_correct,0.013997395642108751,0.6048870164343626,True,stable_correct,0.004738144614132522,0.616783326622962,True,stable_correct,0.013997395642108751
annual_head_weighted_intercept,learned_order_offset,2024-12-31,2025-02-14,3408,negative_low,2025,0.6099999094877503,1,0.6279702480124495,True,stable_correct,0.013693934235644606,0.5958384879292401,True,stable_correct,-0.011246457239760033,0.6279702480124495,True,stable_correct,0.013693934235644606
annual_head_weighted_intercept,learned_order_offset,2024-12-31,2025-02-21,3413,negative_low,2025,0.5218823111617586,0,0.5404306430200662,True,stable_wrong,-0.019704133211543517,0.5104896066363761,True,stable_wrong,0.011761508219776673,0.5404306430200662,True,stable_wrong,-0.019704133211543517
annual_head_weighted_intercept,learned_order_offset,2024-12-31,2025-02-28,3418,negative_low,2025,0.5399369940853175,1,0.5587279110091053,True,stable_correct,0.016936912888865147,0.5271379352852259,True,stable_correct,-0.011940562835066004,0.5587279110091053,True,stable_correct,0.016936912888865147
annual_head_weighted_intercept,learned_order_offset,2024-12-31,2025-03-07,3423,nonnegative_low,2025,0.4487628696512465,1,0.4656621822761074,True,stable_wrong,0.018345470425196797,0.43709809819484224,True,stable_wrong,-0.012996177180734758,0.4656621822761074,True,stable_wrong,0.018345470425196797
annual_head_weighted_intercept,learned_order_offset,2024-12-31,2025-03-14,3428,nonnegative_low,2025,0.5615554783342347,0,0.5795136046236733,True,stable_wrong,-0.02049146269673202,0.5312604094955096,True,stable_wrong,0.03310693254985464,0.5795136046236733,True,stable_wrong,-0.02049146269673202
annual_head_weighted_intercept,learned_order_offset,2024-12-31,2025-03-21,3433,negative_low,2025,0.49309420078655936,0,0.5118159867967059,True,recovery,-0.018813713491350165,0.4812040744624806,True,stable_correct,0.011584529570043134,0.5118159867967059,True,recovery,-0.018813713491350165
annual_head_weighted_intercept,learned_order_offset,2024-12-31,2025-03-28,3438,negative_low,2025,0.6261960726671801,0,0.6429146273422287,True,stable_wrong,-0.021217696626796456,0.6208577539029903,True,stable_wrong,0.006657170842334359,0.6429146273422287,True,stable_wrong,-0.021217696626796456
annual_head_weighted_intercept,learned_order_offset,2024-12-31,2025-04-11,3447,negative_high,2025,0.5243420125663166,0,0.5434830297024787,True,stable_wrong,-0.020439257432490088,0.4385373152179603,True,regression,0.08261956930351866,0.5434830297024787,True,stable_wrong,-0.020439257432490088
annual_head_weighted_intercept,learned_order_offset,2024-12-31,2025-04-18,3452,negative_high,2025,0.6145542030133209,1,0.6325141818327655,True,stable_correct,0.013522635860654553,0.5221519019929921,True,stable_correct,-0.07977034235421876,0.6325141818327655,True,stable_correct,0.013522635860654553
annual_head_weighted_intercept,learned_order_offset,2024-12-31,2025-04-25,3457,negative_high,2025,0.4580873174151197,1,0.47722155549408835,True,stable_wrong,0.020372053506320764,0.40143557739299673,True,stable_wrong,-0.06461001246451392,0.47722155549408835,True,stable_wrong,0.020372053506320764
annual_head_weighted_intercept,learned_order_offset,2024-12-31,2025-05-09,3464,negative_low,2025,0.28867961137331183,1,0.3044747710580515,True,stable_wrong,0.02222135118127283,0.30560791704026824,True,stable_wrong,0.023796330398867638,0.3044747710580515,True,stable_wrong,0.02222135118127283
annual_head_weighted_intercept,learned_order_offset,2024-12-31,2025-05-16,3469,negative_low,2025,0.2550228805030999,0,0.26923654062030705,True,stable_correct,-0.0074516452250918686,0.23819106985595476,True,stable_correct,0.008301683820974057,0.26923654062030705,True,stable_correct,-0.0074516452250918686
annual_head_weighted_intercept,learned_order_offset,2024-12-31,2025-05-23,3474,negative_low,2025,0.3188462999152493,0,0.335016947706007,True,stable_correct,-0.01057339228060429,0.3442778724248907,True,stable_correct,-0.0168642904717642,0.335016947706007,True,stable_correct,-0.01057339228060429
annual_head_weighted_intercept,learned_order_offset,2024-12-31,2025-05-30,3479,negative_low,2025,0.2698388126518111,1,0.2845260096786258,True,stable_wrong,0.02123232868332703,0.23839624323440897,True,stable_wrong,-0.046904922809744454,0.2845260096786258,True,stable_wrong,0.02123232868332703
annual_head_weighted_intercept,learned_order_offset,2024-12-31,2025-06-06,3483,negative_low,2025,0.43911140818161476,0,0.45786852139566614,True,stable_correct,-0.016824754089812904,0.4426422064189362,True,stable_correct,-0.003113294108183451,0.45786852139566614,True,stable_correct,-0.016824754089812904
annual_head_weighted_intercept,learned_order_offset,2024-12-31,2025-06-13,3488,negative_low,2025,0.37310270915870775,0,0.39092629110976224,True,stable_correct,-0.013617733499267315,0.3437420370183652,True,stable_correct,0.02104704356803211,0.39092629110976224,True,stable_correct,-0.013617733499267315
annual_head_weighted_intercept,learned_order_offset,2024-12-31,2025-06-20,3493,negative_low,2025,0.4533913223699679,1,0.4723772366474852,True,stable_wrong,0.020395266052708527,0.434855757543807,True,stable_wrong,-0.020606968320931895,0.4723772366474852,True,stable_wrong,0.020395266052708527
annual_head_weighted_intercept,learned_order_offset,2024-12-31,2025-06-27,3498,nonnegative_low,2025,0.48269697946244844,1,0.5016259261380028,True,regression,0.01922569755947104,0.4578824304162261,True,stable_wrong,-0.026289044194143463,0.5016259261380028,True,regression,0.01922569755947104
annual_head_weighted_intercept,learned_order_offset,2024-12-31,2025-07-04,3503,nonnegative_low,2025,0.5963868738128152,1,0.6138212309947941,True,stable_correct,0.013769514000216199,0.6178536187660629,True,stable_correct,0.0168676989403988,0.6138212309947941,True,stable_correct,0.013769514000216199
annual_head_weighted_intercept,learned_order_offset,2024-12-31,2025-07-11,3508,nonnegative_low,2025,0.5859430890681937,1,0.6029047162460807,True,stable_correct,0.013758461110784076,0.5794031075232345,True,stable_correct,-0.005458620470722014,0.6029047162460807,True,stable_correct,0.013758461110784076
annual_head_weighted_intercept,learned_order_offset,2024-12-31,2025-07-18,3513,nonnegative_low,2025,0.5011544003555889,1,0.518953486789172,True,stable_correct,0.01744118441229675,0.4694287428187564,True,recovery,-0.0326589266622932,0.518953486789172,True,stable_correct,0.01744118441229675
annual_head_weighted_intercept,learned_order_offset,2024-12-31,2025-07-25,3518,nonnegative_low,2025,0.41161330871389534,0,0.4301720172852474,True,stable_correct,-0.015622448544858697,0.383639674542269,True,stable_correct,0.022246116027502427,0.4301720172852474,True,stable_correct,-0.015622448544858697
annual_head_weighted_intercept,learned_order_offset,2024-12-31,2025-08-01,3523,nonnegative_low,2025,0.4334225663242228,1,0.4519622633758529,True,stable_wrong,0.020664627586511608,0.4318278263458048,True,stable_wrong,-0.0018096305643032218,0.4519622633758529,True,stable_wrong,0.020664627586511608
annual_head_weighted_intercept,learned_order_offset,2024-12-31,2025-08-08,3528,nonnegative_low,2025,0.2513323834537733,1,0.26594895973567084,True,stable_wrong,0.021672270351864142,0.2237449128719795,True,stable_wrong,-0.04206876022712269,0.26594895973567084,True,stable_wrong,0.021672270351864142
annual_head_weighted_intercept,learned_order_offset,2024-12-31,2025-08-15,3533,nonnegative_low,2025,0.3934930466962056,1,0.4120419398801916,True,stable_wrong,0.022156003946002645,0.356056269965942,True,stable_wrong,-0.04681284304432487,0.4120419398801916,True,stable_wrong,0.022156003946002645
annual_head_weighted_intercept,learned_order_offset,2024-12-31,2025-08-22,3538,nonnegative_low,2025,0.29935066351298173,1,0.3155239445581561,True,stable_wrong,0.02240202224647292,0.2719270930281265,True,stable_wrong,-0.03918066514677526,0.3155239445581561,True,stable_wrong,0.02240202224647292
annual_head_weighted_intercept,learned_order_offset,2024-12-31,2025-08-29,3543,nonnegative_low,2025,0.4804513643186021,0,0.4984197437156732,True,stable_correct,-0.017588727449991265,0.43559167845767144,True,stable_correct,0.04109340313403467,0.4984197437156732,True,stable_correct,-0.017588727449991265
annual_head_weighted_intercept,learned_order_offset,2024-12-31,2025-09-05,3548,nonnegative_high,2025,0.393007560963152,1,0.4113896394842167,True,stable_wrong,0.02197766454138117,0.3523135479728547,True,stable_wrong,-0.05105791909160995,0.4113896394842167,True,stable_wrong,0.02197766454138117
annual_head_weighted_intercept,learned_order_offset,2024-12-31,2025-09-12,3553,nonnegative_high,2025,0.510612734430529,0,0.5296691377370191,True,stable_wrong,-0.019824030908455303,0.49525584777222087,True,regression,0.01544700981004074,0.5296691377370191,True,stable_wrong,-0.019824030908455303
annual_head_weighted_intercept,learned_order_offset,2024-12-31,2025-09-19,3558,nonnegative_high,2025,0.3708580607987322,1,0.38872494358757187,True,stable_wrong,0.022162385069914636,0.36658175355486816,True,stable_wrong,-0.005399095267694054,0.38872494358757187,True,stable_wrong,0.022162385069914636
annual_head_weighted_intercept,learned_order_offset,2024-12-31,2025-09-26,3563,nonnegative_high,2025,0.4269034680475962,0,0.4457288176815753,True,stable_correct,-0.016427607880749984,0.43009732481289104,True,stable_correct,-0.0027371377801404806,0.4457288176815753,True,stable_correct,-0.016427607880749984
annual_head_weighted_intercept,learned_order_offset,2024-12-31,2025-10-10,3567,nonnegative_high,2025,0.3807237555756821,1,0.3989188005337896,True,stable_wrong,0.022204458556549234,0.3676944270629647,True,stable_wrong,-0.016307270658944995,0.3989188005337896,True,stable_wrong,0.022204458556549234
annual_head_weighted_intercept,learned_order_offset,2024-12-31,2025-10-17,3572,nonnegative_high,2025,0.3689794766756804,1,0.3868706580383905,True,stable_wrong,0.022259310882221883,0.3650324952029525,True,stable_wrong,-0.004996831291690429,0.3868706580383905,True,stable_wrong,0.022259310882221883
annual_head_weighted_intercept,learned_order_offset,2024-12-31,2025-10-24,3577,nonnegative_high,2025,0.4282038201486105,0,0.4470949455192559,True,stable_correct,-0.01653537871900282,0.44150788302080574,True,stable_correct,-0.011570699179649896,0.4470949455192559,True,stable_correct,-0.01653537871900282
annual_head_weighted_intercept,learned_order_offset,2024-12-31,2025-10-31,3582,nonnegative_high,2025,0.4086103755527187,1,0.42718841254416273,True,stable_wrong,0.021628573180220212,0.39274448787622496,True,stable_wrong,-0.01901756910081176,0.42718841254416273,True,stable_wrong,0.021628573180220212
annual_head_weighted_intercept,learned_order_offset,2024-12-31,2025-11-07,3587,nonnegative_high,2025,0.505694659250029,0,0.5234855474877244,True,stable_wrong,-0.018310030034519587,0.5180823212271597,True,stable_wrong,-0.012682203174118944,0.5234855474877244,True,stable_wrong,-0.018310030034519587
annual_head_weighted_intercept,learned_order_offset,2024-12-31,2025-11-14,3592,nonnegative_low,2025,0.33546760338856824,0,0.3527252118940602,True,stable_correct,-0.011876562182439945,0.3392408140856531,True,stable_correct,-0.0025458170182269257,0.3527252118940602,True,stable_correct,-0.011876562182439945
annual_head_weighted_intercept,learned_order_offset,2024-12-31,2025-11-21,3597,nonnegative_high,2025,0.4211044701742596,1,0.43978637117630276,True,stable_wrong,0.021280724532409423,0.40935940849017594,True,stable_wrong,-0.013736273886850225,0.43978637117630276,True,stable_wrong,0.021280724532409423
annual_head_weighted_intercept,learned_order_offset,2024-12-31,2025-11-28,3602,nonnegative_low,2025,0.37882572891962624,1,0.3970767706556653,True,stable_wrong,0.022341054569232466,0.40223799448182485,True,stable_wrong,0.02853805981112284,0.3970767706556653,True,stable_wrong,0.022341054569232466
annual_head_weighted_intercept,learned_order_offset,2024-12-31,2025-12-05,3607,nonnegative_low,2025,0.3963272761402479,0,0.4148579795081518,True,stable_correct,-0.015031833348837814,0.3996358223244137,True,stable_correct,-0.0026334806721620696,0.4148579795081518,True,stable_correct,-0.015031833348837814
annual_head_weighted_intercept,learned_order_offset,2024-12-31,2025-12-12,3612,nonnegative_low,2025,0.500552510669753,1,0.5187336334016398,True,stable_correct,0.01783047897949991,0.48999983034481215,True,recovery,-0.010652378450033306,0.5187336334016398,True,stable_correct,0.01783047897949991
annual_head_weighted_intercept,learned_order_offset,2024-12-31,2025-12-19,3617,nonnegative_low,2025,0.6200403729041133,1,0.6378410116258407,True,stable_correct,0.013210185362650867,0.6321741701797091,True,stable_correct,0.009073477139859704,0.6378410116258407,True,stable_correct,0.013210185362650867
annual_head_weighted_intercept,learned_order_offset,2024-12-31,2025-12-26,3622,nonnegative_low,2025,0.4467369578199303,1,0.4650444673565178,True,stable_wrong,0.019922571936473787,0.419324637466781,True,stable_wrong,-0.03108388281073976,0.4650444673565178,True,stable_wrong,0.019922571936473787
annual_head_weighted_slopes,learned_order_offset,2024-12-31,2025-01-03,3384,negative_high,2025,0.4256627110158862,0,0.41002300490008176,True,stable_correct,0.013069879002101381,0.40694375387062004,True,stable_correct,0.015585524735082068,0.41002300490008176,True,stable_correct,0.013069879002101381
annual_head_weighted_slopes,learned_order_offset,2024-12-31,2025-01-10,3389,negative_high,2025,0.5113169815234707,1,0.48587444449136613,True,recovery,-0.025513994279729557,0.49364868897502073,True,recovery,-0.017580557629383486,0.48587444449136613,True,recovery,-0.025513994279729557
annual_head_weighted_slopes,learned_order_offset,2024-12-31,2025-01-17,3394,negative_high,2025,0.5570075822280235,1,0.5448886707130242,True,stable_correct,-0.010884039841896787,0.5381488887203544,True,stable_correct,-0.017064166786782214,0.5448886707130242,True,stable_correct,-0.010884039841896787
annual_head_weighted_slopes,learned_order_offset,2024-12-31,2025-01-24,3399,negative_high,2025,0.6033099505490763,1,0.6068574159076716,True,stable_correct,0.0028019039065827755,0.5859430812303309,True,stable_correct,-0.014080136647656089,0.6068574159076716,True,stable_correct,0.0028019039065827755
annual_head_weighted_slopes,learned_order_offset,2024-12-31,2025-02-07,3403,negative_low,2025,0.6225529915970602,1,0.616783326622962,True,stable_correct,-0.004388774601834539,0.6048870164343626,True,stable_correct,-0.013648025629810767,0.616783326622962,True,stable_correct,-0.004388774601834539
annual_head_weighted_slopes,learned_order_offset,2024-12-31,2025-02-14,3408,negative_low,2025,0.6141238920508506,1,0.6279702480124495,True,stable_correct,0.010494234322065255,0.5958384879292401,True,stable_correct,-0.014446157153339384,0.6279702480124495,True,stable_correct,0.010494234322065255
annual_head_weighted_slopes,learned_order_offset,2024-12-31,2025-02-21,3413,negative_low,2025,0.528796416159503,0,0.5404306430200662,True,stable_wrong,-0.01243963017194788,0.5104896066363761,True,stable_wrong,0.01902601125937231,0.5404306430200662,True,stable_wrong,-0.01243963017194788
annual_head_weighted_slopes,learned_order_offset,2024-12-31,2025-02-28,3418,negative_low,2025,0.5459421520199327,1,0.5587279110091053,True,stable_correct,0.01144747278990188,0.5271379352852259,True,stable_correct,-0.01743000293402927,0.5587279110091053,True,stable_correct,0.01144747278990188
annual_head_weighted_slopes,learned_order_offset,2024-12-31,2025-03-07,3423,nonnegative_low,2025,0.45420101175811584,1,0.4656621822761074,True,stable_wrong,0.01237963211593246,0.43709809819484224,True,stable_wrong,-0.018962015489999096,0.4656621822761074,True,stable_wrong,0.01237963211593246
annual_head_weighted_slopes,learned_order_offset,2024-12-31,2025-03-14,3428,nonnegative_low,2025,0.5489134093386195,0,0.5795136046236733,True,stable_wrong,-0.034530086992176245,0.5312604094955096,True,stable_wrong,0.019068308254410415,0.5795136046236733,True,stable_wrong,-0.034530086992176245
annual_head_weighted_slopes,learned_order_offset,2024-12-31,2025-03-21,3433,negative_low,2025,0.4999024611056789,0,0.5118159867967059,True,recovery,-0.012053133721171089,0.4812040744624806,True,stable_correct,0.01834510934022221,0.5118159867967059,True,recovery,-0.012053133721171089
annual_head_weighted_slopes,learned_order_offset,2024-12-31,2025-03-28,3438,negative_low,2025,0.6375432154787367,0,0.6429146273422287,True,stable_wrong,-0.006877866447629888,0.6208577539029903,True,stable_wrong,0.020997001021500927,0.6429146273422287,True,stable_wrong,-0.006877866447629888
annual_head_weighted_slopes,learned_order_offset,2024-12-31,2025-04-11,3447,negative_high,2025,0.4574358380290178,0,0.5434830297024787,True,recovery,-0.0861262576612756,0.4385373152179603,True,stable_correct,0.016932569074733145,0.5434830297024787,True,recovery,-0.0861262576612756
annual_head_weighted_slopes,learned_order_offset,2024-12-31,2025-04-18,3452,negative_high,2025,0.5408917153875991,1,0.6325141818327655,True,stable_correct,0.07573459044569963,0.5221519019929921,True,stable_correct,-0.017558387769173678,0.6325141818327655,True,stable_correct,0.07573459044569963
annual_head_weighted_slopes,learned_order_offset,2024-12-31,2025-04-25,3457,negative_high,2025,0.41966871605037287,1,0.47722155549408835,True,stable_wrong,0.06348709709060218,0.40143557739299673,True,stable_wrong,-0.0214949688802325,0.47722155549408835,True,stable_wrong,0.06348709709060218
annual_head_weighted_slopes,learned_order_offset,2024-12-31,2025-05-09,3464,negative_low,2025,0.3218452016427087,1,0.3044747710580515,True,stable_wrong,-0.02386141355973137,0.30560791704026824,True,stable_wrong,-0.022286434342136563,0.3044747710580515,True,stable_wrong,-0.02386141355973137
annual_head_weighted_slopes,learned_order_offset,2024-12-31,2025-05-16,3469,negative_low,2025,0.2514754225485597,0,0.26923654062030705,True,stable_correct,-0.00924842665921359,0.23819106985595476,True,stable_correct,0.006504902386852335,0.26923654062030705,True,stable_correct,-0.00924842665921359
annual_head_weighted_slopes,learned_order_offset,2024-12-31,2025-05-23,3474,negative_low,2025,0.36119339099429376,0,0.335016947706007,True,stable_correct,0.018224310447707365,0.3442778724248907,True,stable_correct,0.011933412256547454,0.335016947706007,True,stable_correct,0.018224310447707365
annual_head_weighted_slopes,learned_order_offset,2024-12-31,2025-05-30,3479,negative_low,2025,0.2519980156747215,1,0.2845260096786258,True,stable_wrong,0.04760393772816429,0.23839624323440897,True,stable_wrong,-0.02053331376490719,0.2845260096786258,True,stable_wrong,0.04760393772816429
annual_head_weighted_slopes,learned_order_offset,2024-12-31,2025-06-06,3483,negative_low,2025,0.4610851879140583,0,0.45786852139566614,True,stable_correct,0.0029559676286888548,0.4426422064189362,True,stable_correct,0.01666742761031831,0.45786852139566614,True,stable_correct,0.0029559676286888548
annual_head_weighted_slopes,learned_order_offset,2024-12-31,2025-06-13,3488,negative_low,2025,0.3609400468692561,0,0.39092629110976224,True,stable_correct,-0.022545647646853767,0.3437420370183652,True,stable_correct,0.012119129420445657,0.39092629110976224,True,stable_correct,-0.022545647646853767
annual_head_weighted_slopes,learned_order_offset,2024-12-31,2025-06-20,3493,negative_low,2025,0.4536425270485422,1,0.4723772366474852,True,stable_wrong,0.02012070784215908,0.434855757543807,True,stable_wrong,-0.020881526531481343,0.4723772366474852,True,stable_wrong,0.02012070784215908
annual_head_weighted_slopes,learned_order_offset,2024-12-31,2025-06-27,3498,nonnegative_low,2025,0.4766817415436149,1,0.5016259261380028,True,regression,0.0254852821360205,0.4578824304162261,True,stable_wrong,-0.020029459617594003,0.5016259261380028,True,regression,0.0254852821360205
annual_head_weighted_slopes,learned_order_offset,2024-12-31,2025-07-04,3503,nonnegative_low,2025,0.6338327860420715,1,0.6138212309947941,True,stable_correct,-0.015055613052664757,0.6178536187660629,True,stable_correct,-0.011957428112482155,0.6138212309947941,True,stable_correct,-0.015055613052664757
annual_head_weighted_slopes,learned_order_offset,2024-12-31,2025-07-11,3508,nonnegative_low,2025,0.5960400140823934,1,0.6029047162460807,True,stable_correct,0.005499005842947241,0.5794031075232345,True,stable_correct,-0.01371807573855885,0.6029047162460807,True,stable_correct,0.005499005842947241
annual_head_weighted_slopes,learned_order_offset,2024-12-31,2025-07-18,3513,nonnegative_low,2025,0.48738011130519193,1,0.518953486789172,True,regression,0.03137340241318215,0.4694287428187564,True,stable_wrong,-0.018726708661407798,0.518953486789172,True,regression,0.03137340241318215
annual_head_weighted_slopes,learned_order_offset,2024-12-31,2025-07-25,3518,nonnegative_low,2025,0.40184774290790387,0,0.4301720172852474,True,stable_correct,-0.023566355975082387,0.383639674542269,True,stable_correct,0.014302208597278737,0.4301720172852474,True,stable_correct,-0.023566355975082387
annual_head_weighted_slopes,learned_order_offset,2024-12-31,2025-08-01,3523,nonnegative_low,2025,0.44996034334643015,1,0.4519622633758529,True,stable_wrong,0.0021982631274590214,0.4318278263458048,True,stable_wrong,-0.02027599502335581,0.4519622633758529,True,stable_wrong,0.0021982631274590214
annual_head_weighted_slopes,learned_order_offset,2024-12-31,2025-08-08,3528,nonnegative_low,2025,0.23718388411326385,1,0.26594895973567084,True,stable_wrong,0.04305749694338268,0.2237449128719795,True,stable_wrong,-0.020683533635604157,0.26594895973567084,True,stable_wrong,0.04305749694338268
annual_head_weighted_slopes,learned_order_offset,2024-12-31,2025-08-15,3533,nonnegative_low,2025,0.37394478061978287,1,0.4120419398801916,True,stable_wrong,0.04625045725336352,0.356056269965942,True,stable_wrong,-0.022718389736963995,0.4120419398801916,True,stable_wrong,0.04625045725336352
annual_head_weighted_slopes,learned_order_offset,2024-12-31,2025-08-22,3538,nonnegative_low,2025,0.2869282574581012,1,0.3155239445581561,True,stable_wrong,0.03996383953851396,0.2719270930281265,True,stable_wrong,-0.021618847854734224,0.3155239445581561,True,stable_wrong,0.03996383953851396
annual_head_weighted_slopes,learned_order_offset,2024-12-31,2025-08-29,3543,nonnegative_low,2025,0.45325938405864785,0,0.4984197437156732,True,stable_correct,-0.042978171688372535,0.43559167845767144,True,stable_correct,0.015703958895653403,0.4984197437156732,True,stable_correct,-0.042978171688372535
annual_head_weighted_slopes,learned_order_offset,2024-12-31,2025-09-05,3548,nonnegative_high,2025,0.369634602605595,1,0.4113896394842167,True,stable_wrong,0.05089837772568573,0.3523135479728547,True,stable_wrong,-0.02213720590730539,0.4113896394842167,True,stable_wrong,0.05089837772568573
annual_head_weighted_slopes,learned_order_offset,2024-12-31,2025-09-12,3553,nonnegative_high,2025,0.5143690974696683,0,0.5296691377370191,True,stable_wrong,-0.015973827039316157,0.49525584777222087,True,regression,0.019297213679179887,0.5296691377370191,True,stable_wrong,-0.015973827039316157
annual_head_weighted_slopes,learned_order_offset,2024-12-31,2025-09-19,3558,nonnegative_high,2025,0.3840363539444349,1,0.38872494358757187,True,stable_wrong,0.005754018670048322,0.36658175355486816,True,stable_wrong,-0.02180746166756037,0.38872494358757187,True,stable_wrong,0.005754018670048322
annual_head_weighted_slopes,learned_order_offset,2024-12-31,2025-09-26,3563,nonnegative_high,2025,0.44897820544717587,0,0.4457288176815753,True,stable_correct,0.0029072500547514812,0.43009732481289104,True,stable_correct,0.016597720155360984,0.4457288176815753,True,stable_correct,0.0029072500547514812
annual_head_weighted_slopes,learned_order_offset,2024-12-31,2025-10-10,3567,nonnegative_high,2025,0.38546973513286664,1,0.3989188005337896,True,stable_wrong,0.01634883808593085,0.3676944270629647,True,stable_wrong,-0.022162891129563378,0.3989188005337896,True,stable_wrong,0.01634883808593085
annual_head_weighted_slopes,learned_order_offset,2024-12-31,2025-10-17,3572,nonnegative_high,2025,0.38264375969183,1,0.3868706580383905,True,stable_wrong,0.005201137473162698,0.3650324952029525,True,stable_wrong,-0.022055004700749614,0.3868706580383905,True,stable_wrong,0.005201137473162698
annual_head_weighted_slopes,learned_order_offset,2024-12-31,2025-10-24,3577,nonnegative_high,2025,0.46039945285417144,0,0.4470949455192559,True,stable_correct,0.012073765879554027,0.44150788302080574,True,stable_correct,0.01703844541890695,0.4470949455192559,True,stable_correct,0.012073765879554027
annual_head_weighted_slopes,learned_order_offset,2024-12-31,2025-10-31,3582,nonnegative_high,2025,0.410924379970014,1,0.42718841254416273,True,stable_wrong,0.018896971390036155,0.39274448787622496,True,stable_wrong,-0.021749170890995817,0.42718841254416273,True,stable_wrong,0.018896971390036155
annual_head_weighted_slopes,learned_order_offset,2024-12-31,2025-11-07,3587,nonnegative_high,2025,0.5361826349124191,0,0.5234855474877244,True,stable_wrong,0.013454699553102023,0.5180823212271597,True,stable_wrong,0.019082526413502665,0.5234855474877244,True,stable_wrong,0.013454699553102023
annual_head_weighted_slopes,learned_order_offset,2024-12-31,2025-11-14,3592,nonnegative_low,2025,0.35654193731527767,0,0.3527252118940602,True,stable_correct,0.0027070779588217325,0.3392408140856531,True,stable_correct,0.012037823123034752,0.3527252118940602,True,stable_correct,0.0027070779588217325
annual_head_weighted_slopes,learned_order_offset,2024-12-31,2025-11-21,3597,nonnegative_high,2025,0.4280466270947791,1,0.43978637117630276,True,stable_wrong,0.013291350857843443,0.40935940849017594,True,stable_wrong,-0.021725647561416206,0.43978637117630276,True,stable_wrong,0.013291350857843443
annual_head_weighted_slopes,learned_order_offset,2024-12-31,2025-11-28,3602,nonnegative_low,2025,0.42076819806106486,1,0.3970767706556653,True,stable_wrong,-0.02800694010557553,0.40223799448182485,True,stable_wrong,-0.021809934863685154,0.3970767706556653,True,stable_wrong,-0.02800694010557553
annual_head_weighted_slopes,learned_order_offset,2024-12-31,2025-12-05,3607,nonnegative_low,2025,0.41810299289814495,0,0.4148579795081518,True,stable_correct,0.0027029695088001404,0.3996358223244137,True,stable_correct,0.015101322185475885,0.4148579795081518,True,stable_correct,0.0027029695088001404
annual_head_weighted_slopes,learned_order_offset,2024-12-31,2025-12-12,3612,nonnegative_low,2025,0.5080450562472997,1,0.5187336334016398,True,stable_correct,0.010402351063935306,0.48999983034481215,True,recovery,-0.01808050636559791,0.5187336334016398,True,stable_correct,0.010402351063935306
annual_head_weighted_slopes,learned_order_offset,2024-12-31,2025-12-19,3617,nonnegative_low,2025,0.6498883819116306,1,0.6378410116258407,True,stable_correct,-0.008580987739738172,0.6321741701797091,True,stable_correct,-0.012717695962529335,0.6378410116258407,True,stable_correct,-0.008580987739738172
annual_head_weighted_slopes,learned_order_offset,2024-12-31,2025-12-26,3622,nonnegative_low,2025,0.437053499073647,1,0.4650444673565178,True,stable_wrong,0.03073134099935254,0.419324637466781,True,stable_wrong,-0.020275113747861007,0.4650444673565178,True,stable_wrong,0.03073134099935254
annual_head_weighted_intercept,learned_market,2025-12-31,2026-01-09,3630,nonnegative_low,2026,0.5475499784744601,0,0.5247528297004517,True,stable_wrong,0.024445446648750424,0.5644633499845801,True,stable_wrong,-0.018807894548432957,0.5247528297004517,True,stable_wrong,0.024445446648750424
annual_head_weighted_intercept,learned_market,2025-12-31,2026-01-16,3635,nonnegative_low,2026,0.5585267981829769,0,0.5358343724082923,True,stable_wrong,0.024833709634339285,0.5646864978409344,True,stable_wrong,-0.006918656555331748,0.5358343724082923,True,stable_wrong,0.024833709634339285
annual_head_weighted_intercept,learned_market,2025-12-31,2026-01-23,3640,negative_low,2026,0.45080254852583707,0,0.4292369877583089,True,stable_correct,0.01897854609756308,0.4314667375120403,True,stable_correct,0.017059392178105787,0.4292369877583089,True,stable_correct,0.01897854609756308
annual_head_weighted_intercept,learned_market,2025-12-31,2026-01-30,3645,nonnegative_low,2026,0.4819051397665743,1,0.4591640849676522,True,stable_wrong,-0.02408120278858411,0.4913478123020046,True,stable_wrong,0.009695236150336017,0.4591640849676522,True,stable_wrong,-0.02408120278858411
annual_head_weighted_intercept,learned_market,2025-12-31,2026-02-06,3650,negative_low,2026,0.5323654109412224,1,0.5097015271695778,True,stable_correct,-0.021710483575672374,0.5676992132806403,True,stable_correct,0.03179813868599454,0.5097015271695778,True,stable_correct,-0.021710483575672374
annual_head_weighted_intercept,learned_market,2025-12-31,2026-02-13,3655,nonnegative_low,2026,0.47987189425154625,0,0.4571590483811076,True,stable_correct,0.02128263937584729,0.5479627114260825,True,recovery,-0.06998609822085705,0.4571590483811076,True,stable_correct,0.02128263937584729
annual_head_weighted_intercept,learned_market,2025-12-31,2026-02-27,3659,nonnegative_low,2026,0.5342739991933473,0,0.5114368929840101,True,stable_wrong,0.023881010708915074,0.5879447248461335,True,stable_wrong,-0.06023029326034279,0.5114368929840101,True,stable_wrong,0.023881010708915074
annual_head_weighted_intercept,learned_market,2025-12-31,2026-03-06,3664,nonnegative_high,2026,0.5271457684702094,1,0.5049060459412255,True,stable_correct,-0.021526899069923194,0.5676754168224202,True,stable_correct,0.03668657905596065,0.5049060459412255,True,stable_correct,-0.021526899069923194
annual_head_weighted_intercept,learned_market,2025-12-31,2026-03-13,3669,nonnegative_low,2026,0.482301053248638,0,0.45966722009852146,True,stable_correct,0.021320352731642955,0.476928564118801,True,stable_correct,0.00515345069232423,0.45966722009852146,True,stable_correct,0.021320352731642955
annual_head_weighted_intercept,learned_market,2025-12-31,2026-03-20,3674,nonnegative_low,2026,0.4717420087168433,0,0.4489633359737127,True,stable_correct,0.02097244573955742,0.4550078717250358,True,stable_correct,0.015508359456455595,0.4489633359737127,True,stable_correct,0.02097244573955742
annual_head_weighted_intercept,learned_market,2025-12-31,2026-03-27,3679,negative_high,2026,0.4879344372303382,0,0.4655463624095211,True,stable_correct,0.02134659948254969,0.4912668864924972,True,stable_correct,-0.003263138728745313,0.4655463624095211,True,stable_correct,0.02134659948254969
annual_head_weighted_intercept,learned_market,2025-12-31,2026-04-03,3684,negative_high,2026,0.4992348091424876,1,0.4764559743529441,True,stable_wrong,-0.023332570416164267,0.529097119419555,True,regression,0.02901625343559988,0.4764559743529441,True,stable_wrong,-0.023332570416164267
annual_head_weighted_intercept,learned_market,2025-12-31,2026-04-10,3688,negative_high,2026,0.47249853981131285,1,0.4497645036249702,True,stable_wrong,-0.024501310969878343,0.4788848541790201,True,stable_wrong,0.006696795297175873,0.4497645036249702,True,stable_wrong,-0.024501310969878343
annual_head_weighted_intercept,learned_market,2025-12-31,2026-04-17,3693,negative_high,2026,0.49913763191896576,1,0.4763881806082888,True,stable_wrong,-0.023306225646956558,0.5137233003184888,True,regression,0.014398083106598764,0.4763881806082888,True,stable_wrong,-0.023306225646956558
annual_head_weighted_intercept,learned_market,2025-12-31,2026-04-24,3698,nonnegative_high,2026,0.48518174663766006,1,0.46275428395762463,True,stable_wrong,-0.02359512541083414,0.5146394950374299,True,regression,0.02946301421752945,0.46275428395762463,True,stable_wrong,-0.02359512541083414
annual_head_weighted_intercept,learned_market,2025-12-31,2026-05-08,3705,nonnegative_high,2026,0.5718442089995471,0,0.5509925651699676,True,stable_wrong,0.023412992493736684,0.5815716375887218,True,stable_wrong,-0.011219770281309771,0.5509925651699676,True,stable_wrong,0.023412992493736684
annual_head_weighted_intercept,learned_market,2025-12-31,2026-05-15,3710,nonnegative_low,2026,0.626994317855223,1,0.6068105774736267,True,stable_correct,-0.01546468307433252,0.6274591714521802,True,stable_correct,0.000346569977194372,0.6068105774736267,True,stable_correct,-0.01546468307433252
annual_head_weighted_intercept,learned_market,2025-12-31,2026-05-22,3715,nonnegative_low,2026,0.4968951580318573,1,0.47476764013923195,True,stable_wrong,-0.022754549833121418,0.4765629938582559,True,stable_wrong,-0.020871817386842406,0.47476764013923195,True,stable_wrong,-0.022754549833121418
annual_head_weighted_intercept,learned_market,2025-12-31,2026-05-29,3720,nonnegative_high,2026,0.49335965422049294,0,0.47069934366443983,True,stable_correct,0.02184587628642992,0.49462513278932235,True,stable_correct,-0.001250273574290417,0.47069934366443983,True,stable_correct,0.02184587628642992
annual_head_weighted_intercept,learned_market,2025-12-31,2026-06-05,3725,nonnegative_high,2026,0.45601075729408097,1,0.43343257781621963,True,stable_wrong,-0.025074347700214827,0.4747477632774218,True,stable_wrong,0.020034383997687866,0.43343257781621963,True,stable_wrong,-0.025074347700214827
annual_head_weighted_intercept,learned_market,2025-12-31,2026-06-12,3730,nonnegative_high,2026,0.4163350781891377,1,0.3946021727356898,True,stable_wrong,-0.02584178830386752,0.44674011653559814,True,stable_wrong,0.034568242301436514,0.3946021727356898,True,stable_wrong,-0.02584178830386752
annual_head_weighted_intercept,learned_market,2025-12-31,2026-06-26,3739,nonnegative_high,2026,0.5256802703748209,1,0.5028351367660838,True,stable_correct,-0.022193695322695578,0.5247096068030253,True,stable_correct,-0.0009217519536318663,0.5028351367660838,True,stable_correct,-0.022193695322695578
annual_head_weighted_intercept,learned_market,2025-12-31,2026-07-03,3744,nonnegative_high,2026,0.5125289906867859,0,0.48961299180420353,True,regression,0.02296508455095242,0.4990795884215111,True,regression,0.013605530715430553,0.5066414565297224,True,stable_wrong,0.006000400819856921
annual_head_weighted_intercept,learned_market,2025-12-31,2026-07-10,3749,nonnegative_high,2026,0.533637701489769,0,0.5112169662397662,True,stable_wrong,0.02342640987989353,0.5144025420785714,True,stable_wrong,0.020159221154387397,0.5278622907262521,True,stable_wrong,0.006130598480517446
annual_head_weighted_intercept,learned_market,2025-12-31,2026-07-17,3754,negative_high,2026,0.5030823051958832,1,0.48034056980630435,True,recovery,-0.023118727979799025,0.47302489097529116,True,recovery,-0.030775570122166307,0.48034056980630435,True,recovery,-0.023118727979799025
annual_head_weighted_intercept,learned_market,2025-12-31,2026-07-24,3759,negative_high,2026,0.5083653823026878,0,0.4855896136257898,True,regression,0.022638089062514133,0.5099804127671761,True,stable_wrong,-0.0016446594824213734,0.4855896136257898,True,regression,0.022638089062514133
annual_head_weighted_intercept,learned_market,2025-12-31,2026-07-31,3764,negative_high,2026,0.4184266386393009,1,0.3968670895698036,True,stable_wrong,-0.025541732999616984,0.3756358179570669,True,stable_wrong,-0.051603057173758626,0.3968670895698036,True,stable_wrong,-0.025541732999616984
annual_head_weighted_intercept,learned_market,2025-12-31,2026-08-07,3769,negative_high,2026,0.4720730564317353,0,0.4499577215063888,True,stable_correct,0.02039101946557942,0.43533785294802935,True,stable_correct,0.03333392439940033,0.4499577215063888,True,stable_correct,0.02039101946557942
annual_head_weighted_intercept,learned_market,2025-12-31,2026-08-14,3774,negative_high,2026,0.51123005542176,0,0.48837964453678734,True,regression,0.022841492368657096,0.5268244307737541,True,stable_wrong,-0.016187811293554177,0.48837964453678734,True,regression,0.022841492368657096
annual_head_weighted_intercept,learned_market,2025-12-31,2026-08-21,3779,negative_high,2026,0.5432642605758968,0,0.5212932595922709,True,stable_wrong,0.02338939432274123,0.5193443805677654,True,stable_wrong,0.025417471191759966,0.5212932595922709,True,stable_wrong,0.02338939432274123
annual_head_weighted_slopes,learned_market,2025-12-31,2026-01-09,3630,nonnegative_low,2026,0.5418772836398382,0,0.5247528297004517,True,stable_wrong,0.018265458246258415,0.5644633499845801,True,stable_wrong,-0.024987882950924967,0.5247528297004517,True,stable_wrong,0.018265458246258415
annual_head_weighted_slopes,learned_market,2025-12-31,2026-01-16,3635,nonnegative_low,2026,0.5420916730198256,0,0.5358343724082923,True,stable_wrong,0.006744907303245007,0.5646864978409344,True,stable_wrong,-0.025007458886426026,0.5358343724082923,True,stable_wrong,0.006744907303245007
annual_head_weighted_slopes,learned_market,2025-12-31,2026-01-23,3640,negative_low,2026,0.41000143792390614,0,0.4292369877583089,True,stable_correct,-0.01614321256015594,0.4314667375120403,True,stable_correct,-0.018062366479613234,0.4292369877583089,True,stable_correct,-0.01614321256015594
annual_head_weighted_slopes,learned_market,2025-12-31,2026-01-30,3645,nonnegative_low,2026,0.46862230976663105,1,0.4591640849676522,True,stable_wrong,-0.010141237311126816,0.4913478123020046,True,stable_wrong,0.023635201627793312,0.4591640849676522,True,stable_wrong,-0.010141237311126816
annual_head_weighted_slopes,learned_market,2025-12-31,2026-02-06,3650,negative_low,2026,0.5451467847333339,1,0.5097015271695778,True,stable_correct,-0.0335011450214201,0.5676992132806403,True,stable_correct,0.020007477240246818,0.5097015271695778,True,stable_correct,-0.0335011450214201
annual_head_weighted_slopes,learned_market,2025-12-31,2026-02-13,3655,nonnegative_low,2026,0.5251656335925018,0,0.4571590483811076,True,regression,0.06680454718989398,0.5479627114260825,True,stable_wrong,-0.02446419040681036,0.4571590483811076,True,regression,0.06680454718989398
annual_head_weighted_slopes,learned_market,2025-12-31,2026-02-27,3659,nonnegative_low,2026,0.5655819614230038,0,0.5114368929840101,True,stable_wrong,0.05831525958195438,0.5879447248461335,True,stable_wrong,-0.025796044387303485,0.5114368929840101,True,stable_wrong,0.05831525958195438
annual_head_weighted_slopes,learned_market,2025-12-31,2026-03-06,3664,nonnegative_high,2026,0.5453008846629211,1,0.5049060459412255,True,stable_correct,-0.03836673785722983,0.5676754168224202,True,stable_correct,0.019846740268654017,0.5049060459412255,True,stable_correct,-0.03836673785722983
annual_head_weighted_slopes,learned_market,2025-12-31,2026-03-13,3669,nonnegative_low,2026,0.4543565172053607,0,0.45966722009852146,True,stable_correct,-0.004854108506117338,0.476928564118801,True,stable_correct,-0.021021010545436064,0.45966722009852146,True,stable_correct,-0.004854108506117338
annual_head_weighted_slopes,learned_market,2025-12-31,2026-03-20,3674,nonnegative_low,2026,0.4324850895823042,0,0.4489633359737127,True,stable_correct,-0.014524724337631134,0.4550078717250358,True,stable_correct,-0.01998881062073296,0.4489633359737127,True,stable_correct,-0.014524724337631134
annual_head_weighted_slopes,learned_market,2025-12-31,2026-03-27,3679,negative_high,2026,0.4697093019877281,0,0.4655463624095211,True,stable_correct,0.0038934128210615926,0.4912668864924972,True,stable_correct,-0.02071632539023341,0.4655463624095211,True,stable_correct,0.0038934128210615926
annual_head_weighted_slopes,learned_market,2025-12-31,2026-04-03,3684,negative_high,2026,0.5065855197123722,1,0.4764559743529441,True,recovery,-0.030640497433215202,0.529097119419555,True,stable_correct,0.021708326418548946,0.4764559743529441,True,recovery,-0.030640497433215202
annual_head_weighted_slopes,learned_market,2025-12-31,2026-04-10,3688,negative_high,2026,0.4560755956860376,1,0.4497645036249702,True,stable_wrong,-0.006905343862776636,0.4788848541790201,True,stable_wrong,0.02429276240427758,0.4497645036249702,True,stable_wrong,-0.006905343862776636
annual_head_weighted_slopes,learned_market,2025-12-31,2026-04-17,3693,negative_high,2026,0.4913770204579048,1,0.4763881806082888,True,stable_wrong,-0.015472002088419479,0.5137233003184888,True,regression,0.022232306665135843,0.4763881806082888,True,stable_wrong,-0.015472002088419479
annual_head_weighted_slopes,learned_market,2025-12-31,2026-04-24,3698,nonnegative_high,2026,0.4919976136927584,1,0.46275428395762463,True,stable_wrong,-0.030566534912032706,0.5146394950374299,True,regression,0.022491604716330882,0.46275428395762463,True,stable_wrong,-0.030566534912032706
annual_head_weighted_slopes,learned_market,2025-12-31,2026-05-08,3705,nonnegative_high,2026,0.5611591173627982,0,0.5509925651699676,True,stable_wrong,0.011306748126813704,0.5815716375887218,True,stable_wrong,-0.02332601464823275,0.5509925651699676,True,stable_wrong,0.011306748126813704
annual_head_weighted_slopes,learned_market,2025-12-31,2026-05-15,3710,nonnegative_low,2026,0.6078275987959355,1,0.6068105774736267,True,stable_correct,-0.0007987297204612165,0.6274591714521802,True,stable_correct,0.015012523331065675,0.6068105774736267,True,stable_correct,-0.0007987297204612165
annual_head_weighted_slopes,learned_market,2025-12-31,2026-05-22,3715,nonnegative_low,2026,0.4546130754327675,1,0.47476764013923195,True,stable_wrong,0.021577865643992833,0.4765629938582559,True,stable_wrong,0.023460598090271845,0.47476764013923195,True,stable_wrong,0.021577865643992833
annual_head_weighted_slopes,learned_market,2025-12-31,2026-05-29,3720,nonnegative_high,2026,0.4719739106969684,0,0.47069934366443983,True,stable_correct,0.0012015002524554952,0.49462513278932235,True,stable_correct,-0.021894649608264843,0.47069934366443983,True,stable_correct,0.0012015002524554952
annual_head_weighted_slopes,learned_market,2025-12-31,2026-06-05,3725,nonnegative_high,2026,0.4521896888036137,1,0.43343257781621963,True,stable_wrong,-0.02090250682689243,0.4747477632774218,True,stable_wrong,0.024206224871010262,0.43343257781621963,True,stable_wrong,-0.02090250682689243
annual_head_weighted_slopes,learned_market,2025-12-31,2026-06-12,3730,nonnegative_high,2026,0.42502726752361636,1,0.3946021727356898,True,stable_wrong,-0.0359128861649885,0.44674011653559814,True,stable_wrong,0.024497144440315533,0.3946021727356898,True,stable_wrong,-0.0359128861649885
annual_head_weighted_slopes,learned_market,2025-12-31,2026-06-26,3739,nonnegative_high,2026,0.5018641699549923,1,0.5028351367660838,True,stable_correct,0.0009664039402302316,0.5247096068030253,True,stable_correct,0.022238347309293943,0.5028351367660838,True,stable_correct,0.0009664039402302316
annual_head_weighted_slopes,learned_market,2025-12-31,2026-07-03,3744,nonnegative_high,2026,0.4762281480788773,0,0.48961299180420353,True,stable_correct,-0.012927632720825977,0.4990795884215111,True,stable_correct,-0.022287186556347843,0.5066414565297224,True,recovery,-0.029892316451921475
annual_head_weighted_slopes,learned_market,2025-12-31,2026-07-10,3749,nonnegative_high,2026,0.49221193510715944,0,0.5112169662397662,True,recovery,-0.01907019750945574,0.5144025420785714,True,recovery,-0.02233738623496187,0.5278622907262521,True,recovery,-0.03636600890883182
annual_head_weighted_slopes,learned_market,2025-12-31,2026-07-17,3754,negative_high,2026,0.4505542314257441,1,0.48034056980630435,True,stable_wrong,0.03184472921491843,0.47302489097529116,True,stable_wrong,0.02418788707255115,0.48034056980630435,True,stable_wrong,0.03184472921491843
annual_head_weighted_slopes,learned_market,2025-12-31,2026-07-24,3759,negative_high,2026,0.4873507063681808,0,0.4855896136257898,True,stable_correct,0.001713438136320966,0.5099804127671761,True,recovery,-0.02256931040861454,0.4855896136257898,True,stable_correct,0.001713438136320966
annual_head_weighted_slopes,learned_market,2025-12-31,2026-07-31,3764,negative_high,2026,0.3550000366822114,1,0.3968670895698036,True,stable_wrong,0.052255645035949316,0.3756358179570669,True,stable_wrong,0.026194320861807674,0.3968670895698036,True,stable_wrong,0.052255645035949316
annual_head_weighted_slopes,learned_market,2025-12-31,2026-08-07,3769,negative_high,2026,0.4136745002452833,0,0.4499577215063888,True,stable_correct,-0.03133535899003606,0.43533785294802935,True,stable_correct,-0.018392454056215146,0.4499577215063888,True,stable_correct,-0.03133535899003606
annual_head_weighted_slopes,learned_market,2025-12-31,2026-08-14,3774,negative_high,2026,0.504033292928851,0,0.48837964453678734,True,regression,0.015534883182822173,0.5268244307737541,True,stable_wrong,-0.0234944204793891,0.48837964453678734,True,regression,0.015534883182822173
annual_head_weighted_slopes,learned_market,2025-12-31,2026-08-21,3779,negative_high,2026,0.49747438899693197,0,0.5212932595922709,True,recovery,-0.024265894788463943,0.5193443805677654,True,recovery,-0.022237817919445207,0.5212932595922709,True,recovery,-0.024265894788463943
annual_head_weighted_intercept,learned_vol_interaction,2025-12-31,2026-01-09,3630,nonnegative_low,2026,0.5487775428568406,0,0.5260850289084584,True,stable_wrong,0.02439133390237791,0.5629184335807298,True,stable_wrong,-0.015720371320991078,0.5260850289084584,True,stable_wrong,0.02439133390237791
annual_head_weighted_intercept,learned_vol_interaction,2025-12-31,2026-01-16,3635,nonnegative_low,2026,0.5656938700761821,0,0.5431940794853497,True,stable_wrong,0.024949746653831983,0.5700372246213471,True,stable_wrong,-0.004932882812239747,0.5431940794853497,True,stable_wrong,0.024949746653831983
annual_head_weighted_intercept,learned_vol_interaction,2025-12-31,2026-01-23,3640,negative_low,2026,0.44539457456776715,0,0.42401345231033893,True,stable_correct,0.01858891931427023,0.4295527317366891,True,stable_correct,0.013860777711950295,0.42401345231033893,True,stable_correct,0.01858891931427023
annual_head_weighted_intercept,learned_vol_interaction,2025-12-31,2026-01-30,3645,nonnegative_low,2026,0.47986114018838605,1,0.45724385028463316,True,stable_wrong,-0.02403980456772392,0.4913375940986491,True,stable_wrong,0.011806990308775023,0.45724385028463316,True,stable_wrong,-0.02403980456772392
annual_head_weighted_intercept,learned_vol_interaction,2025-12-31,2026-02-06,3650,negative_low,2026,0.5267907758250965,1,0.5042957605458408,True,stable_correct,-0.021795723168612308,0.5646673855246496,True,stable_correct,0.03441248461827001,0.5042957605458408,True,stable_correct,-0.021795723168612308
annual_head_weighted_intercept,learned_vol_interaction,2025-12-31,2026-02-13,3655,nonnegative_low,2026,0.47306539526395935,0,0.4505062339482251,True,stable_correct,0.02083500137003319,0.5451248258775118,True,recovery,-0.0733702075917414,0.4505062339482251,True,stable_correct,0.02083500137003319
annual_head_weighted_intercept,learned_vol_interaction,2025-12-31,2026-02-27,3659,nonnegative_low,2026,0.5267480900133373,0,0.504015087214225,True,stable_wrong,0.023432342193136058,0.5805238827423532,True,stable_wrong,-0.05954442810155858,0.504015087214225,True,stable_wrong,0.023432342193136058
annual_head_weighted_intercept,learned_vol_interaction,2025-12-31,2026-03-06,3664,nonnegative_high,2026,0.5177825819891245,1,0.49562639077605564,True,recovery,-0.021859099448512748,0.5568225706637194,True,stable_correct,0.03612740435996145,0.49562639077605564,True,recovery,-0.021859099448512748
annual_head_weighted_intercept,learned_vol_interaction,2025-12-31,2026-03-13,3669,nonnegative_low,2026,0.4774958921707723,0,0.4549664030792006,True,stable_correct,0.02100789910913617,0.47257908709313573,True,stable_correct,0.00467133348218024,0.4549664030792006,True,stable_correct,0.02100789910913617
annual_head_weighted_intercept,learned_vol_interaction,2025-12-31,2026-03-20,3674,nonnegative_low,2026,0.47018829518452515,0,0.44751285163197135,True,stable_correct,0.02080928055275133,0.45197218996471306,True,stable_correct,0.016798172427031494,0.44751285163197135,True,stable_correct,0.02080928055275133
annual_head_weighted_intercept,learned_vol_interaction,2025-12-31,2026-03-27,3679,negative_high,2026,0.4918213803107663,0,0.4694278085841141,True,stable_correct,0.02152580265870374,0.496407523610702,True,stable_correct,-0.004532159366522265,0.4694278085841141,True,stable_correct,0.02152580265870374
annual_head_weighted_intercept,learned_vol_interaction,2025-12-31,2026-04-03,3684,negative_high,2026,0.5066279816079667,1,0.4838858042773609,True,recovery,-0.022957914494197873,0.5338089517096408,True,stable_correct,0.026081855026164807,0.4838858042773609,True,recovery,-0.022957914494197873
annual_head_weighted_intercept,learned_vol_interaction,2025-12-31,2026-04-10,3688,negative_high,2026,0.47526325584104984,1,0.4525740654594063,True,stable_wrong,-0.02432650313710688,0.4767645374052856,True,stable_wrong,0.0015733013538306584,0.4525740654594063,True,stable_wrong,-0.02432650313710688
annual_head_weighted_intercept,learned_vol_interaction,2025-12-31,2026-04-17,3693,negative_high,2026,0.5154195552280171,1,0.49264418119242176,True,recovery,-0.0225917194224953,0.531225461157195,True,stable_correct,0.015068639188128341,0.49264418119242176,True,recovery,-0.0225917194224953
annual_head_weighted_intercept,learned_vol_interaction,2025-12-31,2026-04-24,3698,nonnegative_high,2026,0.48762397215253017,1,0.4652698782079913,True,stable_wrong,-0.02340710923894518,0.5195964213505722,True,regression,0.031741595533574196,0.4652698782079913,True,stable_wrong,-0.02340710923894518
annual_head_weighted_intercept,learned_vol_interaction,2025-12-31,2026-05-08,3705,nonnegative_high,2026,0.5685440294848059,0,0.5478187978020205,True,stable_wrong,0.02313687823756877,0.5799035744025858,True,stable_wrong,-0.013045842142075548,0.5478187978020205,True,stable_wrong,0.02313687823756877
annual_head_weighted_intercept,learned_vol_interaction,2025-12-31,2026-05-15,3710,nonnegative_low,2026,0.6235145845655475,1,0.6034610316997535,True,stable_correct,-0.015501885345771627,0.6233378933536527,True,stable_correct,-0.0001330745484119933,0.6034610316997535,True,stable_correct,-0.015501885345771627
annual_head_weighted_intercept,learned_vol_interaction,2025-12-31,2026-05-22,3715,nonnegative_low,2026,0.49074846234566366,1,0.46869800902449255,True,stable_wrong,-0.022944677011232317,0.46993906111915223,True,stable_wrong,-0.021627470323939912,0.46869800902449255,True,stable_wrong,-0.022944677011232317
annual_head_weighted_intercept,learned_vol_interaction,2025-12-31,2026-05-29,3720,nonnegative_high,2026,0.49088547508476127,0,0.46830450470324064,True,stable_correct,0.021659440523844248,0.49037472701220547,True,stable_correct,0.0005011767568967596,0.46830450470324064,True,stable_correct,0.021659440523844248
annual_head_weighted_intercept,learned_vol_interaction,2025-12-31,2026-06-05,3725,nonnegative_high,2026,0.4504020850049047,1,0.4279642344268868,True,stable_wrong,-0.025167048927861646,0.46908222525724136,True,stable_wrong,0.02018418462915339,0.4279642344268868,True,stable_wrong,-0.025167048927861646
annual_head_weighted_intercept,learned_vol_interaction,2025-12-31,2026-06-12,3730,nonnegative_high,2026,0.41269173739431064,1,0.3911001238616541,True,stable_wrong,-0.025828063836379644,0.44343612263001103,True,stable_wrong,0.035167645731797204,0.3911001238616541,True,stable_wrong,-0.025828063836379644
annual_head_weighted_intercept,learned_vol_interaction,2025-12-31,2026-06-26,3739,nonnegative_high,2026,0.5268951660704819,1,0.5041105831902793,True,stable_correct,-0.02207812981640797,0.5234427418154629,True,stable_correct,-0.003278636440886662,0.5041105831902793,True,stable_correct,-0.02207812981640797
annual_head_weighted_intercept,learned_vol_interaction,2025-12-31,2026-07-03,3744,nonnegative_high,2026,0.5266852740978611,0,0.5038865328449936,True,stable_wrong,0.023495739968990292,0.5098598867733045,True,stable_wrong,0.01744027381105223,0.5213130839563369,True,stable_wrong,0.005630046447472337
annual_head_weighted_intercept,learned_vol_interaction,2025-12-31,2026-07-10,3749,nonnegative_high,2026,0.5420138595720072,0,0.5195808604757605,True,stable_wrong,0.02381475339541189,0.5269573036844054,True,stable_wrong,0.016095024061804852,0.5367135773794472,True,stable_wrong,0.005717559824699625
annual_head_weighted_intercept,learned_vol_interaction,2025-12-31,2026-07-17,3754,negative_high,2026,0.52616201512684,1,0.5034608715693253,True,stable_correct,-0.022028670154037117,0.49795381132016275,True,recovery,-0.027527939659293815,0.5034608715693253,True,stable_correct,-0.022028670154037117
annual_head_weighted_intercept,learned_vol_interaction,2025-12-31,2026-07-24,3759,negative_high,2026,0.5293117429440172,0,0.5066012528157487,True,stable_wrong,0.023526091863947107,0.5305707743449265,True,stable_wrong,-0.0013344253705416254,0.5066012528157487,True,stable_wrong,0.023526091863947107
annual_head_weighted_intercept,learned_vol_interaction,2025-12-31,2026-07-31,3764,negative_high,2026,0.4355684673014955,1,0.4138800685574248,True,stable_wrong,-0.024953618929865973,0.38133134363927645,True,stable_wrong,-0.06416795125880004,0.4138800685574248,True,stable_wrong,-0.024953618929865973
annual_head_weighted_intercept,learned_vol_interaction,2025-12-31,2026-08-07,3769,negative_high,2026,0.4733260488729578,0,0.45100630203211517,True,stable_correct,0.020630864069002164,0.43990015549245953,True,stable_correct,0.03052540173939558,0.45100630203211517,True,stable_correct,0.020630864069002164
annual_head_weighted_intercept,learned_vol_interaction,2025-12-31,2026-08-14,3774,negative_high,2026,0.50915649290322,0,0.4863994421459692,True,regression,0.022655916945596655,0.5283768500412394,True,stable_wrong,-0.01994176139399567,0.4863994421459692,True,regression,0.022655916945596655
annual_head_weighted_intercept,learned_vol_interaction,2025-12-31,2026-08-21,3779,negative_high,2026,0.5427464722089479,0,0.5208548441545787,True,stable_wrong,0.02328396441596775,0.5208175481092935,True,stable_wrong,0.023322814676682013,0.5208548441545787,True,stable_wrong,0.02328396441596775
annual_head_weighted_slopes,learned_vol_interaction,2025-12-31,2026-01-09,3630,nonnegative_low,2026,0.5404172911189741,0,0.5260850289084584,True,stable_wrong,0.015285390898756468,0.5629184335807298,True,stable_wrong,-0.02482631432461252,0.5260850289084584,True,stable_wrong,0.015285390898756468
annual_head_weighted_slopes,learned_vol_interaction,2025-12-31,2026-01-16,3635,nonnegative_low,2026,0.5476309925632369,0,0.5431940794853497,True,stable_wrong,0.004839896027859614,0.5700372246213471,True,stable_wrong,-0.025042733438212117,0.5431940794853497,True,stable_wrong,0.004839896027859614
annual_head_weighted_slopes,learned_vol_interaction,2025-12-31,2026-01-23,3640,negative_low,2026,0.40814288922944925,0,0.42401345231033893,True,stable_correct,-0.013206789711569605,0.4295527317366891,True,stable_correct,-0.01793493131388954,0.42401345231033893,True,stable_correct,-0.013206789711569605
annual_head_weighted_slopes,learned_vol_interaction,2025-12-31,2026-01-30,3645,nonnegative_low,2026,0.4687231693491509,1,0.45724385028463316,True,stable_wrong,-0.012329167267438657,0.4913375940986491,True,stable_wrong,0.023517627609060288,0.45724385028463316,True,stable_wrong,-0.012329167267438657
annual_head_weighted_slopes,learned_vol_interaction,2025-12-31,2026-02-06,3650,negative_low,2026,0.5422098013129621,1,0.5042957605458408,True,stable_correct,-0.036150826998908814,0.5646673855246496,True,stable_correct,0.020057380787973506,0.5042957605458408,True,stable_correct,-0.036150826998908814
annual_head_weighted_slopes,learned_vol_interaction,2025-12-31,2026-02-13,3655,nonnegative_low,2026,0.5224137645227361,0,0.4505062339482251,True,regression,0.06996027453660386,0.5451248258775118,True,stable_wrong,-0.024244934425170728,0.4505062339482251,True,regression,0.06996027453660386
annual_head_weighted_slopes,learned_vol_interaction,2025-12-31,2026-02-27,3659,nonnegative_low,2026,0.5581524171376334,0,0.504015087214225,True,stable_wrong,0.05750291261701984,0.5805238827423532,True,stable_wrong,-0.025473857677674794,0.504015087214225,True,stable_wrong,0.05750291261701984
annual_head_weighted_slopes,learned_vol_interaction,2025-12-31,2026-03-06,3664,nonnegative_high,2026,0.5344075323547819,1,0.49562639077605564,True,recovery,-0.03761639175362469,0.5568225706637194,True,stable_correct,0.02037011205484951,0.49562639077605564,True,recovery,-0.03761639175362469
annual_head_weighted_slopes,learned_vol_interaction,2025-12-31,2026-03-13,3669,nonnegative_low,2026,0.4501180457174532,0,0.4549664030792006,True,stable_correct,-0.004388172850326388,0.47257908709313573,True,stable_correct,-0.020724738477282317,0.4549664030792006,True,stable_correct,-0.004388172850326388
annual_head_weighted_slopes,learned_vol_interaction,2025-12-31,2026-03-20,3674,nonnegative_low,2026,0.4295795642576364,0,0.44751285163197135,True,stable_correct,-0.015729150347998072,0.45197218996471306,True,stable_correct,-0.01974025847371791,0.44751285163197135,True,stable_correct,-0.015729150347998072
annual_head_weighted_slopes,learned_vol_interaction,2025-12-31,2026-03-27,3679,negative_high,2026,0.4747514092762582,0,0.4694278085841141,True,stable_correct,0.005026433137709563,0.496407523610702,True,stable_correct,-0.021031528887516443,0.4694278085841141,True,stable_correct,0.005026433137709563
annual_head_weighted_slopes,learned_vol_interaction,2025-12-31,2026-04-03,3684,negative_high,2026,0.5113239001798476,1,0.4838858042773609,True,recovery,-0.027569532490991172,0.5338089517096408,True,stable_correct,0.02147023702937151,0.4838858042773609,True,recovery,-0.027569532490991172
annual_head_weighted_slopes,learned_vol_interaction,2025-12-31,2026-04-10,3688,negative_high,2026,0.45411023177395,1,0.4525740654594063,True,stable_wrong,-0.0016795147537517763,0.4767645374052856,True,stable_wrong,0.024220289737185763,0.4525740654594063,True,stable_wrong,-0.0016795147537517763
annual_head_weighted_slopes,learned_vol_interaction,2025-12-31,2026-04-17,3693,negative_high,2026,0.5087604751368469,1,0.49264418119242176,True,recovery,-0.016093656090131636,0.531225461157195,True,stable_correct,0.021566702520492004,0.49264418119242176,True,recovery,-0.016093656090131636
annual_head_weighted_slopes,learned_vol_interaction,2025-12-31,2026-04-24,3698,nonnegative_high,2026,0.4970134279793125,1,0.4652698782079913,True,stable_wrong,-0.0329408115185742,0.5195964213505722,True,regression,0.022207893253945177,0.4652698782079913,True,stable_wrong,-0.0329408115185742
annual_head_weighted_slopes,learned_vol_interaction,2025-12-31,2026-05-08,3705,nonnegative_high,2026,0.5594659314983711,0,0.5478187978020205,True,stable_wrong,0.012896693282089033,0.5799035744025858,True,stable_wrong,-0.023286027097555284,0.5478187978020205,True,stable_wrong,0.012896693282089033
annual_head_weighted_slopes,learned_vol_interaction,2025-12-31,2026-05-15,3710,nonnegative_low,2026,0.6036635458137279,1,0.6034610316997535,True,stable_correct,-0.00016056846367695776,0.6233378933536527,True,stable_correct,0.015208242333682676,0.6034610316997535,True,stable_correct,-0.00016056846367695776
annual_head_weighted_slopes,learned_vol_interaction,2025-12-31,2026-05-22,3715,nonnegative_low,2026,0.44803507472909593,1,0.46869800902449255,True,stable_wrong,0.022383473114776453,0.46993906111915223,True,stable_wrong,0.023700679802068858,0.46869800902449255,True,stable_wrong,0.022383473114776453
annual_head_weighted_slopes,learned_vol_interaction,2025-12-31,2026-05-29,3720,nonnegative_high,2026,0.46780638372186306,0,0.46830450470324064,True,stable_correct,-0.0004662964744205633,0.49037472701220547,True,stable_correct,-0.02162456024136805,0.46830450470324064,True,stable_correct,-0.0004662964744205633
annual_head_weighted_slopes,learned_vol_interaction,2025-12-31,2026-06-05,3725,nonnegative_high,2026,0.4466496839093487,1,0.4279642344268868,True,stable_wrong,-0.02102834477719412,0.46908222525724136,True,stable_wrong,0.024322888779820917,0.4279642344268868,True,stable_wrong,-0.02102834477719412
annual_head_weighted_slopes,learned_vol_interaction,2025-12-31,2026-06-12,3730,nonnegative_high,2026,0.4218305593377331,1,0.3911001238616541,True,stable_wrong,-0.03647915704557453,0.44343612263001103,True,stable_wrong,0.02451655252260232,0.3911001238616541,True,stable_wrong,-0.03647915704557453
annual_head_weighted_slopes,learned_vol_interaction,2025-12-31,2026-06-26,3739,nonnegative_high,2026,0.5006733651211043,1,0.5041105831902793,True,stable_correct,0.003420774595597198,0.5234427418154629,True,stable_correct,0.022220267971118507,0.5041105831902793,True,stable_correct,0.003420774595597198
annual_head_weighted_slopes,learned_vol_interaction,2025-12-31,2026-07-03,3744,nonnegative_high,2026,0.48704875677622894,0,0.5038865328449936,True,recovery,-0.01668514650527861,0.5098598867733045,True,recovery,-0.02274061266321667,0.5213130839563369,True,recovery,-0.034550840026796564
annual_head_weighted_slopes,learned_vol_interaction,2025-12-31,2026-07-10,3749,nonnegative_high,2026,0.504667971605472,0,0.5195808604757605,True,stable_wrong,-0.01527450900835009,0.5269573036844054,True,stable_wrong,-0.02299423834195713,0.5367135773794472,True,stable_wrong,-0.03337170257906236
annual_head_weighted_slopes,learned_vol_interaction,2025-12-31,2026-07-17,3754,negative_high,2026,0.47530902301211314,1,0.5034608715693253,True,regression,0.028749515269809178,0.49795381132016275,True,stable_wrong,0.02325024576455248,0.5034608715693253,True,regression,0.028749515269809178
annual_head_weighted_slopes,learned_vol_interaction,2025-12-31,2026-07-24,3759,negative_high,2026,0.5078987670720136,0,0.5066012528157487,True,stable_wrong,0.0013163282387854136,0.5305707743449265,True,stable_wrong,-0.02354418899570332,0.5066012528157487,True,stable_wrong,0.0013163282387854136
annual_head_weighted_slopes,learned_vol_interaction,2025-12-31,2026-07-31,3764,negative_high,2026,0.36084969170693265,1,0.4138800685574248,True,stable_wrong,0.06497654255687413,0.38133134363927645,True,stable_wrong,0.025762210227940063,0.4138800685574248,True,stable_wrong,0.06497654255687413
annual_head_weighted_slopes,learned_vol_interaction,2025-12-31,2026-08-07,3769,negative_high,2026,0.4179386472605535,0,0.45100630203211517,True,stable_correct,-0.028733971598702113,0.43990015549245953,True,stable_correct,-0.018839433928308696,0.45100630203211517,True,stable_correct,-0.028733971598702113
annual_head_weighted_slopes,learned_vol_interaction,2025-12-31,2026-08-14,3774,negative_high,2026,0.5056761787568268,0,0.4863994421459692,True,regression,0.01912398044219621,0.5283768500412394,True,stable_wrong,-0.023473697897396117,0.4863994421459692,True,regression,0.01912398044219621
annual_head_weighted_slopes,learned_vol_interaction,2025-12-31,2026-08-21,3779,negative_high,2026,0.4990161107254922,0,0.5208548441545787,True,recovery,-0.02227268991569384,0.5208175481092935,True,recovery,-0.022233839654979576,0.5208548441545787,True,recovery,-0.02227268991569384
annual_head_weighted_intercept,learned_order_extension,2025-12-31,2026-01-09,3630,nonnegative_low,2026,0.5497321045396378,0,0.5270730519153454,True,stable_wrong,0.024399384706222937,0.5633948790757454,True,stable_wrong,-0.015208403007194449,0.5270730519153454,True,stable_wrong,0.024399384706222937
annual_head_weighted_intercept,learned_order_extension,2025-12-31,2026-01-16,3635,nonnegative_low,2026,0.5652286787465505,0,0.5427940701910273,True,stable_wrong,0.024858056643029258,0.568667313233829,True,stable_wrong,-0.0038990538630106486,0.5427940701910273,True,stable_wrong,0.024858056643029258
annual_head_weighted_intercept,learned_order_extension,2025-12-31,2026-01-23,3640,negative_low,2026,0.4556812466883568,0,0.4339957261979868,True,stable_correct,0.01929310822533717,0.43460817724898115,True,stable_correct,0.018761130851773278,0.4339957261979868,True,stable_correct,0.01929310822533717
annual_head_weighted_intercept,learned_order_extension,2025-12-31,2026-01-30,3645,nonnegative_low,2026,0.48390197767809906,1,0.46128348040168304,True,stable_wrong,-0.023858319843546527,0.4903208695396286,True,stable_wrong,0.006584352617737099,0.46128348040168304,True,stable_wrong,-0.023858319843546527
annual_head_weighted_intercept,learned_order_extension,2025-12-31,2026-02-06,3650,negative_low,2026,0.5257133680715728,1,0.5032108679181002,True,stable_correct,-0.021851632528675863,0.564299016303886,True,stable_correct,0.03511246203225002,0.5032108679181002,True,stable_correct,-0.021851632528675863
annual_head_weighted_intercept,learned_order_extension,2025-12-31,2026-02-13,3655,nonnegative_low,2026,0.47387662775572,0,0.4513957446141334,True,stable_correct,0.020800940077385255,0.5481347938977876,True,recovery,-0.07589269394823692,0.4513957446141334,True,stable_correct,0.020800940077385255
annual_head_weighted_intercept,learned_order_extension,2025-12-31,2026-02-27,3659,nonnegative_low,2026,0.5273127910757702,0,0.5046193126640455,True,stable_wrong,0.02341812891858519,0.5816094148339306,True,stable_wrong,-0.06021073179134828,0.5046193126640455,True,stable_wrong,0.02341812891858519
annual_head_weighted_intercept,learned_order_extension,2025-12-31,2026-03-06,3664,nonnegative_high,2026,0.5384519409055932,1,0.5168188456275143,True,stable_correct,-0.020437417086913823,0.5718932391772387,True,stable_correct,0.029751212191657023,0.5168188456275143,True,stable_correct,-0.020437417086913823
annual_head_weighted_intercept,learned_order_extension,2025-12-31,2026-03-13,3669,nonnegative_low,2026,0.49163369676023466,0,0.46907630660420546,True,stable_correct,0.021671110372691815,0.47527288855411864,True,stable_correct,0.015819373195558678,0.46907630660420546,True,stable_correct,0.021671110372691815
annual_head_weighted_intercept,learned_order_extension,2025-12-31,2026-03-20,3674,nonnegative_low,2026,0.47103973239320657,0,0.44840943987820253,True,stable_correct,0.02080740372118034,0.45233060934982444,True,stable_correct,0.01727544933828018,0.44840943987820253,True,stable_correct,0.02080740372118034
annual_head_weighted_intercept,learned_order_extension,2025-12-31,2026-03-27,3679,negative_high,2026,0.46608151439038603,0,0.44382804359759526,True,stable_correct,0.02024864577276672,0.48644814064042224,True,stable_correct,-0.019399815476088406,0.44382804359759526,True,stable_correct,0.02024864577276672
annual_head_weighted_intercept,learned_order_extension,2025-12-31,2026-04-03,3684,negative_high,2026,0.4947410848964265,1,0.4721422509610274,True,stable_wrong,-0.023347231928850853,0.5336795917601496,True,regression,0.0378318481506594,0.4721422509610274,True,stable_wrong,-0.023347231928850853
annual_head_weighted_intercept,learned_order_extension,2025-12-31,2026-04-10,3688,negative_high,2026,0.46625045528504655,1,0.44375946503679303,True,stable_wrong,-0.024514956252734588,0.46764602295306634,True,stable_wrong,0.001487819605732854,0.44375946503679303,True,stable_wrong,-0.024514956252734588
annual_head_weighted_intercept,learned_order_extension,2025-12-31,2026-04-17,3693,negative_high,2026,0.4831912722291199,1,0.46054365813436954,True,stable_wrong,-0.023921883678892142,0.5221923084438168,True,regression,0.038791070989907056,0.46054365813436954,True,stable_wrong,-0.023921883678892142
annual_head_weighted_intercept,learned_order_extension,2025-12-31,2026-04-24,3698,nonnegative_high,2026,0.4563650672526267,1,0.4343183639133092,True,stable_wrong,-0.0244567733024742,0.5038549556509601,True,regression,0.049379035071130256,0.4343183639133092,True,stable_wrong,-0.0244567733024742
annual_head_weighted_intercept,learned_order_extension,2025-12-31,2026-05-08,3705,nonnegative_high,2026,0.5196240628823711,0,0.49801198787078843,True,regression,0.021993226663367976,0.5526613484567026,True,stable_wrong,-0.0354253993515985,0.49801198787078843,True,regression,0.021993226663367976
annual_head_weighted_intercept,learned_order_extension,2025-12-31,2026-05-15,3710,nonnegative_low,2026,0.5856499000311653,1,0.5637090142568929,True,stable_correct,-0.01866381889650881,0.6032289097135485,True,stable_correct,0.014258707257083808,0.5637090142568929,True,stable_correct,-0.01866381889650881
annual_head_weighted_intercept,learned_order_extension,2025-12-31,2026-05-22,3715,nonnegative_low,2026,0.5272607743214014,1,0.5050517409494192,True,stable_correct,-0.02149140364199989,0.4905060386276105,True,recovery,-0.0361017211797289,0.5050517409494192,True,stable_correct,-0.02149140364199989
annual_head_weighted_intercept,learned_order_extension,2025-12-31,2026-05-29,3720,nonnegative_high,2026,0.511794306049433,0,0.48909615917761434,True,regression,0.02271835878232642,0.5042000699528346,True,stable_wrong,0.007715701164177358,0.48909615917761434,True,regression,0.02271835878232642
annual_head_weighted_intercept,learned_order_extension,2025-12-31,2026-06-05,3725,nonnegative_high,2026,0.43567285169547826,1,0.4137812365783611,True,stable_wrong,-0.02518730827408172,0.45890941645705324,True,stable_wrong,0.0256861107146672,0.4137812365783611,True,stable_wrong,-0.02518730827408172
annual_head_weighted_intercept,learned_order_extension,2025-12-31,2026-06-12,3730,nonnegative_high,2026,0.38144192353833173,1,0.361384412795672,True,stable_wrong,-0.02521577426436955,0.4233197981875632,True,stable_wrong,0.05005403879352621,0.361384412795672,True,stable_wrong,-0.02521577426436955
annual_head_weighted_intercept,learned_order_extension,2025-12-31,2026-06-26,3739,nonnegative_high,2026,0.5084721059121264,1,0.48578238498545306,True,recovery,-0.022820084924789014,0.5097056194479422,True,stable_correct,0.001211091065533798,0.48578238498545306,True,recovery,-0.022820084924789014
annual_head_weighted_intercept,learned_order_extension,2025-12-31,2026-07-03,3744,nonnegative_high,2026,0.5129358581333707,0,0.49019228952696475,True,regression,0.022814713847329776,0.5013069239658791,True,stable_wrong,0.0117945625428858,0.49019228952696475,True,regression,0.022814713847329776
annual_head_weighted_intercept,learned_order_extension,2025-12-31,2026-07-10,3749,nonnegative_high,2026,0.5062144699358736,0,0.4838752558028981,True,regression,0.022117826394137396,0.5048804721079576,True,stable_wrong,0.0013487984565033195,0.4838752558028981,True,regression,0.022117826394137396
annual_head_weighted_intercept,learned_order_extension,2025-12-31,2026-07-17,3754,negative_high,2026,0.5059611881905763,1,0.48324475733931876,True,recovery,-0.022961633243232388,0.48873362277039356,True,recovery,-0.01731896091141913,0.48324475733931876,True,recovery,-0.022961633243232388
annual_head_weighted_intercept,learned_order_extension,2025-12-31,2026-07-24,3759,negative_high,2026,0.509321465116009,0,0.486574276555423,True,regression,0.02265382822248463,0.5229543766850218,True,stable_wrong,-0.01407292526610171,0.486574276555423,True,regression,0.02265382822248463
annual_head_weighted_intercept,learned_order_extension,2025-12-31,2026-07-31,3764,negative_high,2026,0.447731586008076,1,0.42545717214675055,True,stable_wrong,-0.025099059944453328,0.38610693644938815,True,stable_wrong,-0.07186429238240039,0.42545717214675055,True,stable_wrong,-0.025099059944453328
annual_head_weighted_intercept,learned_order_extension,2025-12-31,2026-08-07,3769,negative_high,2026,0.44559821476700484,0,0.4240773181549858,True,stable_correct,0.018716197230016746,0.4198398488454982,True,stable_correct,0.022292270324931,0.4240773181549858,True,stable_correct,0.018716197230016746
annual_head_weighted_intercept,learned_order_extension,2025-12-31,2026-08-14,3774,negative_high,2026,0.5019081457874996,0,0.47911008879014627,True,regression,0.02236530962734415,0.5252562532816847,True,stable_wrong,-0.023982344803667288,0.47911008879014627,True,regression,0.02236530962734415
annual_head_weighted_intercept,learned_order_extension,2025-12-31,2026-08-21,3779,negative_high,2026,0.523708312446513,0,0.5012573968171736,True,stable_wrong,0.023011418661644967,0.510978357662217,True,stable_wrong,0.013171514526397865,0.5012573968171736,True,stable_wrong,0.023011418661644967
annual_head_weighted_slopes,learned_order_extension,2025-12-31,2026-01-09,3630,nonnegative_low,2026,0.5409354671201342,0,0.5270730519153454,True,stable_wrong,0.014805177533121383,0.5633948790757454,True,stable_wrong,-0.024802610180296003,0.5270730519153454,True,stable_wrong,0.014805177533121383
annual_head_weighted_slopes,learned_order_extension,2025-12-31,2026-01-16,3635,nonnegative_low,2026,0.5462748951056483,0,0.5427940701910273,True,stable_wrong,0.003790858388145135,0.568667313233829,True,stable_wrong,-0.02496625211789477,0.5427940701910273,True,stable_wrong,0.003790858388145135
annual_head_weighted_slopes,learned_order_extension,2025-12-31,2026-01-23,3640,negative_low,2026,0.41299981839094585,0,0.4339957261979868,True,stable_correct,-0.017783440367163672,0.43460817724898115,True,stable_correct,-0.018315417740727563,0.4339957261979868,True,stable_correct,-0.017783440367163672
annual_head_weighted_slopes,learned_order_extension,2025-12-31,2026-01-30,3645,nonnegative_low,2026,0.46772407667130206,1,0.46128348040168304,True,stable_wrong,-0.0068978299327059345,0.4903208695396286,True,stable_wrong,0.023544842528577692,0.46128348040168304,True,stable_wrong,-0.0068978299327059345
annual_head_weighted_slopes,learned_order_extension,2025-12-31,2026-02-06,3650,negative_low,2026,0.5418324567285834,1,0.5032108679181002,True,stable_correct,-0.03688194404732184,0.564299016303886,True,stable_correct,0.02008215051360404,0.5032108679181002,True,stable_correct,-0.03688194404732184
annual_head_weighted_slopes,learned_order_extension,2025-12-31,2026-02-13,3655,nonnegative_low,2026,0.5254663065349908,0,0.4513957446141334,True,regression,0.07235672104777699,0.5481347938977876,True,stable_wrong,-0.024336912977845182,0.4513957446141334,True,regression,0.07235672104777699
annual_head_weighted_slopes,learned_order_extension,2025-12-31,2026-02-27,3659,nonnegative_low,2026,0.5592795757665084,0,0.5046193126640455,True,stable_wrong,0.05815299315603195,0.5816094148339306,True,stable_wrong,-0.02547586755390152,0.5046193126640455,True,stable_wrong,0.05815299315603195
annual_head_weighted_slopes,learned_order_extension,2025-12-31,2026-03-06,3664,nonnegative_high,2026,0.549848472397989,1,0.5168188456275143,True,stable_correct,-0.030827630138303697,0.5718932391772387,True,stable_correct,0.01936099914026715,0.5168188456275143,True,stable_correct,-0.030827630138303697
annual_head_weighted_slopes,learned_order_extension,2025-12-31,2026-03-13,3669,nonnegative_low,2026,0.4528226779358672,0,0.46907630660420546,True,stable_correct,-0.014984203764432436,0.47527288855411864,True,stable_correct,-0.020835940941565573,0.46907630660420546,True,stable_correct,-0.014984203764432436
annual_head_weighted_slopes,learned_order_extension,2025-12-31,2026-03-20,3674,nonnegative_low,2026,0.4300423010101153,0,0.44840943987820253,True,stable_correct,-0.016134645113808688,0.45233060934982444,True,stable_correct,-0.019666599496708848,0.44840943987820253,True,stable_correct,-0.016134645113808688
annual_head_weighted_slopes,learned_order_extension,2025-12-31,2026-03-27,3679,negative_high,2026,0.4647516804104163,0,0.44382804359759526,True,stable_correct,0.019010792160636836,0.48644814064042224,True,stable_correct,-0.02063766908821829,0.44382804359759526,True,stable_correct,0.019010792160636836
annual_head_weighted_slopes,learned_order_extension,2025-12-31,2026-04-03,3684,negative_high,2026,0.5112546189114572,1,0.4721422509610274,True,recovery,-0.03976175568510609,0.5336795917601496,True,stable_correct,0.021417324394404164,0.4721422509610274,True,recovery,-0.03976175568510609
annual_head_weighted_slopes,learned_order_extension,2025-12-31,2026-04-10,3688,negative_high,2026,0.4450095359296146,1,0.44375946503679303,True,stable_wrong,-0.0013891175270929756,0.46764602295306634,True,stable_wrong,0.024613658331374466,0.44375946503679303,True,stable_wrong,-0.0013891175270929756
annual_head_weighted_slopes,learned_order_extension,2025-12-31,2026-04-17,3693,negative_high,2026,0.49965562544019315,1,0.46054365813436954,True,stable_wrong,-0.04066865162540362,0.5221923084438168,True,regression,0.02204430304339558,0.46054365813436954,True,stable_wrong,-0.04066865162540362
annual_head_weighted_slopes,learned_order_extension,2025-12-31,2026-04-24,3698,nonnegative_high,2026,0.48129585324741453,1,0.4343183639133092,True,stable_wrong,-0.05094172154738752,0.5038549556509601,True,regression,0.022894086826216936,0.4343183639133092,True,stable_wrong,-0.05094172154738752
annual_head_weighted_slopes,learned_order_extension,2025-12-31,2026-05-08,3705,nonnegative_high,2026,0.5318082870916604,0,0.49801198787078843,True,regression,0.03480411415635157,0.5526613484567026,True,stable_wrong,-0.022614511858614905,0.49801198787078843,True,regression,0.03480411415635157
annual_head_weighted_slopes,learned_order_extension,2025-12-31,2026-05-15,3710,nonnegative_low,2026,0.5825360644181813,1,0.5637090142568929,True,stable_correct,-0.016073686729231207,0.6032289097135485,True,stable_correct,0.01684883942436141,0.5637090142568929,True,stable_correct,-0.016073686729231207
annual_head_weighted_slopes,learned_order_extension,2025-12-31,2026-05-22,3715,nonnegative_low,2026,0.46841423510238095,1,0.5050517409494192,True,regression,0.0376096463045858,0.4905060386276105,True,stable_wrong,0.022999328766856786,0.5050517409494192,True,regression,0.0376096463045858
annual_head_weighted_slopes,learned_order_extension,2025-12-31,2026-05-29,3720,nonnegative_high,2026,0.4815372831839298,0,0.48909615917761434,True,stable_correct,-0.007336897826134087,0.5042000699528346,True,recovery,-0.02233955544428315,0.48909615917761434,True,stable_correct,-0.007336897826134087
annual_head_weighted_slopes,learned_order_extension,2025-12-31,2026-06-05,3725,nonnegative_high,2026,0.4369112159377588,1,0.4137812365783611,True,stable_wrong,-0.026583459850902214,0.45890941645705324,True,stable_wrong,0.024289959137846706,0.4137812365783611,True,stable_wrong,-0.026583459850902214
annual_head_weighted_slopes,learned_order_extension,2025-12-31,2026-06-12,3730,nonnegative_high,2026,0.40284379270076714,1,0.361384412795672,True,stable_wrong,-0.051234332304324226,0.4233197981875632,True,stable_wrong,0.024035480753571536,0.361384412795672,True,stable_wrong,-0.051234332304324226
annual_head_weighted_slopes,learned_order_extension,2025-12-31,2026-06-26,3739,nonnegative_high,2026,0.48694467532879054,1,0.48578238498545306,True,stable_wrong,-0.0011939894177686594,0.5097056194479422,True,regression,0.022837186572554152,0.48578238498545306,True,stable_wrong,-0.0011939894177686594
annual_head_weighted_slopes,learned_order_extension,2025-12-31,2026-07-03,3744,nonnegative_high,2026,0.4785943356562099,0,0.49019228952696475,True,stable_correct,-0.011235942589478742,0.5013069239658791,True,recovery,-0.022256093893922718,0.49019228952696475,True,stable_correct,-0.011235942589478742
annual_head_weighted_slopes,learned_order_extension,2025-12-31,2026-07-10,3749,nonnegative_high,2026,0.48275977853685426,0,0.4838752558028981,True,stable_correct,-0.0010782594053674877,0.5048804721079576,True,recovery,-0.021847287343001565,0.4838752558028981,True,stable_correct,-0.0010782594053674877
annual_head_weighted_slopes,learned_order_extension,2025-12-31,2026-07-17,3754,negative_high,2026,0.4661244866814294,1,0.48324475733931876,True,stable_wrong,0.0179870829038678,0.48873362277039356,True,stable_wrong,0.02362975523568106,0.48324475733931876,True,stable_wrong,0.0179870829038678
annual_head_weighted_slopes,learned_order_extension,2025-12-31,2026-07-24,3759,negative_high,2026,0.5002425833899947,0,0.486574276555423,True,regression,0.013488115631262565,0.5229543766850218,True,stable_wrong,-0.023238637857323774,0.486574276555423,True,regression,0.013488115631262565
annual_head_weighted_slopes,learned_order_extension,2025-12-31,2026-07-31,3764,negative_high,2026,0.3652307564293882,1,0.42545717214675055,True,stable_wrong,0.07283253154559816,0.38610693644938815,True,stable_wrong,0.0260672991076511,0.42545717214675055,True,stable_wrong,0.07283253154559816
annual_head_weighted_slopes,learned_order_extension,2025-12-31,2026-08-07,3769,negative_high,2026,0.39850880974697783,0,0.4240773181549858,True,stable_correct,-0.021032300327572057,0.4198398488454982,True,stable_correct,-0.0174562272326578,0.4240773181549858,True,stable_correct,-0.021032300327572057
annual_head_weighted_slopes,learned_order_extension,2025-12-31,2026-08-14,3774,negative_high,2026,0.5025135317798018,0,0.47911008879014627,True,regression,0.022973372441308065,0.5252562532816847,True,stable_wrong,-0.02337428198970337,0.47911008879014627,True,regression,0.022973372441308065
annual_head_weighted_slopes,learned_order_extension,2025-12-31,2026-08-21,3779,negative_high,2026,0.48888595428067716,0,0.5012573968171736,True,recovery,-0.012249501571001131,0.510978357662217,True,recovery,-0.022089405706248233,0.5012573968171736,True,recovery,-0.012249501571001131
annual_head_weighted_intercept,learned_order_offset,2025-12-31,2026-01-09,3630,nonnegative_low,2026,0.5493855799382446,0,0.5267078351488758,True,stable_wrong,0.024403371836866028,0.561944051315209,True,stable_wrong,-0.013956601364468912,0.5267078351488758,True,stable_wrong,0.024403371836866028
annual_head_weighted_intercept,learned_order_offset,2025-12-31,2026-01-16,3635,nonnegative_low,2026,0.5649169866451526,0,0.5424641653115964,True,stable_wrong,0.024863831153032534,0.5676941141427725,True,stable_wrong,-0.0031454054321077285,0.5424641653115964,True,stable_wrong,0.024863831153032534
annual_head_weighted_intercept,learned_order_offset,2025-12-31,2026-01-23,3640,negative_low,2026,0.4557562735692738,0,0.4340846412987052,True,stable_correct,0.019284305086325143,0.4335056144854552,True,stable_correct,0.019786663107338592,0.4340846412987052,True,stable_correct,0.019284305086325143
annual_head_weighted_intercept,learned_order_offset,2025-12-31,2026-01-30,3645,nonnegative_low,2026,0.4839675109748525,1,0.4613341944484573,True,stable_wrong,-0.023871320341003477,0.4900450239647767,True,stable_wrong,0.006235452146403808,0.4613341944484573,True,stable_wrong,-0.023871320341003477
annual_head_weighted_intercept,learned_order_offset,2025-12-31,2026-02-06,3650,negative_low,2026,0.5257873551936515,1,0.5032737294444041,True,stable_correct,-0.02185935536583905,0.5640902915170304,True,stable_correct,0.03486035854452449,0.5032737294444041,True,stable_correct,-0.02185935536583905
annual_head_weighted_intercept,learned_order_offset,2025-12-31,2026-02-13,3655,nonnegative_low,2026,0.4742348255161282,0,0.45173679144500495,True,stable_correct,0.02083254098728468,0.5478782066902674,True,recovery,-0.07527185963383085,0.45173679144500495,True,stable_correct,0.02083254098728468
annual_head_weighted_intercept,learned_order_offset,2025-12-31,2026-02-27,3659,nonnegative_low,2026,0.5273061174796801,0,0.5045975896385605,True,stable_wrong,0.023433014062449187,0.5818804391924033,True,stable_wrong,-0.0605331039832499,0.5045975896385605,True,stable_wrong,0.023433014062449187
annual_head_weighted_intercept,learned_order_offset,2025-12-31,2026-03-06,3664,nonnegative_high,2026,0.5384613089925728,1,0.5167794130590537,True,stable_correct,-0.0204841723467033,0.5713713331953131,True,stable_correct,0.029295429290086022,0.5167794130590537,True,stable_correct,-0.0204841723467033
annual_head_weighted_intercept,learned_order_offset,2025-12-31,2026-03-13,3669,nonnegative_low,2026,0.4915946954814912,0,0.4690269999633661,True,stable_correct,0.021679017930904626,0.47555296155453197,True,stable_correct,0.015514725382253902,0.4690269999633661,True,stable_correct,0.021679017930904626
annual_head_weighted_intercept,learned_order_offset,2025-12-31,2026-03-20,3674,nonnegative_low,2026,0.4707168453607456,0,0.4480713028510294,True,stable_correct,0.020806456067753165,0.45287118314971697,True,stable_correct,0.016482039978947594,0.4480713028510294,True,stable_correct,0.020806456067753165
annual_head_weighted_intercept,learned_order_offset,2025-12-31,2026-03-27,3679,negative_high,2026,0.4661071459812274,0,0.4438325262332026,True,stable_correct,0.02026856019221876,0.4869951331326381,True,stable_correct,-0.019908388160110674,0.4438325262332026,True,stable_correct,0.02026856019221876
annual_head_weighted_intercept,learned_order_offset,2025-12-31,2026-04-03,3684,negative_high,2026,0.494392468997545,1,0.4717773274837606,True,stable_wrong,-0.02338021635379972,0.5344345853248864,True,regression,0.03888782006478805,0.4717773274837606,True,stable_wrong,-0.02338021635379972
annual_head_weighted_intercept,learned_order_offset,2025-12-31,2026-04-10,3688,negative_high,2026,0.4663124061091659,1,0.4438002968884842,True,stable_wrong,-0.02453566186835049,0.4677756740927479,True,stable_wrong,0.001559714785558941,0.4438002968884842,True,stable_wrong,-0.02453566186835049
annual_head_weighted_intercept,learned_order_offset,2025-12-31,2026-04-17,3693,negative_high,2026,0.482928318184718,1,0.4602669164556108,True,stable_wrong,-0.023948677337050306,0.5222871549081001,True,regression,0.0391535617694867,0.4602669164556108,True,stable_wrong,-0.023948677337050306
annual_head_weighted_intercept,learned_order_offset,2025-12-31,2026-04-24,3698,nonnegative_high,2026,0.4564201156674168,1,0.4343448920363467,True,stable_wrong,-0.024486610514347862,0.5036335543454317,True,regression,0.049099442279274985,0.4343448920363467,True,stable_wrong,-0.024486610514347862
annual_head_weighted_intercept,learned_order_offset,2025-12-31,2026-05-08,3705,nonnegative_high,2026,0.5192375574913125,0,0.49762210857388967,True,regression,0.021979878168020023,0.5536598002254739,True,stable_wrong,-0.036931533276167605,0.49762210857388967,True,regression,0.021979878168020023
annual_head_weighted_intercept,learned_order_offset,2025-12-31,2026-05-15,3710,nonnegative_low,2026,0.5849674847486352,1,0.5630259037073972,True,stable_correct,-0.01869437211486255,0.6040393436844046,True,stable_correct,0.015467147365997275,0.5630259037073972,True,stable_correct,-0.01869437211486255
annual_head_weighted_intercept,learned_order_offset,2025-12-31,2026-05-22,3715,nonnegative_low,2026,0.5272808862153563,1,0.5050438655177666,True,stable_correct,-0.021518214524255813,0.488257151990499,True,recovery,-0.038417381951536295,0.5050438655177666,True,stable_correct,-0.021518214524255813
annual_head_weighted_intercept,learned_order_offset,2025-12-31,2026-05-29,3720,nonnegative_high,2026,0.5117399142124804,0,0.48902554756900835,True,regression,0.0227317536230284,0.5026462416041677,True,stable_wrong,0.009224495599401528,0.48902554756900835,True,regression,0.0227317536230284
annual_head_weighted_intercept,learned_order_offset,2025-12-31,2026-06-05,3725,nonnegative_high,2026,0.435850874653991,1,0.4139157607784329,True,stable_wrong,-0.025230499835256104,0.4589523227200651,True,stable_wrong,0.025531646538654362,0.4139157607784329,True,stable_wrong,-0.025230499835256104
annual_head_weighted_intercept,learned_order_offset,2025-12-31,2026-06-12,3730,nonnegative_high,2026,0.381896751762951,1,0.36173713655684153,True,stable_wrong,-0.02532785736946891,0.42431728090074344,True,stable_wrong,0.05064103241167739,0.36173713655684153,True,stable_wrong,-0.02532785736946891
annual_head_weighted_intercept,learned_order_offset,2025-12-31,2026-06-26,3739,nonnegative_high,2026,0.5079020015552304,1,0.48519534811444237,True,recovery,-0.022863389529661632,0.5105598026150252,True,stable_correct,0.0026087332571054223,0.48519534811444237,True,recovery,-0.022863389529661632
annual_head_weighted_intercept,learned_order_offset,2025-12-31,2026-07-03,3744,nonnegative_high,2026,0.5127534334777818,0,0.4899947842704179,True,regression,0.022821194931040623,0.5015310915137411,True,stable_wrong,0.011382647788289457,0.4899947842704179,True,regression,0.022821194931040623
annual_head_weighted_intercept,learned_order_offset,2025-12-31,2026-07-10,3749,nonnegative_high,2026,0.5056948689693288,0,0.48332989719207314,True,regression,0.02211951098220663,0.5053181919379043,True,stable_wrong,0.0003808253985139731,0.48332989719207314,True,regression,0.02211951098220663
annual_head_weighted_intercept,learned_order_offset,2025-12-31,2026-07-17,3754,negative_high,2026,0.50557631529059,1,0.4828431648821933,True,recovery,-0.022996412107436193,0.488575926327292,True,recovery,-0.017099803130357416,0.4828431648821933,True,recovery,-0.022996412107436193
annual_head_weighted_intercept,learned_order_offset,2025-12-31,2026-07-24,3759,negative_high,2026,0.5088074093253899,0,0.48604553906921294,True,regression,0.022644713735333083,0.5222840932912057,True,stable_wrong,-0.013895694320602003,0.48604553906921294,True,regression,0.022644713735333083
annual_head_weighted_intercept,learned_order_offset,2025-12-31,2026-07-31,3764,negative_high,2026,0.4479104323649247,1,0.4256339199295458,True,stable_wrong,-0.025093503244015103,0.3854892344310552,True,stable_wrong,-0.0728205903086463,0.4256339199295458,True,stable_wrong,-0.025093503244015103
annual_head_weighted_intercept,learned_order_offset,2025-12-31,2026-08-07,3769,negative_high,2026,0.4454832145513435,0,0.423905703819994,True,stable_correct,0.018759248715873866,0.4194123941683054,True,stable_correct,0.022548538065008367,0.423905703819994,True,stable_correct,0.018759248715873866
annual_head_weighted_intercept,learned_order_offset,2025-12-31,2026-08-14,3774,negative_high,2026,0.5020453090600903,0,0.4792330760731214,True,regression,0.02238515114673542,0.5246600058357203,True,stable_wrong,-0.023218629374296473,0.4792330760731214,True,regression,0.02238515114673542
annual_head_weighted_intercept,learned_order_offset,2025-12-31,2026-08-21,3779,negative_high,2026,0.5235479346734631,0,0.5010878184625182,True,stable_wrong,0.023013438089323213,0.5110638222142753,True,stable_wrong,0.012916209524584388,0.5010878184625182,True,stable_wrong,0.023013438089323213
annual_head_weighted_slopes,learned_order_offset,2025-12-31,2026-01-09,3630,nonnegative_low,2026,0.5394404770531712,0,0.5267078351488758,True,stable_wrong,0.01357488467613771,0.561944051315209,True,stable_wrong,-0.02478508852519723,0.5267078351488758,True,stable_wrong,0.01357488467613771
annual_head_weighted_slopes,learned_order_offset,2025-12-31,2026-01-16,3635,nonnegative_low,2026,0.5452764515239421,0,0.5424641653115964,True,stable_wrong,0.003059037939335041,0.5676941141427725,True,stable_wrong,-0.02495019864580522,0.5424641653115964,True,stable_wrong,0.003059037939335041
annual_head_weighted_slopes,learned_order_offset,2025-12-31,2026-01-23,3640,negative_low,2026,0.4119624457322766,0,0.4340846412987052,True,stable_correct,-0.018716419117706662,0.4335056144854552,True,stable_correct,-0.018214061096693213,0.4340846412987052,True,stable_correct,-0.018716419117706662
annual_head_weighted_slopes,learned_order_offset,2025-12-31,2026-01-30,3645,nonnegative_low,2026,0.4674372653723859,1,0.4613341944484573,True,stable_wrong,-0.0065377837564499774,0.4900450239647767,True,stable_wrong,0.023568988730957308,0.4613341944484573,True,stable_wrong,-0.0065377837564499774
annual_head_weighted_slopes,learned_order_offset,2025-12-31,2026-02-06,3650,negative_low,2026,0.5416224442948909,1,0.5032737294444041,True,stable_correct,-0.03662700428588073,0.5640902915170304,True,stable_correct,0.020092709624482813,0.5032737294444041,True,stable_correct,-0.03662700428588073
annual_head_weighted_slopes,learned_order_offset,2025-12-31,2026-02-13,3655,nonnegative_low,2026,0.5251925098297109,0,0.45173679144500495,True,regression,0.07176104363620306,0.5478782066902674,True,stable_wrong,-0.024343356984912468,0.45173679144500495,True,regression,0.07176104363620306
annual_head_weighted_slopes,learned_order_offset,2025-12-31,2026-02-27,3659,nonnegative_low,2026,0.5595345105428705,0,0.5045975896385605,True,stable_wrong,0.05846014101940461,0.5818804391924033,True,stable_wrong,-0.02550597702629448,0.5045975896385605,True,stable_wrong,0.05846014101940461
annual_head_weighted_slopes,learned_order_offset,2025-12-31,2026-03-06,3664,nonnegative_high,2026,0.5492790427169041,1,0.5167794130590537,True,stable_correct,-0.030352754309362268,0.5713713331953131,True,stable_correct,0.019426847327427055,0.5167794130590537,True,stable_correct,-0.030352754309362268
annual_head_weighted_slopes,learned_order_offset,2025-12-31,2026-03-13,3669,nonnegative_low,2026,0.45307556131917975,0,0.4690269999633661,True,stable_correct,-0.014708862429945624,0.47555296155453197,True,stable_correct,-0.020873154978596348,0.4690269999633661,True,stable_correct,-0.014708862429945624
annual_head_weighted_slopes,learned_order_offset,2025-12-31,2026-03-20,3674,nonnegative_low,2026,0.4305417292623403,0,0.4480713028510294,True,stable_correct,-0.015401711802412593,0.45287118314971697,True,stable_correct,-0.019726127891218165,0.4480713028510294,True,stable_correct,-0.015401711802412593
annual_head_weighted_slopes,learned_order_offset,2025-12-31,2026-03-27,3679,negative_high,2026,0.4652881711965216,0,0.4438325262332026,True,stable_correct,0.01950577091285713,0.4869951331326381,True,stable_correct,-0.020671177439472305,0.4438325262332026,True,stable_correct,0.01950577091285713
annual_head_weighted_slopes,learned_order_offset,2025-12-31,2026-04-03,3684,negative_high,2026,0.5120009672243506,1,0.4717773274837606,True,recovery,-0.040876135770228916,0.5344345853248864,True,stable_correct,0.021391900648358858,0.4717773274837606,True,recovery,-0.040876135770228916
annual_head_weighted_slopes,learned_order_offset,2025-12-31,2026-04-10,3688,negative_high,2026,0.445127063155542,1,0.4438002968884842,True,stable_wrong,-0.001474133698944391,0.4677756740927479,True,stable_wrong,0.02462124295496504,0.4438002968884842,True,stable_wrong,-0.001474133698944391
annual_head_weighted_slopes,learned_order_offset,2025-12-31,2026-04-17,3693,negative_high,2026,0.49974158877357366,1,0.4602669164556108,True,stable_wrong,-0.04105332346954632,0.5222871549081001,True,regression,0.022048915636990685,0.4602669164556108,True,stable_wrong,-0.04105332346954632
annual_head_weighted_slopes,learned_order_offset,2025-12-31,2026-04-24,3698,nonnegative_high,2026,0.48107081908830523,1,0.4343448920363467,True,stable_wrong,-0.05067820636368997,0.5036335543454317,True,regression,0.022907846429932877,0.4343448920363467,True,stable_wrong,-0.05067820636368997
annual_head_weighted_slopes,learned_order_offset,2025-12-31,2026-05-08,3705,nonnegative_high,2026,0.532867497881328,0,0.49762210857388967,True,regression,0.03632000735678312,0.5536598002254739,True,stable_wrong,-0.02259140408740451,0.49762210857388967,True,regression,0.03632000735678312
annual_head_weighted_slopes,learned_order_offset,2025-12-31,2026-05-15,3710,nonnegative_low,2026,0.5834454212885213,1,0.5630259037073972,True,stable_correct,-0.017428643785239367,0.6040393436844046,True,stable_correct,0.01673287569562046,0.5630259037073972,True,stable_correct,-0.017428643785239367
annual_head_weighted_slopes,learned_order_offset,2025-12-31,2026-05-22,3715,nonnegative_low,2026,0.46616556118919217,1,0.5050438655177666,True,regression,0.03999763299885539,0.488257151990499,True,stable_wrong,0.02309846557157491,0.5050438655177666,True,regression,0.03999763299885539
annual_head_weighted_slopes,learned_order_offset,2025-12-31,2026-05-29,3720,nonnegative_high,2026,0.4799732634709735,0,0.48902554756900835,True,stable_correct,-0.00877165252819187,0.5026462416041677,True,recovery,-0.022278910551818742,0.48902554756900835,True,stable_correct,-0.00877165252819187
annual_head_weighted_slopes,learned_order_offset,2025-12-31,2026-06-05,3725,nonnegative_high,2026,0.4369010383869261,1,0.4139157607784329,True,stable_wrong,-0.026414294894200885,0.4589523227200651,True,stable_wrong,0.02434785147970958,0.4139157607784329,True,stable_wrong,-0.026414294894200885
annual_head_weighted_slopes,learned_order_offset,2025-12-31,2026-06-12,3730,nonnegative_high,2026,0.4036815229637118,1,0.36173713655684153,True,stable_wrong,-0.05178375679578179,0.42431728090074344,True,stable_wrong,0.02418513298536451,0.36173713655684153,True,stable_wrong,-0.05178375679578179
annual_head_weighted_slopes,learned_order_offset,2025-12-31,2026-06-26,3739,nonnegative_high,2026,0.4877837729463715,1,0.48519534811444237,True,stable_wrong,-0.0026583663459557316,0.5105598026150252,True,regression,0.022813756440811322,0.48519534811444237,True,stable_wrong,-0.0026583663459557316
annual_head_weighted_slopes,learned_order_offset,2025-12-31,2026-07-03,3744,nonnegative_high,2026,0.47879738796962884,0,0.4899947842704179,True,stable_correct,-0.010847949885674113,0.5015310915137411,True,recovery,-0.02228649702842528,0.4899947842704179,True,stable_correct,-0.010847949885674113
annual_head_weighted_slopes,learned_order_offset,2025-12-31,2026-07-10,3749,nonnegative_high,2026,0.483164351909779,0,0.48332989719207314,True,stable_correct,-0.00015999856330320417,0.5053181919379043,True,recovery,-0.02189868414699586,0.48332989719207314,True,stable_correct,-0.00015999856330320417
annual_head_weighted_slopes,learned_order_offset,2025-12-31,2026-07-17,3754,negative_high,2026,0.46595031624671684,1,0.4828431648821933,True,stable_wrong,0.017757872607915448,0.488575926327292,True,stable_wrong,0.023654481584994225,0.4828431648821933,True,stable_wrong,0.017757872607915448
annual_head_weighted_slopes,learned_order_offset,2025-12-31,2026-07-24,3759,negative_high,2026,0.49956553595561154,0,0.48604553906921294,True,stable_correct,0.013325458665535611,0.5222840932912057,True,recovery,-0.023214949390399475,0.48604553906921294,True,stable_correct,0.013325458665535611
annual_head_weighted_slopes,learned_order_offset,2025-12-31,2026-07-31,3764,negative_high,2026,0.3646775853272315,1,0.4256339199295458,True,stable_wrong,0.07373817665013782,0.3854892344310552,True,stable_wrong,0.02601108958550663,0.4256339199295458,True,stable_wrong,0.07373817665013782
annual_head_weighted_slopes,learned_order_offset,2025-12-31,2026-08-07,3769,negative_high,2026,0.39803515555606567,0,0.423905703819994,True,stable_correct,-0.021264060672583074,0.4194123941683054,True,stable_correct,-0.017474771323448574,0.423905703819994,True,stable_correct,-0.021264060672583074
annual_head_weighted_slopes,learned_order_offset,2025-12-31,2026-08-14,3774,negative_high,2026,0.5019112979742002,0,0.4792330760731214,True,regression,0.02225060983164026,0.5246600058357203,True,stable_wrong,-0.023353170689391634,0.4792330760731214,True,regression,0.02225060983164026
annual_head_weighted_slopes,learned_order_offset,2025-12-31,2026-08-21,3779,negative_high,2026,0.4889926337035879,0,0.5010878184625182,True,recovery,-0.011975205995154226,0.5110638222142753,True,recovery,-0.02207243455989305,0.5010878184625182,True,recovery,-0.011975205995154226
