arm,history,epoch,seed,cutoff,train_n,row_index,date,actual,predicted_return,training_mean
baseline,full,10,20260910,2017-12-31,1678,1687,2018-01-05,0.0214907567286908,-0.0018781998450664,0.0021140284328226
baseline,full,10,20260910,2017-12-31,1678,1692,2018-01-12,0.0110264218031885,0.0072307722784786,0.0021140284328226
baseline,full,10,20260910,2017-12-31,1678,1697,2018-01-19,0.0258577147560612,-0.0012545127382487,0.0021140284328226
baseline,full,10,20260910,2017-12-31,1678,1702,2018-01-26,-0.0416224077172412,0.0009668633839605,0.0021140284328226
baseline,full,10,20260910,2017-12-31,1678,1707,2018-02-02,-0.0851928666225865,0.0030011804915131,0.0021140284328226
baseline,full,10,20260910,2017-12-31,1678,1712,2018-02-09,0.0642518595938403,0.0028462256374014,0.0021140284328226
baseline,full,10,20260910,2017-12-31,1678,1717,2018-02-23,-0.0175257731958763,0.0083954911501185,0.0021140284328226
baseline,full,10,20260910,2017-12-31,1678,1722,2018-03-02,0.0271156686542373,0.0083039367405415,0.0021140284328226
baseline,full,10,20260910,2017-12-31,1678,1727,2018-03-09,-0.0184205620825476,0.0066656242746618,0.0021140284328226
baseline,full,10,20260910,2017-12-31,1678,1732,2018-03-16,-0.0473361252102539,0.0066047887236001,0.0021140284328226
baseline,full,10,20260910,2017-12-31,1678,1737,2018-03-23,0.0088849998317235,-0.0003009899950526,0.0021140284328226
baseline,full,10,20260910,2017-12-31,1678,1742,2018-03-30,-0.0088632053805354,-0.0030010631012237,0.0021140284328226
baseline,full,10,20260910,2017-12-31,1678,1750,2018-04-13,-0.0279044238531301,-0.001706923609293,0.0021140284328226
baseline,full,10,20260910,2017-12-31,1678,1755,2018-04-20,0.0040589236395014,0.0048079237049309,0.0021140284328226
baseline,full,10,20260910,2017-12-31,1678,1760,2018-04-27,0.003344889692912,0.0025646922273266,0.0021140284328226
baseline,full,10,20260910,2017-12-31,1678,1763,2018-05-04,0.0275819951672684,0.0046300048672302,0.0021140284328226
baseline,full,10,20260910,2017-12-31,1678,1768,2018-05-11,0.0099488791752746,0.0073338738721581,0.0021140284328226
baseline,full,10,20260910,2017-12-31,1678,1773,2018-05-18,-0.0278382082465087,0.0092830166356508,0.0021140284328226
baseline,full,10,20260910,2017-12-31,1678,1778,2018-05-25,-0.0081414788300587,0.007799919848339,0.0021140284328226
baseline,full,10,20260910,2017-12-31,1678,1783,2018-06-01,-0.0039575292125362,-0.0010276921038184,0.0021140284328226
baseline,full,10,20260910,2017-12-31,1678,1788,2018-06-08,-0.0179141214945586,-0.0020789203620841,0.0021140284328226
baseline,full,10,20260910,2017-12-31,1678,1793,2018-06-15,-0.0207606943097817,-0.0012958879021604,0.0021140284328226
baseline,full,10,20260910,2017-12-31,1678,1797,2018-06-22,-0.0334657179105301,-0.0023917086931339,0.0021140284328226
baseline,full,10,20260910,2017-12-31,1678,1802,2018-06-29,-0.0358257762964908,-0.0043680567231012,0.0021140284328226
baseline,full,10,20260910,2017-12-31,1678,1807,2018-07-06,0.0325726343702554,-0.0029094795332065,0.0021140284328226
baseline,full,10,20260910,2017-12-31,1678,1812,2018-07-13,-0.0049040261165902,-0.0032554280794442,0.0021140284328226
baseline,full,10,20260910,2017-12-31,1678,1817,2018-07-20,0.014110592016959,-0.0045317305582917,0.0021140284328226
baseline,full,10,20260910,2017-12-31,1678,1822,2018-07-27,-0.0590851640938977,-0.0031075779995814,0.0021140284328226
baseline,full,10,20260910,2017-12-31,1678,1827,2018-08-03,0.0172541822374894,-0.0027993843318313,0.0021140284328226
baseline,full,10,20260910,2017-12-31,1678,1832,2018-08-10,-0.0390981548851923,-0.0030889302935026,0.0021140284328226
baseline,full,10,20260910,2017-12-31,1678,1837,2018-08-17,0.0312424727164923,-0.0024911469264209,0.0021140284328226
baseline,full,10,20260910,2017-12-31,1678,1842,2018-08-24,-0.005599825117761,-0.0024479990618852,0.0021140284328226
baseline,full,10,20260910,2017-12-31,1678,1847,2018-08-31,-0.0148493234839747,-0.0010880551556109,0.0021140284328226
baseline,full,10,20260910,2017-12-31,1678,1852,2018-09-07,-0.0141989007697058,-0.0011060474594777,0.0021140284328226
baseline,full,10,20260910,2017-12-31,1678,1857,2018-09-14,0.0468351251034906,0.0020201766570805,0.0021140284328226
baseline,full,10,20260910,2017-12-31,1678,1862,2018-09-21,-0.00426840285903,-0.0023954484839832,0.0021140284328226
baseline,full,10,20260910,2017-12-31,1678,1866,2018-09-28,-0.055840145646664,-0.0004163516083379,0.0021140284328226
baseline,full,10,20260910,2017-12-31,1678,1871,2018-10-12,-0.0045024181987176,0.0024362315713644,0.0021140284328226
baseline,full,10,20260910,2017-12-31,1678,1876,2018-10-19,-0.0006551545151857,0.0034013156913129,0.0021140284328226
baseline,full,10,20260910,2017-12-31,1678,1881,2018-10-26,0.0354648787486262,0.0012789772051841,0.0021140284328226
baseline,full,10,20260910,2017-12-31,1678,1886,2018-11-02,-0.0334060260531522,0.0020639812768241,0.0021140284328226
baseline,full,10,20260910,2017-12-31,1678,1891,2018-11-09,0.0311810774464045,0.0007678258832737,0.0021140284328226
baseline,full,10,20260910,2017-12-31,1678,1896,2018-11-16,-0.0337916834162372,-0.001011239012157,0.0021140284328226
baseline,full,10,20260910,2017-12-31,1678,1901,2018-11-23,0.0355769261307155,0.0018591155189137,0.0021140284328226
baseline,full,10,20260910,2017-12-31,1678,1906,2018-11-30,-0.0328672765580291,-0.0006914305657386,0.0021140284328226
baseline,full,10,20260910,2017-12-31,1678,1911,2018-12-07,0.0015094243892539,0.0058582261827211,0.0021140284328226
baseline,full,10,20260910,2017-12-31,1678,1916,2018-12-14,-0.0452081512722115,-9.022638347140665e-05,0.0021140284328226
baseline,full,10,20260910,2017-12-31,1678,1921,2018-12-21,0.0005206433427293,0.0020122785993024,0.0021140284328226
baseline,full,10,20260910,2017-12-31,1678,1926,2018-12-28,0.0126215169021599,0.0030811855080148,0.0021140284328226
small,full,10,20260910,2017-12-31,1678,1687,2018-01-05,0.0214907567286908,0.0019738246568759,0.0021140284328226
small,full,10,20260910,2017-12-31,1678,1692,2018-01-12,0.0110264218031885,0.0021438210138436,0.0021140284328226
small,full,10,20260910,2017-12-31,1678,1697,2018-01-19,0.0258577147560612,0.0020577949313133,0.0021140284328226
small,full,10,20260910,2017-12-31,1678,1702,2018-01-26,-0.0416224077172412,0.0020745260360001,0.0021140284328226
small,full,10,20260910,2017-12-31,1678,1707,2018-02-02,-0.0851928666225865,0.0021360664564571,0.0021140284328226
small,full,10,20260910,2017-12-31,1678,1712,2018-02-09,0.0642518595938403,0.002335671469853,0.0021140284328226
small,full,10,20260910,2017-12-31,1678,1717,2018-02-23,-0.0175257731958763,0.0023799658326592,0.0021140284328226
small,full,10,20260910,2017-12-31,1678,1722,2018-03-02,0.0271156686542373,0.0023785423706254,0.0021140284328226
small,full,10,20260910,2017-12-31,1678,1727,2018-03-09,-0.0184205620825476,0.0021581700313577,0.0021140284328226
small,full,10,20260910,2017-12-31,1678,1732,2018-03-16,-0.0473361252102539,0.0020638402546237,0.0021140284328226
small,full,10,20260910,2017-12-31,1678,1737,2018-03-23,0.0088849998317235,0.0019018253579612,0.0021140284328226
small,full,10,20260910,2017-12-31,1678,1742,2018-03-30,-0.0088632053805354,0.0018384366071759,0.0021140284328226
small,full,10,20260910,2017-12-31,1678,1750,2018-04-13,-0.0279044238531301,0.0017221708061237,0.0021140284328226
small,full,10,20260910,2017-12-31,1678,1755,2018-04-20,0.0040589236395014,0.0020218208023941,0.0021140284328226
small,full,10,20260910,2017-12-31,1678,1760,2018-04-27,0.003344889692912,0.0020502627346452,0.0021140284328226
small,full,10,20260910,2017-12-31,1678,1763,2018-05-04,0.0275819951672684,0.0021375204023147,0.0021140284328226
small,full,10,20260910,2017-12-31,1678,1768,2018-05-11,0.0099488791752746,0.002174586012277,0.0021140284328226
small,full,10,20260910,2017-12-31,1678,1773,2018-05-18,-0.0278382082465087,0.0020539670024516,0.0021140284328226
small,full,10,20260910,2017-12-31,1678,1778,2018-05-25,-0.0081414788300587,0.0019769907360863,0.0021140284328226
small,full,10,20260910,2017-12-31,1678,1783,2018-06-01,-0.0039575292125362,0.0017287019101519,0.0021140284328226
small,full,10,20260910,2017-12-31,1678,1788,2018-06-08,-0.0179141214945586,0.001705718874173,0.0021140284328226
small,full,10,20260910,2017-12-31,1678,1793,2018-06-15,-0.0207606943097817,0.0017533934208725,0.0021140284328226
small,full,10,20260910,2017-12-31,1678,1797,2018-06-22,-0.0334657179105301,0.0018895050333996,0.0021140284328226
small,full,10,20260910,2017-12-31,1678,1802,2018-06-29,-0.0358257762964908,0.0019134612323192,0.0021140284328226
small,full,10,20260910,2017-12-31,1678,1807,2018-07-06,0.0325726343702554,0.0018273193996173,0.0021140284328226
small,full,10,20260910,2017-12-31,1678,1812,2018-07-13,-0.0049040261165902,0.0018638142248296,0.0021140284328226
small,full,10,20260910,2017-12-31,1678,1817,2018-07-20,0.014110592016959,0.0017445644329512,0.0021140284328226
small,full,10,20260910,2017-12-31,1678,1822,2018-07-27,-0.0590851640938977,0.0018481759127635,0.0021140284328226
small,full,10,20260910,2017-12-31,1678,1827,2018-08-03,0.0172541822374894,0.0016991404429039,0.0021140284328226
small,full,10,20260910,2017-12-31,1678,1832,2018-08-10,-0.0390981548851923,0.0018219279046258,0.0021140284328226
small,full,10,20260910,2017-12-31,1678,1837,2018-08-17,0.0312424727164923,0.0017093736195718,0.0021140284328226
small,full,10,20260910,2017-12-31,1678,1842,2018-08-24,-0.005599825117761,0.0017996163411356,0.0021140284328226
small,full,10,20260910,2017-12-31,1678,1847,2018-08-31,-0.0148493234839747,0.0017640657413212,0.0021140284328226
small,full,10,20260910,2017-12-31,1678,1852,2018-09-07,-0.0141989007697058,0.0018540469205125,0.0021140284328226
small,full,10,20260910,2017-12-31,1678,1857,2018-09-14,0.0468351251034906,0.0018728155126246,0.0021140284328226
small,full,10,20260910,2017-12-31,1678,1862,2018-09-21,-0.00426840285903,0.0019156352204537,0.0021140284328226
small,full,10,20260910,2017-12-31,1678,1866,2018-09-28,-0.055840145646664,0.0021136421111024,0.0021140284328226
small,full,10,20260910,2017-12-31,1678,1871,2018-10-12,-0.0045024181987176,0.0021241647598419,0.0021140284328226
small,full,10,20260910,2017-12-31,1678,1876,2018-10-19,-0.0006551545151857,0.0021592398644679,0.0021140284328226
small,full,10,20260910,2017-12-31,1678,1881,2018-10-26,0.0354648787486262,0.0019513253997332,0.0021140284328226
small,full,10,20260910,2017-12-31,1678,1886,2018-11-02,-0.0334060260531522,0.0020817675732737,0.0021140284328226
small,full,10,20260910,2017-12-31,1678,1891,2018-11-09,0.0311810774464045,0.0019508797947071,0.0021140284328226
small,full,10,20260910,2017-12-31,1678,1896,2018-11-16,-0.0337916834162372,0.0021864441990322,0.0021140284328226
small,full,10,20260910,2017-12-31,1678,1901,2018-11-23,0.0355769261307155,0.0021578952489549,0.0021140284328226
small,full,10,20260910,2017-12-31,1678,1906,2018-11-30,-0.0328672765580291,0.002036361034111,0.0021140284328226
small,full,10,20260910,2017-12-31,1678,1911,2018-12-07,0.0015094243892539,0.0021701945606633,0.0021140284328226
small,full,10,20260910,2017-12-31,1678,1916,2018-12-14,-0.0452081512722115,0.0019668514269537,0.0021140284328226
small,full,10,20260910,2017-12-31,1678,1921,2018-12-21,0.0005206433427293,0.0020467850660238,0.0021140284328226
small,full,10,20260910,2017-12-31,1678,1926,2018-12-28,0.0126215169021599,0.0020407307687615,0.0021140284328226
dropout,full,10,20260910,2017-12-31,1678,1687,2018-01-05,0.0214907567286908,0.0019770202258723,0.0021140284328226
dropout,full,10,20260910,2017-12-31,1678,1692,2018-01-12,0.0110264218031885,0.0027217949208579,0.0021140284328226
dropout,full,10,20260910,2017-12-31,1678,1697,2018-01-19,0.0258577147560612,0.0020587427221312,0.0021140284328226
dropout,full,10,20260910,2017-12-31,1678,1702,2018-01-26,-0.0416224077172412,0.0014540532054167,0.0021140284328226
dropout,full,10,20260910,2017-12-31,1678,1707,2018-02-02,-0.0851928666225865,0.0016962249578448,0.0021140284328226
dropout,full,10,20260910,2017-12-31,1678,1712,2018-02-09,0.0642518595938403,0.0014772467564978,0.0021140284328226
dropout,full,10,20260910,2017-12-31,1678,1717,2018-02-23,-0.0175257731958763,0.0016989965283298,0.0021140284328226
dropout,full,10,20260910,2017-12-31,1678,1722,2018-03-02,0.0271156686542373,0.0016732743385408,0.0021140284328226
dropout,full,10,20260910,2017-12-31,1678,1727,2018-03-09,-0.0184205620825476,-5.449249414383713e-05,0.0021140284328226
dropout,full,10,20260910,2017-12-31,1678,1732,2018-03-16,-0.0473361252102539,0.0018742866056331,0.0021140284328226
dropout,full,10,20260910,2017-12-31,1678,1737,2018-03-23,0.0088849998317235,0.0013118533464776,0.0021140284328226
dropout,full,10,20260910,2017-12-31,1678,1742,2018-03-30,-0.0088632053805354,0.0005491492895422,0.0021140284328226
dropout,full,10,20260910,2017-12-31,1678,1750,2018-04-13,-0.0279044238531301,0.0011627038384003,0.0021140284328226
dropout,full,10,20260910,2017-12-31,1678,1755,2018-04-20,0.0040589236395014,0.0024202844725214,0.0021140284328226
dropout,full,10,20260910,2017-12-31,1678,1760,2018-04-27,0.003344889692912,0.0025164707113645,0.0021140284328226
dropout,full,10,20260910,2017-12-31,1678,1763,2018-05-04,0.0275819951672684,0.0007110158536853,0.0021140284328226
dropout,full,10,20260910,2017-12-31,1678,1768,2018-05-11,0.0099488791752746,0.0017684725038772,0.0021140284328226
dropout,full,10,20260910,2017-12-31,1678,1773,2018-05-18,-0.0278382082465087,0.0031175394559906,0.0021140284328226
dropout,full,10,20260910,2017-12-31,1678,1778,2018-05-25,-0.0081414788300587,0.0012034428181628,0.0021140284328226
dropout,full,10,20260910,2017-12-31,1678,1783,2018-06-01,-0.0039575292125362,0.0023977805351177,0.0021140284328226
dropout,full,10,20260910,2017-12-31,1678,1788,2018-06-08,-0.0179141214945586,0.0011316964880451,0.0021140284328226
dropout,full,10,20260910,2017-12-31,1678,1793,2018-06-15,-0.0207606943097817,0.000851619288025,0.0021140284328226
dropout,full,10,20260910,2017-12-31,1678,1797,2018-06-22,-0.0334657179105301,-5.027468159356056e-05,0.0021140284328226
dropout,full,10,20260910,2017-12-31,1678,1802,2018-06-29,-0.0358257762964908,0.0003797663643045,0.0021140284328226
dropout,full,10,20260910,2017-12-31,1678,1807,2018-07-06,0.0325726343702554,-0.0008998179853431,0.0021140284328226
dropout,full,10,20260910,2017-12-31,1678,1812,2018-07-13,-0.0049040261165902,-0.0012901719642977,0.0021140284328226
dropout,full,10,20260910,2017-12-31,1678,1817,2018-07-20,0.014110592016959,-0.000718369650998,0.0021140284328226
dropout,full,10,20260910,2017-12-31,1678,1822,2018-07-27,-0.0590851640938977,-0.0008769460606931,0.0021140284328226
dropout,full,10,20260910,2017-12-31,1678,1827,2018-08-03,0.0172541822374894,-0.0011877136234801,0.0021140284328226
dropout,full,10,20260910,2017-12-31,1678,1832,2018-08-10,-0.0390981548851923,-0.0011093151928524,0.0021140284328226
dropout,full,10,20260910,2017-12-31,1678,1837,2018-08-17,0.0312424727164923,-0.000660571216557,0.0021140284328226
dropout,full,10,20260910,2017-12-31,1678,1842,2018-08-24,-0.005599825117761,0.0002997700732451,0.0021140284328226
dropout,full,10,20260910,2017-12-31,1678,1847,2018-08-31,-0.0148493234839747,0.000277351208904,0.0021140284328226
dropout,full,10,20260910,2017-12-31,1678,1852,2018-09-07,-0.0141989007697058,0.0016131985912654,0.0021140284328226
dropout,full,10,20260910,2017-12-31,1678,1857,2018-09-14,0.0468351251034906,0.0019043805319542,0.0021140284328226
dropout,full,10,20260910,2017-12-31,1678,1862,2018-09-21,-0.00426840285903,0.0009104402559475,0.0021140284328226
dropout,full,10,20260910,2017-12-31,1678,1866,2018-09-28,-0.055840145646664,0.0034889318338399,0.0021140284328226
dropout,full,10,20260910,2017-12-31,1678,1871,2018-10-12,-0.0045024181987176,0.0034796894918946,0.0021140284328226
dropout,full,10,20260910,2017-12-31,1678,1876,2018-10-19,-0.0006551545151857,0.0032694093139975,0.0021140284328226
dropout,full,10,20260910,2017-12-31,1678,1881,2018-10-26,0.0354648787486262,0.001318830607775,0.0021140284328226
dropout,full,10,20260910,2017-12-31,1678,1886,2018-11-02,-0.0334060260531522,0.0017659148724021,0.0021140284328226
dropout,full,10,20260910,2017-12-31,1678,1891,2018-11-09,0.0311810774464045,0.0026180571430293,0.0021140284328226
dropout,full,10,20260910,2017-12-31,1678,1896,2018-11-16,-0.0337916834162372,0.0006317971210304,0.0021140284328226
dropout,full,10,20260910,2017-12-31,1678,1901,2018-11-23,0.0355769261307155,0.0024420211508559,0.0021140284328226
dropout,full,10,20260910,2017-12-31,1678,1906,2018-11-30,-0.0328672765580291,0.0011768644581518,0.0021140284328226
dropout,full,10,20260910,2017-12-31,1678,1911,2018-12-07,0.0015094243892539,0.003094159246713,0.0021140284328226
dropout,full,10,20260910,2017-12-31,1678,1916,2018-12-14,-0.0452081512722115,0.0026366161588526,0.0021140284328226
dropout,full,10,20260910,2017-12-31,1678,1921,2018-12-21,0.0005206433427293,0.0017995550697542,0.0021140284328226
dropout,full,10,20260910,2017-12-31,1678,1926,2018-12-28,0.0126215169021599,0.0036600383100582,0.0021140284328226
decay,full,10,20260910,2017-12-31,1678,1687,2018-01-05,0.0214907567286908,-0.0024080846916467,0.0021140284328226
decay,full,10,20260910,2017-12-31,1678,1692,2018-01-12,0.0110264218031885,0.0067908496139242,0.0021140284328226
decay,full,10,20260910,2017-12-31,1678,1697,2018-01-19,0.0258577147560612,-0.0012190481226982,0.0021140284328226
decay,full,10,20260910,2017-12-31,1678,1702,2018-01-26,-0.0416224077172412,-0.0002889033798069,0.0021140284328226
decay,full,10,20260910,2017-12-31,1678,1707,2018-02-02,-0.0851928666225865,0.0010580830237187,0.0021140284328226
decay,full,10,20260910,2017-12-31,1678,1712,2018-02-09,0.0642518595938403,0.0035937539963868,0.0021140284328226
decay,full,10,20260910,2017-12-31,1678,1717,2018-02-23,-0.0175257731958763,0.0076385119773854,0.0021140284328226
decay,full,10,20260910,2017-12-31,1678,1722,2018-03-02,0.0271156686542373,0.0076619730350653,0.0021140284328226
decay,full,10,20260910,2017-12-31,1678,1727,2018-03-09,-0.0184205620825476,0.0061644154286066,0.0021140284328226
decay,full,10,20260910,2017-12-31,1678,1732,2018-03-16,-0.0473361252102539,0.006160157854547,0.0021140284328226
decay,full,10,20260910,2017-12-31,1678,1737,2018-03-23,0.0088849998317235,0.001490301122701,0.0021140284328226
decay,full,10,20260910,2017-12-31,1678,1742,2018-03-30,-0.0088632053805354,-0.0033619915752023,0.0021140284328226
decay,full,10,20260910,2017-12-31,1678,1750,2018-04-13,-0.0279044238531301,-0.0017173782354782,0.0021140284328226
decay,full,10,20260910,2017-12-31,1678,1755,2018-04-20,0.0040589236395014,0.0028812190238421,0.0021140284328226
decay,full,10,20260910,2017-12-31,1678,1760,2018-04-27,0.003344889692912,0.0005200592170769,0.0021140284328226
decay,full,10,20260910,2017-12-31,1678,1763,2018-05-04,0.0275819951672684,0.0051272616401557,0.0021140284328226
decay,full,10,20260910,2017-12-31,1678,1768,2018-05-11,0.0099488791752746,0.0073363006496106,0.0021140284328226
decay,full,10,20260910,2017-12-31,1678,1773,2018-05-18,-0.0278382082465087,0.0079881300691393,0.0021140284328226
decay,full,10,20260910,2017-12-31,1678,1778,2018-05-25,-0.0081414788300587,0.0068101242264667,0.0021140284328226
decay,full,10,20260910,2017-12-31,1678,1783,2018-06-01,-0.0039575292125362,-0.0014031408183107,0.0021140284328226
decay,full,10,20260910,2017-12-31,1678,1788,2018-06-08,-0.0179141214945586,-0.0023536454420517,0.0021140284328226
decay,full,10,20260910,2017-12-31,1678,1793,2018-06-15,-0.0207606943097817,-0.0012601712428202,0.0021140284328226
decay,full,10,20260910,2017-12-31,1678,1797,2018-06-22,-0.0334657179105301,-0.0022536889837599,0.0021140284328226
decay,full,10,20260910,2017-12-31,1678,1802,2018-06-29,-0.0358257762964908,-0.0047644259557248,0.0021140284328226
decay,full,10,20260910,2017-12-31,1678,1807,2018-07-06,0.0325726343702554,-0.0029300212125128,0.0021140284328226
decay,full,10,20260910,2017-12-31,1678,1812,2018-07-13,-0.0049040261165902,-0.0039001693472441,0.0021140284328226
decay,full,10,20260910,2017-12-31,1678,1817,2018-07-20,0.014110592016959,-0.0048548087261604,0.0021140284328226
decay,full,10,20260910,2017-12-31,1678,1822,2018-07-27,-0.0590851640938977,-0.0034286919488894,0.0021140284328226
decay,full,10,20260910,2017-12-31,1678,1827,2018-08-03,0.0172541822374894,-0.0030878138786796,0.0021140284328226
decay,full,10,20260910,2017-12-31,1678,1832,2018-08-10,-0.0390981548851923,-0.0031323975754966,0.0021140284328226
decay,full,10,20260910,2017-12-31,1678,1837,2018-08-17,0.0312424727164923,-0.0021588206732779,0.0021140284328226
decay,full,10,20260910,2017-12-31,1678,1842,2018-08-24,-0.005599825117761,-0.0025575654351864,0.0021140284328226
decay,full,10,20260910,2017-12-31,1678,1847,2018-08-31,-0.0148493234839747,-0.0017105162825578,0.0021140284328226
decay,full,10,20260910,2017-12-31,1678,1852,2018-09-07,-0.0141989007697058,-0.00130029944162,0.0021140284328226
decay,full,10,20260910,2017-12-31,1678,1857,2018-09-14,0.0468351251034906,0.0001994052863421,0.0021140284328226
decay,full,10,20260910,2017-12-31,1678,1862,2018-09-21,-0.00426840285903,-0.0036883178165882,0.0021140284328226
decay,full,10,20260910,2017-12-31,1678,1866,2018-09-28,-0.055840145646664,-0.0020519143449506,0.0021140284328226
decay,full,10,20260910,2017-12-31,1678,1871,2018-10-12,-0.0045024181987176,0.0031091398371457,0.0021140284328226
decay,full,10,20260910,2017-12-31,1678,1876,2018-10-19,-0.0006551545151857,0.0019393659246748,0.0021140284328226
decay,full,10,20260910,2017-12-31,1678,1881,2018-10-26,0.0354648787486262,0.0013387351088944,0.0021140284328226
decay,full,10,20260910,2017-12-31,1678,1886,2018-11-02,-0.0334060260531522,0.0032752386826105,0.0021140284328226
decay,full,10,20260910,2017-12-31,1678,1891,2018-11-09,0.0311810774464045,0.0015073730580755,0.0021140284328226
decay,full,10,20260910,2017-12-31,1678,1896,2018-11-16,-0.0337916834162372,-0.0020615008448488,0.0021140284328226
decay,full,10,20260910,2017-12-31,1678,1901,2018-11-23,0.0355769261307155,-0.000358196203902,0.0021140284328226
decay,full,10,20260910,2017-12-31,1678,1906,2018-11-30,-0.0328672765580291,-0.0011661792318243,0.0021140284328226
decay,full,10,20260910,2017-12-31,1678,1911,2018-12-07,0.0015094243892539,0.005860068907781,0.0021140284328226
decay,full,10,20260910,2017-12-31,1678,1916,2018-12-14,-0.0452081512722115,0.0011776711749966,0.0021140284328226
decay,full,10,20260910,2017-12-31,1678,1921,2018-12-21,0.0005206433427293,-9.336268296804588e-05,0.0021140284328226
decay,full,10,20260910,2017-12-31,1678,1926,2018-12-28,0.0126215169021599,0.0016642539431316,0.0021140284328226
combined,full,10,20260910,2017-12-31,1678,1687,2018-01-05,0.0214907567286908,0.0023087950780012,0.0021140284328226
combined,full,10,20260910,2017-12-31,1678,1692,2018-01-12,0.0110264218031885,0.0023173664997009,0.0021140284328226
combined,full,10,20260910,2017-12-31,1678,1697,2018-01-19,0.0258577147560612,0.0023140781400433,0.0021140284328226
combined,full,10,20260910,2017-12-31,1678,1702,2018-01-26,-0.0416224077172412,0.0023181281258896,0.0021140284328226
combined,full,10,20260910,2017-12-31,1678,1707,2018-02-02,-0.0851928666225865,0.0023276049502913,0.0021140284328226
combined,full,10,20260910,2017-12-31,1678,1712,2018-02-09,0.0642518595938403,0.0023629341005885,0.0021140284328226
combined,full,10,20260910,2017-12-31,1678,1717,2018-02-23,-0.0175257731958763,0.0023870065190864,0.0021140284328226
combined,full,10,20260910,2017-12-31,1678,1722,2018-03-02,0.0271156686542373,0.0023834591297628,0.0021140284328226
combined,full,10,20260910,2017-12-31,1678,1727,2018-03-09,-0.0184205620825476,0.0023758914652763,0.0021140284328226
combined,full,10,20260910,2017-12-31,1678,1732,2018-03-16,-0.0473361252102539,0.0023494176725124,0.0021140284328226
combined,full,10,20260910,2017-12-31,1678,1737,2018-03-23,0.0088849998317235,0.0023098417168977,0.0021140284328226
combined,full,10,20260910,2017-12-31,1678,1742,2018-03-30,-0.0088632053805354,0.0022898801966694,0.0021140284328226
combined,full,10,20260910,2017-12-31,1678,1750,2018-04-13,-0.0279044238531301,0.0022421815445549,0.0021140284328226
combined,full,10,20260910,2017-12-31,1678,1755,2018-04-20,0.0040589236395014,0.00234325966398,0.0021140284328226
combined,full,10,20260910,2017-12-31,1678,1760,2018-04-27,0.003344889692912,0.0022931596652118,0.0021140284328226
combined,full,10,20260910,2017-12-31,1678,1763,2018-05-04,0.0275819951672684,0.0023174430682185,0.0021140284328226
combined,full,10,20260910,2017-12-31,1678,1768,2018-05-11,0.0099488791752746,0.0022943183818627,0.0021140284328226
combined,full,10,20260910,2017-12-31,1678,1773,2018-05-18,-0.0278382082465087,0.0022937632946252,0.0021140284328226
combined,full,10,20260910,2017-12-31,1678,1778,2018-05-25,-0.0081414788300587,0.0022593923276723,0.0021140284328226
combined,full,10,20260910,2017-12-31,1678,1783,2018-06-01,-0.0039575292125362,0.0022911569829133,0.0021140284328226
combined,full,10,20260910,2017-12-31,1678,1788,2018-06-08,-0.0179141214945586,0.0022853690877635,0.0021140284328226
combined,full,10,20260910,2017-12-31,1678,1793,2018-06-15,-0.0207606943097817,0.0023047355383477,0.0021140284328226
combined,full,10,20260910,2017-12-31,1678,1797,2018-06-22,-0.0334657179105301,0.0023172606899067,0.0021140284328226
combined,full,10,20260910,2017-12-31,1678,1802,2018-06-29,-0.0358257762964908,0.002296467380993,0.0021140284328226
combined,full,10,20260910,2017-12-31,1678,1807,2018-07-06,0.0325726343702554,0.0022875511938728,0.0021140284328226
combined,full,10,20260910,2017-12-31,1678,1812,2018-07-13,-0.0049040261165902,0.0022877867532034,0.0021140284328226
combined,full,10,20260910,2017-12-31,1678,1817,2018-07-20,0.014110592016959,0.0022927784517411,0.0021140284328226
combined,full,10,20260910,2017-12-31,1678,1822,2018-07-27,-0.0590851640938977,0.0023163262392132,0.0021140284328226
combined,full,10,20260910,2017-12-31,1678,1827,2018-08-03,0.0172541822374894,0.0022773002073622,0.0021140284328226
combined,full,10,20260910,2017-12-31,1678,1832,2018-08-10,-0.0390981548851923,0.0022977503523606,0.0021140284328226
combined,full,10,20260910,2017-12-31,1678,1837,2018-08-17,0.0312424727164923,0.0022733338311341,0.0021140284328226
combined,full,10,20260910,2017-12-31,1678,1842,2018-08-24,-0.005599825117761,0.0022847796509999,0.0021140284328226
combined,full,10,20260910,2017-12-31,1678,1847,2018-08-31,-0.0148493234839747,0.0022768633553906,0.0021140284328226
combined,full,10,20260910,2017-12-31,1678,1852,2018-09-07,-0.0141989007697058,0.0022934278345024,0.0021140284328226
combined,full,10,20260910,2017-12-31,1678,1857,2018-09-14,0.0468351251034906,0.0022798073638102,0.0021140284328226
combined,full,10,20260910,2017-12-31,1678,1862,2018-09-21,-0.00426840285903,0.002281977237733,0.0021140284328226
combined,full,10,20260910,2017-12-31,1678,1866,2018-09-28,-0.055840145646664,0.0023187476046825,0.0021140284328226
combined,full,10,20260910,2017-12-31,1678,1871,2018-10-12,-0.0045024181987176,0.0023360892280164,0.0021140284328226
combined,full,10,20260910,2017-12-31,1678,1876,2018-10-19,-0.0006551545151857,0.002325223981411,0.0021140284328226
combined,full,10,20260910,2017-12-31,1678,1881,2018-10-26,0.0354648787486262,0.0023234615801224,0.0021140284328226
combined,full,10,20260910,2017-12-31,1678,1886,2018-11-02,-0.0334060260531522,0.0023340690948333,0.0021140284328226
combined,full,10,20260910,2017-12-31,1678,1891,2018-11-09,0.0311810774464045,0.0023395639421369,0.0021140284328226
combined,full,10,20260910,2017-12-31,1678,1896,2018-11-16,-0.0337916834162372,0.0023424508486112,0.0021140284328226
combined,full,10,20260910,2017-12-31,1678,1901,2018-11-23,0.0355769261307155,0.0023382601512013,0.0021140284328226
combined,full,10,20260910,2017-12-31,1678,1906,2018-11-30,-0.0328672765580291,0.0023027129752946,0.0021140284328226
combined,full,10,20260910,2017-12-31,1678,1911,2018-12-07,0.0015094243892539,0.002360528805396,0.0021140284328226
combined,full,10,20260910,2017-12-31,1678,1916,2018-12-14,-0.0452081512722115,0.0023363561271478,0.0021140284328226
combined,full,10,20260910,2017-12-31,1678,1921,2018-12-21,0.0005206433427293,0.0023315859057395,0.0021140284328226
combined,full,10,20260910,2017-12-31,1678,1926,2018-12-28,0.0126215169021599,0.0022895221774125,0.0021140284328226
baseline,full,10,20260910,2018-12-31,1921,1929,2019-01-04,0.0122252589889202,-0.0011872893092643,0.0011463872665226
baseline,full,10,20260910,2018-12-31,1921,1934,2019-01-11,0.0253451899757477,0.0008066279471445,0.0011463872665226
baseline,full,10,20260910,2018-12-31,1921,1939,2019-01-18,0.0101675244727015,0.0003735611440363,0.0011463872665226
baseline,full,10,20260910,2018-12-31,1921,1944,2019-01-25,0.011454456904518,0.0006126432983005,0.0011463872665226
baseline,full,10,20260910,2018-12-31,1921,1949,2019-02-01,0.0390794521900976,0.0008845675890685,0.0011463872665226
baseline,full,10,20260910,2018-12-31,1921,1954,2019-02-15,0.0622114887625429,0.001944519307969,0.0011463872665226
baseline,full,10,20260910,2018-12-31,1921,1959,2019-02-22,0.057941468462044,0.0002651331061689,0.0011463872665226
baseline,full,10,20260910,2018-12-31,1921,1964,2019-03-01,-0.0314720436474369,-0.0001833148682754,0.0011463872665226
baseline,full,10,20260910,2018-12-31,1921,1969,2019-03-08,0.0244706575909257,0.0004414827869362,0.0011463872665226
baseline,full,10,20260910,2018-12-31,1921,1974,2019-03-15,0.0060741040696496,0.0003907552420593,0.0011463872665226
baseline,full,10,20260910,2018-12-31,1921,1979,2019-03-22,0.0330284606666595,0.0007814485204455,0.0011463872665226
baseline,full,10,20260910,2018-12-31,1921,1984,2019-03-29,0.0398136969165658,0.0009408962190082,0.0011463872665226
baseline,full,10,20260910,2018-12-31,1921,1993,2019-04-12,0.0171281082906651,0.001878155450173,0.0011463872665226
baseline,full,10,20260910,2018-12-31,1921,1998,2019-04-19,-0.0555966233394814,0.0030585303458232,0.0011463872665226
baseline,full,10,20260910,2018-12-31,1921,2003,2019-04-26,-0.0566702082338871,0.0038629140474179,0.0011463872665226
baseline,full,10,20260910,2018-12-31,1921,2010,2019-05-10,-0.010887544344571,0.0041183919106416,0.0011463872665226
baseline,full,10,20260910,2018-12-31,1921,2015,2019-05-17,-0.011865534939242,0.0043445616220666,0.0011463872665226
baseline,full,10,20260910,2018-12-31,1921,2020,2019-05-24,0.013363580693648,0.0042793803314037,0.0011463872665226
baseline,full,10,20260910,2018-12-31,1921,2025,2019-05-31,0.0037988139350273,0.0043526540294559,0.0011463872665226
baseline,full,10,20260910,2018-12-31,1921,2034,2019-06-14,0.0497668589441884,0.003867150293705,0.0011463872665226
baseline,full,10,20260910,2018-12-31,1921,2039,2019-06-21,0.0164272438880068,0.0034208718800093,0.0011463872665226
baseline,full,10,20260910,2018-12-31,1921,2044,2019-06-28,-0.0060471927228523,0.0029834524599461,0.0011463872665226
baseline,full,10,20260910,2018-12-31,1921,2049,2019-07-05,-0.0214435915629233,0.0013191296501704,0.0011463872665226
baseline,full,10,20260910,2018-12-31,1921,2054,2019-07-12,0.005500126560918,-0.0011447463169918,0.0011463872665226
baseline,full,10,20260910,2018-12-31,1921,2059,2019-07-19,0.011653336829684,-0.0024650107021365,0.0011463872665226
baseline,full,10,20260910,2018-12-31,1921,2064,2019-07-26,-0.0346117357968243,-0.0026375514559034,0.0011463872665226
baseline,full,10,20260910,2018-12-31,1921,2069,2019-08-02,-0.0205509060495487,-0.0026610353221499,0.0011463872665226
baseline,full,10,20260910,2018-12-31,1921,2074,2019-08-09,0.024167527899843,-0.0026189480781202,0.0011463872665226
baseline,full,10,20260910,2018-12-31,1921,2079,2019-08-16,0.0054416051262971,-0.0026339098947019,0.0011463872665226
baseline,full,10,20260910,2018-12-31,1921,2084,2019-08-23,0.0125999637947373,-0.0030311188242999,0.0011463872665226
baseline,full,10,20260910,2018-12-31,1921,2089,2019-08-30,0.0466047443403643,-0.0028642565608951,0.0011463872665226
baseline,full,10,20260910,2018-12-31,1921,2094,2019-09-06,-0.0140091837144809,-0.0026194029414149,0.0011463872665226
baseline,full,10,20260910,2018-12-31,1921,2103,2019-09-20,-0.021176044981262,-0.0017108958104763,0.0011463872665226
baseline,full,10,20260910,2018-12-31,1921,2108,2019-09-27,0.0267538071924768,-0.0001881188087328,0.0011463872665226
baseline,full,10,20260910,2018-12-31,1921,2113,2019-10-11,-0.0201578763251421,0.0007175462009434,0.0011463872665226
baseline,full,10,20260910,2018-12-31,1921,2118,2019-10-18,0.0102552427470803,0.0017228448560618,0.0011463872665226
baseline,full,10,20260910,2018-12-31,1921,2123,2019-10-25,0.0151165947072713,0.0019641228429698,0.0011463872665226
baseline,full,10,20260910,2018-12-31,1921,2128,2019-11-01,-0.0038824321835717,0.0011574567843191,0.0011463872665226
baseline,full,10,20260910,2018-12-31,1921,2133,2019-11-08,-0.0187863101539271,0.0003220911277504,0.0011463872665226
baseline,full,10,20260910,2018-12-31,1921,2138,2019-11-15,-0.0060576496216228,-0.0012329101508342,0.0011463872665226
baseline,full,10,20260910,2018-12-31,1921,2143,2019-11-22,-0.0040145729517496,-0.0012546429261384,0.0011463872665226
baseline,full,10,20260910,2018-12-31,1921,2148,2019-11-29,0.0192986069649145,0.0008997734024188,0.0011463872665226
baseline,full,10,20260910,2018-12-31,1921,2153,2019-12-06,0.0156489398981463,0.0019885266680174,0.0011463872665226
baseline,full,10,20260910,2018-12-31,1921,2158,2019-12-13,0.0110761047772312,0.0027000322516111,0.0011463872665226
baseline,full,10,20260910,2018-12-31,1921,2163,2019-12-20,0.0002067407446153,0.0024194698723661,0.0011463872665226
baseline,full,10,20260910,2018-12-31,1921,2168,2019-12-27,0.0261485436506356,0.0012732015933561,0.0011463872665226
small,full,10,20260910,2018-12-31,1921,1929,2019-01-04,0.0122252589889202,0.0013107611666459,0.0011463872665226
small,full,10,20260910,2018-12-31,1921,1934,2019-01-11,0.0253451899757477,0.0017365539733779,0.0011463872665226
small,full,10,20260910,2018-12-31,1921,1939,2019-01-18,0.0101675244727015,0.0016476402566867,0.0011463872665226
small,full,10,20260910,2018-12-31,1921,1944,2019-01-25,0.011454456904518,0.0017989789827388,0.0011463872665226
small,full,10,20260910,2018-12-31,1921,1949,2019-02-01,0.0390794521900976,0.0015166439695976,0.0011463872665226
small,full,10,20260910,2018-12-31,1921,1954,2019-02-15,0.0622114887625429,0.0017124822803931,0.0011463872665226
small,full,10,20260910,2018-12-31,1921,1959,2019-02-22,0.057941468462044,0.0013985569174112,0.0011463872665226
small,full,10,20260910,2018-12-31,1921,1964,2019-03-01,-0.0314720436474369,0.0016399396600439,0.0011463872665226
small,full,10,20260910,2018-12-31,1921,1969,2019-03-08,0.0244706575909257,0.0014472380752453,0.0011463872665226
small,full,10,20260910,2018-12-31,1921,1974,2019-03-15,0.0060741040696496,0.0014512969171043,0.0011463872665226
small,full,10,20260910,2018-12-31,1921,1979,2019-03-22,0.0330284606666595,0.0013744658938425,0.0011463872665226
small,full,10,20260910,2018-12-31,1921,1984,2019-03-29,0.0398136969165658,0.0014272647149259,0.0011463872665226
small,full,10,20260910,2018-12-31,1921,1993,2019-04-12,0.0171281082906651,0.0017295429724985,0.0011463872665226
small,full,10,20260910,2018-12-31,1921,1998,2019-04-19,-0.0555966233394814,0.001961843603973,0.0011463872665226
small,full,10,20260910,2018-12-31,1921,2003,2019-04-26,-0.0566702082338871,0.0018243694695464,0.0011463872665226
small,full,10,20260910,2018-12-31,1921,2010,2019-05-10,-0.010887544344571,0.0022048283791118,0.0011463872665226
small,full,10,20260910,2018-12-31,1921,2015,2019-05-17,-0.011865534939242,0.0020291543008669,0.0011463872665226
small,full,10,20260910,2018-12-31,1921,2020,2019-05-24,0.013363580693648,0.0023401057406374,0.0011463872665226
small,full,10,20260910,2018-12-31,1921,2025,2019-05-31,0.0037988139350273,0.0023858113159825,0.0011463872665226
small,full,10,20260910,2018-12-31,1921,2034,2019-06-14,0.0497668589441884,0.0023058798219389,0.0011463872665226
small,full,10,20260910,2018-12-31,1921,2039,2019-06-21,0.0164272438880068,0.0019424432198575,0.0011463872665226
small,full,10,20260910,2018-12-31,1921,2044,2019-06-28,-0.0060471927228523,0.0021474315339189,0.0011463872665226
small,full,10,20260910,2018-12-31,1921,2049,2019-07-05,-0.0214435915629233,0.0017641718744125,0.0011463872665226
small,full,10,20260910,2018-12-31,1921,2054,2019-07-12,0.005500126560918,0.0012365986834703,0.0011463872665226
small,full,10,20260910,2018-12-31,1921,2059,2019-07-19,0.011653336829684,0.0010732613893621,0.0011463872665226
small,full,10,20260910,2018-12-31,1921,2064,2019-07-26,-0.0346117357968243,0.0013538839381604,0.0011463872665226
small,full,10,20260910,2018-12-31,1921,2069,2019-08-02,-0.0205509060495487,0.0015118861847116,0.0011463872665226
small,full,10,20260910,2018-12-31,1921,2074,2019-08-09,0.024167527899843,0.0012381483657686,0.0011463872665226
small,full,10,20260910,2018-12-31,1921,2079,2019-08-16,0.0054416051262971,0.0010512261830638,0.0011463872665226
small,full,10,20260910,2018-12-31,1921,2084,2019-08-23,0.0125999637947373,0.0009632828326439,0.0011463872665226
small,full,10,20260910,2018-12-31,1921,2089,2019-08-30,0.0466047443403643,0.0013871364140103,0.0011463872665226
small,full,10,20260910,2018-12-31,1921,2094,2019-09-06,-0.0140091837144809,0.0013386417589765,0.0011463872665226
small,full,10,20260910,2018-12-31,1921,2103,2019-09-20,-0.021176044981262,0.0015145584512585,0.0011463872665226
small,full,10,20260910,2018-12-31,1921,2108,2019-09-27,0.0267538071924768,0.0014472937993175,0.0011463872665226
small,full,10,20260910,2018-12-31,1921,2113,2019-10-11,-0.0201578763251421,0.0013067660133916,0.0011463872665226
small,full,10,20260910,2018-12-31,1921,2118,2019-10-18,0.0102552427470803,0.0016065310461734,0.0011463872665226
small,full,10,20260910,2018-12-31,1921,2123,2019-10-25,0.0151165947072713,0.0017400815975187,0.0011463872665226
small,full,10,20260910,2018-12-31,1921,2128,2019-11-01,-0.0038824321835717,0.0014939744214794,0.0011463872665226
small,full,10,20260910,2018-12-31,1921,2133,2019-11-08,-0.0187863101539271,0.0016232596615252,0.0011463872665226
small,full,10,20260910,2018-12-31,1921,2138,2019-11-15,-0.0060576496216228,0.0011768781859506,0.0011463872665226
small,full,10,20260910,2018-12-31,1921,2143,2019-11-22,-0.0040145729517496,0.0015869352268134,0.0011463872665226
small,full,10,20260910,2018-12-31,1921,2148,2019-11-29,0.0192986069649145,0.0017090564805866,0.0011463872665226
small,full,10,20260910,2018-12-31,1921,2153,2019-12-06,0.0156489398981463,0.0016131104689536,0.0011463872665226
small,full,10,20260910,2018-12-31,1921,2158,2019-12-13,0.0110761047772312,0.0017088056531253,0.0011463872665226
small,full,10,20260910,2018-12-31,1921,2163,2019-12-20,0.0002067407446153,0.0013638548137012,0.0011463872665226
small,full,10,20260910,2018-12-31,1921,2168,2019-12-27,0.0261485436506356,0.00161552593464,0.0011463872665226
dropout,full,10,20260910,2018-12-31,1921,1929,2019-01-04,0.0122252589889202,-0.0030521376677696,0.0011463872665226
dropout,full,10,20260910,2018-12-31,1921,1934,2019-01-11,0.0253451899757477,-0.0001582322327687,0.0011463872665226
dropout,full,10,20260910,2018-12-31,1921,1939,2019-01-18,0.0101675244727015,0.002233935315849,0.0011463872665226
dropout,full,10,20260910,2018-12-31,1921,1944,2019-01-25,0.011454456904518,0.002466025108452,0.0011463872665226
dropout,full,10,20260910,2018-12-31,1921,1949,2019-02-01,0.0390794521900976,0.002489819370225,0.0011463872665226
dropout,full,10,20260910,2018-12-31,1921,1954,2019-02-15,0.0622114887625429,-0.0002944833689983,0.0011463872665226
dropout,full,10,20260910,2018-12-31,1921,1959,2019-02-22,0.057941468462044,0.002118390525811,0.0011463872665226
dropout,full,10,20260910,2018-12-31,1921,1964,2019-03-01,-0.0314720436474369,-0.0010709480659865,0.0011463872665226
dropout,full,10,20260910,2018-12-31,1921,1969,2019-03-08,0.0244706575909257,0.0017710973671871,0.0011463872665226
dropout,full,10,20260910,2018-12-31,1921,1974,2019-03-15,0.0060741040696496,-0.0022252110209362,0.0011463872665226
dropout,full,10,20260910,2018-12-31,1921,1979,2019-03-22,0.0330284606666595,-0.0001338656308482,0.0011463872665226
dropout,full,10,20260910,2018-12-31,1921,1984,2019-03-29,0.0398136969165658,-0.0021613197632847,0.0011463872665226
dropout,full,10,20260910,2018-12-31,1921,1993,2019-04-12,0.0171281082906651,0.0039186766148103,0.0011463872665226
dropout,full,10,20260910,2018-12-31,1921,1998,2019-04-19,-0.0555966233394814,0.0043118088100061,0.0011463872665226
dropout,full,10,20260910,2018-12-31,1921,2003,2019-04-26,-0.0566702082338871,0.0052425219422154,0.0011463872665226
dropout,full,10,20260910,2018-12-31,1921,2010,2019-05-10,-0.010887544344571,0.0055515590734387,0.0011463872665226
dropout,full,10,20260910,2018-12-31,1921,2015,2019-05-17,-0.011865534939242,0.0053802017164438,0.0011463872665226
dropout,full,10,20260910,2018-12-31,1921,2020,2019-05-24,0.013363580693648,0.0056164956759673,0.0011463872665226
dropout,full,10,20260910,2018-12-31,1921,2025,2019-05-31,0.0037988139350273,0.0056969033826771,0.0011463872665226
dropout,full,10,20260910,2018-12-31,1921,2034,2019-06-14,0.0497668589441884,0.0058429950305387,0.0011463872665226
dropout,full,10,20260910,2018-12-31,1921,2039,2019-06-21,0.0164272438880068,0.0054917047275274,0.0011463872665226
dropout,full,10,20260910,2018-12-31,1921,2044,2019-06-28,-0.0060471927228523,0.004311626731946,0.0011463872665226
dropout,full,10,20260910,2018-12-31,1921,2049,2019-07-05,-0.0214435915629233,-0.000835237287224,0.0011463872665226
dropout,full,10,20260910,2018-12-31,1921,2054,2019-07-12,0.005500126560918,-0.0054050950490676,0.0011463872665226
dropout,full,10,20260910,2018-12-31,1921,2059,2019-07-19,0.011653336829684,-0.0062658778169354,0.0011463872665226
dropout,full,10,20260910,2018-12-31,1921,2064,2019-07-26,-0.0346117357968243,-0.0063239388156353,0.0011463872665226
dropout,full,10,20260910,2018-12-31,1921,2069,2019-08-02,-0.0205509060495487,-0.0064410590344289,0.0011463872665226
dropout,full,10,20260910,2018-12-31,1921,2074,2019-08-09,0.024167527899843,-0.0068179035396359,0.0011463872665226
dropout,full,10,20260910,2018-12-31,1921,2079,2019-08-16,0.0054416051262971,-0.0069178867395553,0.0011463872665226
dropout,full,10,20260910,2018-12-31,1921,2084,2019-08-23,0.0125999637947373,-0.0066247822129182,0.0011463872665226
dropout,full,10,20260910,2018-12-31,1921,2089,2019-08-30,0.0466047443403643,-0.0066656969007895,0.0011463872665226
dropout,full,10,20260910,2018-12-31,1921,2094,2019-09-06,-0.0140091837144809,-0.0057463593332131,0.0011463872665226
dropout,full,10,20260910,2018-12-31,1921,2103,2019-09-20,-0.021176044981262,0.0028450835324284,0.0011463872665226
dropout,full,10,20260910,2018-12-31,1921,2108,2019-09-27,0.0267538071924768,-9.018415291705238e-05,0.0011463872665226
dropout,full,10,20260910,2018-12-31,1921,2113,2019-10-11,-0.0201578763251421,-0.0013018613201649,0.0011463872665226
dropout,full,10,20260910,2018-12-31,1921,2118,2019-10-18,0.0102552427470803,-0.0014148627695242,0.0011463872665226
dropout,full,10,20260910,2018-12-31,1921,2123,2019-10-25,0.0151165947072713,0.0012479899144491,0.0011463872665226
dropout,full,10,20260910,2018-12-31,1921,2128,2019-11-01,-0.0038824321835717,-0.0042977719507475,0.0011463872665226
dropout,full,10,20260910,2018-12-31,1921,2133,2019-11-08,-0.0187863101539271,-0.0037818233474352,0.0011463872665226
dropout,full,10,20260910,2018-12-31,1921,2138,2019-11-15,-0.0060576496216228,-0.0019639506859553,0.0011463872665226
dropout,full,10,20260910,2018-12-31,1921,2143,2019-11-22,-0.0040145729517496,0.0030654420112847,0.0011463872665226
dropout,full,10,20260910,2018-12-31,1921,2148,2019-11-29,0.0192986069649145,-0.0007710508993998,0.0011463872665226
dropout,full,10,20260910,2018-12-31,1921,2153,2019-12-06,0.0156489398981463,0.0030395426793518,0.0011463872665226
dropout,full,10,20260910,2018-12-31,1921,2158,2019-12-13,0.0110761047772312,0.0028744954443853,0.0011463872665226
dropout,full,10,20260910,2018-12-31,1921,2163,2019-12-20,0.0002067407446153,0.0028290599994307,0.0011463872665226
dropout,full,10,20260910,2018-12-31,1921,2168,2019-12-27,0.0261485436506356,-0.0027636565521889,0.0011463872665226
decay,full,10,20260910,2018-12-31,1921,1929,2019-01-04,0.0122252589889202,-0.0011819488690551,0.0011463872665226
decay,full,10,20260910,2018-12-31,1921,1934,2019-01-11,0.0253451899757477,0.0005655195937148,0.0011463872665226
decay,full,10,20260910,2018-12-31,1921,1939,2019-01-18,0.0101675244727015,0.0002396551201235,0.0011463872665226
decay,full,10,20260910,2018-12-31,1921,1944,2019-01-25,0.011454456904518,0.0003727242044235,0.0011463872665226
decay,full,10,20260910,2018-12-31,1921,1949,2019-02-01,0.0390794521900976,0.0004353685702809,0.0011463872665226
decay,full,10,20260910,2018-12-31,1921,1954,2019-02-15,0.0622114887625429,0.0014667090616219,0.0011463872665226
decay,full,10,20260910,2018-12-31,1921,1959,2019-02-22,0.057941468462044,0.0001401350798867,0.0011463872665226
decay,full,10,20260910,2018-12-31,1921,1964,2019-03-01,-0.0314720436474369,-0.0004743870011108,0.0011463872665226
decay,full,10,20260910,2018-12-31,1921,1969,2019-03-08,0.0244706575909257,8.489474245887071e-05,0.0011463872665226
decay,full,10,20260910,2018-12-31,1921,1974,2019-03-15,0.0060741040696496,0.0004294944510919,0.0011463872665226
decay,full,10,20260910,2018-12-31,1921,1979,2019-03-22,0.0330284606666595,0.0007096870050183,0.0011463872665226
decay,full,10,20260910,2018-12-31,1921,1984,2019-03-29,0.0398136969165658,0.0011252711686456,0.0011463872665226
decay,full,10,20260910,2018-12-31,1921,1993,2019-04-12,0.0171281082906651,0.0017626842214411,0.0011463872665226
decay,full,10,20260910,2018-12-31,1921,1998,2019-04-19,-0.0555966233394814,0.0027419244752156,0.0011463872665226
decay,full,10,20260910,2018-12-31,1921,2003,2019-04-26,-0.0566702082338871,0.0035815835332706,0.0011463872665226
decay,full,10,20260910,2018-12-31,1921,2010,2019-05-10,-0.010887544344571,0.0038285501874431,0.0011463872665226
decay,full,10,20260910,2018-12-31,1921,2015,2019-05-17,-0.011865534939242,0.0039970296933986,0.0011463872665226
decay,full,10,20260910,2018-12-31,1921,2020,2019-05-24,0.013363580693648,0.0038919098125571,0.0011463872665226
decay,full,10,20260910,2018-12-31,1921,2025,2019-05-31,0.0037988139350273,0.004039169813074,0.0011463872665226
decay,full,10,20260910,2018-12-31,1921,2034,2019-06-14,0.0497668589441884,0.0036177122008824,0.0011463872665226
decay,full,10,20260910,2018-12-31,1921,2039,2019-06-21,0.0164272438880068,0.0030037985216652,0.0011463872665226
decay,full,10,20260910,2018-12-31,1921,2044,2019-06-28,-0.0060471927228523,0.002577514624078,0.0011463872665226
decay,full,10,20260910,2018-12-31,1921,2049,2019-07-05,-0.0214435915629233,0.0011738180632687,0.0011463872665226
decay,full,10,20260910,2018-12-31,1921,2054,2019-07-12,0.005500126560918,-0.0008502794128408,0.0011463872665226
decay,full,10,20260910,2018-12-31,1921,2059,2019-07-19,0.011653336829684,-0.0020892062321184,0.0011463872665226
decay,full,10,20260910,2018-12-31,1921,2064,2019-07-26,-0.0346117357968243,-0.0021312403792655,0.0011463872665226
decay,full,10,20260910,2018-12-31,1921,2069,2019-08-02,-0.0205509060495487,-0.0021320428059045,0.0011463872665226
decay,full,10,20260910,2018-12-31,1921,2074,2019-08-09,0.024167527899843,-0.0021993167774546,0.0011463872665226
decay,full,10,20260910,2018-12-31,1921,2079,2019-08-16,0.0054416051262971,-0.0022526092336188,0.0011463872665226
decay,full,10,20260910,2018-12-31,1921,2084,2019-08-23,0.0125999637947373,-0.0026435372444738,0.0011463872665226
decay,full,10,20260910,2018-12-31,1921,2089,2019-08-30,0.0466047443403643,-0.0025316939708672,0.0011463872665226
decay,full,10,20260910,2018-12-31,1921,2094,2019-09-06,-0.0140091837144809,-0.002300301959797,0.0011463872665226
decay,full,10,20260910,2018-12-31,1921,2103,2019-09-20,-0.021176044981262,-0.0015651762832672,0.0011463872665226
decay,full,10,20260910,2018-12-31,1921,2108,2019-09-27,0.0267538071924768,-0.0004761839987328,0.0011463872665226
decay,full,10,20260910,2018-12-31,1921,2113,2019-10-11,-0.0201578763251421,0.000482092776134,0.0011463872665226
decay,full,10,20260910,2018-12-31,1921,2118,2019-10-18,0.0102552427470803,0.0014951201249957,0.0011463872665226
decay,full,10,20260910,2018-12-31,1921,2123,2019-10-25,0.0151165947072713,0.0016556786822453,0.0011463872665226
decay,full,10,20260910,2018-12-31,1921,2128,2019-11-01,-0.0038824321835717,0.0014101150302329,0.0011463872665226
decay,full,10,20260910,2018-12-31,1921,2133,2019-11-08,-0.0187863101539271,0.0005228206846588,0.0011463872665226
decay,full,10,20260910,2018-12-31,1921,2138,2019-11-15,-0.0060576496216228,-0.0010046506346031,0.0011463872665226
decay,full,10,20260910,2018-12-31,1921,2143,2019-11-22,-0.0040145729517496,-0.0008608071972475,0.0011463872665226
decay,full,10,20260910,2018-12-31,1921,2148,2019-11-29,0.0192986069649145,0.000710142532024,0.0011463872665226
decay,full,10,20260910,2018-12-31,1921,2153,2019-12-06,0.0156489398981463,0.0017927121678552,0.0011463872665226
decay,full,10,20260910,2018-12-31,1921,2158,2019-12-13,0.0110761047772312,0.0025525053286405,0.0011463872665226
decay,full,10,20260910,2018-12-31,1921,2163,2019-12-20,0.0002067407446153,0.0020658444680127,0.0011463872665226
decay,full,10,20260910,2018-12-31,1921,2168,2019-12-27,0.0261485436506356,0.0010471217248986,0.0011463872665226
combined,full,10,20260910,2018-12-31,1921,1929,2019-01-04,0.0122252589889202,0.0003612731979698,0.0011463872665226
combined,full,10,20260910,2018-12-31,1921,1934,2019-01-11,0.0253451899757477,0.0013556628358295,0.0011463872665226
combined,full,10,20260910,2018-12-31,1921,1939,2019-01-18,0.0101675244727015,0.001692120676774,0.0011463872665226
combined,full,10,20260910,2018-12-31,1921,1944,2019-01-25,0.011454456904518,0.0020004173830306,0.0011463872665226
combined,full,10,20260910,2018-12-31,1921,1949,2019-02-01,0.0390794521900976,0.0015837652323009,0.0011463872665226
combined,full,10,20260910,2018-12-31,1921,1954,2019-02-15,0.0622114887625429,0.0015437020303757,0.0011463872665226
combined,full,10,20260910,2018-12-31,1921,1959,2019-02-22,0.057941468462044,0.0012827808379054,0.0011463872665226
combined,full,10,20260910,2018-12-31,1921,1964,2019-03-01,-0.0314720436474369,-5.513540860331741e-06,0.0011463872665226
combined,full,10,20260910,2018-12-31,1921,1969,2019-03-08,0.0244706575909257,0.0013066216285872,0.0011463872665226
combined,full,10,20260910,2018-12-31,1921,1974,2019-03-15,0.0060741040696496,9.26102725999343e-05,0.0011463872665226
combined,full,10,20260910,2018-12-31,1921,1979,2019-03-22,0.0330284606666595,5.763192682701557e-05,0.0011463872665226
combined,full,10,20260910,2018-12-31,1921,1984,2019-03-29,0.0398136969165658,0.0001837239701287,0.0011463872665226
combined,full,10,20260910,2018-12-31,1921,1993,2019-04-12,0.0171281082906651,0.0018215343172501,0.0011463872665226
combined,full,10,20260910,2018-12-31,1921,1998,2019-04-19,-0.0555966233394814,0.0018036635105196,0.0011463872665226
combined,full,10,20260910,2018-12-31,1921,2003,2019-04-26,-0.0566702082338871,0.0023407322838526,0.0011463872665226
combined,full,10,20260910,2018-12-31,1921,2010,2019-05-10,-0.010887544344571,0.0023928895729133,0.0011463872665226
combined,full,10,20260910,2018-12-31,1921,2015,2019-05-17,-0.011865534939242,0.0023470757020513,0.0011463872665226
combined,full,10,20260910,2018-12-31,1921,2020,2019-05-24,0.013363580693648,0.0023950943103466,0.0011463872665226
combined,full,10,20260910,2018-12-31,1921,2025,2019-05-31,0.0037988139350273,0.0024483723861052,0.0011463872665226
combined,full,10,20260910,2018-12-31,1921,2034,2019-06-14,0.0497668589441884,0.0022712273582833,0.0011463872665226
combined,full,10,20260910,2018-12-31,1921,2039,2019-06-21,0.0164272438880068,0.0021869534241873,0.0011463872665226
combined,full,10,20260910,2018-12-31,1921,2044,2019-06-28,-0.0060471927228523,0.0020631984180515,0.0011463872665226
combined,full,10,20260910,2018-12-31,1921,2049,2019-07-05,-0.0214435915629233,0.0020093836213042,0.0011463872665226
combined,full,10,20260910,2018-12-31,1921,2054,2019-07-12,0.005500126560918,0.0008680974062002,0.0011463872665226
combined,full,10,20260910,2018-12-31,1921,2059,2019-07-19,0.011653336829684,-0.0002973386538627,0.0011463872665226
combined,full,10,20260910,2018-12-31,1921,2064,2019-07-26,-0.0346117357968243,-0.0003660079672413,0.0011463872665226
combined,full,10,20260910,2018-12-31,1921,2069,2019-08-02,-0.0205509060495487,-0.0002806051712966,0.0011463872665226
combined,full,10,20260910,2018-12-31,1921,2074,2019-08-09,0.024167527899843,-0.0001440825772545,0.0011463872665226
combined,full,10,20260910,2018-12-31,1921,2079,2019-08-16,0.0054416051262971,-0.0003499445009632,0.0011463872665226
combined,full,10,20260910,2018-12-31,1921,2084,2019-08-23,0.0125999637947373,-0.0005333368195025,0.0011463872665226
combined,full,10,20260910,2018-12-31,1921,2089,2019-08-30,0.0466047443403643,-0.0005925709274534,0.0011463872665226
combined,full,10,20260910,2018-12-31,1921,2094,2019-09-06,-0.0140091837144809,-0.0003956603638293,0.0011463872665226
combined,full,10,20260910,2018-12-31,1921,2103,2019-09-20,-0.021176044981262,-0.0002227052331407,0.0011463872665226
combined,full,10,20260910,2018-12-31,1921,2108,2019-09-27,0.0267538071924768,2.112498909771429e-06,0.0011463872665226
combined,full,10,20260910,2018-12-31,1921,2113,2019-10-11,-0.0201578763251421,0.0002299094085508,0.0011463872665226
combined,full,10,20260910,2018-12-31,1921,2118,2019-10-18,0.0102552427470803,0.0002440519844807,0.0011463872665226
combined,full,10,20260910,2018-12-31,1921,2123,2019-10-25,0.0151165947072713,0.0003573637740572,0.0011463872665226
combined,full,10,20260910,2018-12-31,1921,2128,2019-11-01,-0.0038824321835717,-0.0001368441447277,0.0011463872665226
combined,full,10,20260910,2018-12-31,1921,2133,2019-11-08,-0.0187863101539271,-0.0002847876569901,0.0011463872665226
combined,full,10,20260910,2018-12-31,1921,2138,2019-11-15,-0.0060576496216228,-0.0003973543756227,0.0011463872665226
combined,full,10,20260910,2018-12-31,1921,2143,2019-11-22,-0.0040145729517496,6.44887255097776e-05,0.0011463872665226
combined,full,10,20260910,2018-12-31,1921,2148,2019-11-29,0.0192986069649145,0.0003166349252752,0.0011463872665226
combined,full,10,20260910,2018-12-31,1921,2153,2019-12-06,0.0156489398981463,0.0021488783133526,0.0011463872665226
combined,full,10,20260910,2018-12-31,1921,2158,2019-12-13,0.0110761047772312,0.0019378315343626,0.0011463872665226
combined,full,10,20260910,2018-12-31,1921,2163,2019-12-20,0.0002067407446153,0.0017560838364541,0.0011463872665226
combined,full,10,20260910,2018-12-31,1921,2168,2019-12-27,0.0261485436506356,0.0002310291996821,0.0011463872665226
baseline,full,10,20260910,2019-12-31,2165,2172,2020-01-03,0.0112631415452417,-0.005753428882276,0.0017267351812499
baseline,full,10,20260910,2019-12-31,2165,2177,2020-01-10,0.000914342213572,0.0043459747785869,0.0017267351812499
baseline,full,10,20260910,2019-12-31,2165,2182,2020-01-17,-0.0715388636069378,-0.0066010934851451,0.0017267351812499
baseline,full,10,20260910,2019-12-31,2165,2191,2020-02-07,0.0328687599583719,-0.0119997854277039,0.0017267351812499
baseline,full,10,20260910,2019-12-31,2165,2196,2020-02-14,0.0330503919092921,-0.004375836872278,0.0017267351812499
baseline,full,10,20260910,2019-12-31,2165,2201,2020-02-21,-0.0394497366790582,-0.0042465452889088,0.0017267351812499
baseline,full,10,20260910,2019-12-31,2165,2206,2020-02-28,0.0237449733423367,0.0100018202450054,0.0017267351812499
baseline,full,10,20260910,2019-12-31,2165,2211,2020-03-06,-0.040171495515717,0.0133319101491452,0.0017267351812499
baseline,full,10,20260910,2019-12-31,2165,2216,2020-03-13,-0.0915879031554979,0.0129896371607877,0.0017267351812499
baseline,full,10,20260910,2019-12-31,2165,2221,2020-03-20,0.0323992006051916,0.0113463386043458,0.0017267351812499
baseline,full,10,20260910,2019-12-31,2165,2226,2020-03-27,0.0334795185729988,0.0148081341114366,0.0017267351812499
baseline,full,10,20260910,2019-12-31,2165,2231,2020-04-03,-0.0074604950911528,0.0118023474308068,0.0017267351812499
baseline,full,10,20260910,2019-12-31,2165,2235,2020-04-10,0.0249886051960306,0.0098653973699948,0.0017267351812499
baseline,full,10,20260910,2019-12-31,2165,2240,2020-04-17,-0.009736156402615,0.0098787984313585,0.0017267351812499
baseline,full,10,20260910,2019-12-31,2165,2245,2020-04-24,0.0437865347345864,0.0162071850500549,0.0017267351812499
baseline,full,10,20260910,2019-12-31,2165,2252,2020-05-08,-0.0151204097857481,0.0183469470407926,0.0017267351812499
baseline,full,10,20260910,2019-12-31,2165,2257,2020-05-15,-0.022055555271722,0.0063869177876554,0.0017267351812499
baseline,full,10,20260910,2019-12-31,2165,2262,2020-05-22,0.0191755130187654,-0.0083884754288465,0.0017267351812499
baseline,full,10,20260910,2019-12-31,2165,2267,2020-05-29,0.0312374254497365,-0.0021601211751141,0.0017267351812499
baseline,full,10,20260910,2019-12-31,2165,2272,2020-06-05,-0.010100382492339,-0.0159902626515568,0.0017267351812499
baseline,full,10,20260910,2019-12-31,2165,2277,2020-06-12,0.0287574347785699,-0.0092081722170852,0.0017267351812499
baseline,full,10,20260910,2019-12-31,2165,2282,2020-06-19,0.0898838562932122,0.0029818584439045,0.0017267351812499
baseline,full,10,20260910,2019-12-31,2165,2290,2020-07-03,0.0619282952028859,-0.0023740616825655,0.0017267351812499
baseline,full,10,20260910,2019-12-31,2165,2295,2020-07-10,-0.0306112766401609,-0.0021121291295902,0.0017267351812499
baseline,full,10,20260910,2019-12-31,2165,2300,2020-07-17,-0.0135277995301487,-0.0160695173934999,0.0017267351812499
baseline,full,10,20260910,2019-12-31,2165,2305,2020-07-24,0.0442975869953978,-0.0164216090944244,0.0017267351812499
baseline,full,10,20260910,2019-12-31,2165,2310,2020-07-31,-0.0114318292193668,-0.013648241687309,0.0017267351812499
baseline,full,10,20260910,2019-12-31,2165,2315,2020-08-07,0.0096886640921363,0.0026727938288925,0.0017267351812499
baseline,full,10,20260910,2019-12-31,2165,2320,2020-08-14,0.0040785933083991,0.0087597262926108,0.0017267351812499
baseline,full,10,20260910,2019-12-31,2165,2325,2020-08-21,0.0262367267824037,0.0124839580792684,0.0017267351812499
baseline,full,10,20260910,2019-12-31,2165,2330,2020-08-28,-0.0228724288790846,0.0125802753507319,0.0017267351812499
baseline,full,10,20260910,2019-12-31,2165,2335,2020-09-04,-0.0225800080680405,0.0085965953590008,0.0017267351812499
baseline,full,10,20260910,2019-12-31,2165,2340,2020-09-11,0.0212164529615974,0.0100168845711356,0.0017267351812499
baseline,full,10,20260910,2019-12-31,2165,2345,2020-09-18,-0.035383886754723,0.0072552154009374,0.0017267351812499
baseline,full,10,20260910,2019-12-31,2165,2350,2020-09-25,0.0267399866889246,0.0088089029307737,0.0017267351812499
baseline,full,10,20260910,2019-12-31,2165,2354,2020-10-09,0.0251424490828213,0.0075721350299582,0.0017267351812499
baseline,full,10,20260910,2019-12-31,2165,2359,2020-10-16,-0.0289085288867603,0.0066584171899019,0.0017267351812499
baseline,full,10,20260910,2019-12-31,2165,2364,2020-10-23,0.0039922716452642,0.0048239339528037,0.0017267351812499
baseline,full,10,20260910,2019-12-31,2165,2369,2020-10-30,0.0459539631066927,0.0018103248811651,0.0017267351812499
baseline,full,10,20260910,2019-12-31,2165,2374,2020-11-06,-0.0077050373460516,0.0009057265500684,0.0017267351812499
baseline,full,10,20260910,2019-12-31,2165,2379,2020-11-13,0.0150871959614502,-0.0002689328729801,0.0017267351812499
baseline,full,10,20260910,2019-12-31,2165,2384,2020-11-20,0.0079744076212002,-0.0040268202771427,0.0017267351812499
baseline,full,10,20260910,2019-12-31,2165,2389,2020-11-27,0.0143408935726285,-0.0127120891131933,0.0017267351812499
baseline,full,10,20260910,2019-12-31,2165,2394,2020-12-04,-0.0319993367194855,-0.0131247352557901,0.0017267351812499
baseline,full,10,20260910,2019-12-31,2165,2399,2020-12-11,0.018788122268605,-0.0134248086148743,0.0017267351812499
baseline,full,10,20260910,2019-12-31,2165,2404,2020-12-18,0.0094440085192242,-0.0129904099229215,0.0017267351812499
small,full,10,20260910,2019-12-31,2165,2172,2020-01-03,0.0112631415452417,0.0006795789143722,0.0017267351812499
small,full,10,20260910,2019-12-31,2165,2177,2020-01-10,0.000914342213572,0.0031892187480339,0.0017267351812499
small,full,10,20260910,2019-12-31,2165,2182,2020-01-17,-0.0715388636069378,0.0026561693129398,0.0017267351812499
small,full,10,20260910,2019-12-31,2165,2191,2020-02-07,0.0328687599583719,0.0036372782765822,0.0017267351812499
small,full,10,20260910,2019-12-31,2165,2196,2020-02-14,0.0330503919092921,0.0020100513895655,0.0017267351812499
small,full,10,20260910,2019-12-31,2165,2201,2020-02-21,-0.0394497366790582,0.0008668086160241,0.0017267351812499
small,full,10,20260910,2019-12-31,2165,2206,2020-02-28,0.0237449733423367,0.0019756879285091,0.0017267351812499
small,full,10,20260910,2019-12-31,2165,2211,2020-03-06,-0.040171495515717,0.00140673962228,0.0017267351812499
small,full,10,20260910,2019-12-31,2165,2216,2020-03-13,-0.0915879031554979,0.0047722349454912,0.0017267351812499
small,full,10,20260910,2019-12-31,2165,2221,2020-03-20,0.0323992006051916,0.0004913824180971,0.0017267351812499
small,full,10,20260910,2019-12-31,2165,2226,2020-03-27,0.0334795185729988,0.0016879471210855,0.0017267351812499
small,full,10,20260910,2019-12-31,2165,2231,2020-04-03,-0.0074604950911528,0.0010493368694884,0.0017267351812499
small,full,10,20260910,2019-12-31,2165,2235,2020-04-10,0.0249886051960306,0.0015222721429178,0.0017267351812499
small,full,10,20260910,2019-12-31,2165,2240,2020-04-17,-0.009736156402615,0.0017217134782225,0.0017267351812499
small,full,10,20260910,2019-12-31,2165,2245,2020-04-24,0.0437865347345864,0.0025635708711689,0.0017267351812499
small,full,10,20260910,2019-12-31,2165,2252,2020-05-08,-0.0151204097857481,-0.0001817782827242,0.0017267351812499
small,full,10,20260910,2019-12-31,2165,2257,2020-05-15,-0.022055555271722,-0.0004824639377438,0.0017267351812499
small,full,10,20260910,2019-12-31,2165,2262,2020-05-22,0.0191755130187654,-0.0016352941096124,0.0017267351812499
small,full,10,20260910,2019-12-31,2165,2267,2020-05-29,0.0312374254497365,-0.0005527223689113,0.0017267351812499
small,full,10,20260910,2019-12-31,2165,2272,2020-06-05,-0.010100382492339,0.0037077578024054,0.0017267351812499
small,full,10,20260910,2019-12-31,2165,2277,2020-06-12,0.0287574347785699,0.0021607264084991,0.0017267351812499
small,full,10,20260910,2019-12-31,2165,2282,2020-06-19,0.0898838562932122,0.0023352729470907,0.0017267351812499
small,full,10,20260910,2019-12-31,2165,2290,2020-07-03,0.0619282952028859,0.0008019023897798,0.0017267351812499
small,full,10,20260910,2019-12-31,2165,2295,2020-07-10,-0.0306112766401609,-0.0004288963948811,0.0017267351812499
small,full,10,20260910,2019-12-31,2165,2300,2020-07-17,-0.0135277995301487,-0.0004697138528916,0.0017267351812499
small,full,10,20260910,2019-12-31,2165,2305,2020-07-24,0.0442975869953978,-0.0005755990725063,0.0017267351812499
small,full,10,20260910,2019-12-31,2165,2310,2020-07-31,-0.0114318292193668,0.0012361339970287,0.0017267351812499
small,full,10,20260910,2019-12-31,2165,2315,2020-08-07,0.0096886640921363,0.0011502864695876,0.0017267351812499
small,full,10,20260910,2019-12-31,2165,2320,2020-08-14,0.0040785933083991,-0.0005020007054699,0.0017267351812499
small,full,10,20260910,2019-12-31,2165,2325,2020-08-21,0.0262367267824037,-0.0002153402756533,0.0017267351812499
small,full,10,20260910,2019-12-31,2165,2330,2020-08-28,-0.0228724288790846,0.0002524950270207,0.0017267351812499
small,full,10,20260910,2019-12-31,2165,2335,2020-09-04,-0.0225800080680405,0.001198897788935,0.0017267351812499
small,full,10,20260910,2019-12-31,2165,2340,2020-09-11,0.0212164529615974,0.0033335513612773,0.0017267351812499
small,full,10,20260910,2019-12-31,2165,2345,2020-09-18,-0.035383886754723,0.0036616655006238,0.0017267351812499
small,full,10,20260910,2019-12-31,2165,2350,2020-09-25,0.0267399866889246,0.0039757614475991,0.0017267351812499
small,full,10,20260910,2019-12-31,2165,2354,2020-10-09,0.0251424490828213,0.0031013071393467,0.0017267351812499
small,full,10,20260910,2019-12-31,2165,2359,2020-10-16,-0.0289085288867603,0.0028186747640544,0.0017267351812499
small,full,10,20260910,2019-12-31,2165,2364,2020-10-23,0.0039922716452642,0.0042759583207953,0.0017267351812499
small,full,10,20260910,2019-12-31,2165,2369,2020-10-30,0.0459539631066927,0.0047705250882128,0.0017267351812499
small,full,10,20260910,2019-12-31,2165,2374,2020-11-06,-0.0077050373460516,0.0027232505523661,0.0017267351812499
small,full,10,20260910,2019-12-31,2165,2379,2020-11-13,0.0150871959614502,0.0037603233864851,0.0017267351812499
small,full,10,20260910,2019-12-31,2165,2384,2020-11-20,0.0079744076212002,0.0027224329856469,0.0017267351812499
small,full,10,20260910,2019-12-31,2165,2389,2020-11-27,0.0143408935726285,0.0035878390060996,0.0017267351812499
small,full,10,20260910,2019-12-31,2165,2394,2020-12-04,-0.0319993367194855,0.0025801469814576,0.0017267351812499
small,full,10,20260910,2019-12-31,2165,2399,2020-12-11,0.018788122268605,0.0015125449945267,0.0017267351812499
small,full,10,20260910,2019-12-31,2165,2404,2020-12-18,0.0094440085192242,0.0021213356813353,0.0017267351812499
dropout,full,10,20260910,2019-12-31,2165,2172,2020-01-03,0.0112631415452417,0.0058515531222913,0.0017267351812499
dropout,full,10,20260910,2019-12-31,2165,2177,2020-01-10,0.000914342213572,0.0021843650754853,0.0017267351812499
dropout,full,10,20260910,2019-12-31,2165,2182,2020-01-17,-0.0715388636069378,0.0010078091503906,0.0017267351812499
dropout,full,10,20260910,2019-12-31,2165,2191,2020-02-07,0.0328687599583719,0.0035870735262923,0.0017267351812499
dropout,full,10,20260910,2019-12-31,2165,2196,2020-02-14,0.0330503919092921,0.0042869776696491,0.0017267351812499
dropout,full,10,20260910,2019-12-31,2165,2201,2020-02-21,-0.0394497366790582,0.0041602416416056,0.0017267351812499
dropout,full,10,20260910,2019-12-31,2165,2206,2020-02-28,0.0237449733423367,0.0052088659022739,0.0017267351812499
dropout,full,10,20260910,2019-12-31,2165,2211,2020-03-06,-0.040171495515717,0.0015692752513866,0.0017267351812499
dropout,full,10,20260910,2019-12-31,2165,2216,2020-03-13,-0.0915879031554979,0.0040029048824542,0.0017267351812499
dropout,full,10,20260910,2019-12-31,2165,2221,2020-03-20,0.0323992006051916,0.0037687790483013,0.0017267351812499
dropout,full,10,20260910,2019-12-31,2165,2226,2020-03-27,0.0334795185729988,0.0047937055222395,0.0017267351812499
dropout,full,10,20260910,2019-12-31,2165,2231,2020-04-03,-0.0074604950911528,0.005147912347386,0.0017267351812499
dropout,full,10,20260910,2019-12-31,2165,2235,2020-04-10,0.0249886051960306,0.0046577758245724,0.0017267351812499
dropout,full,10,20260910,2019-12-31,2165,2240,2020-04-17,-0.009736156402615,0.0015720005424641,0.0017267351812499
dropout,full,10,20260910,2019-12-31,2165,2245,2020-04-24,0.0437865347345864,0.0019569447307103,0.0017267351812499
dropout,full,10,20260910,2019-12-31,2165,2252,2020-05-08,-0.0151204097857481,-7.331410163988108e-05,0.0017267351812499
dropout,full,10,20260910,2019-12-31,2165,2257,2020-05-15,-0.022055555271722,0.0002703299592923,0.0017267351812499
dropout,full,10,20260910,2019-12-31,2165,2262,2020-05-22,0.0191755130187654,-0.001227734242979,0.0017267351812499
dropout,full,10,20260910,2019-12-31,2165,2267,2020-05-29,0.0312374254497365,-0.0021963828964248,0.0017267351812499
dropout,full,10,20260910,2019-12-31,2165,2272,2020-06-05,-0.010100382492339,0.0040930849091233,0.0017267351812499
dropout,full,10,20260910,2019-12-31,2165,2277,2020-06-12,0.0287574347785699,-0.0008430620687405,0.0017267351812499
dropout,full,10,20260910,2019-12-31,2165,2282,2020-06-19,0.0898838562932122,0.0004236682237914,0.0017267351812499
dropout,full,10,20260910,2019-12-31,2165,2290,2020-07-03,0.0619282952028859,-0.001252696840588,0.0017267351812499
dropout,full,10,20260910,2019-12-31,2165,2295,2020-07-10,-0.0306112766401609,-0.0008198754809858,0.0017267351812499
dropout,full,10,20260910,2019-12-31,2165,2300,2020-07-17,-0.0135277995301487,-0.0002201546887049,0.0017267351812499
dropout,full,10,20260910,2019-12-31,2165,2305,2020-07-24,0.0442975869953978,0.0014008906137093,0.0017267351812499
dropout,full,10,20260910,2019-12-31,2165,2310,2020-07-31,-0.0114318292193668,0.0054519616740826,0.0017267351812499
dropout,full,10,20260910,2019-12-31,2165,2315,2020-08-07,0.0096886640921363,0.0058509548920199,0.0017267351812499
dropout,full,10,20260910,2019-12-31,2165,2320,2020-08-14,0.0040785933083991,0.0059707622618938,0.0017267351812499
dropout,full,10,20260910,2019-12-31,2165,2325,2020-08-21,0.0262367267824037,0.0062787348099628,0.0017267351812499
dropout,full,10,20260910,2019-12-31,2165,2330,2020-08-28,-0.0228724288790846,0.0054431060199467,0.0017267351812499
dropout,full,10,20260910,2019-12-31,2165,2335,2020-09-04,-0.0225800080680405,0.0049021704725398,0.0017267351812499
dropout,full,10,20260910,2019-12-31,2165,2340,2020-09-11,0.0212164529615974,0.0048667740093403,0.0017267351812499
dropout,full,10,20260910,2019-12-31,2165,2345,2020-09-18,-0.035383886754723,0.0048374756708072,0.0017267351812499
dropout,full,10,20260910,2019-12-31,2165,2350,2020-09-25,0.0267399866889246,0.0048348823140096,0.0017267351812499
dropout,full,10,20260910,2019-12-31,2165,2354,2020-10-09,0.0251424490828213,0.0055388294566587,0.0017267351812499
dropout,full,10,20260910,2019-12-31,2165,2359,2020-10-16,-0.0289085288867603,0.0067993081109884,0.0017267351812499
dropout,full,10,20260910,2019-12-31,2165,2364,2020-10-23,0.0039922716452642,0.0069017580119502,0.0017267351812499
dropout,full,10,20260910,2019-12-31,2165,2369,2020-10-30,0.0459539631066927,0.0056447808288494,0.0017267351812499
dropout,full,10,20260910,2019-12-31,2165,2374,2020-11-06,-0.0077050373460516,0.0032923922614751,0.0017267351812499
dropout,full,10,20260910,2019-12-31,2165,2379,2020-11-13,0.0150871959614502,0.0032618374635512,0.0017267351812499
dropout,full,10,20260910,2019-12-31,2165,2384,2020-11-20,0.0079744076212002,-6.216530472212631e-05,0.0017267351812499
dropout,full,10,20260910,2019-12-31,2165,2389,2020-11-27,0.0143408935726285,-0.0008958623735879,0.0017267351812499
dropout,full,10,20260910,2019-12-31,2165,2394,2020-12-04,-0.0319993367194855,0.0005922474044364,0.0017267351812499
dropout,full,10,20260910,2019-12-31,2165,2399,2020-12-11,0.018788122268605,0.0022751352007139,0.0017267351812499
dropout,full,10,20260910,2019-12-31,2165,2404,2020-12-18,0.0094440085192242,0.0013884273365368,0.0017267351812499
decay,full,10,20260910,2019-12-31,2165,2172,2020-01-03,0.0112631415452417,0.0158309672189766,0.0017267351812499
decay,full,10,20260910,2019-12-31,2165,2177,2020-01-10,0.000914342213572,0.0178925118104902,0.0017267351812499
decay,full,10,20260910,2019-12-31,2165,2182,2020-01-17,-0.0715388636069378,0.0002503039701907,0.0017267351812499
decay,full,10,20260910,2019-12-31,2165,2191,2020-02-07,0.0328687599583719,-0.0015484324807643,0.0017267351812499
decay,full,10,20260910,2019-12-31,2165,2196,2020-02-14,0.0330503919092921,0.0037812284795859,0.0017267351812499
decay,full,10,20260910,2019-12-31,2165,2201,2020-02-21,-0.0394497366790582,0.007395019309929,0.0017267351812499
decay,full,10,20260910,2019-12-31,2165,2206,2020-02-28,0.0237449733423367,0.0092980904608201,0.0017267351812499
decay,full,10,20260910,2019-12-31,2165,2211,2020-03-06,-0.040171495515717,0.0095461973452001,0.0017267351812499
decay,full,10,20260910,2019-12-31,2165,2216,2020-03-13,-0.0915879031554979,0.0095103448468011,0.0017267351812499
decay,full,10,20260910,2019-12-31,2165,2221,2020-03-20,0.0323992006051916,0.00824704338953,0.0017267351812499
decay,full,10,20260910,2019-12-31,2165,2226,2020-03-27,0.0334795185729988,0.0097043815606067,0.0017267351812499
decay,full,10,20260910,2019-12-31,2165,2231,2020-04-03,-0.0074604950911528,0.0096561240256751,0.0017267351812499
decay,full,10,20260910,2019-12-31,2165,2235,2020-04-10,0.0249886051960306,0.0100237125718973,0.0017267351812499
decay,full,10,20260910,2019-12-31,2165,2240,2020-04-17,-0.009736156402615,0.0099226982477661,0.0017267351812499
decay,full,10,20260910,2019-12-31,2165,2245,2020-04-24,0.0437865347345864,0.0098113201665885,0.0017267351812499
decay,full,10,20260910,2019-12-31,2165,2252,2020-05-08,-0.0151204097857481,0.012563831710427,0.0017267351812499
decay,full,10,20260910,2019-12-31,2165,2257,2020-05-15,-0.022055555271722,0.0027753609803502,0.0017267351812499
decay,full,10,20260910,2019-12-31,2165,2262,2020-05-22,0.0191755130187654,0.0034338032824652,0.0017267351812499
decay,full,10,20260910,2019-12-31,2165,2267,2020-05-29,0.0312374254497365,0.004585266227839,0.0017267351812499
decay,full,10,20260910,2019-12-31,2165,2272,2020-06-05,-0.010100382492339,-0.0056770699089062,0.0017267351812499
decay,full,10,20260910,2019-12-31,2165,2277,2020-06-12,0.0287574347785699,0.0041626609358114,0.0017267351812499
decay,full,10,20260910,2019-12-31,2165,2282,2020-06-19,0.0898838562932122,0.00517400481341,0.0017267351812499
decay,full,10,20260910,2019-12-31,2165,2290,2020-07-03,0.0619282952028859,-0.0027572534456694,0.0017267351812499
decay,full,10,20260910,2019-12-31,2165,2295,2020-07-10,-0.0306112766401609,-0.0018607669231012,0.0017267351812499
decay,full,10,20260910,2019-12-31,2165,2300,2020-07-17,-0.0135277995301487,-0.0088411234407185,0.0017267351812499
decay,full,10,20260910,2019-12-31,2165,2305,2020-07-24,0.0442975869953978,-0.0158158273196211,0.0017267351812499
decay,full,10,20260910,2019-12-31,2165,2310,2020-07-31,-0.0114318292193668,-0.0040629294739095,0.0017267351812499
decay,full,10,20260910,2019-12-31,2165,2315,2020-08-07,0.0096886640921363,0.0080849454031189,0.0017267351812499
decay,full,10,20260910,2019-12-31,2165,2320,2020-08-14,0.0040785933083991,0.0166785236920538,0.0017267351812499
decay,full,10,20260910,2019-12-31,2165,2325,2020-08-21,0.0262367267824037,0.0179794182736423,0.0017267351812499
decay,full,10,20260910,2019-12-31,2165,2330,2020-08-28,-0.0228724288790846,0.016813248138138,0.0017267351812499
decay,full,10,20260910,2019-12-31,2165,2335,2020-09-04,-0.0225800080680405,0.0100960215131428,0.0017267351812499
decay,full,10,20260910,2019-12-31,2165,2340,2020-09-11,0.0212164529615974,0.0095612836489302,0.0017267351812499
decay,full,10,20260910,2019-12-31,2165,2345,2020-09-18,-0.035383886754723,0.0092852660916799,0.0017267351812499
decay,full,10,20260910,2019-12-31,2165,2350,2020-09-25,0.0267399866889246,0.0092300469321786,0.0017267351812499
decay,full,10,20260910,2019-12-31,2165,2354,2020-10-09,0.0251424490828213,0.0105895346744173,0.0017267351812499
decay,full,10,20260910,2019-12-31,2165,2359,2020-10-16,-0.0289085288867603,0.0177376664320725,0.0017267351812499
decay,full,10,20260910,2019-12-31,2165,2364,2020-10-23,0.0039922716452642,0.017721814428759,0.0017267351812499
decay,full,10,20260910,2019-12-31,2165,2369,2020-10-30,0.0459539631066927,0.0169582211786447,0.0017267351812499
decay,full,10,20260910,2019-12-31,2165,2374,2020-11-06,-0.0077050373460516,0.0153293153128776,0.0017267351812499
decay,full,10,20260910,2019-12-31,2165,2379,2020-11-13,0.0150871959614502,0.0109077035102209,0.0017267351812499
decay,full,10,20260910,2019-12-31,2165,2384,2020-11-20,0.0079744076212002,0.0042682000082264,0.0017267351812499
decay,full,10,20260910,2019-12-31,2165,2389,2020-11-27,0.0143408935726285,-0.015967205511866,0.0017267351812499
decay,full,10,20260910,2019-12-31,2165,2394,2020-12-04,-0.0319993367194855,-0.0166723998833139,0.0017267351812499
decay,full,10,20260910,2019-12-31,2165,2399,2020-12-11,0.018788122268605,-0.0168895508785704,0.0017267351812499
decay,full,10,20260910,2019-12-31,2165,2404,2020-12-18,0.0094440085192242,-0.0166683841362456,0.0017267351812499
combined,full,10,20260910,2019-12-31,2165,2172,2020-01-03,0.0112631415452417,0.0020881478021018,0.0017267351812499
combined,full,10,20260910,2019-12-31,2165,2177,2020-01-10,0.000914342213572,0.0020996218674992,0.0017267351812499
combined,full,10,20260910,2019-12-31,2165,2182,2020-01-17,-0.0715388636069378,0.0021054639256539,0.0017267351812499
combined,full,10,20260910,2019-12-31,2165,2191,2020-02-07,0.0328687599583719,0.0021068294214126,0.0017267351812499
combined,full,10,20260910,2019-12-31,2165,2196,2020-02-14,0.0330503919092921,0.0021098121113939,0.0017267351812499
combined,full,10,20260910,2019-12-31,2165,2201,2020-02-21,-0.0394497366790582,0.0021352681885385,0.0017267351812499
combined,full,10,20260910,2019-12-31,2165,2206,2020-02-28,0.0237449733423367,0.0021732606458476,0.0017267351812499
combined,full,10,20260910,2019-12-31,2165,2211,2020-03-06,-0.040171495515717,0.0021482879934865,0.0017267351812499
combined,full,10,20260910,2019-12-31,2165,2216,2020-03-13,-0.0915879031554979,0.00216629781251,0.0017267351812499
combined,full,10,20260910,2019-12-31,2165,2221,2020-03-20,0.0323992006051916,0.0021175589406667,0.0017267351812499
combined,full,10,20260910,2019-12-31,2165,2226,2020-03-27,0.0334795185729988,0.0021419284452683,0.0017267351812499
combined,full,10,20260910,2019-12-31,2165,2231,2020-04-03,-0.0074604950911528,0.0021277348441774,0.0017267351812499
combined,full,10,20260910,2019-12-31,2165,2235,2020-04-10,0.0249886051960306,0.0021192853086172,0.0017267351812499
combined,full,10,20260910,2019-12-31,2165,2240,2020-04-17,-0.009736156402615,0.0021204235285201,0.0017267351812499
combined,full,10,20260910,2019-12-31,2165,2245,2020-04-24,0.0437865347345864,0.0021178310233545,0.0017267351812499
combined,full,10,20260910,2019-12-31,2165,2252,2020-05-08,-0.0151204097857481,0.0020404806129776,0.0017267351812499
combined,full,10,20260910,2019-12-31,2165,2257,2020-05-15,-0.022055555271722,0.0020076819020957,0.0017267351812499
combined,full,10,20260910,2019-12-31,2165,2262,2020-05-22,0.0191755130187654,0.0020089358890066,0.0017267351812499
combined,full,10,20260910,2019-12-31,2165,2267,2020-05-29,0.0312374254497365,0.0020186953169976,0.0017267351812499
combined,full,10,20260910,2019-12-31,2165,2272,2020-06-05,-0.010100382492339,0.0020520657751429,0.0017267351812499
combined,full,10,20260910,2019-12-31,2165,2277,2020-06-12,0.0287574347785699,0.0020013144419416,0.0017267351812499
combined,full,10,20260910,2019-12-31,2165,2282,2020-06-19,0.0898838562932122,0.002037857476532,0.0017267351812499
combined,full,10,20260910,2019-12-31,2165,2290,2020-07-03,0.0619282952028859,0.0019908813180952,0.0017267351812499
combined,full,10,20260910,2019-12-31,2165,2295,2020-07-10,-0.0306112766401609,0.0020016260293653,0.0017267351812499
combined,full,10,20260910,2019-12-31,2165,2300,2020-07-17,-0.0135277995301487,0.0020303711092909,0.0017267351812499
combined,full,10,20260910,2019-12-31,2165,2305,2020-07-24,0.0442975869953978,0.0020646376216594,0.0017267351812499
combined,full,10,20260910,2019-12-31,2165,2310,2020-07-31,-0.0114318292193668,0.0020969010680937,0.0017267351812499
combined,full,10,20260910,2019-12-31,2165,2315,2020-08-07,0.0096886640921363,0.0021187987520256,0.0017267351812499
combined,full,10,20260910,2019-12-31,2165,2320,2020-08-14,0.0040785933083991,0.0021326039539809,0.0017267351812499
combined,full,10,20260910,2019-12-31,2165,2325,2020-08-21,0.0262367267824037,0.0021263681671226,0.0017267351812499
combined,full,10,20260910,2019-12-31,2165,2330,2020-08-28,-0.0228724288790846,0.0021354623606343,0.0017267351812499
combined,full,10,20260910,2019-12-31,2165,2335,2020-09-04,-0.0225800080680405,0.0021703776792262,0.0017267351812499
combined,full,10,20260910,2019-12-31,2165,2340,2020-09-11,0.0212164529615974,0.0021680604709723,0.0017267351812499
combined,full,10,20260910,2019-12-31,2165,2345,2020-09-18,-0.035383886754723,0.0021690532541074,0.0017267351812499
combined,full,10,20260910,2019-12-31,2165,2350,2020-09-25,0.0267399866889246,0.0021527328531944,0.0017267351812499
combined,full,10,20260910,2019-12-31,2165,2354,2020-10-09,0.0251424490828213,0.0021486847715821,0.0017267351812499
combined,full,10,20260910,2019-12-31,2165,2359,2020-10-16,-0.0289085288867603,0.0021440426629144,0.0017267351812499
combined,full,10,20260910,2019-12-31,2165,2364,2020-10-23,0.0039922716452642,0.002156441902855,0.0017267351812499
combined,full,10,20260910,2019-12-31,2165,2369,2020-10-30,0.0459539631066927,0.0021417930357805,0.0017267351812499
combined,full,10,20260910,2019-12-31,2165,2374,2020-11-06,-0.0077050373460516,0.0021346327611791,0.0017267351812499
combined,full,10,20260910,2019-12-31,2165,2379,2020-11-13,0.0150871959614502,0.002078119615535,0.0017267351812499
combined,full,10,20260910,2019-12-31,2165,2384,2020-11-20,0.0079744076212002,0.0020822804422352,0.0017267351812499
combined,full,10,20260910,2019-12-31,2165,2389,2020-11-27,0.0143408935726285,0.0020400819942579,0.0017267351812499
combined,full,10,20260910,2019-12-31,2165,2394,2020-12-04,-0.0319993367194855,0.0020595161815361,0.0017267351812499
combined,full,10,20260910,2019-12-31,2165,2399,2020-12-11,0.018788122268605,0.0020470498549715,0.0017267351812499
combined,full,10,20260910,2019-12-31,2165,2404,2020-12-18,0.0094440085192242,0.0020981075009726,0.0017267351812499
baseline,drop_early,10,20260910,2017-12-31,1342,1687,2018-01-05,0.0214907567286908,-0.0033070592978763,0.0028733036342114
baseline,drop_early,10,20260910,2017-12-31,1342,1692,2018-01-12,0.0110264218031885,-0.000290729133517,0.0028733036342114
baseline,drop_early,10,20260910,2017-12-31,1342,1697,2018-01-19,0.0258577147560612,-0.0059084032679753,0.0028733036342114
baseline,drop_early,10,20260910,2017-12-31,1342,1702,2018-01-26,-0.0416224077172412,-0.0080091367160392,0.0028733036342114
baseline,drop_early,10,20260910,2017-12-31,1342,1707,2018-02-02,-0.0851928666225865,-0.0016937144244715,0.0028733036342114
baseline,drop_early,10,20260910,2017-12-31,1342,1712,2018-02-09,0.0642518595938403,0.0018544935507584,0.0028733036342114
baseline,drop_early,10,20260910,2017-12-31,1342,1717,2018-02-23,-0.0175257731958763,0.0049632354822175,0.0028733036342114
baseline,drop_early,10,20260910,2017-12-31,1342,1722,2018-03-02,0.0271156686542373,-0.0056230695779724,0.0028733036342114
baseline,drop_early,10,20260910,2017-12-31,1342,1727,2018-03-09,-0.0184205620825476,-0.0037567473731906,0.0028733036342114
baseline,drop_early,10,20260910,2017-12-31,1342,1732,2018-03-16,-0.0473361252102539,-0.0050934122930367,0.0028733036342114
baseline,drop_early,10,20260910,2017-12-31,1342,1737,2018-03-23,0.0088849998317235,-0.0125091592495459,0.0028733036342114
baseline,drop_early,10,20260910,2017-12-31,1342,1742,2018-03-30,-0.0088632053805354,-0.0128977331225631,0.0028733036342114
baseline,drop_early,10,20260910,2017-12-31,1342,1750,2018-04-13,-0.0279044238531301,-0.0097653348479005,0.0028733036342114
baseline,drop_early,10,20260910,2017-12-31,1342,1755,2018-04-20,0.0040589236395014,0.0001959217888277,0.0028733036342114
baseline,drop_early,10,20260910,2017-12-31,1342,1760,2018-04-27,0.003344889692912,0.0025570403135032,0.0028733036342114
baseline,drop_early,10,20260910,2017-12-31,1342,1763,2018-05-04,0.0275819951672684,0.0026598373861123,0.0028733036342114
baseline,drop_early,10,20260910,2017-12-31,1342,1768,2018-05-11,0.0099488791752746,-0.0004961176184152,0.0028733036342114
baseline,drop_early,10,20260910,2017-12-31,1342,1773,2018-05-18,-0.0278382082465087,-0.0014937905353901,0.0028733036342114
baseline,drop_early,10,20260910,2017-12-31,1342,1778,2018-05-25,-0.0081414788300587,-0.0074378750620493,0.0028733036342114
baseline,drop_early,10,20260910,2017-12-31,1342,1783,2018-06-01,-0.0039575292125362,-0.0044066261986111,0.0028733036342114
baseline,drop_early,10,20260910,2017-12-31,1342,1788,2018-06-08,-0.0179141214945586,-0.0074313743793845,0.0028733036342114
baseline,drop_early,10,20260910,2017-12-31,1342,1793,2018-06-15,-0.0207606943097817,-0.0007061238370772,0.0028733036342114
baseline,drop_early,10,20260910,2017-12-31,1342,1797,2018-06-22,-0.0334657179105301,-0.0049141448313262,0.0028733036342114
baseline,drop_early,10,20260910,2017-12-31,1342,1802,2018-06-29,-0.0358257762964908,-0.0018681078879818,0.0028733036342114
baseline,drop_early,10,20260910,2017-12-31,1342,1807,2018-07-06,0.0325726343702554,-0.0026010021178347,0.0028733036342114
baseline,drop_early,10,20260910,2017-12-31,1342,1812,2018-07-13,-0.0049040261165902,-0.0005662110238035,0.0028733036342114
baseline,drop_early,10,20260910,2017-12-31,1342,1817,2018-07-20,0.014110592016959,-0.0031005854195551,0.0028733036342114
baseline,drop_early,10,20260910,2017-12-31,1342,1822,2018-07-27,-0.0590851640938977,-0.0022309995230782,0.0028733036342114
baseline,drop_early,10,20260910,2017-12-31,1342,1827,2018-08-03,0.0172541822374894,-0.0047867098254068,0.0028733036342114
baseline,drop_early,10,20260910,2017-12-31,1342,1832,2018-08-10,-0.0390981548851923,-0.0087647132679803,0.0028733036342114
baseline,drop_early,10,20260910,2017-12-31,1342,1837,2018-08-17,0.0312424727164923,-0.0052001143166396,0.0028733036342114
baseline,drop_early,10,20260910,2017-12-31,1342,1842,2018-08-24,-0.005599825117761,-0.0043572915101113,0.0028733036342114
baseline,drop_early,10,20260910,2017-12-31,1342,1847,2018-08-31,-0.0148493234839747,-0.0038634143631744,0.0028733036342114
baseline,drop_early,10,20260910,2017-12-31,1342,1852,2018-09-07,-0.0141989007697058,-0.0021455270076533,0.0028733036342114
baseline,drop_early,10,20260910,2017-12-31,1342,1857,2018-09-14,0.0468351251034906,-0.0025409190284766,0.0028733036342114
baseline,drop_early,10,20260910,2017-12-31,1342,1862,2018-09-21,-0.00426840285903,0.0030453940697764,0.0028733036342114
baseline,drop_early,10,20260910,2017-12-31,1342,1866,2018-09-28,-0.055840145646664,-0.0003123868303735,0.0028733036342114
baseline,drop_early,10,20260910,2017-12-31,1342,1871,2018-10-12,-0.0045024181987176,0.0015340505516863,0.0028733036342114
baseline,drop_early,10,20260910,2017-12-31,1342,1876,2018-10-19,-0.0006551545151857,0.0067387306505239,0.0028733036342114
baseline,drop_early,10,20260910,2017-12-31,1342,1881,2018-10-26,0.0354648787486262,-0.0043642601727257,0.0028733036342114
baseline,drop_early,10,20260910,2017-12-31,1342,1886,2018-11-02,-0.0334060260531522,-0.007156281751533,0.0028733036342114
baseline,drop_early,10,20260910,2017-12-31,1342,1891,2018-11-09,0.0311810774464045,-0.0055416505820374,0.0028733036342114
baseline,drop_early,10,20260910,2017-12-31,1342,1896,2018-11-16,-0.0337916834162372,-0.0027529632522428,0.0028733036342114
baseline,drop_early,10,20260910,2017-12-31,1342,1901,2018-11-23,0.0355769261307155,-0.001345458191904,0.0028733036342114
baseline,drop_early,10,20260910,2017-12-31,1342,1906,2018-11-30,-0.0328672765580291,-0.0058083446565966,0.0028733036342114
baseline,drop_early,10,20260910,2017-12-31,1342,1911,2018-12-07,0.0015094243892539,-0.0071331716732801,0.0028733036342114
baseline,drop_early,10,20260910,2017-12-31,1342,1916,2018-12-14,-0.0452081512722115,-0.006442415967045,0.0028733036342114
baseline,drop_early,10,20260910,2017-12-31,1342,1921,2018-12-21,0.0005206433427293,-0.0075835292799826,0.0028733036342114
baseline,drop_early,10,20260910,2017-12-31,1342,1926,2018-12-28,0.0126215169021599,-0.0017123834508547,0.0028733036342114
small,drop_early,10,20260910,2017-12-31,1342,1687,2018-01-05,0.0214907567286908,0.0034811955861711,0.0028733036342114
small,drop_early,10,20260910,2017-12-31,1342,1692,2018-01-12,0.0110264218031885,0.0032273806917881,0.0028733036342114
small,drop_early,10,20260910,2017-12-31,1342,1697,2018-01-19,0.0258577147560612,0.0031350853249692,0.0028733036342114
small,drop_early,10,20260910,2017-12-31,1342,1702,2018-01-26,-0.0416224077172412,0.00352993297309,0.0028733036342114
small,drop_early,10,20260910,2017-12-31,1342,1707,2018-02-02,-0.0851928666225865,0.0043014615536822,0.0028733036342114
small,drop_early,10,20260910,2017-12-31,1342,1712,2018-02-09,0.0642518595938403,0.0039447958468485,0.0028733036342114
small,drop_early,10,20260910,2017-12-31,1342,1717,2018-02-23,-0.0175257731958763,0.0056431781267787,0.0028733036342114
small,drop_early,10,20260910,2017-12-31,1342,1722,2018-03-02,0.0271156686542373,0.0042413256976385,0.0028733036342114
small,drop_early,10,20260910,2017-12-31,1342,1727,2018-03-09,-0.0184205620825476,0.0041040029933559,0.0028733036342114
small,drop_early,10,20260910,2017-12-31,1342,1732,2018-03-16,-0.0473361252102539,0.0014353351119653,0.0028733036342114
small,drop_early,10,20260910,2017-12-31,1342,1737,2018-03-23,0.0088849998317235,0.0010546156898591,0.0028733036342114
small,drop_early,10,20260910,2017-12-31,1342,1742,2018-03-30,-0.0088632053805354,0.0011968606176324,0.0028733036342114
small,drop_early,10,20260910,2017-12-31,1342,1750,2018-04-13,-0.0279044238531301,0.0005669165702796,0.0028733036342114
small,drop_early,10,20260910,2017-12-31,1342,1755,2018-04-20,0.0040589236395014,0.0021240404323882,0.0028733036342114
small,drop_early,10,20260910,2017-12-31,1342,1760,2018-04-27,0.003344889692912,0.0008491640579436,0.0028733036342114
small,drop_early,10,20260910,2017-12-31,1342,1763,2018-05-04,0.0275819951672684,0.0004893947400898,0.0028733036342114
small,drop_early,10,20260910,2017-12-31,1342,1768,2018-05-11,0.0099488791752746,0.0017117152253206,0.0028733036342114
small,drop_early,10,20260910,2017-12-31,1342,1773,2018-05-18,-0.0278382082465087,0.0010441274460615,0.0028733036342114
small,drop_early,10,20260910,2017-12-31,1342,1778,2018-05-25,-0.0081414788300587,0.002188565763029,0.0028733036342114
small,drop_early,10,20260910,2017-12-31,1342,1783,2018-06-01,-0.0039575292125362,0.0032880914127585,0.0028733036342114
small,drop_early,10,20260910,2017-12-31,1342,1788,2018-06-08,-0.0179141214945586,0.0026055286805922,0.0028733036342114
small,drop_early,10,20260910,2017-12-31,1342,1793,2018-06-15,-0.0207606943097817,0.0033266987043521,0.0028733036342114
small,drop_early,10,20260910,2017-12-31,1342,1797,2018-06-22,-0.0334657179105301,0.0023329277378065,0.0028733036342114
small,drop_early,10,20260910,2017-12-31,1342,1802,2018-06-29,-0.0358257762964908,0.0019671311777245,0.0028733036342114
small,drop_early,10,20260910,2017-12-31,1342,1807,2018-07-06,0.0325726343702554,6.53231605962333e-05,0.0028733036342114
small,drop_early,10,20260910,2017-12-31,1342,1812,2018-07-13,-0.0049040261165902,-2.9532742081624964e-05,0.0028733036342114
small,drop_early,10,20260910,2017-12-31,1342,1817,2018-07-20,0.014110592016959,0.0016985450714742,0.0028733036342114
small,drop_early,10,20260910,2017-12-31,1342,1822,2018-07-27,-0.0590851640938977,0.0025004525845546,0.0028733036342114
small,drop_early,10,20260910,2017-12-31,1342,1827,2018-08-03,0.0172541822374894,0.0034633529314988,0.0028733036342114
small,drop_early,10,20260910,2017-12-31,1342,1832,2018-08-10,-0.0390981548851923,0.003454238351583,0.0028733036342114
small,drop_early,10,20260910,2017-12-31,1342,1837,2018-08-17,0.0312424727164923,0.0040317918921927,0.0028733036342114
small,drop_early,10,20260910,2017-12-31,1342,1842,2018-08-24,-0.005599825117761,0.0038468706098705,0.0028733036342114
small,drop_early,10,20260910,2017-12-31,1342,1847,2018-08-31,-0.0148493234839747,0.0028761064023056,0.0028733036342114
small,drop_early,10,20260910,2017-12-31,1342,1852,2018-09-07,-0.0141989007697058,0.0029986175112775,0.0028733036342114
small,drop_early,10,20260910,2017-12-31,1342,1857,2018-09-14,0.0468351251034906,0.0014028974407418,0.0028733036342114
small,drop_early,10,20260910,2017-12-31,1342,1862,2018-09-21,-0.00426840285903,0.0008377247162631,0.0028733036342114
small,drop_early,10,20260910,2017-12-31,1342,1866,2018-09-28,-0.055840145646664,2.40821031480239e-05,0.0028733036342114
small,drop_early,10,20260910,2017-12-31,1342,1871,2018-10-12,-0.0045024181987176,0.0004353430559053,0.0028733036342114
small,drop_early,10,20260910,2017-12-31,1342,1876,2018-10-19,-0.0006551545151857,0.0016455093622451,0.0028733036342114
small,drop_early,10,20260910,2017-12-31,1342,1881,2018-10-26,0.0354648787486262,0.0018955884185365,0.0028733036342114
small,drop_early,10,20260910,2017-12-31,1342,1886,2018-11-02,-0.0334060260531522,0.0019638785656946,0.0028733036342114
small,drop_early,10,20260910,2017-12-31,1342,1891,2018-11-09,0.0311810774464045,0.0018403105576817,0.0028733036342114
small,drop_early,10,20260910,2017-12-31,1342,1896,2018-11-16,-0.0337916834162372,-0.0002973357820668,0.0028733036342114
small,drop_early,10,20260910,2017-12-31,1342,1901,2018-11-23,0.0355769261307155,0.0010328053156253,0.0028733036342114
small,drop_early,10,20260910,2017-12-31,1342,1906,2018-11-30,-0.0328672765580291,0.000297578538759,0.0028733036342114
small,drop_early,10,20260910,2017-12-31,1342,1911,2018-12-07,0.0015094243892539,0.0019138288237274,0.0028733036342114
small,drop_early,10,20260910,2017-12-31,1342,1916,2018-12-14,-0.0452081512722115,0.0012577933803834,0.0028733036342114
small,drop_early,10,20260910,2017-12-31,1342,1921,2018-12-21,0.0005206433427293,0.0017789261423777,0.0028733036342114
small,drop_early,10,20260910,2017-12-31,1342,1926,2018-12-28,0.0126215169021599,0.001378011785143,0.0028733036342114
dropout,drop_early,10,20260910,2017-12-31,1342,1687,2018-01-05,0.0214907567286908,-0.0033586646839137,0.0028733036342114
dropout,drop_early,10,20260910,2017-12-31,1342,1692,2018-01-12,0.0110264218031885,0.0046246488529211,0.0028733036342114
dropout,drop_early,10,20260910,2017-12-31,1342,1697,2018-01-19,0.0258577147560612,-0.0034426376739362,0.0028733036342114
dropout,drop_early,10,20260910,2017-12-31,1342,1702,2018-01-26,-0.0416224077172412,-0.0016505028340745,0.0028733036342114
dropout,drop_early,10,20260910,2017-12-31,1342,1707,2018-02-02,-0.0851928666225865,0.0075680629185961,0.0028733036342114
dropout,drop_early,10,20260910,2017-12-31,1342,1712,2018-02-09,0.0642518595938403,0.0035182345556333,0.0028733036342114
dropout,drop_early,10,20260910,2017-12-31,1342,1717,2018-02-23,-0.0175257731958763,0.005375421149515,0.0028733036342114
dropout,drop_early,10,20260910,2017-12-31,1342,1722,2018-03-02,0.0271156686542373,0.007633237993118,0.0028733036342114
dropout,drop_early,10,20260910,2017-12-31,1342,1727,2018-03-09,-0.0184205620825476,0.0054523551934279,0.0028733036342114
dropout,drop_early,10,20260910,2017-12-31,1342,1732,2018-03-16,-0.0473361252102539,0.0032577670851396,0.0028733036342114
dropout,drop_early,10,20260910,2017-12-31,1342,1737,2018-03-23,0.0088849998317235,-0.0039327696837345,0.0028733036342114
dropout,drop_early,10,20260910,2017-12-31,1342,1742,2018-03-30,-0.0088632053805354,-0.00368160804536,0.0028733036342114
dropout,drop_early,10,20260910,2017-12-31,1342,1750,2018-04-13,-0.0279044238531301,-0.0026632650768289,0.0028733036342114
dropout,drop_early,10,20260910,2017-12-31,1342,1755,2018-04-20,0.0040589236395014,0.0049847413667244,0.0028733036342114
dropout,drop_early,10,20260910,2017-12-31,1342,1760,2018-04-27,0.003344889692912,0.0077851113272213,0.0028733036342114
dropout,drop_early,10,20260910,2017-12-31,1342,1763,2018-05-04,0.0275819951672684,0.0050005821852604,0.0028733036342114
dropout,drop_early,10,20260910,2017-12-31,1342,1768,2018-05-11,0.0099488791752746,0.0039223384319449,0.0028733036342114
dropout,drop_early,10,20260910,2017-12-31,1342,1773,2018-05-18,-0.0278382082465087,0.007138023080946,0.0028733036342114
dropout,drop_early,10,20260910,2017-12-31,1342,1778,2018-05-25,-0.0081414788300587,0.0061062192011553,0.0028733036342114
dropout,drop_early,10,20260910,2017-12-31,1342,1783,2018-06-01,-0.0039575292125362,-0.0010534841172735,0.0028733036342114
dropout,drop_early,10,20260910,2017-12-31,1342,1788,2018-06-08,-0.0179141214945586,-0.0013494278037135,0.0028733036342114
dropout,drop_early,10,20260910,2017-12-31,1342,1793,2018-06-15,-0.0207606943097817,-0.001337837298454,0.0028733036342114
dropout,drop_early,10,20260910,2017-12-31,1342,1797,2018-06-22,-0.0334657179105301,-0.002333507027687,0.0028733036342114
dropout,drop_early,10,20260910,2017-12-31,1342,1802,2018-06-29,-0.0358257762964908,-0.0021008898517165,0.0028733036342114
dropout,drop_early,10,20260910,2017-12-31,1342,1807,2018-07-06,0.0325726343702554,-0.0025635939978299,0.0028733036342114
dropout,drop_early,10,20260910,2017-12-31,1342,1812,2018-07-13,-0.0049040261165902,-0.0029368473664326,0.0028733036342114
dropout,drop_early,10,20260910,2017-12-31,1342,1817,2018-07-20,0.014110592016959,-0.0031297584764903,0.0028733036342114
dropout,drop_early,10,20260910,2017-12-31,1342,1822,2018-07-27,-0.0590851640938977,-0.0028139693260858,0.0028733036342114
dropout,drop_early,10,20260910,2017-12-31,1342,1827,2018-08-03,0.0172541822374894,-0.0032936427192829,0.0028733036342114
dropout,drop_early,10,20260910,2017-12-31,1342,1832,2018-08-10,-0.0390981548851923,-0.0034810505235371,0.0028733036342114
dropout,drop_early,10,20260910,2017-12-31,1342,1837,2018-08-17,0.0312424727164923,-0.0031351393808836,0.0028733036342114
dropout,drop_early,10,20260910,2017-12-31,1342,1842,2018-08-24,-0.005599825117761,-0.002426427863549,0.0028733036342114
dropout,drop_early,10,20260910,2017-12-31,1342,1847,2018-08-31,-0.0148493234839747,-0.0017111114277199,0.0028733036342114
dropout,drop_early,10,20260910,2017-12-31,1342,1852,2018-09-07,-0.0141989007697058,-0.0021436875263909,0.0028733036342114
dropout,drop_early,10,20260910,2017-12-31,1342,1857,2018-09-14,0.0468351251034906,-0.0001472591103579,0.0028733036342114
dropout,drop_early,10,20260910,2017-12-31,1342,1862,2018-09-21,-0.00426840285903,-0.0029163051227093,0.0028733036342114
dropout,drop_early,10,20260910,2017-12-31,1342,1866,2018-09-28,-0.055840145646664,-0.0014165340524269,0.0028733036342114
dropout,drop_early,10,20260910,2017-12-31,1342,1871,2018-10-12,-0.0045024181987176,-0.0009338386851926,0.0028733036342114
dropout,drop_early,10,20260910,2017-12-31,1342,1876,2018-10-19,-0.0006551545151857,-0.001332734067931,0.0028733036342114
dropout,drop_early,10,20260910,2017-12-31,1342,1881,2018-10-26,0.0354648787486262,-0.0021258281658725,0.0028733036342114
dropout,drop_early,10,20260910,2017-12-31,1342,1886,2018-11-02,-0.0334060260531522,-0.0013443176529694,0.0028733036342114
dropout,drop_early,10,20260910,2017-12-31,1342,1891,2018-11-09,0.0311810774464045,-0.0017834428758526,0.0028733036342114
dropout,drop_early,10,20260910,2017-12-31,1342,1896,2018-11-16,-0.0337916834162372,-0.0022423240323404,0.0028733036342114
dropout,drop_early,10,20260910,2017-12-31,1342,1901,2018-11-23,0.0355769261307155,0.0023001320532712,0.0028733036342114
dropout,drop_early,10,20260910,2017-12-31,1342,1906,2018-11-30,-0.0328672765580291,-0.0025262347518864,0.0028733036342114
dropout,drop_early,10,20260910,2017-12-31,1342,1911,2018-12-07,0.0015094243892539,0.0005365664269924,0.0028733036342114
dropout,drop_early,10,20260910,2017-12-31,1342,1916,2018-12-14,-0.0452081512722115,-0.0030381308569402,0.0028733036342114
dropout,drop_early,10,20260910,2017-12-31,1342,1921,2018-12-21,0.0005206433427293,-0.0012151915180268,0.0028733036342114
dropout,drop_early,10,20260910,2017-12-31,1342,1926,2018-12-28,0.0126215169021599,0.0043521555249794,0.0028733036342114
decay,drop_early,10,20260910,2017-12-31,1342,1687,2018-01-05,0.0214907567286908,-0.00375202518734,0.0028733036342114
decay,drop_early,10,20260910,2017-12-31,1342,1692,2018-01-12,0.0110264218031885,-0.0012357674978277,0.0028733036342114
decay,drop_early,10,20260910,2017-12-31,1342,1697,2018-01-19,0.0258577147560612,-0.0058894522425836,0.0028733036342114
decay,drop_early,10,20260910,2017-12-31,1342,1702,2018-01-26,-0.0416224077172412,-0.007969436272806,0.0028733036342114
decay,drop_early,10,20260910,2017-12-31,1342,1707,2018-02-02,-0.0851928666225865,-0.0019517378945477,0.0028733036342114
decay,drop_early,10,20260910,2017-12-31,1342,1712,2018-02-09,0.0642518595938403,0.0017739590455785,0.0028733036342114
decay,drop_early,10,20260910,2017-12-31,1342,1717,2018-02-23,-0.0175257731958763,0.004528709395004,0.0028733036342114
decay,drop_early,10,20260910,2017-12-31,1342,1722,2018-03-02,0.0271156686542373,-0.0047237055377308,0.0028733036342114
decay,drop_early,10,20260910,2017-12-31,1342,1727,2018-03-09,-0.0184205620825476,-0.0045501809944782,0.0028733036342114
decay,drop_early,10,20260910,2017-12-31,1342,1732,2018-03-16,-0.0473361252102539,-0.0044307959357149,0.0028733036342114
decay,drop_early,10,20260910,2017-12-31,1342,1737,2018-03-23,0.0088849998317235,-0.0121274796467667,0.0028733036342114
decay,drop_early,10,20260910,2017-12-31,1342,1742,2018-03-30,-0.0088632053805354,-0.0120113168159377,0.0028733036342114
decay,drop_early,10,20260910,2017-12-31,1342,1750,2018-04-13,-0.0279044238531301,-0.0091716032361063,0.0028733036342114
decay,drop_early,10,20260910,2017-12-31,1342,1755,2018-04-20,0.0040589236395014,0.0006623090063471,0.0028733036342114
decay,drop_early,10,20260910,2017-12-31,1342,1760,2018-04-27,0.003344889692912,0.0076739920400086,0.0028733036342114
decay,drop_early,10,20260910,2017-12-31,1342,1763,2018-05-04,0.0275819951672684,0.0075832917300814,0.0028733036342114
decay,drop_early,10,20260910,2017-12-31,1342,1768,2018-05-11,0.0099488791752746,0.0022415130772468,0.0028733036342114
decay,drop_early,10,20260910,2017-12-31,1342,1773,2018-05-18,-0.0278382082465087,0.0007240101298934,0.0028733036342114
decay,drop_early,10,20260910,2017-12-31,1342,1778,2018-05-25,-0.0081414788300587,-0.0052761761964412,0.0028733036342114
decay,drop_early,10,20260910,2017-12-31,1342,1783,2018-06-01,-0.0039575292125362,-0.0028591354464204,0.0028733036342114
decay,drop_early,10,20260910,2017-12-31,1342,1788,2018-06-08,-0.0179141214945586,-0.0062117909497141,0.0028733036342114
decay,drop_early,10,20260910,2017-12-31,1342,1793,2018-06-15,-0.0207606943097817,-0.000909923266213,0.0028733036342114
decay,drop_early,10,20260910,2017-12-31,1342,1797,2018-06-22,-0.0334657179105301,-0.005813727723559,0.0028733036342114
decay,drop_early,10,20260910,2017-12-31,1342,1802,2018-06-29,-0.0358257762964908,-0.0021322912198352,0.0028733036342114
decay,drop_early,10,20260910,2017-12-31,1342,1807,2018-07-06,0.0325726343702554,-0.0026162672604807,0.0028733036342114
decay,drop_early,10,20260910,2017-12-31,1342,1812,2018-07-13,-0.0049040261165902,-0.0007741666944607,0.0028733036342114
decay,drop_early,10,20260910,2017-12-31,1342,1817,2018-07-20,0.014110592016959,-0.0034005255336612,0.0028733036342114
decay,drop_early,10,20260910,2017-12-31,1342,1822,2018-07-27,-0.0590851640938977,-0.0019425430833189,0.0028733036342114
decay,drop_early,10,20260910,2017-12-31,1342,1827,2018-08-03,0.0172541822374894,-0.003967432206031,0.0028733036342114
decay,drop_early,10,20260910,2017-12-31,1342,1832,2018-08-10,-0.0390981548851923,-0.0077301704944455,0.0028733036342114
decay,drop_early,10,20260910,2017-12-31,1342,1837,2018-08-17,0.0312424727164923,-0.00307207756887,0.0028733036342114
decay,drop_early,10,20260910,2017-12-31,1342,1842,2018-08-24,-0.005599825117761,-0.005168710353438,0.0028733036342114
decay,drop_early,10,20260910,2017-12-31,1342,1847,2018-08-31,-0.0148493234839747,-0.0040211755078642,0.0028733036342114
decay,drop_early,10,20260910,2017-12-31,1342,1852,2018-09-07,-0.0141989007697058,-0.0013106689430592,0.0028733036342114
decay,drop_early,10,20260910,2017-12-31,1342,1857,2018-09-14,0.0468351251034906,-0.0030371282899131,0.0028733036342114
decay,drop_early,10,20260910,2017-12-31,1342,1862,2018-09-21,-0.00426840285903,0.0050715676503956,0.0028733036342114
decay,drop_early,10,20260910,2017-12-31,1342,1866,2018-09-28,-0.055840145646664,-0.0001170510478594,0.0028733036342114
decay,drop_early,10,20260910,2017-12-31,1342,1871,2018-10-12,-0.0045024181987176,-0.0006950218561737,0.0028733036342114
decay,drop_early,10,20260910,2017-12-31,1342,1876,2018-10-19,-0.0006551545151857,0.0077534880795146,0.0028733036342114
decay,drop_early,10,20260910,2017-12-31,1342,1881,2018-10-26,0.0354648787486262,-0.0030511032438439,0.0028733036342114
decay,drop_early,10,20260910,2017-12-31,1342,1886,2018-11-02,-0.0334060260531522,-0.0082255078080276,0.0028733036342114
decay,drop_early,10,20260910,2017-12-31,1342,1891,2018-11-09,0.0311810774464045,-0.0058551383264234,0.0028733036342114
decay,drop_early,10,20260910,2017-12-31,1342,1896,2018-11-16,-0.0337916834162372,-0.0021826340980417,0.0028733036342114
decay,drop_early,10,20260910,2017-12-31,1342,1901,2018-11-23,0.0355769261307155,-0.0013243800635618,0.0028733036342114
decay,drop_early,10,20260910,2017-12-31,1342,1906,2018-11-30,-0.0328672765580291,-0.0057826775566594,0.0028733036342114
decay,drop_early,10,20260910,2017-12-31,1342,1911,2018-12-07,0.0015094243892539,-0.0061392021558605,0.0028733036342114
decay,drop_early,10,20260910,2017-12-31,1342,1916,2018-12-14,-0.0452081512722115,-0.0066053283512915,0.0028733036342114
decay,drop_early,10,20260910,2017-12-31,1342,1921,2018-12-21,0.0005206433427293,-0.0069178386144518,0.0028733036342114
decay,drop_early,10,20260910,2017-12-31,1342,1926,2018-12-28,0.0126215169021599,-0.0014205936271102,0.0028733036342114
combined,drop_early,10,20260910,2017-12-31,1342,1687,2018-01-05,0.0214907567286908,0.0024882545055112,0.0028733036342114
combined,drop_early,10,20260910,2017-12-31,1342,1692,2018-01-12,0.0110264218031885,0.0026982676173622,0.0028733036342114
combined,drop_early,10,20260910,2017-12-31,1342,1697,2018-01-19,0.0258577147560612,0.0025984647838418,0.0028733036342114
combined,drop_early,10,20260910,2017-12-31,1342,1702,2018-01-26,-0.0416224077172412,0.0027022859140082,0.0028733036342114
combined,drop_early,10,20260910,2017-12-31,1342,1707,2018-02-02,-0.0851928666225865,0.0029293605538205,0.0028733036342114
combined,drop_early,10,20260910,2017-12-31,1342,1712,2018-02-09,0.0642518595938403,0.0030832019677083,0.0028733036342114
combined,drop_early,10,20260910,2017-12-31,1342,1717,2018-02-23,-0.0175257731958763,0.0031406385861185,0.0028733036342114
combined,drop_early,10,20260910,2017-12-31,1342,1722,2018-03-02,0.0271156686542373,0.0030911231338755,0.0028733036342114
combined,drop_early,10,20260910,2017-12-31,1342,1727,2018-03-09,-0.0184205620825476,0.002817911109889,0.0028733036342114
combined,drop_early,10,20260910,2017-12-31,1342,1732,2018-03-16,-0.0473361252102539,0.0028254790879767,0.0028733036342114
combined,drop_early,10,20260910,2017-12-31,1342,1737,2018-03-23,0.0088849998317235,0.0024186558688971,0.0028733036342114
combined,drop_early,10,20260910,2017-12-31,1342,1742,2018-03-30,-0.0088632053805354,0.0026712163380511,0.0028733036342114
combined,drop_early,10,20260910,2017-12-31,1342,1750,2018-04-13,-0.0279044238531301,0.0025942499907625,0.0028733036342114
combined,drop_early,10,20260910,2017-12-31,1342,1755,2018-04-20,0.0040589236395014,0.0026783355695379,0.0028733036342114
combined,drop_early,10,20260910,2017-12-31,1342,1760,2018-04-27,0.003344889692912,0.002577222462442,0.0028733036342114
combined,drop_early,10,20260910,2017-12-31,1342,1763,2018-05-04,0.0275819951672684,0.0025957232950148,0.0028733036342114
combined,drop_early,10,20260910,2017-12-31,1342,1768,2018-05-11,0.0099488791752746,0.0027693899393303,0.0028733036342114
combined,drop_early,10,20260910,2017-12-31,1342,1773,2018-05-18,-0.0278382082465087,0.0027253146391154,0.0028733036342114
combined,drop_early,10,20260910,2017-12-31,1342,1778,2018-05-25,-0.0081414788300587,0.0025231978914674,0.0028733036342114
combined,drop_early,10,20260910,2017-12-31,1342,1783,2018-06-01,-0.0039575292125362,0.0022510235694976,0.0028733036342114
combined,drop_early,10,20260910,2017-12-31,1342,1788,2018-06-08,-0.0179141214945586,0.0021965075817309,0.0028733036342114
combined,drop_early,10,20260910,2017-12-31,1342,1793,2018-06-15,-0.0207606943097817,0.0023233679389806,0.0028733036342114
combined,drop_early,10,20260910,2017-12-31,1342,1797,2018-06-22,-0.0334657179105301,0.0022220047037381,0.0028733036342114
combined,drop_early,10,20260910,2017-12-31,1342,1802,2018-06-29,-0.0358257762964908,0.002169525639791,0.0028733036342114
combined,drop_early,10,20260910,2017-12-31,1342,1807,2018-07-06,0.0325726343702554,0.0022144779901717,0.0028733036342114
combined,drop_early,10,20260910,2017-12-31,1342,1812,2018-07-13,-0.0049040261165902,0.0022746815346278,0.0028733036342114
combined,drop_early,10,20260910,2017-12-31,1342,1817,2018-07-20,0.014110592016959,0.0022655684685103,0.0028733036342114
combined,drop_early,10,20260910,2017-12-31,1342,1822,2018-07-27,-0.0590851640938977,0.0022091159001294,0.0028733036342114
combined,drop_early,10,20260910,2017-12-31,1342,1827,2018-08-03,0.0172541822374894,0.0021604110598752,0.0028733036342114
combined,drop_early,10,20260910,2017-12-31,1342,1832,2018-08-10,-0.0390981548851923,0.0021149442343095,0.0028733036342114
combined,drop_early,10,20260910,2017-12-31,1342,1837,2018-08-17,0.0312424727164923,0.0020594015668705,0.0028733036342114
combined,drop_early,10,20260910,2017-12-31,1342,1842,2018-08-24,-0.005599825117761,0.0022528527785568,0.0028733036342114
combined,drop_early,10,20260910,2017-12-31,1342,1847,2018-08-31,-0.0148493234839747,0.002082094918061,0.0028733036342114
combined,drop_early,10,20260910,2017-12-31,1342,1852,2018-09-07,-0.0141989007697058,0.0022513507661999,0.0028733036342114
combined,drop_early,10,20260910,2017-12-31,1342,1857,2018-09-14,0.0468351251034906,0.0023674058470244,0.0028733036342114
combined,drop_early,10,20260910,2017-12-31,1342,1862,2018-09-21,-0.00426840285903,0.0023919375981927,0.0028733036342114
combined,drop_early,10,20260910,2017-12-31,1342,1866,2018-09-28,-0.055840145646664,0.0023756942714861,0.0028733036342114
combined,drop_early,10,20260910,2017-12-31,1342,1871,2018-10-12,-0.0045024181987176,0.0023056346021755,0.0028733036342114
combined,drop_early,10,20260910,2017-12-31,1342,1876,2018-10-19,-0.0006551545151857,0.0024166643590282,0.0028733036342114
combined,drop_early,10,20260910,2017-12-31,1342,1881,2018-10-26,0.0354648787486262,0.0023138464176275,0.0028733036342114
combined,drop_early,10,20260910,2017-12-31,1342,1886,2018-11-02,-0.0334060260531522,0.0023800721222743,0.0028733036342114
combined,drop_early,10,20260910,2017-12-31,1342,1891,2018-11-09,0.0311810774464045,0.0024168990518379,0.0028733036342114
combined,drop_early,10,20260910,2017-12-31,1342,1896,2018-11-16,-0.0337916834162372,0.0023886647661419,0.0028733036342114
combined,drop_early,10,20260910,2017-12-31,1342,1901,2018-11-23,0.0355769261307155,0.0026865485473708,0.0028733036342114
combined,drop_early,10,20260910,2017-12-31,1342,1906,2018-11-30,-0.0328672765580291,0.0023670058258082,0.0028733036342114
combined,drop_early,10,20260910,2017-12-31,1342,1911,2018-12-07,0.0015094243892539,0.0024918051195608,0.0028733036342114
combined,drop_early,10,20260910,2017-12-31,1342,1916,2018-12-14,-0.0452081512722115,0.0024801770396635,0.0028733036342114
combined,drop_early,10,20260910,2017-12-31,1342,1921,2018-12-21,0.0005206433427293,0.0024132885346247,0.0028733036342114
combined,drop_early,10,20260910,2017-12-31,1342,1926,2018-12-28,0.0126215169021599,0.0026473753384801,0.0028733036342114
baseline,drop_middle,10,20260910,2017-12-31,1342,1687,2018-01-05,0.0214907567286908,0.0113084190489124,0.0026766269819998
baseline,drop_middle,10,20260910,2017-12-31,1342,1692,2018-01-12,0.0110264218031885,0.0239383047340654,0.0026766269819998
baseline,drop_middle,10,20260910,2017-12-31,1342,1697,2018-01-19,0.0258577147560612,0.0097162258836511,0.0026766269819998
baseline,drop_middle,10,20260910,2017-12-31,1342,1702,2018-01-26,-0.0416224077172412,0.0110506383510697,0.0026766269819998
baseline,drop_middle,10,20260910,2017-12-31,1342,1707,2018-02-02,-0.0851928666225865,0.0113932648229877,0.0026766269819998
baseline,drop_middle,10,20260910,2017-12-31,1342,1712,2018-02-09,0.0642518595938403,0.0060882467713782,0.0026766269819998
baseline,drop_middle,10,20260910,2017-12-31,1342,1717,2018-02-23,-0.0175257731958763,0.0191264366125305,0.0026766269819998
baseline,drop_middle,10,20260910,2017-12-31,1342,1722,2018-03-02,0.0271156686542373,0.0192808065940766,0.0026766269819998
baseline,drop_middle,10,20260910,2017-12-31,1342,1727,2018-03-09,-0.0184205620825476,0.0036044086251955,0.0026766269819998
baseline,drop_middle,10,20260910,2017-12-31,1342,1732,2018-03-16,-0.0473361252102539,0.0078002938234601,0.0026766269819998
baseline,drop_middle,10,20260910,2017-12-31,1342,1737,2018-03-23,0.0088849998317235,0.0025855496448282,0.0026766269819998
baseline,drop_middle,10,20260910,2017-12-31,1342,1742,2018-03-30,-0.0088632053805354,-0.0051403393300023,0.0026766269819998
baseline,drop_middle,10,20260910,2017-12-31,1342,1750,2018-04-13,-0.0279044238531301,0.004104557601222,0.0026766269819998
baseline,drop_middle,10,20260910,2017-12-31,1342,1755,2018-04-20,0.0040589236395014,0.0194693668988541,0.0026766269819998
baseline,drop_middle,10,20260910,2017-12-31,1342,1760,2018-04-27,0.003344889692912,0.0147760491300601,0.0026766269819998
baseline,drop_middle,10,20260910,2017-12-31,1342,1763,2018-05-04,0.0275819951672684,0.0163987837089583,0.0026766269819998
baseline,drop_middle,10,20260910,2017-12-31,1342,1768,2018-05-11,0.0099488791752746,0.0208224092835513,0.0026766269819998
baseline,drop_middle,10,20260910,2017-12-31,1342,1773,2018-05-18,-0.0278382082465087,0.0222756835358818,0.0026766269819998
baseline,drop_middle,10,20260910,2017-12-31,1342,1778,2018-05-25,-0.0081414788300587,0.0174140059835589,0.0026766269819998
baseline,drop_middle,10,20260910,2017-12-31,1342,1783,2018-06-01,-0.0039575292125362,-0.0061469732463453,0.0026766269819998
baseline,drop_middle,10,20260910,2017-12-31,1342,1788,2018-06-08,-0.0179141214945586,-0.0073806246354918,0.0026766269819998
baseline,drop_middle,10,20260910,2017-12-31,1342,1793,2018-06-15,-0.0207606943097817,-0.0064123484081215,0.0026766269819998
baseline,drop_middle,10,20260910,2017-12-31,1342,1797,2018-06-22,-0.0334657179105301,-0.0059012026277065,0.0026766269819998
baseline,drop_middle,10,20260910,2017-12-31,1342,1802,2018-06-29,-0.0358257762964908,-0.0007312583099498,0.0026766269819998
baseline,drop_middle,10,20260910,2017-12-31,1342,1807,2018-07-06,0.0325726343702554,-0.0001118425751632,0.0026766269819998
baseline,drop_middle,10,20260910,2017-12-31,1342,1812,2018-07-13,-0.0049040261165902,-0.0048179537086789,0.0026766269819998
baseline,drop_middle,10,20260910,2017-12-31,1342,1817,2018-07-20,0.014110592016959,-0.0084967625841905,0.0026766269819998
baseline,drop_middle,10,20260910,2017-12-31,1342,1822,2018-07-27,-0.0590851640938977,0.0060415312735752,0.0026766269819998
baseline,drop_middle,10,20260910,2017-12-31,1342,1827,2018-08-03,0.0172541822374894,0.0054749709554503,0.0026766269819998
baseline,drop_middle,10,20260910,2017-12-31,1342,1832,2018-08-10,-0.0390981548851923,0.0005123365034759,0.0026766269819998
baseline,drop_middle,10,20260910,2017-12-31,1342,1837,2018-08-17,0.0312424727164923,-0.002971436070517,0.0026766269819998
baseline,drop_middle,10,20260910,2017-12-31,1342,1842,2018-08-24,-0.005599825117761,-0.0034307281704117,0.0026766269819998
baseline,drop_middle,10,20260910,2017-12-31,1342,1847,2018-08-31,-0.0148493234839747,-0.0029666781039106,0.0026766269819998
baseline,drop_middle,10,20260910,2017-12-31,1342,1852,2018-09-07,-0.0141989007697058,0.0024312986418541,0.0026766269819998
baseline,drop_middle,10,20260910,2017-12-31,1342,1857,2018-09-14,0.0468351251034906,0.0123948109682958,0.0026766269819998
baseline,drop_middle,10,20260910,2017-12-31,1342,1862,2018-09-21,-0.00426840285903,0.0070860445280384,0.0026766269819998
baseline,drop_middle,10,20260910,2017-12-31,1342,1866,2018-09-28,-0.055840145646664,0.0141454415536873,0.0026766269819998
baseline,drop_middle,10,20260910,2017-12-31,1342,1871,2018-10-12,-0.0045024181987176,0.0001560202350981,0.0026766269819998
baseline,drop_middle,10,20260910,2017-12-31,1342,1876,2018-10-19,-0.0006551545151857,0.0056445231433058,0.0026766269819998
baseline,drop_middle,10,20260910,2017-12-31,1342,1881,2018-10-26,0.0354648787486262,0.0011565338371256,0.0026766269819998
baseline,drop_middle,10,20260910,2017-12-31,1342,1886,2018-11-02,-0.0334060260531522,0.0077972126614347,0.0026766269819998
baseline,drop_middle,10,20260910,2017-12-31,1342,1891,2018-11-09,0.0311810774464045,-0.0053888586176149,0.0026766269819998
baseline,drop_middle,10,20260910,2017-12-31,1342,1896,2018-11-16,-0.0337916834162372,-0.0015498786082039,0.0026766269819998
baseline,drop_middle,10,20260910,2017-12-31,1342,1901,2018-11-23,0.0355769261307155,0.0051795262333841,0.0026766269819998
baseline,drop_middle,10,20260910,2017-12-31,1342,1906,2018-11-30,-0.0328672765580291,0.0017896062647006,0.0026766269819998
baseline,drop_middle,10,20260910,2017-12-31,1342,1911,2018-12-07,0.0015094243892539,0.0072190426448898,0.0026766269819998
baseline,drop_middle,10,20260910,2017-12-31,1342,1916,2018-12-14,-0.0452081512722115,-0.0020794540034796,0.0026766269819998
baseline,drop_middle,10,20260910,2017-12-31,1342,1921,2018-12-21,0.0005206433427293,0.0045754591754846,0.0026766269819998
baseline,drop_middle,10,20260910,2017-12-31,1342,1926,2018-12-28,0.0126215169021599,0.0115117488563598,0.0026766269819998
small,drop_middle,10,20260910,2017-12-31,1342,1687,2018-01-05,0.0214907567286908,-0.0021807062035638,0.0026766269819998
small,drop_middle,10,20260910,2017-12-31,1342,1692,2018-01-12,0.0110264218031885,0.0065114329041119,0.0026766269819998
small,drop_middle,10,20260910,2017-12-31,1342,1697,2018-01-19,0.0258577147560612,-0.0018458798752433,0.0026766269819998
small,drop_middle,10,20260910,2017-12-31,1342,1702,2018-01-26,-0.0416224077172412,-0.0025775877444975,0.0026766269819998
small,drop_middle,10,20260910,2017-12-31,1342,1707,2018-02-02,-0.0851928666225865,0.006901777506182,0.0026766269819998
small,drop_middle,10,20260910,2017-12-31,1342,1712,2018-02-09,0.0642518595938403,0.0016034102118124,0.0026766269819998
small,drop_middle,10,20260910,2017-12-31,1342,1717,2018-02-23,-0.0175257731958763,0.0084258346896786,0.0026766269819998
small,drop_middle,10,20260910,2017-12-31,1342,1722,2018-03-02,0.0271156686542373,0.008645224986968,0.0026766269819998
small,drop_middle,10,20260910,2017-12-31,1342,1727,2018-03-09,-0.0184205620825476,0.0082668976337632,0.0026766269819998
small,drop_middle,10,20260910,2017-12-31,1342,1732,2018-03-16,-0.0473361252102539,0.0082505158534658,0.0026766269819998
small,drop_middle,10,20260910,2017-12-31,1342,1737,2018-03-23,0.0088849998317235,0.0074154747898798,0.0026766269819998
small,drop_middle,10,20260910,2017-12-31,1342,1742,2018-03-30,-0.0088632053805354,-0.0022696516797,0.0026766269819998
small,drop_middle,10,20260910,2017-12-31,1342,1750,2018-04-13,-0.0279044238531301,-0.0024442096355871,0.0026766269819998
small,drop_middle,10,20260910,2017-12-31,1342,1755,2018-04-20,0.0040589236395014,-0.0015820040689263,0.0026766269819998
small,drop_middle,10,20260910,2017-12-31,1342,1760,2018-04-27,0.003344889692912,0.0068086431553201,0.0026766269819998
small,drop_middle,10,20260910,2017-12-31,1342,1763,2018-05-04,0.0275819951672684,0.0070262199763563,0.0026766269819998
small,drop_middle,10,20260910,2017-12-31,1342,1768,2018-05-11,0.0099488791752746,0.0062285164933442,0.0026766269819998
small,drop_middle,10,20260910,2017-12-31,1342,1773,2018-05-18,-0.0278382082465087,0.008558955586983,0.0026766269819998
small,drop_middle,10,20260910,2017-12-31,1342,1778,2018-05-25,-0.0081414788300587,0.0085575086596735,0.0026766269819998
small,drop_middle,10,20260910,2017-12-31,1342,1783,2018-06-01,-0.0039575292125362,-0.0024538967444681,0.0026766269819998
small,drop_middle,10,20260910,2017-12-31,1342,1788,2018-06-08,-0.0179141214945586,-0.0024227405323585,0.0026766269819998
small,drop_middle,10,20260910,2017-12-31,1342,1793,2018-06-15,-0.0207606943097817,-0.0023087984795405,0.0026766269819998
small,drop_middle,10,20260910,2017-12-31,1342,1797,2018-06-22,-0.0334657179105301,-0.0025867882126048,0.0026766269819998
small,drop_middle,10,20260910,2017-12-31,1342,1802,2018-06-29,-0.0358257762964908,-0.0027501435724135,0.0026766269819998
small,drop_middle,10,20260910,2017-12-31,1342,1807,2018-07-06,0.0325726343702554,-0.0028538451081043,0.0026766269819998
small,drop_middle,10,20260910,2017-12-31,1342,1812,2018-07-13,-0.0049040261165902,-0.0027470104303423,0.0026766269819998
small,drop_middle,10,20260910,2017-12-31,1342,1817,2018-07-20,0.014110592016959,-0.0027033776629282,0.0026766269819998
small,drop_middle,10,20260910,2017-12-31,1342,1822,2018-07-27,-0.0590851640938977,-0.0023892909247797,0.0026766269819998
small,drop_middle,10,20260910,2017-12-31,1342,1827,2018-08-03,0.0172541822374894,-0.0024697757522536,0.0026766269819998
small,drop_middle,10,20260910,2017-12-31,1342,1832,2018-08-10,-0.0390981548851923,-0.0030399170922409,0.0026766269819998
small,drop_middle,10,20260910,2017-12-31,1342,1837,2018-08-17,0.0312424727164923,-0.0032140838534731,0.0026766269819998
small,drop_middle,10,20260910,2017-12-31,1342,1842,2018-08-24,-0.005599825117761,-0.0032764652856841,0.0026766269819998
small,drop_middle,10,20260910,2017-12-31,1342,1847,2018-08-31,-0.0148493234839747,-0.0026298832554072,0.0026766269819998
small,drop_middle,10,20260910,2017-12-31,1342,1852,2018-09-07,-0.0141989007697058,-0.0026723993480443,0.0026766269819998
small,drop_middle,10,20260910,2017-12-31,1342,1857,2018-09-14,0.0468351251034906,-0.0026153987467816,0.0026766269819998
small,drop_middle,10,20260910,2017-12-31,1342,1862,2018-09-21,-0.00426840285903,-0.0022734811751434,0.0026766269819998
small,drop_middle,10,20260910,2017-12-31,1342,1866,2018-09-28,-0.055840145646664,-0.0018195188223591,0.0026766269819998
small,drop_middle,10,20260910,2017-12-31,1342,1871,2018-10-12,-0.0045024181987176,0.0002189815136822,0.0026766269819998
small,drop_middle,10,20260910,2017-12-31,1342,1876,2018-10-19,-0.0006551545151857,-0.0012748781758771,0.0026766269819998
small,drop_middle,10,20260910,2017-12-31,1342,1881,2018-10-26,0.0354648787486262,-0.0015986703951641,0.0026766269819998
small,drop_middle,10,20260910,2017-12-31,1342,1886,2018-11-02,-0.0334060260531522,-0.0018920766928479,0.0026766269819998
small,drop_middle,10,20260910,2017-12-31,1342,1891,2018-11-09,0.0311810774464045,-0.0016247944011153,0.0026766269819998
small,drop_middle,10,20260910,2017-12-31,1342,1896,2018-11-16,-0.0337916834162372,-0.001564793296519,0.0026766269819998
small,drop_middle,10,20260910,2017-12-31,1342,1901,2018-11-23,0.0355769261307155,-0.0005022671637692,0.0026766269819998
small,drop_middle,10,20260910,2017-12-31,1342,1906,2018-11-30,-0.0328672765580291,-0.0019282140272778,0.0026766269819998
small,drop_middle,10,20260910,2017-12-31,1342,1911,2018-12-07,0.0015094243892539,0.0025219271540154,0.0026766269819998
small,drop_middle,10,20260910,2017-12-31,1342,1916,2018-12-14,-0.0452081512722115,-0.0018297786079516,0.0026766269819998
small,drop_middle,10,20260910,2017-12-31,1342,1921,2018-12-21,0.0005206433427293,-0.0018840448795635,0.0026766269819998
small,drop_middle,10,20260910,2017-12-31,1342,1926,2018-12-28,0.0126215169021599,-6.658856804464021e-05,0.0026766269819998
dropout,drop_middle,10,20260910,2017-12-31,1342,1687,2018-01-05,0.0214907567286908,0.0172515719252517,0.0026766269819998
dropout,drop_middle,10,20260910,2017-12-31,1342,1692,2018-01-12,0.0110264218031885,0.0190747469380167,0.0026766269819998
dropout,drop_middle,10,20260910,2017-12-31,1342,1697,2018-01-19,0.0258577147560612,-0.0036419795575981,0.0026766269819998
dropout,drop_middle,10,20260910,2017-12-31,1342,1702,2018-01-26,-0.0416224077172412,0.0054392588715675,0.0026766269819998
dropout,drop_middle,10,20260910,2017-12-31,1342,1707,2018-02-02,-0.0851928666225865,0.0079180667160331,0.0026766269819998
dropout,drop_middle,10,20260910,2017-12-31,1342,1712,2018-02-09,0.0642518595938403,0.0177299227778028,0.0026766269819998
dropout,drop_middle,10,20260910,2017-12-31,1342,1717,2018-02-23,-0.0175257731958763,0.0201523130041057,0.0026766269819998
dropout,drop_middle,10,20260910,2017-12-31,1342,1722,2018-03-02,0.0271156686542373,0.0190461113100248,0.0026766269819998
dropout,drop_middle,10,20260910,2017-12-31,1342,1727,2018-03-09,-0.0184205620825476,0.00753459289019,0.0026766269819998
dropout,drop_middle,10,20260910,2017-12-31,1342,1732,2018-03-16,-0.0473361252102539,-0.0047429469506873,0.0026766269819998
dropout,drop_middle,10,20260910,2017-12-31,1342,1737,2018-03-23,0.0088849998317235,-0.0058875865443289,0.0026766269819998
dropout,drop_middle,10,20260910,2017-12-31,1342,1742,2018-03-30,-0.0088632053805354,0.0009795023480243,0.0026766269819998
dropout,drop_middle,10,20260910,2017-12-31,1342,1750,2018-04-13,-0.0279044238531301,0.0001787516468528,0.0026766269819998
dropout,drop_middle,10,20260910,2017-12-31,1342,1755,2018-04-20,0.0040589236395014,0.0080394490850627,0.0026766269819998
dropout,drop_middle,10,20260910,2017-12-31,1342,1760,2018-04-27,0.003344889692912,0.0086781691334117,0.0026766269819998
dropout,drop_middle,10,20260910,2017-12-31,1342,1763,2018-05-04,0.0275819951672684,0.0091001798897649,0.0026766269819998
dropout,drop_middle,10,20260910,2017-12-31,1342,1768,2018-05-11,0.0099488791752746,0.0109552863342881,0.0026766269819998
dropout,drop_middle,10,20260910,2017-12-31,1342,1773,2018-05-18,-0.0278382082465087,0.0128655117920367,0.0026766269819998
dropout,drop_middle,10,20260910,2017-12-31,1342,1778,2018-05-25,-0.0081414788300587,0.005949466322535,0.0026766269819998
dropout,drop_middle,10,20260910,2017-12-31,1342,1783,2018-06-01,-0.0039575292125362,0.0017295974863259,0.0026766269819998
dropout,drop_middle,10,20260910,2017-12-31,1342,1788,2018-06-08,-0.0179141214945586,-0.0003629693790391,0.0026766269819998
dropout,drop_middle,10,20260910,2017-12-31,1342,1793,2018-06-15,-0.0207606943097817,-0.0006120463318845,0.0026766269819998
dropout,drop_middle,10,20260910,2017-12-31,1342,1797,2018-06-22,-0.0334657179105301,-0.0005012531047722,0.0026766269819998
dropout,drop_middle,10,20260910,2017-12-31,1342,1802,2018-06-29,-0.0358257762964908,-0.000121201672031,0.0026766269819998
dropout,drop_middle,10,20260910,2017-12-31,1342,1807,2018-07-06,0.0325726343702554,-0.0018538641895203,0.0026766269819998
dropout,drop_middle,10,20260910,2017-12-31,1342,1812,2018-07-13,-0.0049040261165902,-0.0037150706716603,0.0026766269819998
dropout,drop_middle,10,20260910,2017-12-31,1342,1817,2018-07-20,0.014110592016959,-0.0009433451867518,0.0026766269819998
dropout,drop_middle,10,20260910,2017-12-31,1342,1822,2018-07-27,-0.0590851640938977,0.0127004823162701,0.0026766269819998
dropout,drop_middle,10,20260910,2017-12-31,1342,1827,2018-08-03,0.0172541822374894,0.0141639482424089,0.0026766269819998
dropout,drop_middle,10,20260910,2017-12-31,1342,1832,2018-08-10,-0.0390981548851923,0.0136165723700684,0.0026766269819998
dropout,drop_middle,10,20260910,2017-12-31,1342,1837,2018-08-17,0.0312424727164923,-0.0077637381858451,0.0026766269819998
dropout,drop_middle,10,20260910,2017-12-31,1342,1842,2018-08-24,-0.005599825117761,-0.0055370125026489,0.0026766269819998
dropout,drop_middle,10,20260910,2017-12-31,1342,1847,2018-08-31,-0.0148493234839747,-0.0042047625843773,0.0026766269819998
dropout,drop_middle,10,20260910,2017-12-31,1342,1852,2018-09-07,-0.0141989007697058,0.0004830305121346,0.0026766269819998
dropout,drop_middle,10,20260910,2017-12-31,1342,1857,2018-09-14,0.0468351251034906,0.0035858458114675,0.0026766269819998
dropout,drop_middle,10,20260910,2017-12-31,1342,1862,2018-09-21,-0.00426840285903,0.0037740327337177,0.0026766269819998
dropout,drop_middle,10,20260910,2017-12-31,1342,1866,2018-09-28,-0.055840145646664,0.0047352409071443,0.0026766269819998
dropout,drop_middle,10,20260910,2017-12-31,1342,1871,2018-10-12,-0.0045024181987176,0.0026502183635928,0.0026766269819998
dropout,drop_middle,10,20260910,2017-12-31,1342,1876,2018-10-19,-0.0006551545151857,0.0022079227689514,0.0026766269819998
dropout,drop_middle,10,20260910,2017-12-31,1342,1881,2018-10-26,0.0354648787486262,0.0099025237121246,0.0026766269819998
dropout,drop_middle,10,20260910,2017-12-31,1342,1886,2018-11-02,-0.0334060260531522,-0.0044890831285376,0.0026766269819998
dropout,drop_middle,10,20260910,2017-12-31,1342,1891,2018-11-09,0.0311810774464045,-0.0037000726360304,0.0026766269819998
dropout,drop_middle,10,20260910,2017-12-31,1342,1896,2018-11-16,-0.0337916834162372,-0.0040086212587815,0.0026766269819998
dropout,drop_middle,10,20260910,2017-12-31,1342,1901,2018-11-23,0.0355769261307155,0.0051050036515951,0.0026766269819998
dropout,drop_middle,10,20260910,2017-12-31,1342,1906,2018-11-30,-0.0328672765580291,-0.0041762443595922,0.0026766269819998
dropout,drop_middle,10,20260910,2017-12-31,1342,1911,2018-12-07,0.0015094243892539,-0.0070075620543402,0.0026766269819998
dropout,drop_middle,10,20260910,2017-12-31,1342,1916,2018-12-14,-0.0452081512722115,-0.0065767424726386,0.0026766269819998
dropout,drop_middle,10,20260910,2017-12-31,1342,1921,2018-12-21,0.0005206433427293,-0.0024215490242396,0.0026766269819998
dropout,drop_middle,10,20260910,2017-12-31,1342,1926,2018-12-28,0.0126215169021599,0.00705105702807,0.0026766269819998
decay,drop_middle,10,20260910,2017-12-31,1342,1687,2018-01-05,0.0214907567286908,0.0128226192921714,0.0026766269819998
decay,drop_middle,10,20260910,2017-12-31,1342,1692,2018-01-12,0.0110264218031885,0.0255614892092221,0.0026766269819998
decay,drop_middle,10,20260910,2017-12-31,1342,1697,2018-01-19,0.0258577147560612,0.0118209225839721,0.0026766269819998
decay,drop_middle,10,20260910,2017-12-31,1342,1702,2018-01-26,-0.0416224077172412,0.0135426433018196,0.0026766269819998
decay,drop_middle,10,20260910,2017-12-31,1342,1707,2018-02-02,-0.0851928666225865,0.0128211719167581,0.0026766269819998
decay,drop_middle,10,20260910,2017-12-31,1342,1712,2018-02-09,0.0642518595938403,0.0072064948410742,0.0026766269819998
decay,drop_middle,10,20260910,2017-12-31,1342,1717,2018-02-23,-0.0175257731958763,0.020801099257187,0.0026766269819998
decay,drop_middle,10,20260910,2017-12-31,1342,1722,2018-03-02,0.0271156686542373,0.0217787847690556,0.0026766269819998
decay,drop_middle,10,20260910,2017-12-31,1342,1727,2018-03-09,-0.0184205620825476,0.0073163246449238,0.0026766269819998
decay,drop_middle,10,20260910,2017-12-31,1342,1732,2018-03-16,-0.0473361252102539,0.0090922874367757,0.0026766269819998
decay,drop_middle,10,20260910,2017-12-31,1342,1737,2018-03-23,0.0088849998317235,0.0026670509713646,0.0026766269819998
decay,drop_middle,10,20260910,2017-12-31,1342,1742,2018-03-30,-0.0088632053805354,-0.0031686662884517,0.0026766269819998
decay,drop_middle,10,20260910,2017-12-31,1342,1750,2018-04-13,-0.0279044238531301,0.0057535060308918,0.0026766269819998
decay,drop_middle,10,20260910,2017-12-31,1342,1755,2018-04-20,0.0040589236395014,0.0190526500413038,0.0026766269819998
decay,drop_middle,10,20260910,2017-12-31,1342,1760,2018-04-27,0.003344889692912,0.0132674143365328,0.0026766269819998
decay,drop_middle,10,20260910,2017-12-31,1342,1763,2018-05-04,0.0275819951672684,0.017629094932058,0.0026766269819998
decay,drop_middle,10,20260910,2017-12-31,1342,1768,2018-05-11,0.0099488791752746,0.0234380666974001,0.0026766269819998
decay,drop_middle,10,20260910,2017-12-31,1342,1773,2018-05-18,-0.0278382082465087,0.022522672996974,0.0026766269819998
decay,drop_middle,10,20260910,2017-12-31,1342,1778,2018-05-25,-0.0081414788300587,0.0147275535397402,0.0026766269819998
decay,drop_middle,10,20260910,2017-12-31,1342,1783,2018-06-01,-0.0039575292125362,-0.0066726734395855,0.0026766269819998
decay,drop_middle,10,20260910,2017-12-31,1342,1788,2018-06-08,-0.0179141214945586,-0.0073391795110399,0.0026766269819998
decay,drop_middle,10,20260910,2017-12-31,1342,1793,2018-06-15,-0.0207606943097817,-0.0066439257856327,0.0026766269819998
decay,drop_middle,10,20260910,2017-12-31,1342,1797,2018-06-22,-0.0334657179105301,-0.0065773339697115,0.0026766269819998
decay,drop_middle,10,20260910,2017-12-31,1342,1802,2018-06-29,-0.0358257762964908,-0.0007904308705402,0.0026766269819998
decay,drop_middle,10,20260910,2017-12-31,1342,1807,2018-07-06,0.0325726343702554,0.0012586533421981,0.0026766269819998
decay,drop_middle,10,20260910,2017-12-31,1342,1812,2018-07-13,-0.0049040261165902,-0.0015568587217685,0.0026766269819998
decay,drop_middle,10,20260910,2017-12-31,1342,1817,2018-07-20,0.014110592016959,-0.0054688128901385,0.0026766269819998
decay,drop_middle,10,20260910,2017-12-31,1342,1822,2018-07-27,-0.0590851640938977,0.0068058572937273,0.0026766269819998
decay,drop_middle,10,20260910,2017-12-31,1342,1827,2018-08-03,0.0172541822374894,0.0064639728817735,0.0026766269819998
decay,drop_middle,10,20260910,2017-12-31,1342,1832,2018-08-10,-0.0390981548851923,-0.0017809317042187,0.0026766269819998
decay,drop_middle,10,20260910,2017-12-31,1342,1837,2018-08-17,0.0312424727164923,-0.0032108722932293,0.0026766269819998
decay,drop_middle,10,20260910,2017-12-31,1342,1842,2018-08-24,-0.005599825117761,-0.0033186332016351,0.0026766269819998
decay,drop_middle,10,20260910,2017-12-31,1342,1847,2018-08-31,-0.0148493234839747,-0.002298938402576,0.0026766269819998
decay,drop_middle,10,20260910,2017-12-31,1342,1852,2018-09-07,-0.0141989007697058,0.0044676590579926,0.0026766269819998
decay,drop_middle,10,20260910,2017-12-31,1342,1857,2018-09-14,0.0468351251034906,0.0108091955193479,0.0026766269819998
decay,drop_middle,10,20260910,2017-12-31,1342,1862,2018-09-21,-0.00426840285903,0.0103599113706859,0.0026766269819998
decay,drop_middle,10,20260910,2017-12-31,1342,1866,2018-09-28,-0.055840145646664,0.0165182410238777,0.0026766269819998
decay,drop_middle,10,20260910,2017-12-31,1342,1871,2018-10-12,-0.0045024181987176,0.0003198440874747,0.0026766269819998
decay,drop_middle,10,20260910,2017-12-31,1342,1876,2018-10-19,-0.0006551545151857,0.0078445745490314,0.0026766269819998
decay,drop_middle,10,20260910,2017-12-31,1342,1881,2018-10-26,0.0354648787486262,-0.0023563046565747,0.0026766269819998
decay,drop_middle,10,20260910,2017-12-31,1342,1886,2018-11-02,-0.0334060260531522,0.0062818280797182,0.0026766269819998
decay,drop_middle,10,20260910,2017-12-31,1342,1891,2018-11-09,0.0311810774464045,-0.0058060020700239,0.0026766269819998
decay,drop_middle,10,20260910,2017-12-31,1342,1896,2018-11-16,-0.0337916834162372,0.0032746422294587,0.0026766269819998
decay,drop_middle,10,20260910,2017-12-31,1342,1901,2018-11-23,0.0355769261307155,0.0067973818576382,0.0026766269819998
decay,drop_middle,10,20260910,2017-12-31,1342,1906,2018-11-30,-0.0328672765580291,0.0015579038102041,0.0026766269819998
decay,drop_middle,10,20260910,2017-12-31,1342,1911,2018-12-07,0.0015094243892539,0.0068186183949722,0.0026766269819998
decay,drop_middle,10,20260910,2017-12-31,1342,1916,2018-12-14,-0.0452081512722115,-0.002717172987843,0.0026766269819998
decay,drop_middle,10,20260910,2017-12-31,1342,1921,2018-12-21,0.0005206433427293,0.0043606772901441,0.0026766269819998
decay,drop_middle,10,20260910,2017-12-31,1342,1926,2018-12-28,0.0126215169021599,0.0095552069372805,0.0026766269819998
combined,drop_middle,10,20260910,2017-12-31,1342,1687,2018-01-05,0.0214907567286908,0.0025984007589326,0.0026766269819998
combined,drop_middle,10,20260910,2017-12-31,1342,1692,2018-01-12,0.0110264218031885,0.0026012307447507,0.0026766269819998
combined,drop_middle,10,20260910,2017-12-31,1342,1697,2018-01-19,0.0258577147560612,0.0026045446407097,0.0026766269819998
combined,drop_middle,10,20260910,2017-12-31,1342,1702,2018-01-26,-0.0416224077172412,0.0026206323003479,0.0026766269819998
combined,drop_middle,10,20260910,2017-12-31,1342,1707,2018-02-02,-0.0851928666225865,0.0026063385684327,0.0026766269819998
combined,drop_middle,10,20260910,2017-12-31,1342,1712,2018-02-09,0.0642518595938403,0.0026463728414353,0.0026766269819998
combined,drop_middle,10,20260910,2017-12-31,1342,1717,2018-02-23,-0.0175257731958763,0.002626407504688,0.0026766269819998
combined,drop_middle,10,20260910,2017-12-31,1342,1722,2018-03-02,0.0271156686542373,0.0025967145301677,0.0026766269819998
combined,drop_middle,10,20260910,2017-12-31,1342,1727,2018-03-09,-0.0184205620825476,0.0025977651236311,0.0026766269819998
combined,drop_middle,10,20260910,2017-12-31,1342,1732,2018-03-16,-0.0473361252102539,0.0025941593020216,0.0026766269819998
combined,drop_middle,10,20260910,2017-12-31,1342,1737,2018-03-23,0.0088849998317235,0.0025750880864771,0.0026766269819998
combined,drop_middle,10,20260910,2017-12-31,1342,1742,2018-03-30,-0.0088632053805354,0.0025455596465858,0.0026766269819998
combined,drop_middle,10,20260910,2017-12-31,1342,1750,2018-04-13,-0.0279044238531301,0.002484146412744,0.0026766269819998
combined,drop_middle,10,20260910,2017-12-31,1342,1755,2018-04-20,0.0040589236395014,0.0025177011706903,0.0026766269819998
combined,drop_middle,10,20260910,2017-12-31,1342,1760,2018-04-27,0.003344889692912,0.0024814531126013,0.0026766269819998
combined,drop_middle,10,20260910,2017-12-31,1342,1763,2018-05-04,0.0275819951672684,0.0025054094162113,0.0026766269819998
combined,drop_middle,10,20260910,2017-12-31,1342,1768,2018-05-11,0.0099488791752746,0.0024847089511061,0.0026766269819998
combined,drop_middle,10,20260910,2017-12-31,1342,1773,2018-05-18,-0.0278382082465087,0.0025332249441541,0.0026766269819998
combined,drop_middle,10,20260910,2017-12-31,1342,1778,2018-05-25,-0.0081414788300587,0.0024819521042372,0.0026766269819998
combined,drop_middle,10,20260910,2017-12-31,1342,1783,2018-06-01,-0.0039575292125362,0.0025002337748133,0.0026766269819998
combined,drop_middle,10,20260910,2017-12-31,1342,1788,2018-06-08,-0.0179141214945586,0.0024480557791365,0.0026766269819998
combined,drop_middle,10,20260910,2017-12-31,1342,1793,2018-06-15,-0.0207606943097817,0.0024625356946977,0.0026766269819998
combined,drop_middle,10,20260910,2017-12-31,1342,1797,2018-06-22,-0.0334657179105301,0.002439860449959,0.0026766269819998
combined,drop_middle,10,20260910,2017-12-31,1342,1802,2018-06-29,-0.0358257762964908,0.0024450565500981,0.0026766269819998
combined,drop_middle,10,20260910,2017-12-31,1342,1807,2018-07-06,0.0325726343702554,0.0024373548493136,0.0026766269819998
combined,drop_middle,10,20260910,2017-12-31,1342,1812,2018-07-13,-0.0049040261165902,0.0024366321978471,0.0026766269819998
combined,drop_middle,10,20260910,2017-12-31,1342,1817,2018-07-20,0.014110592016959,0.0024510122982773,0.0026766269819998
combined,drop_middle,10,20260910,2017-12-31,1342,1822,2018-07-27,-0.0590851640938977,0.0024556500470246,0.0026766269819998
combined,drop_middle,10,20260910,2017-12-31,1342,1827,2018-08-03,0.0172541822374894,0.0024995228860727,0.0026766269819998
combined,drop_middle,10,20260910,2017-12-31,1342,1832,2018-08-10,-0.0390981548851923,0.0024801801055959,0.0026766269819998
combined,drop_middle,10,20260910,2017-12-31,1342,1837,2018-08-17,0.0312424727164923,0.0024301322275504,0.0026766269819998
combined,drop_middle,10,20260910,2017-12-31,1342,1842,2018-08-24,-0.005599825117761,0.0024710838916484,0.0026766269819998
combined,drop_middle,10,20260910,2017-12-31,1342,1847,2018-08-31,-0.0148493234839747,0.00242908220822,0.0026766269819998
combined,drop_middle,10,20260910,2017-12-31,1342,1852,2018-09-07,-0.0141989007697058,0.0024501752683048,0.0026766269819998
combined,drop_middle,10,20260910,2017-12-31,1342,1857,2018-09-14,0.0468351251034906,0.0024301957462702,0.0026766269819998
combined,drop_middle,10,20260910,2017-12-31,1342,1862,2018-09-21,-0.00426840285903,0.0024452921126872,0.0026766269819998
combined,drop_middle,10,20260910,2017-12-31,1342,1866,2018-09-28,-0.055840145646664,0.0024498980880713,0.0026766269819998
combined,drop_middle,10,20260910,2017-12-31,1342,1871,2018-10-12,-0.0045024181987176,0.0024551464343179,0.0026766269819998
combined,drop_middle,10,20260910,2017-12-31,1342,1876,2018-10-19,-0.0006551545151857,0.0024898331585849,0.0026766269819998
combined,drop_middle,10,20260910,2017-12-31,1342,1881,2018-10-26,0.0354648787486262,0.0024902858554924,0.0026766269819998
combined,drop_middle,10,20260910,2017-12-31,1342,1886,2018-11-02,-0.0334060260531522,0.0024856572928739,0.0026766269819998
combined,drop_middle,10,20260910,2017-12-31,1342,1891,2018-11-09,0.0311810774464045,0.0025220907399247,0.0026766269819998
combined,drop_middle,10,20260910,2017-12-31,1342,1896,2018-11-16,-0.0337916834162372,0.0025019011412071,0.0026766269819998
combined,drop_middle,10,20260910,2017-12-31,1342,1901,2018-11-23,0.0355769261307155,0.0025180482551233,0.0026766269819998
combined,drop_middle,10,20260910,2017-12-31,1342,1906,2018-11-30,-0.0328672765580291,0.0024786223005918,0.0026766269819998
combined,drop_middle,10,20260910,2017-12-31,1342,1911,2018-12-07,0.0015094243892539,0.0024722079041259,0.0026766269819998
combined,drop_middle,10,20260910,2017-12-31,1342,1916,2018-12-14,-0.0452081512722115,0.0024931384985611,0.0026766269819998
combined,drop_middle,10,20260910,2017-12-31,1342,1921,2018-12-21,0.0005206433427293,0.0025040419433145,0.0026766269819998
combined,drop_middle,10,20260910,2017-12-31,1342,1926,2018-12-28,0.0126215169021599,0.0024792446188072,0.0026766269819998
baseline,drop_recent,10,20260910,2017-12-31,1343,1687,2018-01-05,0.0214907567286908,-0.0060447842566048,0.0018522132723484
baseline,drop_recent,10,20260910,2017-12-31,1343,1692,2018-01-12,0.0110264218031885,0.0078410288969219,0.0018522132723484
baseline,drop_recent,10,20260910,2017-12-31,1343,1697,2018-01-19,0.0258577147560612,-0.0031861641952941,0.0018522132723484
baseline,drop_recent,10,20260910,2017-12-31,1343,1702,2018-01-26,-0.0416224077172412,-0.0052485861501184,0.0018522132723484
baseline,drop_recent,10,20260910,2017-12-31,1343,1707,2018-02-02,-0.0851928666225865,-0.0012715523309053,0.0018522132723484
baseline,drop_recent,10,20260910,2017-12-31,1343,1712,2018-02-09,0.0642518595938403,-0.002804502961539,0.0018522132723484
baseline,drop_recent,10,20260910,2017-12-31,1343,1717,2018-02-23,-0.0175257731958763,0.0087409598383935,0.0018522132723484
baseline,drop_recent,10,20260910,2017-12-31,1343,1722,2018-03-02,0.0271156686542373,0.0084703307687574,0.0018522132723484
baseline,drop_recent,10,20260910,2017-12-31,1343,1727,2018-03-09,-0.0184205620825476,0.0078468216406693,0.0018522132723484
baseline,drop_recent,10,20260910,2017-12-31,1343,1732,2018-03-16,-0.0473361252102539,0.0082645272554905,0.0018522132723484
baseline,drop_recent,10,20260910,2017-12-31,1343,1737,2018-03-23,0.0088849998317235,-0.0050721624968205,0.0018522132723484
baseline,drop_recent,10,20260910,2017-12-31,1343,1742,2018-03-30,-0.0088632053805354,-0.0062340100325273,0.0018522132723484
baseline,drop_recent,10,20260910,2017-12-31,1343,1750,2018-04-13,-0.0279044238531301,-0.0055192060685005,0.0018522132723484
baseline,drop_recent,10,20260910,2017-12-31,1343,1755,2018-04-20,0.0040589236395014,-0.0031430439683485,0.0018522132723484
baseline,drop_recent,10,20260910,2017-12-31,1343,1760,2018-04-27,0.003344889692912,0.0012924196896492,0.0018522132723484
baseline,drop_recent,10,20260910,2017-12-31,1343,1763,2018-05-04,0.0275819951672684,0.0021994722332701,0.0018522132723484
baseline,drop_recent,10,20260910,2017-12-31,1343,1768,2018-05-11,0.0099488791752746,0.0083967050776075,0.0018522132723484
baseline,drop_recent,10,20260910,2017-12-31,1343,1773,2018-05-18,-0.0278382082465087,0.0095962822700411,0.0018522132723484
baseline,drop_recent,10,20260910,2017-12-31,1343,1778,2018-05-25,-0.0081414788300587,0.0059353645506669,0.0018522132723484
baseline,drop_recent,10,20260910,2017-12-31,1343,1783,2018-06-01,-0.0039575292125362,-0.0023591287712365,0.0018522132723484
baseline,drop_recent,10,20260910,2017-12-31,1343,1788,2018-06-08,-0.0179141214945586,-0.0041387124387268,0.0018522132723484
baseline,drop_recent,10,20260910,2017-12-31,1343,1793,2018-06-15,-0.0207606943097817,-0.0043177572038126,0.0018522132723484
baseline,drop_recent,10,20260910,2017-12-31,1343,1797,2018-06-22,-0.0334657179105301,-0.0051002033838439,0.0018522132723484
baseline,drop_recent,10,20260910,2017-12-31,1343,1802,2018-06-29,-0.0358257762964908,-0.0050229884745676,0.0018522132723484
baseline,drop_recent,10,20260910,2017-12-31,1343,1807,2018-07-06,0.0325726343702554,-0.0044872417983952,0.0018522132723484
baseline,drop_recent,10,20260910,2017-12-31,1343,1812,2018-07-13,-0.0049040261165902,-0.00565956270342,0.0018522132723484
baseline,drop_recent,10,20260910,2017-12-31,1343,1817,2018-07-20,0.014110592016959,-0.0058182025804324,0.0018522132723484
baseline,drop_recent,10,20260910,2017-12-31,1343,1822,2018-07-27,-0.0590851640938977,-0.0054627245291498,0.0018522132723484
baseline,drop_recent,10,20260910,2017-12-31,1343,1827,2018-08-03,0.0172541822374894,-0.0057505584378481,0.0018522132723484
baseline,drop_recent,10,20260910,2017-12-31,1343,1832,2018-08-10,-0.0390981548851923,-0.0056126408529276,0.0018522132723484
baseline,drop_recent,10,20260910,2017-12-31,1343,1837,2018-08-17,0.0312424727164923,-0.0051908927920873,0.0018522132723484
baseline,drop_recent,10,20260910,2017-12-31,1343,1842,2018-08-24,-0.005599825117761,-0.004872298629009,0.0018522132723484
baseline,drop_recent,10,20260910,2017-12-31,1343,1847,2018-08-31,-0.0148493234839747,-0.0054601043806518,0.0018522132723484
baseline,drop_recent,10,20260910,2017-12-31,1343,1852,2018-09-07,-0.0141989007697058,-0.0043245262418625,0.0018522132723484
baseline,drop_recent,10,20260910,2017-12-31,1343,1857,2018-09-14,0.0468351251034906,-0.000678401524491,0.0018522132723484
baseline,drop_recent,10,20260910,2017-12-31,1343,1862,2018-09-21,-0.00426840285903,-0.0038910265260216,0.0018522132723484
baseline,drop_recent,10,20260910,2017-12-31,1343,1866,2018-09-28,-0.055840145646664,-0.003702920574595,0.0018522132723484
baseline,drop_recent,10,20260910,2017-12-31,1343,1871,2018-10-12,-0.0045024181987176,0.0025581148122493,0.0018522132723484
baseline,drop_recent,10,20260910,2017-12-31,1343,1876,2018-10-19,-0.0006551545151857,-0.0003512475674591,0.0018522132723484
baseline,drop_recent,10,20260910,2017-12-31,1343,1881,2018-10-26,0.0354648787486262,-0.0037176931066875,0.0018522132723484
baseline,drop_recent,10,20260910,2017-12-31,1343,1886,2018-11-02,-0.0334060260531522,-0.0021941841619007,0.0018522132723484
baseline,drop_recent,10,20260910,2017-12-31,1343,1891,2018-11-09,0.0311810774464045,-0.0036080249610513,0.0018522132723484
baseline,drop_recent,10,20260910,2017-12-31,1343,1896,2018-11-16,-0.0337916834162372,-0.0034706559697226,0.0018522132723484
baseline,drop_recent,10,20260910,2017-12-31,1343,1901,2018-11-23,0.0355769261307155,-0.0013204429051083,0.0018522132723484
baseline,drop_recent,10,20260910,2017-12-31,1343,1906,2018-11-30,-0.0328672765580291,-0.0043152776956384,0.0018522132723484
baseline,drop_recent,10,20260910,2017-12-31,1343,1911,2018-12-07,0.0015094243892539,0.0070783046324328,0.0018522132723484
baseline,drop_recent,10,20260910,2017-12-31,1343,1916,2018-12-14,-0.0452081512722115,-0.0029446606770964,0.0018522132723484
baseline,drop_recent,10,20260910,2017-12-31,1343,1921,2018-12-21,0.0005206433427293,-0.0046872251141529,0.0018522132723484
baseline,drop_recent,10,20260910,2017-12-31,1343,1926,2018-12-28,0.0126215169021599,-0.0028486264549039,0.0018522132723484
small,drop_recent,10,20260910,2017-12-31,1343,1687,2018-01-05,0.0214907567286908,-0.0015631803976538,0.0018522132723484
small,drop_recent,10,20260910,2017-12-31,1343,1692,2018-01-12,0.0110264218031885,0.0049175187388195,0.0018522132723484
small,drop_recent,10,20260910,2017-12-31,1343,1697,2018-01-19,0.0258577147560612,0.0043384765169418,0.0018522132723484
small,drop_recent,10,20260910,2017-12-31,1343,1702,2018-01-26,-0.0416224077172412,-0.0013440974516222,0.0018522132723484
small,drop_recent,10,20260910,2017-12-31,1343,1707,2018-02-02,-0.0851928666225865,-0.0010593133187124,0.0018522132723484
small,drop_recent,10,20260910,2017-12-31,1343,1712,2018-02-09,0.0642518595938403,-0.0009574076038242,0.0018522132723484
small,drop_recent,10,20260910,2017-12-31,1343,1717,2018-02-23,-0.0175257731958763,4.9411067430309456e-05,0.0018522132723484
small,drop_recent,10,20260910,2017-12-31,1343,1722,2018-03-02,0.0271156686542373,0.0043396948378288,0.0018522132723484
small,drop_recent,10,20260910,2017-12-31,1343,1727,2018-03-09,-0.0184205620825476,0.0030115266331798,0.0018522132723484
small,drop_recent,10,20260910,2017-12-31,1343,1732,2018-03-16,-0.0473361252102539,0.0053128928857892,0.0018522132723484
small,drop_recent,10,20260910,2017-12-31,1343,1737,2018-03-23,0.0088849998317235,-0.0008329678893853,0.0018522132723484
small,drop_recent,10,20260910,2017-12-31,1343,1742,2018-03-30,-0.0088632053805354,-0.0019120471496058,0.0018522132723484
small,drop_recent,10,20260910,2017-12-31,1343,1750,2018-04-13,-0.0279044238531301,-0.0022744613697341,0.0018522132723484
small,drop_recent,10,20260910,2017-12-31,1343,1755,2018-04-20,0.0040589236395014,-0.0013572860943148,0.0018522132723484
small,drop_recent,10,20260910,2017-12-31,1343,1760,2018-04-27,0.003344889692912,-0.0010947489005686,0.0018522132723484
small,drop_recent,10,20260910,2017-12-31,1343,1763,2018-05-04,0.0275819951672684,-0.0015843376151305,0.0018522132723484
small,drop_recent,10,20260910,2017-12-31,1343,1768,2018-05-11,0.0099488791752746,-0.0008036569046433,0.0018522132723484
small,drop_recent,10,20260910,2017-12-31,1343,1773,2018-05-18,-0.0278382082465087,0.004617269468387,0.0018522132723484
small,drop_recent,10,20260910,2017-12-31,1343,1778,2018-05-25,-0.0081414788300587,0.004505352522505,0.0018522132723484
small,drop_recent,10,20260910,2017-12-31,1343,1783,2018-06-01,-0.0039575292125362,-0.0017003796091397,0.0018522132723484
small,drop_recent,10,20260910,2017-12-31,1343,1788,2018-06-08,-0.0179141214945586,0.0001295824337871,0.0018522132723484
small,drop_recent,10,20260910,2017-12-31,1343,1793,2018-06-15,-0.0207606943097817,0.0011249181477143,0.0018522132723484
small,drop_recent,10,20260910,2017-12-31,1343,1797,2018-06-22,-0.0334657179105301,-0.0006081499969997,0.0018522132723484
small,drop_recent,10,20260910,2017-12-31,1343,1802,2018-06-29,-0.0358257762964908,-0.0015624824941292,0.0018522132723484
small,drop_recent,10,20260910,2017-12-31,1343,1807,2018-07-06,0.0325726343702554,-0.0008234604590035,0.0018522132723484
small,drop_recent,10,20260910,2017-12-31,1343,1812,2018-07-13,-0.0049040261165902,-0.0019514213829956,0.0018522132723484
small,drop_recent,10,20260910,2017-12-31,1343,1817,2018-07-20,0.014110592016959,-0.0024245737230043,0.0018522132723484
small,drop_recent,10,20260910,2017-12-31,1343,1822,2018-07-27,-0.0590851640938977,-0.0023416354268526,0.0018522132723484
small,drop_recent,10,20260910,2017-12-31,1343,1827,2018-08-03,0.0172541822374894,-0.0024093575959179,0.0018522132723484
small,drop_recent,10,20260910,2017-12-31,1343,1832,2018-08-10,-0.0390981548851923,-0.0016518464154854,0.0018522132723484
small,drop_recent,10,20260910,2017-12-31,1343,1837,2018-08-17,0.0312424727164923,-0.0026144593525007,0.0018522132723484
small,drop_recent,10,20260910,2017-12-31,1343,1842,2018-08-24,-0.005599825117761,-0.0026672794269834,0.0018522132723484
small,drop_recent,10,20260910,2017-12-31,1343,1847,2018-08-31,-0.0148493234839747,-0.0025663285731976,0.0018522132723484
small,drop_recent,10,20260910,2017-12-31,1343,1852,2018-09-07,-0.0141989007697058,-0.0023003021026511,0.0018522132723484
small,drop_recent,10,20260910,2017-12-31,1343,1857,2018-09-14,0.0468351251034906,-0.0015002079702086,0.0018522132723484
small,drop_recent,10,20260910,2017-12-31,1343,1862,2018-09-21,-0.00426840285903,-0.0006509566730864,0.0018522132723484
small,drop_recent,10,20260910,2017-12-31,1343,1866,2018-09-28,-0.055840145646664,-0.001637845478594,0.0018522132723484
small,drop_recent,10,20260910,2017-12-31,1343,1871,2018-10-12,-0.0045024181987176,0.0011259786696765,0.0018522132723484
small,drop_recent,10,20260910,2017-12-31,1343,1876,2018-10-19,-0.0006551545151857,0.0054575197847866,0.0018522132723484
small,drop_recent,10,20260910,2017-12-31,1343,1881,2018-10-26,0.0354648787486262,-0.0017805987787572,0.0018522132723484
small,drop_recent,10,20260910,2017-12-31,1343,1886,2018-11-02,-0.0334060260531522,-0.0016269403145832,0.0018522132723484
small,drop_recent,10,20260910,2017-12-31,1343,1891,2018-11-09,0.0311810774464045,-0.0016693005058064,0.0018522132723484
small,drop_recent,10,20260910,2017-12-31,1343,1896,2018-11-16,-0.0337916834162372,-0.0018521996345605,0.0018522132723484
small,drop_recent,10,20260910,2017-12-31,1343,1901,2018-11-23,0.0355769261307155,-0.0019713756922235,0.0018522132723484
small,drop_recent,10,20260910,2017-12-31,1343,1906,2018-11-30,-0.0328672765580291,-0.0019813570612307,0.0018522132723484
small,drop_recent,10,20260910,2017-12-31,1343,1911,2018-12-07,0.0015094243892539,-0.0019644751651037,0.0018522132723484
small,drop_recent,10,20260910,2017-12-31,1343,1916,2018-12-14,-0.0452081512722115,-0.002418788203931,0.0018522132723484
small,drop_recent,10,20260910,2017-12-31,1343,1921,2018-12-21,0.0005206433427293,-0.002019013026281,0.0018522132723484
small,drop_recent,10,20260910,2017-12-31,1343,1926,2018-12-28,0.0126215169021599,-0.0018361461677381,0.0018522132723484
dropout,drop_recent,10,20260910,2017-12-31,1343,1687,2018-01-05,0.0214907567286908,-0.0016820982936265,0.0018522132723484
dropout,drop_recent,10,20260910,2017-12-31,1343,1692,2018-01-12,0.0110264218031885,0.0035740072528187,0.0018522132723484
dropout,drop_recent,10,20260910,2017-12-31,1343,1697,2018-01-19,0.0258577147560612,0.0033926536022802,0.0018522132723484
dropout,drop_recent,10,20260910,2017-12-31,1343,1702,2018-01-26,-0.0416224077172412,0.0037920455109657,0.0018522132723484
dropout,drop_recent,10,20260910,2017-12-31,1343,1707,2018-02-02,-0.0851928666225865,-0.0032792777225431,0.0018522132723484
dropout,drop_recent,10,20260910,2017-12-31,1343,1712,2018-02-09,0.0642518595938403,0.0027161256007586,0.0018522132723484
dropout,drop_recent,10,20260910,2017-12-31,1343,1717,2018-02-23,-0.0175257731958763,0.0076025072425756,0.0018522132723484
dropout,drop_recent,10,20260910,2017-12-31,1343,1722,2018-03-02,0.0271156686542373,0.0096601252707235,0.0018522132723484
dropout,drop_recent,10,20260910,2017-12-31,1343,1727,2018-03-09,-0.0184205620825476,0.0058804779785499,0.0018522132723484
dropout,drop_recent,10,20260910,2017-12-31,1343,1732,2018-03-16,-0.0473361252102539,0.0015000149823153,0.0018522132723484
dropout,drop_recent,10,20260910,2017-12-31,1343,1737,2018-03-23,0.0088849998317235,0.0031781070291583,0.0018522132723484
dropout,drop_recent,10,20260910,2017-12-31,1343,1742,2018-03-30,-0.0088632053805354,0.0039607014354213,0.0018522132723484
dropout,drop_recent,10,20260910,2017-12-31,1343,1750,2018-04-13,-0.0279044238531301,0.0035898828722454,0.0018522132723484
dropout,drop_recent,10,20260910,2017-12-31,1343,1755,2018-04-20,0.0040589236395014,0.0078467479489928,0.0018522132723484
dropout,drop_recent,10,20260910,2017-12-31,1343,1760,2018-04-27,0.003344889692912,0.011428270352427,0.0018522132723484
dropout,drop_recent,10,20260910,2017-12-31,1343,1763,2018-05-04,0.0275819951672684,0.009404953632291,0.0018522132723484
dropout,drop_recent,10,20260910,2017-12-31,1343,1768,2018-05-11,0.0099488791752746,0.0039962812699384,0.0018522132723484
dropout,drop_recent,10,20260910,2017-12-31,1343,1773,2018-05-18,-0.0278382082465087,0.0056300854620791,0.0018522132723484
dropout,drop_recent,10,20260910,2017-12-31,1343,1778,2018-05-25,-0.0081414788300587,0.0026682059023524,0.0018522132723484
dropout,drop_recent,10,20260910,2017-12-31,1343,1783,2018-06-01,-0.0039575292125362,0.0014331716948625,0.0018522132723484
dropout,drop_recent,10,20260910,2017-12-31,1343,1788,2018-06-08,-0.0179141214945586,-0.0017665687023466,0.0018522132723484
dropout,drop_recent,10,20260910,2017-12-31,1343,1793,2018-06-15,-0.0207606943097817,-0.0009786823426673,0.0018522132723484
dropout,drop_recent,10,20260910,2017-12-31,1343,1797,2018-06-22,-0.0334657179105301,0.0009534427339593,0.0018522132723484
dropout,drop_recent,10,20260910,2017-12-31,1343,1802,2018-06-29,-0.0358257762964908,0.001349745974027,0.0018522132723484
dropout,drop_recent,10,20260910,2017-12-31,1343,1807,2018-07-06,0.0325726343702554,-0.0064209027203387,0.0018522132723484
dropout,drop_recent,10,20260910,2017-12-31,1343,1812,2018-07-13,-0.0049040261165902,-0.0018773212715754,0.0018522132723484
dropout,drop_recent,10,20260910,2017-12-31,1343,1817,2018-07-20,0.014110592016959,0.001787368337296,0.0018522132723484
dropout,drop_recent,10,20260910,2017-12-31,1343,1822,2018-07-27,-0.0590851640938977,-0.0024980852643024,0.0018522132723484
dropout,drop_recent,10,20260910,2017-12-31,1343,1827,2018-08-03,0.0172541822374894,-0.0046785839222038,0.0018522132723484
dropout,drop_recent,10,20260910,2017-12-31,1343,1832,2018-08-10,-0.0390981548851923,0.0004983898884973,0.0018522132723484
dropout,drop_recent,10,20260910,2017-12-31,1343,1837,2018-08-17,0.0312424727164923,0.0012229746164119,0.0018522132723484
dropout,drop_recent,10,20260910,2017-12-31,1343,1842,2018-08-24,-0.005599825117761,-0.0020492800762378,0.0018522132723484
dropout,drop_recent,10,20260910,2017-12-31,1343,1847,2018-08-31,-0.0148493234839747,-0.0029453711033895,0.0018522132723484
dropout,drop_recent,10,20260910,2017-12-31,1343,1852,2018-09-07,-0.0141989007697058,-0.0023668379802181,0.0018522132723484
dropout,drop_recent,10,20260910,2017-12-31,1343,1857,2018-09-14,0.0468351251034906,0.0002654551950958,0.0018522132723484
dropout,drop_recent,10,20260910,2017-12-31,1343,1862,2018-09-21,-0.00426840285903,0.0002975520141968,0.0018522132723484
dropout,drop_recent,10,20260910,2017-12-31,1343,1866,2018-09-28,-0.055840145646664,0.0021828946765425,0.0018522132723484
dropout,drop_recent,10,20260910,2017-12-31,1343,1871,2018-10-12,-0.0045024181987176,0.0063522976069971,0.0018522132723484
dropout,drop_recent,10,20260910,2017-12-31,1343,1876,2018-10-19,-0.0006551545151857,0.0086188551386456,0.0018522132723484
dropout,drop_recent,10,20260910,2017-12-31,1343,1881,2018-10-26,0.0354648787486262,0.0103091163062449,0.0018522132723484
dropout,drop_recent,10,20260910,2017-12-31,1343,1886,2018-11-02,-0.0334060260531522,0.0104015882824279,0.0018522132723484
dropout,drop_recent,10,20260910,2017-12-31,1343,1891,2018-11-09,0.0311810774464045,0.0076608378168682,0.0018522132723484
dropout,drop_recent,10,20260910,2017-12-31,1343,1896,2018-11-16,-0.0337916834162372,0.0069364977645854,0.0018522132723484
dropout,drop_recent,10,20260910,2017-12-31,1343,1901,2018-11-23,0.0355769261307155,0.0057049374212577,0.0018522132723484
dropout,drop_recent,10,20260910,2017-12-31,1343,1906,2018-11-30,-0.0328672765580291,0.0066165285051906,0.0018522132723484
dropout,drop_recent,10,20260910,2017-12-31,1343,1911,2018-12-07,0.0015094243892539,0.0059727695787012,0.0018522132723484
dropout,drop_recent,10,20260910,2017-12-31,1343,1916,2018-12-14,-0.0452081512722115,0.0086064614509339,0.0018522132723484
dropout,drop_recent,10,20260910,2017-12-31,1343,1921,2018-12-21,0.0005206433427293,0.0056224530754662,0.0018522132723484
dropout,drop_recent,10,20260910,2017-12-31,1343,1926,2018-12-28,0.0126215169021599,0.0069134255268094,0.0018522132723484
decay,drop_recent,10,20260910,2017-12-31,1343,1687,2018-01-05,0.0214907567286908,-0.0053097598745183,0.0018522132723484
decay,drop_recent,10,20260910,2017-12-31,1343,1692,2018-01-12,0.0110264218031885,0.008444207791903,0.0018522132723484
decay,drop_recent,10,20260910,2017-12-31,1343,1697,2018-01-19,0.0258577147560612,-0.0033993807059017,0.0018522132723484
decay,drop_recent,10,20260910,2017-12-31,1343,1702,2018-01-26,-0.0416224077172412,-0.005010316396078,0.0018522132723484
decay,drop_recent,10,20260910,2017-12-31,1343,1707,2018-02-02,-0.0851928666225865,-0.0033529857749786,0.0018522132723484
decay,drop_recent,10,20260910,2017-12-31,1343,1712,2018-02-09,0.0642518595938403,-0.0005182413352113,0.0018522132723484
decay,drop_recent,10,20260910,2017-12-31,1343,1717,2018-02-23,-0.0175257731958763,0.0091538677879226,0.0018522132723484
decay,drop_recent,10,20260910,2017-12-31,1343,1722,2018-03-02,0.0271156686542373,0.0089964734447366,0.0018522132723484
decay,drop_recent,10,20260910,2017-12-31,1343,1727,2018-03-09,-0.0184205620825476,0.0085504316945411,0.0018522132723484
decay,drop_recent,10,20260910,2017-12-31,1343,1732,2018-03-16,-0.0473361252102539,0.0086682666118561,0.0018522132723484
decay,drop_recent,10,20260910,2017-12-31,1343,1737,2018-03-23,0.0088849998317235,-0.0044825269760336,0.0018522132723484
decay,drop_recent,10,20260910,2017-12-31,1343,1742,2018-03-30,-0.0088632053805354,-0.0056377210684772,0.0018522132723484
decay,drop_recent,10,20260910,2017-12-31,1343,1750,2018-04-13,-0.0279044238531301,-0.0050011757383214,0.0018522132723484
decay,drop_recent,10,20260910,2017-12-31,1343,1755,2018-04-20,0.0040589236395014,-0.0036976643833158,0.0018522132723484
decay,drop_recent,10,20260910,2017-12-31,1343,1760,2018-04-27,0.003344889692912,-0.0021914883951464,0.0018522132723484
decay,drop_recent,10,20260910,2017-12-31,1343,1763,2018-05-04,0.0275819951672684,0.0012316037070318,0.0018522132723484
decay,drop_recent,10,20260910,2017-12-31,1343,1768,2018-05-11,0.0099488791752746,0.0089497192066849,0.0018522132723484
decay,drop_recent,10,20260910,2017-12-31,1343,1773,2018-05-18,-0.0278382082465087,0.0097541438088232,0.0018522132723484
decay,drop_recent,10,20260910,2017-12-31,1343,1778,2018-05-25,-0.0081414788300587,0.0075847451403126,0.0018522132723484
decay,drop_recent,10,20260910,2017-12-31,1343,1783,2018-06-01,-0.0039575292125362,-0.0038539061501495,0.0018522132723484
decay,drop_recent,10,20260910,2017-12-31,1343,1788,2018-06-08,-0.0179141214945586,-0.0047199095400862,0.0018522132723484
decay,drop_recent,10,20260910,2017-12-31,1343,1793,2018-06-15,-0.0207606943097817,-0.0046811978093176,0.0018522132723484
decay,drop_recent,10,20260910,2017-12-31,1343,1797,2018-06-22,-0.0334657179105301,-0.0049396634175255,0.0018522132723484
decay,drop_recent,10,20260910,2017-12-31,1343,1802,2018-06-29,-0.0358257762964908,-0.0049032077116768,0.0018522132723484
decay,drop_recent,10,20260910,2017-12-31,1343,1807,2018-07-06,0.0325726343702554,-0.00472608085676,0.0018522132723484
decay,drop_recent,10,20260910,2017-12-31,1343,1812,2018-07-13,-0.0049040261165902,-0.0051388231204281,0.0018522132723484
decay,drop_recent,10,20260910,2017-12-31,1343,1817,2018-07-20,0.014110592016959,-0.0053006225882764,0.0018522132723484
decay,drop_recent,10,20260910,2017-12-31,1343,1822,2018-07-27,-0.0590851640938977,-0.0050032549995468,0.0018522132723484
decay,drop_recent,10,20260910,2017-12-31,1343,1827,2018-08-03,0.0172541822374894,-0.0052778489703659,0.0018522132723484
decay,drop_recent,10,20260910,2017-12-31,1343,1832,2018-08-10,-0.0390981548851923,-0.0051677892473899,0.0018522132723484
decay,drop_recent,10,20260910,2017-12-31,1343,1837,2018-08-17,0.0312424727164923,-0.0049565734898816,0.0018522132723484
decay,drop_recent,10,20260910,2017-12-31,1343,1842,2018-08-24,-0.005599825117761,-0.0048584744558121,0.0018522132723484
decay,drop_recent,10,20260910,2017-12-31,1343,1847,2018-08-31,-0.0148493234839747,-0.0049388561805985,0.0018522132723484
decay,drop_recent,10,20260910,2017-12-31,1343,1852,2018-09-07,-0.0141989007697058,-0.0044363064005803,0.0018522132723484
decay,drop_recent,10,20260910,2017-12-31,1343,1857,2018-09-14,0.0468351251034906,-0.0029718591671118,0.0018522132723484
decay,drop_recent,10,20260910,2017-12-31,1343,1862,2018-09-21,-0.00426840285903,-0.0038932671383033,0.0018522132723484
decay,drop_recent,10,20260910,2017-12-31,1343,1866,2018-09-28,-0.055840145646664,-0.0028663721812388,0.0018522132723484
decay,drop_recent,10,20260910,2017-12-31,1343,1871,2018-10-12,-0.0045024181987176,0.0014456651432833,0.0018522132723484
decay,drop_recent,10,20260910,2017-12-31,1343,1876,2018-10-19,-0.0006551545151857,-0.0012929140066609,0.0018522132723484
decay,drop_recent,10,20260910,2017-12-31,1343,1881,2018-10-26,0.0354648787486262,-0.0033292055191341,0.0018522132723484
decay,drop_recent,10,20260910,2017-12-31,1343,1886,2018-11-02,-0.0334060260531522,-0.0006024357613782,0.0018522132723484
decay,drop_recent,10,20260910,2017-12-31,1343,1891,2018-11-09,0.0311810774464045,-0.00332108498537,0.0018522132723484
decay,drop_recent,10,20260910,2017-12-31,1343,1896,2018-11-16,-0.0337916834162372,-0.0033596536675901,0.0018522132723484
decay,drop_recent,10,20260910,2017-12-31,1343,1901,2018-11-23,0.0355769261307155,-0.0026441171216028,0.0018522132723484
decay,drop_recent,10,20260910,2017-12-31,1343,1906,2018-11-30,-0.0328672765580291,-0.0038330846391991,0.0018522132723484
decay,drop_recent,10,20260910,2017-12-31,1343,1911,2018-12-07,0.0015094243892539,0.0082561500049709,0.0018522132723484
decay,drop_recent,10,20260910,2017-12-31,1343,1916,2018-12-14,-0.0452081512722115,-0.0027150561972523,0.0018522132723484
decay,drop_recent,10,20260910,2017-12-31,1343,1921,2018-12-21,0.0005206433427293,-0.0044614516381974,0.0018522132723484
decay,drop_recent,10,20260910,2017-12-31,1343,1926,2018-12-28,0.0126215169021599,-0.0034009850652118,0.0018522132723484
combined,drop_recent,10,20260910,2017-12-31,1343,1687,2018-01-05,0.0214907567286908,0.0014048789677388,0.0018522132723484
combined,drop_recent,10,20260910,2017-12-31,1343,1692,2018-01-12,0.0110264218031885,0.0014196921386235,0.0018522132723484
combined,drop_recent,10,20260910,2017-12-31,1343,1697,2018-01-19,0.0258577147560612,0.0014080286848533,0.0018522132723484
combined,drop_recent,10,20260910,2017-12-31,1343,1702,2018-01-26,-0.0416224077172412,0.0014223259537968,0.0018522132723484
combined,drop_recent,10,20260910,2017-12-31,1343,1707,2018-02-02,-0.0851928666225865,0.0014241627971011,0.0018522132723484
combined,drop_recent,10,20260910,2017-12-31,1343,1712,2018-02-09,0.0642518595938403,0.0014645452337709,0.0018522132723484
combined,drop_recent,10,20260910,2017-12-31,1343,1717,2018-02-23,-0.0175257731958763,0.0014653597254748,0.0018522132723484
combined,drop_recent,10,20260910,2017-12-31,1343,1722,2018-03-02,0.0271156686542373,0.0014863473437255,0.0018522132723484
combined,drop_recent,10,20260910,2017-12-31,1343,1727,2018-03-09,-0.0184205620825476,0.0014271250038181,0.0018522132723484
combined,drop_recent,10,20260910,2017-12-31,1343,1732,2018-03-16,-0.0473361252102539,0.0013804431630221,0.0018522132723484
combined,drop_recent,10,20260910,2017-12-31,1343,1737,2018-03-23,0.0088849998317235,0.0013331189282813,0.0018522132723484
combined,drop_recent,10,20260910,2017-12-31,1343,1742,2018-03-30,-0.0088632053805354,0.0013161512993543,0.0018522132723484
combined,drop_recent,10,20260910,2017-12-31,1343,1750,2018-04-13,-0.0279044238531301,0.0013075139003591,0.0018522132723484
combined,drop_recent,10,20260910,2017-12-31,1343,1755,2018-04-20,0.0040589236395014,0.0013516552145869,0.0018522132723484
combined,drop_recent,10,20260910,2017-12-31,1343,1760,2018-04-27,0.003344889692912,0.0013324687678119,0.0018522132723484
combined,drop_recent,10,20260910,2017-12-31,1343,1763,2018-05-04,0.0275819951672684,0.0013020736002998,0.0018522132723484
combined,drop_recent,10,20260910,2017-12-31,1343,1768,2018-05-11,0.0099488791752746,0.0013538233995102,0.0018522132723484
combined,drop_recent,10,20260910,2017-12-31,1343,1773,2018-05-18,-0.0278382082465087,0.0013297481361373,0.0018522132723484
combined,drop_recent,10,20260910,2017-12-31,1343,1778,2018-05-25,-0.0081414788300587,0.001297997679957,0.0018522132723484
combined,drop_recent,10,20260910,2017-12-31,1343,1783,2018-06-01,-0.0039575292125362,0.0012836447810224,0.0018522132723484
combined,drop_recent,10,20260910,2017-12-31,1343,1788,2018-06-08,-0.0179141214945586,0.0013047098236978,0.0018522132723484
combined,drop_recent,10,20260910,2017-12-31,1343,1793,2018-06-15,-0.0207606943097817,0.0013104951621542,0.0018522132723484
combined,drop_recent,10,20260910,2017-12-31,1343,1797,2018-06-22,-0.0334657179105301,0.0013075593556007,0.0018522132723484
combined,drop_recent,10,20260910,2017-12-31,1343,1802,2018-06-29,-0.0358257762964908,0.0012977287414611,0.0018522132723484
combined,drop_recent,10,20260910,2017-12-31,1343,1807,2018-07-06,0.0325726343702554,0.001288522278964,0.0018522132723484
combined,drop_recent,10,20260910,2017-12-31,1343,1812,2018-07-13,-0.0049040261165902,0.0012896625733701,0.0018522132723484
combined,drop_recent,10,20260910,2017-12-31,1343,1817,2018-07-20,0.014110592016959,0.0013161953096611,0.0018522132723484
combined,drop_recent,10,20260910,2017-12-31,1343,1822,2018-07-27,-0.0590851640938977,0.0013261408563255,0.0018522132723484
combined,drop_recent,10,20260910,2017-12-31,1343,1827,2018-08-03,0.0172541822374894,0.0013219986495972,0.0018522132723484
combined,drop_recent,10,20260910,2017-12-31,1343,1832,2018-08-10,-0.0390981548851923,0.0013312588757113,0.0018522132723484
combined,drop_recent,10,20260910,2017-12-31,1343,1837,2018-08-17,0.0312424727164923,0.0013269056482917,0.0018522132723484
combined,drop_recent,10,20260910,2017-12-31,1343,1842,2018-08-24,-0.005599825117761,0.0013128835792283,0.0018522132723484
combined,drop_recent,10,20260910,2017-12-31,1343,1847,2018-08-31,-0.0148493234839747,0.0013021163462886,0.0018522132723484
combined,drop_recent,10,20260910,2017-12-31,1343,1852,2018-09-07,-0.0141989007697058,0.0013024361585317,0.0018522132723484
combined,drop_recent,10,20260910,2017-12-31,1343,1857,2018-09-14,0.0468351251034906,0.0012876282255358,0.0018522132723484
combined,drop_recent,10,20260910,2017-12-31,1343,1862,2018-09-21,-0.00426840285903,0.0013196543030355,0.0018522132723484
combined,drop_recent,10,20260910,2017-12-31,1343,1866,2018-09-28,-0.055840145646664,0.0013546399984108,0.0018522132723484
combined,drop_recent,10,20260910,2017-12-31,1343,1871,2018-10-12,-0.0045024181987176,0.0013377248386799,0.0018522132723484
combined,drop_recent,10,20260910,2017-12-31,1343,1876,2018-10-19,-0.0006551545151857,0.0013684303661531,0.0018522132723484
combined,drop_recent,10,20260910,2017-12-31,1343,1881,2018-10-26,0.0354648787486262,0.0013634066889708,0.0018522132723484
combined,drop_recent,10,20260910,2017-12-31,1343,1886,2018-11-02,-0.0334060260531522,0.0014125233954753,0.0018522132723484
combined,drop_recent,10,20260910,2017-12-31,1343,1891,2018-11-09,0.0311810774464045,0.0014097766345624,0.0018522132723484
combined,drop_recent,10,20260910,2017-12-31,1343,1896,2018-11-16,-0.0337916834162372,0.0013896629610636,0.0018522132723484
combined,drop_recent,10,20260910,2017-12-31,1343,1901,2018-11-23,0.0355769261307155,0.0013746968077034,0.0018522132723484
combined,drop_recent,10,20260910,2017-12-31,1343,1906,2018-11-30,-0.0328672765580291,0.0013403797860251,0.0018522132723484
combined,drop_recent,10,20260910,2017-12-31,1343,1911,2018-12-07,0.0015094243892539,0.0013559005535389,0.0018522132723484
combined,drop_recent,10,20260910,2017-12-31,1343,1916,2018-12-14,-0.0452081512722115,0.0013234904846072,0.0018522132723484
combined,drop_recent,10,20260910,2017-12-31,1343,1921,2018-12-21,0.0005206433427293,0.0012901735986562,0.0018522132723484
combined,drop_recent,10,20260910,2017-12-31,1343,1926,2018-12-28,0.0126215169021599,0.0013288162133753,0.0018522132723484
baseline,drop_early,10,20260910,2018-12-31,1536,1929,2019-01-04,0.0122252589889202,-0.0056062350905025,0.0015326182850379
baseline,drop_early,10,20260910,2018-12-31,1536,1934,2019-01-11,0.0253451899757477,0.0011618116981192,0.0015326182850379
baseline,drop_early,10,20260910,2018-12-31,1536,1939,2019-01-18,0.0101675244727015,0.0029268529600804,0.0015326182850379
baseline,drop_early,10,20260910,2018-12-31,1536,1944,2019-01-25,0.011454456904518,0.0115545095776592,0.0015326182850379
baseline,drop_early,10,20260910,2018-12-31,1536,1949,2019-02-01,0.0390794521900976,0.0121003236629275,0.0015326182850379
baseline,drop_early,10,20260910,2018-12-31,1536,1954,2019-02-15,0.0622114887625429,0.0124821170686157,0.0015326182850379
baseline,drop_early,10,20260910,2018-12-31,1536,1959,2019-02-22,0.057941468462044,0.0061929155029026,0.0015326182850379
baseline,drop_early,10,20260910,2018-12-31,1536,1964,2019-03-01,-0.0314720436474369,0.006339892097925,0.0015326182850379
baseline,drop_early,10,20260910,2018-12-31,1536,1969,2019-03-08,0.0244706575909257,0.0030052792867568,0.0015326182850379
baseline,drop_early,10,20260910,2018-12-31,1536,1974,2019-03-15,0.0060741040696496,-0.0010646190095917,0.0015326182850379
baseline,drop_early,10,20260910,2018-12-31,1536,1979,2019-03-22,0.0330284606666595,-0.0048407687396696,0.0015326182850379
baseline,drop_early,10,20260910,2018-12-31,1536,1984,2019-03-29,0.0398136969165658,-0.0042011267754801,0.0015326182850379
baseline,drop_early,10,20260910,2018-12-31,1536,1993,2019-04-12,0.0171281082906651,0.0015848180420865,0.0015326182850379
baseline,drop_early,10,20260910,2018-12-31,1536,1998,2019-04-19,-0.0555966233394814,0.0037170006545484,0.0015326182850379
baseline,drop_early,10,20260910,2018-12-31,1536,2003,2019-04-26,-0.0566702082338871,0.004536834770605,0.0015326182850379
baseline,drop_early,10,20260910,2018-12-31,1536,2010,2019-05-10,-0.010887544344571,0.0063902662764797,0.0015326182850379
baseline,drop_early,10,20260910,2018-12-31,1536,2015,2019-05-17,-0.011865534939242,0.0072372904692826,0.0015326182850379
baseline,drop_early,10,20260910,2018-12-31,1536,2020,2019-05-24,0.013363580693648,0.0056131540835752,0.0015326182850379
baseline,drop_early,10,20260910,2018-12-31,1536,2025,2019-05-31,0.0037988139350273,0.0056595135936702,0.0015326182850379
baseline,drop_early,10,20260910,2018-12-31,1536,2034,2019-06-14,0.0497668589441884,0.0083751460083799,0.0015326182850379
baseline,drop_early,10,20260910,2018-12-31,1536,2039,2019-06-21,0.0164272438880068,0.0073497459577939,0.0015326182850379
baseline,drop_early,10,20260910,2018-12-31,1536,2044,2019-06-28,-0.0060471927228523,0.0044913078825795,0.0015326182850379
baseline,drop_early,10,20260910,2018-12-31,1536,2049,2019-07-05,-0.0214435915629233,0.0026249120533528,0.0015326182850379
baseline,drop_early,10,20260910,2018-12-31,1536,2054,2019-07-12,0.005500126560918,-0.0083021692883878,0.0015326182850379
baseline,drop_early,10,20260910,2018-12-31,1536,2059,2019-07-19,0.011653336829684,-0.0166478226139254,0.0015326182850379
baseline,drop_early,10,20260910,2018-12-31,1536,2064,2019-07-26,-0.0346117357968243,-0.0113156761062405,0.0015326182850379
baseline,drop_early,10,20260910,2018-12-31,1536,2069,2019-08-02,-0.0205509060495487,-0.0119381740103693,0.0015326182850379
baseline,drop_early,10,20260910,2018-12-31,1536,2074,2019-08-09,0.024167527899843,-0.0155769232772463,0.0015326182850379
baseline,drop_early,10,20260910,2018-12-31,1536,2079,2019-08-16,0.0054416051262971,-0.0162167473707217,0.0015326182850379
baseline,drop_early,10,20260910,2018-12-31,1536,2084,2019-08-23,0.0125999637947373,-0.0169496130140534,0.0015326182850379
baseline,drop_early,10,20260910,2018-12-31,1536,2089,2019-08-30,0.0466047443403643,-0.0161175316815408,0.0015326182850379
baseline,drop_early,10,20260910,2018-12-31,1536,2094,2019-09-06,-0.0140091837144809,-0.01563588969827,0.0015326182850379
baseline,drop_early,10,20260910,2018-12-31,1536,2103,2019-09-20,-0.021176044981262,-0.0144160564200902,0.0015326182850379
baseline,drop_early,10,20260910,2018-12-31,1536,2108,2019-09-27,0.0267538071924768,-0.0093843771584849,0.0015326182850379
baseline,drop_early,10,20260910,2018-12-31,1536,2113,2019-10-11,-0.0201578763251421,-0.0044491290509638,0.0015326182850379
baseline,drop_early,10,20260910,2018-12-31,1536,2118,2019-10-18,0.0102552427470803,0.0058757258325793,0.0015326182850379
baseline,drop_early,10,20260910,2018-12-31,1536,2123,2019-10-25,0.0151165947072713,0.0093506913183506,0.0015326182850379
baseline,drop_early,10,20260910,2018-12-31,1536,2128,2019-11-01,-0.0038824321835717,-0.0024316659986065,0.0015326182850379
baseline,drop_early,10,20260910,2018-12-31,1536,2133,2019-11-08,-0.0187863101539271,-0.006622197453605,0.0015326182850379
baseline,drop_early,10,20260910,2018-12-31,1536,2138,2019-11-15,-0.0060576496216228,0.0008665981647225,0.0015326182850379
baseline,drop_early,10,20260910,2018-12-31,1536,2143,2019-11-22,-0.0040145729517496,0.0054399691277784,0.0015326182850379
baseline,drop_early,10,20260910,2018-12-31,1536,2148,2019-11-29,0.0192986069649145,-0.0020595089273795,0.0015326182850379
baseline,drop_early,10,20260910,2018-12-31,1536,2153,2019-12-06,0.0156489398981463,0.00020387680133,0.0015326182850379
baseline,drop_early,10,20260910,2018-12-31,1536,2158,2019-12-13,0.0110761047772312,0.0016139448181963,0.0015326182850379
baseline,drop_early,10,20260910,2018-12-31,1536,2163,2019-12-20,0.0002067407446153,0.0019492431016382,0.0015326182850379
baseline,drop_early,10,20260910,2018-12-31,1536,2168,2019-12-27,0.0261485436506356,0.0043351063740246,0.0015326182850379
small,drop_early,10,20260910,2018-12-31,1536,1929,2019-01-04,0.0122252589889202,-0.0009073990549344,0.0015326182850379
small,drop_early,10,20260910,2018-12-31,1536,1934,2019-01-11,0.0253451899757477,-3.485231157398529e-05,0.0015326182850379
small,drop_early,10,20260910,2018-12-31,1536,1939,2019-01-18,0.0101675244727015,-0.0025295411466949,0.0015326182850379
small,drop_early,10,20260910,2018-12-31,1536,1944,2019-01-25,0.011454456904518,-0.0035046104863361,0.0015326182850379
small,drop_early,10,20260910,2018-12-31,1536,1949,2019-02-01,0.0390794521900976,-0.0023682271951896,0.0015326182850379
small,drop_early,10,20260910,2018-12-31,1536,1954,2019-02-15,0.0622114887625429,0.0004705201613629,0.0015326182850379
small,drop_early,10,20260910,2018-12-31,1536,1959,2019-02-22,0.057941468462044,-0.0002525545114848,0.0015326182850379
small,drop_early,10,20260910,2018-12-31,1536,1964,2019-03-01,-0.0314720436474369,0.001550347245938,0.0015326182850379
small,drop_early,10,20260910,2018-12-31,1536,1969,2019-03-08,0.0244706575909257,0.0020792765112925,0.0015326182850379
small,drop_early,10,20260910,2018-12-31,1536,1974,2019-03-15,0.0060741040696496,0.0051101608102716,0.0015326182850379
small,drop_early,10,20260910,2018-12-31,1536,1979,2019-03-22,0.0330284606666595,0.0057637402289321,0.0015326182850379
small,drop_early,10,20260910,2018-12-31,1536,1984,2019-03-29,0.0398136969165658,0.0036158606542727,0.0015326182850379
small,drop_early,10,20260910,2018-12-31,1536,1993,2019-04-12,0.0171281082906651,0.0042196320599987,0.0015326182850379
small,drop_early,10,20260910,2018-12-31,1536,1998,2019-04-19,-0.0555966233394814,0.0050516497124626,0.0015326182850379
small,drop_early,10,20260910,2018-12-31,1536,2003,2019-04-26,-0.0566702082338871,0.0065778907376429,0.0015326182850379
small,drop_early,10,20260910,2018-12-31,1536,2010,2019-05-10,-0.010887544344571,0.0057773868850921,0.0015326182850379
small,drop_early,10,20260910,2018-12-31,1536,2015,2019-05-17,-0.011865534939242,0.005015853048936,0.0015326182850379
small,drop_early,10,20260910,2018-12-31,1536,2020,2019-05-24,0.013363580693648,0.0041013760362707,0.0015326182850379
small,drop_early,10,20260910,2018-12-31,1536,2025,2019-05-31,0.0037988139350273,0.001939781180962,0.0015326182850379
small,drop_early,10,20260910,2018-12-31,1536,2034,2019-06-14,0.0497668589441884,0.0002058597936983,0.0015326182850379
small,drop_early,10,20260910,2018-12-31,1536,2039,2019-06-21,0.0164272438880068,-0.0009814622115878,0.0015326182850379
small,drop_early,10,20260910,2018-12-31,1536,2044,2019-06-28,-0.0060471927228523,-0.0037516938565444,0.0015326182850379
small,drop_early,10,20260910,2018-12-31,1536,2049,2019-07-05,-0.0214435915629233,-0.0038142493981261,0.0015326182850379
small,drop_early,10,20260910,2018-12-31,1536,2054,2019-07-12,0.005500126560918,-0.0050117664053311,0.0015326182850379
small,drop_early,10,20260910,2018-12-31,1536,2059,2019-07-19,0.011653336829684,-0.0044264211368229,0.0015326182850379
small,drop_early,10,20260910,2018-12-31,1536,2064,2019-07-26,-0.0346117357968243,-0.0042982468911828,0.0015326182850379
small,drop_early,10,20260910,2018-12-31,1536,2069,2019-08-02,-0.0205509060495487,-0.0040655721643378,0.0015326182850379
small,drop_early,10,20260910,2018-12-31,1536,2074,2019-08-09,0.024167527899843,-0.0046173582645443,0.0015326182850379
small,drop_early,10,20260910,2018-12-31,1536,2079,2019-08-16,0.0054416051262971,-0.0045462183046635,0.0015326182850379
small,drop_early,10,20260910,2018-12-31,1536,2084,2019-08-23,0.0125999637947373,-0.0040444108277608,0.0015326182850379
small,drop_early,10,20260910,2018-12-31,1536,2089,2019-08-30,0.0466047443403643,-0.0033337262711368,0.0015326182850379
small,drop_early,10,20260910,2018-12-31,1536,2094,2019-09-06,-0.0140091837144809,-0.0039231800981423,0.0015326182850379
small,drop_early,10,20260910,2018-12-31,1536,2103,2019-09-20,-0.021176044981262,-0.0020793329829349,0.0015326182850379
small,drop_early,10,20260910,2018-12-31,1536,2108,2019-09-27,0.0267538071924768,-0.0020869106913865,0.0015326182850379
small,drop_early,10,20260910,2018-12-31,1536,2113,2019-10-11,-0.0201578763251421,0.002528812991809,0.0015326182850379
small,drop_early,10,20260910,2018-12-31,1536,2118,2019-10-18,0.0102552427470803,0.0038006266854022,0.0015326182850379
small,drop_early,10,20260910,2018-12-31,1536,2123,2019-10-25,0.0151165947072713,0.0003165905961137,0.0015326182850379
small,drop_early,10,20260910,2018-12-31,1536,2128,2019-11-01,-0.0038824321835717,0.0003958501968739,0.0015326182850379
small,drop_early,10,20260910,2018-12-31,1536,2133,2019-11-08,-0.0187863101539271,0.0052660330516808,0.0015326182850379
small,drop_early,10,20260910,2018-12-31,1536,2138,2019-11-15,-0.0060576496216228,0.003867185593865,0.0015326182850379
small,drop_early,10,20260910,2018-12-31,1536,2143,2019-11-22,-0.0040145729517496,0.0020898863572143,0.0015326182850379
small,drop_early,10,20260910,2018-12-31,1536,2148,2019-11-29,0.0192986069649145,0.0002917711341479,0.0015326182850379
small,drop_early,10,20260910,2018-12-31,1536,2153,2019-12-06,0.0156489398981463,-0.0007402634864215,0.0015326182850379
small,drop_early,10,20260910,2018-12-31,1536,2158,2019-12-13,0.0110761047772312,-0.0001070510337654,0.0015326182850379
small,drop_early,10,20260910,2018-12-31,1536,2163,2019-12-20,0.0002067407446153,0.0018000166231221,0.0015326182850379
small,drop_early,10,20260910,2018-12-31,1536,2168,2019-12-27,0.0261485436506356,0.0028545071000291,0.0015326182850379
dropout,drop_early,10,20260910,2018-12-31,1536,1929,2019-01-04,0.0122252589889202,0.0015746125502108,0.0015326182850379
dropout,drop_early,10,20260910,2018-12-31,1536,1934,2019-01-11,0.0253451899757477,-0.0011157825599441,0.0015326182850379
dropout,drop_early,10,20260910,2018-12-31,1536,1939,2019-01-18,0.0101675244727015,-0.0015754331926248,0.0015326182850379
dropout,drop_early,10,20260910,2018-12-31,1536,1944,2019-01-25,0.011454456904518,-0.0002031128218336,0.0015326182850379
dropout,drop_early,10,20260910,2018-12-31,1536,1949,2019-02-01,0.0390794521900976,-0.0039192080279404,0.0015326182850379
dropout,drop_early,10,20260910,2018-12-31,1536,1954,2019-02-15,0.0622114887625429,-0.0003160543868937,0.0015326182850379
dropout,drop_early,10,20260910,2018-12-31,1536,1959,2019-02-22,0.057941468462044,0.0009857095223462,0.0015326182850379
dropout,drop_early,10,20260910,2018-12-31,1536,1964,2019-03-01,-0.0314720436474369,0.0031202274253637,0.0015326182850379
dropout,drop_early,10,20260910,2018-12-31,1536,1969,2019-03-08,0.0244706575909257,0.0008043913963766,0.0015326182850379
dropout,drop_early,10,20260910,2018-12-31,1536,1974,2019-03-15,0.0060741040696496,0.0030931802483853,0.0015326182850379
dropout,drop_early,10,20260910,2018-12-31,1536,1979,2019-03-22,0.0330284606666595,0.0016169593444927,0.0015326182850379
dropout,drop_early,10,20260910,2018-12-31,1536,1984,2019-03-29,0.0398136969165658,0.0003720468989609,0.0015326182850379
dropout,drop_early,10,20260910,2018-12-31,1536,1993,2019-04-12,0.0171281082906651,0.0027092340006427,0.0015326182850379
dropout,drop_early,10,20260910,2018-12-31,1536,1998,2019-04-19,-0.0555966233394814,0.0032245177406742,0.0015326182850379
dropout,drop_early,10,20260910,2018-12-31,1536,2003,2019-04-26,-0.0566702082338871,0.004404362665026,0.0015326182850379
dropout,drop_early,10,20260910,2018-12-31,1536,2010,2019-05-10,-0.010887544344571,0.0059091041756234,0.0015326182850379
dropout,drop_early,10,20260910,2018-12-31,1536,2015,2019-05-17,-0.011865534939242,0.0062499932562718,0.0015326182850379
dropout,drop_early,10,20260910,2018-12-31,1536,2020,2019-05-24,0.013363580693648,0.0029579567517622,0.0015326182850379
dropout,drop_early,10,20260910,2018-12-31,1536,2025,2019-05-31,0.0037988139350273,0.003108146907192,0.0015326182850379
dropout,drop_early,10,20260910,2018-12-31,1536,2034,2019-06-14,0.0497668589441884,0.0045504609969883,0.0015326182850379
dropout,drop_early,10,20260910,2018-12-31,1536,2039,2019-06-21,0.0164272438880068,0.0046572426583661,0.0015326182850379
dropout,drop_early,10,20260910,2018-12-31,1536,2044,2019-06-28,-0.0060471927228523,-0.0020052102756557,0.0015326182850379
dropout,drop_early,10,20260910,2018-12-31,1536,2049,2019-07-05,-0.0214435915629233,-0.0034698642176052,0.0015326182850379
dropout,drop_early,10,20260910,2018-12-31,1536,2054,2019-07-12,0.005500126560918,-0.0041415218152654,0.0015326182850379
dropout,drop_early,10,20260910,2018-12-31,1536,2059,2019-07-19,0.011653336829684,-0.0042302300790806,0.0015326182850379
dropout,drop_early,10,20260910,2018-12-31,1536,2064,2019-07-26,-0.0346117357968243,-0.0040954917896542,0.0015326182850379
dropout,drop_early,10,20260910,2018-12-31,1536,2069,2019-08-02,-0.0205509060495487,-0.0043121278377607,0.0015326182850379
dropout,drop_early,10,20260910,2018-12-31,1536,2074,2019-08-09,0.024167527899843,0.0007071895615671,0.0015326182850379
dropout,drop_early,10,20260910,2018-12-31,1536,2079,2019-08-16,0.0054416051262971,-0.0024448201667452,0.0015326182850379
dropout,drop_early,10,20260910,2018-12-31,1536,2084,2019-08-23,0.0125999637947373,-0.0071540575667106,0.0015326182850379
dropout,drop_early,10,20260910,2018-12-31,1536,2089,2019-08-30,0.0466047443403643,-0.0035696623727602,0.0015326182850379
dropout,drop_early,10,20260910,2018-12-31,1536,2094,2019-09-06,-0.0140091837144809,-0.005435915084881,0.0015326182850379
dropout,drop_early,10,20260910,2018-12-31,1536,2103,2019-09-20,-0.021176044981262,0.0010093048820799,0.0015326182850379
dropout,drop_early,10,20260910,2018-12-31,1536,2108,2019-09-27,0.0267538071924768,0.0003618128848621,0.0015326182850379
dropout,drop_early,10,20260910,2018-12-31,1536,2113,2019-10-11,-0.0201578763251421,0.0011826704457962,0.0015326182850379
dropout,drop_early,10,20260910,2018-12-31,1536,2118,2019-10-18,0.0102552427470803,0.0037400058871417,0.0015326182850379
dropout,drop_early,10,20260910,2018-12-31,1536,2123,2019-10-25,0.0151165947072713,0.0024311431195088,0.0015326182850379
dropout,drop_early,10,20260910,2018-12-31,1536,2128,2019-11-01,-0.0038824321835717,0.0068214632289914,0.0015326182850379
dropout,drop_early,10,20260910,2018-12-31,1536,2133,2019-11-08,-0.0187863101539271,0.0013402808482603,0.0015326182850379
dropout,drop_early,10,20260910,2018-12-31,1536,2138,2019-11-15,-0.0060576496216228,0.0007697888967658,0.0015326182850379
dropout,drop_early,10,20260910,2018-12-31,1536,2143,2019-11-22,-0.0040145729517496,0.002821641892121,0.0015326182850379
dropout,drop_early,10,20260910,2018-12-31,1536,2148,2019-11-29,0.0192986069649145,-0.0016508812273329,0.0015326182850379
dropout,drop_early,10,20260910,2018-12-31,1536,2153,2019-12-06,0.0156489398981463,0.0016552139926958,0.0015326182850379
dropout,drop_early,10,20260910,2018-12-31,1536,2158,2019-12-13,0.0110761047772312,0.0039832560661621,0.0015326182850379
dropout,drop_early,10,20260910,2018-12-31,1536,2163,2019-12-20,0.0002067407446153,0.0053315539536168,0.0015326182850379
dropout,drop_early,10,20260910,2018-12-31,1536,2168,2019-12-27,0.0261485436506356,-0.0012120376702078,0.0015326182850379
decay,drop_early,10,20260910,2018-12-31,1536,1929,2019-01-04,0.0122252589889202,-0.002152781724921,0.0015326182850379
decay,drop_early,10,20260910,2018-12-31,1536,1934,2019-01-11,0.0253451899757477,-0.0023684454025918,0.0015326182850379
decay,drop_early,10,20260910,2018-12-31,1536,1939,2019-01-18,0.0101675244727015,4.867211374145184e-05,0.0015326182850379
decay,drop_early,10,20260910,2018-12-31,1536,1944,2019-01-25,0.011454456904518,0.0055202351123791,0.0015326182850379
decay,drop_early,10,20260910,2018-12-31,1536,1949,2019-02-01,0.0390794521900976,0.0062750088658277,0.0015326182850379
decay,drop_early,10,20260910,2018-12-31,1536,1954,2019-02-15,0.0622114887625429,0.0088181822338277,0.0015326182850379
decay,drop_early,10,20260910,2018-12-31,1536,1959,2019-02-22,0.057941468462044,0.0017118633320176,0.0015326182850379
decay,drop_early,10,20260910,2018-12-31,1536,1964,2019-03-01,-0.0314720436474369,0.0008986197749894,0.0015326182850379
decay,drop_early,10,20260910,2018-12-31,1536,1969,2019-03-08,0.0244706575909257,0.0005085429098667,0.0015326182850379
decay,drop_early,10,20260910,2018-12-31,1536,1974,2019-03-15,0.0060741040696496,-0.0028446978368985,0.0015326182850379
decay,drop_early,10,20260910,2018-12-31,1536,1979,2019-03-22,0.0330284606666595,-0.006155526584571,0.0015326182850379
decay,drop_early,10,20260910,2018-12-31,1536,1984,2019-03-29,0.0398136969165658,-0.0079821485726251,0.0015326182850379
decay,drop_early,10,20260910,2018-12-31,1536,1993,2019-04-12,0.0171281082906651,-0.0031986028586857,0.0015326182850379
decay,drop_early,10,20260910,2018-12-31,1536,1998,2019-04-19,-0.0555966233394814,0.0014065552068811,0.0015326182850379
decay,drop_early,10,20260910,2018-12-31,1536,2003,2019-04-26,-0.0566702082338871,0.0034784827942289,0.0015326182850379
decay,drop_early,10,20260910,2018-12-31,1536,2010,2019-05-10,-0.010887544344571,0.0067255932417523,0.0015326182850379
decay,drop_early,10,20260910,2018-12-31,1536,2015,2019-05-17,-0.011865534939242,0.0102873226851435,0.0015326182850379
decay,drop_early,10,20260910,2018-12-31,1536,2020,2019-05-24,0.013363580693648,0.0107577665427257,0.0015326182850379
decay,drop_early,10,20260910,2018-12-31,1536,2025,2019-05-31,0.0037988139350273,0.0094541129334753,0.0015326182850379
decay,drop_early,10,20260910,2018-12-31,1536,2034,2019-06-14,0.0497668589441884,0.007533180576029,0.0015326182850379
decay,drop_early,10,20260910,2018-12-31,1536,2039,2019-06-21,0.0164272438880068,0.0088018062464357,0.0015326182850379
decay,drop_early,10,20260910,2018-12-31,1536,2044,2019-06-28,-0.0060471927228523,0.0101829352197246,0.0015326182850379
decay,drop_early,10,20260910,2018-12-31,1536,2049,2019-07-05,-0.0214435915629233,0.003803741791673,0.0015326182850379
decay,drop_early,10,20260910,2018-12-31,1536,2054,2019-07-12,0.005500126560918,-8.847449861710817e-05,0.0015326182850379
decay,drop_early,10,20260910,2018-12-31,1536,2059,2019-07-19,0.011653336829684,-0.0018012691603882,0.0015326182850379
decay,drop_early,10,20260910,2018-12-31,1536,2064,2019-07-26,-0.0346117357968243,-0.0019917335778508,0.0015326182850379
decay,drop_early,10,20260910,2018-12-31,1536,2069,2019-08-02,-0.0205509060495487,-0.0032977742109044,0.0015326182850379
decay,drop_early,10,20260910,2018-12-31,1536,2074,2019-08-09,0.024167527899843,-0.0058488217364562,0.0015326182850379
decay,drop_early,10,20260910,2018-12-31,1536,2079,2019-08-16,0.0054416051262971,-0.0079620743609741,0.0015326182850379
decay,drop_early,10,20260910,2018-12-31,1536,2084,2019-08-23,0.0125999637947373,-0.0096402475060551,0.0015326182850379
decay,drop_early,10,20260910,2018-12-31,1536,2089,2019-08-30,0.0466047443403643,-0.0080847382176943,0.0015326182850379
decay,drop_early,10,20260910,2018-12-31,1536,2094,2019-09-06,-0.0140091837144809,-0.0050150825492981,0.0015326182850379
decay,drop_early,10,20260910,2018-12-31,1536,2103,2019-09-20,-0.021176044981262,-0.0014996445891923,0.0015326182850379
decay,drop_early,10,20260910,2018-12-31,1536,2108,2019-09-27,0.0267538071924768,-0.0006615010464508,0.0015326182850379
decay,drop_early,10,20260910,2018-12-31,1536,2113,2019-10-11,-0.0201578763251421,-0.0005465409542512,0.0015326182850379
decay,drop_early,10,20260910,2018-12-31,1536,2118,2019-10-18,0.0102552427470803,-9.99822223579621e-05,0.0015326182850379
decay,drop_early,10,20260910,2018-12-31,1536,2123,2019-10-25,0.0151165947072713,0.001729975198415,0.0015326182850379
decay,drop_early,10,20260910,2018-12-31,1536,2128,2019-11-01,-0.0038824321835717,-0.0043799994680456,0.0015326182850379
decay,drop_early,10,20260910,2018-12-31,1536,2133,2019-11-08,-0.0187863101539271,-0.0079239019752229,0.0015326182850379
decay,drop_early,10,20260910,2018-12-31,1536,2138,2019-11-15,-0.0060576496216228,0.0014139545894627,0.0015326182850379
decay,drop_early,10,20260910,2018-12-31,1536,2143,2019-11-22,-0.0040145729517496,-0.0020165205477781,0.0015326182850379
decay,drop_early,10,20260910,2018-12-31,1536,2148,2019-11-29,0.0192986069649145,0.0004512001127455,0.0015326182850379
decay,drop_early,10,20260910,2018-12-31,1536,2153,2019-12-06,0.0156489398981463,0.0014867178438431,0.0015326182850379
decay,drop_early,10,20260910,2018-12-31,1536,2158,2019-12-13,0.0110761047772312,0.0021073292570938,0.0015326182850379
decay,drop_early,10,20260910,2018-12-31,1536,2163,2019-12-20,0.0002067407446153,0.0025251899665154,0.0015326182850379
decay,drop_early,10,20260910,2018-12-31,1536,2168,2019-12-27,0.0261485436506356,-0.0008271537174484,0.0015326182850379
combined,drop_early,10,20260910,2018-12-31,1536,1929,2019-01-04,0.0122252589889202,0.0012534370460744,0.0015326182850379
combined,drop_early,10,20260910,2018-12-31,1536,1934,2019-01-11,0.0253451899757477,0.0012979450804886,0.0015326182850379
combined,drop_early,10,20260910,2018-12-31,1536,1939,2019-01-18,0.0101675244727015,0.0012711589808428,0.0015326182850379
combined,drop_early,10,20260910,2018-12-31,1536,1944,2019-01-25,0.011454456904518,0.0012904789751257,0.0015326182850379
combined,drop_early,10,20260910,2018-12-31,1536,1949,2019-02-01,0.0390794521900976,0.0011989708538813,0.0015326182850379
combined,drop_early,10,20260910,2018-12-31,1536,1954,2019-02-15,0.0622114887625429,0.0013651958031318,0.0015326182850379
combined,drop_early,10,20260910,2018-12-31,1536,1959,2019-02-22,0.057941468462044,0.0013289836435882,0.0015326182850379
combined,drop_early,10,20260910,2018-12-31,1536,1964,2019-03-01,-0.0314720436474369,0.0014370034662532,0.0015326182850379
combined,drop_early,10,20260910,2018-12-31,1536,1969,2019-03-08,0.0244706575909257,0.0013847185194809,0.0015326182850379
combined,drop_early,10,20260910,2018-12-31,1536,1974,2019-03-15,0.0060741040696496,0.0015107185560196,0.0015326182850379
combined,drop_early,10,20260910,2018-12-31,1536,1979,2019-03-22,0.0330284606666595,0.0015177748161547,0.0015326182850379
combined,drop_early,10,20260910,2018-12-31,1536,1984,2019-03-29,0.0398136969165658,0.001561025903124,0.0015326182850379
combined,drop_early,10,20260910,2018-12-31,1536,1993,2019-04-12,0.0171281082906651,0.0016309622720511,0.0015326182850379
combined,drop_early,10,20260910,2018-12-31,1536,1998,2019-04-19,-0.0555966233394814,0.0016747702334391,0.0015326182850379
combined,drop_early,10,20260910,2018-12-31,1536,2003,2019-04-26,-0.0566702082338871,0.0017128906074782,0.0015326182850379
combined,drop_early,10,20260910,2018-12-31,1536,2010,2019-05-10,-0.010887544344571,0.0017353139174427,0.0015326182850379
combined,drop_early,10,20260910,2018-12-31,1536,2015,2019-05-17,-0.011865534939242,0.0016866563563086,0.0015326182850379
combined,drop_early,10,20260910,2018-12-31,1536,2020,2019-05-24,0.013363580693648,0.001697431976828,0.0015326182850379
combined,drop_early,10,20260910,2018-12-31,1536,2025,2019-05-31,0.0037988139350273,0.0016549393453187,0.0015326182850379
combined,drop_early,10,20260910,2018-12-31,1536,2034,2019-06-14,0.0497668589441884,0.0016176984976171,0.0015326182850379
combined,drop_early,10,20260910,2018-12-31,1536,2039,2019-06-21,0.0164272438880068,0.0015999162379561,0.0015326182850379
combined,drop_early,10,20260910,2018-12-31,1536,2044,2019-06-28,-0.0060471927228523,0.0015401099140381,0.0015326182850379
combined,drop_early,10,20260910,2018-12-31,1536,2049,2019-07-05,-0.0214435915629233,0.0015078129092945,0.0015326182850379
combined,drop_early,10,20260910,2018-12-31,1536,2054,2019-07-12,0.005500126560918,0.0014229993569191,0.0015326182850379
combined,drop_early,10,20260910,2018-12-31,1536,2059,2019-07-19,0.011653336829684,0.0013506712642533,0.0015326182850379
combined,drop_early,10,20260910,2018-12-31,1536,2064,2019-07-26,-0.0346117357968243,0.0013424809341733,0.0015326182850379
combined,drop_early,10,20260910,2018-12-31,1536,2069,2019-08-02,-0.0205509060495487,0.0013076455840092,0.0015326182850379
combined,drop_early,10,20260910,2018-12-31,1536,2074,2019-08-09,0.024167527899843,0.0013169932120382,0.0015326182850379
combined,drop_early,10,20260910,2018-12-31,1536,2079,2019-08-16,0.0054416051262971,0.0012774429302172,0.0015326182850379
combined,drop_early,10,20260910,2018-12-31,1536,2084,2019-08-23,0.0125999637947373,0.0013251550164992,0.0015326182850379
combined,drop_early,10,20260910,2018-12-31,1536,2089,2019-08-30,0.0466047443403643,0.0013534961970601,0.0015326182850379
combined,drop_early,10,20260910,2018-12-31,1536,2094,2019-09-06,-0.0140091837144809,0.0014078327878572,0.0015326182850379
combined,drop_early,10,20260910,2018-12-31,1536,2103,2019-09-20,-0.021176044981262,0.0014351526833375,0.0015326182850379
combined,drop_early,10,20260910,2018-12-31,1536,2108,2019-09-27,0.0267538071924768,0.0014400784600701,0.0015326182850379
combined,drop_early,10,20260910,2018-12-31,1536,2113,2019-10-11,-0.0201578763251421,0.0014406547862442,0.0015326182850379
combined,drop_early,10,20260910,2018-12-31,1536,2118,2019-10-18,0.0102552427470803,0.0014371908524032,0.0015326182850379
combined,drop_early,10,20260910,2018-12-31,1536,2123,2019-10-25,0.0151165947072713,0.0014355380916183,0.0015326182850379
combined,drop_early,10,20260910,2018-12-31,1536,2128,2019-11-01,-0.0038824321835717,0.0014878421505554,0.0015326182850379
combined,drop_early,10,20260910,2018-12-31,1536,2133,2019-11-08,-0.0187863101539271,0.0015488970272362,0.0015326182850379
combined,drop_early,10,20260910,2018-12-31,1536,2138,2019-11-15,-0.0060576496216228,0.0014876770415555,0.0015326182850379
combined,drop_early,10,20260910,2018-12-31,1536,2143,2019-11-22,-0.0040145729517496,0.0015310947317238,0.0015326182850379
combined,drop_early,10,20260910,2018-12-31,1536,2148,2019-11-29,0.0192986069649145,0.0015168077433339,0.0015326182850379
combined,drop_early,10,20260910,2018-12-31,1536,2153,2019-12-06,0.0156489398981463,0.0014347602794882,0.0015326182850379
combined,drop_early,10,20260910,2018-12-31,1536,2158,2019-12-13,0.0110761047772312,0.0015009817570447,0.0015326182850379
combined,drop_early,10,20260910,2018-12-31,1536,2163,2019-12-20,0.0002067407446153,0.0015068817244192,0.0015326182850379
combined,drop_early,10,20260910,2018-12-31,1536,2168,2019-12-27,0.0261485436506356,0.0014655777418727,0.0015326182850379
baseline,drop_middle,10,20260910,2018-12-31,1537,1929,2019-01-04,0.0122252589889202,0.0176570267318925,-0.0006743059323903
baseline,drop_middle,10,20260910,2018-12-31,1537,1934,2019-01-11,0.0253451899757477,0.0230650273054675,-0.0006743059323903
baseline,drop_middle,10,20260910,2018-12-31,1537,1939,2019-01-18,0.0101675244727015,0.0207739997466978,-0.0006743059323903
baseline,drop_middle,10,20260910,2018-12-31,1537,1944,2019-01-25,0.011454456904518,0.0191212754867784,-0.0006743059323903
baseline,drop_middle,10,20260910,2018-12-31,1537,1949,2019-02-01,0.0390794521900976,0.0039379520431753,-0.0006743059323903
baseline,drop_middle,10,20260910,2018-12-31,1537,1954,2019-02-15,0.0622114887625429,0.002334915505698,-0.0006743059323903
baseline,drop_middle,10,20260910,2018-12-31,1537,1959,2019-02-22,0.057941468462044,-0.0022321431014939,-0.0006743059323903
baseline,drop_middle,10,20260910,2018-12-31,1537,1964,2019-03-01,-0.0314720436474369,-0.0098194652201032,-0.0006743059323903
baseline,drop_middle,10,20260910,2018-12-31,1537,1969,2019-03-08,0.0244706575909257,-0.0082062066681621,-0.0006743059323903
baseline,drop_middle,10,20260910,2018-12-31,1537,1974,2019-03-15,0.0060741040696496,-0.0075336023603442,-0.0006743059323903
baseline,drop_middle,10,20260910,2018-12-31,1537,1979,2019-03-22,0.0330284606666595,-0.0060561130627671,-0.0006743059323903
baseline,drop_middle,10,20260910,2018-12-31,1537,1984,2019-03-29,0.0398136969165658,-0.0003947224983015,-0.0006743059323903
baseline,drop_middle,10,20260910,2018-12-31,1537,1993,2019-04-12,0.0171281082906651,-0.0050297071535787,-0.0006743059323903
baseline,drop_middle,10,20260910,2018-12-31,1537,1998,2019-04-19,-0.0555966233394814,-0.0073788358615115,-0.0006743059323903
baseline,drop_middle,10,20260910,2018-12-31,1537,2003,2019-04-26,-0.0566702082338871,-0.0017208979141957,-0.0006743059323903
baseline,drop_middle,10,20260910,2018-12-31,1537,2010,2019-05-10,-0.010887544344571,-0.003037116077182,-0.0006743059323903
baseline,drop_middle,10,20260910,2018-12-31,1537,2015,2019-05-17,-0.011865534939242,-0.0042697929402487,-0.0006743059323903
baseline,drop_middle,10,20260910,2018-12-31,1537,2020,2019-05-24,0.013363580693648,-0.0102202866733735,-0.0006743059323903
baseline,drop_middle,10,20260910,2018-12-31,1537,2025,2019-05-31,0.0037988139350273,-0.0046217850965225,-0.0006743059323903
baseline,drop_middle,10,20260910,2018-12-31,1537,2034,2019-06-14,0.0497668589441884,-0.0077319044254227,-0.0006743059323903
baseline,drop_middle,10,20260910,2018-12-31,1537,2039,2019-06-21,0.0164272438880068,-0.007617283087418,-0.0006743059323903
baseline,drop_middle,10,20260910,2018-12-31,1537,2044,2019-06-28,-0.0060471927228523,-0.0041722485886433,-0.0006743059323903
baseline,drop_middle,10,20260910,2018-12-31,1537,2049,2019-07-05,-0.0214435915629233,0.0092017817242795,-0.0006743059323903
baseline,drop_middle,10,20260910,2018-12-31,1537,2054,2019-07-12,0.005500126560918,0.0003257133074976,-0.0006743059323903
baseline,drop_middle,10,20260910,2018-12-31,1537,2059,2019-07-19,0.011653336829684,-0.0124908972098588,-0.0006743059323903
baseline,drop_middle,10,20260910,2018-12-31,1537,2064,2019-07-26,-0.0346117357968243,-0.0189547340749164,-0.0006743059323903
baseline,drop_middle,10,20260910,2018-12-31,1537,2069,2019-08-02,-0.0205509060495487,-0.013084107988047,-0.0006743059323903
baseline,drop_middle,10,20260910,2018-12-31,1537,2074,2019-08-09,0.024167527899843,-0.012278600130786,-0.0006743059323903
baseline,drop_middle,10,20260910,2018-12-31,1537,2079,2019-08-16,0.0054416051262971,-0.0099088246297629,-0.0006743059323903
baseline,drop_middle,10,20260910,2018-12-31,1537,2084,2019-08-23,0.0125999637947373,-0.0104586841727622,-0.0006743059323903
baseline,drop_middle,10,20260910,2018-12-31,1537,2089,2019-08-30,0.0466047443403643,-0.0076426899085474,-0.0006743059323903
baseline,drop_middle,10,20260910,2018-12-31,1537,2094,2019-09-06,-0.0140091837144809,-0.0097431735963534,-0.0006743059323903
baseline,drop_middle,10,20260910,2018-12-31,1537,2103,2019-09-20,-0.021176044981262,-0.013546123065469,-0.0006743059323903
baseline,drop_middle,10,20260910,2018-12-31,1537,2108,2019-09-27,0.0267538071924768,-0.012672200093391,-0.0006743059323903
baseline,drop_middle,10,20260910,2018-12-31,1537,2113,2019-10-11,-0.0201578763251421,-0.0109635780834549,-0.0006743059323903
baseline,drop_middle,10,20260910,2018-12-31,1537,2118,2019-10-18,0.0102552427470803,-0.0063797735355816,-0.0006743059323903
baseline,drop_middle,10,20260910,2018-12-31,1537,2123,2019-10-25,0.0151165947072713,0.0017510792477883,-0.0006743059323903
baseline,drop_middle,10,20260910,2018-12-31,1537,2128,2019-11-01,-0.0038824321835717,0.003952046081528,-0.0006743059323903
baseline,drop_middle,10,20260910,2018-12-31,1537,2133,2019-11-08,-0.0187863101539271,-0.0034379591786345,-0.0006743059323903
baseline,drop_middle,10,20260910,2018-12-31,1537,2138,2019-11-15,-0.0060576496216228,0.0044632141069884,-0.0006743059323903
baseline,drop_middle,10,20260910,2018-12-31,1537,2143,2019-11-22,-0.0040145729517496,-0.0109674558944817,-0.0006743059323903
baseline,drop_middle,10,20260910,2018-12-31,1537,2148,2019-11-29,0.0192986069649145,-0.0031583585438861,-0.0006743059323903
baseline,drop_middle,10,20260910,2018-12-31,1537,2153,2019-12-06,0.0156489398981463,0.01181585674793,-0.0006743059323903
baseline,drop_middle,10,20260910,2018-12-31,1537,2158,2019-12-13,0.0110761047772312,0.0117431051378282,-0.0006743059323903
baseline,drop_middle,10,20260910,2018-12-31,1537,2163,2019-12-20,0.0002067407446153,-0.0066394085447968,-0.0006743059323903
baseline,drop_middle,10,20260910,2018-12-31,1537,2168,2019-12-27,0.0261485436506356,-0.00152409905817,-0.0006743059323903
small,drop_middle,10,20260910,2018-12-31,1537,1929,2019-01-04,0.0122252589889202,0.000779870094754,-0.0006743059323903
small,drop_middle,10,20260910,2018-12-31,1537,1934,2019-01-11,0.0253451899757477,0.0003152398740456,-0.0006743059323903
small,drop_middle,10,20260910,2018-12-31,1537,1939,2019-01-18,0.0101675244727015,0.0005203785851233,-0.0006743059323903
small,drop_middle,10,20260910,2018-12-31,1537,1944,2019-01-25,0.011454456904518,0.0004087458751338,-0.0006743059323903
small,drop_middle,10,20260910,2018-12-31,1537,1949,2019-02-01,0.0390794521900976,0.0002780142170866,-0.0006743059323903
small,drop_middle,10,20260910,2018-12-31,1537,1954,2019-02-15,0.0622114887625429,-0.0012880258983914,-0.0006743059323903
small,drop_middle,10,20260910,2018-12-31,1537,1959,2019-02-22,0.057941468462044,0.0001270262369992,-0.0006743059323903
small,drop_middle,10,20260910,2018-12-31,1537,1964,2019-03-01,-0.0314720436474369,0.0001873854416103,-0.0006743059323903
small,drop_middle,10,20260910,2018-12-31,1537,1969,2019-03-08,0.0244706575909257,-6.301013412704157e-05,-0.0006743059323903
small,drop_middle,10,20260910,2018-12-31,1537,1974,2019-03-15,0.0060741040696496,0.0004301502474345,-0.0006743059323903
small,drop_middle,10,20260910,2018-12-31,1537,1979,2019-03-22,0.0330284606666595,1.3234335166289134e-05,-0.0006743059323903
small,drop_middle,10,20260910,2018-12-31,1537,1984,2019-03-29,0.0398136969165658,-0.0001519282745267,-0.0006743059323903
small,drop_middle,10,20260910,2018-12-31,1537,1993,2019-04-12,0.0171281082906651,0.0006107252376301,-0.0006743059323903
small,drop_middle,10,20260910,2018-12-31,1537,1998,2019-04-19,-0.0555966233394814,0.0005627546875869,-0.0006743059323903
small,drop_middle,10,20260910,2018-12-31,1537,2003,2019-04-26,-0.0566702082338871,0.0006561006850308,-0.0006743059323903
small,drop_middle,10,20260910,2018-12-31,1537,2010,2019-05-10,-0.010887544344571,0.0006121960279941,-0.0006743059323903
small,drop_middle,10,20260910,2018-12-31,1537,2015,2019-05-17,-0.011865534939242,0.0009148361158202,-0.0006743059323903
small,drop_middle,10,20260910,2018-12-31,1537,2020,2019-05-24,0.013363580693648,0.0010198218693285,-0.0006743059323903
small,drop_middle,10,20260910,2018-12-31,1537,2025,2019-05-31,0.0037988139350273,0.0012524043668846,-0.0006743059323903
small,drop_middle,10,20260910,2018-12-31,1537,2034,2019-06-14,0.0497668589441884,0.0012581344906957,-0.0006743059323903
small,drop_middle,10,20260910,2018-12-31,1537,2039,2019-06-21,0.0164272438880068,0.001096312827826,-0.0006743059323903
small,drop_middle,10,20260910,2018-12-31,1537,2044,2019-06-28,-0.0060471927228523,0.0008430315601083,-0.0006743059323903
small,drop_middle,10,20260910,2018-12-31,1537,2049,2019-07-05,-0.0214435915629233,0.0008768300526072,-0.0006743059323903
small,drop_middle,10,20260910,2018-12-31,1537,2054,2019-07-12,0.005500126560918,0.0002086484577109,-0.0006743059323903
small,drop_middle,10,20260910,2018-12-31,1537,2059,2019-07-19,0.011653336829684,8.331129050371503e-06,-0.0006743059323903
small,drop_middle,10,20260910,2018-12-31,1537,2064,2019-07-26,-0.0346117357968243,-0.0004478677676774,-0.0006743059323903
small,drop_middle,10,20260910,2018-12-31,1537,2069,2019-08-02,-0.0205509060495487,-0.0007509153463653,-0.0006743059323903
small,drop_middle,10,20260910,2018-12-31,1537,2074,2019-08-09,0.024167527899843,-0.0007733687445679,-0.0006743059323903
small,drop_middle,10,20260910,2018-12-31,1537,2079,2019-08-16,0.0054416051262971,-0.002720373591804,-0.0006743059323903
small,drop_middle,10,20260910,2018-12-31,1537,2084,2019-08-23,0.0125999637947373,-0.0029323931025991,-0.0006743059323903
small,drop_middle,10,20260910,2018-12-31,1537,2089,2019-08-30,0.0466047443403643,-0.0026184222275675,-0.0006743059323903
small,drop_middle,10,20260910,2018-12-31,1537,2094,2019-09-06,-0.0140091837144809,-0.000860457834602,-0.0006743059323903
small,drop_middle,10,20260910,2018-12-31,1537,2103,2019-09-20,-0.021176044981262,0.0003529645108891,-0.0006743059323903
small,drop_middle,10,20260910,2018-12-31,1537,2108,2019-09-27,0.0267538071924768,0.0004030649419943,-0.0006743059323903
small,drop_middle,10,20260910,2018-12-31,1537,2113,2019-10-11,-0.0201578763251421,2.325803299001161e-05,-0.0006743059323903
small,drop_middle,10,20260910,2018-12-31,1537,2118,2019-10-18,0.0102552427470803,-0.0001510893002944,-0.0006743059323903
small,drop_middle,10,20260910,2018-12-31,1537,2123,2019-10-25,0.0151165947072713,0.0003005387220662,-0.0006743059323903
small,drop_middle,10,20260910,2018-12-31,1537,2128,2019-11-01,-0.0038824321835717,0.0010804207043138,-0.0006743059323903
small,drop_middle,10,20260910,2018-12-31,1537,2133,2019-11-08,-0.0187863101539271,0.0004789233877601,-0.0006743059323903
small,drop_middle,10,20260910,2018-12-31,1537,2138,2019-11-15,-0.0060576496216228,-0.0001504256549046,-0.0006743059323903
small,drop_middle,10,20260910,2018-12-31,1537,2143,2019-11-22,-0.0040145729517496,0.000312171404962,-0.0006743059323903
small,drop_middle,10,20260910,2018-12-31,1537,2148,2019-11-29,0.0192986069649145,0.0001657814130543,-0.0006743059323903
small,drop_middle,10,20260910,2018-12-31,1537,2153,2019-12-06,0.0156489398981463,0.0003438132240941,-0.0006743059323903
small,drop_middle,10,20260910,2018-12-31,1537,2158,2019-12-13,0.0110761047772312,0.0012821382524076,-0.0006743059323903
small,drop_middle,10,20260910,2018-12-31,1537,2163,2019-12-20,0.0002067407446153,-0.0003767423165152,-0.0006743059323903
small,drop_middle,10,20260910,2018-12-31,1537,2168,2019-12-27,0.0261485436506356,0.0002083557785734,-0.0006743059323903
dropout,drop_middle,10,20260910,2018-12-31,1537,1929,2019-01-04,0.0122252589889202,0.0096192624183328,-0.0006743059323903
dropout,drop_middle,10,20260910,2018-12-31,1537,1934,2019-01-11,0.0253451899757477,0.0200153325544021,-0.0006743059323903
dropout,drop_middle,10,20260910,2018-12-31,1537,1939,2019-01-18,0.0101675244727015,0.0218146180090569,-0.0006743059323903
dropout,drop_middle,10,20260910,2018-12-31,1537,1944,2019-01-25,0.011454456904518,0.0195033877664411,-0.0006743059323903
dropout,drop_middle,10,20260910,2018-12-31,1537,1949,2019-02-01,0.0390794521900976,0.013720418384677,-0.0006743059323903
dropout,drop_middle,10,20260910,2018-12-31,1537,1954,2019-02-15,0.0622114887625429,0.0085624427420949,-0.0006743059323903
dropout,drop_middle,10,20260910,2018-12-31,1537,1959,2019-02-22,0.057941468462044,0.001173780526587,-0.0006743059323903
dropout,drop_middle,10,20260910,2018-12-31,1537,1964,2019-03-01,-0.0314720436474369,0.0054748315212837,-0.0006743059323903
dropout,drop_middle,10,20260910,2018-12-31,1537,1969,2019-03-08,0.0244706575909257,0.0097782758189831,-0.0006743059323903
dropout,drop_middle,10,20260910,2018-12-31,1537,1974,2019-03-15,0.0060741040696496,0.010651997312929,-0.0006743059323903
dropout,drop_middle,10,20260910,2018-12-31,1537,1979,2019-03-22,0.0330284606666595,0.0006934513012994,-0.0006743059323903
dropout,drop_middle,10,20260910,2018-12-31,1537,1984,2019-03-29,0.0398136969165658,0.0001612658380042,-0.0006743059323903
dropout,drop_middle,10,20260910,2018-12-31,1537,1993,2019-04-12,0.0171281082906651,0.0017763467489328,-0.0006743059323903
dropout,drop_middle,10,20260910,2018-12-31,1537,1998,2019-04-19,-0.0555966233394814,0.0061961433818652,-0.0006743059323903
dropout,drop_middle,10,20260910,2018-12-31,1537,2003,2019-04-26,-0.0566702082338871,0.0012821470402836,-0.0006743059323903
dropout,drop_middle,10,20260910,2018-12-31,1537,2010,2019-05-10,-0.010887544344571,0.0006901055854458,-0.0006743059323903
dropout,drop_middle,10,20260910,2018-12-31,1537,2015,2019-05-17,-0.011865534939242,0.0016331517393718,-0.0006743059323903
dropout,drop_middle,10,20260910,2018-12-31,1537,2020,2019-05-24,0.013363580693648,0.001953355147514,-0.0006743059323903
dropout,drop_middle,10,20260910,2018-12-31,1537,2025,2019-05-31,0.0037988139350273,0.0009763297066164,-0.0006743059323903
dropout,drop_middle,10,20260910,2018-12-31,1537,2034,2019-06-14,0.0497668589441884,0.0074512076804801,-0.0006743059323903
dropout,drop_middle,10,20260910,2018-12-31,1537,2039,2019-06-21,0.0164272438880068,-0.0037969893518703,-0.0006743059323903
dropout,drop_middle,10,20260910,2018-12-31,1537,2044,2019-06-28,-0.0060471927228523,0.0026926103504628,-0.0006743059323903
dropout,drop_middle,10,20260910,2018-12-31,1537,2049,2019-07-05,-0.0214435915629233,0.0058532215996259,-0.0006743059323903
dropout,drop_middle,10,20260910,2018-12-31,1537,2054,2019-07-12,0.005500126560918,-0.0072962358288439,-0.0006743059323903
dropout,drop_middle,10,20260910,2018-12-31,1537,2059,2019-07-19,0.011653336829684,-0.0052108119883939,-0.0006743059323903
dropout,drop_middle,10,20260910,2018-12-31,1537,2064,2019-07-26,-0.0346117357968243,-0.015105999343306,-0.0006743059323903
dropout,drop_middle,10,20260910,2018-12-31,1537,2069,2019-08-02,-0.0205509060495487,-0.009168872612551,-0.0006743059323903
dropout,drop_middle,10,20260910,2018-12-31,1537,2074,2019-08-09,0.024167527899843,-0.016938380367551,-0.0006743059323903
dropout,drop_middle,10,20260910,2018-12-31,1537,2079,2019-08-16,0.0054416051262971,-0.0157503898538057,-0.0006743059323903
dropout,drop_middle,10,20260910,2018-12-31,1537,2084,2019-08-23,0.0125999637947373,-0.0090841994985077,-0.0006743059323903
dropout,drop_middle,10,20260910,2018-12-31,1537,2089,2019-08-30,0.0466047443403643,-0.0034827301916391,-0.0006743059323903
dropout,drop_middle,10,20260910,2018-12-31,1537,2094,2019-09-06,-0.0140091837144809,-0.0086416883616227,-0.0006743059323903
dropout,drop_middle,10,20260910,2018-12-31,1537,2103,2019-09-20,-0.021176044981262,-0.0048203327934514,-0.0006743059323903
dropout,drop_middle,10,20260910,2018-12-31,1537,2108,2019-09-27,0.0267538071924768,-0.0070396439967766,-0.0006743059323903
dropout,drop_middle,10,20260910,2018-12-31,1537,2113,2019-10-11,-0.0201578763251421,-0.0010104037949752,-0.0006743059323903
dropout,drop_middle,10,20260910,2018-12-31,1537,2118,2019-10-18,0.0102552427470803,0.0169641888754934,-0.0006743059323903
dropout,drop_middle,10,20260910,2018-12-31,1537,2123,2019-10-25,0.0151165947072713,0.015892328642359,-0.0006743059323903
dropout,drop_middle,10,20260910,2018-12-31,1537,2128,2019-11-01,-0.0038824321835717,0.0129918340208821,-0.0006743059323903
dropout,drop_middle,10,20260910,2018-12-31,1537,2133,2019-11-08,-0.0187863101539271,-0.00185317816746,-0.0006743059323903
dropout,drop_middle,10,20260910,2018-12-31,1537,2138,2019-11-15,-0.0060576496216228,-0.0079239958199114,-0.0006743059323903
dropout,drop_middle,10,20260910,2018-12-31,1537,2143,2019-11-22,-0.0040145729517496,-0.0017843660978553,-0.0006743059323903
dropout,drop_middle,10,20260910,2018-12-31,1537,2148,2019-11-29,0.0192986069649145,0.0076368530607735,-0.0006743059323903
dropout,drop_middle,10,20260910,2018-12-31,1537,2153,2019-12-06,0.0156489398981463,0.008975741264539,-0.0006743059323903
dropout,drop_middle,10,20260910,2018-12-31,1537,2158,2019-12-13,0.0110761047772312,0.021688623016159,-0.0006743059323903
dropout,drop_middle,10,20260910,2018-12-31,1537,2163,2019-12-20,0.0002067407446153,0.0014740262397182,-0.0006743059323903
dropout,drop_middle,10,20260910,2018-12-31,1537,2168,2019-12-27,0.0261485436506356,-0.0062973548332329,-0.0006743059323903
decay,drop_middle,10,20260910,2018-12-31,1537,1929,2019-01-04,0.0122252589889202,0.0056713254272963,-0.0006743059323903
decay,drop_middle,10,20260910,2018-12-31,1537,1934,2019-01-11,0.0253451899757477,0.0213852123816469,-0.0006743059323903
decay,drop_middle,10,20260910,2018-12-31,1537,1939,2019-01-18,0.0101675244727015,0.018133574812789,-0.0006743059323903
decay,drop_middle,10,20260910,2018-12-31,1537,1944,2019-01-25,0.011454456904518,0.0192999480089951,-0.0006743059323903
decay,drop_middle,10,20260910,2018-12-31,1537,1949,2019-02-01,0.0390794521900976,0.0027933762087967,-0.0006743059323903
decay,drop_middle,10,20260910,2018-12-31,1537,1954,2019-02-15,0.0622114887625429,0.002072049558863,-0.0006743059323903
decay,drop_middle,10,20260910,2018-12-31,1537,1959,2019-02-22,0.057941468462044,-0.0038345277286109,-0.0006743059323903
decay,drop_middle,10,20260910,2018-12-31,1537,1964,2019-03-01,-0.0314720436474369,-0.0079929982220494,-0.0006743059323903
decay,drop_middle,10,20260910,2018-12-31,1537,1969,2019-03-08,0.0244706575909257,-0.0099817254194178,-0.0006743059323903
decay,drop_middle,10,20260910,2018-12-31,1537,1974,2019-03-15,0.0060741040696496,-0.0094244892047239,-0.0006743059323903
decay,drop_middle,10,20260910,2018-12-31,1537,1979,2019-03-22,0.0330284606666595,-0.0043522167867199,-0.0006743059323903
decay,drop_middle,10,20260910,2018-12-31,1537,1984,2019-03-29,0.0398136969165658,-0.0046380701023922,-0.0006743059323903
decay,drop_middle,10,20260910,2018-12-31,1537,1993,2019-04-12,0.0171281082906651,-0.0026146290802239,-0.0006743059323903
decay,drop_middle,10,20260910,2018-12-31,1537,1998,2019-04-19,-0.0555966233394814,-0.0020137690990167,-0.0006743059323903
decay,drop_middle,10,20260910,2018-12-31,1537,2003,2019-04-26,-0.0566702082338871,0.0011330320030551,-0.0006743059323903
decay,drop_middle,10,20260910,2018-12-31,1537,2010,2019-05-10,-0.010887544344571,-0.0018256819752335,-0.0006743059323903
decay,drop_middle,10,20260910,2018-12-31,1537,2015,2019-05-17,-0.011865534939242,-0.0023007202561702,-0.0006743059323903
decay,drop_middle,10,20260910,2018-12-31,1537,2020,2019-05-24,0.013363580693648,-0.0049495913034117,-0.0006743059323903
decay,drop_middle,10,20260910,2018-12-31,1537,2025,2019-05-31,0.0037988139350273,-0.0018993899634473,-0.0006743059323903
decay,drop_middle,10,20260910,2018-12-31,1537,2034,2019-06-14,0.0497668589441884,-0.0084533165963933,-0.0006743059323903
decay,drop_middle,10,20260910,2018-12-31,1537,2039,2019-06-21,0.0164272438880068,-0.0098625575344585,-0.0006743059323903
decay,drop_middle,10,20260910,2018-12-31,1537,2044,2019-06-28,-0.0060471927228523,0.0050215327307961,-0.0006743059323903
decay,drop_middle,10,20260910,2018-12-31,1537,2049,2019-07-05,-0.0214435915629233,0.0119690727224996,-0.0006743059323903
decay,drop_middle,10,20260910,2018-12-31,1537,2054,2019-07-12,0.005500126560918,-0.0033430203250859,-0.0006743059323903
decay,drop_middle,10,20260910,2018-12-31,1537,2059,2019-07-19,0.011653336829684,-0.0081717770561315,-0.0006743059323903
decay,drop_middle,10,20260910,2018-12-31,1537,2064,2019-07-26,-0.0346117357968243,-0.0124608383872632,-0.0006743059323903
decay,drop_middle,10,20260910,2018-12-31,1537,2069,2019-08-02,-0.0205509060495487,-0.0094630118235734,-0.0006743059323903
decay,drop_middle,10,20260910,2018-12-31,1537,2074,2019-08-09,0.024167527899843,-0.0141792719535537,-0.0006743059323903
decay,drop_middle,10,20260910,2018-12-31,1537,2079,2019-08-16,0.0054416051262971,-0.0136357602577448,-0.0006743059323903
decay,drop_middle,10,20260910,2018-12-31,1537,2084,2019-08-23,0.0125999637947373,-0.0137563702117173,-0.0006743059323903
decay,drop_middle,10,20260910,2018-12-31,1537,2089,2019-08-30,0.0466047443403643,-0.0111199122536258,-0.0006743059323903
decay,drop_middle,10,20260910,2018-12-31,1537,2094,2019-09-06,-0.0140091837144809,-0.0116306421713182,-0.0006743059323903
decay,drop_middle,10,20260910,2018-12-31,1537,2103,2019-09-20,-0.021176044981262,-0.0118834946549899,-0.0006743059323903
decay,drop_middle,10,20260910,2018-12-31,1537,2108,2019-09-27,0.0267538071924768,-0.0126330584651315,-0.0006743059323903
decay,drop_middle,10,20260910,2018-12-31,1537,2113,2019-10-11,-0.0201578763251421,-0.0107938126093827,-0.0006743059323903
decay,drop_middle,10,20260910,2018-12-31,1537,2118,2019-10-18,0.0102552427470803,-0.0046522528768584,-0.0006743059323903
decay,drop_middle,10,20260910,2018-12-31,1537,2123,2019-10-25,0.0151165947072713,0.0049591529577265,-0.0006743059323903
decay,drop_middle,10,20260910,2018-12-31,1537,2128,2019-11-01,-0.0038824321835717,0.0051219828686102,-0.0006743059323903
decay,drop_middle,10,20260910,2018-12-31,1537,2133,2019-11-08,-0.0187863101539271,0.0024300481211949,-0.0006743059323903
decay,drop_middle,10,20260910,2018-12-31,1537,2138,2019-11-15,-0.0060576496216228,0.0048774175663193,-0.0006743059323903
decay,drop_middle,10,20260910,2018-12-31,1537,2143,2019-11-22,-0.0040145729517496,-0.002005054098113,-0.0006743059323903
decay,drop_middle,10,20260910,2018-12-31,1537,2148,2019-11-29,0.0192986069649145,0.006683515125222,-0.0006743059323903
decay,drop_middle,10,20260910,2018-12-31,1537,2153,2019-12-06,0.0156489398981463,0.0139357685004658,-0.0006743059323903
decay,drop_middle,10,20260910,2018-12-31,1537,2158,2019-12-13,0.0110761047772312,0.014675110939159,-0.0006743059323903
decay,drop_middle,10,20260910,2018-12-31,1537,2163,2019-12-20,0.0002067407446153,-0.0023379108687945,-0.0006743059323903
decay,drop_middle,10,20260910,2018-12-31,1537,2168,2019-12-27,0.0261485436506356,-0.0070412228137135,-0.0006743059323903
combined,drop_middle,10,20260910,2018-12-31,1537,1929,2019-01-04,0.0122252589889202,-0.0009650690182931,-0.0006743059323903
combined,drop_middle,10,20260910,2018-12-31,1537,1934,2019-01-11,0.0253451899757477,-0.000942749367276,-0.0006743059323903
combined,drop_middle,10,20260910,2018-12-31,1537,1939,2019-01-18,0.0101675244727015,-0.0009771311014579,-0.0006743059323903
combined,drop_middle,10,20260910,2018-12-31,1537,1944,2019-01-25,0.011454456904518,-0.0009569907633051,-0.0006743059323903
combined,drop_middle,10,20260910,2018-12-31,1537,1949,2019-02-01,0.0390794521900976,-0.0009837058258854,-0.0006743059323903
combined,drop_middle,10,20260910,2018-12-31,1537,1954,2019-02-15,0.0622114887625429,-0.0009866379757221,-0.0006743059323903
combined,drop_middle,10,20260910,2018-12-31,1537,1959,2019-02-22,0.057941468462044,-0.0010176469874073,-0.0006743059323903
combined,drop_middle,10,20260910,2018-12-31,1537,1964,2019-03-01,-0.0314720436474369,-0.0010038745370889,-0.0006743059323903
combined,drop_middle,10,20260910,2018-12-31,1537,1969,2019-03-08,0.0244706575909257,-0.0010026575234359,-0.0006743059323903
combined,drop_middle,10,20260910,2018-12-31,1537,1974,2019-03-15,0.0060741040696496,-0.0009932617300674,-0.0006743059323903
combined,drop_middle,10,20260910,2018-12-31,1537,1979,2019-03-22,0.0330284606666595,-0.0009904245589511,-0.0006743059323903
combined,drop_middle,10,20260910,2018-12-31,1537,1984,2019-03-29,0.0398136969165658,-0.0009941890385286,-0.0006743059323903
combined,drop_middle,10,20260910,2018-12-31,1537,1993,2019-04-12,0.0171281082906651,-0.0009981477623159,-0.0006743059323903
combined,drop_middle,10,20260910,2018-12-31,1537,1998,2019-04-19,-0.0555966233394814,-0.0010021057359187,-0.0006743059323903
combined,drop_middle,10,20260910,2018-12-31,1537,2003,2019-04-26,-0.0566702082338871,-0.0009972053697871,-0.0006743059323903
combined,drop_middle,10,20260910,2018-12-31,1537,2010,2019-05-10,-0.010887544344571,-0.0010003118839434,-0.0006743059323903
combined,drop_middle,10,20260910,2018-12-31,1537,2015,2019-05-17,-0.011865534939242,-0.0010019310500914,-0.0006743059323903
combined,drop_middle,10,20260910,2018-12-31,1537,2020,2019-05-24,0.013363580693648,-0.0009914641003772,-0.0006743059323903
combined,drop_middle,10,20260910,2018-12-31,1537,2025,2019-05-31,0.0037988139350273,-0.0009890084516812,-0.0006743059323903
combined,drop_middle,10,20260910,2018-12-31,1537,2034,2019-06-14,0.0497668589441884,-0.0009714807115459,-0.0006743059323903
combined,drop_middle,10,20260910,2018-12-31,1537,2039,2019-06-21,0.0164272438880068,-0.0009740964978476,-0.0006743059323903
combined,drop_middle,10,20260910,2018-12-31,1537,2044,2019-06-28,-0.0060471927228523,-0.000971288476759,-0.0006743059323903
combined,drop_middle,10,20260910,2018-12-31,1537,2049,2019-07-05,-0.0214435915629233,-0.0009662023863705,-0.0006743059323903
combined,drop_middle,10,20260910,2018-12-31,1537,2054,2019-07-12,0.005500126560918,-0.0009524738218475,-0.0006743059323903
combined,drop_middle,10,20260910,2018-12-31,1537,2059,2019-07-19,0.011653336829684,-0.0009603916713066,-0.0006743059323903
combined,drop_middle,10,20260910,2018-12-31,1537,2064,2019-07-26,-0.0346117357968243,-0.0009983466415944,-0.0006743059323903
combined,drop_middle,10,20260910,2018-12-31,1537,2069,2019-08-02,-0.0205509060495487,-0.0010013470314315,-0.0006743059323903
combined,drop_middle,10,20260910,2018-12-31,1537,2074,2019-08-09,0.024167527899843,-0.0010279537459312,-0.0006743059323903
combined,drop_middle,10,20260910,2018-12-31,1537,2079,2019-08-16,0.0054416051262971,-0.0010410952642639,-0.0006743059323903
combined,drop_middle,10,20260910,2018-12-31,1537,2084,2019-08-23,0.0125999637947373,-0.0010416711916477,-0.0006743059323903
combined,drop_middle,10,20260910,2018-12-31,1537,2089,2019-08-30,0.0466047443403643,-0.0010223473489836,-0.0006743059323903
combined,drop_middle,10,20260910,2018-12-31,1537,2094,2019-09-06,-0.0140091837144809,-0.0009921385698581,-0.0006743059323903
combined,drop_middle,10,20260910,2018-12-31,1537,2103,2019-09-20,-0.021176044981262,-0.0009778991832518,-0.0006743059323903
combined,drop_middle,10,20260910,2018-12-31,1537,2108,2019-09-27,0.0267538071924768,-0.0009977161382857,-0.0006743059323903
combined,drop_middle,10,20260910,2018-12-31,1537,2113,2019-10-11,-0.0201578763251421,-0.0009844577787118,-0.0006743059323903
combined,drop_middle,10,20260910,2018-12-31,1537,2118,2019-10-18,0.0102552427470803,-0.0009871899239932,-0.0006743059323903
combined,drop_middle,10,20260910,2018-12-31,1537,2123,2019-10-25,0.0151165947072713,-0.0009835839208986,-0.0006743059323903
combined,drop_middle,10,20260910,2018-12-31,1537,2128,2019-11-01,-0.0038824321835717,-0.0009658019485831,-0.0006743059323903
combined,drop_middle,10,20260910,2018-12-31,1537,2133,2019-11-08,-0.0187863101539271,-0.0009782747309881,-0.0006743059323903
combined,drop_middle,10,20260910,2018-12-31,1537,2138,2019-11-15,-0.0060576496216228,-0.0009853981886101,-0.0006743059323903
combined,drop_middle,10,20260910,2018-12-31,1537,2143,2019-11-22,-0.0040145729517496,-0.000989327869539,-0.0006743059323903
combined,drop_middle,10,20260910,2018-12-31,1537,2148,2019-11-29,0.0192986069649145,-0.0009816813457505,-0.0006743059323903
combined,drop_middle,10,20260910,2018-12-31,1537,2153,2019-12-06,0.0156489398981463,-0.0009843134485658,-0.0006743059323903
combined,drop_middle,10,20260910,2018-12-31,1537,2158,2019-12-13,0.0110761047772312,-0.001001978740394,-0.0006743059323903
combined,drop_middle,10,20260910,2018-12-31,1537,2163,2019-12-20,0.0002067407446153,-0.0009886427367207,-0.0006743059323903
combined,drop_middle,10,20260910,2018-12-31,1537,2168,2019-12-27,0.0261485436506356,-0.001003823819256,-0.0006743059323903
baseline,drop_recent,10,20260910,2018-12-31,1537,1929,2019-01-04,0.0122252589889202,-0.0052646500124963,0.0018306765527074
baseline,drop_recent,10,20260910,2018-12-31,1537,1934,2019-01-11,0.0253451899757477,-0.001081020162831,0.0018306765527074
baseline,drop_recent,10,20260910,2018-12-31,1537,1939,2019-01-18,0.0101675244727015,0.0043712717337062,0.0018306765527074
baseline,drop_recent,10,20260910,2018-12-31,1537,1944,2019-01-25,0.011454456904518,0.0111332079886794,0.0018306765527074
baseline,drop_recent,10,20260910,2018-12-31,1537,1949,2019-02-01,0.0390794521900976,0.0063329292737548,0.0018306765527074
baseline,drop_recent,10,20260910,2018-12-31,1537,1954,2019-02-15,0.0622114887625429,0.0085598269584295,0.0018306765527074
baseline,drop_recent,10,20260910,2018-12-31,1537,1959,2019-02-22,0.057941468462044,-0.0026343493209626,0.0018306765527074
baseline,drop_recent,10,20260910,2018-12-31,1537,1964,2019-03-01,-0.0314720436474369,-0.0027377376226155,0.0018306765527074
baseline,drop_recent,10,20260910,2018-12-31,1537,1969,2019-03-08,0.0244706575909257,0.0015532797814676,0.0018306765527074
baseline,drop_recent,10,20260910,2018-12-31,1537,1974,2019-03-15,0.0060741040696496,-0.004107054521707,0.0018306765527074
baseline,drop_recent,10,20260910,2018-12-31,1537,1979,2019-03-22,0.0330284606666595,-0.0110027574439388,0.0018306765527074
baseline,drop_recent,10,20260910,2018-12-31,1537,1984,2019-03-29,0.0398136969165658,-0.0132644095734927,0.0018306765527074
baseline,drop_recent,10,20260910,2018-12-31,1537,1993,2019-04-12,0.0171281082906651,-0.0109985221745707,0.0018306765527074
baseline,drop_recent,10,20260910,2018-12-31,1537,1998,2019-04-19,-0.0555966233394814,0.0019111240476808,0.0018306765527074
baseline,drop_recent,10,20260910,2018-12-31,1537,2003,2019-04-26,-0.0566702082338871,-0.0014820120286444,0.0018306765527074
baseline,drop_recent,10,20260910,2018-12-31,1537,2010,2019-05-10,-0.010887544344571,-0.0026282515205706,0.0018306765527074
baseline,drop_recent,10,20260910,2018-12-31,1537,2015,2019-05-17,-0.011865534939242,0.0009808884296022,0.0018306765527074
baseline,drop_recent,10,20260910,2018-12-31,1537,2020,2019-05-24,0.013363580693648,0.0028761321547652,0.0018306765527074
baseline,drop_recent,10,20260910,2018-12-31,1537,2025,2019-05-31,0.0037988139350273,0.00520228287876,0.0018306765527074
baseline,drop_recent,10,20260910,2018-12-31,1537,2034,2019-06-14,0.0497668589441884,-0.0014601970083037,0.0018306765527074
baseline,drop_recent,10,20260910,2018-12-31,1537,2039,2019-06-21,0.0164272438880068,-0.0001433962607213,0.0018306765527074
baseline,drop_recent,10,20260910,2018-12-31,1537,2044,2019-06-28,-0.0060471927228523,-0.0038684631088885,0.0018306765527074
baseline,drop_recent,10,20260910,2018-12-31,1537,2049,2019-07-05,-0.0214435915629233,-0.0143416099229915,0.0018306765527074
baseline,drop_recent,10,20260910,2018-12-31,1537,2054,2019-07-12,0.005500126560918,-0.0166807221302194,0.0018306765527074
baseline,drop_recent,10,20260910,2018-12-31,1537,2059,2019-07-19,0.011653336829684,-0.0187129674930693,0.0018306765527074
baseline,drop_recent,10,20260910,2018-12-31,1537,2064,2019-07-26,-0.0346117357968243,-0.0186493104435431,0.0018306765527074
baseline,drop_recent,10,20260910,2018-12-31,1537,2069,2019-08-02,-0.0205509060495487,-0.0168194217159237,0.0018306765527074
baseline,drop_recent,10,20260910,2018-12-31,1537,2074,2019-08-09,0.024167527899843,-0.0123463427043091,0.0018306765527074
baseline,drop_recent,10,20260910,2018-12-31,1537,2079,2019-08-16,0.0054416051262971,-0.0099456435360371,0.0018306765527074
baseline,drop_recent,10,20260910,2018-12-31,1537,2084,2019-08-23,0.0125999637947373,-0.0139761368986877,0.0018306765527074
baseline,drop_recent,10,20260910,2018-12-31,1537,2089,2019-08-30,0.0466047443403643,-0.0094430746959926,0.0018306765527074
baseline,drop_recent,10,20260910,2018-12-31,1537,2094,2019-09-06,-0.0140091837144809,-0.0141125250075002,0.0018306765527074
baseline,drop_recent,10,20260910,2018-12-31,1537,2103,2019-09-20,-0.021176044981262,-0.012551555769053,0.0018306765527074
baseline,drop_recent,10,20260910,2018-12-31,1537,2108,2019-09-27,0.0267538071924768,-0.0120909217647227,0.0018306765527074
baseline,drop_recent,10,20260910,2018-12-31,1537,2113,2019-10-11,-0.0201578763251421,-0.0072971491074813,0.0018306765527074
baseline,drop_recent,10,20260910,2018-12-31,1537,2118,2019-10-18,0.0102552427470803,-0.002123464924513,0.0018306765527074
baseline,drop_recent,10,20260910,2018-12-31,1537,2123,2019-10-25,0.0151165947072713,-7.432591609903808e-05,0.0018306765527074
baseline,drop_recent,10,20260910,2018-12-31,1537,2128,2019-11-01,-0.0038824321835717,-0.0106084961087425,0.0018306765527074
baseline,drop_recent,10,20260910,2018-12-31,1537,2133,2019-11-08,-0.0187863101539271,-0.0156688127737617,0.0018306765527074
baseline,drop_recent,10,20260910,2018-12-31,1537,2138,2019-11-15,-0.0060576496216228,-0.0116830274704854,0.0018306765527074
baseline,drop_recent,10,20260910,2018-12-31,1537,2143,2019-11-22,-0.0040145729517496,-0.012338429004745,0.0018306765527074
baseline,drop_recent,10,20260910,2018-12-31,1537,2148,2019-11-29,0.0192986069649145,-0.0122332650353216,0.0018306765527074
baseline,drop_recent,10,20260910,2018-12-31,1537,2153,2019-12-06,0.0156489398981463,-0.013387613669132,0.0018306765527074
baseline,drop_recent,10,20260910,2018-12-31,1537,2158,2019-12-13,0.0110761047772312,-0.0139604100780635,0.0018306765527074
baseline,drop_recent,10,20260910,2018-12-31,1537,2163,2019-12-20,0.0002067407446153,-0.016719742932368,0.0018306765527074
baseline,drop_recent,10,20260910,2018-12-31,1537,2168,2019-12-27,0.0261485436506356,-0.0120658777172288,0.0018306765527074
small,drop_recent,10,20260910,2018-12-31,1537,1929,2019-01-04,0.0122252589889202,0.0027302597787606,0.0018306765527074
small,drop_recent,10,20260910,2018-12-31,1537,1934,2019-01-11,0.0253451899757477,0.0029178893779848,0.0018306765527074
small,drop_recent,10,20260910,2018-12-31,1537,1939,2019-01-18,0.0101675244727015,0.002764608595105,0.0018306765527074
small,drop_recent,10,20260910,2018-12-31,1537,1944,2019-01-25,0.011454456904518,0.0029929068838306,0.0018306765527074
small,drop_recent,10,20260910,2018-12-31,1537,1949,2019-02-01,0.0390794521900976,0.0028793315798359,0.0018306765527074
small,drop_recent,10,20260910,2018-12-31,1537,1954,2019-02-15,0.0622114887625429,0.0030481381977725,0.0018306765527074
small,drop_recent,10,20260910,2018-12-31,1537,1959,2019-02-22,0.057941468462044,0.0024584453430798,0.0018306765527074
small,drop_recent,10,20260910,2018-12-31,1537,1964,2019-03-01,-0.0314720436474369,0.0027346221427837,0.0018306765527074
small,drop_recent,10,20260910,2018-12-31,1537,1969,2019-03-08,0.0244706575909257,0.0025742128012866,0.0018306765527074
small,drop_recent,10,20260910,2018-12-31,1537,1974,2019-03-15,0.0060741040696496,0.0025514894884786,0.0018306765527074
small,drop_recent,10,20260910,2018-12-31,1537,1979,2019-03-22,0.0330284606666595,0.0026708559427219,0.0018306765527074
small,drop_recent,10,20260910,2018-12-31,1537,1984,2019-03-29,0.0398136969165658,0.0027124674414045,0.0018306765527074
small,drop_recent,10,20260910,2018-12-31,1537,1993,2019-04-12,0.0171281082906651,0.00280702215021,0.0018306765527074
small,drop_recent,10,20260910,2018-12-31,1537,1998,2019-04-19,-0.0555966233394814,0.0030231035223665,0.0018306765527074
small,drop_recent,10,20260910,2018-12-31,1537,2003,2019-04-26,-0.0566702082338871,0.0031113064129106,0.0018306765527074
small,drop_recent,10,20260910,2018-12-31,1537,2010,2019-05-10,-0.010887544344571,0.003123053410708,0.0018306765527074
small,drop_recent,10,20260910,2018-12-31,1537,2015,2019-05-17,-0.011865534939242,0.0030983363576459,0.0018306765527074
small,drop_recent,10,20260910,2018-12-31,1537,2020,2019-05-24,0.013363580693648,0.0030731439568586,0.0018306765527074
small,drop_recent,10,20260910,2018-12-31,1537,2025,2019-05-31,0.0037988139350273,0.0030785657096925,0.0018306765527074
small,drop_recent,10,20260910,2018-12-31,1537,2034,2019-06-14,0.0497668589441884,0.0030788240135778,0.0018306765527074
small,drop_recent,10,20260910,2018-12-31,1537,2039,2019-06-21,0.0164272438880068,0.0030611138534312,0.0018306765527074
small,drop_recent,10,20260910,2018-12-31,1537,2044,2019-06-28,-0.0060471927228523,0.0029875428493428,0.0018306765527074
small,drop_recent,10,20260910,2018-12-31,1537,2049,2019-07-05,-0.0214435915629233,0.0027563764731408,0.0018306765527074
small,drop_recent,10,20260910,2018-12-31,1537,2054,2019-07-12,0.005500126560918,0.0022975445384382,0.0018306765527074
small,drop_recent,10,20260910,2018-12-31,1537,2059,2019-07-19,0.011653336829684,0.0020913641485028,0.0018306765527074
small,drop_recent,10,20260910,2018-12-31,1537,2064,2019-07-26,-0.0346117357968243,0.0020947722168224,0.0018306765527074
small,drop_recent,10,20260910,2018-12-31,1537,2069,2019-08-02,-0.0205509060495487,0.0019859162305329,0.0018306765527074
small,drop_recent,10,20260910,2018-12-31,1537,2074,2019-08-09,0.024167527899843,0.001850956404339,0.0018306765527074
small,drop_recent,10,20260910,2018-12-31,1537,2079,2019-08-16,0.0054416051262971,0.0018692384475731,0.0018306765527074
small,drop_recent,10,20260910,2018-12-31,1537,2084,2019-08-23,0.0125999637947373,0.0018134739104062,0.0018306765527074
small,drop_recent,10,20260910,2018-12-31,1537,2089,2019-08-30,0.0466047443403643,0.0019068298527389,0.0018306765527074
small,drop_recent,10,20260910,2018-12-31,1537,2094,2019-09-06,-0.0140091837144809,0.0018851860765876,0.0018306765527074
small,drop_recent,10,20260910,2018-12-31,1537,2103,2019-09-20,-0.021176044981262,0.0020706167461232,0.0018306765527074
small,drop_recent,10,20260910,2018-12-31,1537,2108,2019-09-27,0.0267538071924768,0.0021273844824338,0.0018306765527074
small,drop_recent,10,20260910,2018-12-31,1537,2113,2019-10-11,-0.0201578763251421,0.0022179278519099,0.0018306765527074
small,drop_recent,10,20260910,2018-12-31,1537,2118,2019-10-18,0.0102552427470803,0.0023329573153436,0.0018306765527074
small,drop_recent,10,20260910,2018-12-31,1537,2123,2019-10-25,0.0151165947072713,0.0026280536174108,0.0018306765527074
small,drop_recent,10,20260910,2018-12-31,1537,2128,2019-11-01,-0.0038824321835717,0.0023758082726473,0.0018306765527074
small,drop_recent,10,20260910,2018-12-31,1537,2133,2019-11-08,-0.0187863101539271,0.0024714698021717,0.0018306765527074
small,drop_recent,10,20260910,2018-12-31,1537,2138,2019-11-15,-0.0060576496216228,0.0020923977926454,0.0018306765527074
small,drop_recent,10,20260910,2018-12-31,1537,2143,2019-11-22,-0.0040145729517496,0.0021502590344526,0.0018306765527074
small,drop_recent,10,20260910,2018-12-31,1537,2148,2019-11-29,0.0192986069649145,0.0026466865281846,0.0018306765527074
small,drop_recent,10,20260910,2018-12-31,1537,2153,2019-12-06,0.0156489398981463,0.0024567093352422,0.0018306765527074
small,drop_recent,10,20260910,2018-12-31,1537,2158,2019-12-13,0.0110761047772312,0.0025811995213545,0.0018306765527074
small,drop_recent,10,20260910,2018-12-31,1537,2163,2019-12-20,0.0002067407446153,0.0027837013668002,0.0018306765527074
small,drop_recent,10,20260910,2018-12-31,1537,2168,2019-12-27,0.0261485436506356,0.0025124468562229,0.0018306765527074
dropout,drop_recent,10,20260910,2018-12-31,1537,1929,2019-01-04,0.0122252589889202,0.0002879345393523,0.0018306765527074
dropout,drop_recent,10,20260910,2018-12-31,1537,1934,2019-01-11,0.0253451899757477,0.0025905533222257,0.0018306765527074
dropout,drop_recent,10,20260910,2018-12-31,1537,1939,2019-01-18,0.0101675244727015,0.0092204233724203,0.0018306765527074
dropout,drop_recent,10,20260910,2018-12-31,1537,1944,2019-01-25,0.011454456904518,0.0129222042396259,0.0018306765527074
dropout,drop_recent,10,20260910,2018-12-31,1537,1949,2019-02-01,0.0390794521900976,0.0117217723639866,0.0018306765527074
dropout,drop_recent,10,20260910,2018-12-31,1537,1954,2019-02-15,0.0622114887625429,0.0070468866986883,0.0018306765527074
dropout,drop_recent,10,20260910,2018-12-31,1537,1959,2019-02-22,0.057941468462044,0.0127761349926291,0.0018306765527074
dropout,drop_recent,10,20260910,2018-12-31,1537,1964,2019-03-01,-0.0314720436474369,0.0092778820430506,0.0018306765527074
dropout,drop_recent,10,20260910,2018-12-31,1537,1969,2019-03-08,0.0244706575909257,-0.0032522172434077,0.0018306765527074
dropout,drop_recent,10,20260910,2018-12-31,1537,1974,2019-03-15,0.0060741040696496,-0.0031210016127504,0.0018306765527074
dropout,drop_recent,10,20260910,2018-12-31,1537,1979,2019-03-22,0.0330284606666595,-0.0032799366791078,0.0018306765527074
dropout,drop_recent,10,20260910,2018-12-31,1537,1984,2019-03-29,0.0398136969165658,1.564727040905792e-05,0.0018306765527074
dropout,drop_recent,10,20260910,2018-12-31,1537,1993,2019-04-12,0.0171281082906651,-0.0012769678900697,0.0018306765527074
dropout,drop_recent,10,20260910,2018-12-31,1537,1998,2019-04-19,-0.0555966233394814,0.0008443211081825,0.0018306765527074
dropout,drop_recent,10,20260910,2018-12-31,1537,2003,2019-04-26,-0.0566702082338871,0.0052316275716495,0.0018306765527074
dropout,drop_recent,10,20260910,2018-12-31,1537,2010,2019-05-10,-0.010887544344571,0.0053970764676654,0.0018306765527074
dropout,drop_recent,10,20260910,2018-12-31,1537,2015,2019-05-17,-0.011865534939242,6.485656071818398e-05,0.0018306765527074
dropout,drop_recent,10,20260910,2018-12-31,1537,2020,2019-05-24,0.013363580693648,0.0001519469158556,0.0018306765527074
dropout,drop_recent,10,20260910,2018-12-31,1537,2025,2019-05-31,0.0037988139350273,0.0083963059694651,0.0018306765527074
dropout,drop_recent,10,20260910,2018-12-31,1537,2034,2019-06-14,0.0497668589441884,0.0028536622312109,0.0018306765527074
dropout,drop_recent,10,20260910,2018-12-31,1537,2039,2019-06-21,0.0164272438880068,-0.0043735445828327,0.0018306765527074
dropout,drop_recent,10,20260910,2018-12-31,1537,2044,2019-06-28,-0.0060471927228523,-0.0065618608105513,0.0018306765527074
dropout,drop_recent,10,20260910,2018-12-31,1537,2049,2019-07-05,-0.0214435915629233,-0.0047815929450512,0.0018306765527074
dropout,drop_recent,10,20260910,2018-12-31,1537,2054,2019-07-12,0.005500126560918,-0.0088121868862057,0.0018306765527074
dropout,drop_recent,10,20260910,2018-12-31,1537,2059,2019-07-19,0.011653336829684,-0.0119243025006604,0.0018306765527074
dropout,drop_recent,10,20260910,2018-12-31,1537,2064,2019-07-26,-0.0346117357968243,-0.0095857965075065,0.0018306765527074
dropout,drop_recent,10,20260910,2018-12-31,1537,2069,2019-08-02,-0.0205509060495487,-0.0062777740829773,0.0018306765527074
dropout,drop_recent,10,20260910,2018-12-31,1537,2074,2019-08-09,0.024167527899843,-0.0094532687845471,0.0018306765527074
dropout,drop_recent,10,20260910,2018-12-31,1537,2079,2019-08-16,0.0054416051262971,-0.0057489816838921,0.0018306765527074
dropout,drop_recent,10,20260910,2018-12-31,1537,2084,2019-08-23,0.0125999637947373,-0.0078655685227891,0.0018306765527074
dropout,drop_recent,10,20260910,2018-12-31,1537,2089,2019-08-30,0.0466047443403643,-0.0089760685862594,0.0018306765527074
dropout,drop_recent,10,20260910,2018-12-31,1537,2094,2019-09-06,-0.0140091837144809,-0.0064824376233494,0.0018306765527074
dropout,drop_recent,10,20260910,2018-12-31,1537,2103,2019-09-20,-0.021176044981262,-0.0117498152545358,0.0018306765527074
dropout,drop_recent,10,20260910,2018-12-31,1537,2108,2019-09-27,0.0267538071924768,-0.0113089513266901,0.0018306765527074
dropout,drop_recent,10,20260910,2018-12-31,1537,2113,2019-10-11,-0.0201578763251421,-0.0034687714488267,0.0018306765527074
dropout,drop_recent,10,20260910,2018-12-31,1537,2118,2019-10-18,0.0102552427470803,-0.0093961447660302,0.0018306765527074
dropout,drop_recent,10,20260910,2018-12-31,1537,2123,2019-10-25,0.0151165947072713,-0.0031270664965411,0.0018306765527074
dropout,drop_recent,10,20260910,2018-12-31,1537,2128,2019-11-01,-0.0038824321835717,0.0012287698673769,0.0018306765527074
dropout,drop_recent,10,20260910,2018-12-31,1537,2133,2019-11-08,-0.0187863101539271,-0.0029038837105341,0.0018306765527074
dropout,drop_recent,10,20260910,2018-12-31,1537,2138,2019-11-15,-0.0060576496216228,-0.0080747535240906,0.0018306765527074
dropout,drop_recent,10,20260910,2018-12-31,1537,2143,2019-11-22,-0.0040145729517496,-0.0088288399434166,0.0018306765527074
dropout,drop_recent,10,20260910,2018-12-31,1537,2148,2019-11-29,0.0192986069649145,-0.005888628536234,0.0018306765527074
dropout,drop_recent,10,20260910,2018-12-31,1537,2153,2019-12-06,0.0156489398981463,-0.0063294376030775,0.0018306765527074
dropout,drop_recent,10,20260910,2018-12-31,1537,2158,2019-12-13,0.0110761047772312,0.0053491092075868,0.0018306765527074
dropout,drop_recent,10,20260910,2018-12-31,1537,2163,2019-12-20,0.0002067407446153,0.0052164274166463,0.0018306765527074
dropout,drop_recent,10,20260910,2018-12-31,1537,2168,2019-12-27,0.0261485436506356,0.0011731922433588,0.0018306765527074
decay,drop_recent,10,20260910,2018-12-31,1537,1929,2019-01-04,0.0122252589889202,-0.0048249902836484,0.0018306765527074
decay,drop_recent,10,20260910,2018-12-31,1537,1934,2019-01-11,0.0253451899757477,0.0018964638663775,0.0018306765527074
decay,drop_recent,10,20260910,2018-12-31,1537,1939,2019-01-18,0.0101675244727015,0.013234792172181,0.0018306765527074
decay,drop_recent,10,20260910,2018-12-31,1537,1944,2019-01-25,0.011454456904518,0.0163943890696699,0.0018306765527074
decay,drop_recent,10,20260910,2018-12-31,1537,1949,2019-02-01,0.0390794521900976,0.0055115711506216,0.0018306765527074
decay,drop_recent,10,20260910,2018-12-31,1537,1954,2019-02-15,0.0622114887625429,0.0096685655265549,0.0018306765527074
decay,drop_recent,10,20260910,2018-12-31,1537,1959,2019-02-22,0.057941468462044,-0.0032754673361304,0.0018306765527074
decay,drop_recent,10,20260910,2018-12-31,1537,1964,2019-03-01,-0.0314720436474369,-0.0026067665805929,0.0018306765527074
decay,drop_recent,10,20260910,2018-12-31,1537,1969,2019-03-08,0.0244706575909257,0.0052183912119367,0.0018306765527074
decay,drop_recent,10,20260910,2018-12-31,1537,1974,2019-03-15,0.0060741040696496,-0.0012061453078966,0.0018306765527074
decay,drop_recent,10,20260910,2018-12-31,1537,1979,2019-03-22,0.0330284606666595,-0.0077785480011356,0.0018306765527074
decay,drop_recent,10,20260910,2018-12-31,1537,1984,2019-03-29,0.0398136969165658,-0.0121294369313012,0.0018306765527074
decay,drop_recent,10,20260910,2018-12-31,1537,1993,2019-04-12,0.0171281082906651,-0.0056625015431101,0.0018306765527074
decay,drop_recent,10,20260910,2018-12-31,1537,1998,2019-04-19,-0.0555966233394814,-0.0001233523364009,0.0018306765527074
decay,drop_recent,10,20260910,2018-12-31,1537,2003,2019-04-26,-0.0566702082338871,-0.0021530697499879,0.0018306765527074
decay,drop_recent,10,20260910,2018-12-31,1537,2010,2019-05-10,-0.010887544344571,-0.0040721839543732,0.0018306765527074
decay,drop_recent,10,20260910,2018-12-31,1537,2015,2019-05-17,-0.011865534939242,-0.0012342944881137,0.0018306765527074
decay,drop_recent,10,20260910,2018-12-31,1537,2020,2019-05-24,0.013363580693648,0.0011910601860335,0.0018306765527074
decay,drop_recent,10,20260910,2018-12-31,1537,2025,2019-05-31,0.0037988139350273,0.002060069089839,0.0018306765527074
decay,drop_recent,10,20260910,2018-12-31,1537,2034,2019-06-14,0.0497668589441884,-0.0015417110854511,0.0018306765527074
decay,drop_recent,10,20260910,2018-12-31,1537,2039,2019-06-21,0.0164272438880068,-0.0006779058619959,0.0018306765527074
decay,drop_recent,10,20260910,2018-12-31,1537,2044,2019-06-28,-0.0060471927228523,-0.001002324341083,0.0018306765527074
decay,drop_recent,10,20260910,2018-12-31,1537,2049,2019-07-05,-0.0214435915629233,-0.0158749219015411,0.0018306765527074
decay,drop_recent,10,20260910,2018-12-31,1537,2054,2019-07-12,0.005500126560918,-0.0190211528301997,0.0018306765527074
decay,drop_recent,10,20260910,2018-12-31,1537,2059,2019-07-19,0.011653336829684,-0.0176046179808843,0.0018306765527074
decay,drop_recent,10,20260910,2018-12-31,1537,2064,2019-07-26,-0.0346117357968243,-0.015639463966297,0.0018306765527074
decay,drop_recent,10,20260910,2018-12-31,1537,2069,2019-08-02,-0.0205509060495487,-0.0193294424032342,0.0018306765527074
decay,drop_recent,10,20260910,2018-12-31,1537,2074,2019-08-09,0.024167527899843,-0.0186066779587512,0.0018306765527074
decay,drop_recent,10,20260910,2018-12-31,1537,2079,2019-08-16,0.0054416051262971,-0.0075923369588458,0.0018306765527074
decay,drop_recent,10,20260910,2018-12-31,1537,2084,2019-08-23,0.0125999637947373,-0.0087473878134842,0.0018306765527074
decay,drop_recent,10,20260910,2018-12-31,1537,2089,2019-08-30,0.0466047443403643,-0.0145401299454698,0.0018306765527074
decay,drop_recent,10,20260910,2018-12-31,1537,2094,2019-09-06,-0.0140091837144809,-0.0170803534431788,0.0018306765527074
decay,drop_recent,10,20260910,2018-12-31,1537,2103,2019-09-20,-0.021176044981262,-0.0157895179507519,0.0018306765527074
decay,drop_recent,10,20260910,2018-12-31,1537,2108,2019-09-27,0.0267538071924768,-0.0160166937033674,0.0018306765527074
decay,drop_recent,10,20260910,2018-12-31,1537,2113,2019-10-11,-0.0201578763251421,-0.0121123468147729,0.0018306765527074
decay,drop_recent,10,20260910,2018-12-31,1537,2118,2019-10-18,0.0102552427470803,-0.0071650602725393,0.0018306765527074
decay,drop_recent,10,20260910,2018-12-31,1537,2123,2019-10-25,0.0151165947072713,-0.0063678339041513,0.0018306765527074
decay,drop_recent,10,20260910,2018-12-31,1537,2128,2019-11-01,-0.0038824321835717,-0.0160877405298869,0.0018306765527074
decay,drop_recent,10,20260910,2018-12-31,1537,2133,2019-11-08,-0.0187863101539271,-0.0176009770390398,0.0018306765527074
decay,drop_recent,10,20260910,2018-12-31,1537,2138,2019-11-15,-0.0060576496216228,-0.0124037346273867,0.0018306765527074
decay,drop_recent,10,20260910,2018-12-31,1537,2143,2019-11-22,-0.0040145729517496,-0.0181481679895552,0.0018306765527074
decay,drop_recent,10,20260910,2018-12-31,1537,2148,2019-11-29,0.0192986069649145,-0.0150650363569008,0.0018306765527074
decay,drop_recent,10,20260910,2018-12-31,1537,2153,2019-12-06,0.0156489398981463,-0.0149700481890311,0.0018306765527074
decay,drop_recent,10,20260910,2018-12-31,1537,2158,2019-12-13,0.0110761047772312,-0.0160370032463734,0.0018306765527074
decay,drop_recent,10,20260910,2018-12-31,1537,2163,2019-12-20,0.0002067407446153,-0.0136913077188842,0.0018306765527074
decay,drop_recent,10,20260910,2018-12-31,1537,2168,2019-12-27,0.0261485436506356,-0.0145230151414906,0.0018306765527074
combined,drop_recent,10,20260910,2018-12-31,1537,1929,2019-01-04,0.0122252589889202,0.0079776685194765,0.0018306765527074
combined,drop_recent,10,20260910,2018-12-31,1537,1934,2019-01-11,0.0253451899757477,0.0076814721400219,0.0018306765527074
combined,drop_recent,10,20260910,2018-12-31,1537,1939,2019-01-18,0.0101675244727015,0.0085796098358146,0.0018306765527074
combined,drop_recent,10,20260910,2018-12-31,1537,1944,2019-01-25,0.011454456904518,0.0089639518446422,0.0018306765527074
combined,drop_recent,10,20260910,2018-12-31,1537,1949,2019-02-01,0.0390794521900976,0.0083466078447679,0.0018306765527074
combined,drop_recent,10,20260910,2018-12-31,1537,1954,2019-02-15,0.0622114887625429,0.0085703172963958,0.0018306765527074
combined,drop_recent,10,20260910,2018-12-31,1537,1959,2019-02-22,0.057941468462044,0.0017025776984496,0.0018306765527074
combined,drop_recent,10,20260910,2018-12-31,1537,1964,2019-03-01,-0.0314720436474369,0.0005748760963271,0.0018306765527074
combined,drop_recent,10,20260910,2018-12-31,1537,1969,2019-03-08,0.0244706575909257,0.001744745236248,0.0018306765527074
combined,drop_recent,10,20260910,2018-12-31,1537,1974,2019-03-15,0.0060741040696496,-0.000532262702116,0.0018306765527074
combined,drop_recent,10,20260910,2018-12-31,1537,1979,2019-03-22,0.0330284606666595,-0.0006281672773095,0.0018306765527074
combined,drop_recent,10,20260910,2018-12-31,1537,1984,2019-03-29,0.0398136969165658,-0.0006629377233144,0.0018306765527074
combined,drop_recent,10,20260910,2018-12-31,1537,1993,2019-04-12,0.0171281082906651,0.0057963315255849,0.0018306765527074
combined,drop_recent,10,20260910,2018-12-31,1537,1998,2019-04-19,-0.0555966233394814,0.0081676512556659,0.0018306765527074
combined,drop_recent,10,20260910,2018-12-31,1537,2003,2019-04-26,-0.0566702082338871,0.0087551604710313,0.0018306765527074
combined,drop_recent,10,20260910,2018-12-31,1537,2010,2019-05-10,-0.010887544344571,0.0089016859786962,0.0018306765527074
combined,drop_recent,10,20260910,2018-12-31,1537,2015,2019-05-17,-0.011865534939242,0.00889119929813,0.0018306765527074
combined,drop_recent,10,20260910,2018-12-31,1537,2020,2019-05-24,0.013363580693648,0.0089686666906043,0.0018306765527074
combined,drop_recent,10,20260910,2018-12-31,1537,2025,2019-05-31,0.0037988139350273,0.0089868247679749,0.0018306765527074
combined,drop_recent,10,20260910,2018-12-31,1537,2034,2019-06-14,0.0497668589441884,0.0088705148716092,0.0018306765527074
combined,drop_recent,10,20260910,2018-12-31,1537,2039,2019-06-21,0.0164272438880068,0.0087169593836903,0.0018306765527074
combined,drop_recent,10,20260910,2018-12-31,1537,2044,2019-06-28,-0.0060471927228523,0.0084408348162323,0.0018306765527074
combined,drop_recent,10,20260910,2018-12-31,1537,2049,2019-07-05,-0.0214435915629233,0.00270123590844,0.0018306765527074
combined,drop_recent,10,20260910,2018-12-31,1537,2054,2019-07-12,0.005500126560918,-0.0001711497559602,0.0018306765527074
combined,drop_recent,10,20260910,2018-12-31,1537,2059,2019-07-19,0.011653336829684,-0.0013247022194766,0.0018306765527074
combined,drop_recent,10,20260910,2018-12-31,1537,2064,2019-07-26,-0.0346117357968243,-0.0013607774429832,0.0018306765527074
combined,drop_recent,10,20260910,2018-12-31,1537,2069,2019-08-02,-0.0205509060495487,-0.0011544438422698,0.0018306765527074
combined,drop_recent,10,20260910,2018-12-31,1537,2074,2019-08-09,0.024167527899843,-0.0007880315518912,0.0018306765527074
combined,drop_recent,10,20260910,2018-12-31,1537,2079,2019-08-16,0.0054416051262971,-0.0012567993855568,0.0018306765527074
combined,drop_recent,10,20260910,2018-12-31,1537,2084,2019-08-23,0.0125999637947373,-0.0014061168610575,0.0018306765527074
combined,drop_recent,10,20260910,2018-12-31,1537,2089,2019-08-30,0.0466047443403643,-0.0015515126892526,0.0018306765527074
combined,drop_recent,10,20260910,2018-12-31,1537,2094,2019-09-06,-0.0140091837144809,-0.0013225749841171,0.0018306765527074
combined,drop_recent,10,20260910,2018-12-31,1537,2103,2019-09-20,-0.021176044981262,-0.0009529206370974,0.0018306765527074
combined,drop_recent,10,20260910,2018-12-31,1537,2108,2019-09-27,0.0267538071924768,-0.000272731987704,0.0018306765527074
combined,drop_recent,10,20260910,2018-12-31,1537,2113,2019-10-11,-0.0201578763251421,0.0011281870773696,0.0018306765527074
combined,drop_recent,10,20260910,2018-12-31,1537,2118,2019-10-18,0.0102552427470803,-0.0006267420341904,0.0018306765527074
combined,drop_recent,10,20260910,2018-12-31,1537,2123,2019-10-25,0.0151165947072713,-0.000886867076126,0.0018306765527074
combined,drop_recent,10,20260910,2018-12-31,1537,2128,2019-11-01,-0.0038824321835717,-0.0010533286148071,0.0018306765527074
combined,drop_recent,10,20260910,2018-12-31,1537,2133,2019-11-08,-0.0187863101539271,-0.0011711273016194,0.0018306765527074
combined,drop_recent,10,20260910,2018-12-31,1537,2138,2019-11-15,-0.0060576496216228,-0.0010447515542917,0.0018306765527074
combined,drop_recent,10,20260910,2018-12-31,1537,2143,2019-11-22,-0.0040145729517496,0.0011037487296279,0.0018306765527074
combined,drop_recent,10,20260910,2018-12-31,1537,2148,2019-11-29,0.0192986069649145,0.0030329409001131,0.0018306765527074
combined,drop_recent,10,20260910,2018-12-31,1537,2153,2019-12-06,0.0156489398981463,0.0039757671110481,0.0018306765527074
combined,drop_recent,10,20260910,2018-12-31,1537,2158,2019-12-13,0.0110761047772312,0.0026465027438273,0.0018306765527074
combined,drop_recent,10,20260910,2018-12-31,1537,2163,2019-12-20,0.0002067407446153,0.0048872323729697,0.0018306765527074
combined,drop_recent,10,20260910,2018-12-31,1537,2168,2019-12-27,0.0261485436506356,-0.0003886718008926,0.0018306765527074
baseline,drop_early,10,20260910,2019-12-31,1732,2172,2020-01-03,0.0112631415452417,-0.0055776697024107,0.0021329817628079
baseline,drop_early,10,20260910,2019-12-31,1732,2177,2020-01-10,0.000914342213572,0.0062278884736617,0.0021329817628079
baseline,drop_early,10,20260910,2019-12-31,1732,2182,2020-01-17,-0.0715388636069378,0.0064616680888532,0.0021329817628079
baseline,drop_early,10,20260910,2019-12-31,1732,2191,2020-02-07,0.0328687599583719,-0.0042195559033061,0.0021329817628079
baseline,drop_early,10,20260910,2019-12-31,1732,2196,2020-02-14,0.0330503919092921,0.002849717801662,0.0021329817628079
baseline,drop_early,10,20260910,2019-12-31,1732,2201,2020-02-21,-0.0394497366790582,0.0077279271898913,0.0021329817628079
baseline,drop_early,10,20260910,2019-12-31,1732,2206,2020-02-28,0.0237449733423367,0.0010109185971104,0.0021329817628079
baseline,drop_early,10,20260910,2019-12-31,1732,2211,2020-03-06,-0.040171495515717,-0.0016757451968414,0.0021329817628079
baseline,drop_early,10,20260910,2019-12-31,1732,2216,2020-03-13,-0.0915879031554979,0.0008104772950294,0.0021329817628079
baseline,drop_early,10,20260910,2019-12-31,1732,2221,2020-03-20,0.0323992006051916,0.0107177885656276,0.0021329817628079
baseline,drop_early,10,20260910,2019-12-31,1732,2226,2020-03-27,0.0334795185729988,0.0042878800846356,0.0021329817628079
baseline,drop_early,10,20260910,2019-12-31,1732,2231,2020-04-03,-0.0074604950911528,-0.0039715733399778,0.0021329817628079
baseline,drop_early,10,20260910,2019-12-31,1732,2235,2020-04-10,0.0249886051960306,0.0042068477857398,0.0021329817628079
baseline,drop_early,10,20260910,2019-12-31,1732,2240,2020-04-17,-0.009736156402615,0.0070912350792027,0.0021329817628079
baseline,drop_early,10,20260910,2019-12-31,1732,2245,2020-04-24,0.0437865347345864,0.0087942416690037,0.0021329817628079
baseline,drop_early,10,20260910,2019-12-31,1732,2252,2020-05-08,-0.0151204097857481,0.0046424535284198,0.0021329817628079
baseline,drop_early,10,20260910,2019-12-31,1732,2257,2020-05-15,-0.022055555271722,0.0053237793852741,0.0021329817628079
baseline,drop_early,10,20260910,2019-12-31,1732,2262,2020-05-22,0.0191755130187654,0.0091423811577575,0.0021329817628079
baseline,drop_early,10,20260910,2019-12-31,1732,2267,2020-05-29,0.0312374254497365,0.0128254323101236,0.0021329817628079
baseline,drop_early,10,20260910,2019-12-31,1732,2272,2020-06-05,-0.010100382492339,-0.0035255031462625,0.0021329817628079
baseline,drop_early,10,20260910,2019-12-31,1732,2277,2020-06-12,0.0287574347785699,-0.0054264307578637,0.0021329817628079
baseline,drop_early,10,20260910,2019-12-31,1732,2282,2020-06-19,0.0898838562932122,-0.0110411548803425,0.0021329817628079
baseline,drop_early,10,20260910,2019-12-31,1732,2290,2020-07-03,0.0619282952028859,-0.0125930843615414,0.0021329817628079
baseline,drop_early,10,20260910,2019-12-31,1732,2295,2020-07-10,-0.0306112766401609,-0.0006417942187509,0.0021329817628079
baseline,drop_early,10,20260910,2019-12-31,1732,2300,2020-07-17,-0.0135277995301487,-0.0125092871844724,0.0021329817628079
baseline,drop_early,10,20260910,2019-12-31,1732,2305,2020-07-24,0.0442975869953978,-0.0009466041941815,0.0021329817628079
baseline,drop_early,10,20260910,2019-12-31,1732,2310,2020-07-31,-0.0114318292193668,-0.0048541324320453,0.0021329817628079
baseline,drop_early,10,20260910,2019-12-31,1732,2315,2020-08-07,0.0096886640921363,0.0014442606974759,0.0021329817628079
baseline,drop_early,10,20260910,2019-12-31,1732,2320,2020-08-14,0.0040785933083991,0.0115409469239066,0.0021329817628079
baseline,drop_early,10,20260910,2019-12-31,1732,2325,2020-08-21,0.0262367267824037,0.0082024093541516,0.0021329817628079
baseline,drop_early,10,20260910,2019-12-31,1732,2330,2020-08-28,-0.0228724288790846,-0.0063035486043964,0.0021329817628079
baseline,drop_early,10,20260910,2019-12-31,1732,2335,2020-09-04,-0.0225800080680405,-0.005954704934038,0.0021329817628079
baseline,drop_early,10,20260910,2019-12-31,1732,2340,2020-09-11,0.0212164529615974,-0.0060214229954676,0.0021329817628079
baseline,drop_early,10,20260910,2019-12-31,1732,2345,2020-09-18,-0.035383886754723,0.0001596284440542,0.0021329817628079
baseline,drop_early,10,20260910,2019-12-31,1732,2350,2020-09-25,0.0267399866889246,-0.0013281278784888,0.0021329817628079
baseline,drop_early,10,20260910,2019-12-31,1732,2354,2020-10-09,0.0251424490828213,0.0023527004430736,0.0021329817628079
baseline,drop_early,10,20260910,2019-12-31,1732,2359,2020-10-16,-0.0289085288867603,0.0089570560054352,0.0021329817628079
baseline,drop_early,10,20260910,2019-12-31,1732,2364,2020-10-23,0.0039922716452642,0.0079999478144882,0.0021329817628079
baseline,drop_early,10,20260910,2019-12-31,1732,2369,2020-10-30,0.0459539631066927,-0.0037368903938554,0.0021329817628079
baseline,drop_early,10,20260910,2019-12-31,1732,2374,2020-11-06,-0.0077050373460516,-0.0051981379452425,0.0021329817628079
baseline,drop_early,10,20260910,2019-12-31,1732,2379,2020-11-13,0.0150871959614502,-0.0020982758534186,0.0021329817628079
baseline,drop_early,10,20260910,2019-12-31,1732,2384,2020-11-20,0.0079744076212002,-0.0043374119539293,0.0021329817628079
baseline,drop_early,10,20260910,2019-12-31,1732,2389,2020-11-27,0.0143408935726285,-0.0048835726899612,0.0021329817628079
baseline,drop_early,10,20260910,2019-12-31,1732,2394,2020-12-04,-0.0319993367194855,-0.0121202604733703,0.0021329817628079
baseline,drop_early,10,20260910,2019-12-31,1732,2399,2020-12-11,0.018788122268605,-0.0031935520246367,0.0021329817628079
baseline,drop_early,10,20260910,2019-12-31,1732,2404,2020-12-18,0.0094440085192242,-0.0041269302066499,0.0021329817628079
small,drop_early,10,20260910,2019-12-31,1732,2172,2020-01-03,0.0112631415452417,0.0021323393577636,0.0021329817628079
small,drop_early,10,20260910,2019-12-31,1732,2177,2020-01-10,0.000914342213572,0.0022594782475435,0.0021329817628079
small,drop_early,10,20260910,2019-12-31,1732,2182,2020-01-17,-0.0715388636069378,0.0022395408618081,0.0021329817628079
small,drop_early,10,20260910,2019-12-31,1732,2191,2020-02-07,0.0328687599583719,0.0021808650848525,0.0021329817628079
small,drop_early,10,20260910,2019-12-31,1732,2196,2020-02-14,0.0330503919092921,0.0021492198121879,0.0021329817628079
small,drop_early,10,20260910,2019-12-31,1732,2201,2020-02-21,-0.0394497366790582,0.0022287349770628,0.0021329817628079
small,drop_early,10,20260910,2019-12-31,1732,2206,2020-02-28,0.0237449733423367,0.0022074159115247,0.0021329817628079
small,drop_early,10,20260910,2019-12-31,1732,2211,2020-03-06,-0.040171495515717,0.0022808594116596,0.0021329817628079
small,drop_early,10,20260910,2019-12-31,1732,2216,2020-03-13,-0.0915879031554979,0.0022286378158379,0.0021329817628079
small,drop_early,10,20260910,2019-12-31,1732,2221,2020-03-20,0.0323992006051916,0.0022454836414918,0.0021329817628079
small,drop_early,10,20260910,2019-12-31,1732,2226,2020-03-27,0.0334795185729988,0.0021870832947795,0.0021329817628079
small,drop_early,10,20260910,2019-12-31,1732,2231,2020-04-03,-0.0074604950911528,0.0021961887869055,0.0021329817628079
small,drop_early,10,20260910,2019-12-31,1732,2235,2020-04-10,0.0249886051960306,0.0021745332535098,0.0021329817628079
small,drop_early,10,20260910,2019-12-31,1732,2240,2020-04-17,-0.009736156402615,0.0021600738572278,0.0021329817628079
small,drop_early,10,20260910,2019-12-31,1732,2245,2020-04-24,0.0437865347345864,0.0021382126087337,0.0021329817628079
small,drop_early,10,20260910,2019-12-31,1732,2252,2020-05-08,-0.0151204097857481,0.0021169136371024,0.0021329817628079
small,drop_early,10,20260910,2019-12-31,1732,2257,2020-05-15,-0.022055555271722,0.002057971317593,0.0021329817628079
small,drop_early,10,20260910,2019-12-31,1732,2262,2020-05-22,0.0191755130187654,0.0019686946053855,0.0021329817628079
small,drop_early,10,20260910,2019-12-31,1732,2267,2020-05-29,0.0312374254497365,0.0020012210541608,0.0021329817628079
small,drop_early,10,20260910,2019-12-31,1732,2272,2020-06-05,-0.010100382492339,0.0020646578429972,0.0021329817628079
small,drop_early,10,20260910,2019-12-31,1732,2277,2020-06-12,0.0287574347785699,0.0019614954277465,0.0021329817628079
small,drop_early,10,20260910,2019-12-31,1732,2282,2020-06-19,0.0898838562932122,0.0018096393480734,0.0021329817628079
small,drop_early,10,20260910,2019-12-31,1732,2290,2020-07-03,0.0619282952028859,0.001942176817733,0.0021329817628079
small,drop_early,10,20260910,2019-12-31,1732,2295,2020-07-10,-0.0306112766401609,0.0019311679736831,0.0021329817628079
small,drop_early,10,20260910,2019-12-31,1732,2300,2020-07-17,-0.0135277995301487,0.0019983661737253,0.0021329817628079
small,drop_early,10,20260910,2019-12-31,1732,2305,2020-07-24,0.0442975869953978,0.0020900431213914,0.0021329817628079
small,drop_early,10,20260910,2019-12-31,1732,2310,2020-07-31,-0.0114318292193668,0.0021609085814327,0.0021329817628079
small,drop_early,10,20260910,2019-12-31,1732,2315,2020-08-07,0.0096886640921363,0.0021854509970475,0.0021329817628079
small,drop_early,10,20260910,2019-12-31,1732,2320,2020-08-14,0.0040785933083991,0.0022585589445329,0.0021329817628079
small,drop_early,10,20260910,2019-12-31,1732,2325,2020-08-21,0.0262367267824037,0.0022590328190531,0.0021329817628079
small,drop_early,10,20260910,2019-12-31,1732,2330,2020-08-28,-0.0228724288790846,0.0022986243233857,0.0021329817628079
small,drop_early,10,20260910,2019-12-31,1732,2335,2020-09-04,-0.0225800080680405,0.0023385633628171,0.0021329817628079
small,drop_early,10,20260910,2019-12-31,1732,2340,2020-09-11,0.0212164529615974,0.0023676559500478,0.0021329817628079
small,drop_early,10,20260910,2019-12-31,1732,2345,2020-09-18,-0.035383886754723,0.0023569673746687,0.0021329817628079
small,drop_early,10,20260910,2019-12-31,1732,2350,2020-09-25,0.0267399866889246,0.0022882420919525,0.0021329817628079
small,drop_early,10,20260910,2019-12-31,1732,2354,2020-10-09,0.0251424490828213,0.0022717168739353,0.0021329817628079
small,drop_early,10,20260910,2019-12-31,1732,2359,2020-10-16,-0.0289085288867603,0.0023306728842829,0.0021329817628079
small,drop_early,10,20260910,2019-12-31,1732,2364,2020-10-23,0.0039922716452642,0.0023006059730745,0.0021329817628079
small,drop_early,10,20260910,2019-12-31,1732,2369,2020-10-30,0.0459539631066927,0.0022507267952745,0.0021329817628079
small,drop_early,10,20260910,2019-12-31,1732,2374,2020-11-06,-0.0077050373460516,0.0021592703992502,0.0021329817628079
small,drop_early,10,20260910,2019-12-31,1732,2379,2020-11-13,0.0150871959614502,0.0020539861074508,0.0021329817628079
small,drop_early,10,20260910,2019-12-31,1732,2384,2020-11-20,0.0079744076212002,0.0021675825515348,0.0021329817628079
small,drop_early,10,20260910,2019-12-31,1732,2389,2020-11-27,0.0143408935726285,0.0021419035692382,0.0021329817628079
small,drop_early,10,20260910,2019-12-31,1732,2394,2020-12-04,-0.0319993367194855,0.0020542527788117,0.0021329817628079
small,drop_early,10,20260910,2019-12-31,1732,2399,2020-12-11,0.018788122268605,0.0020617944206175,0.0021329817628079
small,drop_early,10,20260910,2019-12-31,1732,2404,2020-12-18,0.0094440085192242,0.0021923304042958,0.0021329817628079
dropout,drop_early,10,20260910,2019-12-31,1732,2172,2020-01-03,0.0112631415452417,0.002004499791288,0.0021329817628079
dropout,drop_early,10,20260910,2019-12-31,1732,2177,2020-01-10,0.000914342213572,0.0020119552001339,0.0021329817628079
dropout,drop_early,10,20260910,2019-12-31,1732,2182,2020-01-17,-0.0715388636069378,0.0022575651096701,0.0021329817628079
dropout,drop_early,10,20260910,2019-12-31,1732,2191,2020-02-07,0.0328687599583719,0.002148965896119,0.0021329817628079
dropout,drop_early,10,20260910,2019-12-31,1732,2196,2020-02-14,0.0330503919092921,0.0021474052015727,0.0021329817628079
dropout,drop_early,10,20260910,2019-12-31,1732,2201,2020-02-21,-0.0394497366790582,0.0014206517943279,0.0021329817628079
dropout,drop_early,10,20260910,2019-12-31,1732,2206,2020-02-28,0.0237449733423367,0.0014179466284118,0.0021329817628079
dropout,drop_early,10,20260910,2019-12-31,1732,2211,2020-03-06,-0.040171495515717,0.0013386469611951,0.0021329817628079
dropout,drop_early,10,20260910,2019-12-31,1732,2216,2020-03-13,-0.0915879031554979,0.0019678749719486,0.0021329817628079
dropout,drop_early,10,20260910,2019-12-31,1732,2221,2020-03-20,0.0323992006051916,0.0021635639701862,0.0021329817628079
dropout,drop_early,10,20260910,2019-12-31,1732,2226,2020-03-27,0.0334795185729988,0.0014316085325184,0.0021329817628079
dropout,drop_early,10,20260910,2019-12-31,1732,2231,2020-04-03,-0.0074604950911528,0.0012151697689818,0.0021329817628079
dropout,drop_early,10,20260910,2019-12-31,1732,2235,2020-04-10,0.0249886051960306,0.0015405005856085,0.0021329817628079
dropout,drop_early,10,20260910,2019-12-31,1732,2240,2020-04-17,-0.009736156402615,0.0013969298663444,0.0021329817628079
dropout,drop_early,10,20260910,2019-12-31,1732,2245,2020-04-24,0.0437865347345864,0.0016406551247131,0.0021329817628079
dropout,drop_early,10,20260910,2019-12-31,1732,2252,2020-05-08,-0.0151204097857481,0.001630097064817,0.0021329817628079
dropout,drop_early,10,20260910,2019-12-31,1732,2257,2020-05-15,-0.022055555271722,0.0006541273934544,0.0021329817628079
dropout,drop_early,10,20260910,2019-12-31,1732,2262,2020-05-22,0.0191755130187654,0.0003939099459192,0.0021329817628079
dropout,drop_early,10,20260910,2019-12-31,1732,2267,2020-05-29,0.0312374254497365,8.21695522412332e-05,0.0021329817628079
dropout,drop_early,10,20260910,2019-12-31,1732,2272,2020-06-05,-0.010100382492339,0.0006529571199899,0.0021329817628079
dropout,drop_early,10,20260910,2019-12-31,1732,2277,2020-06-12,0.0287574347785699,0.0001847104122485,0.0021329817628079
dropout,drop_early,10,20260910,2019-12-31,1732,2282,2020-06-19,0.0898838562932122,-3.368611065057356e-05,0.0021329817628079
dropout,drop_early,10,20260910,2019-12-31,1732,2290,2020-07-03,0.0619282952028859,0.0001464175545981,0.0021329817628079
dropout,drop_early,10,20260910,2019-12-31,1732,2295,2020-07-10,-0.0306112766401609,0.0002798417458527,0.0021329817628079
dropout,drop_early,10,20260910,2019-12-31,1732,2300,2020-07-17,-0.0135277995301487,0.000488416171916,0.0021329817628079
dropout,drop_early,10,20260910,2019-12-31,1732,2305,2020-07-24,0.0442975869953978,0.0007175194658912,0.0021329817628079
dropout,drop_early,10,20260910,2019-12-31,1732,2310,2020-07-31,-0.0114318292193668,0.0012821101921318,0.0021329817628079
dropout,drop_early,10,20260910,2019-12-31,1732,2315,2020-08-07,0.0096886640921363,0.0014117921440998,0.0021329817628079
dropout,drop_early,10,20260910,2019-12-31,1732,2320,2020-08-14,0.0040785933083991,0.0010104929642366,0.0021329817628079
dropout,drop_early,10,20260910,2019-12-31,1732,2325,2020-08-21,0.0262367267824037,0.001293861954825,0.0021329817628079
dropout,drop_early,10,20260910,2019-12-31,1732,2330,2020-08-28,-0.0228724288790846,0.0015473127725021,0.0021329817628079
dropout,drop_early,10,20260910,2019-12-31,1732,2335,2020-09-04,-0.0225800080680405,0.0016904292230416,0.0021329817628079
dropout,drop_early,10,20260910,2019-12-31,1732,2340,2020-09-11,0.0212164529615974,0.001719574390684,0.0021329817628079
dropout,drop_early,10,20260910,2019-12-31,1732,2345,2020-09-18,-0.035383886754723,0.0022398328200354,0.0021329817628079
dropout,drop_early,10,20260910,2019-12-31,1732,2350,2020-09-25,0.0267399866889246,0.0020704112220178,0.0021329817628079
dropout,drop_early,10,20260910,2019-12-31,1732,2354,2020-10-09,0.0251424490828213,0.0016119859196216,0.0021329817628079
dropout,drop_early,10,20260910,2019-12-31,1732,2359,2020-10-16,-0.0289085288867603,0.0018911365999032,0.0021329817628079
dropout,drop_early,10,20260910,2019-12-31,1732,2364,2020-10-23,0.0039922716452642,0.0021570150921105,0.0021329817628079
dropout,drop_early,10,20260910,2019-12-31,1732,2369,2020-10-30,0.0459539631066927,0.0014513117333979,0.0021329817628079
dropout,drop_early,10,20260910,2019-12-31,1732,2374,2020-11-06,-0.0077050373460516,0.0012128998354576,0.0021329817628079
dropout,drop_early,10,20260910,2019-12-31,1732,2379,2020-11-13,0.0150871959614502,0.0009296359514581,0.0021329817628079
dropout,drop_early,10,20260910,2019-12-31,1732,2384,2020-11-20,0.0079744076212002,0.0011196817888717,0.0021329817628079
dropout,drop_early,10,20260910,2019-12-31,1732,2389,2020-11-27,0.0143408935726285,0.0008763001607131,0.0021329817628079
dropout,drop_early,10,20260910,2019-12-31,1732,2394,2020-12-04,-0.0319993367194855,0.0010809050504237,0.0021329817628079
dropout,drop_early,10,20260910,2019-12-31,1732,2399,2020-12-11,0.018788122268605,0.0016192282950925,0.0021329817628079
dropout,drop_early,10,20260910,2019-12-31,1732,2404,2020-12-18,0.0094440085192242,0.0012998498847848,0.0021329817628079
decay,drop_early,10,20260910,2019-12-31,1732,2172,2020-01-03,0.0112631415452417,-0.0073126334678652,0.0021329817628079
decay,drop_early,10,20260910,2019-12-31,1732,2177,2020-01-10,0.000914342213572,0.0101771515116708,0.0021329817628079
decay,drop_early,10,20260910,2019-12-31,1732,2182,2020-01-17,-0.0715388636069378,0.0077184916770417,0.0021329817628079
decay,drop_early,10,20260910,2019-12-31,1732,2191,2020-02-07,0.0328687599583719,0.0037956478146856,0.0021329817628079
decay,drop_early,10,20260910,2019-12-31,1732,2196,2020-02-14,0.0330503919092921,0.0038656867670588,0.0021329817628079
decay,drop_early,10,20260910,2019-12-31,1732,2201,2020-02-21,-0.0394497366790582,0.0028523758377403,0.0021329817628079
decay,drop_early,10,20260910,2019-12-31,1732,2206,2020-02-28,0.0237449733423367,0.0055576065099455,0.0021329817628079
decay,drop_early,10,20260910,2019-12-31,1732,2211,2020-03-06,-0.040171495515717,-0.0003376506776668,0.0021329817628079
decay,drop_early,10,20260910,2019-12-31,1732,2216,2020-03-13,-0.0915879031554979,0.0012058601887944,0.0021329817628079
decay,drop_early,10,20260910,2019-12-31,1732,2221,2020-03-20,0.0323992006051916,0.0035456421935773,0.0021329817628079
decay,drop_early,10,20260910,2019-12-31,1732,2226,2020-03-27,0.0334795185729988,0.0035639905065297,0.0021329817628079
decay,drop_early,10,20260910,2019-12-31,1732,2231,2020-04-03,-0.0074604950911528,-0.0072593655787968,0.0021329817628079
decay,drop_early,10,20260910,2019-12-31,1732,2235,2020-04-10,0.0249886051960306,0.0034862468832454,0.0021329817628079
decay,drop_early,10,20260910,2019-12-31,1732,2240,2020-04-17,-0.009736156402615,0.0032379759004952,0.0021329817628079
decay,drop_early,10,20260910,2019-12-31,1732,2245,2020-04-24,0.0437865347345864,0.0054745293509743,0.0021329817628079
decay,drop_early,10,20260910,2019-12-31,1732,2252,2020-05-08,-0.0151204097857481,0.0047857390823361,0.0021329817628079
decay,drop_early,10,20260910,2019-12-31,1732,2257,2020-05-15,-0.022055555271722,0.0066781277869323,0.0021329817628079
decay,drop_early,10,20260910,2019-12-31,1732,2262,2020-05-22,0.0191755130187654,0.0055659458337476,0.0021329817628079
decay,drop_early,10,20260910,2019-12-31,1732,2267,2020-05-29,0.0312374254497365,0.0088826518213161,0.0021329817628079
decay,drop_early,10,20260910,2019-12-31,1732,2272,2020-06-05,-0.010100382492339,0.0006903850447821,0.0021329817628079
decay,drop_early,10,20260910,2019-12-31,1732,2277,2020-06-12,0.0287574347785699,-0.0025773939883782,0.0021329817628079
decay,drop_early,10,20260910,2019-12-31,1732,2282,2020-06-19,0.0898838562932122,-0.0101765526361301,0.0021329817628079
decay,drop_early,10,20260910,2019-12-31,1732,2290,2020-07-03,0.0619282952028859,-0.0011107498807386,0.0021329817628079
decay,drop_early,10,20260910,2019-12-31,1732,2295,2020-07-10,-0.0306112766401609,0.0008720525095061,0.0021329817628079
decay,drop_early,10,20260910,2019-12-31,1732,2300,2020-07-17,-0.0135277995301487,-0.0050808207692669,0.0021329817628079
decay,drop_early,10,20260910,2019-12-31,1732,2305,2020-07-24,0.0442975869953978,-0.0004610954918443,0.0021329817628079
decay,drop_early,10,20260910,2019-12-31,1732,2310,2020-07-31,-0.0114318292193668,-0.0055692368782168,0.0021329817628079
decay,drop_early,10,20260910,2019-12-31,1732,2315,2020-08-07,0.0096886640921363,0.0013495927440033,0.0021329817628079
decay,drop_early,10,20260910,2019-12-31,1732,2320,2020-08-14,0.0040785933083991,-0.0007419862881751,0.0021329817628079
decay,drop_early,10,20260910,2019-12-31,1732,2325,2020-08-21,0.0262367267824037,0.0012360715537692,0.0021329817628079
decay,drop_early,10,20260910,2019-12-31,1732,2330,2020-08-28,-0.0228724288790846,-0.0045688269420444,0.0021329817628079
decay,drop_early,10,20260910,2019-12-31,1732,2335,2020-09-04,-0.0225800080680405,-0.0038065774723646,0.0021329817628079
decay,drop_early,10,20260910,2019-12-31,1732,2340,2020-09-11,0.0212164529615974,-0.0024946498296421,0.0021329817628079
decay,drop_early,10,20260910,2019-12-31,1732,2345,2020-09-18,-0.035383886754723,-0.0012543560694088,0.0021329817628079
decay,drop_early,10,20260910,2019-12-31,1732,2350,2020-09-25,0.0267399866889246,0.0011715222241638,0.0021329817628079
decay,drop_early,10,20260910,2019-12-31,1732,2354,2020-10-09,0.0251424490828213,0.0042579471599224,0.0021329817628079
decay,drop_early,10,20260910,2019-12-31,1732,2359,2020-10-16,-0.0289085288867603,0.0060246494272605,0.0021329817628079
decay,drop_early,10,20260910,2019-12-31,1732,2364,2020-10-23,0.0039922716452642,0.0047038674492973,0.0021329817628079
decay,drop_early,10,20260910,2019-12-31,1732,2369,2020-10-30,0.0459539631066927,-0.0093868721907345,0.0021329817628079
decay,drop_early,10,20260910,2019-12-31,1732,2374,2020-11-06,-0.0077050373460516,-0.0050278939071493,0.0021329817628079
decay,drop_early,10,20260910,2019-12-31,1732,2379,2020-11-13,0.0150871959614502,-0.0034433525306164,0.0021329817628079
decay,drop_early,10,20260910,2019-12-31,1732,2384,2020-11-20,0.0079744076212002,-0.0029882464243336,0.0021329817628079
decay,drop_early,10,20260910,2019-12-31,1732,2389,2020-11-27,0.0143408935726285,-0.0087799604971595,0.0021329817628079
decay,drop_early,10,20260910,2019-12-31,1732,2394,2020-12-04,-0.0319993367194855,-0.0096878540735606,0.0021329817628079
decay,drop_early,10,20260910,2019-12-31,1732,2399,2020-12-11,0.018788122268605,-0.001701814668013,0.0021329817628079
decay,drop_early,10,20260910,2019-12-31,1732,2404,2020-12-18,0.0094440085192242,-0.0018551965287306,0.0021329817628079
combined,drop_early,10,20260910,2019-12-31,1732,2172,2020-01-03,0.0112631415452417,0.0020831117506495,0.0021329817628079
combined,drop_early,10,20260910,2019-12-31,1732,2177,2020-01-10,0.000914342213572,0.0022830883980864,0.0021329817628079
combined,drop_early,10,20260910,2019-12-31,1732,2182,2020-01-17,-0.0715388636069378,0.0022362595214217,0.0021329817628079
combined,drop_early,10,20260910,2019-12-31,1732,2191,2020-02-07,0.0328687599583719,0.0022927483064528,0.0021329817628079
combined,drop_early,10,20260910,2019-12-31,1732,2196,2020-02-14,0.0330503919092921,0.0022672134389566,0.0021329817628079
combined,drop_early,10,20260910,2019-12-31,1732,2201,2020-02-21,-0.0394497366790582,0.0022362547623386,0.0021329817628079
combined,drop_early,10,20260910,2019-12-31,1732,2206,2020-02-28,0.0237449733423367,0.0022183579928238,0.0021329817628079
combined,drop_early,10,20260910,2019-12-31,1732,2211,2020-03-06,-0.040171495515717,0.0022195971848631,0.0021329817628079
combined,drop_early,10,20260910,2019-12-31,1732,2216,2020-03-13,-0.0915879031554979,0.0023377668739813,0.0021329817628079
combined,drop_early,10,20260910,2019-12-31,1732,2221,2020-03-20,0.0323992006051916,0.0023976513800983,0.0021329817628079
combined,drop_early,10,20260910,2019-12-31,1732,2226,2020-03-27,0.0334795185729988,0.0023028623750745,0.0021329817628079
combined,drop_early,10,20260910,2019-12-31,1732,2231,2020-04-03,-0.0074604950911528,0.0022124122980322,0.0021329817628079
combined,drop_early,10,20260910,2019-12-31,1732,2235,2020-04-10,0.0249886051960306,0.0022094032287257,0.0021329817628079
combined,drop_early,10,20260910,2019-12-31,1732,2240,2020-04-17,-0.009736156402615,0.0022317310843081,0.0021329817628079
combined,drop_early,10,20260910,2019-12-31,1732,2245,2020-04-24,0.0437865347345864,0.0021558619703274,0.0021329817628079
combined,drop_early,10,20260910,2019-12-31,1732,2252,2020-05-08,-0.0151204097857481,0.0021763452812039,0.0021329817628079
combined,drop_early,10,20260910,2019-12-31,1732,2257,2020-05-15,-0.022055555271722,0.0020772579427712,0.0021329817628079
combined,drop_early,10,20260910,2019-12-31,1732,2262,2020-05-22,0.0191755130187654,0.0020163677650974,0.0021329817628079
combined,drop_early,10,20260910,2019-12-31,1732,2267,2020-05-29,0.0312374254497365,0.0020697065929781,0.0021329817628079
combined,drop_early,10,20260910,2019-12-31,1732,2272,2020-06-05,-0.010100382492339,0.0021093554232469,0.0021329817628079
combined,drop_early,10,20260910,2019-12-31,1732,2277,2020-06-12,0.0287574347785699,0.002040083483223,0.0021329817628079
combined,drop_early,10,20260910,2019-12-31,1732,2282,2020-06-19,0.0898838562932122,0.001964223724705,0.0021329817628079
combined,drop_early,10,20260910,2019-12-31,1732,2290,2020-07-03,0.0619282952028859,0.0020108675937066,0.0021329817628079
combined,drop_early,10,20260910,2019-12-31,1732,2295,2020-07-10,-0.0306112766401609,0.0019791385964307,0.0021329817628079
combined,drop_early,10,20260910,2019-12-31,1732,2300,2020-07-17,-0.0135277995301487,0.0019540567231469,0.0021329817628079
combined,drop_early,10,20260910,2019-12-31,1732,2305,2020-07-24,0.0442975869953978,0.0020609136512661,0.0021329817628079
combined,drop_early,10,20260910,2019-12-31,1732,2310,2020-07-31,-0.0114318292193668,0.0021709776997682,0.0021329817628079
combined,drop_early,10,20260910,2019-12-31,1732,2315,2020-08-07,0.0096886640921363,0.0022212824019729,0.0021329817628079
combined,drop_early,10,20260910,2019-12-31,1732,2320,2020-08-14,0.0040785933083991,0.0022334373308709,0.0021329817628079
combined,drop_early,10,20260910,2019-12-31,1732,2325,2020-08-21,0.0262367267824037,0.0022406151807668,0.0021329817628079
combined,drop_early,10,20260910,2019-12-31,1732,2330,2020-08-28,-0.0228724288790846,0.0022780516881792,0.0021329817628079
combined,drop_early,10,20260910,2019-12-31,1732,2335,2020-09-04,-0.0225800080680405,0.0023539660066705,0.0021329817628079
combined,drop_early,10,20260910,2019-12-31,1732,2340,2020-09-11,0.0212164529615974,0.0023849665116976,0.0021329817628079
combined,drop_early,10,20260910,2019-12-31,1732,2345,2020-09-18,-0.035383886754723,0.0023716046332099,0.0021329817628079
combined,drop_early,10,20260910,2019-12-31,1732,2350,2020-09-25,0.0267399866889246,0.0022796737220196,0.0021329817628079
combined,drop_early,10,20260910,2019-12-31,1732,2354,2020-10-09,0.0251424490828213,0.0022648755766385,0.0021329817628079
combined,drop_early,10,20260910,2019-12-31,1732,2359,2020-10-16,-0.0289085288867603,0.0022473830444613,0.0021329817628079
combined,drop_early,10,20260910,2019-12-31,1732,2364,2020-10-23,0.0039922716452642,0.0022331209535303,0.0021329817628079
combined,drop_early,10,20260910,2019-12-31,1732,2369,2020-10-30,0.0459539631066927,0.0021527265887167,0.0021329817628079
combined,drop_early,10,20260910,2019-12-31,1732,2374,2020-11-06,-0.0077050373460516,0.0021105630100929,0.0021329817628079
combined,drop_early,10,20260910,2019-12-31,1732,2379,2020-11-13,0.0150871959614502,0.0020401059634506,0.0021329817628079
combined,drop_early,10,20260910,2019-12-31,1732,2384,2020-11-20,0.0079744076212002,0.0021009181518186,0.0021329817628079
combined,drop_early,10,20260910,2019-12-31,1732,2389,2020-11-27,0.0143408935726285,0.0020083475845987,0.0021329817628079
combined,drop_early,10,20260910,2019-12-31,1732,2394,2020-12-04,-0.0319993367194855,0.0020565990203702,0.0021329817628079
combined,drop_early,10,20260910,2019-12-31,1732,2399,2020-12-11,0.018788122268605,0.001987298308909,0.0021329817628079
combined,drop_early,10,20260910,2019-12-31,1732,2404,2020-12-18,0.0094440085192242,0.0020571848079173,0.0021329817628079
baseline,drop_middle,10,20260910,2019-12-31,1732,2172,2020-01-03,0.0112631415452417,-0.0038506410644194,0.0005023363292498
baseline,drop_middle,10,20260910,2019-12-31,1732,2177,2020-01-10,0.000914342213572,-0.0044597756358969,0.0005023363292498
baseline,drop_middle,10,20260910,2019-12-31,1732,2182,2020-01-17,-0.0715388636069378,-0.0096372573946916,0.0005023363292498
baseline,drop_middle,10,20260910,2019-12-31,1732,2191,2020-02-07,0.0328687599583719,-0.0103739824282673,0.0005023363292498
baseline,drop_middle,10,20260910,2019-12-31,1732,2196,2020-02-14,0.0330503919092921,-0.0083352776806135,0.0005023363292498
baseline,drop_middle,10,20260910,2019-12-31,1732,2201,2020-02-21,-0.0394497366790582,-0.0082339887611409,0.0005023363292498
baseline,drop_middle,10,20260910,2019-12-31,1732,2206,2020-02-28,0.0237449733423367,-0.0056462652754918,0.0005023363292498
baseline,drop_middle,10,20260910,2019-12-31,1732,2211,2020-03-06,-0.040171495515717,-0.0064447377195535,0.0005023363292498
baseline,drop_middle,10,20260910,2019-12-31,1732,2216,2020-03-13,-0.0915879031554979,-0.0070736817374403,0.0005023363292498
baseline,drop_middle,10,20260910,2019-12-31,1732,2221,2020-03-20,0.0323992006051916,0.0042107772701804,0.0005023363292498
baseline,drop_middle,10,20260910,2019-12-31,1732,2226,2020-03-27,0.0334795185729988,0.0059694136387201,0.0005023363292498
baseline,drop_middle,10,20260910,2019-12-31,1732,2231,2020-04-03,-0.0074604950911528,0.0014545989572037,0.0005023363292498
baseline,drop_middle,10,20260910,2019-12-31,1732,2235,2020-04-10,0.0249886051960306,-0.0009697088140684,0.0005023363292498
baseline,drop_middle,10,20260910,2019-12-31,1732,2240,2020-04-17,-0.009736156402615,-0.0028129741776313,0.0005023363292498
baseline,drop_middle,10,20260910,2019-12-31,1732,2245,2020-04-24,0.0437865347345864,-0.0048379935946069,0.0005023363292498
baseline,drop_middle,10,20260910,2019-12-31,1732,2252,2020-05-08,-0.0151204097857481,-0.0060463787858068,0.0005023363292498
baseline,drop_middle,10,20260910,2019-12-31,1732,2257,2020-05-15,-0.022055555271722,-0.0088231428272121,0.0005023363292498
baseline,drop_middle,10,20260910,2019-12-31,1732,2262,2020-05-22,0.0191755130187654,-0.0089017558402272,0.0005023363292498
baseline,drop_middle,10,20260910,2019-12-31,1732,2267,2020-05-29,0.0312374254497365,-0.0078677929916473,0.0005023363292498
baseline,drop_middle,10,20260910,2019-12-31,1732,2272,2020-06-05,-0.010100382492339,-0.0025489191606867,0.0005023363292498
baseline,drop_middle,10,20260910,2019-12-31,1732,2277,2020-06-12,0.0287574347785699,0.0050780162455681,0.0005023363292498
baseline,drop_middle,10,20260910,2019-12-31,1732,2282,2020-06-19,0.0898838562932122,0.0083191476293626,0.0005023363292498
baseline,drop_middle,10,20260910,2019-12-31,1732,2290,2020-07-03,0.0619282952028859,0.004123420698723,0.0005023363292498
baseline,drop_middle,10,20260910,2019-12-31,1732,2295,2020-07-10,-0.0306112766401609,-0.0084713013512596,0.0005023363292498
baseline,drop_middle,10,20260910,2019-12-31,1732,2300,2020-07-17,-0.0135277995301487,-0.0112804729269136,0.0005023363292498
baseline,drop_middle,10,20260910,2019-12-31,1732,2305,2020-07-24,0.0442975869953978,-0.0100353442631765,0.0005023363292498
baseline,drop_middle,10,20260910,2019-12-31,1732,2310,2020-07-31,-0.0114318292193668,-0.008720029278439,0.0005023363292498
baseline,drop_middle,10,20260910,2019-12-31,1732,2315,2020-08-07,0.0096886640921363,-0.0082838997036071,0.0005023363292498
baseline,drop_middle,10,20260910,2019-12-31,1732,2320,2020-08-14,0.0040785933083991,-0.0075165950233498,0.0005023363292498
baseline,drop_middle,10,20260910,2019-12-31,1732,2325,2020-08-21,0.0262367267824037,-0.0071525391204509,0.0005023363292498
baseline,drop_middle,10,20260910,2019-12-31,1732,2330,2020-08-28,-0.0228724288790846,-0.0040973423497688,0.0005023363292498
baseline,drop_middle,10,20260910,2019-12-31,1732,2335,2020-09-04,-0.0225800080680405,-0.0055720211907146,0.0005023363292498
baseline,drop_middle,10,20260910,2019-12-31,1732,2340,2020-09-11,0.0212164529615974,-0.0065827073899311,0.0005023363292498
baseline,drop_middle,10,20260910,2019-12-31,1732,2345,2020-09-18,-0.035383886754723,-8.521141138370138e-05,0.0005023363292498
baseline,drop_middle,10,20260910,2019-12-31,1732,2350,2020-09-25,0.0267399866889246,-0.0013089395763984,0.0005023363292498
baseline,drop_middle,10,20260910,2019-12-31,1732,2354,2020-10-09,0.0251424490828213,0.0021615540233497,0.0005023363292498
baseline,drop_middle,10,20260910,2019-12-31,1732,2359,2020-10-16,-0.0289085288867603,0.006295014664546,0.0005023363292498
baseline,drop_middle,10,20260910,2019-12-31,1732,2364,2020-10-23,0.0039922716452642,0.0073426524580792,0.0005023363292498
baseline,drop_middle,10,20260910,2019-12-31,1732,2369,2020-10-30,0.0459539631066927,0.0060659968066443,0.0005023363292498
baseline,drop_middle,10,20260910,2019-12-31,1732,2374,2020-11-06,-0.0077050373460516,0.0063469636527755,0.0005023363292498
baseline,drop_middle,10,20260910,2019-12-31,1732,2379,2020-11-13,0.0150871959614502,0.0061327521729066,0.0005023363292498
baseline,drop_middle,10,20260910,2019-12-31,1732,2384,2020-11-20,0.0079744076212002,2.8467066865462017e-05,0.0005023363292498
baseline,drop_middle,10,20260910,2019-12-31,1732,2389,2020-11-27,0.0143408935726285,-0.0098789393203315,0.0005023363292498
baseline,drop_middle,10,20260910,2019-12-31,1732,2394,2020-12-04,-0.0319993367194855,-0.0029107415218258,0.0005023363292498
baseline,drop_middle,10,20260910,2019-12-31,1732,2399,2020-12-11,0.018788122268605,-0.0005158954045055,0.0005023363292498
baseline,drop_middle,10,20260910,2019-12-31,1732,2404,2020-12-18,0.0094440085192242,7.763054260768635e-05,0.0005023363292498
small,drop_middle,10,20260910,2019-12-31,1732,2172,2020-01-03,0.0112631415452417,-0.0040928728225494,0.0005023363292498
small,drop_middle,10,20260910,2019-12-31,1732,2177,2020-01-10,0.000914342213572,-0.0035084053657103,0.0005023363292498
small,drop_middle,10,20260910,2019-12-31,1732,2182,2020-01-17,-0.0715388636069378,-0.0059007424141009,0.0005023363292498
small,drop_middle,10,20260910,2019-12-31,1732,2191,2020-02-07,0.0328687599583719,-0.0010838380531386,0.0005023363292498
small,drop_middle,10,20260910,2019-12-31,1732,2196,2020-02-14,0.0330503919092921,-0.0027575329385232,0.0005023363292498
small,drop_middle,10,20260910,2019-12-31,1732,2201,2020-02-21,-0.0394497366790582,-9.592438834876542e-05,0.0005023363292498
small,drop_middle,10,20260910,2019-12-31,1732,2206,2020-02-28,0.0237449733423367,-0.0047351582203455,0.0005023363292498
small,drop_middle,10,20260910,2019-12-31,1732,2211,2020-03-06,-0.040171495515717,-0.005586832048864,0.0005023363292498
small,drop_middle,10,20260910,2019-12-31,1732,2216,2020-03-13,-0.0915879031554979,-0.0035818764267348,0.0005023363292498
small,drop_middle,10,20260910,2019-12-31,1732,2221,2020-03-20,0.0323992006051916,0.0020866083930435,0.0005023363292498
small,drop_middle,10,20260910,2019-12-31,1732,2226,2020-03-27,0.0334795185729988,0.0070412762371996,0.0005023363292498
small,drop_middle,10,20260910,2019-12-31,1732,2231,2020-04-03,-0.0074604950911528,0.0041239424286636,0.0005023363292498
small,drop_middle,10,20260910,2019-12-31,1732,2235,2020-04-10,0.0249886051960306,0.0034341765516491,0.0005023363292498
small,drop_middle,10,20260910,2019-12-31,1732,2240,2020-04-17,-0.009736156402615,9.537966994685508e-05,0.0005023363292498
small,drop_middle,10,20260910,2019-12-31,1732,2245,2020-04-24,0.0437865347345864,-0.0012735338259455,0.0005023363292498
small,drop_middle,10,20260910,2019-12-31,1732,2252,2020-05-08,-0.0151204097857481,0.0037205164830583,0.0005023363292498
small,drop_middle,10,20260910,2019-12-31,1732,2257,2020-05-15,-0.022055555271722,-0.0040869725090058,0.0005023363292498
small,drop_middle,10,20260910,2019-12-31,1732,2262,2020-05-22,0.0191755130187654,-0.0028415831839402,0.0005023363292498
small,drop_middle,10,20260910,2019-12-31,1732,2267,2020-05-29,0.0312374254497365,-0.006774222599176,0.0005023363292498
small,drop_middle,10,20260910,2019-12-31,1732,2272,2020-06-05,-0.010100382492339,-0.0066825691886295,0.0005023363292498
small,drop_middle,10,20260910,2019-12-31,1732,2277,2020-06-12,0.0287574347785699,-0.0026101865877731,0.0005023363292498
small,drop_middle,10,20260910,2019-12-31,1732,2282,2020-06-19,0.0898838562932122,-0.0037038349750012,0.0005023363292498
small,drop_middle,10,20260910,2019-12-31,1732,2290,2020-07-03,0.0619282952028859,-0.009932585050897,0.0005023363292498
small,drop_middle,10,20260910,2019-12-31,1732,2295,2020-07-10,-0.0306112766401609,-0.0093334525433391,0.0005023363292498
small,drop_middle,10,20260910,2019-12-31,1732,2300,2020-07-17,-0.0135277995301487,-0.0087528025531145,0.0005023363292498
small,drop_middle,10,20260910,2019-12-31,1732,2305,2020-07-24,0.0442975869953978,-0.00633185344379,0.0005023363292498
small,drop_middle,10,20260910,2019-12-31,1732,2310,2020-07-31,-0.0114318292193668,-0.0027615002854016,0.0005023363292498
small,drop_middle,10,20260910,2019-12-31,1732,2315,2020-08-07,0.0096886640921363,-0.0094734838819129,0.0005023363292498
small,drop_middle,10,20260910,2019-12-31,1732,2320,2020-08-14,0.0040785933083991,-0.0092335475726082,0.0005023363292498
small,drop_middle,10,20260910,2019-12-31,1732,2325,2020-08-21,0.0262367267824037,-0.008456882706953,0.0005023363292498
small,drop_middle,10,20260910,2019-12-31,1732,2330,2020-08-28,-0.0228724288790846,-0.0091356545815075,0.0005023363292498
small,drop_middle,10,20260910,2019-12-31,1732,2335,2020-09-04,-0.0225800080680405,-0.0092599550088984,0.0005023363292498
small,drop_middle,10,20260910,2019-12-31,1732,2340,2020-09-11,0.0212164529615974,-0.0090277359040545,0.0005023363292498
small,drop_middle,10,20260910,2019-12-31,1732,2345,2020-09-18,-0.035383886754723,-0.0059164244512846,0.0005023363292498
small,drop_middle,10,20260910,2019-12-31,1732,2350,2020-09-25,0.0267399866889246,-0.0050847571943051,0.0005023363292498
small,drop_middle,10,20260910,2019-12-31,1732,2354,2020-10-09,0.0251424490828213,-0.0027388467795269,0.0005023363292498
small,drop_middle,10,20260910,2019-12-31,1732,2359,2020-10-16,-0.0289085288867603,-0.0065513636797299,0.0005023363292498
small,drop_middle,10,20260910,2019-12-31,1732,2364,2020-10-23,0.0039922716452642,-0.0037033702647263,0.0005023363292498
small,drop_middle,10,20260910,2019-12-31,1732,2369,2020-10-30,0.0459539631066927,-0.0024061274593711,0.0005023363292498
small,drop_middle,10,20260910,2019-12-31,1732,2374,2020-11-06,-0.0077050373460516,-6.330700136637172e-05,0.0005023363292498
small,drop_middle,10,20260910,2019-12-31,1732,2379,2020-11-13,0.0150871959614502,-0.001148124976983,0.0005023363292498
small,drop_middle,10,20260910,2019-12-31,1732,2384,2020-11-20,0.0079744076212002,-0.0040632490698338,0.0005023363292498
small,drop_middle,10,20260910,2019-12-31,1732,2389,2020-11-27,0.0143408935726285,-0.0093028403139914,0.0005023363292498
small,drop_middle,10,20260910,2019-12-31,1732,2394,2020-12-04,-0.0319993367194855,-0.0080077453172558,0.0005023363292498
small,drop_middle,10,20260910,2019-12-31,1732,2399,2020-12-11,0.018788122268605,-0.0051420863952709,0.0005023363292498
small,drop_middle,10,20260910,2019-12-31,1732,2404,2020-12-18,0.0094440085192242,-0.0037094461173833,0.0005023363292498
dropout,drop_middle,10,20260910,2019-12-31,1732,2172,2020-01-03,0.0112631415452417,-0.0001136845377929,0.0005023363292498
dropout,drop_middle,10,20260910,2019-12-31,1732,2177,2020-01-10,0.000914342213572,-0.0006274783082216,0.0005023363292498
dropout,drop_middle,10,20260910,2019-12-31,1732,2182,2020-01-17,-0.0715388636069378,-0.0012759701948016,0.0005023363292498
dropout,drop_middle,10,20260910,2019-12-31,1732,2191,2020-02-07,0.0328687599583719,-0.0008679369583919,0.0005023363292498
dropout,drop_middle,10,20260910,2019-12-31,1732,2196,2020-02-14,0.0330503919092921,-0.000735881449191,0.0005023363292498
dropout,drop_middle,10,20260910,2019-12-31,1732,2201,2020-02-21,-0.0394497366790582,-7.129326737437746e-05,0.0005023363292498
dropout,drop_middle,10,20260910,2019-12-31,1732,2206,2020-02-28,0.0237449733423367,-0.000648846122457,0.0005023363292498
dropout,drop_middle,10,20260910,2019-12-31,1732,2211,2020-03-06,-0.040171495515717,-0.0004569994864055,0.0005023363292498
dropout,drop_middle,10,20260910,2019-12-31,1732,2216,2020-03-13,-0.0915879031554979,0.0002983911256307,0.0005023363292498
dropout,drop_middle,10,20260910,2019-12-31,1732,2221,2020-03-20,0.0323992006051916,0.0004021947205426,0.0005023363292498
dropout,drop_middle,10,20260910,2019-12-31,1732,2226,2020-03-27,0.0334795185729988,0.0001243501147523,0.0005023363292498
dropout,drop_middle,10,20260910,2019-12-31,1732,2231,2020-04-03,-0.0074604950911528,5.489115086167032e-05,0.0005023363292498
dropout,drop_middle,10,20260910,2019-12-31,1732,2235,2020-04-10,0.0249886051960306,-0.0004725556730415,0.0005023363292498
dropout,drop_middle,10,20260910,2019-12-31,1732,2240,2020-04-17,-0.009736156402615,-0.0008271758394856,0.0005023363292498
dropout,drop_middle,10,20260910,2019-12-31,1732,2245,2020-04-24,0.0437865347345864,0.0001652019814747,0.0005023363292498
dropout,drop_middle,10,20260910,2019-12-31,1732,2252,2020-05-08,-0.0151204097857481,-0.0009393727228157,0.0005023363292498
dropout,drop_middle,10,20260910,2019-12-31,1732,2257,2020-05-15,-0.022055555271722,-0.0012765619774742,0.0005023363292498
dropout,drop_middle,10,20260910,2019-12-31,1732,2262,2020-05-22,0.0191755130187654,-0.0020431461735279,0.0005023363292498
dropout,drop_middle,10,20260910,2019-12-31,1732,2267,2020-05-29,0.0312374254497365,-0.0014042807338201,0.0005023363292498
dropout,drop_middle,10,20260910,2019-12-31,1732,2272,2020-06-05,-0.010100382492339,-0.0008974712105966,0.0005023363292498
dropout,drop_middle,10,20260910,2019-12-31,1732,2277,2020-06-12,0.0287574347785699,-0.0003715677359468,0.0005023363292498
dropout,drop_middle,10,20260910,2019-12-31,1732,2282,2020-06-19,0.0898838562932122,-0.0008347286033035,0.0005023363292498
dropout,drop_middle,10,20260910,2019-12-31,1732,2290,2020-07-03,0.0619282952028859,-0.0010752564916392,0.0005023363292498
dropout,drop_middle,10,20260910,2019-12-31,1732,2295,2020-07-10,-0.0306112766401609,-0.0004522578939244,0.0005023363292498
dropout,drop_middle,10,20260910,2019-12-31,1732,2300,2020-07-17,-0.0135277995301487,-0.0009770558998067,0.0005023363292498
dropout,drop_middle,10,20260910,2019-12-31,1732,2305,2020-07-24,0.0442975869953978,-0.0011089844384308,0.0005023363292498
dropout,drop_middle,10,20260910,2019-12-31,1732,2310,2020-07-31,-0.0114318292193668,-0.0008110110697397,0.0005023363292498
dropout,drop_middle,10,20260910,2019-12-31,1732,2315,2020-08-07,0.0096886640921363,-0.0007575402673627,0.0005023363292498
dropout,drop_middle,10,20260910,2019-12-31,1732,2320,2020-08-14,0.0040785933083991,-0.0005497013460539,0.0005023363292498
dropout,drop_middle,10,20260910,2019-12-31,1732,2325,2020-08-21,0.0262367267824037,-0.0005300674387581,0.0005023363292498
dropout,drop_middle,10,20260910,2019-12-31,1732,2330,2020-08-28,-0.0228724288790846,-0.0007027457941762,0.0005023363292498
dropout,drop_middle,10,20260910,2019-12-31,1732,2335,2020-09-04,-0.0225800080680405,-0.0007107165325074,0.0005023363292498
dropout,drop_middle,10,20260910,2019-12-31,1732,2340,2020-09-11,0.0212164529615974,-0.0008683685768966,0.0005023363292498
dropout,drop_middle,10,20260910,2019-12-31,1732,2345,2020-09-18,-0.035383886754723,-0.0011066816585056,0.0005023363292498
dropout,drop_middle,10,20260910,2019-12-31,1732,2350,2020-09-25,0.0267399866889246,-0.001172972314493,0.0005023363292498
dropout,drop_middle,10,20260910,2019-12-31,1732,2354,2020-10-09,0.0251424490828213,-0.0009825600284949,0.0005023363292498
dropout,drop_middle,10,20260910,2019-12-31,1732,2359,2020-10-16,-0.0289085288867603,-0.0005681144215801,0.0005023363292498
dropout,drop_middle,10,20260910,2019-12-31,1732,2364,2020-10-23,0.0039922716452642,-0.0002205145469156,0.0005023363292498
dropout,drop_middle,10,20260910,2019-12-31,1732,2369,2020-10-30,0.0459539631066927,-0.0003893576679841,0.0005023363292498
dropout,drop_middle,10,20260910,2019-12-31,1732,2374,2020-11-06,-0.0077050373460516,-0.0004811370308992,0.0005023363292498
dropout,drop_middle,10,20260910,2019-12-31,1732,2379,2020-11-13,0.0150871959614502,-0.0005280871254064,0.0005023363292498
dropout,drop_middle,10,20260910,2019-12-31,1732,2384,2020-11-20,0.0079744076212002,-0.001721290321526,0.0005023363292498
dropout,drop_middle,10,20260910,2019-12-31,1732,2389,2020-11-27,0.0143408935726285,-0.0023463335833581,0.0005023363292498
dropout,drop_middle,10,20260910,2019-12-31,1732,2394,2020-12-04,-0.0319993367194855,-0.0020845064062067,0.0005023363292498
dropout,drop_middle,10,20260910,2019-12-31,1732,2399,2020-12-11,0.018788122268605,-0.0017845843904425,0.0005023363292498
dropout,drop_middle,10,20260910,2019-12-31,1732,2404,2020-12-18,0.0094440085192242,-0.0015688506891428,0.0005023363292498
decay,drop_middle,10,20260910,2019-12-31,1732,2172,2020-01-03,0.0112631415452417,-0.0043216809295382,0.0005023363292498
decay,drop_middle,10,20260910,2019-12-31,1732,2177,2020-01-10,0.000914342213572,-0.0076198397173539,0.0005023363292498
decay,drop_middle,10,20260910,2019-12-31,1732,2182,2020-01-17,-0.0715388636069378,-0.009536003501585,0.0005023363292498
decay,drop_middle,10,20260910,2019-12-31,1732,2191,2020-02-07,0.0328687599583719,-0.0099770098869623,0.0005023363292498
decay,drop_middle,10,20260910,2019-12-31,1732,2196,2020-02-14,0.0330503919092921,-0.0086595648104299,0.0005023363292498
decay,drop_middle,10,20260910,2019-12-31,1732,2201,2020-02-21,-0.0394497366790582,-0.0097583785684398,0.0005023363292498
decay,drop_middle,10,20260910,2019-12-31,1732,2206,2020-02-28,0.0237449733423367,-0.0076190968325673,0.0005023363292498
decay,drop_middle,10,20260910,2019-12-31,1732,2211,2020-03-06,-0.040171495515717,-0.007397296035202,0.0005023363292498
decay,drop_middle,10,20260910,2019-12-31,1732,2216,2020-03-13,-0.0915879031554979,-0.0090512402247971,0.0005023363292498
decay,drop_middle,10,20260910,2019-12-31,1732,2221,2020-03-20,0.0323992006051916,-0.0037330754741071,0.0005023363292498
decay,drop_middle,10,20260910,2019-12-31,1732,2226,2020-03-27,0.0334795185729988,-0.0047695687739913,0.0005023363292498
decay,drop_middle,10,20260910,2019-12-31,1732,2231,2020-04-03,-0.0074604950911528,-0.0048951220048929,0.0005023363292498
decay,drop_middle,10,20260910,2019-12-31,1732,2235,2020-04-10,0.0249886051960306,-0.0019337791965676,0.0005023363292498
decay,drop_middle,10,20260910,2019-12-31,1732,2240,2020-04-17,-0.009736156402615,-0.0035628180107786,0.0005023363292498
decay,drop_middle,10,20260910,2019-12-31,1732,2245,2020-04-24,0.0437865347345864,-0.0043543430158656,0.0005023363292498
decay,drop_middle,10,20260910,2019-12-31,1732,2252,2020-05-08,-0.0151204097857481,-0.0078681668777405,0.0005023363292498
decay,drop_middle,10,20260910,2019-12-31,1732,2257,2020-05-15,-0.022055555271722,-0.0095466189341935,0.0005023363292498
decay,drop_middle,10,20260910,2019-12-31,1732,2262,2020-05-22,0.0191755130187654,-0.0095570730826049,0.0005023363292498
decay,drop_middle,10,20260910,2019-12-31,1732,2267,2020-05-29,0.0312374254497365,-0.0087658690167787,0.0005023363292498
decay,drop_middle,10,20260910,2019-12-31,1732,2272,2020-06-05,-0.010100382492339,-0.0062262334734288,0.0005023363292498
decay,drop_middle,10,20260910,2019-12-31,1732,2277,2020-06-12,0.0287574347785699,0.0034991172670525,0.0005023363292498
decay,drop_middle,10,20260910,2019-12-31,1732,2282,2020-06-19,0.0898838562932122,0.0095283156191151,0.0005023363292498
decay,drop_middle,10,20260910,2019-12-31,1732,2290,2020-07-03,0.0619282952028859,0.0061601077647798,0.0005023363292498
decay,drop_middle,10,20260910,2019-12-31,1732,2295,2020-07-10,-0.0306112766401609,-0.0095577410272595,0.0005023363292498
decay,drop_middle,10,20260910,2019-12-31,1732,2300,2020-07-17,-0.0135277995301487,-0.0113672633745478,0.0005023363292498
decay,drop_middle,10,20260910,2019-12-31,1732,2305,2020-07-24,0.0442975869953978,-0.0112253927444739,0.0005023363292498
decay,drop_middle,10,20260910,2019-12-31,1732,2310,2020-07-31,-0.0114318292193668,-0.0093011598629884,0.0005023363292498
decay,drop_middle,10,20260910,2019-12-31,1732,2315,2020-08-07,0.0096886640921363,-0.0092081151726003,0.0005023363292498
decay,drop_middle,10,20260910,2019-12-31,1732,2320,2020-08-14,0.0040785933083991,-0.0088918311601396,0.0005023363292498
decay,drop_middle,10,20260910,2019-12-31,1732,2325,2020-08-21,0.0262367267824037,-0.0081528416312715,0.0005023363292498
decay,drop_middle,10,20260910,2019-12-31,1732,2330,2020-08-28,-0.0228724288790846,-0.0035983612193541,0.0005023363292498
decay,drop_middle,10,20260910,2019-12-31,1732,2335,2020-09-04,-0.0225800080680405,-0.004277331033605,0.0005023363292498
decay,drop_middle,10,20260910,2019-12-31,1732,2340,2020-09-11,0.0212164529615974,-0.0082386464532568,0.0005023363292498
decay,drop_middle,10,20260910,2019-12-31,1732,2345,2020-09-18,-0.035383886754723,-0.003404264648389,0.0005023363292498
decay,drop_middle,10,20260910,2019-12-31,1732,2350,2020-09-25,0.0267399866889246,-0.0060663450362966,0.0005023363292498
decay,drop_middle,10,20260910,2019-12-31,1732,2354,2020-10-09,0.0251424490828213,0.0020508750849756,0.0005023363292498
decay,drop_middle,10,20260910,2019-12-31,1732,2359,2020-10-16,-0.0289085288867603,0.0059453179425881,0.0005023363292498
decay,drop_middle,10,20260910,2019-12-31,1732,2364,2020-10-23,0.0039922716452642,0.0067580717764755,0.0005023363292498
decay,drop_middle,10,20260910,2019-12-31,1732,2369,2020-10-30,0.0459539631066927,0.007658767855243,0.0005023363292498
decay,drop_middle,10,20260910,2019-12-31,1732,2374,2020-11-06,-0.0077050373460516,0.0061413613278513,0.0005023363292498
decay,drop_middle,10,20260910,2019-12-31,1732,2379,2020-11-13,0.0150871959614502,0.0065991530809425,0.0005023363292498
decay,drop_middle,10,20260910,2019-12-31,1732,2384,2020-11-20,0.0079744076212002,-0.0004273523148987,0.0005023363292498
decay,drop_middle,10,20260910,2019-12-31,1732,2389,2020-11-27,0.0143408935726285,-0.0107486969358072,0.0005023363292498
decay,drop_middle,10,20260910,2019-12-31,1732,2394,2020-12-04,-0.0319993367194855,-0.0043932336860974,0.0005023363292498
decay,drop_middle,10,20260910,2019-12-31,1732,2399,2020-12-11,0.018788122268605,-0.0004709139139545,0.0005023363292498
decay,drop_middle,10,20260910,2019-12-31,1732,2404,2020-12-18,0.0094440085192242,-0.0022918315395997,0.0005023363292498
combined,drop_middle,10,20260910,2019-12-31,1732,2172,2020-01-03,0.0112631415452417,0.0005620641999088,0.0005023363292498
combined,drop_middle,10,20260910,2019-12-31,1732,2177,2020-01-10,0.000914342213572,0.0005565899556346,0.0005023363292498
combined,drop_middle,10,20260910,2019-12-31,1732,2182,2020-01-17,-0.0715388636069378,0.0004718374264875,0.0005023363292498
combined,drop_middle,10,20260910,2019-12-31,1732,2191,2020-02-07,0.0328687599583719,0.0003969718018996,0.0005023363292498
combined,drop_middle,10,20260910,2019-12-31,1732,2196,2020-02-14,0.0330503919092921,0.0004749456091898,0.0005023363292498
combined,drop_middle,10,20260910,2019-12-31,1732,2201,2020-02-21,-0.0394497366790582,0.0005546393103276,0.0005023363292498
combined,drop_middle,10,20260910,2019-12-31,1732,2206,2020-02-28,0.0237449733423367,0.0006766605165882,0.0005023363292498
combined,drop_middle,10,20260910,2019-12-31,1732,2211,2020-03-06,-0.040171495515717,0.0006215628591484,0.0005023363292498
combined,drop_middle,10,20260910,2019-12-31,1732,2216,2020-03-13,-0.0915879031554979,0.0006184711714208,0.0005023363292498
combined,drop_middle,10,20260910,2019-12-31,1732,2221,2020-03-20,0.0323992006051916,0.0006247364490073,0.0005023363292498
combined,drop_middle,10,20260910,2019-12-31,1732,2226,2020-03-27,0.0334795185729988,0.0006794930702996,0.0005023363292498
combined,drop_middle,10,20260910,2019-12-31,1732,2231,2020-04-03,-0.0074604950911528,0.0006238932452464,0.0005023363292498
combined,drop_middle,10,20260910,2019-12-31,1732,2235,2020-04-10,0.0249886051960306,0.0006472809047714,0.0005023363292498
combined,drop_middle,10,20260910,2019-12-31,1732,2240,2020-04-17,-0.009736156402615,0.0006668653653259,0.0005023363292498
combined,drop_middle,10,20260910,2019-12-31,1732,2245,2020-04-24,0.0437865347345864,0.0006367866134972,0.0005023363292498
combined,drop_middle,10,20260910,2019-12-31,1732,2252,2020-05-08,-0.0151204097857481,0.0006345086142169,0.0005023363292498
combined,drop_middle,10,20260910,2019-12-31,1732,2257,2020-05-15,-0.022055555271722,0.0005288974624943,0.0005023363292498
combined,drop_middle,10,20260910,2019-12-31,1732,2262,2020-05-22,0.0191755130187654,0.0004871379521523,0.0005023363292498
combined,drop_middle,10,20260910,2019-12-31,1732,2267,2020-05-29,0.0312374254497365,0.0005343707537891,0.0005023363292498
combined,drop_middle,10,20260910,2019-12-31,1732,2272,2020-06-05,-0.010100382492339,0.0005771803805491,0.0005023363292498
combined,drop_middle,10,20260910,2019-12-31,1732,2277,2020-06-12,0.0287574347785699,0.0005402094911848,0.0005023363292498
combined,drop_middle,10,20260910,2019-12-31,1732,2282,2020-06-19,0.0898838562932122,0.000685516434318,0.0005023363292498
combined,drop_middle,10,20260910,2019-12-31,1732,2290,2020-07-03,0.0619282952028859,0.0005147003039514,0.0005023363292498
combined,drop_middle,10,20260910,2019-12-31,1732,2295,2020-07-10,-0.0306112766401609,0.0004800924215341,0.0005023363292498
combined,drop_middle,10,20260910,2019-12-31,1732,2300,2020-07-17,-0.0135277995301487,0.0004838223985991,0.0005023363292498
combined,drop_middle,10,20260910,2019-12-31,1732,2305,2020-07-24,0.0442975869953978,0.0004652886415234,0.0005023363292498
combined,drop_middle,10,20260910,2019-12-31,1732,2310,2020-07-31,-0.0114318292193668,0.000520368376906,0.0005023363292498
combined,drop_middle,10,20260910,2019-12-31,1732,2315,2020-08-07,0.0096886640921363,0.0005440022662476,0.0005023363292498
combined,drop_middle,10,20260910,2019-12-31,1732,2320,2020-08-14,0.0040785933083991,0.0005742333038574,0.0005023363292498
combined,drop_middle,10,20260910,2019-12-31,1732,2325,2020-08-21,0.0262367267824037,0.0006356414346053,0.0005023363292498
combined,drop_middle,10,20260910,2019-12-31,1732,2330,2020-08-28,-0.0228724288790846,0.0006519284402594,0.0005023363292498
combined,drop_middle,10,20260910,2019-12-31,1732,2335,2020-09-04,-0.0225800080680405,0.0006280846870474,0.0005023363292498
combined,drop_middle,10,20260910,2019-12-31,1732,2340,2020-09-11,0.0212164529615974,0.0006350600376575,0.0005023363292498
combined,drop_middle,10,20260910,2019-12-31,1732,2345,2020-09-18,-0.035383886754723,0.0006303451222342,0.0005023363292498
combined,drop_middle,10,20260910,2019-12-31,1732,2350,2020-09-25,0.0267399866889246,0.0006318107821932,0.0005023363292498
combined,drop_middle,10,20260910,2019-12-31,1732,2354,2020-10-09,0.0251424490828213,0.0005998033147191,0.0005023363292498
combined,drop_middle,10,20260910,2019-12-31,1732,2359,2020-10-16,-0.0289085288867603,0.0006664676149752,0.0005023363292498
combined,drop_middle,10,20260910,2019-12-31,1732,2364,2020-10-23,0.0039922716452642,0.0006423311650555,0.0005023363292498
combined,drop_middle,10,20260910,2019-12-31,1732,2369,2020-10-30,0.0459539631066927,0.000640337054981,0.0005023363292498
combined,drop_middle,10,20260910,2019-12-31,1732,2374,2020-11-06,-0.0077050373460516,0.0006528868670187,0.0005023363292498
combined,drop_middle,10,20260910,2019-12-31,1732,2379,2020-11-13,0.0150871959614502,0.000619872684256,0.0005023363292498
combined,drop_middle,10,20260910,2019-12-31,1732,2384,2020-11-20,0.0079744076212002,0.0005704808243887,0.0005023363292498
combined,drop_middle,10,20260910,2019-12-31,1732,2389,2020-11-27,0.0143408935726285,0.0004120251972697,0.0005023363292498
combined,drop_middle,10,20260910,2019-12-31,1732,2394,2020-12-04,-0.0319993367194855,0.0003823741565713,0.0005023363292498
combined,drop_middle,10,20260910,2019-12-31,1732,2399,2020-12-11,0.018788122268605,0.000377303631894,0.0005023363292498
combined,drop_middle,10,20260910,2019-12-31,1732,2404,2020-12-18,0.0094440085192242,0.000448769115273,0.0005023363292498
baseline,drop_recent,10,20260910,2019-12-31,1732,2172,2020-01-03,0.0112631415452417,-0.0076688333883691,0.0020631151323865
baseline,drop_recent,10,20260910,2019-12-31,1732,2177,2020-01-10,0.000914342213572,0.0064928577529359,0.0020631151323865
baseline,drop_recent,10,20260910,2019-12-31,1732,2182,2020-01-17,-0.0715388636069378,-0.0039751219165414,0.0020631151323865
baseline,drop_recent,10,20260910,2019-12-31,1732,2191,2020-02-07,0.0328687599583719,-0.0145931461155367,0.0020631151323865
baseline,drop_recent,10,20260910,2019-12-31,1732,2196,2020-02-14,0.0330503919092921,-0.008896537502625,0.0020631151323865
baseline,drop_recent,10,20260910,2019-12-31,1732,2201,2020-02-21,-0.0394497366790582,-0.0200103122769557,0.0020631151323865
baseline,drop_recent,10,20260910,2019-12-31,1732,2206,2020-02-28,0.0237449733423367,-0.0009041391617451,0.0020631151323865
baseline,drop_recent,10,20260910,2019-12-31,1732,2211,2020-03-06,-0.040171495515717,0.0035407815975677,0.0020631151323865
baseline,drop_recent,10,20260910,2019-12-31,1732,2216,2020-03-13,-0.0915879031554979,0.0218519954613704,0.0020631151323865
baseline,drop_recent,10,20260910,2019-12-31,1732,2221,2020-03-20,0.0323992006051916,-0.0076273790169348,0.0020631151323865
baseline,drop_recent,10,20260910,2019-12-31,1732,2226,2020-03-27,0.0334795185729988,-0.007726400738208,0.0020631151323865
baseline,drop_recent,10,20260910,2019-12-31,1732,2231,2020-04-03,-0.0074604950911528,-0.0002555683158876,0.0020631151323865
baseline,drop_recent,10,20260910,2019-12-31,1732,2235,2020-04-10,0.0249886051960306,0.008166999042691,0.0020631151323865
baseline,drop_recent,10,20260910,2019-12-31,1732,2240,2020-04-17,-0.009736156402615,0.0028628413907902,0.0020631151323865
baseline,drop_recent,10,20260910,2019-12-31,1732,2245,2020-04-24,0.0437865347345864,0.0169081056484973,0.0020631151323865
baseline,drop_recent,10,20260910,2019-12-31,1732,2252,2020-05-08,-0.0151204097857481,-0.0021443680906017,0.0020631151323865
baseline,drop_recent,10,20260910,2019-12-31,1732,2257,2020-05-15,-0.022055555271722,-0.010819126539274,0.0020631151323865
baseline,drop_recent,10,20260910,2019-12-31,1732,2262,2020-05-22,0.0191755130187654,-0.0141266994313549,0.0020631151323865
baseline,drop_recent,10,20260910,2019-12-31,1732,2267,2020-05-29,0.0312374254497365,-0.0100206729843528,0.0020631151323865
baseline,drop_recent,10,20260910,2019-12-31,1732,2272,2020-06-05,-0.010100382492339,-0.0242907453117735,0.0020631151323865
baseline,drop_recent,10,20260910,2019-12-31,1732,2277,2020-06-12,0.0287574347785699,-0.0066721167932403,0.0020631151323865
baseline,drop_recent,10,20260910,2019-12-31,1732,2282,2020-06-19,0.0898838562932122,-0.0072629947732569,0.0020631151323865
baseline,drop_recent,10,20260910,2019-12-31,1732,2290,2020-07-03,0.0619282952028859,0.018918622297147,0.0020631151323865
baseline,drop_recent,10,20260910,2019-12-31,1732,2295,2020-07-10,-0.0306112766401609,0.0042138674674327,0.0020631151323865
baseline,drop_recent,10,20260910,2019-12-31,1732,2300,2020-07-17,-0.0135277995301487,-0.024123264905036,0.0020631151323865
baseline,drop_recent,10,20260910,2019-12-31,1732,2305,2020-07-24,0.0442975869953978,-0.0260310514654532,0.0020631151323865
baseline,drop_recent,10,20260910,2019-12-31,1732,2310,2020-07-31,-0.0114318292193668,-0.0063340727577616,0.0020631151323865
baseline,drop_recent,10,20260910,2019-12-31,1732,2315,2020-08-07,0.0096886640921363,-0.0015097848631216,0.0020631151323865
baseline,drop_recent,10,20260910,2019-12-31,1732,2320,2020-08-14,0.0040785933083991,0.0069680515963841,0.0020631151323865
baseline,drop_recent,10,20260910,2019-12-31,1732,2325,2020-08-21,0.0262367267824037,0.0145917080524929,0.0020631151323865
baseline,drop_recent,10,20260910,2019-12-31,1732,2330,2020-08-28,-0.0228724288790846,0.0046466395586197,0.0020631151323865
baseline,drop_recent,10,20260910,2019-12-31,1732,2335,2020-09-04,-0.0225800080680405,0.0115025701938621,0.0020631151323865
baseline,drop_recent,10,20260910,2019-12-31,1732,2340,2020-09-11,0.0212164529615974,0.015990728448765,0.0020631151323865
baseline,drop_recent,10,20260910,2019-12-31,1732,2345,2020-09-18,-0.035383886754723,0.0017253100089803,0.0020631151323865
baseline,drop_recent,10,20260910,2019-12-31,1732,2350,2020-09-25,0.0267399866889246,-0.0022113878800992,0.0020631151323865
baseline,drop_recent,10,20260910,2019-12-31,1732,2354,2020-10-09,0.0251424490828213,0.0002944434690921,0.0020631151323865
baseline,drop_recent,10,20260910,2019-12-31,1732,2359,2020-10-16,-0.0289085288867603,-0.0027511181999748,0.0020631151323865
baseline,drop_recent,10,20260910,2019-12-31,1732,2364,2020-10-23,0.0039922716452642,0.0120135314491466,0.0020631151323865
baseline,drop_recent,10,20260910,2019-12-31,1732,2369,2020-10-30,0.0459539631066927,-0.0036008743730641,0.0020631151323865
baseline,drop_recent,10,20260910,2019-12-31,1732,2374,2020-11-06,-0.0077050373460516,-0.0020230195740336,0.0020631151323865
baseline,drop_recent,10,20260910,2019-12-31,1732,2379,2020-11-13,0.0150871959614502,0.0108486765397707,0.0020631151323865
baseline,drop_recent,10,20260910,2019-12-31,1732,2384,2020-11-20,0.0079744076212002,0.0053825456340767,0.0020631151323865
baseline,drop_recent,10,20260910,2019-12-31,1732,2389,2020-11-27,0.0143408935726285,-0.0293105973205246,0.0020631151323865
baseline,drop_recent,10,20260910,2019-12-31,1732,2394,2020-12-04,-0.0319993367194855,-0.0181293343407171,0.0020631151323865
baseline,drop_recent,10,20260910,2019-12-31,1732,2399,2020-12-11,0.018788122268605,-0.0146636546743322,0.0020631151323865
baseline,drop_recent,10,20260910,2019-12-31,1732,2404,2020-12-18,0.0094440085192242,-0.0071605090759702,0.0020631151323865
small,drop_recent,10,20260910,2019-12-31,1732,2172,2020-01-03,0.0112631415452417,0.0058341750103298,0.0020631151323865
small,drop_recent,10,20260910,2019-12-31,1732,2177,2020-01-10,0.000914342213572,0.0067331640050811,0.0020631151323865
small,drop_recent,10,20260910,2019-12-31,1732,2182,2020-01-17,-0.0715388636069378,0.0075059879450421,0.0020631151323865
small,drop_recent,10,20260910,2019-12-31,1732,2191,2020-02-07,0.0328687599583719,0.0063342298769233,0.0020631151323865
small,drop_recent,10,20260910,2019-12-31,1732,2196,2020-02-14,0.0330503919092921,0.0074489293002696,0.0020631151323865
small,drop_recent,10,20260910,2019-12-31,1732,2201,2020-02-21,-0.0394497366790582,0.0073439399240008,0.0020631151323865
small,drop_recent,10,20260910,2019-12-31,1732,2206,2020-02-28,0.0237449733423367,0.0006459045453552,0.0020631151323865
small,drop_recent,10,20260910,2019-12-31,1732,2211,2020-03-06,-0.040171495515717,0.002343734628451,0.0020631151323865
small,drop_recent,10,20260910,2019-12-31,1732,2216,2020-03-13,-0.0915879031554979,0.0056976317523526,0.0020631151323865
small,drop_recent,10,20260910,2019-12-31,1732,2221,2020-03-20,0.0323992006051916,-0.0004467694760589,0.0020631151323865
small,drop_recent,10,20260910,2019-12-31,1732,2226,2020-03-27,0.0334795185729988,0.0081511052192106,0.0020631151323865
small,drop_recent,10,20260910,2019-12-31,1732,2231,2020-04-03,-0.0074604950911528,0.0083768830494636,0.0020631151323865
small,drop_recent,10,20260910,2019-12-31,1732,2235,2020-04-10,0.0249886051960306,0.0085386552452165,0.0020631151323865
small,drop_recent,10,20260910,2019-12-31,1732,2240,2020-04-17,-0.009736156402615,0.0082913174405346,0.0020631151323865
small,drop_recent,10,20260910,2019-12-31,1732,2245,2020-04-24,0.0437865347345864,0.0075535069309234,0.0020631151323865
small,drop_recent,10,20260910,2019-12-31,1732,2252,2020-05-08,-0.0151204097857481,0.0070292330101543,0.0020631151323865
small,drop_recent,10,20260910,2019-12-31,1732,2257,2020-05-15,-0.022055555271722,0.0047669514059859,0.0020631151323865
small,drop_recent,10,20260910,2019-12-31,1732,2262,2020-05-22,0.0191755130187654,0.0020224373358726,0.0020631151323865
small,drop_recent,10,20260910,2019-12-31,1732,2267,2020-05-29,0.0312374254497365,0.0022236759437618,0.0020631151323865
small,drop_recent,10,20260910,2019-12-31,1732,2272,2020-06-05,-0.010100382492339,-0.0023502842864037,0.0020631151323865
small,drop_recent,10,20260910,2019-12-31,1732,2277,2020-06-12,0.0287574347785699,-0.0017772375479446,0.0020631151323865
small,drop_recent,10,20260910,2019-12-31,1732,2282,2020-06-19,0.0898838562932122,-0.0040291243462804,0.0020631151323865
small,drop_recent,10,20260910,2019-12-31,1732,2290,2020-07-03,0.0619282952028859,-0.005667441553835,0.0020631151323865
small,drop_recent,10,20260910,2019-12-31,1732,2295,2020-07-10,-0.0306112766401609,-0.0039636289010332,0.0020631151323865
small,drop_recent,10,20260910,2019-12-31,1732,2300,2020-07-17,-0.0135277995301487,-0.0012157015344826,0.0020631151323865
small,drop_recent,10,20260910,2019-12-31,1732,2305,2020-07-24,0.0442975869953978,0.0024528157544411,0.0020631151323865
small,drop_recent,10,20260910,2019-12-31,1732,2310,2020-07-31,-0.0114318292193668,0.0045895149460014,0.0020631151323865
small,drop_recent,10,20260910,2019-12-31,1732,2315,2020-08-07,0.0096886640921363,0.0050891208770533,0.0020631151323865
small,drop_recent,10,20260910,2019-12-31,1732,2320,2020-08-14,0.0040785933083991,0.005391655173758,0.0020631151323865
small,drop_recent,10,20260910,2019-12-31,1732,2325,2020-08-21,0.0262367267824037,0.0059415401145241,0.0020631151323865
small,drop_recent,10,20260910,2019-12-31,1732,2330,2020-08-28,-0.0228724288790846,0.0077209598879531,0.0020631151323865
small,drop_recent,10,20260910,2019-12-31,1732,2335,2020-09-04,-0.0225800080680405,0.0080385915238786,0.0020631151323865
small,drop_recent,10,20260910,2019-12-31,1732,2340,2020-09-11,0.0212164529615974,0.0083055346181608,0.0020631151323865
small,drop_recent,10,20260910,2019-12-31,1732,2345,2020-09-18,-0.035383886754723,0.0086093262885719,0.0020631151323865
small,drop_recent,10,20260910,2019-12-31,1732,2350,2020-09-25,0.0267399866889246,0.0072170540930153,0.0020631151323865
small,drop_recent,10,20260910,2019-12-31,1732,2354,2020-10-09,0.0251424490828213,0.0047573887247593,0.0020631151323865
small,drop_recent,10,20260910,2019-12-31,1732,2359,2020-10-16,-0.0289085288867603,0.005127775821042,0.0020631151323865
small,drop_recent,10,20260910,2019-12-31,1732,2364,2020-10-23,0.0039922716452642,0.0030103010543881,0.0020631151323865
small,drop_recent,10,20260910,2019-12-31,1732,2369,2020-10-30,0.0459539631066927,0.0071407895076155,0.0020631151323865
small,drop_recent,10,20260910,2019-12-31,1732,2374,2020-11-06,-0.0077050373460516,0.0045664901754782,0.0020631151323865
small,drop_recent,10,20260910,2019-12-31,1732,2379,2020-11-13,0.0150871959614502,0.0001903774212966,0.0020631151323865
small,drop_recent,10,20260910,2019-12-31,1732,2384,2020-11-20,0.0079744076212002,0.0023000313456339,0.0020631151323865
small,drop_recent,10,20260910,2019-12-31,1732,2389,2020-11-27,0.0143408935726285,0.0049286923887647,0.0020631151323865
small,drop_recent,10,20260910,2019-12-31,1732,2394,2020-12-04,-0.0319993367194855,0.003257910921092,0.0020631151323865
small,drop_recent,10,20260910,2019-12-31,1732,2399,2020-12-11,0.018788122268605,0.0045235223068555,0.0020631151323865
small,drop_recent,10,20260910,2019-12-31,1732,2404,2020-12-18,0.0094440085192242,0.0044263412655768,0.0020631151323865
dropout,drop_recent,10,20260910,2019-12-31,1732,2172,2020-01-03,0.0112631415452417,0.0070252072006078,0.0020631151323865
dropout,drop_recent,10,20260910,2019-12-31,1732,2177,2020-01-10,0.000914342213572,0.0115794683362245,0.0020631151323865
dropout,drop_recent,10,20260910,2019-12-31,1732,2182,2020-01-17,-0.0715388636069378,-0.0007970441272553,0.0020631151323865
dropout,drop_recent,10,20260910,2019-12-31,1732,2191,2020-02-07,0.0328687599583719,-0.0063401391431575,0.0020631151323865
dropout,drop_recent,10,20260910,2019-12-31,1732,2196,2020-02-14,0.0330503919092921,-0.0014570039453741,0.0020631151323865
dropout,drop_recent,10,20260910,2019-12-31,1732,2201,2020-02-21,-0.0394497366790582,-0.0004806791625178,0.0020631151323865
dropout,drop_recent,10,20260910,2019-12-31,1732,2206,2020-02-28,0.0237449733423367,0.0013889904349756,0.0020631151323865
dropout,drop_recent,10,20260910,2019-12-31,1732,2211,2020-03-06,-0.040171495515717,0.0015819707346677,0.0020631151323865
dropout,drop_recent,10,20260910,2019-12-31,1732,2216,2020-03-13,-0.0915879031554979,0.0025849248331282,0.0020631151323865
dropout,drop_recent,10,20260910,2019-12-31,1732,2221,2020-03-20,0.0323992006051916,0.0008959744814251,0.0020631151323865
dropout,drop_recent,10,20260910,2019-12-31,1732,2226,2020-03-27,0.0334795185729988,0.000148784694481,0.0020631151323865
dropout,drop_recent,10,20260910,2019-12-31,1732,2231,2020-04-03,-0.0074604950911528,0.0037244951858651,0.0020631151323865
dropout,drop_recent,10,20260910,2019-12-31,1732,2235,2020-04-10,0.0249886051960306,0.0048078364173545,0.0020631151323865
dropout,drop_recent,10,20260910,2019-12-31,1732,2240,2020-04-17,-0.009736156402615,0.0121923778058099,0.0020631151323865
dropout,drop_recent,10,20260910,2019-12-31,1732,2245,2020-04-24,0.0437865347345864,0.01230308070591,0.0020631151323865
dropout,drop_recent,10,20260910,2019-12-31,1732,2252,2020-05-08,-0.0151204097857481,0.0145643380375186,0.0020631151323865
dropout,drop_recent,10,20260910,2019-12-31,1732,2257,2020-05-15,-0.022055555271722,0.0017818589525276,0.0020631151323865
dropout,drop_recent,10,20260910,2019-12-31,1732,2262,2020-05-22,0.0191755130187654,-0.004149514336766,0.0020631151323865
dropout,drop_recent,10,20260910,2019-12-31,1732,2267,2020-05-29,0.0312374254497365,-0.0051392286000146,0.0020631151323865
dropout,drop_recent,10,20260910,2019-12-31,1732,2272,2020-06-05,-0.010100382492339,-0.0092085175979302,0.0020631151323865
dropout,drop_recent,10,20260910,2019-12-31,1732,2277,2020-06-12,0.0287574347785699,-0.0071024104414667,0.0020631151323865
dropout,drop_recent,10,20260910,2019-12-31,1732,2282,2020-06-19,0.0898838562932122,-0.0061351889999707,0.0020631151323865
dropout,drop_recent,10,20260910,2019-12-31,1732,2290,2020-07-03,0.0619282952028859,-0.0073752348569866,0.0020631151323865
dropout,drop_recent,10,20260910,2019-12-31,1732,2295,2020-07-10,-0.0306112766401609,-0.0065177856819531,0.0020631151323865
dropout,drop_recent,10,20260910,2019-12-31,1732,2300,2020-07-17,-0.0135277995301487,-0.0065497344852623,0.0020631151323865
dropout,drop_recent,10,20260910,2019-12-31,1732,2305,2020-07-24,0.0442975869953978,-0.006165271223158,0.0020631151323865
dropout,drop_recent,10,20260910,2019-12-31,1732,2310,2020-07-31,-0.0114318292193668,-0.0048117518165159,0.0020631151323865
dropout,drop_recent,10,20260910,2019-12-31,1732,2315,2020-08-07,0.0096886640921363,0.0031159201136689,0.0020631151323865
dropout,drop_recent,10,20260910,2019-12-31,1732,2320,2020-08-14,0.0040785933083991,0.0126743291474553,0.0020631151323865
dropout,drop_recent,10,20260910,2019-12-31,1732,2325,2020-08-21,0.0262367267824037,0.0137579214109487,0.0020631151323865
dropout,drop_recent,10,20260910,2019-12-31,1732,2330,2020-08-28,-0.0228724288790846,0.0147339710326224,0.0020631151323865
dropout,drop_recent,10,20260910,2019-12-31,1732,2335,2020-09-04,-0.0225800080680405,0.0106376706368813,0.0020631151323865
dropout,drop_recent,10,20260910,2019-12-31,1732,2340,2020-09-11,0.0212164529615974,0.011614410928619,0.0020631151323865
dropout,drop_recent,10,20260910,2019-12-31,1732,2345,2020-09-18,-0.035383886754723,0.0155520626396981,0.0020631151323865
dropout,drop_recent,10,20260910,2019-12-31,1732,2350,2020-09-25,0.0267399866889246,0.0123124144919935,0.0020631151323865
dropout,drop_recent,10,20260910,2019-12-31,1732,2354,2020-10-09,0.0251424490828213,0.0149524405995758,0.0020631151323865
dropout,drop_recent,10,20260910,2019-12-31,1732,2359,2020-10-16,-0.0289085288867603,0.0141251754772903,0.0020631151323865
dropout,drop_recent,10,20260910,2019-12-31,1732,2364,2020-10-23,0.0039922716452642,0.0138095339451712,0.0020631151323865
dropout,drop_recent,10,20260910,2019-12-31,1732,2369,2020-10-30,0.0459539631066927,0.0140943839890757,0.0020631151323865
dropout,drop_recent,10,20260910,2019-12-31,1732,2374,2020-11-06,-0.0077050373460516,0.012453242118054,0.0020631151323865
dropout,drop_recent,10,20260910,2019-12-31,1732,2379,2020-11-13,0.0150871959614502,0.0122182372013876,0.0020631151323865
dropout,drop_recent,10,20260910,2019-12-31,1732,2384,2020-11-20,0.0079744076212002,0.0084888424377955,0.0020631151323865
dropout,drop_recent,10,20260910,2019-12-31,1732,2389,2020-11-27,0.0143408935726285,-0.0073481862692345,0.0020631151323865
dropout,drop_recent,10,20260910,2019-12-31,1732,2394,2020-12-04,-0.0319993367194855,-0.0077894376636694,0.0020631151323865
dropout,drop_recent,10,20260910,2019-12-31,1732,2399,2020-12-11,0.018788122268605,-0.006316546562149,0.0020631151323865
dropout,drop_recent,10,20260910,2019-12-31,1732,2404,2020-12-18,0.0094440085192242,-0.0063386099287977,0.0020631151323865
decay,drop_recent,10,20260910,2019-12-31,1732,2172,2020-01-03,0.0112631415452417,-0.0077155828969611,0.0020631151323865
decay,drop_recent,10,20260910,2019-12-31,1732,2177,2020-01-10,0.000914342213572,0.0057658774812138,0.0020631151323865
decay,drop_recent,10,20260910,2019-12-31,1732,2182,2020-01-17,-0.0715388636069378,-0.0037595438663754,0.0020631151323865
decay,drop_recent,10,20260910,2019-12-31,1732,2191,2020-02-07,0.0328687599583719,-0.0102972305601164,0.0020631151323865
decay,drop_recent,10,20260910,2019-12-31,1732,2196,2020-02-14,0.0330503919092921,-0.0047695841954194,0.0020631151323865
decay,drop_recent,10,20260910,2019-12-31,1732,2201,2020-02-21,-0.0394497366790582,-0.015960710032289,0.0020631151323865
decay,drop_recent,10,20260910,2019-12-31,1732,2206,2020-02-28,0.0237449733423367,-0.0069327340581153,0.0020631151323865
decay,drop_recent,10,20260910,2019-12-31,1732,2211,2020-03-06,-0.040171495515717,0.0091023327786143,0.0020631151323865
decay,drop_recent,10,20260910,2019-12-31,1732,2216,2020-03-13,-0.0915879031554979,0.0203837814358478,0.0020631151323865
decay,drop_recent,10,20260910,2019-12-31,1732,2221,2020-03-20,0.0323992006051916,-0.0051280273483348,0.0020631151323865
decay,drop_recent,10,20260910,2019-12-31,1732,2226,2020-03-27,0.0334795185729988,-0.0068996784117549,0.0020631151323865
decay,drop_recent,10,20260910,2019-12-31,1732,2231,2020-04-03,-0.0074604950911528,0.0027307146579565,0.0020631151323865
decay,drop_recent,10,20260910,2019-12-31,1732,2235,2020-04-10,0.0249886051960306,0.0047446560450335,0.0020631151323865
decay,drop_recent,10,20260910,2019-12-31,1732,2240,2020-04-17,-0.009736156402615,0.0025560147567323,0.0020631151323865
decay,drop_recent,10,20260910,2019-12-31,1732,2245,2020-04-24,0.0437865347345864,0.0101329661439975,0.0020631151323865
decay,drop_recent,10,20260910,2019-12-31,1732,2252,2020-05-08,-0.0151204097857481,-0.0014350114166806,0.0020631151323865
decay,drop_recent,10,20260910,2019-12-31,1732,2257,2020-05-15,-0.022055555271722,-0.0092906329556995,0.0020631151323865
decay,drop_recent,10,20260910,2019-12-31,1732,2262,2020-05-22,0.0191755130187654,-0.0117849374199853,0.0020631151323865
decay,drop_recent,10,20260910,2019-12-31,1732,2267,2020-05-29,0.0312374254497365,-0.0105673144322412,0.0020631151323865
decay,drop_recent,10,20260910,2019-12-31,1732,2272,2020-06-05,-0.010100382492339,-0.0223535184971388,0.0020631151323865
decay,drop_recent,10,20260910,2019-12-31,1732,2277,2020-06-12,0.0287574347785699,-0.0077819049325991,0.0020631151323865
decay,drop_recent,10,20260910,2019-12-31,1732,2282,2020-06-19,0.0898838562932122,-0.0097034677043708,0.0020631151323865
decay,drop_recent,10,20260910,2019-12-31,1732,2290,2020-07-03,0.0619282952028859,0.0189672330730141,0.0020631151323865
decay,drop_recent,10,20260910,2019-12-31,1732,2295,2020-07-10,-0.0306112766401609,-0.0002413850076588,0.0020631151323865
decay,drop_recent,10,20260910,2019-12-31,1732,2300,2020-07-17,-0.0135277995301487,-0.0231517205773187,0.0020631151323865
decay,drop_recent,10,20260910,2019-12-31,1732,2305,2020-07-24,0.0442975869953978,-0.0276369337442305,0.0020631151323865
decay,drop_recent,10,20260910,2019-12-31,1732,2310,2020-07-31,-0.0114318292193668,-0.0056170208682102,0.0020631151323865
decay,drop_recent,10,20260910,2019-12-31,1732,2315,2020-08-07,0.0096886640921363,-0.0003383909463668,0.0020631151323865
decay,drop_recent,10,20260910,2019-12-31,1732,2320,2020-08-14,0.0040785933083991,0.0054544408458469,0.0020631151323865
decay,drop_recent,10,20260910,2019-12-31,1732,2325,2020-08-21,0.0262367267824037,0.0146623733402644,0.0020631151323865
decay,drop_recent,10,20260910,2019-12-31,1732,2330,2020-08-28,-0.0228724288790846,0.0026530409506681,0.0020631151323865
decay,drop_recent,10,20260910,2019-12-31,1732,2335,2020-09-04,-0.0225800080680405,0.0100680785769542,0.0020631151323865
decay,drop_recent,10,20260910,2019-12-31,1732,2340,2020-09-11,0.0212164529615974,0.0158744780512915,0.0020631151323865
decay,drop_recent,10,20260910,2019-12-31,1732,2345,2020-09-18,-0.035383886754723,0.0073622816415736,0.0020631151323865
decay,drop_recent,10,20260910,2019-12-31,1732,2350,2020-09-25,0.0267399866889246,-0.0042861961714933,0.0020631151323865
decay,drop_recent,10,20260910,2019-12-31,1732,2354,2020-10-09,0.0251424490828213,-0.0003906596171501,0.0020631151323865
decay,drop_recent,10,20260910,2019-12-31,1732,2359,2020-10-16,-0.0289085288867603,-0.0016353269866427,0.0020631151323865
decay,drop_recent,10,20260910,2019-12-31,1732,2364,2020-10-23,0.0039922716452642,0.0104623121640414,0.0020631151323865
decay,drop_recent,10,20260910,2019-12-31,1732,2369,2020-10-30,0.0459539631066927,-0.0038523796632031,0.0020631151323865
decay,drop_recent,10,20260910,2019-12-31,1732,2374,2020-11-06,-0.0077050373460516,-0.0017588896320507,0.0020631151323865
decay,drop_recent,10,20260910,2019-12-31,1732,2379,2020-11-13,0.0150871959614502,0.0089553829822681,0.0020631151323865
decay,drop_recent,10,20260910,2019-12-31,1732,2384,2020-11-20,0.0079744076212002,0.0018664074972123,0.0020631151323865
decay,drop_recent,10,20260910,2019-12-31,1732,2389,2020-11-27,0.0143408935726285,-0.0256707200382921,0.0020631151323865
decay,drop_recent,10,20260910,2019-12-31,1732,2394,2020-12-04,-0.0319993367194855,-0.0167243449612375,0.0020631151323865
decay,drop_recent,10,20260910,2019-12-31,1732,2399,2020-12-11,0.018788122268605,-0.0124080785467375,0.0020631151323865
decay,drop_recent,10,20260910,2019-12-31,1732,2404,2020-12-18,0.0094440085192242,-0.0064463234671846,0.0020631151323865
combined,drop_recent,10,20260910,2019-12-31,1732,2172,2020-01-03,0.0112631415452417,0.0023511220310288,0.0020631151323865
combined,drop_recent,10,20260910,2019-12-31,1732,2177,2020-01-10,0.000914342213572,0.0023022742247222,0.0020631151323865
combined,drop_recent,10,20260910,2019-12-31,1732,2182,2020-01-17,-0.0715388636069378,0.0022688790819267,0.0020631151323865
combined,drop_recent,10,20260910,2019-12-31,1732,2191,2020-02-07,0.0328687599583719,0.0023615774088474,0.0020631151323865
combined,drop_recent,10,20260910,2019-12-31,1732,2196,2020-02-14,0.0330503919092921,0.0024268904186886,0.0020631151323865
combined,drop_recent,10,20260910,2019-12-31,1732,2201,2020-02-21,-0.0394497366790582,0.0023725421004961,0.0020631151323865
combined,drop_recent,10,20260910,2019-12-31,1732,2206,2020-02-28,0.0237449733423367,0.0023016453165004,0.0020631151323865
combined,drop_recent,10,20260910,2019-12-31,1732,2211,2020-03-06,-0.040171495515717,0.0023131122658547,0.0020631151323865
combined,drop_recent,10,20260910,2019-12-31,1732,2216,2020-03-13,-0.0915879031554979,0.0023455310070523,0.0020631151323865
combined,drop_recent,10,20260910,2019-12-31,1732,2221,2020-03-20,0.0323992006051916,0.0023496767707145,0.0020631151323865
combined,drop_recent,10,20260910,2019-12-31,1732,2226,2020-03-27,0.0334795185729988,0.0023376196249741,0.0020631151323865
combined,drop_recent,10,20260910,2019-12-31,1732,2231,2020-04-03,-0.0074604950911528,0.0023469291711948,0.0020631151323865
combined,drop_recent,10,20260910,2019-12-31,1732,2235,2020-04-10,0.0249886051960306,0.0024147223119324,0.0020631151323865
combined,drop_recent,10,20260910,2019-12-31,1732,2240,2020-04-17,-0.009736156402615,0.0023711040346616,0.0020631151323865
combined,drop_recent,10,20260910,2019-12-31,1732,2245,2020-04-24,0.0437865347345864,0.0023218274096858,0.0020631151323865
combined,drop_recent,10,20260910,2019-12-31,1732,2252,2020-05-08,-0.0151204097857481,0.0021041000674704,0.0020631151323865
combined,drop_recent,10,20260910,2019-12-31,1732,2257,2020-05-15,-0.022055555271722,0.0019589886302071,0.0020631151323865
combined,drop_recent,10,20260910,2019-12-31,1732,2262,2020-05-22,0.0191755130187654,0.0019972891077087,0.0020631151323865
combined,drop_recent,10,20260910,2019-12-31,1732,2267,2020-05-29,0.0312374254497365,0.0021511169651315,0.0020631151323865
combined,drop_recent,10,20260910,2019-12-31,1732,2272,2020-06-05,-0.010100382492339,0.0021418075019239,0.0020631151323865
combined,drop_recent,10,20260910,2019-12-31,1732,2277,2020-06-12,0.0287574347785699,0.0020492685024664,0.0020631151323865
combined,drop_recent,10,20260910,2019-12-31,1732,2282,2020-06-19,0.0898838562932122,0.0020056123979696,0.0020631151323865
combined,drop_recent,10,20260910,2019-12-31,1732,2290,2020-07-03,0.0619282952028859,0.0018915329589982,0.0020631151323865
combined,drop_recent,10,20260910,2019-12-31,1732,2295,2020-07-10,-0.0306112766401609,0.0020285173527325,0.0020631151323865
combined,drop_recent,10,20260910,2019-12-31,1732,2300,2020-07-17,-0.0135277995301487,0.0020671600669702,0.0020631151323865
combined,drop_recent,10,20260910,2019-12-31,1732,2305,2020-07-24,0.0442975869953978,0.0021780506902459,0.0020631151323865
combined,drop_recent,10,20260910,2019-12-31,1732,2310,2020-07-31,-0.0114318292193668,0.0021885598813901,0.0020631151323865
combined,drop_recent,10,20260910,2019-12-31,1732,2315,2020-08-07,0.0096886640921363,0.0022840130853235,0.0020631151323865
combined,drop_recent,10,20260910,2019-12-31,1732,2320,2020-08-14,0.0040785933083991,0.0022721079644762,0.0020631151323865
combined,drop_recent,10,20260910,2019-12-31,1732,2325,2020-08-21,0.0262367267824037,0.0023368344028424,0.0020631151323865
combined,drop_recent,10,20260910,2019-12-31,1732,2330,2020-08-28,-0.0228724288790846,0.0023298141954469,0.0020631151323865
combined,drop_recent,10,20260910,2019-12-31,1732,2335,2020-09-04,-0.0225800080680405,0.0023816951391094,0.0020631151323865
combined,drop_recent,10,20260910,2019-12-31,1732,2340,2020-09-11,0.0212164529615974,0.0023501638369992,0.0020631151323865
combined,drop_recent,10,20260910,2019-12-31,1732,2345,2020-09-18,-0.035383886754723,0.0023021925120339,0.0020631151323865
combined,drop_recent,10,20260910,2019-12-31,1732,2350,2020-09-25,0.0267399866889246,0.0022308707279775,0.0020631151323865
combined,drop_recent,10,20260910,2019-12-31,1732,2354,2020-10-09,0.0251424490828213,0.0022349149664608,0.0020631151323865
combined,drop_recent,10,20260910,2019-12-31,1732,2359,2020-10-16,-0.0289085288867603,0.0023392091622801,0.0020631151323865
combined,drop_recent,10,20260910,2019-12-31,1732,2364,2020-10-23,0.0039922716452642,0.002294406756642,0.0020631151323865
combined,drop_recent,10,20260910,2019-12-31,1732,2369,2020-10-30,0.0459539631066927,0.0022857557820368,0.0020631151323865
combined,drop_recent,10,20260910,2019-12-31,1732,2374,2020-11-06,-0.0077050373460516,0.0021951266428585,0.0020631151323865
combined,drop_recent,10,20260910,2019-12-31,1732,2379,2020-11-13,0.0150871959614502,0.0022229274688194,0.0020631151323865
combined,drop_recent,10,20260910,2019-12-31,1732,2384,2020-11-20,0.0079744076212002,0.0021637870805537,0.0020631151323865
combined,drop_recent,10,20260910,2019-12-31,1732,2389,2020-11-27,0.0143408935726285,0.0021836761577946,0.0020631151323865
combined,drop_recent,10,20260910,2019-12-31,1732,2394,2020-12-04,-0.0319993367194855,0.0021399301854245,0.0020631151323865
combined,drop_recent,10,20260910,2019-12-31,1732,2399,2020-12-11,0.018788122268605,0.0021901851697267,0.0020631151323865
combined,drop_recent,10,20260910,2019-12-31,1732,2404,2020-12-18,0.0094440085192242,0.0021296531476926,0.0020631151323865
